{"glosses": [[1, {"ori": [], "gloss": [["'aehae'", "one", "一"], ["ka", "NOM", "主格"], ["baki',\\", "grandfather", "爺爺"]], "free": [], "s_end": false, "iu_a_span": [3.19, 4.41], "meta": {"topic": "pear3", "type": "Narrative", "language": "賽夏語, Saisiyat, Saisiyat", "speaker": "風秀郎, kalaeh a taro', male, 1937-01-25", "collected": "2002-01-01", "revised": "None", "video": "SaiNr-pear3_kalaeh a taro_.mp3"}, "file": "Saisiyat_Tong-he/SaiNr-pear3_kalaeh a taro_", "num": 1}], [2, {"ori": [], "gloss": [["...(1.2)", "", ""], ["'ima", "PROG", "進行"], ["hangaw", "set.a.ladder", "<主焦>放樓梯"], ["kaSna-'itol", "AF.move.up", "主焦.爬上去"], ["ray", "LOC", "處格"], ["kaehoey", "tree", "樹"], ["babaw,\\", "above", "上面"]], "free": [], "s_end": false, "iu_a_span": [4.41, 7.86], "meta": {"topic": "pear3", "type": "Narrative", "language": "賽夏語, Saisiyat, Saisiyat", "speaker": "風秀郎, kalaeh a taro', male, 1937-01-25", "collected": "2002-01-01", "revised": "None", "video": "SaiNr-pear3_kalaeh a taro_.mp3"}, "file": "Saisiyat_Tong-he/SaiNr-pear3_kalaeh a taro_", "num": 2}], [3, {"ori": [], "gloss": [["...", "", ""], ["'ima", "PROG", "進行"], ["rokrok", "pick", "<主焦>摘"], ["ka", "ACC", "受格"], ["boway.\\", "fruit", "水果"]], "free": ["#e An old man climbed a ladder up a tree to pick fruits.", "#c 有一位爺爺正架著階梯準備爬上樹去摘水果。"], "s_end": true, "iu_a_span": [7.86, 9.7], "meta": {"topic": "pear3", "type": "Narrative", "language": "賽夏語, Saisiyat, Saisiyat", "speaker": "風秀郎, kalaeh a taro', male, 1937-01-25", "collected": "2002-01-01", "revised": "None", "video": "SaiNr-pear3_kalaeh a taro_.mp3"}, "s_a_span": [3.19, 9.7], "file": "Saisiyat_Tong-he/SaiNr-pear3_kalaeh a taro_", "num": 3}], [4, {"ori": [], "gloss": [["...(2.8)", "", ""], ["taboe-en", "fill.in-PF", "放進-受焦"], ["ray", "LOC", "處格"], ["'obos", "bag", "袋子"], ["kaSra:i',/", "AF.move.down", "主焦.爬下來"]], "free": [], "s_end": false, "iu_a_span": [9.7, 14.27], "meta": {"topic": "pear3", "type": "Narrative", "language": "賽夏語, Saisiyat, Saisiyat", "speaker": "風秀郎, kalaeh a taro', male, 1937-01-25", "collected": "2002-01-01", "revised": "None", "video": "SaiNr-pear3_kalaeh a taro_.mp3"}, "file": "Saisiyat_Tong-he/SaiNr-pear3_kalaeh a taro_", "num": 4}], [5, {"ori": [], "gloss": [["...", "", ""], ["'askan-en", "put-PF", "放-受焦"], ["ray", "LOC", "處格"], ["kala'.\\", "basket", "籃子"]], "free": ["#e He put (the fruits) in (his) bag, came down and placed (them) in the basket.", "#c 他放(水果)到袋子, 下來, 放進籃子裡。"], "s_end": true, "iu_a_span": [14.27, 15.72], "meta": {"topic": "pear3", "type": "Narrative", "language": "賽夏語, Saisiyat, Saisiyat", "speaker": "風秀郎, kalaeh a taro', male, 1937-01-25", "collected": "2002-01-01", "revised": "None", "video": "SaiNr-pear3_kalaeh a taro_.mp3"}, "s_a_span": [9.7, 15.72], "file": "Saisiyat_Tong-he/SaiNr-pear3_kalaeh a taro_", "num": 5}], [6, {"ori": [], "gloss": [["...(1.0)", "", ""], ["'aehae'", "one", "一"], ["mari-in,\\", "take-PF", "拿-受焦"]], "free": [], "s_end": false, "iu_a_span": [15.72, 17.46], "meta": {"topic": "pear3", "type": "Narrative", "language": "賽夏語, Saisiyat, Saisiyat", "speaker": "風秀郎, kalaeh a taro', male, 1937-01-25", "collected": "2002-01-01", "revised": "None", "video": "SaiNr-pear3_kalaeh a taro_.mp3"}, "file": "Saisiyat_Tong-he/SaiNr-pear3_kalaeh a taro_", "num": 6}], [7, {"ori": [], "gloss": [["...", "", ""], ["boway", "fruit", "水果"], ["ti:is-in", "wipe-PF", "擦-受焦"], ["noka", "GEN", "屬格"], ["hahako'./", "handkerchief", "包巾"]], "free": ["#e He took one fruit and wiped it with a handkerchief.", "#c 他拿一個水果, 用包巾擦一擦。"], "s_end": true, "iu_a_span": [17.46, 19.89], "meta": {"topic": "pear3", "type": "Narrative", "language": "賽夏語, Saisiyat, Saisiyat", "speaker": "風秀郎, kalaeh a taro', male, 1937-01-25", "collected": "2002-01-01", "revised": "None", "video": "SaiNr-pear3_kalaeh a taro_.mp3"}, "s_a_span": [15.72, 19.89], "file": "Saisiyat_Tong-he/SaiNr-pear3_kalaeh a taro_", "num": 7}], [8, {"ori": [], "gloss": [["...(1.7)", "", ""], ["insa'an", "now", "現在"], ["kaSna'itol", "AF.move.up", "主焦.爬上去"], ["ray", "LOC", "處格"], ["kaehoey", "tree", "樹"], ["babaw", "above", "上面"], ["naehaen.\\", "again", "再"]], "free": ["#e (The old man) went up the tree again.", "#c (老人)又再爬上樹。"], "s_end": true, "iu_a_span": [19.89, 23.73], "meta": {"topic": "pear3", "type": "Narrative", "language": "賽夏語, Saisiyat, Saisiyat", "speaker": "風秀郎, kalaeh a taro', male, 1937-01-25", "collected": "2002-01-01", "revised": "None", "video": "SaiNr-pear3_kalaeh a taro_.mp3"}, "s_a_span": [19.89, 23.73], "file": "Saisiyat_Tong-he/SaiNr-pear3_kalaeh a taro_", "num": 8}], [9, {"ori": [], "gloss": [["...(1.7)", "", ""], ["m-wa:i'", "AF-come", "主焦-來"], ["'aehae'", "one", "一"], ["ka==,/", "NOM", "主格"]], "free": [], "s_end": false, "iu_a_span": [23.73, 26.46], "meta": {"topic": "pear3", "type": "Narrative", "language": "賽夏語, Saisiyat, Saisiyat", "speaker": "風秀郎, kalaeh a taro', male, 1937-01-25", "collected": "2002-01-01", "revised": "None", "video": "SaiNr-pear3_kalaeh a taro_.mp3"}, "file": "Saisiyat_Tong-he/SaiNr-pear3_kalaeh a taro_", "num": 9}], [10, {"ori": [], "gloss": [["...(1.1)", "", ""], ["mae'iyaeh", "person", "人"], ["'ima", "PROG", "進行"], ["hoehoe'", "pull", "<主焦>拉"], ["ka", "ACC", "受格"], ["Siri',\\", "goat", "羊"]], "free": [], "s_end": false, "iu_a_span": [26.46, 29.1], "meta": {"topic": "pear3", "type": "Narrative", "language": "賽夏語, Saisiyat, Saisiyat", "speaker": "風秀郎, kalaeh a taro', male, 1937-01-25", "collected": "2002-01-01", "revised": "None", "video": "SaiNr-pear3_kalaeh a taro_.mp3"}, "file": "Saisiyat_Tong-he/SaiNr-pear3_kalaeh a taro_", "num": 10}], [11, {"ori": [], "gloss": [["...", "", ""], ["may", "AF.pass.by", "主焦.經過"], ["hiza,\\", "there", "那裡"]], "free": [], "s_end": false, "iu_a_span": [29.1, 30.39], "meta": {"topic": "pear3", "type": "Narrative", "language": "賽夏語, Saisiyat, Saisiyat", "speaker": "風秀郎, kalaeh a taro', male, 1937-01-25", "collected": "2002-01-01", "revised": "None", "video": "SaiNr-pear3_kalaeh a taro_.mp3"}, "file": "Saisiyat_Tong-he/SaiNr-pear3_kalaeh a taro_", "num": 11}], [12, {"ori": [], "gloss": [["...(1.9)", "", ""], ["ilahiza", "AF.move.to.that.place", "主焦.到那裡"], ["kabih.\\", "side", "邊"]], "free": ["#e A man pulling a goat passed by there and went that way.", "#c 拉著羊的男人經過那裡往那個方向去。"], "s_end": true, "iu_a_span": [30.39, 33.43], "meta": {"topic": "pear3", "type": "Narrative", "language": "賽夏語, Saisiyat, Saisiyat", "speaker": "風秀郎, kalaeh a taro', male, 1937-01-25", "collected": "2002-01-01", "revised": "None", "video": "SaiNr-pear3_kalaeh a taro_.mp3"}, "s_a_span": [23.73, 33.43], "file": "Saisiyat_Tong-he/SaiNr-pear3_kalaeh a taro_", "num": 12}], [13, {"ori": [], "gloss": [["...(0.9)", "", ""], ["m-wa:i'", "AF-come", "主焦-來"], ["ka", "NOM", "主格"], ["korkoring", "child", "小孩"], ["'ima,/", "PROG", "進行"]], "free": [], "s_end": false, "iu_a_span": [33.43, 35.15], "meta": {"topic": "pear3", "type": "Narrative", "language": "賽夏語, Saisiyat, Saisiyat", "speaker": "風秀郎, kalaeh a taro', male, 1937-01-25", "collected": "2002-01-01", "revised": "None", "video": "SaiNr-pear3_kalaeh a taro_.mp3"}, "file": "Saisiyat_Tong-he/SaiNr-pear3_kalaeh a taro_", "num": 13}], [14, {"ori": [], "gloss": [["..", "", ""], ["papama'", "AF.ride", "主焦.騎"], ["ray", "LOC", "處格"], ["ka-papama'-an", "KA-ride-NMZ", "KA-騎-名物化"], ["m-wa:i'", "AF-come", "主焦-來"], ["ilahiza", "AF.move.there", "主焦.到這裡"], ["ray,/", "LOC", "處格"]], "free": [], "s_end": false, "iu_a_span": [35.15, 37.53], "meta": {"topic": "pear3", "type": "Narrative", "language": "賽夏語, Saisiyat, Saisiyat", "speaker": "風秀郎, kalaeh a taro', male, 1937-01-25", "collected": "2002-01-01", "revised": "None", "video": "SaiNr-pear3_kalaeh a taro_.mp3"}, "file": "Saisiyat_Tong-he/SaiNr-pear3_kalaeh a taro_", "num": 14}], [15, {"ori": [], "gloss": [["...(1.1)", "", ""], ["eh==,/", "FIL", "FIL"]], "free": [], "s_end": false, "iu_a_span": [37.53, 39.12], "meta": {"topic": "pear3", "type": "Narrative", "language": "賽夏語, Saisiyat, Saisiyat", "speaker": "風秀郎, kalaeh a taro', male, 1937-01-25", "collected": "2002-01-01", "revised": "None", "video": "SaiNr-pear3_kalaeh a taro_.mp3"}, "file": "Saisiyat_Tong-he/SaiNr-pear3_kalaeh a taro_", "num": 15}], [16, {"ori": [], "gloss": [["...(0.8)", "", ""], ["tatini'", "old.man", "老人"], ["'aehae'", "one", "一"], ["'am", "also", "也"], ["rokrok", "pick", "<主焦>摘"], ["ka", "ACC", "受格"], ["boway./", "fruit", "水果"]], "free": ["#e A boy came riding a bike and came to where the old man was picking fruits. Aah... An old man was picking fruits.", "#c 一個男孩騎著腳踏車來到老人摘水果的地方. 啊, 老人正在摘水果。"], "s_end": true, "iu_a_span": [39.12, 41.41], "meta": {"topic": "pear3", "type": "Narrative", "language": "賽夏語, Saisiyat, Saisiyat", "speaker": "風秀郎, kalaeh a taro', male, 1937-01-25", "collected": "2002-01-01", "revised": "None", "video": "SaiNr-pear3_kalaeh a taro_.mp3"}, "s_a_span": [33.43, 41.41], "file": "Saisiyat_Tong-he/SaiNr-pear3_kalaeh a taro_", "num": 16}], [17, {"ori": [], "gloss": [["...(0.9)", "", ""], ["sisil", "lift", "<主焦>提起"], ["ma==,/", "also", "也"]], "free": [], "s_end": false, "iu_a_span": [41.41, 43.23], "meta": {"topic": "pear3", "type": "Narrative", "language": "賽夏語, Saisiyat, Saisiyat", "speaker": "風秀郎, kalaeh a taro', male, 1937-01-25", "collected": "2002-01-01", "revised": "None", "video": "SaiNr-pear3_kalaeh a taro_.mp3"}, "file": "Saisiyat_Tong-he/SaiNr-pear3_kalaeh a taro_", "num": 17}], [18, {"ori": [], "gloss": [["..", "", ""], ["pa-kalben", "CAU-AF.lay.down", "使役-主焦.放倒"], ["ka", "ACC", "受焦"], ["ka-papama'-an,\\", "KA-ride-NMZ", "KA-騎-名物化"]], "free": [], "s_end": false, "iu_a_span": [43.23, 44.59], "meta": {"topic": "pear3", "type": "Narrative", "language": "賽夏語, Saisiyat, Saisiyat", "speaker": "風秀郎, kalaeh a taro', male, 1937-01-25", "collected": "2002-01-01", "revised": "None", "video": "SaiNr-pear3_kalaeh a taro_.mp3"}, "file": "Saisiyat_Tong-he/SaiNr-pear3_kalaeh a taro_", "num": 18}], [19, {"ori": [], "gloss": [["..", "", ""], ["sisil", "lift", "<主焦>提"], ["ka", "ACC", "受焦"], ["boway,\\", "fruit", "水果"]], "free": [], "s_end": false, "iu_a_span": [44.59, 45.85], "meta": {"topic": "pear3", "type": "Narrative", "language": "賽夏語, Saisiyat, Saisiyat", "speaker": "風秀郎, kalaeh a taro', male, 1937-01-25", "collected": "2002-01-01", "revised": "None", "video": "SaiNr-pear3_kalaeh a taro_.mp3"}, "file": "Saisiyat_Tong-he/SaiNr-pear3_kalaeh a taro_", "num": 19}], [20, {"ori": [], "gloss": [["...(1.3)", "", ""], ["mari-in", "take-PF", "拿-受焦"], ["'in'alay", "from", "從"], ["ra:i'", "ground", "地"], ["ka-papama'-an,\\", "KA-ride-NMZ", "KA-騎-名物化"]], "free": [], "s_end": false, "iu_a_span": [45.85, 48.99], "meta": {"topic": "pear3", "type": "Narrative", "language": "賽夏語, Saisiyat, Saisiyat", "speaker": "風秀郎, kalaeh a taro', male, 1937-01-25", "collected": "2002-01-01", "revised": "None", "video": "SaiNr-pear3_kalaeh a taro_.mp3"}, "file": "Saisiyat_Tong-he/SaiNr-pear3_kalaeh a taro_", "num": 20}], [21, {"ori": [], "gloss": [["..", "", ""], ["sik-ra:iw", "RF-leave", "指焦-離開"], ["ila.\\", "PFV", "完成"]], "free": ["#e (The boy) lay down his bike, lifted (the basket of) fruits, put (them) on his bike and left the old man.", "#c (男孩)放倒他的腳踏車, 提起一籃水果, 放到他的腳踏車, 然後離開。"], "s_end": true, "iu_a_span": [48.99, 49.95], "meta": {"topic": "pear3", "type": "Narrative", "language": "賽夏語, Saisiyat, Saisiyat", "speaker": "風秀郎, kalaeh a taro', male, 1937-01-25", "collected": "2002-01-01", "revised": "None", "video": "SaiNr-pear3_kalaeh a taro_.mp3"}, "s_a_span": [41.41, 49.95], "file": "Saisiyat_Tong-he/SaiNr-pear3_kalaeh a taro_", "num": 21}], [22, {"ori": [], "gloss": [["...(1.2)", "", ""], ["ra:iw", "AF.leave", "主焦.離開"], ["ila", "PFV", "完成"], ["sia", "3SG.NOM", "3SG.主格"], ["ray", "LOC", "處格"], ["ra:an", "road", "路"], ["sasbong", "AF.meet", "主焦.遇見"], ["ka", "ACC", "受格"], ["'aehae'", "one", "一"], ["mae'iyaeh./", "person", "人"]], "free": ["#e He left, and then met somebody along the way.", "#c 他離開, 在路上遇見另一個男孩。"], "s_end": true, "iu_a_span": [49.95, 53.59], "meta": {"topic": "pear3", "type": "Narrative", "language": "賽夏語, Saisiyat, Saisiyat", "speaker": "風秀郎, kalaeh a taro', male, 1937-01-25", "collected": "2002-01-01", "revised": "None", "video": "SaiNr-pear3_kalaeh a taro_.mp3"}, "s_a_span": [49.95, 53.59], "file": "Saisiyat_Tong-he/SaiNr-pear3_kalaeh a taro_", "num": 22}], [23, {"ori": [], "gloss": [["...(1.3)", "", ""], ["sia", "3SG.NOM", "3SG.主格"], ["roSa'", "two", "兩"], ["sasbong./", "AF.meet", "主焦.遇見"]], "free": ["#e Both of them met (along the way).", "#c 他們兩個(在路上)相遇。"], "s_end": true, "iu_a_span": [53.59, 55.81], "meta": {"topic": "pear3", "type": "Narrative", "language": "賽夏語, Saisiyat, Saisiyat", "speaker": "風秀郎, kalaeh a taro', male, 1937-01-25", "collected": "2002-01-01", "revised": "None", "video": "SaiNr-pear3_kalaeh a taro_.mp3"}, "s_a_span": [53.59, 55.81], "file": "Saisiyat_Tong-he/SaiNr-pear3_kalaeh a taro_", "num": 23}], [24, {"ori": [], "gloss": [["..", "", ""], ["tono'", "bump", "<主焦>撞"], ["ka", "ACC", "受格"], ["bato'", "stone", "石頭"], ["m-alben.\\", "AF-fall.down", "主焦-跌倒"]], "free": ["#e (His bike) hit a stone and (he) fell down.", "#c (她的腳踏車)撞到石頭, (他就)跌倒。"], "s_end": true, "iu_a_span": [55.81, 57.38], "meta": {"topic": "pear3", "type": "Narrative", "language": "賽夏語, Saisiyat, Saisiyat", "speaker": "風秀郎, kalaeh a taro', male, 1937-01-25", "collected": "2002-01-01", "revised": "None", "video": "SaiNr-pear3_kalaeh a taro_.mp3"}, "s_a_span": [55.81, 57.38], "file": "Saisiyat_Tong-he/SaiNr-pear3_kalaeh a taro_", "num": 24}], [25, {"ori": [], "gloss": [["...", "", ""], ["si-sa:ah", "RF-fall.over.over", "指焦-散落"], ["ka", "NOM", "主格"], ["boway.\\", "fruit", "水果"]], "free": ["#e The fruits spilled (all over the place).", "#c 水果散落(了滿地)。"], "s_end": true, "iu_a_span": [57.38, 59.11], "meta": {"topic": "pear3", "type": "Narrative", "language": "賽夏語, Saisiyat, Saisiyat", "speaker": "風秀郎, kalaeh a taro', male, 1937-01-25", "collected": "2002-01-01", "revised": "None", "video": "SaiNr-pear3_kalaeh a taro_.mp3"}, "s_a_span": [57.38, 59.11], "file": "Saisiyat_Tong-he/SaiNr-pear3_kalaeh a taro_", "num": 25}], [26, {"ori": [], "gloss": [["...(1.3)", "", ""], ["m-wa:i'", "AF-come", "主焦-來"], ["to:o'", "three", "三"], ["mae'iyaeh", "person", "人"], ["korkoring,\\", "child", "小孩"]], "free": [], "s_end": false, "iu_a_span": [59.11, 61.91], "meta": {"topic": "pear3", "type": "Narrative", "language": "賽夏語, Saisiyat, Saisiyat", "speaker": "風秀郎, kalaeh a taro', male, 1937-01-25", "collected": "2002-01-01", "revised": "None", "video": "SaiNr-pear3_kalaeh a taro_.mp3"}, "file": "Saisiyat_Tong-he/SaiNr-pear3_kalaeh a taro_", "num": 26}], [27, {"ori": [], "gloss": [["...(1.9)", "", ""], ["tatilhaehael", "AF.help", "主焦.幫忙"], ["rokrok", "pick", "<主焦>摘"], ["ka", "ACC", "受格"], ["boway,\\", "fruit", "水果"]], "free": [], "s_end": false, "iu_a_span": [61.91, 65.39], "meta": {"topic": "pear3", "type": "Narrative", "language": "賽夏語, Saisiyat, Saisiyat", "speaker": "風秀郎, kalaeh a taro', male, 1937-01-25", "collected": "2002-01-01", "revised": "None", "video": "SaiNr-pear3_kalaeh a taro_.mp3"}, "file": "Saisiyat_Tong-he/SaiNr-pear3_kalaeh a taro_", "num": 27}], [28, {"ori": [], "gloss": [["...(1.5)", "", ""], ["boway", "fruit", "水果"], ["mari-in", "take-PF", "拿-受焦"], ["papayhae'hae'-en", "fully.filled-PF", "裝滿-受焦"], ["ray", "LOC", "處格"], ["..", "", ""], ["kala'./", "basket", "籃子"]], "free": ["#e Three children came and helped (the boy) pick the fruits up and put them (back) in the basket.", "#c 三個小孩過來幫忙(男孩)撿水果, 把它們放到籃子裡。"], "s_end": true, "iu_a_span": [65.39, 69.3], "meta": {"topic": "pear3", "type": "Narrative", "language": "賽夏語, Saisiyat, Saisiyat", "speaker": "風秀郎, kalaeh a taro', male, 1937-01-25", "collected": "2002-01-01", "revised": "None", "video": "SaiNr-pear3_kalaeh a taro_.mp3"}, "s_a_span": [59.11, 69.3], "file": "Saisiyat_Tong-he/SaiNr-pear3_kalaeh a taro_", "num": 28}], [29, {"ori": [], "gloss": [["...", "", ""], ["'in'alay", "from", "從"], ["ray", "LOC", "處格"], ["ka-papama'-an,\\", "KA-ride-NMZ", "KA-騎-名物化"]], "free": [], "s_end": false, "iu_a_span": [69.3, 71.16], "meta": {"topic": "pear3", "type": "Narrative", "language": "賽夏語, Saisiyat, Saisiyat", "speaker": "風秀郎, kalaeh a taro', male, 1937-01-25", "collected": "2002-01-01", "revised": "None", "video": "SaiNr-pear3_kalaeh a taro_.mp3"}, "file": "Saisiyat_Tong-he/SaiNr-pear3_kalaeh a taro_", "num": 29}], [30, {"ori": [], "gloss": [["...(1.0)", "", ""], ["'aras-en", "bring-PF", "帶-受焦"], ["pama'-en", "ride-PF", "騎-受焦"], ["ila,/", "PFV", "完成"]], "free": [], "s_end": false, "iu_a_span": [71.16, 73.21], "meta": {"topic": "pear3", "type": "Narrative", "language": "賽夏語, Saisiyat, Saisiyat", "speaker": "風秀郎, kalaeh a taro', male, 1937-01-25", "collected": "2002-01-01", "revised": "None", "video": "SaiNr-pear3_kalaeh a taro_.mp3"}, "file": "Saisiyat_Tong-he/SaiNr-pear3_kalaeh a taro_", "num": 30}], [31, {"ori": [], "gloss": [["...", "", ""], ["rima'", "AF.go", "主焦.去"], ["ziza./", "there", "那裡"]], "free": ["#e (The boy) lifted (the basket) back to (his) bike and rode away taking (with him the basket).", "#c (男孩)提起(籃子)放回他的腳踏車, 然後騎走了。"], "s_end": true, "iu_a_span": [73.21, 74.51], "meta": {"topic": "pear3", "type": "Narrative", "language": "賽夏語, Saisiyat, Saisiyat", "speaker": "風秀郎, kalaeh a taro', male, 1937-01-25", "collected": "2002-01-01", "revised": "None", "video": "SaiNr-pear3_kalaeh a taro_.mp3"}, "s_a_span": [69.3, 74.51], "file": "Saisiyat_Tong-he/SaiNr-pear3_kalaeh a taro_", "num": 31}], [32, {"ori": [], "gloss": [["...(1.1)", "", ""], ["eh==,/", "FIL", "FIL"]], "free": [], "s_end": false, "iu_a_span": [74.51, 76.14], "meta": {"topic": "pear3", "type": "Narrative", "language": "賽夏語, Saisiyat, Saisiyat", "speaker": "風秀郎, kalaeh a taro', male, 1937-01-25", "collected": "2002-01-01", "revised": "None", "video": "SaiNr-pear3_kalaeh a taro_.mp3"}, "file": "Saisiyat_Tong-he/SaiNr-pear3_kalaeh a taro_", "num": 32}], [33, {"ori": [], "gloss": [["...", "", ""], ["rawaS", "AF.far", "主焦.遠"], ["ila", "PFV", "完成"], ["sowiti',/", "a.bit", "一點"]], "free": [], "s_end": false, "iu_a_span": [76.14, 77.2], "meta": {"topic": "pear3", "type": "Narrative", "language": "賽夏語, Saisiyat, Saisiyat", "speaker": "風秀郎, kalaeh a taro', male, 1937-01-25", "collected": "2002-01-01", "revised": "None", "video": "SaiNr-pear3_kalaeh a taro_.mp3"}, "file": "Saisiyat_Tong-he/SaiNr-pear3_kalaeh a taro_", "num": 33}], [34, {"ori": [], "gloss": [["...(0.8)", "", ""], ["'ima", "PROG", "進行"], ["tatilhaehael", "AF.help", "主焦.幫忙"], ["to:o'", "three", "三"], ["mae'iyaeh", "person", "人"], ["korkoring,\\", "child", "小孩"]], "free": [], "s_end": false, "iu_a_span": [77.2, 79.77], "meta": {"topic": "pear3", "type": "Narrative", "language": "賽夏語, Saisiyat, Saisiyat", "speaker": "風秀郎, kalaeh a taro', male, 1937-01-25", "collected": "2002-01-01", "revised": "None", "video": "SaiNr-pear3_kalaeh a taro_.mp3"}, "file": "Saisiyat_Tong-he/SaiNr-pear3_kalaeh a taro_", "num": 34}], [35, {"ori": [], "gloss": [["...", "", ""], ["sanabih", "AF.towards.back", "主焦.朝後"], ["hiyop,/", "blow", "<主焦>吹"]], "free": [], "s_end": false, "iu_a_span": [79.77, 81.45], "meta": {"topic": "pear3", "type": "Narrative", "language": "賽夏語, Saisiyat, Saisiyat", "speaker": "風秀郎, kalaeh a taro', male, 1937-01-25", "collected": "2002-01-01", "revised": "None", "video": "SaiNr-pear3_kalaeh a taro_.mp3"}, "file": "Saisiyat_Tong-he/SaiNr-pear3_kalaeh a taro_", "num": 35}], [36, {"ori": [], "gloss": [["...(1.1)", "", ""], ["koSa:==,/", "say", "<主焦>說"]], "free": [], "s_end": false, "iu_a_span": [81.45, 82.76], "meta": {"topic": "pear3", "type": "Narrative", "language": "賽夏語, Saisiyat, Saisiyat", "speaker": "風秀郎, kalaeh a taro', male, 1937-01-25", "collected": "2002-01-01", "revised": "None", "video": "SaiNr-pear3_kalaeh a taro_.mp3"}, "file": "Saisiyat_Tong-he/SaiNr-pear3_kalaeh a taro_", "num": 36}], [37, {"ori": [], "gloss": [["niSo", "2SG.GEN", "2SG.屬格"], ["ka", "NOM", "主格"], ["tatpo',/", "hat", "帽子"]], "free": [], "s_end": false, "iu_a_span": [82.76, 84.32], "meta": {"topic": "pear3", "type": "Narrative", "language": "賽夏語, Saisiyat, Saisiyat", "speaker": "風秀郎, kalaeh a taro', male, 1937-01-25", "collected": "2002-01-01", "revised": "None", "video": "SaiNr-pear3_kalaeh a taro_.mp3"}, "file": "Saisiyat_Tong-he/SaiNr-pear3_kalaeh a taro_", "num": 37}], [38, {"ori": [], "gloss": [["...(0.8)", "", ""], ["si-ngowip./", "RF-forget", "指焦-忘記"]], "free": ["#e When the boy have gone a bit far, the three children helped (him pick his hat up), turned back and whistled at him saying, \"you forgot this hat\".", "#c 當男孩走遠了一些, 三個男孩幫忙(撿起他的帽子), 回頭對著他吹(口哨), 說, 你忘了這帽子。"], "s_end": true, "iu_a_span": [84.32, 85.55], "meta": {"topic": "pear3", "type": "Narrative", "language": "賽夏語, Saisiyat, Saisiyat", "speaker": "風秀郎, kalaeh a taro', male, 1937-01-25", "collected": "2002-01-01", "revised": "None", "video": "SaiNr-pear3_kalaeh a taro_.mp3"}, "s_a_span": [74.51, 85.55], "file": "Saisiyat_Tong-he/SaiNr-pear3_kalaeh a taro_", "num": 38}], [39, {"ori": [], "gloss": [["...(1.1)", "", ""], ["lobih", "AF.return", "主焦.回來"], ["hibih", "turn.back", "<完成>回頭"], ["'ae'ae:aew", "AF.run", "主焦.跑"], ["rima'", "AF.go", "主焦.走"], ["min-obih.\\", "MIN-return", "MIN-回來"]], "free": ["#e (The boy) turned back and (one of the children) ran and returned (his hat).", "#c (男孩)轉回頭, (其中一個小孩)跑過去(把他的帽子)還給他。"], "s_end": true, "iu_a_span": [85.55, 88.97], "meta": {"topic": "pear3", "type": "Narrative", "language": "賽夏語, Saisiyat, Saisiyat", "speaker": "風秀郎, kalaeh a taro', male, 1937-01-25", "collected": "2002-01-01", "revised": "None", "video": "SaiNr-pear3_kalaeh a taro_.mp3"}, "s_a_span": [85.55, 88.97], "file": "Saisiyat_Tong-he/SaiNr-pear3_kalaeh a taro_", "num": 39}], [40, {"ori": [], "gloss": [["...(1.1)", "", ""], ["insa'an,\\", "now", "現在"]], "free": [], "s_end": false, "iu_a_span": [88.97, 90.68], "meta": {"topic": "pear3", "type": "Narrative", "language": "賽夏語, Saisiyat, Saisiyat", "speaker": "風秀郎, kalaeh a taro', male, 1937-01-25", "collected": "2002-01-01", "revised": "None", "video": "SaiNr-pear3_kalaeh a taro_.mp3"}, "file": "Saisiyat_Tong-he/SaiNr-pear3_kalaeh a taro_", "num": 40}], [41, {"ori": [], "gloss": [["...(1.7)", "", ""], ["be:ay-en", "give-PF", "給-受焦"], ["ka", "NOM", "主焦"], ["lapowar", "guava", "芭樂"], ["..", "", ""], ["to:o',/", "three", "三"]], "free": [], "s_end": false, "iu_a_span": [90.68, 94.25], "meta": {"topic": "pear3", "type": "Narrative", "language": "賽夏語, Saisiyat, Saisiyat", "speaker": "風秀郎, kalaeh a taro', male, 1937-01-25", "collected": "2002-01-01", "revised": "None", "video": "SaiNr-pear3_kalaeh a taro_.mp3"}, "file": "Saisiyat_Tong-he/SaiNr-pear3_kalaeh a taro_", "num": 41}], [42, {"ori": [], "gloss": [["...(0.9)", "", ""], ["ba--", "FS", "FS"], ["si-be:ay", "RF-give", "指焦-給"], ["hilasia./", "3SG.ACC", "3SG.受格"]], "free": ["#e Now (he took) three guavas (and) gave to them.", "#c 現在(他)拿了三個芭樂給他們。"], "s_end": true, "iu_a_span": [94.25, 96.27], "meta": {"topic": "pear3", "type": "Narrative", "language": "賽夏語, Saisiyat, Saisiyat", "speaker": "風秀郎, kalaeh a taro', male, 1937-01-25", "collected": "2002-01-01", "revised": "None", "video": "SaiNr-pear3_kalaeh a taro_.mp3"}, "s_a_span": [88.97, 96.27], "file": "Saisiyat_Tong-he/SaiNr-pear3_kalaeh a taro_", "num": 42}], [43, {"ori": [], "gloss": [["...", "", ""], ["'am", "FUT", "未來"], ["papnae'hae'", "every.person", "每"], ["'aehae'", "one", "一"], ["'apol-on.\\", "distribute-PF", "分-受焦"]], "free": ["#e To distribute to wach (of them).", "#c 每個小孩都給一個芭樂。"], "s_end": true, "iu_a_span": [96.27, 98.37], "meta": {"topic": "pear3", "type": "Narrative", "language": "賽夏語, Saisiyat, Saisiyat", "speaker": "風秀郎, kalaeh a taro', male, 1937-01-25", "collected": "2002-01-01", "revised": "None", "video": "SaiNr-pear3_kalaeh a taro_.mp3"}, "s_a_span": [96.27, 98.37], "file": "Saisiyat_Tong-he/SaiNr-pear3_kalaeh a taro_", "num": 43}], [44, {"ori": [], "gloss": [["...(1.2)", "", ""], ["isaza", "FIL", "FIL"], ["tatini'", "old.man", "老人"], ["rima'", "AF.go", "主焦.走"], ["rokrok", "pick", "<主焦>摘"], ["naehaen", "still", "還"], ["babaw", "above", "上面"], ["ka", "ACC", "受格"], ["boway.\\", "fruit", "水果"]], "free": ["#e The old man was still up in the tree to pick fruits.", "#c 老人還在樹上摘水果。"], "s_end": true, "iu_a_span": [98.37, 102.0], "meta": {"topic": "pear3", "type": "Narrative", "language": "賽夏語, Saisiyat, Saisiyat", "speaker": "風秀郎, kalaeh a taro', male, 1937-01-25", "collected": "2002-01-01", "revised": "None", "video": "SaiNr-pear3_kalaeh a taro_.mp3"}, "s_a_span": [98.37, 102.0], "file": "Saisiyat_Tong-he/SaiNr-pear3_kalaeh a taro_", "num": 44}], [45, {"ori": [], "gloss": [["...(0.8)", "", ""], ["kasra:i',/", "AF.move.down", "主焦.爬下來"]], "free": [], "s_end": false, "iu_a_span": [102.0, 103.19], "meta": {"topic": "pear3", "type": "Narrative", "language": "賽夏語, Saisiyat, Saisiyat", "speaker": "風秀郎, kalaeh a taro', male, 1937-01-25", "collected": "2002-01-01", "revised": "None", "video": "SaiNr-pear3_kalaeh a taro_.mp3"}, "file": "Saisiyat_Tong-he/SaiNr-pear3_kalaeh a taro_", "num": 45}], [46, {"ori": [], "gloss": [["..", "", ""], ["m-wa:i'", "AF-come", "主焦-來"], ["ki:im.\\", "find", "<主焦>找"]], "free": ["#e (He) climbed down and looked for (the basket).", "#c (他)爬下來找(籃子)。"], "s_end": true, "iu_a_span": [103.19, 104.21], "meta": {"topic": "pear3", "type": "Narrative", "language": "賽夏語, Saisiyat, Saisiyat", "speaker": "風秀郎, kalaeh a taro', male, 1937-01-25", "collected": "2002-01-01", "revised": "None", "video": "SaiNr-pear3_kalaeh a taro_.mp3"}, "s_a_span": [102.0, 104.21], "file": "Saisiyat_Tong-he/SaiNr-pear3_kalaeh a taro_", "num": 46}], [47, {"ori": [], "gloss": [["...(1.4)", "", ""], ["Sa:", "SA", "SA"], ["hini", "here", "這裡"], ["boway", "fruit", "水果"], ["'ima", "PROG", "進行"], ["hayno'", "where", "哪裡"], ["ay", "Q", "疑問詞"], ["ila.\\", "PFV", "完成"]], "free": ["#e Where have the fruits here gone?", "#c 水果哪裡去了。"], "s_end": true, "iu_a_span": [104.21, 107.59], "meta": {"topic": "pear3", "type": "Narrative", "language": "賽夏語, Saisiyat, Saisiyat", "speaker": "風秀郎, kalaeh a taro', male, 1937-01-25", "collected": "2002-01-01", "revised": "None", "video": "SaiNr-pear3_kalaeh a taro_.mp3"}, "s_a_span": [104.21, 107.59], "file": "Saisiyat_Tong-he/SaiNr-pear3_kalaeh a taro_", "num": 47}], [48, {"ori": [], "gloss": [["...(1.3)", "", ""], ["sakosiza-en", "look.around-PF", "四下張望-受焦"], ["kita-en", "see-PF", "看-受焦"], ["korkoring", "child", "小孩"], ["may", "move.by", "經過"], ["isaza", "that.place", "那地方"], ["to:o'", "three", "三"], ["sahpi:ih,\\", "AF.pass.by", "主焦.經過"]], "free": [], "s_end": false, "iu_a_span": [107.59, 111.45], "meta": {"topic": "pear3", "type": "Narrative", "language": "賽夏語, Saisiyat, Saisiyat", "speaker": "風秀郎, kalaeh a taro', male, 1937-01-25", "collected": "2002-01-01", "revised": "None", "video": "SaiNr-pear3_kalaeh a taro_.mp3"}, "file": "Saisiyat_Tong-he/SaiNr-pear3_kalaeh a taro_", "num": 48}], [49, {"ori": [], "gloss": [["...(0.8)", "", ""], ["ilahiza", "AF.go.there", "主焦.到那裡"], ["ila", "PFV", "完成"], ["kabih", "side", "邊"], ["naehaen", "still", "還"], ["m-anra:an.\\", "AF-walk", "主焦-走路"]], "free": ["#e (He) saw three children pass by and walk toward that direction.", "#c (他)看到三個小孩經過, 往那個方向走下去。"], "s_end": true, "iu_a_span": [111.45, 113.7], "meta": {"topic": "pear3", "type": "Narrative", "language": "賽夏語, Saisiyat, Saisiyat", "speaker": "風秀郎, kalaeh a taro', male, 1937-01-25", "collected": "2002-01-01", "revised": "None", "video": "SaiNr-pear3_kalaeh a taro_.mp3"}, "s_a_span": [107.59, 113.7], "file": "Saisiyat_Tong-he/SaiNr-pear3_kalaeh a taro_", "num": 49}], [50, {"ori": [], "gloss": [["...(1.2)", "", ""], ["oh", "DM", "DM"], [".\\", "", ""]], "free": ["#e DM", "#c DM"], "s_end": true, "iu_a_span": [113.7, 115.92], "meta": {"topic": "pear3", "type": "Narrative", "language": "賽夏語, Saisiyat, Saisiyat", "speaker": "風秀郎, kalaeh a taro', male, 1937-01-25", "collected": "2002-01-01", "revised": "None", "video": "SaiNr-pear3_kalaeh a taro_.mp3"}, "s_a_span": [113.7, 115.92], "file": "Saisiyat_Tong-he/SaiNr-pear3_kalaeh a taro_", "num": 50}]], "meta": {"topic": "pear3", "type": "Narrative", "language": "賽夏語, Saisiyat, Saisiyat", "speaker": "風秀郎, kalaeh a taro', male, 1937-01-25", "collected": "2002-01-01", "revised": "None", "video": "SaiNr-pear3_kalaeh a taro_.mp3"}}