{"glosses": [[1, {"ori": [], "gloss": [["korkoring", "child", "小孩"], ["ki", "and", "和"], ["'aehoe',\\", "dog", "狗"]], "free": [], "s_end": false, "iu_a_span": [4.67, 6.38], "meta": {"topic": "frog4", "type": "Narrative", "language": "賽夏語, Saisiyat, Saisiyat", "speaker": "高玉美, lalo a tahaeS, female, 1967-2-22", "collected": "2003-01-01", "revised": "None", "video": "Sainr-frog4_lalo a tahaeS.mp3"}, "file": "Saisiyat_Tong-he/Sainr-frog4_lalo a tahaeS", "num": 1}], [2, {"ori": [], "gloss": [["...", "", ""], ["ma'", "FIL", "FIL"], ["kit-kita'", "RED-see", "<主焦>重疊-看"], ["ka", "ACC", "受格"], ["takem.\\", "frog", "青蛙"]], "free": ["#e A child and a dog were looking at a frog.", "#c 一個小孩和狗在看青蛙。"], "s_end": true, "iu_a_span": [6.38, 8.62], "meta": {"topic": "frog4", "type": "Narrative", "language": "賽夏語, Saisiyat, Saisiyat", "speaker": "高玉美, lalo a tahaeS, female, 1967-2-22", "collected": "2003-01-01", "revised": "None", "video": "Sainr-frog4_lalo a tahaeS.mp3"}, "s_a_span": [4.67, 8.62], "file": "Saisiyat_Tong-he/Sainr-frog4_lalo a tahaeS", "num": 2}], [3, {"ori": [], "gloss": [["...(1.2)", "", ""], ["takem", "frog", "青蛙"], ["takem", "frog", "青蛙"], ["'leb", "close", "<完成>關"], ["ra==y,\\", "LOC", "處格"]], "free": [], "s_end": false, "iu_a_span": [8.62, 12.23], "meta": {"topic": "frog4", "type": "Narrative", "language": "賽夏語, Saisiyat, Saisiyat", "speaker": "高玉美, lalo a tahaeS, female, 1967-2-22", "collected": "2003-01-01", "revised": "None", "video": "Sainr-frog4_lalo a tahaeS.mp3"}, "file": "Saisiyat_Tong-he/Sainr-frog4_lalo a tahaeS", "num": 3}], [4, {"ori": [], "gloss": [["...(1.3)", "", ""], ["ray", "LOC", "處格"], ["binisitan.\\", "bottle", "瓶子"]], "free": ["#e (They) kept the frog in a bottle.", "#c 青蛙關在瓶子裡。"], "s_end": true, "iu_a_span": [12.23, 14.53], "meta": {"topic": "frog4", "type": "Narrative", "language": "賽夏語, Saisiyat, Saisiyat", "speaker": "高玉美, lalo a tahaeS, female, 1967-2-22", "collected": "2003-01-01", "revised": "None", "video": "Sainr-frog4_lalo a tahaeS.mp3"}, "s_a_span": [8.62, 14.53], "file": "Saisiyat_Tong-he/Sainr-frog4_lalo a tahaeS", "num": 4}], [5, {"ori": [], "gloss": [["...(1.9)", "", ""], ["isaa==", "there", "那裡"], ["korkoring", "child", "小孩"], ["ki", "and", "和"], ["'aehoe'", "dog", "狗"], ["m-a'rem", "AF-rest", "主焦-休息"], ["ila.\\", "PFV", "完成"]], "free": ["#e The child and the dog (went to) sleep.", "#c 小孩和狗去睡覺了。"], "s_end": true, "iu_a_span": [14.53, 18.6], "meta": {"topic": "frog4", "type": "Narrative", "language": "賽夏語, Saisiyat, Saisiyat", "speaker": "高玉美, lalo a tahaeS, female, 1967-2-22", "collected": "2003-01-01", "revised": "None", "video": "Sainr-frog4_lalo a tahaeS.mp3"}, "s_a_span": [14.53, 18.6], "file": "Saisiyat_Tong-he/Sainr-frog4_lalo a tahaeS", "num": 5}], [6, {"ori": [], "gloss": [["...(2.2)", "", ""], ["roehaenaen", "evening", "晚上"], ["...", "", ""], ["takem", "frog", "青蛙"], ["nonak", "self", "自己"], ["...", "", ""], ["kas--,\\", "FS", "FS"]], "free": [], "s_end": false, "iu_a_span": [18.6, 23.34], "meta": {"topic": "frog4", "type": "Narrative", "language": "賽夏語, Saisiyat, Saisiyat", "speaker": "高玉美, lalo a tahaeS, female, 1967-2-22", "collected": "2003-01-01", "revised": "None", "video": "Sainr-frog4_lalo a tahaeS.mp3"}, "file": "Saisiyat_Tong-he/Sainr-frog4_lalo a tahaeS", "num": 6}], [7, {"ori": [], "gloss": [["...(0.9)", "", ""], ["nonak", "self", "自己"], ["ma==,\\", "FIL", "FIL"]], "free": [], "s_end": false, "iu_a_span": [23.34, 25.17], "meta": {"topic": "frog4", "type": "Narrative", "language": "賽夏語, Saisiyat, Saisiyat", "speaker": "高玉美, lalo a tahaeS, female, 1967-2-22", "collected": "2003-01-01", "revised": "None", "video": "Sainr-frog4_lalo a tahaeS.mp3"}, "file": "Saisiyat_Tong-he/Sainr-frog4_lalo a tahaeS", "num": 7}], [8, {"ori": [], "gloss": [["...(1.5)", "", ""], ["kas'oehaz./", "AF.move.out", "主焦.出來"]], "free": ["#e The frog came out (of the bottle) by itself.", "#c 青蛙自己(從瓶子)出來了。"], "s_end": true, "iu_a_span": [25.17, 27.25], "meta": {"topic": "frog4", "type": "Narrative", "language": "賽夏語, Saisiyat, Saisiyat", "speaker": "高玉美, lalo a tahaeS, female, 1967-2-22", "collected": "2003-01-01", "revised": "None", "video": "Sainr-frog4_lalo a tahaeS.mp3"}, "s_a_span": [18.6, 27.25], "file": "Saisiyat_Tong-he/Sainr-frog4_lalo a tahaeS", "num": 8}], [9, {"ori": [], "gloss": [["...(1.3)", "", ""], ["isaa", "there", "那裡"], ["ririm'aenaen", "morning", "早上"], ["hini", "this", "這個"], ["korkoring", "child", "小孩"], ["ki", "and", "和"], ["'aehoe'", "dog", "狗"], ["koSa:.\\", "AF.say", "主焦.說"]], "free": ["#e In the morning, the child and the dog said,", "#c 早上,這個小孩和狗說,"], "s_end": true, "iu_a_span": [27.25, 31.05], "meta": {"topic": "frog4", "type": "Narrative", "language": "賽夏語, Saisiyat, Saisiyat", "speaker": "高玉美, lalo a tahaeS, female, 1967-2-22", "collected": "2003-01-01", "revised": "None", "video": "Sainr-frog4_lalo a tahaeS.mp3"}, "s_a_span": [27.25, 31.05], "file": "Saisiyat_Tong-he/Sainr-frog4_lalo a tahaeS", "num": 9}], [10, {"ori": [], "gloss": [["...(0.8)", "", ""], ["o==", "FIL", "FIL"], ["man_", "FIL", "FIL"]], "free": [], "s_end": false, "iu_a_span": [31.05, 32.66], "meta": {"topic": "frog4", "type": "Narrative", "language": "賽夏語, Saisiyat, Saisiyat", "speaker": "高玉美, lalo a tahaeS, female, 1967-2-22", "collected": "2003-01-01", "revised": "None", "video": "Sainr-frog4_lalo a tahaeS.mp3"}, "file": "Saisiyat_Tong-he/Sainr-frog4_lalo a tahaeS", "num": 10}], [11, {"ori": [], "gloss": [["...", "", ""], ["ka==,\\", "FIL", "FIL"]], "free": [], "s_end": false, "iu_a_span": [32.66, 33.61], "meta": {"topic": "frog4", "type": "Narrative", "language": "賽夏語, Saisiyat, Saisiyat", "speaker": "高玉美, lalo a tahaeS, female, 1967-2-22", "collected": "2003-01-01", "revised": "None", "video": "Sainr-frog4_lalo a tahaeS.mp3"}, "file": "Saisiyat_Tong-he/Sainr-frog4_lalo a tahaeS", "num": 11}], [12, {"ori": [], "gloss": [["...(1.2)", "", ""], ["takem", "frog", "青蛙"], ["hayno'", "where", "哪裡"], ["ila", "PFV", "完成"], ["hini'./", "this", "這個"]], "free": ["#e Where has the frog gone?", "#c 青蛙到哪去了?"], "s_end": true, "iu_a_span": [33.61, 35.99], "meta": {"topic": "frog4", "type": "Narrative", "language": "賽夏語, Saisiyat, Saisiyat", "speaker": "高玉美, lalo a tahaeS, female, 1967-2-22", "collected": "2003-01-01", "revised": "None", "video": "Sainr-frog4_lalo a tahaeS.mp3"}, "s_a_span": [31.05, 35.99], "file": "Saisiyat_Tong-he/Sainr-frog4_lalo a tahaeS", "num": 12}], [13, {"ori": [], "gloss": [["...(2.8)", "", ""], ["isaa", "there", "那裡"], ["'am-'amoeh_", "RED-quick", "<主焦>重疊-快"]], "free": [], "s_end": false, "iu_a_span": [35.99, 39.76], "meta": {"topic": "frog4", "type": "Narrative", "language": "賽夏語, Saisiyat, Saisiyat", "speaker": "高玉美, lalo a tahaeS, female, 1967-2-22", "collected": "2003-01-01", "revised": "None", "video": "Sainr-frog4_lalo a tahaeS.mp3"}, "file": "Saisiyat_Tong-he/Sainr-frog4_lalo a tahaeS", "num": 13}], [14, {"ori": [], "gloss": [["...(0.8)", "", ""], ["am==", "FIL", "FIL"], ["hibae:", "wear", "<主焦>穿"], ["ka", "ACC", "受格"], ["kayba:en", "clothes", "衣服"], ["sa.\\", "DM", "DM"]], "free": ["#e They put on their clothes quickly.", "#c 他們很快地穿上衣服。"], "s_end": true, "iu_a_span": [39.76, 42.04], "meta": {"topic": "frog4", "type": "Narrative", "language": "賽夏語, Saisiyat, Saisiyat", "speaker": "高玉美, lalo a tahaeS, female, 1967-2-22", "collected": "2003-01-01", "revised": "None", "video": "Sainr-frog4_lalo a tahaeS.mp3"}, "s_a_span": [35.99, 42.04], "file": "Saisiyat_Tong-he/Sainr-frog4_lalo a tahaeS", "num": 14}], [15, {"ori": [], "gloss": [["...(1.2)", "", ""], ["ki:im", "look.for", "<主焦>尋找"], ["ray", "LOC", "處格"], ["kayba:en./", "clothes", "衣服"]], "free": ["#e (They) looked (for the frog) in the clothes.", "#c 在衣服裡找青蛙。"], "s_end": true, "iu_a_span": [42.04, 44.28], "meta": {"topic": "frog4", "type": "Narrative", "language": "賽夏語, Saisiyat, Saisiyat", "speaker": "高玉美, lalo a tahaeS, female, 1967-2-22", "collected": "2003-01-01", "revised": "None", "video": "Sainr-frog4_lalo a tahaeS.mp3"}, "s_a_span": [42.04, 44.28], "file": "Saisiyat_Tong-he/Sainr-frog4_lalo a tahaeS", "num": 15}], [16, {"ori": [], "gloss": [["...", "", ""], ["ki:im", "look.for", "<主焦>尋找"], ["ray", "LOC", "處格"], ["kayba:en", "clothes", "衣服"], ["'o==ka'", "NEG", "否定"], ["hini'", "this", "這個"], ["'aehoe'", "dog", "狗"], ["rima'.\\", "AF.go", "主焦.去"]], "free": ["#e (The frog) was not (there).", "#c 不在衣服裡。"], "s_end": true, "iu_a_span": [44.28, 47.07], "meta": {"topic": "frog4", "type": "Narrative", "language": "賽夏語, Saisiyat, Saisiyat", "speaker": "高玉美, lalo a tahaeS, female, 1967-2-22", "collected": "2003-01-01", "revised": "None", "video": "Sainr-frog4_lalo a tahaeS.mp3"}, "s_a_span": [44.28, 47.07], "file": "Saisiyat_Tong-he/Sainr-frog4_lalo a tahaeS", "num": 16}], [17, {"ori": [], "gloss": [["sazek_", "smell", "<主焦>聞"]], "free": [], "s_end": false, "iu_a_span": [47.07, 47.48], "meta": {"topic": "frog4", "type": "Narrative", "language": "賽夏語, Saisiyat, Saisiyat", "speaker": "高玉美, lalo a tahaeS, female, 1967-2-22", "collected": "2003-01-01", "revised": "None", "video": "Sainr-frog4_lalo a tahaeS.mp3"}, "file": "Saisiyat_Tong-he/Sainr-frog4_lalo a tahaeS", "num": 17}], [18, {"ori": [], "gloss": [["ray", "LOC", "處格"], ["binisitan./", "bottle", "瓶子"]], "free": ["#e The dog smelled the inside of the container.", "#c 狗去聞瓶子的裡面。"], "s_end": true, "iu_a_span": [47.48, 48.33], "meta": {"topic": "frog4", "type": "Narrative", "language": "賽夏語, Saisiyat, Saisiyat", "speaker": "高玉美, lalo a tahaeS, female, 1967-2-22", "collected": "2003-01-01", "revised": "None", "video": "Sainr-frog4_lalo a tahaeS.mp3"}, "s_a_span": [47.07, 48.33], "file": "Saisiyat_Tong-he/Sainr-frog4_lalo a tahaeS", "num": 18}], [19, {"ori": [], "gloss": [["...", "", ""], ["'oka'", "NEG", "否定"], ["isaa_", "there", "那裡"]], "free": ["#e (The frog) was not there.", "#c 不在那裡。"], "s_end": true, "iu_a_span": [48.33, 49.61], "meta": {"topic": "frog4", "type": "Narrative", "language": "賽夏語, Saisiyat, Saisiyat", "speaker": "高玉美, lalo a tahaeS, female, 1967-2-22", "collected": "2003-01-01", "revised": "None", "video": "Sainr-frog4_lalo a tahaeS.mp3"}, "s_a_span": [48.33, 49.61], "file": "Saisiyat_Tong-he/Sainr-frog4_lalo a tahaeS", "num": 19}], [20, {"ori": [], "gloss": [["...(1.0)", "", ""], ["hini'", "this", "這個"], ["ka==", "NOM", "主格"], ["binisitan,/", "bottle", "瓶子"]], "free": [], "s_end": false, "iu_a_span": [49.61, 52.16], "meta": {"topic": "frog4", "type": "Narrative", "language": "賽夏語, Saisiyat, Saisiyat", "speaker": "高玉美, lalo a tahaeS, female, 1967-2-22", "collected": "2003-01-01", "revised": "None", "video": "Sainr-frog4_lalo a tahaeS.mp3"}, "file": "Saisiyat_Tong-he/Sainr-frog4_lalo a tahaeS", "num": 20}], [21, {"ori": [], "gloss": [["...(1.4)", "", ""], ["si==_", "FS", "FS"]], "free": [], "s_end": false, "iu_a_span": [52.16, 54.29], "meta": {"topic": "frog4", "type": "Narrative", "language": "賽夏語, Saisiyat, Saisiyat", "speaker": "高玉美, lalo a tahaeS, female, 1967-2-22", "collected": "2003-01-01", "revised": "None", "video": "Sainr-frog4_lalo a tahaeS.mp3"}, "file": "Saisiyat_Tong-he/Sainr-frog4_lalo a tahaeS", "num": 21}], [22, {"ori": [], "gloss": [["...(2.7)", "", ""], ["a==_", "FIL", "FIL"]], "free": [], "s_end": false, "iu_a_span": [54.29, 57.38], "meta": {"topic": "frog4", "type": "Narrative", "language": "賽夏語, Saisiyat, Saisiyat", "speaker": "高玉美, lalo a tahaeS, female, 1967-2-22", "collected": "2003-01-01", "revised": "None", "video": "Sainr-frog4_lalo a tahaeS.mp3"}, "file": "Saisiyat_Tong-he/Sainr-frog4_lalo a tahaeS", "num": 22}], [23, {"ori": [], "gloss": [["...(4.1)", "", ""], ["si==_", "FS", "FS"]], "free": [], "s_end": false, "iu_a_span": [57.38, 62.3], "meta": {"topic": "frog4", "type": "Narrative", "language": "賽夏語, Saisiyat, Saisiyat", "speaker": "高玉美, lalo a tahaeS, female, 1967-2-22", "collected": "2003-01-01", "revised": "None", "video": "Sainr-frog4_lalo a tahaeS.mp3"}, "file": "Saisiyat_Tong-he/Sainr-frog4_lalo a tahaeS", "num": 23}], [24, {"ori": ["...", "si==", "tomok", "ila", "ra==y", "ta'oeloeh", "noka", "'aehoe'.\\"], "gloss": [["RF", "", ""], ["join", "指焦", "Note:"], ["PFV", "", ""], ["LOC", "", ""], ["head", "參加", "tomok"], ["GEN", "", ""], ["dog", "完成", "should"]], "free": ["#e The dog (inserted) its head in the bottle.", "#c 狗把頭塞到瓶子裡。", "#n 應該說sipatatpo(戴在頭上的)"], "s_end": true, "iu_a_span": [62.3, 66.24], "meta": {"topic": "frog4", "type": "Narrative", "language": "賽夏語, Saisiyat, Saisiyat", "speaker": "高玉美, lalo a tahaeS, female, 1967-2-22", "collected": "2003-01-01", "revised": "None", "video": "Sainr-frog4_lalo a tahaeS.mp3"}, "s_a_span": [49.61, 66.24], "file": "Saisiyat_Tong-he/Sainr-frog4_lalo a tahaeS", "num": 24}], [25, {"ori": [], "gloss": [["...(1.0)", "", ""], ["hini'", "this", "這個"], ["ka==", "NOM", "主格"], ["korkoring", "child", "小孩"], ["Sa,\\", "say", "說"]], "free": [], "s_end": false, "iu_a_span": [66.24, 68.65], "meta": {"topic": "frog4", "type": "Narrative", "language": "賽夏語, Saisiyat, Saisiyat", "speaker": "高玉美, lalo a tahaeS, female, 1967-2-22", "collected": "2003-01-01", "revised": "None", "video": "Sainr-frog4_lalo a tahaeS.mp3"}, "file": "Saisiyat_Tong-he/Sainr-frog4_lalo a tahaeS", "num": 25}], [26, {"ori": [], "gloss": [["...", "", ""], ["take==m", "frog", "青蛙"], ["So'o", "2SG.NOM", "2SG.主格"], ["hayno'", "where", "哪裡"], ["ila==./", "PFV", "完成"]], "free": ["#e The child (said), 'Frog, where are you?'", "#c 這個小孩(說): 青蛙,你在哪裡?"], "s_end": true, "iu_a_span": [68.65, 70.91], "meta": {"topic": "frog4", "type": "Narrative", "language": "賽夏語, Saisiyat, Saisiyat", "speaker": "高玉美, lalo a tahaeS, female, 1967-2-22", "collected": "2003-01-01", "revised": "None", "video": "Sainr-frog4_lalo a tahaeS.mp3"}, "s_a_span": [66.24, 70.91], "file": "Saisiyat_Tong-he/Sainr-frog4_lalo a tahaeS", "num": 26}], [27, {"ori": [], "gloss": [["...(0.9)", "", ""], ["kita'-en", "see-PF", "看-受焦"], ["hini'", "this", "這個"], ["ka", "NOM", "主格"], ["'aehoe',\\", "dog", "狗"]], "free": [], "s_end": false, "iu_a_span": [70.91, 72.95], "meta": {"topic": "frog4", "type": "Narrative", "language": "賽夏語, Saisiyat, Saisiyat", "speaker": "高玉美, lalo a tahaeS, female, 1967-2-22", "collected": "2003-01-01", "revised": "None", "video": "Sainr-frog4_lalo a tahaeS.mp3"}, "file": "Saisiyat_Tong-he/Sainr-frog4_lalo a tahaeS", "num": 27}], [28, {"ori": [], "gloss": [["...", "", ""], ["sahae'./", "AF.fall", "主焦.掉"]], "free": [], "s_end": false, "iu_a_span": [72.95, 73.96], "meta": {"topic": "frog4", "type": "Narrative", "language": "賽夏語, Saisiyat, Saisiyat", "speaker": "高玉美, lalo a tahaeS, female, 1967-2-22", "collected": "2003-01-01", "revised": "None", "video": "Sainr-frog4_lalo a tahaeS.mp3"}, "file": "Saisiyat_Tong-he/Sainr-frog4_lalo a tahaeS", "num": 28}], [29, {"ori": [], "gloss": [["...", "", ""], ["sahae'", "AF.fall", "主焦.掉"], ["ray", "LOC", "處格"], ["hinoehas_", "window", "窗戶"]], "free": [], "s_end": false, "iu_a_span": [73.96, 75.48], "meta": {"topic": "frog4", "type": "Narrative", "language": "賽夏語, Saisiyat, Saisiyat", "speaker": "高玉美, lalo a tahaeS, female, 1967-2-22", "collected": "2003-01-01", "revised": "None", "video": "Sainr-frog4_lalo a tahaeS.mp3"}, "file": "Saisiyat_Tong-he/Sainr-frog4_lalo a tahaeS", "num": 29}], [30, {"ori": [], "gloss": [["...", "", ""], ["sahae'", "AF.fall", "主焦.掉"], ["ray", "LOC", "處格"], ["ra:i'./", "ground", "地"]], "free": ["#e (The child) saw the dog fall on the ground from the window.", "#c 看到這隻狗從窗戶掉到地上。"], "s_end": true, "iu_a_span": [75.48, 76.53], "meta": {"topic": "frog4", "type": "Narrative", "language": "賽夏語, Saisiyat, Saisiyat", "speaker": "高玉美, lalo a tahaeS, female, 1967-2-22", "collected": "2003-01-01", "revised": "None", "video": "Sainr-frog4_lalo a tahaeS.mp3"}, "s_a_span": [70.91, 76.53], "file": "Saisiyat_Tong-he/Sainr-frog4_lalo a tahaeS", "num": 30}], [31, {"ori": [], "gloss": [["...(2.0)", "", ""], ["isaa", "that", "那個"], ["ka==", "NOM", "主格"], ["binisitan", "bottle", "瓶子"], ["minlakay", "AF.break", "主焦.破"], ["ila", "PFV", "完成"], ["hiza'_", "that", "那個"]], "free": ["#e The bottle broke.", "#c 瓶子破了。"], "s_end": true, "iu_a_span": [76.53, 80.74], "meta": {"topic": "frog4", "type": "Narrative", "language": "賽夏語, Saisiyat, Saisiyat", "speaker": "高玉美, lalo a tahaeS, female, 1967-2-22", "collected": "2003-01-01", "revised": "None", "video": "Sainr-frog4_lalo a tahaeS.mp3"}, "s_a_span": [76.53, 80.74], "file": "Saisiyat_Tong-he/Sainr-frog4_lalo a tahaeS", "num": 31}], [32, {"ori": [], "gloss": [["'aehoe'", "dog", "狗"], ["kayzaeh", "AF.good", "主焦.好"], ["ila", "PFV", "完成"], ["'oka==y,\\", "NEG", "否定"]], "free": [], "s_end": false, "iu_a_span": [80.74, 82.32], "meta": {"topic": "frog4", "type": "Narrative", "language": "賽夏語, Saisiyat, Saisiyat", "speaker": "高玉美, lalo a tahaeS, female, 1967-2-22", "collected": "2003-01-01", "revised": "None", "video": "Sainr-frog4_lalo a tahaeS.mp3"}, "file": "Saisiyat_Tong-he/Sainr-frog4_lalo a tahaeS", "num": 32}], [33, {"ori": [], "gloss": [["...(1.2)", "", ""], ["'oka==y", "NEG", "否定"], ["...", "", ""], ["tatpo'-i", "wear-PF", "穿-受焦"], ["noka==", "GEN", "屬格"], ["binisitan.\\", "bottle", "瓶子"]], "free": ["#e The dog was not 'wearing' the bottle (on its head) anymore.", "#c 狗沒有戴著瓶子了。"], "s_end": true, "iu_a_span": [82.32, 86.6], "meta": {"topic": "frog4", "type": "Narrative", "language": "賽夏語, Saisiyat, Saisiyat", "speaker": "高玉美, lalo a tahaeS, female, 1967-2-22", "collected": "2003-01-01", "revised": "None", "video": "Sainr-frog4_lalo a tahaeS.mp3"}, "s_a_span": [80.74, 86.6], "file": "Saisiyat_Tong-he/Sainr-frog4_lalo a tahaeS", "num": 33}], [34, {"ori": [], "gloss": [["...", "", ""], ["lasia", "3PL.NOM", "3PL.主格"], ["rima'", "AF.go", "主焦.去"], ["'oeS'oeSoe'an", "mountain", "山"], ["ila", "PFV", "完成"], ["ki==", "and", "和"], ["'aehoe'_", "dog", "狗"]], "free": [], "s_end": false, "iu_a_span": [86.6, 89.34], "meta": {"topic": "frog4", "type": "Narrative", "language": "賽夏語, Saisiyat, Saisiyat", "speaker": "高玉美, lalo a tahaeS, female, 1967-2-22", "collected": "2003-01-01", "revised": "None", "video": "Sainr-frog4_lalo a tahaeS.mp3"}, "file": "Saisiyat_Tong-he/Sainr-frog4_lalo a tahaeS", "num": 34}], [35, {"ori": [], "gloss": [["..", "", ""], ["hini'", "this", "這個"], ["ka", "NOM", "主格"], ["korkoring", "child", "小孩"], ["ki", "and", "和"], ["'aehoe'", "dog", "狗"], ["rima'", "AF.go", "主焦.去"], ["'oeS'oeSoe'an", "mountain", "山"], ["Sa,\\", "DM", "DM"]], "free": [], "s_end": false, "iu_a_span": [89.34, 91.92], "meta": {"topic": "frog4", "type": "Narrative", "language": "賽夏語, Saisiyat, Saisiyat", "speaker": "高玉美, lalo a tahaeS, female, 1967-2-22", "collected": "2003-01-01", "revised": "None", "video": "Sainr-frog4_lalo a tahaeS.mp3"}, "file": "Saisiyat_Tong-he/Sainr-frog4_lalo a tahaeS", "num": 35}], [36, {"ori": [], "gloss": [["...(1.2)", "", ""], ["'oe'oe", "call", "<主焦>叫"], ["ila.\\", "PFV", "完成"]], "free": ["#e They went to the mountain with the dog and called out.", "#c 小孩和狗去山上,叫著:"], "s_end": true, "iu_a_span": [91.92, 93.77], "meta": {"topic": "frog4", "type": "Narrative", "language": "賽夏語, Saisiyat, Saisiyat", "speaker": "高玉美, lalo a tahaeS, female, 1967-2-22", "collected": "2003-01-01", "revised": "None", "video": "Sainr-frog4_lalo a tahaeS.mp3"}, "s_a_span": [86.6, 93.77], "file": "Saisiyat_Tong-he/Sainr-frog4_lalo a tahaeS", "num": 36}], [37, {"ori": [], "gloss": [["...", "", ""], ["ho==y_", "hoy", "喂"]], "free": [], "s_end": false, "iu_a_span": [93.77, 94.95], "meta": {"topic": "frog4", "type": "Narrative", "language": "賽夏語, Saisiyat, Saisiyat", "speaker": "高玉美, lalo a tahaeS, female, 1967-2-22", "collected": "2003-01-01", "revised": "None", "video": "Sainr-frog4_lalo a tahaeS.mp3"}, "file": "Saisiyat_Tong-he/Sainr-frog4_lalo a tahaeS", "num": 37}], [38, {"ori": [], "gloss": [["takem", "frog", "青蛙"], ["hayno'", "where", "哪裡"], ["ila", "PFV", "完成"], ["So'o_", "2SG.NOM", "2SG.主格"]], "free": ["#e Hello, Frog, where are you?", "#c 嘿,青蛙,你在哪裡?"], "s_end": true, "iu_a_span": [94.95, 96.67], "meta": {"topic": "frog4", "type": "Narrative", "language": "賽夏語, Saisiyat, Saisiyat", "speaker": "高玉美, lalo a tahaeS, female, 1967-2-22", "collected": "2003-01-01", "revised": "None", "video": "Sainr-frog4_lalo a tahaeS.mp3"}, "s_a_span": [93.77, 96.67], "file": "Saisiyat_Tong-he/Sainr-frog4_lalo a tahaeS", "num": 38}], [39, {"ori": [], "gloss": [["...(1.9)", "", ""], ["kita'-en==_", "see-PF", "看-受焦"]], "free": [], "s_end": false, "iu_a_span": [96.67, 98.94], "meta": {"topic": "frog4", "type": "Narrative", "language": "賽夏語, Saisiyat, Saisiyat", "speaker": "高玉美, lalo a tahaeS, female, 1967-2-22", "collected": "2003-01-01", "revised": "None", "video": "Sainr-frog4_lalo a tahaeS.mp3"}, "file": "Saisiyat_Tong-he/Sainr-frog4_lalo a tahaeS", "num": 39}], [40, {"ori": [], "gloss": [["..", "", ""], ["hini'", "this", "這個"], ["'aehoe'", "dog", "狗"], ["kita'", "see", "<主焦>看"], ["ka", "ACC", "受格"], ["boya'./", "beehive", "蜂窩"]], "free": ["#e The dog saw a beehive.", "#c 狗看到蜂窩。"], "s_end": true, "iu_a_span": [98.94, 100.83], "meta": {"topic": "frog4", "type": "Narrative", "language": "賽夏語, Saisiyat, Saisiyat", "speaker": "高玉美, lalo a tahaeS, female, 1967-2-22", "collected": "2003-01-01", "revised": "None", "video": "Sainr-frog4_lalo a tahaeS.mp3"}, "s_a_span": [96.67, 100.83], "file": "Saisiyat_Tong-he/Sainr-frog4_lalo a tahaeS", "num": 40}], [41, {"ori": [], "gloss": [["...", "", ""], ["boya'", "beehive", "蜂窩"], ["hini'", "here", "這裡"], ["'ampowa'", "why", "為什麼"], ["kin", "very", "很"], ["'akoy", "AF.many", "主焦.很多"], ["ka", "NOM", "主格"], ["boya'./", "bee", "蜜蜂"]], "free": ["#e Why are there so many bees here?", "#c 為什麼這裡有很多蜂?"], "s_end": true, "iu_a_span": [100.83, 103.36], "meta": {"topic": "frog4", "type": "Narrative", "language": "賽夏語, Saisiyat, Saisiyat", "speaker": "高玉美, lalo a tahaeS, female, 1967-2-22", "collected": "2003-01-01", "revised": "None", "video": "Sainr-frog4_lalo a tahaeS.mp3"}, "s_a_span": [100.83, 103.36], "file": "Saisiyat_Tong-he/Sainr-frog4_lalo a tahaeS", "num": 41}], [42, {"ori": [], "gloss": [["...(2.6)", "", ""], ["isaa==", "there", "那裡"], ["hini'", "this", "這個"], ["korkoring_", "child", "小孩"]], "free": [], "s_end": false, "iu_a_span": [103.36, 107.3], "meta": {"topic": "frog4", "type": "Narrative", "language": "賽夏語, Saisiyat, Saisiyat", "speaker": "高玉美, lalo a tahaeS, female, 1967-2-22", "collected": "2003-01-01", "revised": "None", "video": "Sainr-frog4_lalo a tahaeS.mp3"}, "file": "Saisiyat_Tong-he/Sainr-frog4_lalo a tahaeS", "num": 42}], [43, {"ori": [], "gloss": [["...", "", ""], ["ayo==", "[chin]", "[chin]"], ["hini'", "here", "這裡"], ["hayza'", "EXIST", "存在"], ["ka==,\\", "NOM", "主格"]], "free": [], "s_end": false, "iu_a_span": [107.3, 109.02], "meta": {"topic": "frog4", "type": "Narrative", "language": "賽夏語, Saisiyat, Saisiyat", "speaker": "高玉美, lalo a tahaeS, female, 1967-2-22", "collected": "2003-01-01", "revised": "None", "video": "Sainr-frog4_lalo a tahaeS.mp3"}, "file": "Saisiyat_Tong-he/Sainr-frog4_lalo a tahaeS", "num": 43}], [44, {"ori": [], "gloss": [["...(0.8)", "", ""], ["ka", "NOM", "主格"], ["minatang.\\", "hole", "洞"]], "free": ["#e Oh, there's a hole.", "#c 噢,有個洞。"], "s_end": true, "iu_a_span": [109.02, 110.55], "meta": {"topic": "frog4", "type": "Narrative", "language": "賽夏語, Saisiyat, Saisiyat", "speaker": "高玉美, lalo a tahaeS, female, 1967-2-22", "collected": "2003-01-01", "revised": "None", "video": "Sainr-frog4_lalo a tahaeS.mp3"}, "s_a_span": [103.36, 110.55], "file": "Saisiyat_Tong-he/Sainr-frog4_lalo a tahaeS", "num": 44}], [45, {"ori": [], "gloss": [["...", "", ""], ["ka==", "NOM", "主格"], ["ano'./", "ano'", "ano'"]], "free": ["#e Aah ... it's a ...", "#c 啊,是 ..."], "s_end": true, "iu_a_span": [110.55, 111.42], "meta": {"topic": "frog4", "type": "Narrative", "language": "賽夏語, Saisiyat, Saisiyat", "speaker": "高玉美, lalo a tahaeS, female, 1967-2-22", "collected": "2003-01-01", "revised": "None", "video": "Sainr-frog4_lalo a tahaeS.mp3"}, "s_a_span": [110.55, 111.42], "file": "Saisiyat_Tong-he/Sainr-frog4_lalo a tahaeS", "num": 45}], [46, {"ori": [], "gloss": [["...", "", ""], ["takem", "frog", "青蛙"], ["mti'", "[hak]", "[hak]"], ["ma==", "FIL", "FIL"], ["hayza'", "EXIST", "存在"], ["ilahani", "there", "那裡"], ["'izo',/", "inside", "裡面"]], "free": ["#e The frog may have gone inside there.", "#c 青蛙可能在裡面。"], "s_end": true, "iu_a_span": [111.42, 114.6], "meta": {"topic": "frog4", "type": "Narrative", "language": "賽夏語, Saisiyat, Saisiyat", "speaker": "高玉美, lalo a tahaeS, female, 1967-2-22", "collected": "2003-01-01", "revised": "None", "video": "Sainr-frog4_lalo a tahaeS.mp3"}, "s_a_span": [111.42, 114.6], "file": "Saisiyat_Tong-he/Sainr-frog4_lalo a tahaeS", "num": 46}], [47, {"ori": [], "gloss": [["...(0.8)", "", ""], ["hiza", "there", "那裡"], ["'oe'oe", "call", "<主焦>叫"], ["ila", "PFV", "完成"], ["sa_", "DM", "DM"]], "free": [], "s_end": false, "iu_a_span": [114.6, 116.26], "meta": {"topic": "frog4", "type": "Narrative", "language": "賽夏語, Saisiyat, Saisiyat", "speaker": "高玉美, lalo a tahaeS, female, 1967-2-22", "collected": "2003-01-01", "revised": "None", "video": "Sainr-frog4_lalo a tahaeS.mp3"}, "file": "Saisiyat_Tong-he/Sainr-frog4_lalo a tahaeS", "num": 47}], [48, {"ori": [], "gloss": [["..", "", ""], ["take==m", "frog", "青蛙"], ["So'o", "2SG.NOM", "2SG.主格"], ["hani", "here.inside", "這裡面"], ["ray", "LOC", "處格"], ["'izo'", "inside", "裡面"], ["./", "", ""]], "free": ["#e There he called out, Frog, are you there inside?", "#c 他在那裡叫:青蛙,你在裡面嗎?"], "s_end": true, "iu_a_span": [116.26, 117.97], "meta": {"topic": "frog4", "type": "Narrative", "language": "賽夏語, Saisiyat, Saisiyat", "speaker": "高玉美, lalo a tahaeS, female, 1967-2-22", "collected": "2003-01-01", "revised": "None", "video": "Sainr-frog4_lalo a tahaeS.mp3"}, "s_a_span": [114.6, 117.97], "file": "Saisiyat_Tong-he/Sainr-frog4_lalo a tahaeS", "num": 48}], [49, {"ori": [], "gloss": [["...(0.9)", "", ""], ["hini'", "this", "這個"], ["'aehoe'", "dog", "狗"], ["kita'", "see", "<主焦>看"], ["ka", "ACC", "受格"], ["boya'", "beehive", "蜂窩"], ["Sa.\\", "DM", "DM"]], "free": ["#e The dog saw the beehive.", "#c 狗看到蜂窩。"], "s_end": true, "iu_a_span": [117.97, 120.51], "meta": {"topic": "frog4", "type": "Narrative", "language": "賽夏語, Saisiyat, Saisiyat", "speaker": "高玉美, lalo a tahaeS, female, 1967-2-22", "collected": "2003-01-01", "revised": "None", "video": "Sainr-frog4_lalo a tahaeS.mp3"}, "s_a_span": [117.97, 120.51], "file": "Saisiyat_Tong-he/Sainr-frog4_lalo a tahaeS", "num": 49}], [50, {"ori": [], "gloss": [["..", "", ""], ["hini'", "this", "這個"], ["kano'", "what", "什麼"], ["XX", "", ""], [",/", "", ""]], "free": [], "s_end": false, "iu_a_span": [120.51, 121.46], "meta": {"topic": "frog4", "type": "Narrative", "language": "賽夏語, Saisiyat, Saisiyat", "speaker": "高玉美, lalo a tahaeS, female, 1967-2-22", "collected": "2003-01-01", "revised": "None", "video": "Sainr-frog4_lalo a tahaeS.mp3"}, "file": "Saisiyat_Tong-he/Sainr-frog4_lalo a tahaeS", "num": 50}], [51, {"ori": [], "gloss": [["...(2.6)", "", ""], ["isaa=_", "there", "那裡"]], "free": [], "s_end": false, "iu_a_span": [121.46, 124.32], "meta": {"topic": "frog4", "type": "Narrative", "language": "賽夏語, Saisiyat, Saisiyat", "speaker": "高玉美, lalo a tahaeS, female, 1967-2-22", "collected": "2003-01-01", "revised": "None", "video": "Sainr-frog4_lalo a tahaeS.mp3"}, "file": "Saisiyat_Tong-he/Sainr-frog4_lalo a tahaeS", "num": 51}], [52, {"ori": [], "gloss": [["...(1.4)", "", ""], ["noka", "GEN", "屬格"], ["korkoring", "child", "小孩"], ["'oe'oe", "call", "<主焦>叫"], ["hini'", "this", "這個"], ["ka==.\\", "ACC", "受格"]], "free": ["#e The child called the ...", "#c 小孩叫這個 ..."], "s_end": true, "iu_a_span": [124.32, 127.82], "meta": {"topic": "frog4", "type": "Narrative", "language": "賽夏語, Saisiyat, Saisiyat", "speaker": "高玉美, lalo a tahaeS, female, 1967-2-22", "collected": "2003-01-01", "revised": "None", "video": "Sainr-frog4_lalo a tahaeS.mp3"}, "s_a_span": [120.51, 127.82], "file": "Saisiyat_Tong-he/Sainr-frog4_lalo a tahaeS", "num": 52}], [53, {"ori": [], "gloss": [["...(1.2)", "", ""], ["rarapal", "mouse", "田鼠"], ["hini'", "here", "這裡"], ["kas'oehaz,\\", "AF.move.out", "主焦.出來"]], "free": [], "s_end": false, "iu_a_span": [127.82, 130.26], "meta": {"topic": "frog4", "type": "Narrative", "language": "賽夏語, Saisiyat, Saisiyat", "speaker": "高玉美, lalo a tahaeS, female, 1967-2-22", "collected": "2003-01-01", "revised": "None", "video": "Sainr-frog4_lalo a tahaeS.mp3"}, "file": "Saisiyat_Tong-he/Sainr-frog4_lalo a tahaeS", "num": 53}], [54, {"ori": [], "gloss": [["..", "", ""], ["??", "", ""], ["takem.\\", "be.not", "不是"]], "free": ["#e A squirrel came out, not a frog.", "#c 田鼠出來,不是青蛙。"], "s_end": true, "iu_a_span": [130.26, 131.38], "meta": {"topic": "frog4", "type": "Narrative", "language": "賽夏語, Saisiyat, Saisiyat", "speaker": "高玉美, lalo a tahaeS, female, 1967-2-22", "collected": "2003-01-01", "revised": "None", "video": "Sainr-frog4_lalo a tahaeS.mp3"}, "s_a_span": [127.82, 131.38], "file": "Saisiyat_Tong-he/Sainr-frog4_lalo a tahaeS", "num": 54}], [55, {"ori": [], "gloss": [["...(1.5)", "", ""], ["hini'", "this", "這個"], ["'aehoe'", "dog", "狗"], ["shi", "[man]", "[man]"], ["kita'", "see", "<主焦>看"], ["ka", "ACC", "受格"], ["boya'./", "beehive", "蜂窩"]], "free": ["#e The dog saw the beehive.", "#c 狗看著蜂窩。"], "s_end": true, "iu_a_span": [131.38, 134.89], "meta": {"topic": "frog4", "type": "Narrative", "language": "賽夏語, Saisiyat, Saisiyat", "speaker": "高玉美, lalo a tahaeS, female, 1967-2-22", "collected": "2003-01-01", "revised": "None", "video": "Sainr-frog4_lalo a tahaeS.mp3"}, "s_a_span": [131.38, 134.89], "file": "Saisiyat_Tong-he/Sainr-frog4_lalo a tahaeS", "num": 55}], [56, {"ori": [], "gloss": [["...", "", ""], ["hahli", "push", "<主焦>推"], ["ryo,\\", "FIL", "FIL"]], "free": [], "s_end": false, "iu_a_span": [134.89, 136.32], "meta": {"topic": "frog4", "type": "Narrative", "language": "賽夏語, Saisiyat, Saisiyat", "speaker": "高玉美, lalo a tahaeS, female, 1967-2-22", "collected": "2003-01-01", "revised": "None", "video": "Sainr-frog4_lalo a tahaeS.mp3"}, "file": "Saisiyat_Tong-he/Sainr-frog4_lalo a tahaeS", "num": 56}], [57, {"ori": [], "gloss": [["...", "", ""], ["hahli==_", "push", "<主焦>推"]], "free": [], "s_end": false, "iu_a_span": [136.32, 137.59], "meta": {"topic": "frog4", "type": "Narrative", "language": "賽夏語, Saisiyat, Saisiyat", "speaker": "高玉美, lalo a tahaeS, female, 1967-2-22", "collected": "2003-01-01", "revised": "None", "video": "Sainr-frog4_lalo a tahaeS.mp3"}, "file": "Saisiyat_Tong-he/Sainr-frog4_lalo a tahaeS", "num": 57}], [58, {"ori": [], "gloss": [["...", "", ""], ["tee==", "FIL", "FIL"], ["ka==,\\", "ACC", "受格"]], "free": [], "s_end": false, "iu_a_span": [137.59, 139.07], "meta": {"topic": "frog4", "type": "Narrative", "language": "賽夏語, Saisiyat, Saisiyat", "speaker": "高玉美, lalo a tahaeS, female, 1967-2-22", "collected": "2003-01-01", "revised": "None", "video": "Sainr-frog4_lalo a tahaeS.mp3"}, "file": "Saisiyat_Tong-he/Sainr-frog4_lalo a tahaeS", "num": 58}], [59, {"ori": [], "gloss": [["...(1.0)", "", ""], ["ka", "ACC", "受格"], ["boya'_", "beehive", "蜂窩"]], "free": ["#e (The dog) shook the beehive.", "#c 搖蜂窩。"], "s_end": true, "iu_a_span": [139.07, 140.82], "meta": {"topic": "frog4", "type": "Narrative", "language": "賽夏語, Saisiyat, Saisiyat", "speaker": "高玉美, lalo a tahaeS, female, 1967-2-22", "collected": "2003-01-01", "revised": "None", "video": "Sainr-frog4_lalo a tahaeS.mp3"}, "s_a_span": [134.89, 140.82], "file": "Saisiyat_Tong-he/Sainr-frog4_lalo a tahaeS", "num": 59}], [60, {"ori": ["...(1.1)", "(COUGHS)"], "gloss": [], "free": [], "s_end": false, "iu_a_span": [140.82, 142.22], "meta": {"topic": "frog4", "type": "Narrative", "language": "賽夏語, Saisiyat, Saisiyat", "speaker": "高玉美, lalo a tahaeS, female, 1967-2-22", "collected": "2003-01-01", "revised": "None", "video": "Sainr-frog4_lalo a tahaeS.mp3"}, "file": "Saisiyat_Tong-he/Sainr-frog4_lalo a tahaeS", "num": 60}], [61, {"ori": [], "gloss": [["...(1.4)", "", ""], ["sahae'", "AF.fall", "主焦.掉落"], ["ila,\\", "PFV", "完成"]], "free": [], "s_end": false, "iu_a_span": [142.22, 144.4], "meta": {"topic": "frog4", "type": "Narrative", "language": "賽夏語, Saisiyat, Saisiyat", "speaker": "高玉美, lalo a tahaeS, female, 1967-2-22", "collected": "2003-01-01", "revised": "None", "video": "Sainr-frog4_lalo a tahaeS.mp3"}, "file": "Saisiyat_Tong-he/Sainr-frog4_lalo a tahaeS", "num": 61}], [62, {"ori": [], "gloss": [["...(0.9)", "", ""], ["??", "", ""], ["??", "", ""]], "free": ["#e (The beehive) fell down.", "#c (蜂窩)掉下來。"], "s_end": true, "iu_a_span": [144.4, 145.77], "meta": {"topic": "frog4", "type": "Narrative", "language": "賽夏語, Saisiyat, Saisiyat", "speaker": "高玉美, lalo a tahaeS, female, 1967-2-22", "collected": "2003-01-01", "revised": "None", "video": "Sainr-frog4_lalo a tahaeS.mp3"}, "s_a_span": [140.82, 145.77], "file": "Saisiyat_Tong-he/Sainr-frog4_lalo a tahaeS", "num": 62}], [63, {"ori": [], "gloss": [["...(2.9)", "", ""], ["hini=='", "this", "這個"], ["korkoring_", "child", "小孩"]], "free": [], "s_end": false, "iu_a_span": [145.77, 150.05], "meta": {"topic": "frog4", "type": "Narrative", "language": "賽夏語, Saisiyat, Saisiyat", "speaker": "高玉美, lalo a tahaeS, female, 1967-2-22", "collected": "2003-01-01", "revised": "None", "video": "Sainr-frog4_lalo a tahaeS.mp3"}, "file": "Saisiyat_Tong-he/Sainr-frog4_lalo a tahaeS", "num": 63}], [64, {"ori": [], "gloss": [["...(0.7)", "", ""], ["kita'", "see", "<主焦>看"], ["ka", "ACC", "受格"], ["hiza'", "that", "那個"], ["ka==_", "ACC", "受格"]], "free": [], "s_end": false, "iu_a_span": [150.05, 152.27], "meta": {"topic": "frog4", "type": "Narrative", "language": "賽夏語, Saisiyat, Saisiyat", "speaker": "高玉美, lalo a tahaeS, female, 1967-2-22", "collected": "2003-01-01", "revised": "None", "video": "Sainr-frog4_lalo a tahaeS.mp3"}, "file": "Saisiyat_Tong-he/Sainr-frog4_lalo a tahaeS", "num": 64}], [65, {"ori": [], "gloss": [["...", "", ""], ["ray", "LOC", "處格"], ["kaehoey,\\", "tree", "樹"]], "free": [], "s_end": false, "iu_a_span": [152.27, 153.62], "meta": {"topic": "frog4", "type": "Narrative", "language": "賽夏語, Saisiyat, Saisiyat", "speaker": "高玉美, lalo a tahaeS, female, 1967-2-22", "collected": "2003-01-01", "revised": "None", "video": "Sainr-frog4_lalo a tahaeS.mp3"}, "file": "Saisiyat_Tong-he/Sainr-frog4_lalo a tahaeS", "num": 65}], [66, {"ori": [], "gloss": [["...", "", ""], ["minatang.\\", "hole", "洞"]], "free": ["#e The child saw a hole up the tree.", "#c 小孩看到在樹上的洞。"], "s_end": true, "iu_a_span": [153.62, 154.87], "meta": {"topic": "frog4", "type": "Narrative", "language": "賽夏語, Saisiyat, Saisiyat", "speaker": "高玉美, lalo a tahaeS, female, 1967-2-22", "collected": "2003-01-01", "revised": "None", "video": "Sainr-frog4_lalo a tahaeS.mp3"}, "s_a_span": [145.77, 154.87], "file": "Saisiyat_Tong-he/Sainr-frog4_lalo a tahaeS", "num": 66}], [67, {"ori": [], "gloss": [["...(1.6)", "", ""], ["koSa:==", "say", "<主焦>說"], ["takem", "frog", "青蛙"], ["hao", "there", "那裡"], ["ray", "LOC", "處格"], ["'izo'_", "inside", "裡面"]], "free": [], "s_end": false, "iu_a_span": [154.87, 158.28], "meta": {"topic": "frog4", "type": "Narrative", "language": "賽夏語, Saisiyat, Saisiyat", "speaker": "高玉美, lalo a tahaeS, female, 1967-2-22", "collected": "2003-01-01", "revised": "None", "video": "Sainr-frog4_lalo a tahaeS.mp3"}, "file": "Saisiyat_Tong-he/Sainr-frog4_lalo a tahaeS", "num": 67}], [68, {"ori": [], "gloss": [["...(1.1)", "", ""], ["'am", "FUT", "未來"], ["rima'", "AF.go", "主焦.去"], ["ki:im.\\", "look.for", "<主焦>尋找"]], "free": ["#e He thought the frog was inside there, and went to take a look.", "#c 他想說青蛙在裡面,就去找。"], "s_end": true, "iu_a_span": [158.28, 160.53], "meta": {"topic": "frog4", "type": "Narrative", "language": "賽夏語, Saisiyat, Saisiyat", "speaker": "高玉美, lalo a tahaeS, female, 1967-2-22", "collected": "2003-01-01", "revised": "None", "video": "Sainr-frog4_lalo a tahaeS.mp3"}, "s_a_span": [154.87, 160.53], "file": "Saisiyat_Tong-he/Sainr-frog4_lalo a tahaeS", "num": 68}], [69, {"ori": [], "gloss": [["...(2.5)", "", ""], ["XX", "", ""], ["ka==", "NOM", "主格"], ["XX", "", ""], ["XX.\\", "", ""]], "free": ["#e An owl came out.", "#c 一隻貓頭鷹出來了。", "#n 老師覺得整句應為:", "#n Note: Informant feels the following should be uttered:", "#n kita'-en ka== kal'oe kas'oehaz", "#n see-pf nom owl af.move.out", "#n 看-受焦 主格 貓頭鷹 主焦.出來"], "s_end": true, "iu_a_span": [160.53, 165.06], "meta": {"topic": "frog4", "type": "Narrative", "language": "賽夏語, Saisiyat, Saisiyat", "speaker": "高玉美, lalo a tahaeS, female, 1967-2-22", "collected": "2003-01-01", "revised": "None", "video": "Sainr-frog4_lalo a tahaeS.mp3"}, "s_a_span": [160.53, 165.06], "file": "Saisiyat_Tong-he/Sainr-frog4_lalo a tahaeS", "num": 69}], [70, {"ori": [], "gloss": [["...(1.2)", "", ""], ["sia", "3SG.NOM", "3SG.主格"], ["homses", "AF.frightened", "主焦.嚇到"], ["sahae'", "AF.fall", "主焦.掉"], ["ila", "PFV", "完成"], ["ray", "LOC", "處格"], ["kah--", "FS", "FS"], ["ray", "LOC", "處格"], ["ra:i',\\", "ground", "地"]], "free": [], "s_end": false, "iu_a_span": [165.06, 167.86], "meta": {"topic": "frog4", "type": "Narrative", "language": "賽夏語, Saisiyat, Saisiyat", "speaker": "高玉美, lalo a tahaeS, female, 1967-2-22", "collected": "2003-01-01", "revised": "None", "video": "Sainr-frog4_lalo a tahaeS.mp3"}, "file": "Saisiyat_Tong-he/Sainr-frog4_lalo a tahaeS", "num": 70}], [71, {"ori": [], "gloss": [["...(0.7)", "", ""], ["ray", "LOC", "處格"], ["kaehoey", "tree", "樹"], ["babaw", "above", "上面"], ["ima=,\\", "FIL", "FIL"]], "free": [], "s_end": false, "iu_a_span": [167.86, 169.5], "meta": {"topic": "frog4", "type": "Narrative", "language": "賽夏語, Saisiyat, Saisiyat", "speaker": "高玉美, lalo a tahaeS, female, 1967-2-22", "collected": "2003-01-01", "revised": "None", "video": "Sainr-frog4_lalo a tahaeS.mp3"}, "file": "Saisiyat_Tong-he/Sainr-frog4_lalo a tahaeS", "num": 71}], [72, {"ori": [], "gloss": [["..", "", ""], ["ma", "FIL", "FIL"], ["sahae'", "AF.fall", "主焦.掉落"], ["ray", "LOC", "處格"], ["ra:i'.\\", "ground", "地"]], "free": ["#e He got frightened and fell to the ground from up the tree.", "#c 他嚇到了,從樹上掉到地上。"], "s_end": true, "iu_a_span": [169.5, 170.98], "meta": {"topic": "frog4", "type": "Narrative", "language": "賽夏語, Saisiyat, Saisiyat", "speaker": "高玉美, lalo a tahaeS, female, 1967-2-22", "collected": "2003-01-01", "revised": "None", "video": "Sainr-frog4_lalo a tahaeS.mp3"}, "s_a_span": [165.06, 170.98], "file": "Saisiyat_Tong-he/Sainr-frog4_lalo a tahaeS", "num": 72}], [73, {"ori": [], "gloss": [["...(1.5)", "", ""], ["hini'", "this", "這個"], ["'aehoe'", "dog", "狗"], ["ma'==,\\", "too", "也"]], "free": [], "s_end": false, "iu_a_span": [170.98, 173.55], "meta": {"topic": "frog4", "type": "Narrative", "language": "賽夏語, Saisiyat, Saisiyat", "speaker": "高玉美, lalo a tahaeS, female, 1967-2-22", "collected": "2003-01-01", "revised": "None", "video": "Sainr-frog4_lalo a tahaeS.mp3"}, "file": "Saisiyat_Tong-he/Sainr-frog4_lalo a tahaeS", "num": 73}], [74, {"ori": [], "gloss": [["...(1.6)", "", ""], ["hahli", "shake", "<主焦>搖"], ["ka", "ACC", "受格"], ["pak-sahae'", "CAU-AF.fall", "使役-掉"], ["ka", "ACC", "受格"], ["boya',\\", "beehive", "蜂窩"]], "free": [], "s_end": false, "iu_a_span": [173.55, 176.91], "meta": {"topic": "frog4", "type": "Narrative", "language": "賽夏語, Saisiyat, Saisiyat", "speaker": "高玉美, lalo a tahaeS, female, 1967-2-22", "collected": "2003-01-01", "revised": "None", "video": "Sainr-frog4_lalo a tahaeS.mp3"}, "file": "Saisiyat_Tong-he/Sainr-frog4_lalo a tahaeS", "num": 74}], [75, {"ori": [], "gloss": [["..", "", ""], ["sowaw-en", "chase-PF", "追-受焦"], ["ila", "PFV", "完成"], ["noka", "GEN", "屬格"], ["boya'.\\", "beehive", "蜂窩"]], "free": ["#e The dog was also shaking the beehive (until it) fell (to the ground), and the bees chased (the dog)", "#c 狗也在搖蜂窩,使蜂窩掉下來,蜂就追狗。"], "s_end": true, "iu_a_span": [176.91, 178.39], "meta": {"topic": "frog4", "type": "Narrative", "language": "賽夏語, Saisiyat, Saisiyat", "speaker": "高玉美, lalo a tahaeS, female, 1967-2-22", "collected": "2003-01-01", "revised": "None", "video": "Sainr-frog4_lalo a tahaeS.mp3"}, "s_a_span": [170.98, 178.39], "file": "Saisiyat_Tong-he/Sainr-frog4_lalo a tahaeS", "num": 75}], [76, {"ori": [], "gloss": [["...(2.2)", "", ""], ["isahini", "this", "這個"], ["korkoring", "child", "小孩"], ["ma,/", "too", "也"]], "free": [], "s_end": false, "iu_a_span": [178.39, 181.84], "meta": {"topic": "frog4", "type": "Narrative", "language": "賽夏語, Saisiyat, Saisiyat", "speaker": "高玉美, lalo a tahaeS, female, 1967-2-22", "collected": "2003-01-01", "revised": "None", "video": "Sainr-frog4_lalo a tahaeS.mp3"}, "file": "Saisiyat_Tong-he/Sainr-frog4_lalo a tahaeS", "num": 76}], [77, {"ori": [], "gloss": [["...(2.3)", "", ""], ["sowaw-en", "chase-PF", "追-受焦"], ["noka==", "GEN", "屬格"], ["kal'oe./", "owl", "貓頭鷹"]], "free": ["#e The owl also chased the child.", "#c 貓頭鷹也追小孩。"], "s_end": true, "iu_a_span": [181.84, 185.58], "meta": {"topic": "frog4", "type": "Narrative", "language": "賽夏語, Saisiyat, Saisiyat", "speaker": "高玉美, lalo a tahaeS, female, 1967-2-22", "collected": "2003-01-01", "revised": "None", "video": "Sainr-frog4_lalo a tahaeS.mp3"}, "s_a_span": [178.39, 185.58], "file": "Saisiyat_Tong-he/Sainr-frog4_lalo a tahaeS", "num": 77}], [78, {"ori": [], "gloss": [["...", "", ""], ["ka,\\", "FIL", "FIL"]], "free": [], "s_end": false, "iu_a_span": [185.58, 186.51], "meta": {"topic": "frog4", "type": "Narrative", "language": "賽夏語, Saisiyat, Saisiyat", "speaker": "高玉美, lalo a tahaeS, female, 1967-2-22", "collected": "2003-01-01", "revised": "None", "video": "Sainr-frog4_lalo a tahaeS.mp3"}, "file": "Saisiyat_Tong-he/Sainr-frog4_lalo a tahaeS", "num": 78}], [79, {"ori": [], "gloss": [["...", "", ""], ["kaSna'itol", "AF.move.up", "主焦.上去"], ["ra==y,\\", "LOC", "處格"]], "free": [], "s_end": false, "iu_a_span": [186.51, 187.86], "meta": {"topic": "frog4", "type": "Narrative", "language": "賽夏語, Saisiyat, Saisiyat", "speaker": "高玉美, lalo a tahaeS, female, 1967-2-22", "collected": "2003-01-01", "revised": "None", "video": "Sainr-frog4_lalo a tahaeS.mp3"}, "file": "Saisiyat_Tong-he/Sainr-frog4_lalo a tahaeS", "num": 79}], [80, {"ori": [], "gloss": [["...", "", ""], ["ray", "LOC", "處格"], ["bato'", "rock", "石頭"], ["babaw", "above", "上面"], ["'oe'oe", "call", "<主焦>叫"], ["ila", "PFV", "完成"], ["ka==,\\", "ACC", "受格"]], "free": [], "s_end": false, "iu_a_span": [187.86, 190.33], "meta": {"topic": "frog4", "type": "Narrative", "language": "賽夏語, Saisiyat, Saisiyat", "speaker": "高玉美, lalo a tahaeS, female, 1967-2-22", "collected": "2003-01-01", "revised": "None", "video": "Sainr-frog4_lalo a tahaeS.mp3"}, "file": "Saisiyat_Tong-he/Sainr-frog4_lalo a tahaeS", "num": 80}], [81, {"ori": [], "gloss": [["...(1.0)", "", ""], ["takem.\\", "frog", "青蛙"]], "free": ["#e (The boy) climbed up the rock and called the frog.", "#c (男孩)爬上石頭,叫那個青蛙。"], "s_end": true, "iu_a_span": [190.33, 191.8], "meta": {"topic": "frog4", "type": "Narrative", "language": "賽夏語, Saisiyat, Saisiyat", "speaker": "高玉美, lalo a tahaeS, female, 1967-2-22", "collected": "2003-01-01", "revised": "None", "video": "Sainr-frog4_lalo a tahaeS.mp3"}, "s_a_span": [185.58, 191.8], "file": "Saisiyat_Tong-he/Sainr-frog4_lalo a tahaeS", "num": 81}], [82, {"ori": [], "gloss": [["...(0.8)", "", ""], ["hini'", "this", "這個"], ["'aehoe'", "dog", "狗"], ["ma'", "too", "也"], ["'ima", "PROG", "進行"], ["sazek", "smell", "<主焦>聞"], ["sa", "DM", "DM"], ["takem", "frog", "青蛙"], ["hahano", "sticky.substance", "黏黏的東西"], ["./", "", ""]], "free": ["#e The dog sniffed for the frog.", "#c 小狗為了找青蛙聞。"], "s_end": true, "iu_a_span": [191.8, 195.13], "meta": {"topic": "frog4", "type": "Narrative", "language": "賽夏語, Saisiyat, Saisiyat", "speaker": "高玉美, lalo a tahaeS, female, 1967-2-22", "collected": "2003-01-01", "revised": "None", "video": "Sainr-frog4_lalo a tahaeS.mp3"}, "s_a_span": [191.8, 195.13], "file": "Saisiyat_Tong-he/Sainr-frog4_lalo a tahaeS", "num": 82}], [83, {"ori": [], "gloss": [["...(0.8)", "", ""], ["'oe'oe", "call", "<主焦>叫"], ["'oe'oe==_", "call", "<主焦>叫"]], "free": ["#e (The child kept on) calling.", "#c 一直叫。"], "s_end": true, "iu_a_span": [195.13, 196.73], "meta": {"topic": "frog4", "type": "Narrative", "language": "賽夏語, Saisiyat, Saisiyat", "speaker": "高玉美, lalo a tahaeS, female, 1967-2-22", "collected": "2003-01-01", "revised": "None", "video": "Sainr-frog4_lalo a tahaeS.mp3"}, "s_a_span": [195.13, 196.73], "file": "Saisiyat_Tong-he/Sainr-frog4_lalo a tahaeS", "num": 83}], [84, {"ori": [], "gloss": [["..", "", ""], ["hini'", "this", "這個"], ["ka==", "NOM", "主格"], ["'aehoe',/", "dog", "狗"]], "free": [], "s_end": false, "iu_a_span": [196.73, 198.18], "meta": {"topic": "frog4", "type": "Narrative", "language": "賽夏語, Saisiyat, Saisiyat", "speaker": "高玉美, lalo a tahaeS, female, 1967-2-22", "collected": "2003-01-01", "revised": "None", "video": "Sainr-frog4_lalo a tahaeS.mp3"}, "file": "Saisiyat_Tong-he/Sainr-frog4_lalo a tahaeS", "num": 84}], [85, {"ori": [], "gloss": [["...(1.0)", "", ""], ["rima'", "AF.go", "主焦.去"], ["ray", "LOC", "處格"], ["bato'", "rock", "石頭"], ["hikor./", "behind", "後面"]], "free": ["#e The dog went behind the rock.", "#c 狗跑去石頭後面。"], "s_end": true, "iu_a_span": [198.18, 200.29], "meta": {"topic": "frog4", "type": "Narrative", "language": "賽夏語, Saisiyat, Saisiyat", "speaker": "高玉美, lalo a tahaeS, female, 1967-2-22", "collected": "2003-01-01", "revised": "None", "video": "Sainr-frog4_lalo a tahaeS.mp3"}, "s_a_span": [196.73, 200.29], "file": "Saisiyat_Tong-he/Sainr-frog4_lalo a tahaeS", "num": 85}], [86, {"ori": [], "gloss": [["...(0.7)", "", ""], ["kita'-en", "see-PF", "看-受焦"], ["ka==,\\", "NOM", "主格"]], "free": [], "s_end": false, "iu_a_span": [200.29, 201.96], "meta": {"topic": "frog4", "type": "Narrative", "language": "賽夏語, Saisiyat, Saisiyat", "speaker": "高玉美, lalo a tahaeS, female, 1967-2-22", "collected": "2003-01-01", "revised": "None", "video": "Sainr-frog4_lalo a tahaeS.mp3"}, "file": "Saisiyat_Tong-he/Sainr-frog4_lalo a tahaeS", "num": 86}], [87, {"ori": [], "gloss": [["...", "", ""], ["hini=='", "this", "這個"], ["wae'ae'_", "deer", "鹿"]], "free": [], "s_end": false, "iu_a_span": [201.96, 203.39], "meta": {"topic": "frog4", "type": "Narrative", "language": "賽夏語, Saisiyat, Saisiyat", "speaker": "高玉美, lalo a tahaeS, female, 1967-2-22", "collected": "2003-01-01", "revised": "None", "video": "Sainr-frog4_lalo a tahaeS.mp3"}, "file": "Saisiyat_Tong-he/Sainr-frog4_lalo a tahaeS", "num": 87}], [88, {"ori": [], "gloss": [["...(0.8)", "", ""], ["wae'ae'", "deer", "鹿"], ["kas'oehaz", "AF.move.out", "主焦.出來"], ["homses", "AF.frightened", "主焦.嚇到"], ["hini'.\\", "here", "這裡"]], "free": ["#e The deer came out.", "#c 鹿跑出來了。"], "s_end": true, "iu_a_span": [203.39, 205.95], "meta": {"topic": "frog4", "type": "Narrative", "language": "賽夏語, Saisiyat, Saisiyat", "speaker": "高玉美, lalo a tahaeS, female, 1967-2-22", "collected": "2003-01-01", "revised": "None", "video": "Sainr-frog4_lalo a tahaeS.mp3"}, "s_a_span": [200.29, 205.95], "file": "Saisiyat_Tong-he/Sainr-frog4_lalo a tahaeS", "num": 88}], [89, {"ori": [], "gloss": [["...(1.0)", "", ""], ["homses", "AF.frightened", "主焦.嚇到"], ["isahini", "here", "這裡"], ["ka==,\\", "NOM", "主格"]], "free": [], "s_end": false, "iu_a_span": [205.95, 208.3], "meta": {"topic": "frog4", "type": "Narrative", "language": "賽夏語, Saisiyat, Saisiyat", "speaker": "高玉美, lalo a tahaeS, female, 1967-2-22", "collected": "2003-01-01", "revised": "None", "video": "Sainr-frog4_lalo a tahaeS.mp3"}, "file": "Saisiyat_Tong-he/Sainr-frog4_lalo a tahaeS", "num": 89}], [90, {"ori": [], "gloss": [["...(0.8)", "", ""], ["korkoring,\\", "child", "小孩"]], "free": [], "s_end": false, "iu_a_span": [208.3, 209.89], "meta": {"topic": "frog4", "type": "Narrative", "language": "賽夏語, Saisiyat, Saisiyat", "speaker": "高玉美, lalo a tahaeS, female, 1967-2-22", "collected": "2003-01-01", "revised": "None", "video": "Sainr-frog4_lalo a tahaeS.mp3"}, "file": "Saisiyat_Tong-he/Sainr-frog4_lalo a tahaeS", "num": 90}], [91, {"ori": [], "gloss": [["...(1.7)", "", ""], ["totoho==", "[hak]", "[hak]"], ["hini'=", "this", "這個"], ["..", "", ""], ["ma==,\\", "FIL", "FIL"]], "free": [], "s_end": false, "iu_a_span": [209.89, 213.22], "meta": {"topic": "frog4", "type": "Narrative", "language": "賽夏語, Saisiyat, Saisiyat", "speaker": "高玉美, lalo a tahaeS, female, 1967-2-22", "collected": "2003-01-01", "revised": "None", "video": "Sainr-frog4_lalo a tahaeS.mp3"}, "file": "Saisiyat_Tong-he/Sainr-frog4_lalo a tahaeS", "num": 91}], [92, {"ori": [], "gloss": [["...(0.7)", "", ""], ["s--", "FS", "FS"], ["...", "", ""], ["si==...paka:i", "RF-hang", "指焦-吊"], ["ra==y,\\", "LOC", "處格"]], "free": [], "s_end": false, "iu_a_span": [213.22, 216.68], "meta": {"topic": "frog4", "type": "Narrative", "language": "賽夏語, Saisiyat, Saisiyat", "speaker": "高玉美, lalo a tahaeS, female, 1967-2-22", "collected": "2003-01-01", "revised": "None", "video": "Sainr-frog4_lalo a tahaeS.mp3"}, "file": "Saisiyat_Tong-he/Sainr-frog4_lalo a tahaeS", "num": 92}], [93, {"ori": [], "gloss": [["...(1.0)", "", ""], ["wae'ae'", "deer", "鹿"], ["a", "POSS", "所有格"], ["ta'oeloeh_", "head", "頭"]], "free": ["#e The child got frightened and hang on top of the deer's head.", "#c 小孩嚇到了,吊在鹿的頭上。"], "s_end": true, "iu_a_span": [216.68, 218.72], "meta": {"topic": "frog4", "type": "Narrative", "language": "賽夏語, Saisiyat, Saisiyat", "speaker": "高玉美, lalo a tahaeS, female, 1967-2-22", "collected": "2003-01-01", "revised": "None", "video": "Sainr-frog4_lalo a tahaeS.mp3"}, "s_a_span": [205.95, 218.72], "file": "Saisiyat_Tong-he/Sainr-frog4_lalo a tahaeS", "num": 93}], [94, {"ori": [], "gloss": [["...(1.5)", "", ""], ["wae'ae'", "deer", "鹿"], ["ma'", "too", "也"], ["homses", "AF.frightened", "主焦.嚇到"], ["'ae'ae:aew", "AF.run", "主焦.跑"], ["ila", "PFV", "完成"], ["'ae'ae:aew", "AF.run", "主焦.跑"], ["o==_", "DM", "DM"]], "free": ["#e The deer also got frightened and ran away.", "#c 鹿也嚇到了,就跑走了。"], "s_end": true, "iu_a_span": [218.72, 222.64], "meta": {"topic": "frog4", "type": "Narrative", "language": "賽夏語, Saisiyat, Saisiyat", "speaker": "高玉美, lalo a tahaeS, female, 1967-2-22", "collected": "2003-01-01", "revised": "None", "video": "Sainr-frog4_lalo a tahaeS.mp3"}, "s_a_span": [218.72, 222.64], "file": "Saisiyat_Tong-he/Sainr-frog4_lalo a tahaeS", "num": 94}], [95, {"ori": [], "gloss": [["...", "", ""], ["m-wa:i'", "AF-come", "主焦-來"], ["ra==y", "LOC", "處格"], ["'a==,\\", "FIL", "FIL"]], "free": [], "s_end": false, "iu_a_span": [222.64, 223.74], "meta": {"topic": "frog4", "type": "Narrative", "language": "賽夏語, Saisiyat, Saisiyat", "speaker": "高玉美, lalo a tahaeS, female, 1967-2-22", "collected": "2003-01-01", "revised": "None", "video": "Sainr-frog4_lalo a tahaeS.mp3"}, "file": "Saisiyat_Tong-he/Sainr-frog4_lalo a tahaeS", "num": 95}], [96, {"ori": [], "gloss": [["...", "", ""], ["ra==y,\\", "LOC", "處格"]], "free": [], "s_end": false, "iu_a_span": [223.74, 224.95], "meta": {"topic": "frog4", "type": "Narrative", "language": "賽夏語, Saisiyat, Saisiyat", "speaker": "高玉美, lalo a tahaeS, female, 1967-2-22", "collected": "2003-01-01", "revised": "None", "video": "Sainr-frog4_lalo a tahaeS.mp3"}, "file": "Saisiyat_Tong-he/Sainr-frog4_lalo a tahaeS", "num": 96}], [97, {"ori": [], "gloss": [["...(0.9)", "", ""], ["'ataS", "cliff", "懸崖"], ["o:.\\", "DM", "DM"]], "free": ["#e and came to a cliff.", "#c 來到懸崖。"], "s_end": true, "iu_a_span": [224.95, 226.4], "meta": {"topic": "frog4", "type": "Narrative", "language": "賽夏語, Saisiyat, Saisiyat", "speaker": "高玉美, lalo a tahaeS, female, 1967-2-22", "collected": "2003-01-01", "revised": "None", "video": "Sainr-frog4_lalo a tahaeS.mp3"}, "s_a_span": [222.64, 226.4], "file": "Saisiyat_Tong-he/Sainr-frog4_lalo a tahaeS", "num": 97}], [98, {"ori": [], "gloss": [["...", "", ""], ["hiza", "that", "那個"], ["((CLEARS", "", ""], ["THROAT)),/", "", ""]], "free": [], "s_end": false, "iu_a_span": [226.4, 228.0], "meta": {"topic": "frog4", "type": "Narrative", "language": "賽夏語, Saisiyat, Saisiyat", "speaker": "高玉美, lalo a tahaeS, female, 1967-2-22", "collected": "2003-01-01", "revised": "None", "video": "Sainr-frog4_lalo a tahaeS.mp3"}, "file": "Saisiyat_Tong-he/Sainr-frog4_lalo a tahaeS", "num": 98}], [99, {"ori": [], "gloss": [["...(2.1)", "", ""], ["wae'ae'=,\\", "deer", "鹿"]], "free": [], "s_end": false, "iu_a_span": [228.0, 230.44], "meta": {"topic": "frog4", "type": "Narrative", "language": "賽夏語, Saisiyat, Saisiyat", "speaker": "高玉美, lalo a tahaeS, female, 1967-2-22", "collected": "2003-01-01", "revised": "None", "video": "Sainr-frog4_lalo a tahaeS.mp3"}, "file": "Saisiyat_Tong-he/Sainr-frog4_lalo a tahaeS", "num": 99}], [100, {"ori": [], "gloss": [["...(1.2)", "", ""], ["hiza'", "that", "那個"], ["ka==,\\", "NOM", "主格"]], "free": [], "s_end": false, "iu_a_span": [230.44, 232.58], "meta": {"topic": "frog4", "type": "Narrative", "language": "賽夏語, Saisiyat, Saisiyat", "speaker": "高玉美, lalo a tahaeS, female, 1967-2-22", "collected": "2003-01-01", "revised": "None", "video": "Sainr-frog4_lalo a tahaeS.mp3"}, "file": "Saisiyat_Tong-he/Sainr-frog4_lalo a tahaeS", "num": 100}], [101, {"ori": [], "gloss": [["...", "", ""], ["korkoring", "child", "小孩"], ["ki==", "and", "和"], ["'aehoe',\\", "dog", "狗"]], "free": [], "s_end": false, "iu_a_span": [232.58, 234.59], "meta": {"topic": "frog4", "type": "Narrative", "language": "賽夏語, Saisiyat, Saisiyat", "speaker": "高玉美, lalo a tahaeS, female, 1967-2-22", "collected": "2003-01-01", "revised": "None", "video": "Sainr-frog4_lalo a tahaeS.mp3"}, "file": "Saisiyat_Tong-he/Sainr-frog4_lalo a tahaeS", "num": 101}], [102, {"ori": [], "gloss": [["...", "", ""], ["sahae'", "AF.fall", "主焦.掉落"], ["ila", "PFV", "完成"], ["ray", "LOC", "處格"], ["ralom,\\", "water", "水"]], "free": [], "s_end": false, "iu_a_span": [234.59, 236.1], "meta": {"topic": "frog4", "type": "Narrative", "language": "賽夏語, Saisiyat, Saisiyat", "speaker": "高玉美, lalo a tahaeS, female, 1967-2-22", "collected": "2003-01-01", "revised": "None", "video": "Sainr-frog4_lalo a tahaeS.mp3"}, "file": "Saisiyat_Tong-he/Sainr-frog4_lalo a tahaeS", "num": 102}], [103, {"ori": [], "gloss": [["...(2.8)", "", ""], ["sahae'", "AF.fall", "主焦.掉落"], ["ray", "LOC", "處格"], ["ralom_", "water", "水"]], "free": ["#e The child and dog fell into the water.", "#c 小孩和狗掉到水裡。"], "s_end": true, "iu_a_span": [236.1, 240.01], "meta": {"topic": "frog4", "type": "Narrative", "language": "賽夏語, Saisiyat, Saisiyat", "speaker": "高玉美, lalo a tahaeS, female, 1967-2-22", "collected": "2003-01-01", "revised": "None", "video": "Sainr-frog4_lalo a tahaeS.mp3"}, "s_a_span": [226.4, 240.01], "file": "Saisiyat_Tong-he/Sainr-frog4_lalo a tahaeS", "num": 103}], [104, {"ori": [], "gloss": [["...(2.5)", "", ""], ["kita'-en_", "see-PF", "看-受焦"]], "free": [], "s_end": false, "iu_a_span": [240.01, 242.97], "meta": {"topic": "frog4", "type": "Narrative", "language": "賽夏語, Saisiyat, Saisiyat", "speaker": "高玉美, lalo a tahaeS, female, 1967-2-22", "collected": "2003-01-01", "revised": "None", "video": "Sainr-frog4_lalo a tahaeS.mp3"}, "file": "Saisiyat_Tong-he/Sainr-frog4_lalo a tahaeS", "num": 104}], [105, {"ori": [], "gloss": [["...(2.2)", "", ""], ["yo==", "INT", "感嘆"], ["kano'", "what", "什麼"], ["ray", "LOC", "處格"], ["hani", "here", "這裡"], ["Sa,\\", "DM", "DM"]], "free": [], "s_end": false, "iu_a_span": [242.97, 246.43], "meta": {"topic": "frog4", "type": "Narrative", "language": "賽夏語, Saisiyat, Saisiyat", "speaker": "高玉美, lalo a tahaeS, female, 1967-2-22", "collected": "2003-01-01", "revised": "None", "video": "Sainr-frog4_lalo a tahaeS.mp3"}, "file": "Saisiyat_Tong-he/Sainr-frog4_lalo a tahaeS", "num": 105}], [106, {"ori": [], "gloss": [["...(1.0)", "", ""], ["kano'", "what", "什麼"], ["ray", "LOC", "處格"], ["hani", "here", "這裡"], ["Sa", "DM", "DM"], ["'ima==", "PROG", "進行"], ["ma-atol", "AF-sing", "主焦-唱"], ["a.\\", "DM", "DM"]], "free": ["#e What is singing there?", "#c 什麼東西在這裡唱歌?"], "s_end": true, "iu_a_span": [246.43, 249.65], "meta": {"topic": "frog4", "type": "Narrative", "language": "賽夏語, Saisiyat, Saisiyat", "speaker": "高玉美, lalo a tahaeS, female, 1967-2-22", "collected": "2003-01-01", "revised": "None", "video": "Sainr-frog4_lalo a tahaeS.mp3"}, "s_a_span": [240.01, 249.65], "file": "Saisiyat_Tong-he/Sainr-frog4_lalo a tahaeS", "num": 106}], [107, {"ori": [], "gloss": [["...(2.5)", "", ""], ["??", "", ""], [",\\", "", ""]], "free": [], "s_end": false, "iu_a_span": [249.65, 252.69], "meta": {"topic": "frog4", "type": "Narrative", "language": "賽夏語, Saisiyat, Saisiyat", "speaker": "高玉美, lalo a tahaeS, female, 1967-2-22", "collected": "2003-01-01", "revised": "None", "video": "Sainr-frog4_lalo a tahaeS.mp3"}, "file": "Saisiyat_Tong-he/Sainr-frog4_lalo a tahaeS", "num": 107}], [108, {"ori": [], "gloss": [["...(1.0)", "", ""], ["'iyahimi'", "AF.quiet", "主焦.安靜"], ["isaa", "that", "那個"], ["ka", "NOM", "主格"], ["'aehoe'", "dog", "狗"], ["Sa", "DM", "DM"], ["t--_", "FS", "FS"]], "free": [], "s_end": false, "iu_a_span": [252.69, 255.16], "meta": {"topic": "frog4", "type": "Narrative", "language": "賽夏語, Saisiyat, Saisiyat", "speaker": "高玉美, lalo a tahaeS, female, 1967-2-22", "collected": "2003-01-01", "revised": "None", "video": "Sainr-frog4_lalo a tahaeS.mp3"}, "file": "Saisiyat_Tong-he/Sainr-frog4_lalo a tahaeS", "num": 108}], [109, {"ori": [], "gloss": [["...", "", ""], ["'iyahimi'.\\", "AF.quiet", "主焦.安靜"]], "free": ["#e He told the dog to 'be quiet.'", "#c 他跟小狗說要安靜。"], "s_end": true, "iu_a_span": [255.16, 256.04], "meta": {"topic": "frog4", "type": "Narrative", "language": "賽夏語, Saisiyat, Saisiyat", "speaker": "高玉美, lalo a tahaeS, female, 1967-2-22", "collected": "2003-01-01", "revised": "None", "video": "Sainr-frog4_lalo a tahaeS.mp3"}, "s_a_span": [249.65, 256.04], "file": "Saisiyat_Tong-he/Sainr-frog4_lalo a tahaeS", "num": 109}], [110, {"ori": [], "gloss": [["...(1.1)", "", ""], ["isaa", "there", "那裡"], ["ra==y", "LOC", "處格"], ["kaehoey_", "tree", "樹"]], "free": [], "s_end": false, "iu_a_span": [256.04, 258.27], "meta": {"topic": "frog4", "type": "Narrative", "language": "賽夏語, Saisiyat, Saisiyat", "speaker": "高玉美, lalo a tahaeS, female, 1967-2-22", "collected": "2003-01-01", "revised": "None", "video": "Sainr-frog4_lalo a tahaeS.mp3"}, "file": "Saisiyat_Tong-he/Sainr-frog4_lalo a tahaeS", "num": 110}], [111, {"ori": [], "gloss": [["..", "", ""], ["hikor,\\", "behind", "後面"]], "free": [], "s_end": false, "iu_a_span": [258.27, 258.91], "meta": {"topic": "frog4", "type": "Narrative", "language": "賽夏語, Saisiyat, Saisiyat", "speaker": "高玉美, lalo a tahaeS, female, 1967-2-22", "collected": "2003-01-01", "revised": "None", "video": "Sainr-frog4_lalo a tahaeS.mp3"}, "file": "Saisiyat_Tong-he/Sainr-frog4_lalo a tahaeS", "num": 111}], [112, {"ori": [], "gloss": [["...(0.8)", "", ""], ["ray", "LOC", "處格"], ["kaehoey", "tree", "樹"], ["hikor,\\", "behind", "後面"]], "free": [], "s_end": false, "iu_a_span": [258.91, 260.62], "meta": {"topic": "frog4", "type": "Narrative", "language": "賽夏語, Saisiyat, Saisiyat", "speaker": "高玉美, lalo a tahaeS, female, 1967-2-22", "collected": "2003-01-01", "revised": "None", "video": "Sainr-frog4_lalo a tahaeS.mp3"}, "file": "Saisiyat_Tong-he/Sainr-frog4_lalo a tahaeS", "num": 112}], [113, {"ori": [], "gloss": [["...", "", ""], ["kita'", "see", "<主焦>看"], ["ka==", "ACC", "受格"], ["takem,\\", "frog", "青蛙"]], "free": [], "s_end": false, "iu_a_span": [260.62, 262.51], "meta": {"topic": "frog4", "type": "Narrative", "language": "賽夏語, Saisiyat, Saisiyat", "speaker": "高玉美, lalo a tahaeS, female, 1967-2-22", "collected": "2003-01-01", "revised": "None", "video": "Sainr-frog4_lalo a tahaeS.mp3"}, "file": "Saisiyat_Tong-he/Sainr-frog4_lalo a tahaeS", "num": 113}], [114, {"ori": [], "gloss": [["...(1.0)", "", ""], ["ma", "FS", "FS"], ["ma-atol.\\", "AF-sing", "主焦-唱"]], "free": ["#e (They) saw the frog singing behind the rock.", "#c 看到青蛙在樹後面唱歌。"], "s_end": true, "iu_a_span": [262.51, 264.32], "meta": {"topic": "frog4", "type": "Narrative", "language": "賽夏語, Saisiyat, Saisiyat", "speaker": "高玉美, lalo a tahaeS, female, 1967-2-22", "collected": "2003-01-01", "revised": "None", "video": "Sainr-frog4_lalo a tahaeS.mp3"}, "s_a_span": [256.04, 264.32], "file": "Saisiyat_Tong-he/Sainr-frog4_lalo a tahaeS", "num": 114}], [115, {"ori": [], "gloss": [["...(1.8)", "", ""], ["i:wa'", "i:wa'", "i:wa'"], ["ay", "ay", "ay"], ["sia", "3SG.NOM", "3SG.主格"], ["m-wa:i'", "AF-come", "主焦-來"], ["ki:im", "look.for", "<主焦>尋找"], ["ka==", "ACC", "受格"], ["taew'an,\\", "house", "房子"]], "free": [], "s_end": false, "iu_a_span": [264.32, 268.81], "meta": {"topic": "frog4", "type": "Narrative", "language": "賽夏語, Saisiyat, Saisiyat", "speaker": "高玉美, lalo a tahaeS, female, 1967-2-22", "collected": "2003-01-01", "revised": "None", "video": "Sainr-frog4_lalo a tahaeS.mp3"}, "file": "Saisiyat_Tong-he/Sainr-frog4_lalo a tahaeS", "num": 115}], [116, {"ori": [], "gloss": [["...", "", ""], ["takem", "frog", "青蛙"], ["m-wa:i'", "AF-come", "主焦-來"], ["ki:im", "look.for", "<主焦>尋找"], ["ka", "ACC", "受格"], ["taew'an", "home", "家"], ["nisia.\\", "3SG.GEN", "3SG.屬格"]], "free": ["#e So the frog was looking for its home.", "#c 青蛙來找他的家。"], "s_end": true, "iu_a_span": [268.81, 271.4], "meta": {"topic": "frog4", "type": "Narrative", "language": "賽夏語, Saisiyat, Saisiyat", "speaker": "高玉美, lalo a tahaeS, female, 1967-2-22", "collected": "2003-01-01", "revised": "None", "video": "Sainr-frog4_lalo a tahaeS.mp3"}, "s_a_span": [264.32, 271.4], "file": "Saisiyat_Tong-he/Sainr-frog4_lalo a tahaeS", "num": 116}], [117, {"ori": [], "gloss": [["...(0.9)", "", ""], ["kita'-en", "see-PF", "看-受焦"], ["hini'", "this", "這個"], ["ka==,\\", "NOM", "主格"]], "free": [], "s_end": false, "iu_a_span": [271.4, 273.43], "meta": {"topic": "frog4", "type": "Narrative", "language": "賽夏語, Saisiyat, Saisiyat", "speaker": "高玉美, lalo a tahaeS, female, 1967-2-22", "collected": "2003-01-01", "revised": "None", "video": "Sainr-frog4_lalo a tahaeS.mp3"}, "file": "Saisiyat_Tong-he/Sainr-frog4_lalo a tahaeS", "num": 117}], [118, {"ori": [], "gloss": [["...", "", ""], ["'ima==", "PROG", "進行"], ["'ol'ola'an", "small", "小"], ["ka==", "ACC", "受格"], ["takem", "frog", "青蛙"], ["ma'", "too", "也"], ["kas'oehaz", "AF.move.out", "主焦.出來"], ["ila", "PFV", "完成"], ["saboeh./", "all", "全部"]], "free": ["#e All the small frogs came out too.", "#c 所有的青蛙也都出來了。"], "s_end": true, "iu_a_span": [273.43, 277.2], "meta": {"topic": "frog4", "type": "Narrative", "language": "賽夏語, Saisiyat, Saisiyat", "speaker": "高玉美, lalo a tahaeS, female, 1967-2-22", "collected": "2003-01-01", "revised": "None", "video": "Sainr-frog4_lalo a tahaeS.mp3"}, "s_a_span": [271.4, 277.2], "file": "Saisiyat_Tong-he/Sainr-frog4_lalo a tahaeS", "num": 118}], [119, {"ori": [], "gloss": [["...", "", ""], ["koSa'-en", "say-PF", "說-受焦"], ["ila", "PFV", "完成"], ["ina--\\", "FS", "FS"]], "free": [], "s_end": false, "iu_a_span": [277.2, 278.43], "meta": {"topic": "frog4", "type": "Narrative", "language": "賽夏語, Saisiyat, Saisiyat", "speaker": "高玉美, lalo a tahaeS, female, 1967-2-22", "collected": "2003-01-01", "revised": "None", "video": "Sainr-frog4_lalo a tahaeS.mp3"}, "file": "Saisiyat_Tong-he/Sainr-frog4_lalo a tahaeS", "num": 119}], [120, {"ori": [], "gloss": [["inoka", "POSS", "所有格"], ["hiza'", "that", "那個"], ["a==", "FIL", "FIL"], ["takem", "frog", "青蛙"], ["a", "POSS", "所有格"], ["ka==", "FIL", "FIL"], ["ka", "FIL", "FIL"], ["korkoring.\\", "child", "小孩"]], "free": ["#e It was the frog's child.", "#c 是那個青蛙的小孩。"], "s_end": true, "iu_a_span": [278.43, 281.68], "meta": {"topic": "frog4", "type": "Narrative", "language": "賽夏語, Saisiyat, Saisiyat", "speaker": "高玉美, lalo a tahaeS, female, 1967-2-22", "collected": "2003-01-01", "revised": "None", "video": "Sainr-frog4_lalo a tahaeS.mp3"}, "s_a_span": [277.2, 281.68], "file": "Saisiyat_Tong-he/Sainr-frog4_lalo a tahaeS", "num": 120}], [121, {"ori": [], "gloss": [["...(5.2)", "", ""], ["ya:o", "1SG.NOM", "1SG.主格"], ["s--", "FS", "FS"], ["..", "", ""], ["ya:o", "1SG.NOM", "1SG.主格"], ["sa_", "DM", "DM"]], "free": [], "s_end": false, "iu_a_span": [281.68, 287.98], "meta": {"topic": "frog4", "type": "Narrative", "language": "賽夏語, Saisiyat, Saisiyat", "speaker": "高玉美, lalo a tahaeS, female, 1967-2-22", "collected": "2003-01-01", "revised": "None", "video": "Sainr-frog4_lalo a tahaeS.mp3"}, "file": "Saisiyat_Tong-he/Sainr-frog4_lalo a tahaeS", "num": 121}], [122, {"ori": [], "gloss": [["'am", "FUT", "未來"], ["lobih", "AF.return", "主焦.回"], ["ila", "PFV", "完成"], ["o:", "FIL", "FIL"], ["hini'", "this", "這個"], ["ka=.\\", "NOM", "主格"]], "free": ["#e I am going home.", "#c 我要回去了。"], "s_end": true, "iu_a_span": [287.98, 289.21], "meta": {"topic": "frog4", "type": "Narrative", "language": "賽夏語, Saisiyat, Saisiyat", "speaker": "高玉美, lalo a tahaeS, female, 1967-2-22", "collected": "2003-01-01", "revised": "None", "video": "Sainr-frog4_lalo a tahaeS.mp3"}, "s_a_span": [281.68, 289.21], "file": "Saisiyat_Tong-he/Sainr-frog4_lalo a tahaeS", "num": 122}], [123, {"ori": [], "gloss": [["hini", "this", "這個"], ["takem", "frog", "青蛙"], ["ma'an", "1SG.GEN", "1SG.屬格"], ["ka-alibih-in", "KA-take.back-PF", "KA-帶回-受焦"], [".\\", "", ""]], "free": ["#e This is my frog, which I will take back.", "#c 這是我的青蛙,我要帶回去。"], "s_end": true, "iu_a_span": [289.21, 291.32], "meta": {"topic": "frog4", "type": "Narrative", "language": "賽夏語, Saisiyat, Saisiyat", "speaker": "高玉美, lalo a tahaeS, female, 1967-2-22", "collected": "2003-01-01", "revised": "None", "video": "Sainr-frog4_lalo a tahaeS.mp3"}, "s_a_span": [289.21, 291.32], "file": "Saisiyat_Tong-he/Sainr-frog4_lalo a tahaeS", "num": 123}], [124, {"ori": [], "gloss": [["...(2.7)", "", ""], ["isaa,\\", "there", "那裡"]], "free": [], "s_end": false, "iu_a_span": [291.32, 294.58], "meta": {"topic": "frog4", "type": "Narrative", "language": "賽夏語, Saisiyat, Saisiyat", "speaker": "高玉美, lalo a tahaeS, female, 1967-2-22", "collected": "2003-01-01", "revised": "None", "video": "Sainr-frog4_lalo a tahaeS.mp3"}, "file": "Saisiyat_Tong-he/Sainr-frog4_lalo a tahaeS", "num": 124}], [125, {"ori": [], "gloss": [["...", "", ""], ["ma==", "FIL", "FIL"], ["...", "", ""], ["pil'awan", "farewell", "再見"], ["ila", "PFV", "完成"], ["kila==", "and", "和"], ["takem", "frog", "青蛙"], ["hini',\\", "here", "這裡"]], "free": [], "s_end": false, "iu_a_span": [294.58, 298.09], "meta": {"topic": "frog4", "type": "Narrative", "language": "賽夏語, Saisiyat, Saisiyat", "speaker": "高玉美, lalo a tahaeS, female, 1967-2-22", "collected": "2003-01-01", "revised": "None", "video": "Sainr-frog4_lalo a tahaeS.mp3"}, "file": "Saisiyat_Tong-he/Sainr-frog4_lalo a tahaeS", "num": 125}], [126, {"ori": [], "gloss": [["...(0.7)", "", ""], ["isaa", "there", "那裡"], ["pil'awa==n", "farewell", "再見"], ["take==m,\\", "frog", "青蛙"]], "free": [], "s_end": false, "iu_a_span": [298.09, 300.53], "meta": {"topic": "frog4", "type": "Narrative", "language": "賽夏語, Saisiyat, Saisiyat", "speaker": "高玉美, lalo a tahaeS, female, 1967-2-22", "collected": "2003-01-01", "revised": "None", "video": "Sainr-frog4_lalo a tahaeS.mp3"}, "file": "Saisiyat_Tong-he/Sainr-frog4_lalo a tahaeS", "num": 126}], [127, {"ori": [], "gloss": [["...", "", ""], ["ma'an", "1SG.GEN", "1SG.屬格"], ["hini'", "this", "這個"], ["a", "POSS", "所有格"], ["takem", "frog", "青蛙"], ["ka-alibih-in", "KA-take.back-PF", "KA-帶回-受焦"], ["ila==.\\", "PFV", "完成"]], "free": ["#e I will take my frog back.", "#c 我要把我的青蛙帶回去了。"], "s_end": true, "iu_a_span": [300.53, 303.04], "meta": {"topic": "frog4", "type": "Narrative", "language": "賽夏語, Saisiyat, Saisiyat", "speaker": "高玉美, lalo a tahaeS, female, 1967-2-22", "collected": "2003-01-01", "revised": "None", "video": "Sainr-frog4_lalo a tahaeS.mp3"}, "s_a_span": [291.32, 303.04], "file": "Saisiyat_Tong-he/Sainr-frog4_lalo a tahaeS", "num": 127}], [128, {"ori": [], "gloss": [["...(0.9)", "", ""], ["pil'awa==n.\\", "farewell", "再見"]], "free": ["#e Goodbye.", "#c 再見。"], "s_end": true, "iu_a_span": [303.04, 304.96], "meta": {"topic": "frog4", "type": "Narrative", "language": "賽夏語, Saisiyat, Saisiyat", "speaker": "高玉美, lalo a tahaeS, female, 1967-2-22", "collected": "2003-01-01", "revised": "None", "video": "Sainr-frog4_lalo a tahaeS.mp3"}, "s_a_span": [303.04, 304.96], "file": "Saisiyat_Tong-he/Sainr-frog4_lalo a tahaeS", "num": 128}]], "meta": {"topic": "frog4", "type": "Narrative", "language": "賽夏語, Saisiyat, Saisiyat", "speaker": "高玉美, lalo a tahaeS, female, 1967-2-22", "collected": "2003-01-01", "revised": "None", "video": "Sainr-frog4_lalo a tahaeS.mp3"}}