{"glosses": [[1, {"ori": [], "gloss": [["...(0.7)", "", ""], ["u", "CN", "CN"], ["labi=tu", "night=PFV", "晚上=完成貌"], ["tahkal=tu", "go.out=PFV", "去外面=完成貌"], ["ku", "NOM", "主格"], ["bulad.\\", "moon", "月亮"]], "free": ["#e At night, the moon came out.", "#c 晚上月亮出來了。"], "s_end": true, "iu_a_span": [1.04, 3.54], "meta": {"topic": "frog_Dungi", "type": "Narrative", "language": "撒奇萊雅語, Sakizaya, Sakizaya", "speaker": "蔡宜庭, dungi, female, 1949-11-26", "collected": "2009-08-28", "revised": "None", "video": "skzyNr-frog_dungi.mp3"}, "s_a_span": [1.04, 3.54], "file": "Sakizaya_Sakizaya/skzyNr-frog_dungi", "num": 1}], [2, {"ori": [], "gloss": [["..", "", ""], ["u", "CN", "CN"], ["^zu==^ma", "special", "特別"], ["kuni", "NOM.this", "主格.這個"], ["ka-kapah.\\", "CaRED-good", "Ca重疊-好"]], "free": ["#e It was specially good.", "#c 這特別好。"], "s_end": true, "iu_a_span": [3.54, 6.05], "meta": {"topic": "frog_Dungi", "type": "Narrative", "language": "撒奇萊雅語, Sakizaya, Sakizaya", "speaker": "蔡宜庭, dungi, female, 1949-11-26", "collected": "2009-08-28", "revised": "None", "video": "skzyNr-frog_dungi.mp3"}, "s_a_span": [3.54, 6.05], "file": "Sakizaya_Sakizaya/skzyNr-frog_dungi", "num": 2}], [3, {"ori": [], "gloss": [["..", "", ""], ["ayza", "now", "現在"], ["a", "LNK", "連繫詞"], ["demiad", "day", "天"], ["kina", "NOM.this", "主格.這個"], ["labi,\\", "night", "晚上"]], "free": [], "s_end": false, "iu_a_span": [6.05, 8.5], "meta": {"topic": "frog_Dungi", "type": "Narrative", "language": "撒奇萊雅語, Sakizaya, Sakizaya", "speaker": "蔡宜庭, dungi, female, 1949-11-26", "collected": "2009-08-28", "revised": "None", "video": "skzyNr-frog_dungi.mp3"}, "file": "Sakizaya_Sakizaya/skzyNr-frog_dungi", "num": 3}], [4, {"ori": [], "gloss": [["..", "", ""], ["sa", "say", "說"], ["kina", "NOM.this", "主格.這個"], ["wawa", "child", "小孩"], ["sa,\\", "DM", "DM"]], "free": [], "s_end": false, "iu_a_span": [8.5, 9.67], "meta": {"topic": "frog_Dungi", "type": "Narrative", "language": "撒奇萊雅語, Sakizaya, Sakizaya", "speaker": "蔡宜庭, dungi, female, 1949-11-26", "collected": "2009-08-28", "revised": "None", "video": "skzyNr-frog_dungi.mp3"}, "file": "Sakizaya_Sakizaya/skzyNr-frog_dungi", "num": 4}], [5, {"ori": [], "gloss": [["..", "", ""], ["pate", "FS", "FS"], ["pazeng", "put", "放"], ["han", "HAN", "HAN"], ["niza", "3SG.GEN", "3SG.屬格"], ["kya", "NOM.this", "主格.這個"], ["balaut", "frog", "青蛙"], ["nu", "GEN", "屬格"], ["ni-pa-habay-an", "NI-CAU-millet-LF", "NI-使動-小米-處焦"], ["niza,\\", "3SG.GEN", "3SG.屬格"]], "free": [], "s_end": false, "iu_a_span": [9.67, 13.01], "meta": {"topic": "frog_Dungi", "type": "Narrative", "language": "撒奇萊雅語, Sakizaya, Sakizaya", "speaker": "蔡宜庭, dungi, female, 1949-11-26", "collected": "2009-08-28", "revised": "None", "video": "skzyNr-frog_dungi.mp3"}, "file": "Sakizaya_Sakizaya/skzyNr-frog_dungi", "num": 5}], [6, {"ori": [], "gloss": [["..", "", ""], ["i", "PREP", "介系詞"], ["tini", "there", "那裡"], ["i", "PREP", "介系詞"], ["kuleng.\\", "jug", "甕"]], "free": ["#e Tonight the child put the frog he raises into this jug.", "#c 今天晚上這小孩把他養的青蛙放在這甕裡。", "#n habay 為小米，加上使動前綴pa-之後pahabay成為豢養。"], "s_end": true, "iu_a_span": [13.01, 13.87], "meta": {"topic": "frog_Dungi", "type": "Narrative", "language": "撒奇萊雅語, Sakizaya, Sakizaya", "speaker": "蔡宜庭, dungi, female, 1949-11-26", "collected": "2009-08-28", "revised": "None", "video": "skzyNr-frog_dungi.mp3"}, "s_a_span": [6.05, 13.87], "file": "Sakizaya_Sakizaya/skzyNr-frog_dungi", "num": 6}], [7, {"ori": [], "gloss": [["..", "", ""], ["ya", "that", "那個"], ["wacu", "dog", "狗"], ["sa=tu", "DM=PFV", "DM=完成貌"], ["tanu-namuh-sa", "very-happy-SA", "非常-高興-SA"], ["ma-idih", "AF-want", "主焦-想要"], ["a", "LNK", "連繫詞"], ["si-cabay,_", "have-friend", "有-朋友"]], "free": [], "s_end": false, "iu_a_span": [13.87, 17.29], "meta": {"topic": "frog_Dungi", "type": "Narrative", "language": "撒奇萊雅語, Sakizaya, Sakizaya", "speaker": "蔡宜庭, dungi, female, 1949-11-26", "collected": "2009-08-28", "revised": "None", "video": "skzyNr-frog_dungi.mp3"}, "file": "Sakizaya_Sakizaya/skzyNr-frog_dungi", "num": 7}], [8, {"ori": [], "gloss": [["...", "", ""], ["kiza", "NOM.that", "主格.那個"], ["balaut.\\", "frog", "青蛙"]], "free": ["#e That dog was very happy and wanted to make friends with that frog.", "#c 那隻狗很高興想要和那隻青蛙做朋友。", "#n 根據發音者tanu為前綴時語意為「很」。", "#n namuh高興 ma-namuh喜歡", "#n 根據發音者，kiza不好，使用tiza 或tya 較好"], "s_end": true, "iu_a_span": [17.29, 18.63], "meta": {"topic": "frog_Dungi", "type": "Narrative", "language": "撒奇萊雅語, Sakizaya, Sakizaya", "speaker": "蔡宜庭, dungi, female, 1949-11-26", "collected": "2009-08-28", "revised": "None", "video": "skzyNr-frog_dungi.mp3"}, "s_a_span": [13.87, 18.63], "file": "Sakizaya_Sakizaya/skzyNr-frog_dungi", "num": 8}], [9, {"ori": [], "gloss": [["...", "", ""], ["sa", "DM", "DM"], ["mabi’=tu", "AF.sleep=PFV", "主焦.睡覺=完成貌"], ["kya", "NOM.that", "主格.那個"], ["wawa", "child", "小孩"], ["a", "LNK", "連繫詞"], ["tya==", "OBL.that", "斜格.那個"], ["wacu._", "dog", "狗"]], "free": ["#e That child and dog were sleeping.", "#c 那小孩和狗在睡覺。", "#n a tya== wacu 為atu ya wacu 的縮寫"], "s_end": true, "iu_a_span": [18.63, 21.57], "meta": {"topic": "frog_Dungi", "type": "Narrative", "language": "撒奇萊雅語, Sakizaya, Sakizaya", "speaker": "蔡宜庭, dungi, female, 1949-11-26", "collected": "2009-08-28", "revised": "None", "video": "skzyNr-frog_dungi.mp3"}, "s_a_span": [18.63, 21.57], "file": "Sakizaya_Sakizaya/skzyNr-frog_dungi", "num": 9}], [10, {"ori": [], "gloss": [["..", "", ""], ["sa", "DM", "DM"], ["ya", "that", "那個"], ["balaut", "frog", "青蛙"], ["han=tu,\\", "HAN=PFV", "HAN=完成貌"]], "free": [], "s_end": false, "iu_a_span": [21.57, 23.32], "meta": {"topic": "frog_Dungi", "type": "Narrative", "language": "撒奇萊雅語, Sakizaya, Sakizaya", "speaker": "蔡宜庭, dungi, female, 1949-11-26", "collected": "2009-08-28", "revised": "None", "video": "skzyNr-frog_dungi.mp3"}, "file": "Sakizaya_Sakizaya/skzyNr-frog_dungi", "num": 10}], [11, {"ori": [], "gloss": [["..", "", ""], ["ma-idih", "AF-want", "主焦-想要"], ["ciniza", "3SG.NOM", "3SG.主格"], ["a", "LNK", "連繫詞"], ["tahkal", "go.out", "去外面"], ["a", "LNK", "連繫詞"], ["mi-dang.\\", "AF-play", "主焦-玩"]], "free": ["#e That frog wanted to come out and had fun.", "#c 那隻青蛙想要出來玩。"], "s_end": true, "iu_a_span": [23.32, 25.94], "meta": {"topic": "frog_Dungi", "type": "Narrative", "language": "撒奇萊雅語, Sakizaya, Sakizaya", "speaker": "蔡宜庭, dungi, female, 1949-11-26", "collected": "2009-08-28", "revised": "None", "video": "skzyNr-frog_dungi.mp3"}, "s_a_span": [21.57, 25.94], "file": "Sakizaya_Sakizaya/skzyNr-frog_dungi", "num": 11}], [12, {"ori": [], "gloss": [["..", "", ""], ["sa", "DM", "DM"], ["ma-cukat", "AF-wake.up", "主焦-醒"], ["sa=tu", "DM=PFV", "DM=完成貌"], ["kya", "NOM.that", "主格.那個"], ["wawa", "child", "小孩"], ["a", "LNK", "連繫詞"], ["tya", "OBL.that", "斜格.那個"], ["wacu", "dog", "狗"], ["sa,\\", "DM", "DM"]], "free": [], "s_end": false, "iu_a_span": [25.94, 28.65], "meta": {"topic": "frog_Dungi", "type": "Narrative", "language": "撒奇萊雅語, Sakizaya, Sakizaya", "speaker": "蔡宜庭, dungi, female, 1949-11-26", "collected": "2009-08-28", "revised": "None", "video": "skzyNr-frog_dungi.mp3"}, "file": "Sakizaya_Sakizaya/skzyNr-frog_dungi", "num": 12}], [13, {"ori": [], "gloss": [["..", "", ""], ["inayi'=tu", "NEG=PFV", "否定詞=完成貌"], ["a", "LNK", "連繫詞"], ["ma-azih", "PF-see", "受焦-看到"], ["kya", "NOM.that", "主格.那個"], ["balaut", "frog", "青蛙"], ["sa.\\", "DM", "DM"]], "free": ["#e That child and that dog woke up and did not see that frog.", "#c 那小孩和那隻狗醒來沒有看到那隻青蛙。"], "s_end": true, "iu_a_span": [28.65, 31.31], "meta": {"topic": "frog_Dungi", "type": "Narrative", "language": "撒奇萊雅語, Sakizaya, Sakizaya", "speaker": "蔡宜庭, dungi, female, 1949-11-26", "collected": "2009-08-28", "revised": "None", "video": "skzyNr-frog_dungi.mp3"}, "s_a_span": [25.94, 31.31], "file": "Sakizaya_Sakizaya/skzyNr-frog_dungi", "num": 13}], [14, {"ori": [], "gloss": [["..", "", ""], ["ma-tawid", "AF-shock", "主焦-驚訝"], ["aca", "too", "也"], ["kuheni", "3PL.NOM", "3PL.主格"], ["sa-kalamkam-sa=tu", "SA-fast-SA=PFV", "SA-快-SA=完成貌"], ["kuheni,_", "3PL.NOM", "3PL.主格"]], "free": [], "s_end": false, "iu_a_span": [31.31, 34.34], "meta": {"topic": "frog_Dungi", "type": "Narrative", "language": "撒奇萊雅語, Sakizaya, Sakizaya", "speaker": "蔡宜庭, dungi, female, 1949-11-26", "collected": "2009-08-28", "revised": "None", "video": "skzyNr-frog_dungi.mp3"}, "file": "Sakizaya_Sakizaya/skzyNr-frog_dungi", "num": 14}], [15, {"ori": [], "gloss": [["..", "", ""], ["a", "LNK", "連繫詞"], ["mi-adad=tu,\\", "AF-rummage=PFV", "主焦-翻=完成貌"]], "free": [], "s_end": false, "iu_a_span": [34.34, 36.1], "meta": {"topic": "frog_Dungi", "type": "Narrative", "language": "撒奇萊雅語, Sakizaya, Sakizaya", "speaker": "蔡宜庭, dungi, female, 1949-11-26", "collected": "2009-08-28", "revised": "None", "video": "skzyNr-frog_dungi.mp3"}, "file": "Sakizaya_Sakizaya/skzyNr-frog_dungi", "num": 15}], [16, {"ori": [], "gloss": [["..", "", ""], ["tu-tu-tuud", "RED-RED-object", "重疊-重疊-物品"], ["u", "CN", "CN"], ["nu", "GEN", "屬格"], ["luma’", "home", "家"], ["a", "LNK", "連繫詞"], ["mi-kilim,\\", "AF-search", "主焦-找"]], "free": [], "s_end": false, "iu_a_span": [36.1, 38.52], "meta": {"topic": "frog_Dungi", "type": "Narrative", "language": "撒奇萊雅語, Sakizaya, Sakizaya", "speaker": "蔡宜庭, dungi, female, 1949-11-26", "collected": "2009-08-28", "revised": "None", "video": "skzyNr-frog_dungi.mp3"}, "file": "Sakizaya_Sakizaya/skzyNr-frog_dungi", "num": 16}], [17, {"ori": [], "gloss": [["..", "", ""], ["tiza", "OBL.that", "斜格.那個"], ["balaut.\\", "frog", "青蛙"]], "free": ["#e They were shocked too and in a hurry rummaged around the house so as to find the frog.", "#c 他們也嚇一跳，趕快翻家中的所有物品找那隻青蛙。"], "s_end": true, "iu_a_span": [38.52, 39.65], "meta": {"topic": "frog_Dungi", "type": "Narrative", "language": "撒奇萊雅語, Sakizaya, Sakizaya", "speaker": "蔡宜庭, dungi, female, 1949-11-26", "collected": "2009-08-28", "revised": "None", "video": "skzyNr-frog_dungi.mp3"}, "s_a_span": [31.31, 39.65], "file": "Sakizaya_Sakizaya/skzyNr-frog_dungi", "num": 17}], [18, {"ori": [], "gloss": [["..", "", ""], ["ya", "that", "那"], ["wacu", "dog", "狗"], ["han=tu", "HAN=PFV", "HAN=完成貌"], ["pa-ta-labu", "CAU-go-inside", "使動-去-裡面"], ["han", "HAN", "HAN"], ["niza,\\", "3SG.GEN", "3SG.屬格"]], "free": [], "s_end": false, "iu_a_span": [39.65, 41.92], "meta": {"topic": "frog_Dungi", "type": "Narrative", "language": "撒奇萊雅語, Sakizaya, Sakizaya", "speaker": "蔡宜庭, dungi, female, 1949-11-26", "collected": "2009-08-28", "revised": "None", "video": "skzyNr-frog_dungi.mp3"}, "file": "Sakizaya_Sakizaya/skzyNr-frog_dungi", "num": 18}], [19, {"ori": [], "gloss": [["..", "", ""], ["kya==,\\", "NOM.that", "主格.那個"]], "free": [], "s_end": false, "iu_a_span": [41.92, 42.57], "meta": {"topic": "frog_Dungi", "type": "Narrative", "language": "撒奇萊雅語, Sakizaya, Sakizaya", "speaker": "蔡宜庭, dungi, female, 1949-11-26", "collected": "2009-08-28", "revised": "None", "video": "skzyNr-frog_dungi.mp3"}, "file": "Sakizaya_Sakizaya/skzyNr-frog_dungi", "num": 19}], [20, {"ori": [], "gloss": [["..", "", ""], ["tangah", "head", "頭"], ["niza", "3SG.GEN", "3SG.屬格"], ["i", "PREP", "介系詞"], ["labu", "inside", "裡面"], ["nya,\\", "GEN.that", "屬格.那個"]], "free": [], "s_end": false, "iu_a_span": [42.57, 44.29], "meta": {"topic": "frog_Dungi", "type": "Narrative", "language": "撒奇萊雅語, Sakizaya, Sakizaya", "speaker": "蔡宜庭, dungi, female, 1949-11-26", "collected": "2009-08-28", "revised": "None", "video": "skzyNr-frog_dungi.mp3"}, "file": "Sakizaya_Sakizaya/skzyNr-frog_dungi", "num": 20}], [21, {"ori": [], "gloss": [["..", "", ""], ["kuleng.\\", "jug", "甕"]], "free": ["#e That dog put its head inside of the jug.", "#c 那隻狗把頭放進甕裡面。", "#n labu 裡面 ta-labu 進去"], "s_end": true, "iu_a_span": [44.29, 45.0], "meta": {"topic": "frog_Dungi", "type": "Narrative", "language": "撒奇萊雅語, Sakizaya, Sakizaya", "speaker": "蔡宜庭, dungi, female, 1949-11-26", "collected": "2009-08-28", "revised": "None", "video": "skzyNr-frog_dungi.mp3"}, "s_a_span": [39.65, 45.0], "file": "Sakizaya_Sakizaya/skzyNr-frog_dungi", "num": 21}], [22, {"ori": [], "gloss": [["..", "", ""], ["sa", "DM", "DM"], ["nika", "but", "但是"], ["ya", "that", "那個"], ["kuleng", "jug", "甕"], ["ca’ay=tu", "NEG=PFV", "否定詞=完成貌"], ["ka-ales.\\", "KA-take.off", "KA-拿掉"]], "free": ["#e But (he) could not get rid of that jug.", "#c 但（他）是不能拿掉那甕。"], "s_end": true, "iu_a_span": [45.0, 47.25], "meta": {"topic": "frog_Dungi", "type": "Narrative", "language": "撒奇萊雅語, Sakizaya, Sakizaya", "speaker": "蔡宜庭, dungi, female, 1949-11-26", "collected": "2009-08-28", "revised": "None", "video": "skzyNr-frog_dungi.mp3"}, "s_a_span": [45.0, 47.25], "file": "Sakizaya_Sakizaya/skzyNr-frog_dungi", "num": 22}], [23, {"ori": [], "gloss": [["..", "", ""], ["sa", "DM", "DM"], ["mala-tupel=tu", "AF.become-hat=PFV", "主焦.變成-帽子=完成貌"], ["niza", "3SG.GEN", "3SG.屬格"], ["wacu.\\", "dog", "狗"]], "free": ["#e It became the dog’s hat.", "#c 就變成狗的帽子了。"], "s_end": true, "iu_a_span": [47.25, 49.36], "meta": {"topic": "frog_Dungi", "type": "Narrative", "language": "撒奇萊雅語, Sakizaya, Sakizaya", "speaker": "蔡宜庭, dungi, female, 1949-11-26", "collected": "2009-08-28", "revised": "None", "video": "skzyNr-frog_dungi.mp3"}, "s_a_span": [47.25, 49.36], "file": "Sakizaya_Sakizaya/skzyNr-frog_dungi", "num": 23}], [24, {"ori": [], "gloss": [["..", "", ""], ["ya", "that", "那個"], ["wawa", "child", "小孩"], ["han=tu,\\", "HAN=PFV", "HAN=完成貌"]], "free": [], "s_end": false, "iu_a_span": [49.36, 50.61], "meta": {"topic": "frog_Dungi", "type": "Narrative", "language": "撒奇萊雅語, Sakizaya, Sakizaya", "speaker": "蔡宜庭, dungi, female, 1949-11-26", "collected": "2009-08-28", "revised": "None", "video": "skzyNr-frog_dungi.mp3"}, "file": "Sakizaya_Sakizaya/skzyNr-frog_dungi", "num": 24}], [25, {"ori": [], "gloss": [["..", "", ""], ["buhat", "open", "開"], ["sa=tu", "DM=PFV", "DM=完成貌"], ["tuniyan", "OBL.this.AN", "斜格.這個.AN"], ["u,\\", "CN", "CN"]], "free": [], "s_end": false, "iu_a_span": [50.61, 52.13], "meta": {"topic": "frog_Dungi", "type": "Narrative", "language": "撒奇萊雅語, Sakizaya, Sakizaya", "speaker": "蔡宜庭, dungi, female, 1949-11-26", "collected": "2009-08-28", "revised": "None", "video": "skzyNr-frog_dungi.mp3"}, "file": "Sakizaya_Sakizaya/skzyNr-frog_dungi", "num": 25}], [26, {"ori": [], "gloss": [["..", "", ""], ["sa", "DM", "DM"], ["sasaedeb", "door", "門"], ["sa,\\", "DM", "DM"]], "free": [], "s_end": false, "iu_a_span": [52.13, 53.49], "meta": {"topic": "frog_Dungi", "type": "Narrative", "language": "撒奇萊雅語, Sakizaya, Sakizaya", "speaker": "蔡宜庭, dungi, female, 1949-11-26", "collected": "2009-08-28", "revised": "None", "video": "skzyNr-frog_dungi.mp3"}, "file": "Sakizaya_Sakizaya/skzyNr-frog_dungi", "num": 26}], [27, {"ori": [], "gloss": [["..", "", ""], ["a=mi-awaw,\\", "FUT=AF-yell", "未來貌=主焦-呼喊"]], "free": [], "s_end": false, "iu_a_span": [53.49, 54.82], "meta": {"topic": "frog_Dungi", "type": "Narrative", "language": "撒奇萊雅語, Sakizaya, Sakizaya", "speaker": "蔡宜庭, dungi, female, 1949-11-26", "collected": "2009-08-28", "revised": "None", "video": "skzyNr-frog_dungi.mp3"}, "file": "Sakizaya_Sakizaya/skzyNr-frog_dungi", "num": 27}], [28, {"ori": [], "gloss": [["..", "", ""], ["tya", "OBL.that", "斜格.那個"], ["wawa", "child", "小孩"], ["bah", "FS", "FS"], ["balaut,_", "frog", "青蛙"]], "free": [], "s_end": false, "iu_a_span": [54.82, 56.94], "meta": {"topic": "frog_Dungi", "type": "Narrative", "language": "撒奇萊雅語, Sakizaya, Sakizaya", "speaker": "蔡宜庭, dungi, female, 1949-11-26", "collected": "2009-08-28", "revised": "None", "video": "skzyNr-frog_dungi.mp3"}, "file": "Sakizaya_Sakizaya/skzyNr-frog_dungi", "num": 28}], [29, {"ori": [], "gloss": [["..", "", ""], ["a=mi-kilim", "FUT=AF-search", "未來貌=主焦-找"], ["tya", "OBL.that", "斜格.那個"], ["balaut.\\", "frog", "青蛙"]], "free": ["#e That child opened the door, yelled and searched for the frog.", "#c 那小孩打開那門呼喊著青蛙找尋青蛙。", "#n IU 26 中的eteb 意指關閉。而sa-eteb 指可關閉的東西，延伸成門", "#n sacingalan 指窗戶", "#n 發音者指出IU 28 可只說 tya balaut"], "s_end": true, "iu_a_span": [56.94, 58.48], "meta": {"topic": "frog_Dungi", "type": "Narrative", "language": "撒奇萊雅語, Sakizaya, Sakizaya", "speaker": "蔡宜庭, dungi, female, 1949-11-26", "collected": "2009-08-28", "revised": "None", "video": "skzyNr-frog_dungi.mp3"}, "s_a_span": [49.36, 58.48], "file": "Sakizaya_Sakizaya/skzyNr-frog_dungi", "num": 29}], [30, {"ori": [], "gloss": [["..", "", ""], ["nika", "but", "但是"], ["ya", "that", "那個"], ["wacu", "dog", "狗"], ["sa,\\", "DM", "DM"]], "free": [], "s_end": false, "iu_a_span": [58.48, 59.81], "meta": {"topic": "frog_Dungi", "type": "Narrative", "language": "撒奇萊雅語, Sakizaya, Sakizaya", "speaker": "蔡宜庭, dungi, female, 1949-11-26", "collected": "2009-08-28", "revised": "None", "video": "skzyNr-frog_dungi.mp3"}, "file": "Sakizaya_Sakizaya/skzyNr-frog_dungi", "num": 30}], [31, {"ori": [], "gloss": [["..", "", ""], ["ma-debay", "AF-fall", "主焦-掉"], ["maka-iza", "from-here", "從-這裡"], ["sasaedeb-an", "door-LF", "門-處焦"], ["sa.\\", "DM", "DM"]], "free": ["#e But that dog fell off the door.", "#c 但是那隻狗從門上跌下來。", "#n 應是「但是那隻狗從窗上跌下來。」"], "s_end": true, "iu_a_span": [59.81, 62.48], "meta": {"topic": "frog_Dungi", "type": "Narrative", "language": "撒奇萊雅語, Sakizaya, Sakizaya", "speaker": "蔡宜庭, dungi, female, 1949-11-26", "collected": "2009-08-28", "revised": "None", "video": "skzyNr-frog_dungi.mp3"}, "s_a_span": [58.48, 62.48], "file": "Sakizaya_Sakizaya/skzyNr-frog_dungi", "num": 31}], [32, {"ori": [], "gloss": [["...", "", ""], ["ma-..peci’=tu", "AF-break=PFV", "主焦-破=完成貌"], ["amin", "all", "全部"], ["kiza", "NOM.that", "主格.那個"], ["kuleng.\\", "jug", "甕"]], "free": ["#e That jug was broken.", "#c 那甕破了。"], "s_end": true, "iu_a_span": [62.48, 64.78], "meta": {"topic": "frog_Dungi", "type": "Narrative", "language": "撒奇萊雅語, Sakizaya, Sakizaya", "speaker": "蔡宜庭, dungi, female, 1949-11-26", "collected": "2009-08-28", "revised": "None", "video": "skzyNr-frog_dungi.mp3"}, "s_a_span": [62.48, 64.78], "file": "Sakizaya_Sakizaya/skzyNr-frog_dungi", "num": 32}], [33, {"ori": [], "gloss": [["..", "", ""], ["sa", "DM", "DM"], ["ya", "that", "那個"], ["wawa", "child", "小孩"], ["han=tu", "HAN=PFV", "HAN=完成貌"], ["ma-tawid=tu", "AF-shock=PFV", "主焦-驚訝=完成貌"], ["sa,\\", "DM", "DM"]], "free": [], "s_end": false, "iu_a_span": [64.78, 67.37], "meta": {"topic": "frog_Dungi", "type": "Narrative", "language": "撒奇萊雅語, Sakizaya, Sakizaya", "speaker": "蔡宜庭, dungi, female, 1949-11-26", "collected": "2009-08-28", "revised": "None", "video": "skzyNr-frog_dungi.mp3"}, "file": "Sakizaya_Sakizaya/skzyNr-frog_dungi", "num": 33}], [34, {"ori": [], "gloss": [["..", "", ""], ["kalamkam-sa", "fast-SA", "快-SA"], ["ma-duba’", "AF-run", "主焦-跑"], ["tayza,\\", "go.there", "去那邊"]], "free": [], "s_end": false, "iu_a_span": [67.37, 68.8], "meta": {"topic": "frog_Dungi", "type": "Narrative", "language": "撒奇萊雅語, Sakizaya, Sakizaya", "speaker": "蔡宜庭, dungi, female, 1949-11-26", "collected": "2009-08-28", "revised": "None", "video": "skzyNr-frog_dungi.mp3"}, "file": "Sakizaya_Sakizaya/skzyNr-frog_dungi", "num": 34}], [35, {"ori": [], "gloss": [["..", "", ""], ["a=mi-abubu", "FUT=AF-hold", "未來貌=主焦-抱"], ["tiza", "OBL.that", "斜格.那個"], ["wacu-an", "dog-LF", "狗-處焦"], ["sa.\\", "DM", "DM"]], "free": ["#e That child was shocked, ran fast to there and held that dog in the arms.", "#c 那小孩嚇一跳趕快跑去抱那隻狗。"], "s_end": true, "iu_a_span": [68.8, 70.8], "meta": {"topic": "frog_Dungi", "type": "Narrative", "language": "撒奇萊雅語, Sakizaya, Sakizaya", "speaker": "蔡宜庭, dungi, female, 1949-11-26", "collected": "2009-08-28", "revised": "None", "video": "skzyNr-frog_dungi.mp3"}, "s_a_span": [64.78, 70.8], "file": "Sakizaya_Sakizaya/skzyNr-frog_dungi", "num": 35}], [36, {"ori": [], "gloss": [["...", "", ""], ["anu", "COND", "表條件"], ["ma-tuka===tu", "AF-hurt=PFV", "主焦-受傷=完成貌"], ["sa", "DM", "DM"], ["ciniza", "3SG.NOM", "3SG.主格"], ["a", "LNK", "連詞"], ["ma-dihi,\\", "AF-pity", "主焦-可憐"]], "free": [], "s_end": false, "iu_a_span": [70.8, 73.86], "meta": {"topic": "frog_Dungi", "type": "Narrative", "language": "撒奇萊雅語, Sakizaya, Sakizaya", "speaker": "蔡宜庭, dungi, female, 1949-11-26", "collected": "2009-08-28", "revised": "None", "video": "skzyNr-frog_dungi.mp3"}, "file": "Sakizaya_Sakizaya/skzyNr-frog_dungi", "num": 36}], [37, {"ori": [], "gloss": [["..", "", ""], ["sa.\\", "DM", "DM"]], "free": ["#e If (it) gets hurt, it is so poor.", "#c 如果（他）受傷了，他會很可憐。", "#n anu...sa表示「如果...的話」。"], "s_end": true, "iu_a_span": [73.86, 74.4], "meta": {"topic": "frog_Dungi", "type": "Narrative", "language": "撒奇萊雅語, Sakizaya, Sakizaya", "speaker": "蔡宜庭, dungi, female, 1949-11-26", "collected": "2009-08-28", "revised": "None", "video": "skzyNr-frog_dungi.mp3"}, "s_a_span": [70.8, 74.4], "file": "Sakizaya_Sakizaya/skzyNr-frog_dungi", "num": 37}], [38, {"ori": [], "gloss": [["..", "", ""], ["tu", "then", "然後"], ["tahkal", "go.out", "去外面"], ["sa=tu", "DM=PFV", "DM=完成貌"], ["kuheni.\\", "3PL.NOM", "3PL.主格"]], "free": ["#e Then they went out.", "#c 然後就到外面。", "#n 根據發音者 tu在這有然後的語意"], "s_end": true, "iu_a_span": [74.4, 76.2], "meta": {"topic": "frog_Dungi", "type": "Narrative", "language": "撒奇萊雅語, Sakizaya, Sakizaya", "speaker": "蔡宜庭, dungi, female, 1949-11-26", "collected": "2009-08-28", "revised": "None", "video": "skzyNr-frog_dungi.mp3"}, "s_a_span": [74.4, 76.2], "file": "Sakizaya_Sakizaya/skzyNr-frog_dungi", "num": 38}], [39, {"ori": [], "gloss": [["..", "", ""], ["i", "PREP", "介系詞"], ["liwliw", "surroundings", "周圍"], ["nu", "GEN", "屬格"], ["luma’", "home", "家"], ["i", "PREP", "介系詞"], ["kila-kilang-an", "RED-tree-LF", "重疊-樹-處焦"], ["tu,\\", "TOP", "主題"]], "free": [], "s_end": false, "iu_a_span": [76.2, 79.08], "meta": {"topic": "frog_Dungi", "type": "Narrative", "language": "撒奇萊雅語, Sakizaya, Sakizaya", "speaker": "蔡宜庭, dungi, female, 1949-11-26", "collected": "2009-08-28", "revised": "None", "video": "skzyNr-frog_dungi.mp3"}, "file": "Sakizaya_Sakizaya/skzyNr-frog_dungi", "num": 39}], [40, {"ori": [], "gloss": [["..", "", ""], ["a=mi-kilim", "FUT=AF-search", "未來貌=主焦-找"], ["tiza", "OBL.that", "斜格.那個"], ["balaut", "frog", "青蛙"], ["sa.\\", "DM", "DM"]], "free": ["#e They searchd for the frog around their house and in the bushes.", "#c 在家的四周及樹叢中找青蛙。", "#n kilakilang 為樹叢；這裡的tu表示主題標記。"], "s_end": true, "iu_a_span": [79.08, 81.11], "meta": {"topic": "frog_Dungi", "type": "Narrative", "language": "撒奇萊雅語, Sakizaya, Sakizaya", "speaker": "蔡宜庭, dungi, female, 1949-11-26", "collected": "2009-08-28", "revised": "None", "video": "skzyNr-frog_dungi.mp3"}, "s_a_span": [76.2, 81.11], "file": "Sakizaya_Sakizaya/skzyNr-frog_dungi", "num": 40}], [41, {"ori": [], "gloss": [["..", "", ""], ["azih", "see", "看"], ["sa", "DM", "DM"], ["kuheni,\\", "3PL.NOM", "3PL.主格"]], "free": [], "s_end": false, "iu_a_span": [81.11, 82.3], "meta": {"topic": "frog_Dungi", "type": "Narrative", "language": "撒奇萊雅語, Sakizaya, Sakizaya", "speaker": "蔡宜庭, dungi, female, 1949-11-26", "collected": "2009-08-28", "revised": "None", "video": "skzyNr-frog_dungi.mp3"}, "file": "Sakizaya_Sakizaya/skzyNr-frog_dungi", "num": 41}], [42, {"ori": [], "gloss": [["..", "", ""], ["tiza", "OBL.that", "斜格.那個"], ["i", "PREP", "介系詞"], ["pabaw,\\", "upper.part", "上方"]], "free": [], "s_end": false, "iu_a_span": [82.3, 83.45], "meta": {"topic": "frog_Dungi", "type": "Narrative", "language": "撒奇萊雅語, Sakizaya, Sakizaya", "speaker": "蔡宜庭, dungi, female, 1949-11-26", "collected": "2009-08-28", "revised": "None", "video": "skzyNr-frog_dungi.mp3"}, "file": "Sakizaya_Sakizaya/skzyNr-frog_dungi", "num": 42}], [43, {"ori": [], "gloss": [["..", "", ""], ["yadah", "many", "多"], ["kiza", "NOM.that", "主格.那個"], ["wadu", "bee", "蜜蜂"], ["sa.\\", "DM", "DM"]], "free": ["#e They looked up and saw many bees.", "#c 他們往上看到很多蜜蜂。"], "s_end": true, "iu_a_span": [83.45, 84.91], "meta": {"topic": "frog_Dungi", "type": "Narrative", "language": "撒奇萊雅語, Sakizaya, Sakizaya", "speaker": "蔡宜庭, dungi, female, 1949-11-26", "collected": "2009-08-28", "revised": "None", "video": "skzyNr-frog_dungi.mp3"}, "s_a_span": [81.11, 84.91], "file": "Sakizaya_Sakizaya/skzyNr-frog_dungi", "num": 43}], [44, {"ori": [], "gloss": [["..", "", ""], ["alaw", "originally", "原來"], ["si,\\", "SI", "SI"]], "free": [], "s_end": false, "iu_a_span": [84.91, 86.02], "meta": {"topic": "frog_Dungi", "type": "Narrative", "language": "撒奇萊雅語, Sakizaya, Sakizaya", "speaker": "蔡宜庭, dungi, female, 1949-11-26", "collected": "2009-08-28", "revised": "None", "video": "skzyNr-frog_dungi.mp3"}, "file": "Sakizaya_Sakizaya/skzyNr-frog_dungi", "num": 44}], [45, {"ori": [], "gloss": [["..", "", ""], ["pa", "PA", "PA"], ["si-dibu", "have-nest", "有-巣"], ["wa", "WA", "WA"], ["si-dibu,\\", "have-nest", "有-nest"]], "free": [], "s_end": false, "iu_a_span": [86.02, 88.05], "meta": {"topic": "frog_Dungi", "type": "Narrative", "language": "撒奇萊雅語, Sakizaya, Sakizaya", "speaker": "蔡宜庭, dungi, female, 1949-11-26", "collected": "2009-08-28", "revised": "None", "video": "skzyNr-frog_dungi.mp3"}, "file": "Sakizaya_Sakizaya/skzyNr-frog_dungi", "num": 45}], [46, {"ori": [], "gloss": [["..", "", ""], ["i", "PREP", "介系詞"], ["tiza", "there", "那裡"], ["E==za", "there", "那裡"], ["iza", "there", "那裡"], ["i", "PREP", "介系詞"], ["kilang", "tree", "樹"], ["pabaw", "upper.part", "上方"], ["nya", "GEN.that", "屬格.那個"], ["kilang.\\", "tree", "樹"]], "free": ["#e Originally there was a hive in the tree.", "#c 原來在那個樹上有蜂巣。", "#n 根據發音者E 為發音 [e]，因SAKIZAYA中無此音，故以大寫代替。", "#n E== za i za 為這裡那裡"], "s_end": true, "iu_a_span": [88.05, 90.72], "meta": {"topic": "frog_Dungi", "type": "Narrative", "language": "撒奇萊雅語, Sakizaya, Sakizaya", "speaker": "蔡宜庭, dungi, female, 1949-11-26", "collected": "2009-08-28", "revised": "None", "video": "skzyNr-frog_dungi.mp3"}, "s_a_span": [84.91, 90.72], "file": "Sakizaya_Sakizaya/skzyNr-frog_dungi", "num": 46}], [47, {"ori": [], "gloss": [["..", "", ""], ["sa", "DM", "DM"], ["ya", "that", "那個"], ["wacu", "dog", "狗"], ["han=tu", "HAN=PFV", "HAN=完成貌"], ["ma-idih", "AF-want", "主焦-想要"], ["ciniza", "3SG.NOM", "3SG.主格"], ["a", "LNK", "連繫詞"], ["tayza", "go.there", "去那裡"], ["mi-kayakay,\\", "AF-climb", "主焦-爬"]], "free": [], "s_end": false, "iu_a_span": [90.72, 94.57], "meta": {"topic": "frog_Dungi", "type": "Narrative", "language": "撒奇萊雅語, Sakizaya, Sakizaya", "speaker": "蔡宜庭, dungi, female, 1949-11-26", "collected": "2009-08-28", "revised": "None", "video": "skzyNr-frog_dungi.mp3"}, "file": "Sakizaya_Sakizaya/skzyNr-frog_dungi", "num": 47}], [48, {"ori": [], "gloss": [["...", "", ""], ["sa", "DM", "DM"], ["a=mi-ala", "FUT=AF-catch", "未來貌=主焦-抓"], ["tya==,\\", "OBL.that", "斜格.那個"]], "free": [], "s_end": false, "iu_a_span": [94.57, 96.15], "meta": {"topic": "frog_Dungi", "type": "Narrative", "language": "撒奇萊雅語, Sakizaya, Sakizaya", "speaker": "蔡宜庭, dungi, female, 1949-11-26", "collected": "2009-08-28", "revised": "None", "video": "skzyNr-frog_dungi.mp3"}, "file": "Sakizaya_Sakizaya/skzyNr-frog_dungi", "num": 48}], [49, {"ori": [], "gloss": [["...", "", ""], ["dibu", "nest", "巢"], ["nya==,\\", "GEN.that", "屬格.那個"]], "free": [], "s_end": false, "iu_a_span": [96.15, 97.52], "meta": {"topic": "frog_Dungi", "type": "Narrative", "language": "撒奇萊雅語, Sakizaya, Sakizaya", "speaker": "蔡宜庭, dungi, female, 1949-11-26", "collected": "2009-08-28", "revised": "None", "video": "skzyNr-frog_dungi.mp3"}, "file": "Sakizaya_Sakizaya/skzyNr-frog_dungi", "num": 49}], [50, {"ori": [], "gloss": [["...", "", ""], ["nya", "GEN.that", "屬格.那個"], ["wadu,_", "bee", "蜜蜂"]], "free": [], "s_end": false, "iu_a_span": [97.52, 98.91], "meta": {"topic": "frog_Dungi", "type": "Narrative", "language": "撒奇萊雅語, Sakizaya, Sakizaya", "speaker": "蔡宜庭, dungi, female, 1949-11-26", "collected": "2009-08-28", "revised": "None", "video": "skzyNr-frog_dungi.mp3"}, "file": "Sakizaya_Sakizaya/skzyNr-frog_dungi", "num": 50}], [51, {"ori": [], "gloss": [["..", "", ""], ["sa._", "DM", "DM"]], "free": ["#e The dog wanted to crawl over there and took the hive.", "#c 那隻狗想要爬過去摘蜂巣。", "#n kayakay 在阿美語中指「橋」。"], "s_end": true, "iu_a_span": [98.91, 99.44], "meta": {"topic": "frog_Dungi", "type": "Narrative", "language": "撒奇萊雅語, Sakizaya, Sakizaya", "speaker": "蔡宜庭, dungi, female, 1949-11-26", "collected": "2009-08-28", "revised": "None", "video": "skzyNr-frog_dungi.mp3"}, "s_a_span": [90.72, 99.44], "file": "Sakizaya_Sakizaya/skzyNr-frog_dungi", "num": 51}], [52, {"ori": [], "gloss": [["...", "", ""], ["nika==,\\", "but", "但是"]], "free": [], "s_end": false, "iu_a_span": [99.44, 100.54], "meta": {"topic": "frog_Dungi", "type": "Narrative", "language": "撒奇萊雅語, Sakizaya, Sakizaya", "speaker": "蔡宜庭, dungi, female, 1949-11-26", "collected": "2009-08-28", "revised": "None", "video": "skzyNr-frog_dungi.mp3"}, "file": "Sakizaya_Sakizaya/skzyNr-frog_dungi", "num": 52}], [53, {"ori": [], "gloss": [["...", "", ""], ["ma…ma…ma-…tawid", "FS…FS…AF-shock", "FS…FS…主焦-驚訝"], ["ciniza,\\", "3SG.NOM", "3SG.主格"]], "free": [], "s_end": false, "iu_a_span": [100.54, 104.47], "meta": {"topic": "frog_Dungi", "type": "Narrative", "language": "撒奇萊雅語, Sakizaya, Sakizaya", "speaker": "蔡宜庭, dungi, female, 1949-11-26", "collected": "2009-08-28", "revised": "None", "video": "skzyNr-frog_dungi.mp3"}, "file": "Sakizaya_Sakizaya/skzyNr-frog_dungi", "num": 53}], [54, {"ori": [], "gloss": [["..", "", ""], ["kwa", "KWA", "KWA"], ["kalat-en", "bite-PF", "咬-受焦"], ["nya", "3SG.GEN", "3SG.屬格"], ["wadu,\\", "bee", "蜂"]], "free": [], "s_end": false, "iu_a_span": [104.47, 105.88], "meta": {"topic": "frog_Dungi", "type": "Narrative", "language": "撒奇萊雅語, Sakizaya, Sakizaya", "speaker": "蔡宜庭, dungi, female, 1949-11-26", "collected": "2009-08-28", "revised": "None", "video": "skzyNr-frog_dungi.mp3"}, "file": "Sakizaya_Sakizaya/skzyNr-frog_dungi", "num": 54}], [55, {"ori": [], "gloss": [["..", "", ""], ["nya", "3SG.GEN", "3SG.屬格"], ["wadu,\\", "bee", "蜂"]], "free": [], "s_end": false, "iu_a_span": [105.88, 106.7], "meta": {"topic": "frog_Dungi", "type": "Narrative", "language": "撒奇萊雅語, Sakizaya, Sakizaya", "speaker": "蔡宜庭, dungi, female, 1949-11-26", "collected": "2009-08-28", "revised": "None", "video": "skzyNr-frog_dungi.mp3"}, "file": "Sakizaya_Sakizaya/skzyNr-frog_dungi", "num": 55}], [56, {"ori": [], "gloss": [["..", "", ""], ["kiza", "NOM.that", "主格.那個"], ["wacu.\\", "dog", "狗"]], "free": ["#e But that dog was shocked because it was stung by a bee.", "#c 但那隻狗嚇一跳，因為被蜜蜂螫了。", "#n KWA 有將的意思係為口語用法，可省略或用KU代替。"], "s_end": true, "iu_a_span": [106.7, 107.62], "meta": {"topic": "frog_Dungi", "type": "Narrative", "language": "撒奇萊雅語, Sakizaya, Sakizaya", "speaker": "蔡宜庭, dungi, female, 1949-11-26", "collected": "2009-08-28", "revised": "None", "video": "skzyNr-frog_dungi.mp3"}, "s_a_span": [99.44, 107.62], "file": "Sakizaya_Sakizaya/skzyNr-frog_dungi", "num": 56}], [57, {"ori": [], "gloss": [["..", "", ""], ["ya", "that", "那個"], ["wawa", "child", "孩子"], ["han=tu", "HAN=PFV", "HAN=完成貌"], ["sa,\\", "TOP", "主題"]], "free": [], "s_end": false, "iu_a_span": [107.62, 108.88], "meta": {"topic": "frog_Dungi", "type": "Narrative", "language": "撒奇萊雅語, Sakizaya, Sakizaya", "speaker": "蔡宜庭, dungi, female, 1949-11-26", "collected": "2009-08-28", "revised": "None", "video": "skzyNr-frog_dungi.mp3"}, "file": "Sakizaya_Sakizaya/skzyNr-frog_dungi", "num": 57}], [58, {"ori": [], "gloss": [["..", "", ""], ["izaw", "EXIST", "存在詞"], ["ku", "NOM", "主格"], ["buhang", "hole", "洞"], ["E==za", "there", "there"], ["sa", "SA", "SA"], ["ciniza,\\", "3SG.NOM", "3SG.主格"]], "free": [], "s_end": false, "iu_a_span": [108.88, 110.9], "meta": {"topic": "frog_Dungi", "type": "Narrative", "language": "撒奇萊雅語, Sakizaya, Sakizaya", "speaker": "蔡宜庭, dungi, female, 1949-11-26", "collected": "2009-08-28", "revised": "None", "video": "skzyNr-frog_dungi.mp3"}, "file": "Sakizaya_Sakizaya/skzyNr-frog_dungi", "num": 58}], [59, {"ori": [], "gloss": [["..", "", ""], ["ku", "NOM", "主格"], ["tayza", "go.there", "去那邊"], ["ciniza", "3SG.NOM", "3SG.主格"], ["a", "LNK", "連繫詞"], ["mi-azih", "AF-see", "主焦-看"], ["sa.\\", "DM", "DM"]], "free": ["#e That child went there and looked at that hole.", "#c 那孩子去那邊看那個洞。", "#n IU57的SA作為主題標記。"], "s_end": true, "iu_a_span": [110.9, 112.73], "meta": {"topic": "frog_Dungi", "type": "Narrative", "language": "撒奇萊雅語, Sakizaya, Sakizaya", "speaker": "蔡宜庭, dungi, female, 1949-11-26", "collected": "2009-08-28", "revised": "None", "video": "skzyNr-frog_dungi.mp3"}, "s_a_span": [107.62, 112.73], "file": "Sakizaya_Sakizaya/skzyNr-frog_dungi", "num": 59}], [60, {"ori": [], "gloss": [["..", "", ""], ["ma-tawid", "AF-shock", "主焦-驚訝"], ["ciniza", "3SG.NOM", "3SG.主格"], ["alaw", "originally", "原來"], ["u", "CN", "CN"], ["buhang-ay", "hole-NMZ", "洞-名物化"], ["nu", "GEN", "屬格"], ["edu,\\", "mouse", "老鼠"]], "free": [], "s_end": false, "iu_a_span": [112.73, 115.34], "meta": {"topic": "frog_Dungi", "type": "Narrative", "language": "撒奇萊雅語, Sakizaya, Sakizaya", "speaker": "蔡宜庭, dungi, female, 1949-11-26", "collected": "2009-08-28", "revised": "None", "video": "skzyNr-frog_dungi.mp3"}, "file": "Sakizaya_Sakizaya/skzyNr-frog_dungi", "num": 60}], [61, {"ori": [], "gloss": [["...", "", ""], ["kya", "NOM.that", "主格.那個"], ["buhang,\\", "hole", "洞"]], "free": [], "s_end": false, "iu_a_span": [115.34, 116.32], "meta": {"topic": "frog_Dungi", "type": "Narrative", "language": "撒奇萊雅語, Sakizaya, Sakizaya", "speaker": "蔡宜庭, dungi, female, 1949-11-26", "collected": "2009-08-28", "revised": "None", "video": "skzyNr-frog_dungi.mp3"}, "file": "Sakizaya_Sakizaya/skzyNr-frog_dungi", "num": 61}], [62, {"ori": [], "gloss": [["..", "", ""], ["sa.\\", "DM", "DM"]], "free": ["#e He was surprised because that hole was a mouse hole.", "#c 他很驚訝因為那個洞是老鼠洞。"], "s_end": true, "iu_a_span": [116.32, 116.82], "meta": {"topic": "frog_Dungi", "type": "Narrative", "language": "撒奇萊雅語, Sakizaya, Sakizaya", "speaker": "蔡宜庭, dungi, female, 1949-11-26", "collected": "2009-08-28", "revised": "None", "video": "skzyNr-frog_dungi.mp3"}, "s_a_span": [112.73, 116.82], "file": "Sakizaya_Sakizaya/skzyNr-frog_dungi", "num": 62}], [63, {"ori": [], "gloss": [["..", "", ""], ["ma-…pelu’=tu", "AF-pick=PFV", "主焦-摘=完成貌"], ["kya==.\\", "NOM.that", "主格.那個"]], "free": [], "s_end": false, "iu_a_span": [116.82, 118.73], "meta": {"topic": "frog_Dungi", "type": "Narrative", "language": "撒奇萊雅語, Sakizaya, Sakizaya", "speaker": "蔡宜庭, dungi, female, 1949-11-26", "collected": "2009-08-28", "revised": "None", "video": "skzyNr-frog_dungi.mp3"}, "file": "Sakizaya_Sakizaya/skzyNr-frog_dungi", "num": 63}], [64, {"ori": [], "gloss": [["...", "", ""], ["dibu", "nest", "巢"], ["nya", "GEN.that", "屬格.那個"], ["watu", "bee", "蜂"], ["sa.\\", "DM", "DM"]], "free": ["#e He removed that beehive.", "#c 摘那個蜂巢。"], "s_end": true, "iu_a_span": [118.73, 120.81], "meta": {"topic": "frog_Dungi", "type": "Narrative", "language": "撒奇萊雅語, Sakizaya, Sakizaya", "speaker": "蔡宜庭, dungi, female, 1949-11-26", "collected": "2009-08-28", "revised": "None", "video": "skzyNr-frog_dungi.mp3"}, "s_a_span": [116.82, 120.81], "file": "Sakizaya_Sakizaya/skzyNr-frog_dungi", "num": 64}], [65, {"ori": [], "gloss": [["...", "", ""], ["ma", "FS", "FS"], ["ma-linges", "AF-angry", "主焦-生氣"], ["amin", "all", "全部"], ["kya", "NOM.that", "主格.那個"], ["wadu.\\", "bee", "蜂"]], "free": ["#e All of the bees were angry.", "#c 蜜蜂全部都很生氣。"], "s_end": true, "iu_a_span": [120.81, 123.1], "meta": {"topic": "frog_Dungi", "type": "Narrative", "language": "撒奇萊雅語, Sakizaya, Sakizaya", "speaker": "蔡宜庭, dungi, female, 1949-11-26", "collected": "2009-08-28", "revised": "None", "video": "skzyNr-frog_dungi.mp3"}, "s_a_span": [120.81, 123.1], "file": "Sakizaya_Sakizaya/skzyNr-frog_dungi", "num": 65}], [66, {"ori": [], "gloss": [["..", "", ""], ["ku", "KU", "KU"], ["a=mi-…mi-…kalat,\\", "FUT=AF-", "未來貌=主焦-"]], "free": [], "s_end": false, "iu_a_span": [123.1, 125.52], "meta": {"topic": "frog_Dungi", "type": "Narrative", "language": "撒奇萊雅語, Sakizaya, Sakizaya", "speaker": "蔡宜庭, dungi, female, 1949-11-26", "collected": "2009-08-28", "revised": "None", "video": "skzyNr-frog_dungi.mp3"}, "file": "Sakizaya_Sakizaya/skzyNr-frog_dungi", "num": 66}], [67, {"ori": [], "gloss": [["..", "", ""], ["a", "LNK", "連繫詞"], ["mi-kalat", "AF-bite", "主焦-咬"], ["tya=,\\", "OBL.that", "斜格.那個"]], "free": [], "s_end": false, "iu_a_span": [125.52, 126.85], "meta": {"topic": "frog_Dungi", "type": "Narrative", "language": "撒奇萊雅語, Sakizaya, Sakizaya", "speaker": "蔡宜庭, dungi, female, 1949-11-26", "collected": "2009-08-28", "revised": "None", "video": "skzyNr-frog_dungi.mp3"}, "file": "Sakizaya_Sakizaya/skzyNr-frog_dungi", "num": 67}], [68, {"ori": [], "gloss": [["...", "", ""], ["wacu-an", "dog-PF", "狗-受焦"], ["kiza", "NOM.that", "主格.那個"], ["wadu", "bee", "蜂"], ["amin.\\", "all", "全部"]], "free": ["#e All of the bees stung that dog.", "#c 全部的蜜蜂都要去螫那隻狗。"], "s_end": true, "iu_a_span": [126.85, 128.6], "meta": {"topic": "frog_Dungi", "type": "Narrative", "language": "撒奇萊雅語, Sakizaya, Sakizaya", "speaker": "蔡宜庭, dungi, female, 1949-11-26", "collected": "2009-08-28", "revised": "None", "video": "skzyNr-frog_dungi.mp3"}, "s_a_span": [123.1, 128.6], "file": "Sakizaya_Sakizaya/skzyNr-frog_dungi", "num": 68}], [69, {"ori": [], "gloss": [["..", "", ""], ["sa", "DM", "DM"], ["ma-duba’===tu,\\", "AF-run=PFV", "主焦-跑=完成貌"]], "free": [], "s_end": false, "iu_a_span": [128.6, 129.85], "meta": {"topic": "frog_Dungi", "type": "Narrative", "language": "撒奇萊雅語, Sakizaya, Sakizaya", "speaker": "蔡宜庭, dungi, female, 1949-11-26", "collected": "2009-08-28", "revised": "None", "video": "skzyNr-frog_dungi.mp3"}, "file": "Sakizaya_Sakizaya/skzyNr-frog_dungi", "num": 69}], [70, {"ori": [], "gloss": [["..", "", ""], ["kya", "NOM.that", "主格.那個"], ["wacu", "dog", "狗"], ["ma-talaw", "AF-fear", "主焦-怕"], ["a", "LNK", "連繫詞"], ["kalat-en", "bite-PF", "咬-受焦"], ["nya", "GEN.that", "屬格.那個"], ["wadu.\\", "bee", "蜂"]], "free": ["#e That dog kept running, fearing to be stung by the bees.", "#c 那隻狗一直跑，很怕被蜜蜂螫。"], "s_end": true, "iu_a_span": [129.85, 132.93], "meta": {"topic": "frog_Dungi", "type": "Narrative", "language": "撒奇萊雅語, Sakizaya, Sakizaya", "speaker": "蔡宜庭, dungi, female, 1949-11-26", "collected": "2009-08-28", "revised": "None", "video": "skzyNr-frog_dungi.mp3"}, "s_a_span": [128.6, 132.93], "file": "Sakizaya_Sakizaya/skzyNr-frog_dungi", "num": 70}], [71, {"ori": [], "gloss": [["..", "", ""], ["sa", "DM", "DM"], ["ya", "that", "那個"], ["wawa", "child", "小孩"], ["han=tu", "HAN=PFV", "HAN=完成貌"], ["sa,\\", "TOP", "主題"]], "free": [], "s_end": false, "iu_a_span": [132.93, 134.39], "meta": {"topic": "frog_Dungi", "type": "Narrative", "language": "撒奇萊雅語, Sakizaya, Sakizaya", "speaker": "蔡宜庭, dungi, female, 1949-11-26", "collected": "2009-08-28", "revised": "None", "video": "skzyNr-frog_dungi.mp3"}, "file": "Sakizaya_Sakizaya/skzyNr-frog_dungi", "num": 71}], [72, {"ori": [], "gloss": [["..", "", ""], ["ma-azih", "PF-see", "受焦-看"], ["niza", "GEN.that", "屬格.那個"], ["ku", "NOM", "洞"], ["buhang", "hole", "介系詞"], ["i", "PREP", "那裡"], ["tiza", "there", "介系詞"], ["i", "PREP", "樹"], ["kilang.\\", "", ""]], "free": ["#e That child saw a tree hole there.", "#c 那小孩看到那邊有樹洞。"], "s_end": true, "iu_a_span": [134.39, 136.89], "meta": {"topic": "frog_Dungi", "type": "Narrative", "language": "撒奇萊雅語, Sakizaya, Sakizaya", "speaker": "蔡宜庭, dungi, female, 1949-11-26", "collected": "2009-08-28", "revised": "None", "video": "skzyNr-frog_dungi.mp3"}, "s_a_span": [132.93, 136.89], "file": "Sakizaya_Sakizaya/skzyNr-frog_dungi", "num": 72}], [73, {"ori": [], "gloss": [["..", "", ""], ["mi-kayakay", "AF-climb", "主焦-爬"], ["ciniza", "3SG.NOM", "3SG.主格"], ["tayza", "go.there", "去那裡"], ["a", "LNK", "連繫詞"], ["mi-kilim", "AF-search", "主焦-找"], ["tya", "OBL.that", "斜格.那個"], ["balaut.\\", "frog", "青蛙"]], "free": ["#e He climbed up and found that frog.", "#c 他爬上去找那青蛙。"], "s_end": true, "iu_a_span": [136.89, 140.24], "meta": {"topic": "frog_Dungi", "type": "Narrative", "language": "撒奇萊雅語, Sakizaya, Sakizaya", "speaker": "蔡宜庭, dungi, female, 1949-11-26", "collected": "2009-08-28", "revised": "None", "video": "skzyNr-frog_dungi.mp3"}, "s_a_span": [136.89, 140.24], "file": "Sakizaya_Sakizaya/skzyNr-frog_dungi", "num": 73}], [74, {"ori": [], "gloss": [["...", "", ""], ["sa", "DM", "DM"], ["azih", "see", "看"], ["han", "HAN", "HAN"], ["u", "CN", "CN"], ["palang", "eagle", "老鷹"], ["sa,\\", "DM", "DM"]], "free": [], "s_end": false, "iu_a_span": [140.24, 142.47], "meta": {"topic": "frog_Dungi", "type": "Narrative", "language": "撒奇萊雅語, Sakizaya, Sakizaya", "speaker": "蔡宜庭, dungi, female, 1949-11-26", "collected": "2009-08-28", "revised": "None", "video": "skzyNr-frog_dungi.mp3"}, "file": "Sakizaya_Sakizaya/skzyNr-frog_dungi", "num": 74}], [75, {"ori": [], "gloss": [["..", "", ""], ["ma-tawid", "AF-shock", "主焦-驚訝"], ["ciniza", "3SG.NOM", "3SG.主格"], ["ma-tulu’,\\", "AF-fall", "主焦-跌"]], "free": [], "s_end": false, "iu_a_span": [142.47, 144.25], "meta": {"topic": "frog_Dungi", "type": "Narrative", "language": "撒奇萊雅語, Sakizaya, Sakizaya", "speaker": "蔡宜庭, dungi, female, 1949-11-26", "collected": "2009-08-28", "revised": "None", "video": "skzyNr-frog_dungi.mp3"}, "file": "Sakizaya_Sakizaya/skzyNr-frog_dungi", "num": 75}], [76, {"ori": [], "gloss": [["..", "", ""], ["ciniza", "3SG.NOM", "3SG.主格"], ["ma-debay", "AF-fall", "主焦-跌"], ["ciniza", "3SG.NOM", "3SG.主格"], ["na=maka-iza", "PAST=from-there", "過去貌=從-那裡"], ["i", "PREP", "介系詞"], ["kilang,\\", "tree", "樹"]], "free": [], "s_end": false, "iu_a_span": [144.25, 146.87], "meta": {"topic": "frog_Dungi", "type": "Narrative", "language": "撒奇萊雅語, Sakizaya, Sakizaya", "speaker": "蔡宜庭, dungi, female, 1949-11-26", "collected": "2009-08-28", "revised": "None", "video": "skzyNr-frog_dungi.mp3"}, "file": "Sakizaya_Sakizaya/skzyNr-frog_dungi", "num": 76}], [77, {"ori": [], "gloss": [["..", "", ""], ["sa.\\", "DM", "DM"]], "free": ["#e He saw an eagle and fell off the tree.", "#c 他看到老鷹嚇一跳就跌下來。", "#n ma-tulu’ 為阿美語，Sakizaya則為ma-debay。", "#n na ca’ay pakayza 不從。"], "s_end": true, "iu_a_span": [146.87, 147.4], "meta": {"topic": "frog_Dungi", "type": "Narrative", "language": "撒奇萊雅語, Sakizaya, Sakizaya", "speaker": "蔡宜庭, dungi, female, 1949-11-26", "collected": "2009-08-28", "revised": "None", "video": "skzyNr-frog_dungi.mp3"}, "s_a_span": [140.24, 147.4], "file": "Sakizaya_Sakizaya/skzyNr-frog_dungi", "num": 77}], [78, {"ori": [], "gloss": [["...(1.7)", "", ""], ["tanu-angic", "very-cry", "很-哭"], ["sa=tu", "DM=PFV", "DM=完成貌"], ["kiza", "NOM.that", "主格.那個"], ["wawa._", "child", "小孩"]], "free": ["#e That child was crying.", "#c 那小孩一直哭。", "#n mu-angic表示哭；tanu 表示「非常」，如tanu-dihi「非常可憐」、 tanu-paisu「很多錢」、tanu-namuh「很喜歡」。"], "s_end": true, "iu_a_span": [147.4, 150.63], "meta": {"topic": "frog_Dungi", "type": "Narrative", "language": "撒奇萊雅語, Sakizaya, Sakizaya", "speaker": "蔡宜庭, dungi, female, 1949-11-26", "collected": "2009-08-28", "revised": "None", "video": "skzyNr-frog_dungi.mp3"}, "s_a_span": [147.4, 150.63], "file": "Sakizaya_Sakizaya/skzyNr-frog_dungi", "num": 78}], [79, {"ori": [], "gloss": [["..", "", ""], ["mi-==kayakay", "AF-climb", "主焦-爬"], ["tya", "OBL.that", "斜格.那個"], ["ungcung", "rock", "石頭"], ["sa.\\", "DM", "DM"]], "free": ["#e (He) climbed that rock.", "#c （他）爬那顆大石頭。"], "s_end": true, "iu_a_span": [150.63, 153.36], "meta": {"topic": "frog_Dungi", "type": "Narrative", "language": "撒奇萊雅語, Sakizaya, Sakizaya", "speaker": "蔡宜庭, dungi, female, 1949-11-26", "collected": "2009-08-28", "revised": "None", "video": "skzyNr-frog_dungi.mp3"}, "s_a_span": [150.63, 153.36], "file": "Sakizaya_Sakizaya/skzyNr-frog_dungi", "num": 79}], [80, {"ori": [], "gloss": [["..", "", ""], ["u", "CN", "CN"], ["kilang", "tree", "樹"], ["tu", "TU", "TU"], ["na=sa", "PAST=say", "過去貌=說"], ["ciniza.\\", "3SG.NOM", "3SG.主格"]], "free": ["#e He thought that was a tree.", "#c 他原本以為是樹。"], "s_end": true, "iu_a_span": [153.36, 155.4], "meta": {"topic": "frog_Dungi", "type": "Narrative", "language": "撒奇萊雅語, Sakizaya, Sakizaya", "speaker": "蔡宜庭, dungi, female, 1949-11-26", "collected": "2009-08-28", "revised": "None", "video": "skzyNr-frog_dungi.mp3"}, "s_a_span": [153.36, 155.4], "file": "Sakizaya_Sakizaya/skzyNr-frog_dungi", "num": 80}], [81, {"ori": [], "gloss": [["..", "", ""], ["kapet", "grab", "抓"], ["sa", "DM", "DM"], ["ciniza", "3SG.NOM", "3SG.主格"], ["ma-nanuan", "AF-shake", "主焦-搖"], ["sa.\\", "DM", "DM"]], "free": ["#e He grabbed but (it) moved.", "#c 他一抓而（它）會動。"], "s_end": true, "iu_a_span": [155.4, 157.38], "meta": {"topic": "frog_Dungi", "type": "Narrative", "language": "撒奇萊雅語, Sakizaya, Sakizaya", "speaker": "蔡宜庭, dungi, female, 1949-11-26", "collected": "2009-08-28", "revised": "None", "video": "skzyNr-frog_dungi.mp3"}, "s_a_span": [155.4, 157.38], "file": "Sakizaya_Sakizaya/skzyNr-frog_dungi", "num": 81}], [82, {"ori": [], "gloss": [["...", "", ""], ["melaw", "see", "看"], ["azih", "see", "看"], ["han", "HAN", "HAN"], ["niza,\\", "3SG.GEN", "3SG.屬格"]], "free": [], "s_end": false, "iu_a_span": [157.38, 159.08], "meta": {"topic": "frog_Dungi", "type": "Narrative", "language": "撒奇萊雅語, Sakizaya, Sakizaya", "speaker": "蔡宜庭, dungi, female, 1949-11-26", "collected": "2009-08-28", "revised": "None", "video": "skzyNr-frog_dungi.mp3"}, "file": "Sakizaya_Sakizaya/skzyNr-frog_dungi", "num": 82}], [83, {"ori": [], "gloss": [["..", "", ""], ["alaw", "originally", "原來"], ["u,\\", "CN", "CN"]], "free": [], "s_end": false, "iu_a_span": [159.08, 160.12], "meta": {"topic": "frog_Dungi", "type": "Narrative", "language": "撒奇萊雅語, Sakizaya, Sakizaya", "speaker": "蔡宜庭, dungi, female, 1949-11-26", "collected": "2009-08-28", "revised": "None", "video": "skzyNr-frog_dungi.mp3"}, "file": "Sakizaya_Sakizaya/skzyNr-frog_dungi", "num": 83}], [84, {"ori": [], "gloss": [["..", "", ""], ["puhung-ay", "horn-NMZ", "角-名物化"], ["nya", "GEN.that", "屬格.那個"], ["sizi.\\", "goat", "山羊"]], "free": ["#e He saw it, which was a horn.", "#c 他一看原來那是羊角。", "#n melaw為阿美語。"], "s_end": true, "iu_a_span": [160.12, 162.0], "meta": {"topic": "frog_Dungi", "type": "Narrative", "language": "撒奇萊雅語, Sakizaya, Sakizaya", "speaker": "蔡宜庭, dungi, female, 1949-11-26", "collected": "2009-08-28", "revised": "None", "video": "skzyNr-frog_dungi.mp3"}, "s_a_span": [157.38, 162.0], "file": "Sakizaya_Sakizaya/skzyNr-frog_dungi", "num": 84}], [85, {"ori": [], "gloss": [["..", "", ""], ["sa", "DM", "DM"], ["ma-^ca’it=tu", "PF-hang=PFV", "受焦-掛=完成貌"], ["kya", "NOM.that", "主格.那個"], ["wawa,\\", "child", "小孩"]], "free": [], "s_end": false, "iu_a_span": [162.0, 163.9], "meta": {"topic": "frog_Dungi", "type": "Narrative", "language": "撒奇萊雅語, Sakizaya, Sakizaya", "speaker": "蔡宜庭, dungi, female, 1949-11-26", "collected": "2009-08-28", "revised": "None", "video": "skzyNr-frog_dungi.mp3"}, "file": "Sakizaya_Sakizaya/skzyNr-frog_dungi", "num": 85}], [86, {"ori": [], "gloss": [["..", "", ""], ["i", "PREP", "介系詞"], ["puhung", "horn", "角"], ["nya", "GEN.that", "屬格.那個"], ["sizi.\\", "goat", "山羊"]], "free": ["#e That child was hung on a horn.", "#c 那孩子掛在羊角上。", "#n 根據發音者mi-ca’it有主動的意思，而ma-ca’it 有被動的意思。"], "s_end": true, "iu_a_span": [163.9, 165.61], "meta": {"topic": "frog_Dungi", "type": "Narrative", "language": "撒奇萊雅語, Sakizaya, Sakizaya", "speaker": "蔡宜庭, dungi, female, 1949-11-26", "collected": "2009-08-28", "revised": "None", "video": "skzyNr-frog_dungi.mp3"}, "s_a_span": [162.0, 165.61], "file": "Sakizaya_Sakizaya/skzyNr-frog_dungi", "num": 86}], [87, {"ori": [], "gloss": [["...", "", ""], ["tu", "then", "然後"], ["ba’tung^", "throw", "丟"], ["han=tu", "HAN=PFV", "HAN=完成貌"], ["nya", "GEN.that", "屬格.那個"], ["sizi", "goat", "山羊"], ["kiza", "NOM.that", "主格.那個"], ["wawa.\\", "child", "小孩"]], "free": ["#e That goat threw that child out.", "#c 那山羊把孩子丟出去。"], "s_end": true, "iu_a_span": [165.61, 167.74], "meta": {"topic": "frog_Dungi", "type": "Narrative", "language": "撒奇萊雅語, Sakizaya, Sakizaya", "speaker": "蔡宜庭, dungi, female, 1949-11-26", "collected": "2009-08-28", "revised": "None", "video": "skzyNr-frog_dungi.mp3"}, "s_a_span": [165.61, 167.74], "file": "Sakizaya_Sakizaya/skzyNr-frog_dungi", "num": 87}], [88, {"ori": [], "gloss": [["..", "", ""], ["sa=tu,\\", "DM=PFV", "DM=完成貌"]], "free": [], "s_end": false, "iu_a_span": [167.74, 168.38], "meta": {"topic": "frog_Dungi", "type": "Narrative", "language": "撒奇萊雅語, Sakizaya, Sakizaya", "speaker": "蔡宜庭, dungi, female, 1949-11-26", "collected": "2009-08-28", "revised": "None", "video": "skzyNr-frog_dungi.mp3"}, "file": "Sakizaya_Sakizaya/skzyNr-frog_dungi", "num": 88}], [89, {"ori": [], "gloss": [["..", "", ""], ["tukud", "kick", "踢"], ["han", "HAN", "HAN"], ["nya", "GEN.that", "屬格.那個"], ["sizi", "goat", "山羊"], ["kiza", "NOM.that", "主格.那個"], ["wacu.\\", "dog", "狗"]], "free": ["#e That goat kicked off that dog.", "#c 那隻山羊把狗踢走。"], "s_end": true, "iu_a_span": [168.38, 170.1], "meta": {"topic": "frog_Dungi", "type": "Narrative", "language": "撒奇萊雅語, Sakizaya, Sakizaya", "speaker": "蔡宜庭, dungi, female, 1949-11-26", "collected": "2009-08-28", "revised": "None", "video": "skzyNr-frog_dungi.mp3"}, "s_a_span": [167.74, 170.1], "file": "Sakizaya_Sakizaya/skzyNr-frog_dungi", "num": 89}], [90, {"ori": [], "gloss": [["..", "", ""], ["ma-debay", "AF-fall", "主焦-掉"], ["kuheni,\\", "3PL.NOM", "3PL.主格"]], "free": [], "s_end": false, "iu_a_span": [170.1, 171.37], "meta": {"topic": "frog_Dungi", "type": "Narrative", "language": "撒奇萊雅語, Sakizaya, Sakizaya", "speaker": "蔡宜庭, dungi, female, 1949-11-26", "collected": "2009-08-28", "revised": "None", "video": "skzyNr-frog_dungi.mp3"}, "file": "Sakizaya_Sakizaya/skzyNr-frog_dungi", "num": 90}], [91, {"ori": [], "gloss": [["..", "", ""], ["tini", "there", "那裡"], ["i", "PREP", "介系詞"], ["sasa,\\", "below", "下面"]], "free": [], "s_end": false, "iu_a_span": [171.37, 172.57], "meta": {"topic": "frog_Dungi", "type": "Narrative", "language": "撒奇萊雅語, Sakizaya, Sakizaya", "speaker": "蔡宜庭, dungi, female, 1949-11-26", "collected": "2009-08-28", "revised": "None", "video": "skzyNr-frog_dungi.mp3"}, "file": "Sakizaya_Sakizaya/skzyNr-frog_dungi", "num": 91}], [92, {"ori": [], "gloss": [["..", "", ""], ["nya", "GEN.that", "屬格.那個"], ["tepad", "cliff", "懸崖"], ["sa.\\", "DM", "DM"]], "free": ["#e They fell down the cliff.", "#c 他們掉到懸崖下。"], "s_end": true, "iu_a_span": [172.57, 174.06], "meta": {"topic": "frog_Dungi", "type": "Narrative", "language": "撒奇萊雅語, Sakizaya, Sakizaya", "speaker": "蔡宜庭, dungi, female, 1949-11-26", "collected": "2009-08-28", "revised": "None", "video": "skzyNr-frog_dungi.mp3"}, "s_a_span": [170.1, 174.06], "file": "Sakizaya_Sakizaya/skzyNr-frog_dungi", "num": 92}], [93, {"ori": [], "gloss": [["...", "", ""], ["ma-debay", "AF-fall", "主焦-掉"], ["kuheni", "3PL.NOM", "3PL.主格"], ["tayza", "go.there", "去那裡"], ["i", "\bPREP", "介系詞"], ["taku.\\", "pond", "池塘"]], "free": ["#e They fell into a pond.", "#c 他們掉到池塘裡。"], "s_end": true, "iu_a_span": [174.06, 176.71], "meta": {"topic": "frog_Dungi", "type": "Narrative", "language": "撒奇萊雅語, Sakizaya, Sakizaya", "speaker": "蔡宜庭, dungi, female, 1949-11-26", "collected": "2009-08-28", "revised": "None", "video": "skzyNr-frog_dungi.mp3"}, "s_a_span": [174.06, 176.71], "file": "Sakizaya_Sakizaya/skzyNr-frog_dungi", "num": 93}], [94, {"ori": [], "gloss": [["..", "", ""], ["adasay", "luckily", "幸好"], ["aca", "too", "也"], ["inayay", "NEG", "否定詞"], ["ku", "NOM", "主格"], ["ba’tu.\\", "stone", "石頭"]], "free": ["#e Luckily, there was no stone.", "#c 幸好沒有石頭。"], "s_end": true, "iu_a_span": [176.71, 179.15], "meta": {"topic": "frog_Dungi", "type": "Narrative", "language": "撒奇萊雅語, Sakizaya, Sakizaya", "speaker": "蔡宜庭, dungi, female, 1949-11-26", "collected": "2009-08-28", "revised": "None", "video": "skzyNr-frog_dungi.mp3"}, "s_a_span": [176.71, 179.15], "file": "Sakizaya_Sakizaya/skzyNr-frog_dungi", "num": 94}], [95, {"ori": [], "gloss": [["..", "", ""], ["cay", "NEG", "否定詞"], ["ka-duka", "KA-hurt", "KA-受傷"], ["kina", "NOM.that", "主格.那個"], ["wacu", "dog", "狗"], ["a", "LNK", "連繫詞"], ["tya", "OBL.that", "斜格.那個"], ["wawa,\\", "child", "小孩"]], "free": [], "s_end": false, "iu_a_span": [179.15, 182.07], "meta": {"topic": "frog_Dungi", "type": "Narrative", "language": "撒奇萊雅語, Sakizaya, Sakizaya", "speaker": "蔡宜庭, dungi, female, 1949-11-26", "collected": "2009-08-28", "revised": "None", "video": "skzyNr-frog_dungi.mp3"}, "file": "Sakizaya_Sakizaya/skzyNr-frog_dungi", "num": 95}], [96, {"ori": [], "gloss": [["..", "", ""], ["sa.\\", "DM", "DM"]], "free": ["#e That dog and child were not hurt.", "#c 那狗和孩子沒受傷。"], "s_end": true, "iu_a_span": [182.07, 182.55], "meta": {"topic": "frog_Dungi", "type": "Narrative", "language": "撒奇萊雅語, Sakizaya, Sakizaya", "speaker": "蔡宜庭, dungi, female, 1949-11-26", "collected": "2009-08-28", "revised": "None", "video": "skzyNr-frog_dungi.mp3"}, "s_a_span": [179.15, 182.55], "file": "Sakizaya_Sakizaya/skzyNr-frog_dungi", "num": 96}], [97, {"ori": [], "gloss": [["..", "", ""], ["ma==", "MA", "MA"], ["smal", "SMAL", "SMAL"], ["mas,\\", "MAS", "MAS"]], "free": [], "s_end": false, "iu_a_span": [182.55, 184.39], "meta": {"topic": "frog_Dungi", "type": "Narrative", "language": "撒奇萊雅語, Sakizaya, Sakizaya", "speaker": "蔡宜庭, dungi, female, 1949-11-26", "collected": "2009-08-28", "revised": "None", "video": "skzyNr-frog_dungi.mp3"}, "file": "Sakizaya_Sakizaya/skzyNr-frog_dungi", "num": 97}], [98, {"ori": [], "gloss": [["...", "", ""], ["sa,\\", "DM", "DM"]], "free": [], "s_end": false, "iu_a_span": [184.39, 185.11], "meta": {"topic": "frog_Dungi", "type": "Narrative", "language": "撒奇萊雅語, Sakizaya, Sakizaya", "speaker": "蔡宜庭, dungi, female, 1949-11-26", "collected": "2009-08-28", "revised": "None", "video": "skzyNr-frog_dungi.mp3"}, "file": "Sakizaya_Sakizaya/skzyNr-frog_dungi", "num": 98}], [99, {"ori": [], "gloss": [["...(0.9)", "", ""], ["tengi==l", "hear", "聽"], ["sa", "say", "說"], ["kuheni", "3PL.NOM", "3PL.主格"], ["i", "PREP", "介系詞"], ["tiza.\\", "there", "那裡"]], "free": ["#e They were listening over there.", "#c 他們在那裡聽著。"], "s_end": true, "iu_a_span": [185.11, 187.36], "meta": {"topic": "frog_Dungi", "type": "Narrative", "language": "撒奇萊雅語, Sakizaya, Sakizaya", "speaker": "蔡宜庭, dungi, female, 1949-11-26", "collected": "2009-08-28", "revised": "None", "video": "skzyNr-frog_dungi.mp3"}, "s_a_span": [182.55, 187.36], "file": "Sakizaya_Sakizaya/skzyNr-frog_dungi", "num": 99}]], "meta": {"topic": "frog_Dungi", "type": "Narrative", "language": "撒奇萊雅語, Sakizaya, Sakizaya", "speaker": "蔡宜庭, dungi, female, 1949-11-26", "collected": "2009-08-28", "revised": "None", "video": "skzyNr-frog_dungi.mp3"}}