{"glosses": [[1, {"ori": [], "gloss": [["...", "", ""], ["i", "PREP", "介系詞"], ["sawni", "just.know", "剛剛"], ["haw,\\", "INT", "感嘆"]], "free": [], "s_end": false, "iu_a_span": [0.36, 1.63], "meta": {"topic": "pear_panay", "type": "Narrative", "language": "撒奇萊雅語, Sakizaya, Sakizaya", "speaker": "葉阿妹, panay, female, 1949-11-20", "collected": "2008-01-05", "revised": "None", "video": "skzyNr-pear_panay.mp3"}, "file": "Sakizaya_Sakizaya/skzyNr-pear_panay", "num": 1}], [2, {"ori": [], "gloss": [["...", "", ""], ["ma-melaw,_", "AF-see", "主焦-看到"]], "free": [], "s_end": false, "iu_a_span": [1.63, 2.92], "meta": {"topic": "pear_panay", "type": "Narrative", "language": "撒奇萊雅語, Sakizaya, Sakizaya", "speaker": "葉阿妹, panay, female, 1949-11-20", "collected": "2008-01-05", "revised": "None", "video": "skzyNr-pear_panay.mp3"}, "file": "Sakizaya_Sakizaya/skzyNr-pear_panay", "num": 2}], [3, {"ori": [], "gloss": [["..", "", ""], ["i==,_", "PREP", "介系詞"]], "free": [], "s_end": false, "iu_a_span": [2.92, 3.5], "meta": {"topic": "pear_panay", "type": "Narrative", "language": "撒奇萊雅語, Sakizaya, Sakizaya", "speaker": "葉阿妹, panay, female, 1949-11-20", "collected": "2008-01-05", "revised": "None", "video": "skzyNr-pear_panay.mp3"}, "file": "Sakizaya_Sakizaya/skzyNr-pear_panay", "num": 3}], [4, {"ori": [], "gloss": [["..", "", ""], ["i", "PREP", "介系詞"], ["tiza", "there", "那裡"], ["i==", "PREP", "介系詞"], ["ni-pa-azih", "NI-CAU-see", "NI-使役-看"], ["nu", "GEN", "屬格"], ["atiwawa", "child", "小孩"], ["a", "LNK", "連繫詞"], ["<L2TkungkuL2T>.\\", "story", "故事"]], "free": ["#e What (I) had just read was a story for children.", "#c 剛剛看到的是要給小孩看的故事書。", "#n ma-melaw 為阿美語。", "#n IU4 中的kungku 意思為閩南語借字，漢字寫成講古(kongko)。", "#n nipazih ni panay i takuwan kina cudad. 這本書是Panay給我看的。", "#n p-azih ci panay tu cutad i takuan Panay 拿書給我看。"], "s_end": true, "iu_a_span": [3.5, 7.03], "meta": {"topic": "pear_panay", "type": "Narrative", "language": "撒奇萊雅語, Sakizaya, Sakizaya", "speaker": "葉阿妹, panay, female, 1949-11-20", "collected": "2008-01-05", "revised": "None", "video": "skzyNr-pear_panay.mp3"}, "s_a_span": [0.36, 7.03], "file": "Sakizaya_Sakizaya/skzyNr-pear_panay", "num": 4}], [5, {"ori": [], "gloss": [["...", "", ""], ["izaw", "EXIST", "存在詞"], ["kya", "NOM.that", "主格.那個"], ["cacay", "one", "一個"], ["a", "LNK", "連繫詞"], ["babalaki", "old.man", "老人"], ["mi-kalic", "AF-climb", "主焦-爬"], ["i", "PREP", "介系詞"], ["tiza", "there", "那裡"], ["i==", "PREP", "介系詞"], ["kilang.\\", "tree", "樹"]], "free": ["#e An old man was climbing a tree over there.", "#c 有一個老人在那裡爬樹。", "#n mi-kalic 為阿美語，撒奇萊雅語則為mi-kayakay。"], "s_end": true, "iu_a_span": [7.03, 11.72], "meta": {"topic": "pear_panay", "type": "Narrative", "language": "撒奇萊雅語, Sakizaya, Sakizaya", "speaker": "葉阿妹, panay, female, 1949-11-20", "collected": "2008-01-05", "revised": "None", "video": "skzyNr-pear_panay.mp3"}, "s_a_span": [7.03, 11.72], "file": "Sakizaya_Sakizaya/skzyNr-pear_panay", "num": 5}], [6, {"ori": [], "gloss": [["...(0.7)", "", ""], ["ni-kalic-an", "NI-climb-AN", "NI-爬-AN"], ["niza", "3SG.GEN", "3SG.屬格"], ["a", "LNK", "連繫詞"], ["kilang", "tree", "樹"], ["u", "CN", "CN"], ["heci,\\", "fruit", "果實"]], "free": [], "s_end": false, "iu_a_span": [11.72, 14.9], "meta": {"topic": "pear_panay", "type": "Narrative", "language": "撒奇萊雅語, Sakizaya, Sakizaya", "speaker": "葉阿妹, panay, female, 1949-11-20", "collected": "2008-01-05", "revised": "None", "video": "skzyNr-pear_panay.mp3"}, "file": "Sakizaya_Sakizaya/skzyNr-pear_panay", "num": 6}], [7, {"ori": [], "gloss": [["..", "", ""], ["si-heci-ay", "have-fruit-FAC", "有-果實-表事實"], ["u", "CN", "CN"], ["heci", "fruit", "果實"], ["niza", "3SG.POSS", "3SG.所有格"], ["u", "CN", "CN"], ["kayabes.\\", "guava", "番石榴"]], "free": ["#e What he climbed was a fruit tree, which bore guavas.", "#c 他爬的是果樹，而果實是番石榴。", "#n heci 也可當作「肉」解，heci nu babuy 是豬肉。"], "s_end": true, "iu_a_span": [14.9, 17.64], "meta": {"topic": "pear_panay", "type": "Narrative", "language": "撒奇萊雅語, Sakizaya, Sakizaya", "speaker": "葉阿妹, panay, female, 1949-11-20", "collected": "2008-01-05", "revised": "None", "video": "skzyNr-pear_panay.mp3"}, "s_a_span": [11.72, 17.64], "file": "Sakizaya_Sakizaya/skzyNr-pear_panay", "num": 7}], [8, {"ori": [], "gloss": [["...(0.8)", "", ""], ["tabaki", "big", "大"], ["isaw", "PART", "語助詞"], ["kya", "NOM.that", "主格.那個"], ["angangan", "bough", "枝幹"], ["nya", "GEN.that", "屬格.那個"], ["kayabes.\\", "guava", "番石榴"]], "free": ["#e That guava tree was huge.", "#c 那番石榴樹很大啦。", "#n mahini isaw意思為就這樣；isaw 加強語氣的用法。"], "s_end": true, "iu_a_span": [17.64, 21.12], "meta": {"topic": "pear_panay", "type": "Narrative", "language": "撒奇萊雅語, Sakizaya, Sakizaya", "speaker": "葉阿妹, panay, female, 1949-11-20", "collected": "2008-01-05", "revised": "None", "video": "skzyNr-pear_panay.mp3"}, "s_a_span": [17.64, 21.12], "file": "Sakizaya_Sakizaya/skzyNr-pear_panay", "num": 8}], [9, {"ori": [], "gloss": [["...(1.5)", "", ""], ["E,\\", "", ""]], "free": [], "s_end": false, "iu_a_span": [21.12, 23.04], "meta": {"topic": "pear_panay", "type": "Narrative", "language": "撒奇萊雅語, Sakizaya, Sakizaya", "speaker": "葉阿妹, panay, female, 1949-11-20", "collected": "2008-01-05", "revised": "None", "video": "skzyNr-pear_panay.mp3"}, "file": "Sakizaya_Sakizaya/skzyNr-pear_panay", "num": 9}], [10, {"ori": [], "gloss": [["...(1.0)", "", ""], ["yadah=tu", "many=PFV", "許多=完成貌"], ["ku", "NOM", "主格"], ["ni-ala-an", "NI-take-AN", "NI-拿-AN"], ["niza", "3SG.GEN", "3SG.屬格"], ["izaw", "EXIST", "存在詞"], ["kya", "NOM.that", "主格.那個"], ["mi-kitin-ay", "AF-pull-NMZ", "主焦-牽-名物化"], ["tu==,_", "OBL", "斜格"]], "free": [], "s_end": false, "iu_a_span": [23.04, 27.19], "meta": {"topic": "pear_panay", "type": "Narrative", "language": "撒奇萊雅語, Sakizaya, Sakizaya", "speaker": "葉阿妹, panay, female, 1949-11-20", "collected": "2008-01-05", "revised": "None", "video": "skzyNr-pear_panay.mp3"}, "file": "Sakizaya_Sakizaya/skzyNr-pear_panay", "num": 10}], [11, {"ori": [], "gloss": [["...(0.7)", "", ""], ["tu==", "OBL", "斜格"], ["sizi", "goat", "羊"], ["a==,\\", "LNK", "連繫詞"]], "free": [], "s_end": false, "iu_a_span": [27.19, 30.06], "meta": {"topic": "pear_panay", "type": "Narrative", "language": "撒奇萊雅語, Sakizaya, Sakizaya", "speaker": "葉阿妹, panay, female, 1949-11-20", "collected": "2008-01-05", "revised": "None", "video": "skzyNr-pear_panay.mp3"}, "file": "Sakizaya_Sakizaya/skzyNr-pear_panay", "num": 11}], [12, {"ori": [], "gloss": [["...", "", ""], ["pa-hutin-ay", "CAU-farm-NMZ", "使動-放牧-名物化"], ["kya,\\", "NOM.that", "主格.那個"]], "free": [], "s_end": false, "iu_a_span": [30.06, 31.76], "meta": {"topic": "pear_panay", "type": "Narrative", "language": "撒奇萊雅語, Sakizaya, Sakizaya", "speaker": "葉阿妹, panay, female, 1949-11-20", "collected": "2008-01-05", "revised": "None", "video": "skzyNr-pear_panay.mp3"}, "file": "Sakizaya_Sakizaya/skzyNr-pear_panay", "num": 12}], [13, {"ori": [], "gloss": [["...(0.8)", "", ""], ["sa.\\", "DM", "DM"]], "free": ["#e He took many (guavas), and one man carried a goat.", "#c 他拿了很多(番石榴)，有人牽著羊。", "#n hutin 放牛的地方。"], "s_end": true, "iu_a_span": [31.76, 32.87], "meta": {"topic": "pear_panay", "type": "Narrative", "language": "撒奇萊雅語, Sakizaya, Sakizaya", "speaker": "葉阿妹, panay, female, 1949-11-20", "collected": "2008-01-05", "revised": "None", "video": "skzyNr-pear_panay.mp3"}, "s_a_span": [21.12, 32.87], "file": "Sakizaya_Sakizaya/skzyNr-pear_panay", "num": 13}], [14, {"ori": [], "gloss": [["...(0.8)", "", ""], ["mu-culil", "AF-walk", "主焦-走"], ["mi-taelib", "AF-pass", "主焦-經過"], ["i==", "PREP", "介系詞"], ["nu==", "GEN", "屬格"], ["sasa", "lower.part", "下面"], ["i", "PREP", "既謝詞"], ["kilang.\\", "tree", "樹"]], "free": ["#e (A man) walked by the tree.", "#c 經過樹下。", "#n mi-taelib 為阿美語；mi-caliw-ay 為撒奇萊雅語."], "s_end": true, "iu_a_span": [32.87, 37.63], "meta": {"topic": "pear_panay", "type": "Narrative", "language": "撒奇萊雅語, Sakizaya, Sakizaya", "speaker": "葉阿妹, panay, female, 1949-11-20", "collected": "2008-01-05", "revised": "None", "video": "skzyNr-pear_panay.mp3"}, "s_a_span": [32.87, 37.63], "file": "Sakizaya_Sakizaya/skzyNr-pear_panay", "num": 14}], [15, {"ori": [], "gloss": [["...", "", ""], ["ni-pi-pitpit=tu", "NI-PI-pick=PFV", "NI-PI-摘=完成貌"], ["nya==", "GEN.that", "屬格.那個"], ["taw.\\", "other.people", "別人"]], "free": ["#e He was picking (guavas).", "#c 他在摘 (番石榴)。", "#n pit-pit 為篩選；mi-pelu’ 為摘。"], "s_end": true, "iu_a_span": [37.63, 39.93], "meta": {"topic": "pear_panay", "type": "Narrative", "language": "撒奇萊雅語, Sakizaya, Sakizaya", "speaker": "葉阿妹, panay, female, 1949-11-20", "collected": "2008-01-05", "revised": "None", "video": "skzyNr-pear_panay.mp3"}, "s_a_span": [37.63, 39.93], "file": "Sakizaya_Sakizaya/skzyNr-pear_panay", "num": 15}], [16, {"ori": [], "gloss": [["...", "", ""], ["sani", "soon", "不久"], ["sa", "DM", "DM"], ["izaw", "EXIST", "存在詞"], ["aca", "too", "也"], ["ku", "NOM", "主格"], ["ma-ka-batikal-ay", "AF-KA-bicycle-NMZ", "主焦-KA-腳踏車-名物化"], ["sa", "DM", "DM"], ["calicali’.\\", "to.and.fro.", "來回地"]], "free": ["#e Soon a bicycle rider walked to and fro.", "#c 不久又有騎腳踏車的走來走去。"], "s_end": true, "iu_a_span": [39.93, 44.45], "meta": {"topic": "pear_panay", "type": "Narrative", "language": "撒奇萊雅語, Sakizaya, Sakizaya", "speaker": "葉阿妹, panay, female, 1949-11-20", "collected": "2008-01-05", "revised": "None", "video": "skzyNr-pear_panay.mp3"}, "s_a_span": [39.93, 44.45], "file": "Sakizaya_Sakizaya/skzyNr-pear_panay", "num": 16}], [17, {"ori": [], "gloss": [["...(1.2)", "", ""], ["nu", "GEN", "屬格"], ["mi…", "MI", "MI"], ["mi-hica-ay", "AF-do.what-FAC", "主焦-做什麼-表事實"], ["hakya", "Q", "疑問"], ["mi-lisu’-ay", "AF-inspect-FAC", "主焦-巡視-表事實"], ["hakya.\\", "Q", "疑問"]], "free": ["#e What was he doing? Was he inspecting?", "#c 他要做什麼 不知道是不是在巡視。"], "s_end": true, "iu_a_span": [44.45, 49.17], "meta": {"topic": "pear_panay", "type": "Narrative", "language": "撒奇萊雅語, Sakizaya, Sakizaya", "speaker": "葉阿妹, panay, female, 1949-11-20", "collected": "2008-01-05", "revised": "None", "video": "skzyNr-pear_panay.mp3"}, "s_a_span": [44.45, 49.17], "file": "Sakizaya_Sakizaya/skzyNr-pear_panay", "num": 17}], [18, {"ori": [], "gloss": [["..", "", ""], ["mi-melaw=tu", "AF-see=PFV", "主焦-看=完成貌"], ["ni-pi-pitpit", "NI-PI-pick", "NI-PI-摘"], ["niza.\\", "3SG.GEN", "3SG.屬格"]], "free": ["#e The man saw that he was picking.", "#c 他在看他摘。"], "s_end": true, "iu_a_span": [49.17, 51.19], "meta": {"topic": "pear_panay", "type": "Narrative", "language": "撒奇萊雅語, Sakizaya, Sakizaya", "speaker": "葉阿妹, panay, female, 1949-11-20", "collected": "2008-01-05", "revised": "None", "video": "skzyNr-pear_panay.mp3"}, "s_a_span": [49.17, 51.19], "file": "Sakizaya_Sakizaya/skzyNr-pear_panay", "num": 18}], [19, {"ori": [], "gloss": [["...(0.7)", "", ""], ["ta,\\", "TA", "TA"]], "free": [], "s_end": false, "iu_a_span": [51.19, 52.42], "meta": {"topic": "pear_panay", "type": "Narrative", "language": "撒奇萊雅語, Sakizaya, Sakizaya", "speaker": "葉阿妹, panay, female, 1949-11-20", "collected": "2008-01-05", "revised": "None", "video": "skzyNr-pear_panay.mp3"}, "file": "Sakizaya_Sakizaya/skzyNr-pear_panay", "num": 19}], [20, {"ori": [], "gloss": [["...", "", ""], ["izaw=tu", "EXIST=PFV", "存在詞=完成貌"], ["kya", "NOM.that", "主格.那個"], ["wawa", "child", "小孩"], ["niza.\\", "3SG.GEN", "3SG.屬格"]], "free": ["#e There was a child.", "#c 有小孩。"], "s_end": true, "iu_a_span": [52.42, 54.16], "meta": {"topic": "pear_panay", "type": "Narrative", "language": "撒奇萊雅語, Sakizaya, Sakizaya", "speaker": "葉阿妹, panay, female, 1949-11-20", "collected": "2008-01-05", "revised": "None", "video": "skzyNr-pear_panay.mp3"}, "s_a_span": [51.19, 54.16], "file": "Sakizaya_Sakizaya/skzyNr-pear_panay", "num": 20}], [21, {"ori": [], "gloss": [["...", "", ""], ["mi-tupin=tu", "AF-carry=PFV", "主焦-載=完成貌"], ["hiya", "HIYA", "HIYA"], ["u==,\\", "CN", "CN"]], "free": [], "s_end": false, "iu_a_span": [54.16, 56.35], "meta": {"topic": "pear_panay", "type": "Narrative", "language": "撒奇萊雅語, Sakizaya, Sakizaya", "speaker": "葉阿妹, panay, female, 1949-11-20", "collected": "2008-01-05", "revised": "None", "video": "skzyNr-pear_panay.mp3"}, "file": "Sakizaya_Sakizaya/skzyNr-pear_panay", "num": 21}], [22, {"ori": [], "gloss": [["...", "", ""], ["u", "CN", "CN"], ["kayabes,\\", "guava", "番石榴"]], "free": [], "s_end": false, "iu_a_span": [56.35, 58.02], "meta": {"topic": "pear_panay", "type": "Narrative", "language": "撒奇萊雅語, Sakizaya, Sakizaya", "speaker": "葉阿妹, panay, female, 1949-11-20", "collected": "2008-01-05", "revised": "None", "video": "skzyNr-pear_panay.mp3"}, "file": "Sakizaya_Sakizaya/skzyNr-pear_panay", "num": 22}], [23, {"ori": [], "gloss": [["...", "", ""], ["i", "PREP", "介系詞"], ["tiza", "there", "那裡"], ["han", "HAN", "HAN"], ["niza", "3SG.GEN", "3SG.屬格"], ["i", "PREP", "介系詞"], ["nu", "GEN", "屬格"], ["ayaw-an", "front.part-AN", "前面-AN"], ["nu", "GEN", "屬格"], ["batikal.\\", "bicycle", "腳踏車"]], "free": ["#e He carried something like pomegranate in the front of the bicycle.", "#c 在腳踏車前面好像載著番石榴之類的。", "#n hiya 有不確定的用法。"], "s_end": true, "iu_a_span": [58.02, 60.9], "meta": {"topic": "pear_panay", "type": "Narrative", "language": "撒奇萊雅語, Sakizaya, Sakizaya", "speaker": "葉阿妹, panay, female, 1949-11-20", "collected": "2008-01-05", "revised": "None", "video": "skzyNr-pear_panay.mp3"}, "s_a_span": [54.16, 60.9], "file": "Sakizaya_Sakizaya/skzyNr-pear_panay", "num": 23}], [24, {"ori": [], "gloss": [["...(1.8)", "", ""], ["mu-culil", "AF-walk", "主焦-走路"], ["ciniza", "3SG.GEN", "3SG.屬格"], ["sa", "DM", "DM"], ["ma-lalitemuh=tu==,_", "AF-run.into=PFV", "主焦-遇到=完成貌"]], "free": [], "s_end": false, "iu_a_span": [60.9, 66.51], "meta": {"topic": "pear_panay", "type": "Narrative", "language": "撒奇萊雅語, Sakizaya, Sakizaya", "speaker": "葉阿妹, panay, female, 1949-11-20", "collected": "2008-01-05", "revised": "None", "video": "skzyNr-pear_panay.mp3"}, "file": "Sakizaya_Sakizaya/skzyNr-pear_panay", "num": 24}], [25, {"ori": [], "gloss": [["...", "", ""], ["a", "LNK", "連詞"], ["tu", "OBL", "斜格"], ["zuma,\\", "other", "其他"]], "free": [], "s_end": false, "iu_a_span": [66.51, 68.4], "meta": {"topic": "pear_panay", "type": "Narrative", "language": "撒奇萊雅語, Sakizaya, Sakizaya", "speaker": "葉阿妹, panay, female, 1949-11-20", "collected": "2008-01-05", "revised": "None", "video": "skzyNr-pear_panay.mp3"}, "file": "Sakizaya_Sakizaya/skzyNr-pear_panay", "num": 25}], [26, {"ori": [], "gloss": [["...", "", ""], ["adiwawa.\\", "child", "小孩"]], "free": ["#e He ran into other children.", "#c 他遇到其他小孩。", "#n ma-lalitemuh 為阿美語；撒奇萊雅語則為ma-lalikeluh。"], "s_end": true, "iu_a_span": [68.4, 69.62], "meta": {"topic": "pear_panay", "type": "Narrative", "language": "撒奇萊雅語, Sakizaya, Sakizaya", "speaker": "葉阿妹, panay, female, 1949-11-20", "collected": "2008-01-05", "revised": "None", "video": "skzyNr-pear_panay.mp3"}, "s_a_span": [60.9, 69.62], "file": "Sakizaya_Sakizaya/skzyNr-pear_panay", "num": 26}], [27, {"ori": [], "gloss": [["...", "", ""], ["ma-pulin", "AF-fall", "主焦-跌倒"], ["ciniza,\\", "3SG.GEN", "3SG.屬格"]], "free": [], "s_end": false, "iu_a_span": [69.62, 71.47], "meta": {"topic": "pear_panay", "type": "Narrative", "language": "撒奇萊雅語, Sakizaya, Sakizaya", "speaker": "葉阿妹, panay, female, 1949-11-20", "collected": "2008-01-05", "revised": "None", "video": "skzyNr-pear_panay.mp3"}, "file": "Sakizaya_Sakizaya/skzyNr-pear_panay", "num": 27}], [28, {"ori": [], "gloss": [["...", "", ""], ["talinukut.\\", "kick", "踢到"]], "free": ["#e He fell and kicked (something).", "#c 他跌倒及踢到(東西)。"], "s_end": true, "iu_a_span": [71.47, 73.0], "meta": {"topic": "pear_panay", "type": "Narrative", "language": "撒奇萊雅語, Sakizaya, Sakizaya", "speaker": "葉阿妹, panay, female, 1949-11-20", "collected": "2008-01-05", "revised": "None", "video": "skzyNr-pear_panay.mp3"}, "s_a_span": [69.62, 73.0], "file": "Sakizaya_Sakizaya/skzyNr-pear_panay", "num": 28}], [29, {"ori": [], "gloss": [["...", "", ""], ["mahantu", "what.to.do", "怎麼辦"], ["kyami", "possibly", "可能"], ["kya", "NOM.that", "主格.那個"], ["ni-tupin-an", "NI-carry-AN", "NI-載-AN"], ["niza", "3SG.GEN", "3SG.屬格"], ["a", "LNK", "連繫詞"], ["kayabes", "guava", "番石榴"], ["sa.\\", "DM", "DM"]], "free": ["#e What could he do with his pomegranates which he carried?", "#c 他載的番石榴該怎麼辦?", "#n 根據其他發音者的判斷（蔡宜庭）tabihkut 可能為阿美語。", "#n mahantu 為maan han tu 的縮寫，意思為「會怎樣或怎麼了？」", "#n hica han tu 或 mahica tu為 撒奇萊雅語的說法。", "#n canan (Sakizaya) maan (Amis) 是「什麼」。"], "s_end": true, "iu_a_span": [73.0, 76.85], "meta": {"topic": "pear_panay", "type": "Narrative", "language": "撒奇萊雅語, Sakizaya, Sakizaya", "speaker": "葉阿妹, panay, female, 1949-11-20", "collected": "2008-01-05", "revised": "None", "video": "skzyNr-pear_panay.mp3"}, "s_a_span": [73.0, 76.85], "file": "Sakizaya_Sakizaya/skzyNr-pear_panay", "num": 29}], [30, {"ori": [], "gloss": [["...", "", ""], ["iza", "EXSIT", "存在詞"], ["ku,\\", "NOM", "主格"]], "free": [], "s_end": false, "iu_a_span": [76.85, 78.79], "meta": {"topic": "pear_panay", "type": "Narrative", "language": "撒奇萊雅語, Sakizaya, Sakizaya", "speaker": "葉阿妹, panay, female, 1949-11-20", "collected": "2008-01-05", "revised": "None", "video": "skzyNr-pear_panay.mp3"}, "file": "Sakizaya_Sakizaya/skzyNr-pear_panay", "num": 30}], [31, {"ori": [], "gloss": [["...(1.2)", "", ""], ["ma-laklak=tu", "AF-scatter=PFV", "主焦-散落=完成貌"], ["i", "PREP", "介系詞"], ["tiza", "there", "那裡"], ["i", "PREP", "介系詞"], ["sasa.\\", "lower.part", "下面"]], "free": ["#e They scattered on the ground.", "#c 散落在地上。", "#n i za 為i zaw 的縮寫。"], "s_end": true, "iu_a_span": [78.79, 81.86], "meta": {"topic": "pear_panay", "type": "Narrative", "language": "撒奇萊雅語, Sakizaya, Sakizaya", "speaker": "葉阿妹, panay, female, 1949-11-20", "collected": "2008-01-05", "revised": "None", "video": "skzyNr-pear_panay.mp3"}, "s_a_span": [76.85, 81.86], "file": "Sakizaya_Sakizaya/skzyNr-pear_panay", "num": 31}], [32, {"ori": [], "gloss": [["...(1.2)", "", ""], ["ta==", "TA", "TA"], ["mabilil", "in.a.hurry", "趕緊"], ["ciniza", "3SG.GEN", "3SG.屬格"], ["mi-sapud", "AF-pick", "主焦-撿"], ["tya", "OBL.that", "斜格.那個"], ["kayabes.\\", "guava", "番石榴"]], "free": ["#e He picked up the guavas in a hurry.", "#c 他趕緊撿番石榴。"], "s_end": true, "iu_a_span": [81.86, 86.45], "meta": {"topic": "pear_panay", "type": "Narrative", "language": "撒奇萊雅語, Sakizaya, Sakizaya", "speaker": "葉阿妹, panay, female, 1949-11-20", "collected": "2008-01-05", "revised": "None", "video": "skzyNr-pear_panay.mp3"}, "s_a_span": [81.86, 86.45], "file": "Sakizaya_Sakizaya/skzyNr-pear_panay", "num": 32}], [33, {"ori": [], "gloss": [["...(1.3)", "", ""], ["izaw", "EXIST", "存在詞"], ["kya", "NOM.that", "主格.那個"], ["ma-sa-bulud-ay", "AF-do-group-NMZ", "主焦-做-群-名物化"], ["a==", "LNK", "連繫詞"], ["adiwawa,\\", "child", "小孩"]], "free": [], "s_end": false, "iu_a_span": [86.45, 90.36], "meta": {"topic": "pear_panay", "type": "Narrative", "language": "撒奇萊雅語, Sakizaya, Sakizaya", "speaker": "葉阿妹, panay, female, 1949-11-20", "collected": "2008-01-05", "revised": "None", "video": "skzyNr-pear_panay.mp3"}, "file": "Sakizaya_Sakizaya/skzyNr-pear_panay", "num": 33}], [34, {"ori": [], "gloss": [["...", "", ""], ["ma-bala-balakas-ay", "AF-RED-play-NMZ", "主焦-重疊-玩-名物化"], ["i", "LOC", "介系詞"], ["tini", "here", "這裡"], ["i", "LOC", "介系詞"], ["zazan", "road", "路"], ["sa.\\", "DM", "DM"]], "free": ["#e A group of children were playing on a road.", "#c 有一群小孩在路上玩。", "#n ma-sa-bulung-ay 為阿美語，意思為「一群」", "#n balud 為撒奇萊雅語，bulud為南勢阿美語。"], "s_end": true, "iu_a_span": [90.36, 93.82], "meta": {"topic": "pear_panay", "type": "Narrative", "language": "撒奇萊雅語, Sakizaya, Sakizaya", "speaker": "葉阿妹, panay, female, 1949-11-20", "collected": "2008-01-05", "revised": "None", "video": "skzyNr-pear_panay.mp3"}, "s_a_span": [86.45, 93.82], "file": "Sakizaya_Sakizaya/skzyNr-pear_panay", "num": 34}], [35, {"ori": [], "gloss": [["...", "", ""], ["padang", "help", "幫忙"], ["han", "HAN", "HAN"], ["nya", "GEN.that", "屬格.那個"], ["katuud-ay", "many-NMZ", "很多-名物化"], ["a==", "LNK", "連繫詞"], ["adiwawa,\\", "child", "小孩"]], "free": ["#e Everyone helped him.", "#c 大家都幫他。", "#n padang 為阿美語；撒奇萊雅語則為 edap。"], "s_end": true, "iu_a_span": [93.82, 97.12], "meta": {"topic": "pear_panay", "type": "Narrative", "language": "撒奇萊雅語, Sakizaya, Sakizaya", "speaker": "葉阿妹, panay, female, 1949-11-20", "collected": "2008-01-05", "revised": "None", "video": "skzyNr-pear_panay.mp3"}, "s_a_span": [93.82, 97.12], "file": "Sakizaya_Sakizaya/skzyNr-pear_panay", "num": 35}], [36, {"ori": [], "gloss": [["...", "", ""], ["na", "NA", "NA"], ["sa-an", "SA-AN", "SA-AN"], ["sa.\\", "DM", "DM"]], "free": [], "s_end": false, "iu_a_span": [97.12, 98.63], "meta": {"topic": "pear_panay", "type": "Narrative", "language": "撒奇萊雅語, Sakizaya, Sakizaya", "speaker": "葉阿妹, panay, female, 1949-11-20", "collected": "2008-01-05", "revised": "None", "video": "skzyNr-pear_panay.mp3"}, "file": "Sakizaya_Sakizaya/skzyNr-pear_panay", "num": 36}], [37, {"ori": [], "gloss": [["...", "", ""], ["mu…", "MU", "MU"], ["mu-mul=tu", "AF-leave=PFV", "主焦-離開=完成貌"], ["ciniza", "3SG.NOM", "3SG.主格"], ["ma-supelid", "AF-lose", "主焦-遺失"], ["niza", "3SG.GEN", "3SG.屬格"], ["ku", "NOM", "主格"], ["tupelu.\\", "hat", "帽子"]], "free": ["#e He left and forgot his hat.", "#c 他走了而且忘了帽子。"], "s_end": true, "iu_a_span": [98.63, 102.28], "meta": {"topic": "pear_panay", "type": "Narrative", "language": "撒奇萊雅語, Sakizaya, Sakizaya", "speaker": "葉阿妹, panay, female, 1949-11-20", "collected": "2008-01-05", "revised": "None", "video": "skzyNr-pear_panay.mp3"}, "s_a_span": [97.12, 102.28], "file": "Sakizaya_Sakizaya/skzyNr-pear_panay", "num": 37}], [38, {"ori": [], "gloss": [["...(0.8)", "", ""], ["ta", "TA", "TA"], ["sani", "soon", "不久"], ["mu-mul=tu", "AF-leave=PFV", "主焦-離開=完成貌"], ["amin", "all", "全部"], ["kya", "NOM.that", "主格.那個"], ["adiwawa,\\", "child", "小孩"]], "free": [], "s_end": false, "iu_a_span": [102.28, 106.22], "meta": {"topic": "pear_panay", "type": "Narrative", "language": "撒奇萊雅語, Sakizaya, Sakizaya", "speaker": "葉阿妹, panay, female, 1949-11-20", "collected": "2008-01-05", "revised": "None", "video": "skzyNr-pear_panay.mp3"}, "file": "Sakizaya_Sakizaya/skzyNr-pear_panay", "num": 38}], [39, {"ori": [], "gloss": [["...", "", ""], ["mu-", "AF-", "主焦-"], ["...(0.7)", "", ""], ["mu-ta-luma.\\", "AF-go-home", "主焦-去-家"]], "free": ["#e Soon, all the children went home.", "#c 不久那些孩子全都回家了。", "#n an-sani 意思為等一下；sawsawni等一下。"], "s_end": true, "iu_a_span": [106.22, 109.01], "meta": {"topic": "pear_panay", "type": "Narrative", "language": "撒奇萊雅語, Sakizaya, Sakizaya", "speaker": "葉阿妹, panay, female, 1949-11-20", "collected": "2008-01-05", "revised": "None", "video": "skzyNr-pear_panay.mp3"}, "s_a_span": [102.28, 109.01], "file": "Sakizaya_Sakizaya/skzyNr-pear_panay", "num": 39}], [40, {"ori": [], "gloss": [["...", "", ""], ["sa", "DM", "DM"], ["mi-kapet", "AF-hold", "主焦-握"], ["tu", "OBL", "斜格"], ["ba-balakas-an", "RED-play-AN", "重疊-玩-AN"], ["nu", "GEN", "屬格"], ["heni", "3PL.POSS", "3PL.所有格"], ["u==,\\", "CN", "CN"]], "free": [], "s_end": false, "iu_a_span": [109.01, 112.86], "meta": {"topic": "pear_panay", "type": "Narrative", "language": "撒奇萊雅語, Sakizaya, Sakizaya", "speaker": "葉阿妹, panay, female, 1949-11-20", "collected": "2008-01-05", "revised": "None", "video": "skzyNr-pear_panay.mp3"}, "file": "Sakizaya_Sakizaya/skzyNr-pear_panay", "num": 40}], [41, {"ori": [], "gloss": [["...(0.9)", "", ""], ["u", "CN", "CN"], ["sapad", "tribe", "部落"], ["ni-pa-", "NI-CAU-", "NI-使役-"], ["ni-pa-siket-an=tu==", "NI-CAU-tie-AN=PFV", "NI-使役-綁-AN=完成貌"], ["u", "CN", "CN"], ["<L2JkumuL2J>,_", "gum", "橡皮"]], "free": [], "s_end": false, "iu_a_span": [112.86, 117.41], "meta": {"topic": "pear_panay", "type": "Narrative", "language": "撒奇萊雅語, Sakizaya, Sakizaya", "speaker": "葉阿妹, panay, female, 1949-11-20", "collected": "2008-01-05", "revised": "None", "video": "skzyNr-pear_panay.mp3"}, "file": "Sakizaya_Sakizaya/skzyNr-pear_panay", "num": 41}], [42, {"ori": ["...", "a==", "...(0.8)", "a", "mali._"], "gloss": [["LNK", "", ""], ["LNK", "", ""], ["ball", "連繫詞", "IU42"]], "free": ["#e They hold their toys with a rubber ball on them.", "#c 他們握著綁著橡皮球的玩具。", "#n u sapad 在此與上下無關應為語誤，故不翻譯。"], "s_end": true, "iu_a_span": [117.41, 119.99], "meta": {"topic": "pear_panay", "type": "Narrative", "language": "撒奇萊雅語, Sakizaya, Sakizaya", "speaker": "葉阿妹, panay, female, 1949-11-20", "collected": "2008-01-05", "revised": "None", "video": "skzyNr-pear_panay.mp3"}, "s_a_span": [109.01, 119.99], "file": "Sakizaya_Sakizaya/skzyNr-pear_panay", "num": 42}], [43, {"ori": [], "gloss": [["...", "", ""], ["tekateka", "click", "喀喳聲"], ["sa", "DM", "DM"], ["a", "LNK", "連繫詞"], ["mu-culil.\\", "AF-walk", "主焦"]], "free": ["#e They made click sound while walking.", "#c 一邊走一邊發出XXX的聲音。", "#n tekateka 為擬聲詞。"], "s_end": true, "iu_a_span": [119.99, 123.01], "meta": {"topic": "pear_panay", "type": "Narrative", "language": "撒奇萊雅語, Sakizaya, Sakizaya", "speaker": "葉阿妹, panay, female, 1949-11-20", "collected": "2008-01-05", "revised": "None", "video": "skzyNr-pear_panay.mp3"}, "s_a_span": [119.99, 123.01], "file": "Sakizaya_Sakizaya/skzyNr-pear_panay", "num": 43}], [44, {"ori": [], "gloss": [["..", "", ""], ["kapah-ay", "fun-NMZ", "好玩-名物化"], ["a", "LNK", "連繫詞"], ["ba-balakas-en", "CaRED-play-PF", "Ca重疊-玩-受焦"], ["nu", "GEN", "屬格"], ["ba-balakas-an", "CaRED-play-PF", "Ca重疊-玩-受焦"], ["nu", "GEN", "屬格"], ["adiwawa.\\", "child", "孩子"]], "free": ["#e That was a good toy for children.", "#c 那是孩子們好玩的玩具。"], "s_end": true, "iu_a_span": [123.01, 126.43], "meta": {"topic": "pear_panay", "type": "Narrative", "language": "撒奇萊雅語, Sakizaya, Sakizaya", "speaker": "葉阿妹, panay, female, 1949-11-20", "collected": "2008-01-05", "revised": "None", "video": "skzyNr-pear_panay.mp3"}, "s_a_span": [123.01, 126.43], "file": "Sakizaya_Sakizaya/skzyNr-pear_panay", "num": 44}]], "meta": {"topic": "pear_panay", "type": "Narrative", "language": "撒奇萊雅語, Sakizaya, Sakizaya", "speaker": "葉阿妹, panay, female, 1949-11-20", "collected": "2008-01-05", "revised": "None", "video": "skzyNr-pear_panay.mp3"}}