{"glosses": [[1, {"ori": [], "gloss": [["...(2.5)", "", ""], ["ci", "NCM.NOM", "NCM.主格"], ["Sinay", "PN", "人名"], ["ku", "NOM", "主格"], ["angnan", "name", "名字"], ["aku,\\", "1SG.GEN", "1SG.屬格"]], "free": [], "s_end": false, "iu_a_span": [2.5, 4.08], "meta": {"topic": "class_Sinay", "type": "Narrative", "language": "撒奇萊雅語, Sakizaya, Sakizaya", "speaker": "林來億, Sinay, male, None", "collected": "2009-10-31", "revised": "None", "video": "skzyNr-class_sinay.mp3"}, "file": "Sakizaya_Sakizaya/skzyNr-class_sinay", "num": 1}], [2, {"ori": [], "gloss": [["...(0.8)", "", ""], ["tu", "OBL", "斜格"], ["nu", "GEN", "屬格"], ["pangcah,\\", "Amis", "阿美族"]], "free": ["#e My Amis name is Sinay.", "#c 我阿美族名字叫做Sinay。"], "s_end": true, "iu_a_span": [4.08, 6.08], "meta": {"topic": "class_Sinay", "type": "Narrative", "language": "撒奇萊雅語, Sakizaya, Sakizaya", "speaker": "林來億, Sinay, male, None", "collected": "2009-10-31", "revised": "None", "video": "skzyNr-class_sinay.mp3"}, "s_a_span": [2.5, 6.08], "file": "Sakizaya_Sakizaya/skzyNr-class_sinay", "num": 2}], [3, {"ori": [], "gloss": [["...", "", ""], ["paka-ini", "from-here", "從-這裡"], ["i", "PREP", "介系詞"], ["Maibul,\\", "PN", "地名"]], "free": [], "s_end": false, "iu_a_span": [6.08, 8.16], "meta": {"topic": "class_Sinay", "type": "Narrative", "language": "撒奇萊雅語, Sakizaya, Sakizaya", "speaker": "林來億, Sinay, male, None", "collected": "2009-10-31", "revised": "None", "video": "skzyNr-class_sinay.mp3"}, "file": "Sakizaya_Sakizaya/skzyNr-class_sinay", "num": 3}], [4, {"ori": [], "gloss": [["..", "", ""], ["kuyni", "NOM.this", "主格.這個"], ["u", "CN", "CN"], ["ma,\\", "FS", "FS"]], "free": [], "s_end": false, "iu_a_span": [8.16, 9.0], "meta": {"topic": "class_Sinay", "type": "Narrative", "language": "撒奇萊雅語, Sakizaya, Sakizaya", "speaker": "林來億, Sinay, male, None", "collected": "2009-10-31", "revised": "None", "video": "skzyNr-class_sinay.mp3"}, "file": "Sakizaya_Sakizaya/skzyNr-class_sinay", "num": 4}], [5, {"ori": [], "gloss": [["..", "", ""], ["kamu", "word", "話"], ["nu", "GEN", "屬格"], ["maku,\\", "1SG.POSS", "1SG.所有格"]], "free": [], "s_end": false, "iu_a_span": [9.0, 9.53], "meta": {"topic": "class_Sinay", "type": "Narrative", "language": "撒奇萊雅語, Sakizaya, Sakizaya", "speaker": "林來億, Sinay, male, None", "collected": "2009-10-31", "revised": "None", "video": "skzyNr-class_sinay.mp3"}, "file": "Sakizaya_Sakizaya/skzyNr-class_sinay", "num": 5}], [6, {"ori": [], "gloss": [["..", "", ""], ["u", "CN", "CN"], ["canan", "what", "什麼"], ["hakya", "Q", "疑問"], ["a", "LNK", "連繫詞"], ["sa.\\", "DM", "DM"]], "free": ["#e What I am going to talk about is about Maibul.", "#c 要講的是馬立雲的事。", "#n 捕鳥祭乃係阿美族傳統的四大祭儀之一，主要在農作二期稻作收割之後與下一第一期稻作下秧前辦理。（資料來源：http://w2.tacps.hlc.edu.tw/~edu/localedu/ solemnity/ footer3/3/ceremony.htm）"], "s_end": true, "iu_a_span": [9.53, 11.39], "meta": {"topic": "class_Sinay", "type": "Narrative", "language": "撒奇萊雅語, Sakizaya, Sakizaya", "speaker": "林來億, Sinay, male, None", "collected": "2009-10-31", "revised": "None", "video": "skzyNr-class_sinay.mp3"}, "s_a_span": [6.08, 11.39], "file": "Sakizaya_Sakizaya/skzyNr-class_sinay", "num": 6}], [7, {"ori": [], "gloss": [["...(0.7)", "", ""], ["i", "PREP", "介系詞"], ["paka-ini=ay", "from-here=FAC", "從-這裡=FAC"], ["i", "PREP", "介系詞"], ["sapunis,\\", "hunting.festival", "捕鳥祭"]], "free": [], "s_end": false, "iu_a_span": [11.39, 14.17], "meta": {"topic": "class_Sinay", "type": "Narrative", "language": "撒奇萊雅語, Sakizaya, Sakizaya", "speaker": "林來億, Sinay, male, None", "collected": "2009-10-31", "revised": "None", "video": "skzyNr-class_sinay.mp3"}, "file": "Sakizaya_Sakizaya/skzyNr-class_sinay", "num": 7}], [8, {"ori": [], "gloss": [["...(0.8)", "", ""], ["ma-min", "AF-finish", "主焦-完成"], ["sa=tu", "SA=PFV", "SA=完成貌"], ["mi-langec,\\", "AF-reap", "主焦-收割"]], "free": [], "s_end": false, "iu_a_span": [14.17, 16.17], "meta": {"topic": "class_Sinay", "type": "Narrative", "language": "撒奇萊雅語, Sakizaya, Sakizaya", "speaker": "林來億, Sinay, male, None", "collected": "2009-10-31", "revised": "None", "video": "skzyNr-class_sinay.mp3"}, "file": "Sakizaya_Sakizaya/skzyNr-class_sinay", "num": 8}], [9, {"ori": [], "gloss": [["..", "", ""], ["tuyuni", "OBL.this", "斜格.這個"], ["pa-lalud.\\", "PA-summer", "PA-夏天"]], "free": ["#e The hunting festival started after harvest in summer.", "#c 捕鳥祭是在夏天收割之後。", "#n ma-min 的原形是ma-hamin"], "s_end": true, "iu_a_span": [16.17, 17.53], "meta": {"topic": "class_Sinay", "type": "Narrative", "language": "撒奇萊雅語, Sakizaya, Sakizaya", "speaker": "林來億, Sinay, male, None", "collected": "2009-10-31", "revised": "None", "video": "skzyNr-class_sinay.mp3"}, "s_a_span": [11.39, 17.53], "file": "Sakizaya_Sakizaya/skzyNr-class_sinay", "num": 9}], [10, {"ori": [], "gloss": [["...", "", ""], ["pa-anip=tu", "CAU-rice.seedling=PFV", "使動-秧=完成貌"], ["tuyu", "OBL.this", "斜格.這個"], ["u,\\", "CN", "CN"]], "free": [], "s_end": false, "iu_a_span": [17.53, 19.54], "meta": {"topic": "class_Sinay", "type": "Narrative", "language": "撒奇萊雅語, Sakizaya, Sakizaya", "speaker": "林來億, Sinay, male, None", "collected": "2009-10-31", "revised": "None", "video": "skzyNr-class_sinay.mp3"}, "file": "Sakizaya_Sakizaya/skzyNr-class_sinay", "num": 10}], [11, {"ori": [], "gloss": [["..", "", ""], ["ni-pa-saba,\\", "NI-CAU-young.sibling", "NI-使動-弟妹"]], "free": [], "s_end": false, "iu_a_span": [19.54, 20.56], "meta": {"topic": "class_Sinay", "type": "Narrative", "language": "撒奇萊雅語, Sakizaya, Sakizaya", "speaker": "林來億, Sinay, male, None", "collected": "2009-10-31", "revised": "None", "video": "skzyNr-class_sinay.mp3"}, "file": "Sakizaya_Sakizaya/skzyNr-class_sinay", "num": 11}], [12, {"ori": [], "gloss": [["...", "", ""], ["i", "PREP", "介系詞"], ["pitu-ay", "seven-NMZ", "七-名物化"], ["a", "LNK", "連繫詞"], ["bulad.\\", "month", "月"]], "free": ["#e People transplanted the second-season rice seedlings in July.", "#c 在七月插第二期的秧。", "#n 稻子 tipus；糯米 panay 為北勢阿美語", "#n YU 與U 相同", "#n saba 原意為弟妹，在此pa-saba指第二期或為接下來的耕種季節"], "s_end": true, "iu_a_span": [20.56, 22.08], "meta": {"topic": "class_Sinay", "type": "Narrative", "language": "撒奇萊雅語, Sakizaya, Sakizaya", "speaker": "林來億, Sinay, male, None", "collected": "2009-10-31", "revised": "None", "video": "skzyNr-class_sinay.mp3"}, "s_a_span": [17.53, 22.08], "file": "Sakizaya_Sakizaya/skzyNr-class_sinay", "num": 12}], [13, {"ori": [], "gloss": [["...(0.7)", "", ""], ["ma-min", "AF-finish", "主焦-完成"], ["sa=tu", "SA=PFV", "SA=完成貌"], ["mi==-niwanyu", "AF-weed", "主焦-雜草"], ["kya.\\", "NOM.that", "主格.那個"]], "free": ["#e (People) weeded.", "#c (人們)用手除草。", "#n mi-niwanyu 為用手除草之意，而非用機器。"], "s_end": true, "iu_a_span": [22.08, 25.84], "meta": {"topic": "class_Sinay", "type": "Narrative", "language": "撒奇萊雅語, Sakizaya, Sakizaya", "speaker": "林來億, Sinay, male, None", "collected": "2009-10-31", "revised": "None", "video": "skzyNr-class_sinay.mp3"}, "s_a_span": [22.08, 25.84], "file": "Sakizaya_Sakizaya/skzyNr-class_sinay", "num": 13}], [14, {"ori": [], "gloss": [["...", "", ""], ["ma-sa-balucu’=tu", "AF-do-heart=PFV", "主焦-做-心=完成貌"], ["nuyni", "GEN.this", "屬格.這個"], ["u", "CN", "CN"], ["babalaki==,\\", "elder.people", "老人"]], "free": [], "s_end": false, "iu_a_span": [25.84, 28.66], "meta": {"topic": "class_Sinay", "type": "Narrative", "language": "撒奇萊雅語, Sakizaya, Sakizaya", "speaker": "林來億, Sinay, male, None", "collected": "2009-10-31", "revised": "None", "video": "skzyNr-class_sinay.mp3"}, "file": "Sakizaya_Sakizaya/skzyNr-class_sinay", "num": 14}], [15, {"ori": [], "gloss": [["...", "", ""], ["atu", "and", "和"], ["u", "CN", "CN"], ["kapah", "good", "好"], ["kuyni", "NOM.this", "主格.這個"], ["u==,\\", "CN", "CN"]], "free": [], "s_end": false, "iu_a_span": [28.66, 31.07], "meta": {"topic": "class_Sinay", "type": "Narrative", "language": "撒奇萊雅語, Sakizaya, Sakizaya", "speaker": "林來億, Sinay, male, None", "collected": "2009-10-31", "revised": "None", "video": "skzyNr-class_sinay.mp3"}, "file": "Sakizaya_Sakizaya/skzyNr-class_sinay", "num": 15}], [16, {"ori": [], "gloss": [["..", "", ""], ["sa-ka-limulak,\\", "IF-KA-celebrate", "工具焦-KA-慶祝"]], "free": [], "s_end": false, "iu_a_span": [31.07, 32.3], "meta": {"topic": "class_Sinay", "type": "Narrative", "language": "撒奇萊雅語, Sakizaya, Sakizaya", "speaker": "林來億, Sinay, male, None", "collected": "2009-10-31", "revised": "None", "video": "skzyNr-class_sinay.mp3"}, "file": "Sakizaya_Sakizaya/skzyNr-class_sinay", "num": 16}], [17, {"ori": [], "gloss": [["...(1.2)", "", ""], ["tuyni", "OBL.this", "斜格.這個"], ["u", "CN", "CN"], ["mi-sapunis.\\", "AF-hunting.festival", "主焦-捕鳥祭"]], "free": ["#e The senior citizens decided to celebrate hunting festival with young people.", "#c 老人家決定要和年輕人慶祝這個捕鳥季的慶典。", "#n IU14中 ma-sa-balucu’ 在此為決定", "#n IU 15中 kapah 在此為年輕人", "#n ma-limulak 歡樂"], "s_end": true, "iu_a_span": [32.3, 35.08], "meta": {"topic": "class_Sinay", "type": "Narrative", "language": "撒奇萊雅語, Sakizaya, Sakizaya", "speaker": "林來億, Sinay, male, None", "collected": "2009-10-31", "revised": "None", "video": "skzyNr-class_sinay.mp3"}, "s_a_span": [25.84, 35.08], "file": "Sakizaya_Sakizaya/skzyNr-class_sinay", "num": 17}], [18, {"ori": [], "gloss": [["...", "", ""], ["sisa,\\", "therefore", "所以"]], "free": [], "s_end": false, "iu_a_span": [35.08, 36.27], "meta": {"topic": "class_Sinay", "type": "Narrative", "language": "撒奇萊雅語, Sakizaya, Sakizaya", "speaker": "林來億, Sinay, male, None", "collected": "2009-10-31", "revised": "None", "video": "skzyNr-class_sinay.mp3"}, "file": "Sakizaya_Sakizaya/skzyNr-class_sinay", "num": 18}], [19, {"ori": [], "gloss": [["...", "", ""], ["tatenga’,\\", "really", "真的"]], "free": [], "s_end": false, "iu_a_span": [36.27, 37.28], "meta": {"topic": "class_Sinay", "type": "Narrative", "language": "撒奇萊雅語, Sakizaya, Sakizaya", "speaker": "林來億, Sinay, male, None", "collected": "2009-10-31", "revised": "None", "video": "skzyNr-class_sinay.mp3"}, "file": "Sakizaya_Sakizaya/skzyNr-class_sinay", "num": 19}], [20, {"ori": [], "gloss": [["...", "", ""], ["izaw=tu", "EXIST=PFV", "存在詞=完成貌"], ["kuyni", "NOM.this", "主格.這個"], ["u", "CN", "CN"], ["kamu", "word", "話"], ["nu", "GEN", "屬格"], ["babalaki==,\\", "elder.people", "老人"]], "free": [], "s_end": false, "iu_a_span": [37.28, 39.94], "meta": {"topic": "class_Sinay", "type": "Narrative", "language": "撒奇萊雅語, Sakizaya, Sakizaya", "speaker": "林來億, Sinay, male, None", "collected": "2009-10-31", "revised": "None", "video": "skzyNr-class_sinay.mp3"}, "file": "Sakizaya_Sakizaya/skzyNr-class_sinay", "num": 20}], [21, {"ori": [], "gloss": [["..", "", ""], ["ni-ka-saupu.\\", "NI-KA-gather", "NI-KA-集合"]], "free": ["#e Therefore, old people said it is time to gather together.", "#c 所以有老人在說要集合了。"], "s_end": true, "iu_a_span": [39.94, 41.0], "meta": {"topic": "class_Sinay", "type": "Narrative", "language": "撒奇萊雅語, Sakizaya, Sakizaya", "speaker": "林來億, Sinay, male, None", "collected": "2009-10-31", "revised": "None", "video": "skzyNr-class_sinay.mp3"}, "s_a_span": [35.08, 41.0], "file": "Sakizaya_Sakizaya/skzyNr-class_sinay", "num": 21}], [22, {"ori": [], "gloss": [["...", "", ""], ["tuyni", "OBL.this", "斜格.這個"], ["u==,\\", "CN", "CN"]], "free": [], "s_end": false, "iu_a_span": [41.0, 42.6], "meta": {"topic": "class_Sinay", "type": "Narrative", "language": "撒奇萊雅語, Sakizaya, Sakizaya", "speaker": "林來億, Sinay, male, None", "collected": "2009-10-31", "revised": "None", "video": "skzyNr-class_sinay.mp3"}, "file": "Sakizaya_Sakizaya/skzyNr-class_sinay", "num": 22}], [23, {"ori": [], "gloss": [["..", "", ""], ["ma-ketun=tu", "AF-break=PFV", "主焦-斷=完成貌"], ["kuyni", "NOM.this", "主格.這個"], ["u", "CN", "CN"], ["kamu.\\", "word", "話"]], "free": ["#e This has been decided.", "#c 這已經決定了。", "#n ma-ketun 在此為決定"], "s_end": true, "iu_a_span": [42.6, 44.24], "meta": {"topic": "class_Sinay", "type": "Narrative", "language": "撒奇萊雅語, Sakizaya, Sakizaya", "speaker": "林來億, Sinay, male, None", "collected": "2009-10-31", "revised": "None", "video": "skzyNr-class_sinay.mp3"}, "s_a_span": [41.0, 44.24], "file": "Sakizaya_Sakizaya/skzyNr-class_sinay", "num": 23}], [24, {"ori": [], "gloss": [["...(0.8)", "", ""], ["a=yaan", "FUT=when", "未來貌=何時"], ["henay", "still", "仍然"], ["mi-hiya", "AF-this.way", "主焦-那樣"], ["sapunis", "hunting.festival", "捕鳥祭"], ["ma-lingatu", "AF-start", "主焦-開始"], ["i", "PREP", "介系詞"], ["sa", "DM", "DM"], ["izaw=tu,\\", "EXIST=PFV", "存在詞=完成貌"]], "free": ["#e When would the hunting festival start?", "#c 捕鳥祭要何時開始？"], "s_end": true, "iu_a_span": [44.24, 48.3], "meta": {"topic": "class_Sinay", "type": "Narrative", "language": "撒奇萊雅語, Sakizaya, Sakizaya", "speaker": "林來億, Sinay, male, None", "collected": "2009-10-31", "revised": "None", "video": "skzyNr-class_sinay.mp3"}, "s_a_span": [44.24, 48.3], "file": "Sakizaya_Sakizaya/skzyNr-class_sinay", "num": 24}], [25, {"ori": [], "gloss": [["..", "", ""], ["kuyu", "NOM.this", "主格.這個"], ["ni-pi-bihkac", "NI-PI-bow", "NI-PI-弓"], ["nu", "GEN", "屬格"], ["ni", "NI", "NI"], ["u", "CN", "CN"], ["pi-ki-luma-luma’-an", "PI-KI-RED-home-LF", "PI-KI-重疊-家-處焦"], ["nuyni", "GEN.this", "屬格.這個"], ["nu", "GEN", "屬格"], ["wawa,\\", "child", "小孩"]], "free": [], "s_end": false, "iu_a_span": [48.3, 51.49], "meta": {"topic": "class_Sinay", "type": "Narrative", "language": "撒奇萊雅語, Sakizaya, Sakizaya", "speaker": "林來億, Sinay, male, None", "collected": "2009-10-31", "revised": "None", "video": "skzyNr-class_sinay.mp3"}, "file": "Sakizaya_Sakizaya/skzyNr-class_sinay", "num": 25}], [26, {"ori": [], "gloss": [["..", "", ""], ["tuyu", "OBL.this", "斜格.這個"], ["tatama-an.\\", "male-AN", "男性-AN"]], "free": ["#e Every boy would shoot birds.", "#c 家家戶戶的男孩都會射鳥。", "#n mi-bihkac 為射鳥的意思", "#n bihkac ni edek 為彩虹(原意是Edek的弓)"], "s_end": true, "iu_a_span": [51.49, 52.69], "meta": {"topic": "class_Sinay", "type": "Narrative", "language": "撒奇萊雅語, Sakizaya, Sakizaya", "speaker": "林來億, Sinay, male, None", "collected": "2009-10-31", "revised": "None", "video": "skzyNr-class_sinay.mp3"}, "s_a_span": [48.3, 52.69], "file": "Sakizaya_Sakizaya/skzyNr-class_sinay", "num": 26}], [27, {"ori": [], "gloss": [["...", "", ""], ["ma-hiza=ay", "AF-that.way=FAC", "主焦-那樣=FAC"], ["kiza,\\", "NOM.that", "主格.那個"]], "free": [], "s_end": false, "iu_a_span": [52.69, 54.35], "meta": {"topic": "class_Sinay", "type": "Narrative", "language": "撒奇萊雅語, Sakizaya, Sakizaya", "speaker": "林來億, Sinay, male, None", "collected": "2009-10-31", "revised": "None", "video": "skzyNr-class_sinay.mp3"}, "file": "Sakizaya_Sakizaya/skzyNr-class_sinay", "num": 27}], [28, {"ori": [], "gloss": [["...", "", ""], ["u", "CN", "CN"], ["nu", "GEN", "屬格"], ["lu-luma’", "Ca-home", "Ca重疊-家"], ["kuyni,\\", "NOM.this", "主格.這個"]], "free": ["#e This is the hunting festival for family.", "#c 家庭的捕鳥祭就是這樣。"], "s_end": true, "iu_a_span": [54.35, 55.94], "meta": {"topic": "class_Sinay", "type": "Narrative", "language": "撒奇萊雅語, Sakizaya, Sakizaya", "speaker": "林來億, Sinay, male, None", "collected": "2009-10-31", "revised": "None", "video": "skzyNr-class_sinay.mp3"}, "s_a_span": [52.69, 55.94], "file": "Sakizaya_Sakizaya/skzyNr-class_sinay", "num": 28}], [29, {"ori": [], "gloss": [["...", "", ""], ["mi-bihkac", "AF-bow", "主焦-弓"], ["sa=tu", "SA=PFV", "SA=完成貌"], ["nuyu==,\\", "GEN.this", "屬格.這個"]], "free": [], "s_end": false, "iu_a_span": [55.94, 58.42], "meta": {"topic": "class_Sinay", "type": "Narrative", "language": "撒奇萊雅語, Sakizaya, Sakizaya", "speaker": "林來億, Sinay, male, None", "collected": "2009-10-31", "revised": "None", "video": "skzyNr-class_sinay.mp3"}, "file": "Sakizaya_Sakizaya/skzyNr-class_sinay", "num": 29}], [30, {"ori": [], "gloss": [["..", "", ""], ["ka-pulung-an", "KA-everyone-LF", "KA-大家的-處焦"], ["sa.\\", "DM", "DM"]], "free": ["#e The hunting festival is for our tribe.", "#c 捕鳥祭是大家的。"], "s_end": true, "iu_a_span": [58.42, 59.65], "meta": {"topic": "class_Sinay", "type": "Narrative", "language": "撒奇萊雅語, Sakizaya, Sakizaya", "speaker": "林來億, Sinay, male, None", "collected": "2009-10-31", "revised": "None", "video": "skzyNr-class_sinay.mp3"}, "s_a_span": [55.94, 59.65], "file": "Sakizaya_Sakizaya/skzyNr-class_sinay", "num": 30}], [31, {"ori": [], "gloss": [["...", "", ""], ["a=hican,\\", "FUT=how.PF", "未來貌=怎樣.受焦"]], "free": [], "s_end": false, "iu_a_span": [59.65, 60.66], "meta": {"topic": "class_Sinay", "type": "Narrative", "language": "撒奇萊雅語, Sakizaya, Sakizaya", "speaker": "林來億, Sinay, male, None", "collected": "2009-10-31", "revised": "None", "video": "skzyNr-class_sinay.mp3"}, "file": "Sakizaya_Sakizaya/skzyNr-class_sinay", "num": 31}], [32, {"ori": [], "gloss": [["...", "", ""], ["anu", "COND", "條件詞"], ["cacay", "one", "一個"], ["a", "LNK", "連繫詞"], ["demiad,\\", "day", "天"]], "free": [], "s_end": false, "iu_a_span": [60.66, 63.28], "meta": {"topic": "class_Sinay", "type": "Narrative", "language": "撒奇萊雅語, Sakizaya, Sakizaya", "speaker": "林來億, Sinay, male, None", "collected": "2009-10-31", "revised": "None", "video": "skzyNr-class_sinay.mp3"}, "file": "Sakizaya_Sakizaya/skzyNr-class_sinay", "num": 32}], [33, {"ori": [], "gloss": [["anu", "COND", "條件詞"], ["tusa-ay", "two-NMZ", "二個-名物化"], ["a", "LNK", "連繫詞"], ["demiad,\\", "day", "天"]], "free": [], "s_end": false, "iu_a_span": [63.28, 64.9], "meta": {"topic": "class_Sinay", "type": "Narrative", "language": "撒奇萊雅語, Sakizaya, Sakizaya", "speaker": "林來億, Sinay, male, None", "collected": "2009-10-31", "revised": "None", "video": "skzyNr-class_sinay.mp3"}, "file": "Sakizaya_Sakizaya/skzyNr-class_sinay", "num": 33}], [34, {"ori": [], "gloss": [["...", "", ""], ["nayi", "NEG", "否定詞"], ["ku", "NOM", "主格"], ["wantan", "clear", "清楚"], ["tuyni.\\", "OBL.that", "斜格.那個"]], "free": ["#e It was not clear whether it is one day or two days.", "#c 不確定是一天或二天。"], "s_end": true, "iu_a_span": [64.9, 66.79], "meta": {"topic": "class_Sinay", "type": "Narrative", "language": "撒奇萊雅語, Sakizaya, Sakizaya", "speaker": "林來億, Sinay, male, None", "collected": "2009-10-31", "revised": "None", "video": "skzyNr-class_sinay.mp3"}, "s_a_span": [59.65, 66.79], "file": "Sakizaya_Sakizaya/skzyNr-class_sinay", "num": 34}], [35, {"ori": [], "gloss": [["..", "", ""], ["ma-ketun,\\", "AF-decide", "主焦-決定"]], "free": [], "s_end": false, "iu_a_span": [66.79, 67.88], "meta": {"topic": "class_Sinay", "type": "Narrative", "language": "撒奇萊雅語, Sakizaya, Sakizaya", "speaker": "林來億, Sinay, male, None", "collected": "2009-10-31", "revised": "None", "video": "skzyNr-class_sinay.mp3"}, "file": "Sakizaya_Sakizaya/skzyNr-class_sinay", "num": 35}], [36, {"ori": [], "gloss": [["..", "", ""], ["anu", "COND", "條件詞"], ["tusa", "two", "二個"], ["a", "LNK", "連繫詞"], ["demiad", "day", "天"], ["kuyu", "NOM.this", "主格.這個"], ["ni-pi-bihkac", "NI-PI-bow", "NI-PI-弓"], ["sa", "DM", "DM"], ["tusa", "two", "二"], ["a", "LNK", "連繫詞"], ["demiad.\\", "day", "天"]], "free": ["#e If it was decided for two days, it would be two days.", "#c 決定要捕鳥二天就二天。"], "s_end": true, "iu_a_span": [67.88, 71.44], "meta": {"topic": "class_Sinay", "type": "Narrative", "language": "撒奇萊雅語, Sakizaya, Sakizaya", "speaker": "林來億, Sinay, male, None", "collected": "2009-10-31", "revised": "None", "video": "skzyNr-class_sinay.mp3"}, "s_a_span": [66.79, 71.44], "file": "Sakizaya_Sakizaya/skzyNr-class_sinay", "num": 36}], [37, {"ori": [], "gloss": [["...", "", ""], ["anu", "COND", "條件詞"], ["tulu-an", "three-PF", "三個-受焦"], ["sa", "DM", "DM"], ["tulu", "three", "三個"], ["a", "LNK", "連繫詞"], ["demiad", "day", "天"], ["a", "LNK", "連繫詞"], ["ma-hiza.\\", "AF-this.way", "主焦-這樣"]], "free": ["#e If it would be three days, it would be in this way.", "#c 說三天的話就是三天。"], "s_end": true, "iu_a_span": [71.44, 74.08], "meta": {"topic": "class_Sinay", "type": "Narrative", "language": "撒奇萊雅語, Sakizaya, Sakizaya", "speaker": "林來億, Sinay, male, None", "collected": "2009-10-31", "revised": "None", "video": "skzyNr-class_sinay.mp3"}, "s_a_span": [71.44, 74.08], "file": "Sakizaya_Sakizaya/skzyNr-class_sinay", "num": 37}], [38, {"ori": [], "gloss": [["...", "", ""], ["saupu", "gather", "集合"], ["han", "HAN", "HAN"], ["ku", "NOM", "主格"], ["ayam", "bird", "鳥"], ["tuyza", "OBL.that", "斜格.那個"], ["u", "CN", "CN"], ["ka-kalabi-an", "CaRED-dinner-PF", "Ca重疊-晚餐-受焦"], ["sa.\\", "DM", "DM"]], "free": ["#e (People) collected birds for dinner.", "#c 收集晚餐要吃的鳥。"], "s_end": true, "iu_a_span": [74.08, 77.21], "meta": {"topic": "class_Sinay", "type": "Narrative", "language": "撒奇萊雅語, Sakizaya, Sakizaya", "speaker": "林來億, Sinay, male, None", "collected": "2009-10-31", "revised": "None", "video": "skzyNr-class_sinay.mp3"}, "s_a_span": [74.08, 77.21], "file": "Sakizaya_Sakizaya/skzyNr-class_sinay", "num": 38}], [39, {"ori": [], "gloss": [["...", "", ""], ["tuduh", "burn", "燒"], ["han,\\", "HAN", "HAN"]], "free": [], "s_end": false, "iu_a_span": [77.21, 78.24], "meta": {"topic": "class_Sinay", "type": "Narrative", "language": "撒奇萊雅語, Sakizaya, Sakizaya", "speaker": "林來億, Sinay, male, None", "collected": "2009-10-31", "revised": "None", "video": "skzyNr-class_sinay.mp3"}, "file": "Sakizaya_Sakizaya/skzyNr-class_sinay", "num": 39}], [40, {"ori": [], "gloss": [["...", "", ""], ["ma-min", "AF-finish", "主焦-完成"], ["mi-tuduh", "AF-burn", "主焦-燒"], ["sa,\\", "DM", "DM"]], "free": [], "s_end": false, "iu_a_span": [78.24, 79.86], "meta": {"topic": "class_Sinay", "type": "Narrative", "language": "撒奇萊雅語, Sakizaya, Sakizaya", "speaker": "林來億, Sinay, male, None", "collected": "2009-10-31", "revised": "None", "video": "skzyNr-class_sinay.mp3"}, "file": "Sakizaya_Sakizaya/skzyNr-class_sinay", "num": 40}], [41, {"ori": [], "gloss": [["...", "", ""], ["singa’", "put.aside", "擱置"], ["han", "HAN", "HAN"], ["henay", "still", "仍然"], ["kuyni,\\", "NOM.this", "主格.這個"]], "free": [], "s_end": false, "iu_a_span": [79.86, 81.64], "meta": {"topic": "class_Sinay", "type": "Narrative", "language": "撒奇萊雅語, Sakizaya, Sakizaya", "speaker": "林來億, Sinay, male, None", "collected": "2009-10-31", "revised": "None", "video": "skzyNr-class_sinay.mp3"}, "file": "Sakizaya_Sakizaya/skzyNr-class_sinay", "num": 41}], [42, {"ori": [], "gloss": [["...", "", ""], ["sa.\\", "DM", "DM"]], "free": ["#e It was put aside after it was burned.", "#c 烤完之後擱置在一邊。", "#n tuduh 直接用火燒：如燒稻草、烤豬；akik 則為烤(roast)：如烤魚pazeng 為放 mi-singa’ tu paysu存錢"], "s_end": true, "iu_a_span": [81.64, 82.61], "meta": {"topic": "class_Sinay", "type": "Narrative", "language": "撒奇萊雅語, Sakizaya, Sakizaya", "speaker": "林來億, Sinay, male, None", "collected": "2009-10-31", "revised": "None", "video": "skzyNr-class_sinay.mp3"}, "s_a_span": [77.21, 82.61], "file": "Sakizaya_Sakizaya/skzyNr-class_sinay", "num": 42}], [43, {"ori": [], "gloss": [["...", "", ""], ["tawya", "then", "那時"], ["han=tu", "HAN=PFV", "HAN=完成貌"], ["a", "LNK", "連繫詞"], ["demiad", "day", "天"], ["mi-sapunis", "AF-hunting.festival", "主焦-捕鳥祭"], ["sa.\\", "DM", "DM"]], "free": [], "s_end": false, "iu_a_span": [82.61, 85.22], "meta": {"topic": "class_Sinay", "type": "Narrative", "language": "撒奇萊雅語, Sakizaya, Sakizaya", "speaker": "林來億, Sinay, male, None", "collected": "2009-10-31", "revised": "None", "video": "skzyNr-class_sinay.mp3"}, "file": "Sakizaya_Sakizaya/skzyNr-class_sinay", "num": 43}], [44, {"ori": [], "gloss": [["..", "", ""], ["tatenga’,\\", "really", "真的"]], "free": [], "s_end": false, "iu_a_span": [85.22, 86.15], "meta": {"topic": "class_Sinay", "type": "Narrative", "language": "撒奇萊雅語, Sakizaya, Sakizaya", "speaker": "林來億, Sinay, male, None", "collected": "2009-10-31", "revised": "None", "video": "skzyNr-class_sinay.mp3"}, "file": "Sakizaya_Sakizaya/skzyNr-class_sinay", "num": 44}], [45, {"ori": [], "gloss": [["...", "", ""], ["E", "", ""], ["ma-lahuk=tu,\\", "FIL", "FIL"]], "free": [], "s_end": false, "iu_a_span": [86.15, 88.46], "meta": {"topic": "class_Sinay", "type": "Narrative", "language": "撒奇萊雅語, Sakizaya, Sakizaya", "speaker": "林來億, Sinay, male, None", "collected": "2009-10-31", "revised": "None", "video": "skzyNr-class_sinay.mp3"}, "file": "Sakizaya_Sakizaya/skzyNr-class_sinay", "num": 45}], [46, {"ori": [], "gloss": [["...", "", ""], ["u", "CN", "CN"], ["yu", "YU", "YU"], ["u", "CN", "CN"], ["tunuz", "rice.cake", "麻糬"], ["ku", "NOM", "NOM"], ["sa-ka-lahuk", "SA-KA-lunch", "SA-KA-午餐"], ["yu==", "YU", "YU"], ["ma-hiza", "AF-this.way", "主焦-這樣"], ["henay.\\", "still", "仍然"]], "free": ["#e When hunting festivals came, people ate rice cake as their lunch.", "#c 到捕鳥季那一天，從前一定吃麻糬當作午餐。", "#n IU 45中 Sakizaya語中無[e]音，所以在發語詞中，以E表示語音[e]"], "s_end": true, "iu_a_span": [88.46, 92.17], "meta": {"topic": "class_Sinay", "type": "Narrative", "language": "撒奇萊雅語, Sakizaya, Sakizaya", "speaker": "林來億, Sinay, male, None", "collected": "2009-10-31", "revised": "None", "video": "skzyNr-class_sinay.mp3"}, "s_a_span": [82.61, 92.17], "file": "Sakizaya_Sakizaya/skzyNr-class_sinay", "num": 46}], [47, {"ori": [], "gloss": [["...(0.7)", "", ""], ["E==,_", "", ""]], "free": [], "s_end": false, "iu_a_span": [92.17, 93.89], "meta": {"topic": "class_Sinay", "type": "Narrative", "language": "撒奇萊雅語, Sakizaya, Sakizaya", "speaker": "林來億, Sinay, male, None", "collected": "2009-10-31", "revised": "None", "video": "skzyNr-class_sinay.mp3"}, "file": "Sakizaya_Sakizaya/skzyNr-class_sinay", "num": 47}], [48, {"ori": [], "gloss": [["..", "", ""], ["pa-halhal-en", "CAU-wait-PF", "使動-等待-受焦"], ["nuyu", "GEN.this", "屬格.這個"], ["tatayna", "female", "女性"], ["a", "LNK", "連繫詞"], ["maduh.\\", "pound", "摏米"]], "free": ["#e Women were pounding.", "#c 女性在摏米。", "#n mi-halhal 等待；pa-halhal-en 準備；使...等待。", "#n maduh 用木頭擣，misatunuz 用石杵。"], "s_end": true, "iu_a_span": [93.89, 96.56], "meta": {"topic": "class_Sinay", "type": "Narrative", "language": "撒奇萊雅語, Sakizaya, Sakizaya", "speaker": "林來億, Sinay, male, None", "collected": "2009-10-31", "revised": "None", "video": "skzyNr-class_sinay.mp3"}, "s_a_span": [92.17, 96.56], "file": "Sakizaya_Sakizaya/skzyNr-class_sinay", "num": 48}], [49, {"ori": [], "gloss": [["..", "", ""], ["mi-telac,\\", "AF-refine", "AF-去麩"]], "free": [], "s_end": false, "iu_a_span": [96.56, 97.57], "meta": {"topic": "class_Sinay", "type": "Narrative", "language": "撒奇萊雅語, Sakizaya, Sakizaya", "speaker": "林來億, Sinay, male, None", "collected": "2009-10-31", "revised": "None", "video": "skzyNr-class_sinay.mp3"}, "file": "Sakizaya_Sakizaya/skzyNr-class_sinay", "num": 49}], [50, {"ori": [], "gloss": [["...", "", ""], ["sangelac", "white", "白色"], ["kuyni", "NOM.this", "主格.這個"], ["u", "CN", "CN"], ["panay", "glutinous.rice", "糯米"], ["ma-hiza=ay", "AF-this.way=FAC", "主焦-這樣=FAC"], ["kiza.\\", "NOM.that", "主格.那個"]], "free": ["#e Then the glutinous rice became white.", "#c 糯米就很白了。", "#n mi-telac 可以延伸為進修", "#n IU 48中Sakizaya語中無[e]音，所以在發語詞中，以E表示語音[e]"], "s_end": true, "iu_a_span": [97.57, 100.75], "meta": {"topic": "class_Sinay", "type": "Narrative", "language": "撒奇萊雅語, Sakizaya, Sakizaya", "speaker": "林來億, Sinay, male, None", "collected": "2009-10-31", "revised": "None", "video": "skzyNr-class_sinay.mp3"}, "s_a_span": [96.56, 100.75], "file": "Sakizaya_Sakizaya/skzyNr-class_sinay", "num": 50}], [51, {"ori": [], "gloss": [["...", "", ""], ["sa-hakhak", "do-glutinous.rice", "做-糯米飯"], ["han=tu", "HAN=PFV", "HAN=完成貌"], ["talik", "mash", "擣"], ["han=tu", "HAN=PFV", "HAN=完成貌"], ["mi-hiya,\\", "AF-that.way", "主焦-那樣"]], "free": [], "s_end": false, "iu_a_span": [100.75, 103.96], "meta": {"topic": "class_Sinay", "type": "Narrative", "language": "撒奇萊雅語, Sakizaya, Sakizaya", "speaker": "林來億, Sinay, male, None", "collected": "2009-10-31", "revised": "None", "video": "skzyNr-class_sinay.mp3"}, "file": "Sakizaya_Sakizaya/skzyNr-class_sinay", "num": 51}], [52, {"ori": [], "gloss": [["...", "", ""], ["mi==-talik", "AF-mash", "主焦-擣"], ["nuyni", "GEN.this", "屬格.這個"], ["u", "CN", "CN"], ["tatayna,\\", "female", "女性"]], "free": [], "s_end": false, "iu_a_span": [103.96, 106.61], "meta": {"topic": "class_Sinay", "type": "Narrative", "language": "撒奇萊雅語, Sakizaya, Sakizaya", "speaker": "林來億, Sinay, male, None", "collected": "2009-10-31", "revised": "None", "video": "skzyNr-class_sinay.mp3"}, "file": "Sakizaya_Sakizaya/skzyNr-class_sinay", "num": 52}], [53, {"ori": [], "gloss": [["..", "", ""], ["kuyza", "NOM.that", "主格.那個"], ["u", "CN", "CN"], ["tunuz", "rice.cake", "麻糬"], ["sa,\\", "DM", "DM"]], "free": [], "s_end": false, "iu_a_span": [106.61, 107.88], "meta": {"topic": "class_Sinay", "type": "Narrative", "language": "撒奇萊雅語, Sakizaya, Sakizaya", "speaker": "林來億, Sinay, male, None", "collected": "2009-10-31", "revised": "None", "video": "skzyNr-class_sinay.mp3"}, "file": "Sakizaya_Sakizaya/skzyNr-class_sinay", "num": 53}], [54, {"ori": [], "gloss": [["..", "", ""], ["uyza=ay", "that=FAC", "那個=FAC"], ["kuyu", "NOM.this", "主格.這個"], ["malu-sa-ka-lahuk.\\", "AF.become-SA-KA-lunch", "主焦.成為-SA-KA-午餐"]], "free": ["#e Women cooked glutinous rice and made it into rice cakes as lunch.", "#c 女性煮糯米飯並將其把打成麻糬成午餐。", "#n 前綴malu有成為之意，如：malu-sinsi 成為老師 malu-saydan 教導巫師的人"], "s_end": true, "iu_a_span": [107.88, 110.6], "meta": {"topic": "class_Sinay", "type": "Narrative", "language": "撒奇萊雅語, Sakizaya, Sakizaya", "speaker": "林來億, Sinay, male, None", "collected": "2009-10-31", "revised": "None", "video": "skzyNr-class_sinay.mp3"}, "s_a_span": [100.75, 110.6], "file": "Sakizaya_Sakizaya/skzyNr-class_sinay", "num": 54}], [55, {"ori": [], "gloss": [["...", "", ""], ["i", "PREP", "介系詞"], ["tawya", "before", "以前"], ["a", "LNK", "連繫詞"], ["demiad", "day", "天"], ["mi-sapunis,\\", "AF-hunting.festival", "主焦-捕鳥祭"]], "free": [], "s_end": false, "iu_a_span": [110.6, 112.58], "meta": {"topic": "class_Sinay", "type": "Narrative", "language": "撒奇萊雅語, Sakizaya, Sakizaya", "speaker": "林來億, Sinay, male, None", "collected": "2009-10-31", "revised": "None", "video": "skzyNr-class_sinay.mp3"}, "file": "Sakizaya_Sakizaya/skzyNr-class_sinay", "num": 55}], [56, {"ori": [], "gloss": [["...", "", ""], ["uyni", "this", "這個"], ["han=tu", "HAN=PFV", "HAN=完成貌"], ["u", "CN", "CN"], ["ayam", "bird", "鳥"], ["sa,\\", "DM", "DM"]], "free": [], "s_end": false, "iu_a_span": [112.58, 115.12], "meta": {"topic": "class_Sinay", "type": "Narrative", "language": "撒奇萊雅語, Sakizaya, Sakizaya", "speaker": "林來億, Sinay, male, None", "collected": "2009-10-31", "revised": "None", "video": "skzyNr-class_sinay.mp3"}, "file": "Sakizaya_Sakizaya/skzyNr-class_sinay", "num": 56}], [57, {"ori": [], "gloss": [["...", "", ""], ["E==,_", "", ""]], "free": [], "s_end": false, "iu_a_span": [115.12, 116.62], "meta": {"topic": "class_Sinay", "type": "Narrative", "language": "撒奇萊雅語, Sakizaya, Sakizaya", "speaker": "林來億, Sinay, male, None", "collected": "2009-10-31", "revised": "None", "video": "skzyNr-class_sinay.mp3"}, "file": "Sakizaya_Sakizaya/skzyNr-class_sinay", "num": 57}], [58, {"ori": [], "gloss": [["...", "", ""], ["tikulac", "ring-necked.pheasant", "雉雞"], ["ku", "NOM", "主格"], ["nu", "GEN", "屬格"], ["tikulac.\\", "ring-necked.pheasant", "雉雞"]], "free": ["#e On the day of hunting festival, birds like ring-necked pheasant would be put together.", "#c 捕鳥祭的那一天，雉雞的就放在雉雞這一堆。", "#n Tikulac 為雉雞，因其發聲為tikulac而得名，如啄木鳥為takelulu"], "s_end": true, "iu_a_span": [116.62, 118.69], "meta": {"topic": "class_Sinay", "type": "Narrative", "language": "撒奇萊雅語, Sakizaya, Sakizaya", "speaker": "林來億, Sinay, male, None", "collected": "2009-10-31", "revised": "None", "video": "skzyNr-class_sinay.mp3"}, "s_a_span": [110.6, 118.69], "file": "Sakizaya_Sakizaya/skzyNr-class_sinay", "num": 58}], [59, {"ori": [], "gloss": [["..", "", ""], ["anu", "COND", "條件詞"], ["tabaki", "big", "大"], ["heni", "3PL.POSS", "3PL.所有格"], ["sa-pela’-en,\\", "IF-cut-IF", "工具焦點-切-工具焦點"]], "free": [], "s_end": false, "iu_a_span": [118.69, 121.24], "meta": {"topic": "class_Sinay", "type": "Narrative", "language": "撒奇萊雅語, Sakizaya, Sakizaya", "speaker": "林來億, Sinay, male, None", "collected": "2009-10-31", "revised": "None", "video": "skzyNr-class_sinay.mp3"}, "file": "Sakizaya_Sakizaya/skzyNr-class_sinay", "num": 59}], [60, {"ori": [], "gloss": [["...", "", ""], ["anu", "COND", "條件詞"], ["sangelac", "white", "白"], ["sa", "DM", "DM"], ["anu", "COND", "條件詞"], ["mala-sepad", "AF.become-four", "主焦.變成-四"], ["mala-enem", "AF.become-six", "主焦.變成-六"], ["ku", "NOM", "主格"], ["ni-pi-pela’", "NI-PI-cut.half", "NI-PI-切半"], ["ku", "NOM", "主格"], ["ni-cikcik", "NI-cut", "NI-切"], ["mi-hiza=ay", "AF-that.way=FAC", "主焦-那樣子=FAC"], ["kiza,\\", "NOM.that", "主格.那個"]], "free": [], "s_end": false, "iu_a_span": [121.24, 126.99], "meta": {"topic": "class_Sinay", "type": "Narrative", "language": "撒奇萊雅語, Sakizaya, Sakizaya", "speaker": "林來億, Sinay, male, None", "collected": "2009-10-31", "revised": "None", "video": "skzyNr-class_sinay.mp3"}, "file": "Sakizaya_Sakizaya/skzyNr-class_sinay", "num": 60}], [61, {"ori": [], "gloss": [["...", "", ""], ["sa.\\", "DM", "DM"]], "free": ["#e (We would) cut it if it was big, or cut it half, into four pieces or six pieces.", "#c 大的就切一切，不然就切成四份，切成六份。", "#n mi-pela’ 切半 mi-cikcik 切蔥 菜 塊  mi-tuntun 切豬菜", "#n IU 60中 sangelac 在此與上下文關係不大，故在翻譯時不翻出。"], "s_end": true, "iu_a_span": [126.99, 127.73], "meta": {"topic": "class_Sinay", "type": "Narrative", "language": "撒奇萊雅語, Sakizaya, Sakizaya", "speaker": "林來億, Sinay, male, None", "collected": "2009-10-31", "revised": "None", "video": "skzyNr-class_sinay.mp3"}, "s_a_span": [118.69, 127.73], "file": "Sakizaya_Sakizaya/skzyNr-class_sinay", "num": 61}], [62, {"ori": [], "gloss": [["...", "", ""], ["uyu", "this", "這個"], ["Pulo’", "PN", "專名"], ["Pulo’,\\", "PN", "專名"]], "free": [], "s_end": false, "iu_a_span": [127.73, 130.0], "meta": {"topic": "class_Sinay", "type": "Narrative", "language": "撒奇萊雅語, Sakizaya, Sakizaya", "speaker": "林來億, Sinay, male, None", "collected": "2009-10-31", "revised": "None", "video": "skzyNr-class_sinay.mp3"}, "file": "Sakizaya_Sakizaya/skzyNr-class_sinay", "num": 62}], [63, {"ori": [], "gloss": [["...", "", ""], ["sanad-en", "separate-PF", "分開-受焦"], ["kuyu", "NOM.that", "主格.那個"], ["ni-sa-lami’-an", "NI-do-vegetable-PF", "NI-做-菜-受焦"], ["mi-hiza=ay", "AF-this.way=FAC", "主焦-這樣=FAC"], ["kiza,\\", "NOM.that", "主格.那個"]], "free": [], "s_end": false, "iu_a_span": [130.0, 134.22], "meta": {"topic": "class_Sinay", "type": "Narrative", "language": "撒奇萊雅語, Sakizaya, Sakizaya", "speaker": "林來億, Sinay, male, None", "collected": "2009-10-31", "revised": "None", "video": "skzyNr-class_sinay.mp3"}, "file": "Sakizaya_Sakizaya/skzyNr-class_sinay", "num": 63}], [64, {"ori": [], "gloss": [["...", "", ""], ["u", "CN", "CN"], ["kabi", "soup", "湯"], ["ku", "NOM", "主格"], ["kabi.\\", "soup", "湯"]], "free": ["#e (They) separate birds from the cooked vegetables and soup.", "#c 鳥、煮的菜和湯分開放。", "#n IU 62 中的pulo’ 為某種鳥類"], "s_end": true, "iu_a_span": [134.22, 135.72], "meta": {"topic": "class_Sinay", "type": "Narrative", "language": "撒奇萊雅語, Sakizaya, Sakizaya", "speaker": "林來億, Sinay, male, None", "collected": "2009-10-31", "revised": "None", "video": "skzyNr-class_sinay.mp3"}, "s_a_span": [127.73, 135.72], "file": "Sakizaya_Sakizaya/skzyNr-class_sinay", "num": 64}], [65, {"ori": [], "gloss": [["...", "", ""], ["anu", "COND", "條件詞"], ["pa-tahkal", "CAU-go.out", "使動-出來"], ["i", "PREP", "介系詞"], ["<L2TwakungL2T>", "bowl", "碗"], ["i", "PREP", "介系詞"], ["yu", "YU", "YU"], ["u", "CN", "CN"], ["ayam", "bird", "鳥"], ["u", "CN", "CN"], ["ayam", "bird", "鳥"], ["han", "HAN", "HAN"], ["sa.\\", "DM", "DM"]], "free": ["#e (They) put birds in a big bowl.", "#c 用碗公裝鳥。", "#n wakung 為台語中的碗，常寫成碗公"], "s_end": true, "iu_a_span": [135.72, 139.77], "meta": {"topic": "class_Sinay", "type": "Narrative", "language": "撒奇萊雅語, Sakizaya, Sakizaya", "speaker": "林來億, Sinay, male, None", "collected": "2009-10-31", "revised": "None", "video": "skzyNr-class_sinay.mp3"}, "s_a_span": [135.72, 139.77], "file": "Sakizaya_Sakizaya/skzyNr-class_sinay", "num": 65}], [66, {"ori": [], "gloss": [["..", "", ""], ["pa-kila==c", "CAU-allocate", "使動-分配"], ["han", "HAN", "HAN"], ["kuyni", "NOM.this", "主格.這個"], ["u", "CN", "CN"], ["hiya,\\", "this.way", "這樣"]], "free": [], "s_end": false, "iu_a_span": [139.77, 142.69], "meta": {"topic": "class_Sinay", "type": "Narrative", "language": "撒奇萊雅語, Sakizaya, Sakizaya", "speaker": "林來億, Sinay, male, None", "collected": "2009-10-31", "revised": "None", "video": "skzyNr-class_sinay.mp3"}, "file": "Sakizaya_Sakizaya/skzyNr-class_sinay", "num": 66}], [67, {"ori": [], "gloss": [["...", "", ""], ["u", "CN", "CN"], ["babalaki.\\", "elder.people", "老人"]], "free": ["#e (They) gave (birds) to senior citizens in this way.", "#c 就這樣分給老人家。"], "s_end": true, "iu_a_span": [142.69, 144.32], "meta": {"topic": "class_Sinay", "type": "Narrative", "language": "撒奇萊雅語, Sakizaya, Sakizaya", "speaker": "林來億, Sinay, male, None", "collected": "2009-10-31", "revised": "None", "video": "skzyNr-class_sinay.mp3"}, "s_a_span": [139.77, 144.32], "file": "Sakizaya_Sakizaya/skzyNr-class_sinay", "num": 67}], [68, {"ori": [], "gloss": [["...", "", ""], ["anu==,\\", "COND", "條件詞"]], "free": [], "s_end": false, "iu_a_span": [144.32, 145.44], "meta": {"topic": "class_Sinay", "type": "Narrative", "language": "撒奇萊雅語, Sakizaya, Sakizaya", "speaker": "林來億, Sinay, male, None", "collected": "2009-10-31", "revised": "None", "video": "skzyNr-class_sinay.mp3"}, "file": "Sakizaya_Sakizaya/skzyNr-class_sinay", "num": 68}], [69, {"ori": [], "gloss": [["...", "", ""], ["si-ma-tulu", "have-MA-three", "有-MA-三"], ["anu", "COND", "條件詞"], ["si-ma-lima.\\", "have-MA-five", "有-MA-五"]], "free": ["#e Every senior citizens had three or five.", "#c 分三個或五個給老人家。", "#n si-ma-tulu 為si-mala-tulu 的縮寫"], "s_end": true, "iu_a_span": [145.44, 147.57], "meta": {"topic": "class_Sinay", "type": "Narrative", "language": "撒奇萊雅語, Sakizaya, Sakizaya", "speaker": "林來億, Sinay, male, None", "collected": "2009-10-31", "revised": "None", "video": "skzyNr-class_sinay.mp3"}, "s_a_span": [144.32, 147.57], "file": "Sakizaya_Sakizaya/skzyNr-class_sinay", "num": 69}], [70, {"ori": [], "gloss": [["..", "", ""], ["nayi’", "NEG", "否定詞"], ["ku", "NOM", "主格"], ["wantan", "certain", "確定"], ["nu", "GEN", "屬格"], ["i", "PREP", "介系詞"], ["tawya=ay", "before=FAC", "之前=FAC"], ["u", "CN", "CN"], ["iza", "EXIST", "存在詞"], ["pi-bihkac.\\", "PI-bow", "PI-弓"]], "free": ["#e It was uncertain how it was distributed.", "#c 那時候沒有一定分法。"], "s_end": true, "iu_a_span": [147.57, 150.7], "meta": {"topic": "class_Sinay", "type": "Narrative", "language": "撒奇萊雅語, Sakizaya, Sakizaya", "speaker": "林來億, Sinay, male, None", "collected": "2009-10-31", "revised": "None", "video": "skzyNr-class_sinay.mp3"}, "s_a_span": [147.57, 150.7], "file": "Sakizaya_Sakizaya/skzyNr-class_sinay", "num": 70}], [71, {"ori": [], "gloss": [["..", "", ""], ["nikaw", "because", "因為"], ["izaw", "EXIST", "存在詞"], ["nu", "GEN", "屬格"], ["ayam", "bird", "鳥"], ["kuyni", "NOM.this", "主格.這個"], ["u", "CN", "CN"], ["tapeng,\\", "??", "??"]], "free": [], "s_end": false, "iu_a_span": [150.7, 153.14], "meta": {"topic": "class_Sinay", "type": "Narrative", "language": "撒奇萊雅語, Sakizaya, Sakizaya", "speaker": "林來億, Sinay, male, None", "collected": "2009-10-31", "revised": "None", "video": "skzyNr-class_sinay.mp3"}, "file": "Sakizaya_Sakizaya/skzyNr-class_sinay", "num": 71}], [72, {"ori": [], "gloss": [["..", "", ""], ["anu", "COND", "條件詞"], ["yadah", "many", "許多"], ["ku", "NOM", "主格"], ["ayam", "bird", "鳥"], ["kya,\\", "NOM.that", "主格.那個"]], "free": [], "s_end": false, "iu_a_span": [153.14, 154.91], "meta": {"topic": "class_Sinay", "type": "Narrative", "language": "撒奇萊雅語, Sakizaya, Sakizaya", "speaker": "林來億, Sinay, male, None", "collected": "2009-10-31", "revised": "None", "video": "skzyNr-class_sinay.mp3"}, "file": "Sakizaya_Sakizaya/skzyNr-class_sinay", "num": 72}], [73, {"ori": [], "gloss": [["...", "", ""], ["yadah", "many", "許多"], ["kuyni", "NOM.this", "主格.這個"], ["u,\\", "CN", "CN"]], "free": [], "s_end": false, "iu_a_span": [154.91, 156.38], "meta": {"topic": "class_Sinay", "type": "Narrative", "language": "撒奇萊雅語, Sakizaya, Sakizaya", "speaker": "林來億, Sinay, male, None", "collected": "2009-10-31", "revised": "None", "video": "skzyNr-class_sinay.mp3"}, "file": "Sakizaya_Sakizaya/skzyNr-class_sinay", "num": 73}], [74, {"ori": [], "gloss": [["...(0.9)", "", ""], ["u==", "CN", "CN"], ["kilac", "allocate", "分配"], ["nu", "GEN", "屬格"], ["payteked.\\", "everyone", "每一個"]], "free": ["#e If there were many birds, every one could have more.", "#c 如果鳥很多的話，那分給每個人的也很多。", "#n teked 不同於數量詞的一個 cacay; sa-teke-teked han (一個一個的分) sa-teked sa han niza mi-ala (他一個人拿很多) teked用在人身上"], "s_end": true, "iu_a_span": [156.38, 159.72], "meta": {"topic": "class_Sinay", "type": "Narrative", "language": "撒奇萊雅語, Sakizaya, Sakizaya", "speaker": "林來億, Sinay, male, None", "collected": "2009-10-31", "revised": "None", "video": "skzyNr-class_sinay.mp3"}, "s_a_span": [150.7, 159.72], "file": "Sakizaya_Sakizaya/skzyNr-class_sinay", "num": 74}], [75, {"ori": [], "gloss": [["...", "", ""], ["u", "CN", "CN"], ["ini", "here", "這裡"], ["han=tu", "HAN=PFV", "HAN=完成貌"], ["nu", "GEN", "屬格"], ["hiya", "that.way", "那樣"], ["sa,\\", "DM", "DM"]], "free": [], "s_end": false, "iu_a_span": [159.72, 161.91], "meta": {"topic": "class_Sinay", "type": "Narrative", "language": "撒奇萊雅語, Sakizaya, Sakizaya", "speaker": "林來億, Sinay, male, None", "collected": "2009-10-31", "revised": "None", "video": "skzyNr-class_sinay.mp3"}, "file": "Sakizaya_Sakizaya/skzyNr-class_sinay", "num": 75}], [76, {"ori": [], "gloss": [["...", "", ""], ["nu", "GEN", "屬格"], ["wawa", "child", "小孩"], ["u", "CN", "CN"], ["<L2JsEnEngL2J>", "young.people", "年輕人"], ["kya==,\\", "NOM.that", "主格.那個"]], "free": [], "s_end": false, "iu_a_span": [161.91, 164.68], "meta": {"topic": "class_Sinay", "type": "Narrative", "language": "撒奇萊雅語, Sakizaya, Sakizaya", "speaker": "林來億, Sinay, male, None", "collected": "2009-10-31", "revised": "None", "video": "skzyNr-class_sinay.mp3"}, "file": "Sakizaya_Sakizaya/skzyNr-class_sinay", "num": 76}], [77, {"ori": [], "gloss": [["...", "", ""], ["E==", "", ""], ["tatenga’=tu.\\", "FIL", "FIL"]], "free": ["#e Young people did that too.", "#c 青年真的那樣完成。", "#n IU 77 中sEnEng 為日本漢字音，漢字寫成青年(seineN)。因Sakizaya語中無[e]，故以大寫E代替"], "s_end": true, "iu_a_span": [164.68, 166.56], "meta": {"topic": "class_Sinay", "type": "Narrative", "language": "撒奇萊雅語, Sakizaya, Sakizaya", "speaker": "林來億, Sinay, male, None", "collected": "2009-10-31", "revised": "None", "video": "skzyNr-class_sinay.mp3"}, "s_a_span": [159.72, 166.56], "file": "Sakizaya_Sakizaya/skzyNr-class_sinay", "num": 77}], [78, {"ori": [], "gloss": [["...(0.7)", "", ""], ["u", "CN", "CN"], ["ayam", "bird", "鳥"], ["ku", "NOM", "主格"], ["pi-melaw-en", "PF-see-PF", "受焦-看-受焦"], ["tya", "OBL.that", "斜格.那個"], ["tusa", "two", "二個"], ["anu", "COND", "條件詞"], ["si-mala-cacay", "have-MALA-one", "有-MALA-一個"], ["ma-hiza=ay,\\", "AF-this.way=FAC", "主焦-這樣=FAC"]], "free": ["#e Every child had one or two.", "#c 小孩分兩個或一人一個。"], "s_end": true, "iu_a_span": [166.56, 170.03], "meta": {"topic": "class_Sinay", "type": "Narrative", "language": "撒奇萊雅語, Sakizaya, Sakizaya", "speaker": "林來億, Sinay, male, None", "collected": "2009-10-31", "revised": "None", "video": "skzyNr-class_sinay.mp3"}, "s_a_span": [166.56, 170.03], "file": "Sakizaya_Sakizaya/skzyNr-class_sinay", "num": 78}], [79, {"ori": [], "gloss": [["..", "", ""], ["anu", "COND", "條件詞"], ["tada", "very", "很"], ["ma-hinac", "AF-deficient", "主焦-少"], ["kya", "NOM.that", "主格.那個"], ["cikcik-en", "cut-PF", "切-受焦"], ["ma-hiza=ay", "AF-this.way=FAC", "主焦-這樣=FAC"], ["kiza", "NOM.that", "主格.那個"], ["ku", "NOM", "主格"], ["ni-ka", "NI-KA", "NI-KA"], ["u==.\\", "CN", "CN"]], "free": ["#e If it was deficient, people would cut more.", "#c 不夠的話就再切。"], "s_end": true, "iu_a_span": [170.03, 176.36], "meta": {"topic": "class_Sinay", "type": "Narrative", "language": "撒奇萊雅語, Sakizaya, Sakizaya", "speaker": "林來億, Sinay, male, None", "collected": "2009-10-31", "revised": "None", "video": "skzyNr-class_sinay.mp3"}, "s_a_span": [170.03, 176.36], "file": "Sakizaya_Sakizaya/skzyNr-class_sinay", "num": 79}], [80, {"ori": [], "gloss": [["...", "", ""], ["ka-kawaw", "Ca-thing", "Ca重疊-事情"], ["nu", "GEN", "屬格"], ["ini", "here", "這裡"], ["u", "CN", "CN"], ["Maibul.\\", "PN", "地名"]], "free": ["#e Those were things in Maibul.", "#c 馬立雲的事情就是這樣。"], "s_end": true, "iu_a_span": [176.36, 178.36], "meta": {"topic": "class_Sinay", "type": "Narrative", "language": "撒奇萊雅語, Sakizaya, Sakizaya", "speaker": "林來億, Sinay, male, None", "collected": "2009-10-31", "revised": "None", "video": "skzyNr-class_sinay.mp3"}, "s_a_span": [176.36, 178.36], "file": "Sakizaya_Sakizaya/skzyNr-class_sinay", "num": 80}], [81, {"ori": [], "gloss": [["...", "", ""], ["ni-han", "NI-HAN", "NI-HAN"], ["nu", "GEN", "屬格"], ["maku", "1SG.POSS", "1SG.所有格"], ["u", "CN", "CN"], ["ta'pang", "trunk", "樹幹"], ["nu", "GEN", "屬格"], ["ini", "here", "這裡"], ["u", "CN", "CN"], ["sapunis", "hunting.festival", "捕鳥祭"], ["hananay", "so.called", "所謂的"], ["sa.\\", "DM", "DM"]], "free": ["#e This is so called hunting festival.", "#c 這就是所謂的捕鳥祭的意義。", "#n tapang 樹根以上樹幹以下，在此為根本，可衍伸為領袖級的人。", "#n Sakizaya 則為angangan。lamit 為樹根；pabah為樹葉；caang為樹枝"], "s_end": true, "iu_a_span": [178.36, 182.13], "meta": {"topic": "class_Sinay", "type": "Narrative", "language": "撒奇萊雅語, Sakizaya, Sakizaya", "speaker": "林來億, Sinay, male, None", "collected": "2009-10-31", "revised": "None", "video": "skzyNr-class_sinay.mp3"}, "s_a_span": [178.36, 182.13], "file": "Sakizaya_Sakizaya/skzyNr-class_sinay", "num": 81}], [82, {"ori": [], "gloss": [["...", "", ""], ["cacay", "one", "一個"], ["a", "LNK", "連繫詞"], ["mi-hiza", "AF-this.way", "主焦-這樣"], ["kina", "NOM.this", "主格.這個"], ["cacay,\\", "one", "一個"]], "free": [], "s_end": false, "iu_a_span": [182.13, 183.99], "meta": {"topic": "class_Sinay", "type": "Narrative", "language": "撒奇萊雅語, Sakizaya, Sakizaya", "speaker": "林來億, Sinay, male, None", "collected": "2009-10-31", "revised": "None", "video": "skzyNr-class_sinay.mp3"}, "file": "Sakizaya_Sakizaya/skzyNr-class_sinay", "num": 82}], [83, {"ori": [], "gloss": [["...", "", ""], ["ya", "YA", "YA"], ["hican,\\", "how.PF", "怎樣.受焦"]], "free": [], "s_end": false, "iu_a_span": [183.99, 184.97], "meta": {"topic": "class_Sinay", "type": "Narrative", "language": "撒奇萊雅語, Sakizaya, Sakizaya", "speaker": "林來億, Sinay, male, None", "collected": "2009-10-31", "revised": "None", "video": "skzyNr-class_sinay.mp3"}, "file": "Sakizaya_Sakizaya/skzyNr-class_sinay", "num": 83}], [84, {"ori": [], "gloss": [["..", "", ""], ["u", "CN", "CN"], ["ini", "here", "這裡"], ["u", "CN", "CN"], ["hiya.\\", "that", "那個"]], "free": ["#e Once a year or sometimes", "#c 一年一次或有時候。"], "s_end": true, "iu_a_span": [184.97, 186.19], "meta": {"topic": "class_Sinay", "type": "Narrative", "language": "撒奇萊雅語, Sakizaya, Sakizaya", "speaker": "林來億, Sinay, male, None", "collected": "2009-10-31", "revised": "None", "video": "skzyNr-class_sinay.mp3"}, "s_a_span": [182.13, 186.19], "file": "Sakizaya_Sakizaya/skzyNr-class_sinay", "num": 84}], [85, {"ori": [], "gloss": [["...", "", ""], ["u", "CN", "CN"], ["selal", "peer", "同年齡"], ["kuyza", "NOM.that", "主格.那個"], ["u==,\\", "CN", "CN"]], "free": [], "s_end": false, "iu_a_span": [186.19, 188.46], "meta": {"topic": "class_Sinay", "type": "Narrative", "language": "撒奇萊雅語, Sakizaya, Sakizaya", "speaker": "林來億, Sinay, male, None", "collected": "2009-10-31", "revised": "None", "video": "skzyNr-class_sinay.mp3"}, "file": "Sakizaya_Sakizaya/skzyNr-class_sinay", "num": 85}], [86, {"ori": [], "gloss": [["...(0.9)", "", ""], ["u==", "CN", "CN"], ["tapang", "trunk", "樹幹"], ["tu", "OBL", "斜格"], ["ma-hini=ay,\\", "AF-this.way=FAC", "主焦-這樣=FAC"]], "free": [], "s_end": false, "iu_a_span": [188.46, 191.57], "meta": {"topic": "class_Sinay", "type": "Narrative", "language": "撒奇萊雅語, Sakizaya, Sakizaya", "speaker": "林來億, Sinay, male, None", "collected": "2009-10-31", "revised": "None", "video": "skzyNr-class_sinay.mp3"}, "file": "Sakizaya_Sakizaya/skzyNr-class_sinay", "num": 86}], [87, {"ori": [], "gloss": [["...", "", ""], ["uyza", "that", "那個"], ["han=tu", "HAN=PFV", "HAN=完成貌"], ["u==", "CN", "CN"], ["wawa,\\", "child", "小孩"]], "free": [], "s_end": false, "iu_a_span": [191.57, 194.17], "meta": {"topic": "class_Sinay", "type": "Narrative", "language": "撒奇萊雅語, Sakizaya, Sakizaya", "speaker": "林來億, Sinay, male, None", "collected": "2009-10-31", "revised": "None", "video": "skzyNr-class_sinay.mp3"}, "file": "Sakizaya_Sakizaya/skzyNr-class_sinay", "num": 87}], [88, {"ori": [], "gloss": [["...", "", ""], ["ma-laluk=ay", "AF-diligent=FAC", "主焦-勤快=FAC"], ["mi-sikaway,\\", "AF-rucksack", "主焦-背袋"]], "free": [], "s_end": false, "iu_a_span": [194.17, 196.33], "meta": {"topic": "class_Sinay", "type": "Narrative", "language": "撒奇萊雅語, Sakizaya, Sakizaya", "speaker": "林來億, Sinay, male, None", "collected": "2009-10-31", "revised": "None", "video": "skzyNr-class_sinay.mp3"}, "file": "Sakizaya_Sakizaya/skzyNr-class_sinay", "num": 88}], [89, {"ori": [], "gloss": [["...", "", ""], ["mi-", "FS", "FS"], ["mi-ani,\\", "AF-ask", "主焦-要求"]], "free": [], "s_end": false, "iu_a_span": [196.33, 199.63], "meta": {"topic": "class_Sinay", "type": "Narrative", "language": "撒奇萊雅語, Sakizaya, Sakizaya", "speaker": "林來億, Sinay, male, None", "collected": "2009-10-31", "revised": "None", "video": "skzyNr-class_sinay.mp3"}, "file": "Sakizaya_Sakizaya/skzyNr-class_sinay", "num": 89}], [90, {"ori": [], "gloss": [["...", "", ""], ["tuyni", "OBL.this", "斜格.這個"], ["u", "CN", "CN"], ["babalaki", "elder.people", "老人"], ["baki-aw,\\", "grand.father-AW", "祖父-AW"]], "free": [], "s_end": false, "iu_a_span": [199.63, 201.59], "meta": {"topic": "class_Sinay", "type": "Narrative", "language": "撒奇萊雅語, Sakizaya, Sakizaya", "speaker": "林來億, Sinay, male, None", "collected": "2009-10-31", "revised": "None", "video": "skzyNr-class_sinay.mp3"}, "file": "Sakizaya_Sakizaya/skzyNr-class_sinay", "num": 90}], [91, {"ori": [], "gloss": [["...", "", ""], ["amay", "懇求", "beg"], ["uyu", "this", "這個"], ["ni-kunuy-an", "NI-carry.on.the.back-PF", "NI-背-受焦"], ["isu", "2SG.GEN", "2SG.屬格"], ["ni-muku-an", "NI-carry.on.the.shoulder-PF", "NI-扛-受焦"], ["isu", "2SG.GEN", "2SG.屬格"], ["kaku=ay", "1SG.NOM=FAC", "1SG.主格=FAC"], ["ku", "NOM", "主格"], ["mi-muku=ay.\\", "AF-carry.on.the.shoulder=FAC", "主焦-扛=FAC"]], "free": ["#e To the senior citizens, the diligent children said that we would help you carry what you carried.", "#c 勤快的小孩跟老人家說你背的你扛的都讓我來扛。", "#n #n IU 85 中sekal為同年紀的人，加上saba(年紀較小的人)則為u saba a selal 為年輕的人；若加上kaka (年紀較大的人) 則為 u kaka a selal 年紀較大者", "#n saba 弟弟 sabana妹妹  kaka哥哥  kakana姊姊", "#n IU 86 tapang延伸成重要的", "#n IU 89中ma-laluk 為阿美語; Sakizaya 則為sikawaway", "#n IU 90中的baki 原意為祖父，但在此泛稱一般老人。", "#n IU 91 中 amay 原形為hamay 給我 乞求  hamay-baki 老人賜福(向老人乞討福氣)"], "s_end": true, "iu_a_span": [201.59, 206.38], "meta": {"topic": "class_Sinay", "type": "Narrative", "language": "撒奇萊雅語, Sakizaya, Sakizaya", "speaker": "林來億, Sinay, male, None", "collected": "2009-10-31", "revised": "None", "video": "skzyNr-class_sinay.mp3"}, "s_a_span": [186.19, 206.38], "file": "Sakizaya_Sakizaya/skzyNr-class_sinay", "num": 91}], [92, {"ori": [], "gloss": [["..", "", ""], ["kaku=ay", "1SG.NOM=FAC", "1SG.主格=FAC"], ["kuyu", "NOM.this", "主格.這個"], ["sikaway", "rucksack", "背袋"], ["mi-muku=tu", "AF-carry.on.the.shoulder=PFV", "主焦-扛=完成貌"], ["yu", "YU", "YU"], ["balas=ay", "take=FAC", "拿=FAC"], ["nu", "GEN", "屬格"], ["misu", "2SG.POSS", "2SG.所有格"], ["u", "CN", "CN"], ["babalaki.\\", "elder.people", "老人"]], "free": ["#e I would help you carry what you carried.", "#c 老人家您拿的東西讓我背讓我扛。"], "s_end": true, "iu_a_span": [206.38, 210.33], "meta": {"topic": "class_Sinay", "type": "Narrative", "language": "撒奇萊雅語, Sakizaya, Sakizaya", "speaker": "林來億, Sinay, male, None", "collected": "2009-10-31", "revised": "None", "video": "skzyNr-class_sinay.mp3"}, "s_a_span": [206.38, 210.33], "file": "Sakizaya_Sakizaya/skzyNr-class_sinay", "num": 92}], [93, {"ori": [], "gloss": [["...", "", ""], ["a", "LNK", "連繫詞"], ["nu", "GEN", "屬格"], ["misu", "2SG.POSS", "2SG.所有格"], ["a", "LNK", "連繫詞"], ["bai", "grandmother", "祖母"], ["anu", "COND", "條件詞"], ["sa", "DM", "DM"], ["kapah", "good", "好"], ["kuyni", "NOM.this", "主格.這個"], ["u==,\\", "CN", "CN"]], "free": [], "s_end": false, "iu_a_span": [210.33, 213.91], "meta": {"topic": "class_Sinay", "type": "Narrative", "language": "撒奇萊雅語, Sakizaya, Sakizaya", "speaker": "林來億, Sinay, male, None", "collected": "2009-10-31", "revised": "None", "video": "skzyNr-class_sinay.mp3"}, "file": "Sakizaya_Sakizaya/skzyNr-class_sinay", "num": 93}], [94, {"ori": [], "gloss": [["..", "", ""], ["ka-kawaw", "Ca-thing", "Ca重疊-事情"], ["sa-ka-i", "BF-KA-PREP", "受惠焦-KA-介系詞"], ["tini", "here", "這裡"], ["niyazu',\\", "tribe", "部落"]], "free": [], "s_end": false, "iu_a_span": [213.91, 216.13], "meta": {"topic": "class_Sinay", "type": "Narrative", "language": "撒奇萊雅語, Sakizaya, Sakizaya", "speaker": "林來億, Sinay, male, None", "collected": "2009-10-31", "revised": "None", "video": "skzyNr-class_sinay.mp3"}, "file": "Sakizaya_Sakizaya/skzyNr-class_sinay", "num": 94}], [95, {"ori": [], "gloss": [["...", "", ""], ["ka-kawaw", "Ca-thing", "Ca重疊"], ["uyni", "this", "這個"], ["paka-ini=ay", "from-here=FAC", "從-這裡=FAC"], ["i", "PREP", "介系詞"], ["babalaki", "elder.people", "老人"], ["kya", "NOM.that", "主格.那個"], ["sa.\\", "DM", "DM"]], "free": ["#e His behavior was good to our tribe and senior citizens.", "#c 他的行為對部落及對老人家所做的事情都很好。", "#n IU 93 中bai 主要為祖母但亦可以指孫女; baki 主要為祖父但亦可以指孫子"], "s_end": true, "iu_a_span": [216.13, 219.55], "meta": {"topic": "class_Sinay", "type": "Narrative", "language": "撒奇萊雅語, Sakizaya, Sakizaya", "speaker": "林來億, Sinay, male, None", "collected": "2009-10-31", "revised": "None", "video": "skzyNr-class_sinay.mp3"}, "s_a_span": [210.33, 219.55], "file": "Sakizaya_Sakizaya/skzyNr-class_sinay", "num": 95}], [96, {"ori": [], "gloss": [["...", "", ""], ["i", "PREP", "介系詞"], ["ma-melaw", "PF-see", "受焦-看"], ["nu", "GEN", "屬格"], ["babalaki,\\", "elder.people", "老人"]], "free": [], "s_end": false, "iu_a_span": [219.55, 221.85], "meta": {"topic": "class_Sinay", "type": "Narrative", "language": "撒奇萊雅語, Sakizaya, Sakizaya", "speaker": "林來億, Sinay, male, None", "collected": "2009-10-31", "revised": "None", "video": "skzyNr-class_sinay.mp3"}, "file": "Sakizaya_Sakizaya/skzyNr-class_sinay", "num": 96}], [97, {"ori": [], "gloss": [["..", "", ""], ["anu", "COND", "條件詞"], ["i", "PREP", "介系詞"], ["tawya", "then", "那時"], ["i", "PREP", "介系詞"], ["pi-sapunis-an", "PI-hunting.festival-LF", "PI-捕鳥祭-處焦"], ["sa.\\", "DM", "DM"]], "free": [], "s_end": false, "iu_a_span": [221.85, 223.85], "meta": {"topic": "class_Sinay", "type": "Narrative", "language": "撒奇萊雅語, Sakizaya, Sakizaya", "speaker": "林來億, Sinay, male, None", "collected": "2009-10-31", "revised": "None", "video": "skzyNr-class_sinay.mp3"}, "file": "Sakizaya_Sakizaya/skzyNr-class_sinay", "num": 97}], [98, {"ori": [], "gloss": [["...", "", ""], ["E==,_", "", ""]], "free": [], "s_end": false, "iu_a_span": [223.85, 224.93], "meta": {"topic": "class_Sinay", "type": "Narrative", "language": "撒奇萊雅語, Sakizaya, Sakizaya", "speaker": "林來億, Sinay, male, None", "collected": "2009-10-31", "revised": "None", "video": "skzyNr-class_sinay.mp3"}, "file": "Sakizaya_Sakizaya/skzyNr-class_sinay", "num": 98}], [99, {"ori": [], "gloss": [["...(0.7)", "", ""], ["mi-melaw", "AF-see", "主焦-看"], ["kuyni", "NOM.this", "主格.這個"], ["u==", "CN", "CN"], ["babalaki,\\", "elder.people", "老人"]], "free": [], "s_end": false, "iu_a_span": [224.93, 227.71], "meta": {"topic": "class_Sinay", "type": "Narrative", "language": "撒奇萊雅語, Sakizaya, Sakizaya", "speaker": "林來億, Sinay, male, None", "collected": "2009-10-31", "revised": "None", "video": "skzyNr-class_sinay.mp3"}, "file": "Sakizaya_Sakizaya/skzyNr-class_sinay", "num": 99}]], "meta": {"topic": "class_Sinay", "type": "Narrative", "language": "撒奇萊雅語, Sakizaya, Sakizaya", "speaker": "林來億, Sinay, male, None", "collected": "2009-10-31", "revised": "None", "video": "skzyNr-class_sinay.mp3"}}