{"glosses": [[1, {"ori": [], "gloss": [["a==._", "FIL", "FIL"]], "free": [], "s_end": false, "iu_a_span": [null, null], "meta": {"topic": "tattoo2", "type": "Narrative", "language": "賽德克語, Seediq, Tgdaya", "speaker": "", "collected": "None", "revised": "None", "video": "None"}, "file": "Seediq_Tgdaya/None.txt", "num": 1}], [2, {"ori": [], "gloss": [["...", "", ""], ["mqedin", "woman", "女人"], ["mesa", "AF.say", "主焦.說"], ["rudan", "elderly", "長者"], ["cbeyo", "past", "以前"], ["wa._", "FIL", "FIL"]], "free": [], "s_end": false, "iu_a_span": [null, null], "meta": {"topic": "tattoo2", "type": "Narrative", "language": "賽德克語, Seediq, Tgdaya", "speaker": "", "collected": "None", "revised": "None", "video": "None"}, "file": "Seediq_Tgdaya/None.txt", "num": 2}], [3, {"ori": [], "gloss": [["...(0.8)", "", ""], ["asi", "must", "一定"], ["ka", "KA", "KA"], ["<L2JjyunansayL2J>", "<L2JteenageL2J>", "<L2J十幾歲L2J>"], ["sa", "say", "說"], ["ptas-an", "face.tattoo-LF", "紋面-處焦"], ["sa.\\", "say", "說"]], "free": ["#e It is said that our ancestors cannot get their faces tattooed until their are at least teenage.", "#c 據說，我們的女性祖先必須到了十幾歲的時候才可以紋面。", "#n IU2 rudan cbeyo 二字合用指「祖先」。", "#n 此發音人喜用wa 或o等作發語詞。", "#n IU2 <m>patis將要，p<n>tasan已經紋過了；patis 文字n.、書n.、寫v.；patis dqeras，紋面。", "#n IU2 ptasan 已經紋好了；ptasun 還沒紋；但平常講話沒有分的很清楚。"], "s_end": true, "iu_a_span": [null, null], "meta": {"topic": "tattoo2", "type": "Narrative", "language": "賽德克語, Seediq, Tgdaya", "speaker": "", "collected": "None", "revised": "None", "video": "None"}, "file": "Seediq_Tgdaya/None.txt", "num": 3}], [4, {"ori": [], "gloss": [["...", "", ""], ["ptas-un=daha", "face.tattoo", "紋面-受焦=3PL.屬格"], ["a==._", "-PF=3PL.GEN", "FIL"]], "free": [], "s_end": false, "iu_a_span": [null, null], "meta": {"topic": "tattoo2", "type": "Narrative", "language": "賽德克語, Seediq, Tgdaya", "speaker": "", "collected": "None", "revised": "None", "video": "None"}, "file": "Seediq_Tgdaya/None.txt", "num": 4}], [5, {"ori": [], "gloss": [["...", "", ""], ["a==", "FIL", "FIL"], ["dqeras.\\", "face", "臉"]], "free": [], "s_end": false, "iu_a_span": [null, null], "meta": {"topic": "tattoo2", "type": "Narrative", "language": "賽德克語, Seediq, Tgdaya", "speaker": "", "collected": "None", "revised": "None", "video": "None"}, "file": "Seediq_Tgdaya/None.txt", "num": 5}], [6, {"ori": [], "gloss": [["...", "", ""], ["m-alux", "AF-why", "主焦-為什麼"], ["ptasan", "face.tattoo-LF", "紋面-處焦"], ["so./", "be.like", "像"]], "free": ["#e Why do they tattoo their faces?", "#c 為什麼要紋面呢？"], "s_end": true, "iu_a_span": [null, null], "meta": {"topic": "tattoo2", "type": "Narrative", "language": "賽德克語, Seediq, Tgdaya", "speaker": "", "collected": "None", "revised": "None", "video": "None"}, "file": "Seediq_Tgdaya/None.txt", "num": 6}], [7, {"ori": [], "gloss": [["...", "", ""], ["malu", "AF.good", "主焦.好"], ["qta-an.\\", "see-LF", "看-處焦"]], "free": ["#e [because it makes them] beautiful.", "#c [因為] 漂亮。"], "s_end": true, "iu_a_span": [null, null], "meta": {"topic": "tattoo2", "type": "Narrative", "language": "賽德克語, Seediq, Tgdaya", "speaker": "", "collected": "None", "revised": "None", "video": "None"}, "file": "Seediq_Tgdaya/None.txt", "num": 7}], [8, {"ori": [], "gloss": [["...", "", ""], ["ini", "NEG", "否定"], ["kkerung", "wrinkle.up", "起皺紋"], ["si", "say", "說"], ["ma._", "then", "然後"]], "free": ["#e [their faces] would not wrinkle.", "#c [臉] 不會起皺紋。", "#n kerung n. 皺紋 佛手瓜(chayote); k-kerung v.起皺紋，m-kerung v. 起皺紋", "#n 應該是指紋了面後看不清楚，看起來好像沒有起皺紋。", "#n ini k-kerung; iya k-kerung; uka kerung/mkerung; uxe p-kerung 到老也不至於起皺紋。"], "s_end": true, "iu_a_span": [null, null], "meta": {"topic": "tattoo2", "type": "Narrative", "language": "賽德克語, Seediq, Tgdaya", "speaker": "", "collected": "None", "revised": "None", "video": "None"}, "file": "Seediq_Tgdaya/None.txt", "num": 8}], [9, {"ori": [], "gloss": [["...", "", ""], ["a==", "FIL", "FIL"], ["m-tbeno", "AF-plump", "主焦-豐腴"], ["klaali", "every.day", "每天"], ["qta-an", "see-LF", "看-處焦"], ["dqeras=daha", "face=3PL.GEN", "臉=3PL.屬格"], ["si.\\", "say", "說"]], "free": ["#e It is said that after getting their faces tatooed their faces look plump every day.", "#c 據說紋面後，他們每天臉看起來都是豐腴的。", "#n klaali 在此是指「經年累月」、「一生」。"], "s_end": true, "iu_a_span": [null, null], "meta": {"topic": "tattoo2", "type": "Narrative", "language": "賽德克語, Seediq, Tgdaya", "speaker": "", "collected": "None", "revised": "None", "video": "None"}, "file": "Seediq_Tgdaya/None.txt", "num": 9}], [10, {"ori": [], "gloss": [["...(1.6)", "", ""], ["ma==._", "then", "然後"]], "free": [], "s_end": false, "iu_a_span": [null, null], "meta": {"topic": "tattoo2", "type": "Narrative", "language": "賽德克語, Seediq, Tgdaya", "speaker": "", "collected": "None", "revised": "None", "video": "None"}, "file": "Seediq_Tgdaya/None.txt", "num": 10}], [11, {"ori": [], "gloss": [["...", "", ""], ["m-eniq", "AF-be.at", "主焦-在"], ["a==._", "FIL", "FIL"]], "free": ["#e besides,", "#c 另外呢，", "#n IU11 menaq 與「住」同音詞，語意無關。"], "s_end": true, "iu_a_span": [null, null], "meta": {"topic": "tattoo2", "type": "Narrative", "language": "賽德克語, Seediq, Tgdaya", "speaker": "", "collected": "None", "revised": "None", "video": "None"}, "file": "Seediq_Tgdaya/None.txt", "num": 11}], [12, {"ori": [], "gloss": [["...(1.2)", "", ""], ["s-ricuh=daha", "RF-powder=3PL.NOM", "參焦-擦=3PL.主格"], ["si", "say", "說"], ["o._", "FIL", "FIL"]], "free": ["#e What do they use to powder their faces?", "#c 她們用什麼東西擦咧？", "#n sricuh原意是擦粉的擦，但這裡指的是紋面的紋，實際上是敲打的動作。", "#n r<m>icuh 擦粉，化妝。"], "s_end": true, "iu_a_span": [null, null], "meta": {"topic": "tattoo2", "type": "Narrative", "language": "賽德克語, Seediq, Tgdaya", "speaker": "", "collected": "None", "revised": "None", "video": "None"}, "file": "Seediq_Tgdaya/None.txt", "num": 12}], [13, {"ori": [], "gloss": [["...(0.8)", "", ""], ["dqeras", "face", "臉"], ["ka", "NOM", "主焦"], ["ga--", "FS", "FS"], ["n--", "FS", "FS木炭"], ["bagah", "charcoal", "語助詞"], ["henu", "PART", "像"], ["so._", "", ""]], "free": ["#e Face...that charcoal...", "#c 臉...那個木炭..."], "s_end": true, "iu_a_span": [null, null], "meta": {"topic": "tattoo2", "type": "Narrative", "language": "賽德克語, Seediq, Tgdaya", "speaker": "", "collected": "None", "revised": "None", "video": "None"}, "file": "Seediq_Tgdaya/None.txt", "num": 13}], [14, {"ori": [], "gloss": [["...", "", ""], ["rkeruk", "ashes.of.burned.charcoal", "煙垢"], ["harung", "pine", "二葉松"], ["si.\\", "say", "說"]], "free": ["#e It is said that is ashes of burned charcoal of pine.", "#c 據說就是那個二葉松的煙垢，", "#n 二葉松，點火用的植物。"], "s_end": true, "iu_a_span": [null, null], "meta": {"topic": "tattoo2", "type": "Narrative", "language": "賽德克語, Seediq, Tgdaya", "speaker": "", "collected": "None", "revised": "None", "video": "None"}, "file": "Seediq_Tgdaya/None.txt", "num": 14}], [15, {"ori": [], "gloss": [["...(1.9)", "", ""], ["a", "FIL", "FIL"], ["s-ricuh", "RF-powder", "參焦-擦"], ["dqeras.\\", "face", "臉"]], "free": ["#e (which is used to) power the face", "#c （拿來）擦臉。", "#n 實際過程：把煙垢刮下來之後沾東西，再打（釘）到臉上。"], "s_end": true, "iu_a_span": [null, null], "meta": {"topic": "tattoo2", "type": "Narrative", "language": "賽德克語, Seediq, Tgdaya", "speaker": "", "collected": "None", "revised": "None", "video": "None"}, "file": "Seediq_Tgdaya/None.txt", "num": 15}], [16, {"ori": [], "gloss": [["...", "", ""], ["kiya==", "that", "那個"], ["m-qrehaq", "AF-permeate", "主焦-滲透"], ["kii", "that", "那個"], ["de", "PART", "語助詞"], ["so", "be.like", "像"], ["truma", "AF.deep", "主焦.深"], ["si", "say", "說"], ["ma.\\", "then", "然後"]], "free": ["#e (As for tattooing their face,) ashes of burned charcoal should go into their faces.", "#c （紋面的時候）煙垢最好是能滲透到臉皮裡面。", "#n kiya 指二葉松的煙垢。", "#n so 表不確定，此處是「這樣比較好」的意思，如同so hari。", "#n 此句mqrehaq語意不清楚。"], "s_end": true, "iu_a_span": [null, null], "meta": {"topic": "tattoo2", "type": "Narrative", "language": "賽德克語, Seediq, Tgdaya", "speaker": "", "collected": "None", "revised": "None", "video": "None"}, "file": "Seediq_Tgdaya/None.txt", "num": 16}], [17, {"ori": [], "gloss": [["...", "", ""], ["m-qrehaq", "AF-crust.fall.off", "主焦-痂脫落"], ["si", "say", "說"], ["kii", "this", "這個"], ["malu", "AF.good", "主焦.好"], ["si.\\", "say", "說"]], "free": ["#e After the scab falls off, [it would look] good.", "#c 結痂、脫落之後，會比較好。", "#n kii指二葉松煙垢滲透到皮裡的過程。", "#n rehaq 指植物或果實皮，如樹皮、甘蔗皮、水果皮。", "#n 此處的malu應指 [紋面]看起來會比較清晰、漂亮。"], "s_end": true, "iu_a_span": [null, null], "meta": {"topic": "tattoo2", "type": "Narrative", "language": "賽德克語, Seediq, Tgdaya", "speaker": "", "collected": "None", "revised": "None", "video": "None"}, "file": "Seediq_Tgdaya/None.txt", "num": 17}], [18, {"ori": [], "gloss": [["...(1.0)", "", ""], ["ma==", "FIL", "FIL"], ["m-eniq", "AF-be.at", "主焦-在"], ["ka", "NOM", "同上"], ["rupun", "tooth", "主格"], ["si", "say", "牙"], ["o==._", "FIL", "說"]], "free": ["#e And as for another custom, extracting (canine) teeth,", "#c 那麼我們另外一個缺齒的族規的話，"], "s_end": true, "iu_a_span": [null, null], "meta": {"topic": "tattoo2", "type": "Narrative", "language": "賽德克語, Seediq, Tgdaya", "speaker": "", "collected": "None", "revised": "None", "video": "None"}, "file": "Seediq_Tgdaya/None.txt", "num": 18}], [19, {"ori": [], "gloss": [["...(1.2)", "", ""], ["<L2JkireiL2J>", "beautiful", "漂亮"], ["qta-an", "look-LF", "看-處焦"], ["ka", "NOM", "主格"], ["rupun", "tooth", "牙"], ["uri", "also", "也"], ["o", "FIL", "FIL"], ["ngal-an", "take-LF", "拿-處焦"], ["waqi", "bucktooth", "獠牙"], ["mesa", "AF.say", "主焦.說"], ["ka", "NOM", "主格"], ["rudan", "elderly", "長者"], ["cbeyo.\\", "past", "以前"]], "free": ["#e Our ancestors said that we look beautiful after we extract our canine teeth.", "#c 我們把犬齒拔掉，看起來也是很漂亮的，我們的祖先是這麼說的。", "#n rupun waqi 二字合在一起指人的犬齒，waqi指的是動物的獠牙。"], "s_end": true, "iu_a_span": [null, null], "meta": {"topic": "tattoo2", "type": "Narrative", "language": "賽德克語, Seediq, Tgdaya", "speaker": "", "collected": "None", "revised": "None", "video": "None"}, "file": "Seediq_Tgdaya/None.txt", "num": 19}], [20, {"ori": [], "gloss": [["...(1.5)", "", ""], ["a.\\", "INT", "感嘆"]], "free": [], "s_end": false, "iu_a_span": [null, null], "meta": {"topic": "tattoo2", "type": "Narrative", "language": "賽德克語, Seediq, Tgdaya", "speaker": "", "collected": "None", "revised": "None", "video": "None"}, "file": "Seediq_Tgdaya/None.txt", "num": 20}], [21, {"ori": [], "gloss": [["..", "", ""], ["so", "be.like", "像"], ["uh", "FIL", "FIL"], ["kiya", "that", "那個"], ["naq", "self", "自己"], ["da.\\", "PFV.PART", "完成.語助詞"]], "free": ["#e Ah! That's all.", "#c 啊，就是這樣而已了。", "#n \"so kiya\"和 \"kiya naq\" 都是片語，可能本來要講so kiya但是後來改口講kiya nak。"], "s_end": true, "iu_a_span": [null, null], "meta": {"topic": "tattoo2", "type": "Narrative", "language": "賽德克語, Seediq, Tgdaya", "speaker": "", "collected": "None", "revised": "None", "video": "None"}, "file": "Seediq_Tgdaya/None.txt", "num": 21}]], "meta": {"topic": "tattoo2", "type": "Narrative", "language": "賽德克語, Seediq, Tgdaya", "speaker": "", "collected": "None", "revised": "None", "video": "None"}}