{"glosses": [[1, {"ori": [], "gloss": [["P:", "", ""], ["wada", "AUX.PST", "助動詞.過去"], ["gedang", "AF.die", "死"], ["kii.\\", "that", "那個"]], "free": ["#e He already died.", "#c 那位（他）已過世。"], "s_end": true, "iu_a_span": [0.57, 1.39], "meta": {"topic": "sdqCon-dialog2_ciwas_tiwas", "type": "Conversation", "language": "賽德克語, Seediq, Tgdaya", "speaker": "蔡茂琳, Pawan Nawi, female, 1915", "collected": "1991-08-16", "revised": "2014-7-17", "video": "sdqCon-dialog2_ciwas_tiwas.mp3"}, "s_a_span": [0.57, 1.39], "file": "Seediq_Tgdaya/sdqCon-dialog2_ciwas_tiwas", "num": 1}], [2, {"ori": [], "gloss": [["T:..", "", ""], ["wada", "AUX.PST", "助動詞.過去"], ["gedang", "AF.die", "主焦.死"], ["tikuh", "small", "小"], ["pawan", "PN", "PN"], ["nii", "this", "這個"], ["[kiya].\\", "that", "那個"]], "free": ["#e He died at the age when Pawan was small.", "#c 在這Pawan小的時候那位（他）就已過世。"], "s_end": true, "iu_a_span": [1.39, 1.47], "meta": {"topic": "sdqCon-dialog2_ciwas_tiwas", "type": "Conversation", "language": "賽德克語, Seediq, Tgdaya", "speaker": "蔡茂琳, Pawan Nawi, female, 1915", "collected": "1991-08-16", "revised": "2014-7-17", "video": "sdqCon-dialog2_ciwas_tiwas.mp3"}, "s_a_span": [1.39, 1.47], "file": "Seediq_Tgdaya/sdqCon-dialog2_ciwas_tiwas", "num": 2}], [3, {"ori": [], "gloss": [["P:", "", ""], ["[wada", "AUX.PST", "助動詞.過去"], ["m-]gedang", "AF-die", "主焦-死"], ["a", "FIL", "FIL"], ["tgdiyan.\\", "AF.fight", "主焦.打架"]], "free": ["#e He fought with others, and he died.", "#c 他因（與別人）打架而死去。"], "s_end": true, "iu_a_span": [1.47, 3.36], "meta": {"topic": "sdqCon-dialog2_ciwas_tiwas", "type": "Conversation", "language": "賽德克語, Seediq, Tgdaya", "speaker": "蔡茂琳, Pawan Nawi, female, 1915", "collected": "1991-08-16", "revised": "2014-7-17", "video": "sdqCon-dialog2_ciwas_tiwas.mp3"}, "s_a_span": [1.47, 3.36], "file": "Seediq_Tgdaya/sdqCon-dialog2_ciwas_tiwas", "num": 3}], [4, {"ori": [], "gloss": [["P:", "", ""], ["<L2Jsanzisai", "thirty.years.old", "三十歲"], ["guraiL2J>", "about", "大約"], ["gedang.\\", "AF.die", "主焦.死"]], "free": ["#e He was about thirty years old.", "#c 約死於30歲。"], "s_end": true, "iu_a_span": [3.36, 5.32], "meta": {"topic": "sdqCon-dialog2_ciwas_tiwas", "type": "Conversation", "language": "賽德克語, Seediq, Tgdaya", "speaker": "蔡茂琳, Pawan Nawi, female, 1915", "collected": "1991-08-16", "revised": "2014-7-17", "video": "sdqCon-dialog2_ciwas_tiwas.mp3"}, "s_a_span": [3.36, 5.32], "file": "Seediq_Tgdaya/sdqCon-dialog2_ciwas_tiwas", "num": 4}], [5, {"ori": [], "gloss": [["T:...(0.9)", "", ""], ["bsiyaq", "AF.long", "主焦.久"], ["riyung", "very", "非常"], ["m-uuic", "AF-sick", "主焦-生病"], ["da.\\", "PFV.PART", "完成.語助詞"]], "free": ["#e He was ill for a long time.", "#c (因打架的傷)身體羸弱很久。"], "s_end": true, "iu_a_span": [5.32, 7.61], "meta": {"topic": "sdqCon-dialog2_ciwas_tiwas", "type": "Conversation", "language": "賽德克語, Seediq, Tgdaya", "speaker": "蔡茂琳, Pawan Nawi, female, 1915", "collected": "1991-08-16", "revised": "2014-7-17", "video": "sdqCon-dialog2_ciwas_tiwas.mp3"}, "s_a_span": [5.32, 7.61], "file": "Seediq_Tgdaya/sdqCon-dialog2_ciwas_tiwas", "num": 5}], [6, {"ori": [], "gloss": [["D:", "", ""], ["laqi=su", "child=2SG.NOM", "小孩=2SG.主格"], ["ciida.\\", "at.that.time", "當時"]], "free": ["#e Were you a child at that time?", "#c 你（Pawan）那時還小嗎？"], "s_end": true, "iu_a_span": [7.61, 8.73], "meta": {"topic": "sdqCon-dialog2_ciwas_tiwas", "type": "Conversation", "language": "賽德克語, Seediq, Tgdaya", "speaker": "蔡茂琳, Pawan Nawi, female, 1915", "collected": "1991-08-16", "revised": "2014-7-17", "video": "sdqCon-dialog2_ciwas_tiwas.mp3"}, "s_a_span": [7.61, 8.73], "file": "Seediq_Tgdaya/sdqCon-dialog2_ciwas_tiwas", "num": 6}], [7, {"ori": [], "gloss": [["T:...", "", ""], ["laqi", "child", "小孩"], ["kana", "all", "全部"], ["deheya", "3PL", "這個"], ["nii", "this", "主焦-出力"], ["um-beyax", "AF-exert.strength", "自己"], ["naq", "self", "主焦-工作"], ["[m-eepah", "AF-work", "母親=3SG.屬格"], ["bubu=na].\\", "", ""]], "free": ["#e Their siblings were all small. Their mothers was very diligent (so that she could bring up children.)", "#c 他們（指Pawan的兄弟姐妹）都還小，他們的媽媽很能工作（才得以養育其子女）。"], "s_end": true, "iu_a_span": [8.73, 10.17], "meta": {"topic": "sdqCon-dialog2_ciwas_tiwas", "type": "Conversation", "language": "賽德克語, Seediq, Tgdaya", "speaker": "蔡茂琳, Pawan Nawi, female, 1915", "collected": "1991-08-16", "revised": "2014-7-17", "video": "sdqCon-dialog2_ciwas_tiwas.mp3"}, "s_a_span": [8.73, 10.17], "file": "Seediq_Tgdaya/sdqCon-dialog2_ciwas_tiwas", "num": 7}], [8, {"ori": [], "gloss": [["P:", "", ""], ["[yaku", "1SG", "1SG"], ["ka", "NOM", "主格"], ["m-maha]==.\\", "RED-AF.go", "重疊-主焦.去"]], "free": ["#e At that time I was still small. I went to do...", "#c 我那時還小，是我去做。"], "s_end": true, "iu_a_span": [10.17, 11.26], "meta": {"topic": "sdqCon-dialog2_ciwas_tiwas", "type": "Conversation", "language": "賽德克語, Seediq, Tgdaya", "speaker": "蔡茂琳, Pawan Nawi, female, 1915", "collected": "1991-08-16", "revised": "2014-7-17", "video": "sdqCon-dialog2_ciwas_tiwas.mp3"}, "s_a_span": [10.17, 11.26], "file": "Seediq_Tgdaya/sdqCon-dialog2_ciwas_tiwas", "num": 8}], [9, {"ori": [], "gloss": [["P:...(0.7)", "", ""], ["maha", "AF.go", "主焦.去"], ["theyaq", "AF.follow", "主焦.跟隨"], ["tikuh", "a.little", "一點"], ["a", "FIL", "FIL"], ["phuling", "AF.hunt.with.dogs", "主焦.狗獵"], ["ka", "NOM", "主格"], ["uq-an=daha", "eat-LF=3PL.GEN", "吃-處焦=3PL.屬格"], ["camac.\\", "animal", "動物"]], "free": ["#e At that time, I went with elders to hunt game for us to eat.", "#c （那時）家裡有獵物可食用是由我跟隨族人去打獵而得的。"], "s_end": true, "iu_a_span": [11.26, 13.72], "meta": {"topic": "sdqCon-dialog2_ciwas_tiwas", "type": "Conversation", "language": "賽德克語, Seediq, Tgdaya", "speaker": "蔡茂琳, Pawan Nawi, female, 1915", "collected": "1991-08-16", "revised": "2014-7-17", "video": "sdqCon-dialog2_ciwas_tiwas.mp3"}, "s_a_span": [11.26, 13.72], "file": "Seediq_Tgdaya/sdqCon-dialog2_ciwas_tiwas", "num": 9}], [10, {"ori": [], "gloss": [["P:...(0.7)", "", ""], ["kii", "that", "那個"], ["ini=ku", "NEG=1SG.NOM", "否定-=SG.主格"], ["[XX],\\", "XX", "XX"]], "free": [], "s_end": false, "iu_a_span": [13.72, 17.75], "meta": {"topic": "sdqCon-dialog2_ciwas_tiwas", "type": "Conversation", "language": "賽德克語, Seediq, Tgdaya", "speaker": "蔡茂琳, Pawan Nawi, female, 1915", "collected": "1991-08-16", "revised": "2014-7-17", "video": "sdqCon-dialog2_ciwas_tiwas.mp3"}, "file": "Seediq_Tgdaya/sdqCon-dialog2_ciwas_tiwas", "num": 10}], [11, {"ori": [], "gloss": [["T:", "", ""], ["[ye=su", "Q=2SG.NOM", "疑問=2SG.主格"], ["^paru]", "AF.big", "主焦.大"], ["kii", "that", "那個"], ["di", "PFV.PART", "完成.語助詞"], ["uxe=su", "NEG=2SG.NOM", "否定=2SG.主格"], ["[maha", "AF.go", "主焦.去"], ["tikuh", "a.little", "一點"], ["han].\\", "first", "先"]], "free": ["#e It should be after you had grown up. How can you go hunting in such a small age?", "#c 那（隨族人去打獵）應是你長大後的事了吧，你小時候不可能去。"], "s_end": true, "iu_a_span": [17.75, 18.03], "meta": {"topic": "sdqCon-dialog2_ciwas_tiwas", "type": "Conversation", "language": "賽德克語, Seediq, Tgdaya", "speaker": "蔡茂琳, Pawan Nawi, female, 1915", "collected": "1991-08-16", "revised": "2014-7-17", "video": "sdqCon-dialog2_ciwas_tiwas.mp3"}, "s_a_span": [13.72, 18.03], "file": "Seediq_Tgdaya/sdqCon-dialog2_ciwas_tiwas", "num": 11}], [12, {"ori": [], "gloss": [["P:", "", ""], ["ini", "NEG", "否定"], ["wa", "PART", "語助詞"], ["kndalax=ku", "AF.from=1SG.NOM", "主焦.從=1SG.主格"], ["s-biciq", "S-AF.small", "S-主焦.小"], ["ini=ku", "NEG=1SG.NOM", "否定=1SG.主格"], ["keepah", "work", "工作"], ["han.\\", "first", "先"]], "free": ["#e I did, I rarely did farmwork when I was young.", "#c 不是哦，我從小經常不做農務。"], "s_end": true, "iu_a_span": [18.03, 20.25], "meta": {"topic": "sdqCon-dialog2_ciwas_tiwas", "type": "Conversation", "language": "賽德克語, Seediq, Tgdaya", "speaker": "蔡茂琳, Pawan Nawi, female, 1915", "collected": "1991-08-16", "revised": "2014-7-17", "video": "sdqCon-dialog2_ciwas_tiwas.mp3"}, "s_a_span": [18.03, 20.25], "file": "Seediq_Tgdaya/sdqCon-dialog2_ciwas_tiwas", "num": 12}], [13, {"ori": [], "gloss": [["P:", "", ""], ["wana", "only", "只"], ["tikuh", "AF.small", "主焦.小"], ["qolic", "mouse", "老鼠"], ["sdrapan=mu", "chase-LF=1SG.GEN", "追-處焦=1SG.屬格"], ["ma.\\", "then", "然後"]], "free": ["#e and I played chasing mouse since small,", "#c 而從小就以獵田鼠為樂。"], "s_end": true, "iu_a_span": [20.25, 22.76], "meta": {"topic": "sdqCon-dialog2_ciwas_tiwas", "type": "Conversation", "language": "賽德克語, Seediq, Tgdaya", "speaker": "蔡茂琳, Pawan Nawi, female, 1915", "collected": "1991-08-16", "revised": "2014-7-17", "video": "sdqCon-dialog2_ciwas_tiwas.mp3"}, "s_a_span": [20.25, 22.76], "file": "Seediq_Tgdaya/sdqCon-dialog2_ciwas_tiwas", "num": 13}], [14, {"ori": [], "gloss": [["P:...(1.3)", "", ""], ["m-usa=ku", "AF-go=1SG.NOM", "主焦-去=1SG.主格"], ["theyaq", "AF.follow", "主焦.跟隨"], ["phuling", "AF.hunt.with.dogs", "主焦.狗獵"], ["seediq", "people", "人"], ["peni.\\", "PART", "語助詞"]], "free": ["#e I followed elders to go hunting.", "#c 且跟著族人們去狩獵。"], "s_end": true, "iu_a_span": [22.76, 26.5], "meta": {"topic": "sdqCon-dialog2_ciwas_tiwas", "type": "Conversation", "language": "賽德克語, Seediq, Tgdaya", "speaker": "蔡茂琳, Pawan Nawi, female, 1915", "collected": "1991-08-16", "revised": "2014-7-17", "video": "sdqCon-dialog2_ciwas_tiwas.mp3"}, "s_a_span": [22.76, 26.5], "file": "Seediq_Tgdaya/sdqCon-dialog2_ciwas_tiwas", "num": 14}], [15, {"ori": [], "gloss": [["D:...", "", ""], ["ano.\\", "only", "只"]], "free": [], "s_end": false, "iu_a_span": [26.5, 28.53], "meta": {"topic": "sdqCon-dialog2_ciwas_tiwas", "type": "Conversation", "language": "賽德克語, Seediq, Tgdaya", "speaker": "蔡茂琳, Pawan Nawi, female, 1915", "collected": "1991-08-16", "revised": "2014-7-17", "video": "sdqCon-dialog2_ciwas_tiwas.mp3"}, "file": "Seediq_Tgdaya/sdqCon-dialog2_ciwas_tiwas", "num": 15}], [16, {"ori": [], "gloss": [["D:..", "", ""], ["ano", "only", "只"], ["ba", "real", "真的"], ["[kingan", "one", "一"], ["<L2MceceL2M>=su", "elder.sister=2SG.GEN", "姊姊=2SG.屬格"], ["na].\\", "PART", "語助詞"]], "free": ["#e Do you only have one elder sister?", "#c 你(Pawan)僅有一位姐姐是嗎？"], "s_end": true, "iu_a_span": [28.53, 29.23], "meta": {"topic": "sdqCon-dialog2_ciwas_tiwas", "type": "Conversation", "language": "賽德克語, Seediq, Tgdaya", "speaker": "蔡茂琳, Pawan Nawi, female, 1915", "collected": "1991-08-16", "revised": "2014-7-17", "video": "sdqCon-dialog2_ciwas_tiwas.mp3"}, "s_a_span": [26.5, 29.23], "file": "Seediq_Tgdaya/sdqCon-dialog2_ciwas_tiwas", "num": 16}], [17, {"ori": [], "gloss": [["T:", "", ""], ["[m-aha=su", "AF.go=2SG.NOM", "主焦.去=2SG.主格"], ["^inu].\\", "where", "哪裡"]], "free": [], "s_end": false, "iu_a_span": [29.23, 29.86], "meta": {"topic": "sdqCon-dialog2_ciwas_tiwas", "type": "Conversation", "language": "賽德克語, Seediq, Tgdaya", "speaker": "蔡茂琳, Pawan Nawi, female, 1915", "collected": "1991-08-16", "revised": "2014-7-17", "video": "sdqCon-dialog2_ciwas_tiwas.mp3"}, "file": "Seediq_Tgdaya/sdqCon-dialog2_ciwas_tiwas", "num": 17}], [18, {"ori": [], "gloss": [["T:", "", ""], ["maha=su", "AF.go=2SG.NOM", "主焦.去=2SG.主格"], ["inu", "where", "哪裡"], ["q<m>api", "<AF>put.trap", "<主焦>放陷阱主格"], ["ka", "NOM", "當時=2SG.屬格"], ["knahani=su", "that.time=2SG.GEN", "遺棄-LF=2SG.主格"], ["htiy-an=su", "leave-LF=2SG.NOM", "主焦-丟下"], ["m-alax", "AF-discard", "屬格"], ["na", "GEN", "父親=2SG.屬格"], ["tama=su", "father=2SG.GEN", "完成.語助詞"], ["di", "PFV.PART", "語助詞"], ["peni", "PART", "人名"], ["Pawan", "PN", "主焦.小=2SG.主格"], ["tikuh=su", "AF.small=2SG.NOM", "先"], ["han.\\", "", ""]], "free": ["#e How can you go to hunt? You are too small to put a trap at that time. Pawan, when your father left you, you were still small.", "#c 怎麼可能去（狩獵）..你（當時）年紀那麼小怎麼可能去放陷阱，Pawan你父親丟下你的時候（指你父親早逝），你還小。"], "s_end": true, "iu_a_span": [29.86, 31.12], "meta": {"topic": "sdqCon-dialog2_ciwas_tiwas", "type": "Conversation", "language": "賽德克語, Seediq, Tgdaya", "speaker": "蔡茂琳, Pawan Nawi, female, 1915", "collected": "1991-08-16", "revised": "2014-7-17", "video": "sdqCon-dialog2_ciwas_tiwas.mp3"}, "s_a_span": [29.23, 31.12], "file": "Seediq_Tgdaya/sdqCon-dialog2_ciwas_tiwas", "num": 18}], [19, {"ori": [], "gloss": [["P:", "", ""], ["tena=ku", "already=1SG.NOM", "已經=1SG.主格"], ["mke--", "FS", "FS"], ["tena=ku", "already=1SG.NOM", "已經=1SG.主格"], ["m-angan", "AF-take", "主焦-拿"], ["m-angan=miyan", "AF-take=1EPL.NOM", "主焦-拿=1EPL.主格"], ["sume", "bear", "熊"], ["a", "FIL", "FIL"], ["awi", "PN", "人名"], ["takun", "PN", "人名"], ["m-uudus", "AF-alive", "主焦-活"], ["na", "still", "還"], ["han.\\", "first", "先"]], "free": ["#e At that time when Awi Takun was alive, I had already hunted a bear.", "#c Awi Takun還活著時（那時）我已經獵到熊了。"], "s_end": true, "iu_a_span": [31.12, 35.84], "meta": {"topic": "sdqCon-dialog2_ciwas_tiwas", "type": "Conversation", "language": "賽德克語, Seediq, Tgdaya", "speaker": "蔡茂琳, Pawan Nawi, female, 1915", "collected": "1991-08-16", "revised": "2014-7-17", "video": "sdqCon-dialog2_ciwas_tiwas.mp3"}, "s_a_span": [31.12, 35.84], "file": "Seediq_Tgdaya/sdqCon-dialog2_ciwas_tiwas", "num": 19}], [20, {"ori": [], "gloss": [["T:..", "", ""], ["m-uudus", "AF-alive", "主焦-活"], ["m-uudus", "AF-alive", "主焦-活"], ["tama=su", "father=2SG.GEN", "父親=2SG.屬格"], ["[siida", "at.that.time", "當時"], ["na].\\", "still", "還"]], "free": ["#e Were your father still alive at that time?", "#c （那時）你父親還健在嗎？"], "s_end": true, "iu_a_span": [35.84, 39.47], "meta": {"topic": "sdqCon-dialog2_ciwas_tiwas", "type": "Conversation", "language": "賽德克語, Seediq, Tgdaya", "speaker": "蔡茂琳, Pawan Nawi, female, 1915", "collected": "1991-08-16", "revised": "2014-7-17", "video": "sdqCon-dialog2_ciwas_tiwas.mp3"}, "s_a_span": [35.84, 39.47], "file": "Seediq_Tgdaya/sdqCon-dialog2_ciwas_tiwas", "num": 20}], [21, {"ori": [], "gloss": [["P:", "", ""], ["[m-uudus", "AF-alive", "主焦-活"], ["na]", "still", "還"], ["ma", "then", "然後"], ["bobo.na", "afterwards", "之後"], ["dung", "again", "再"], ["m-usa=ku", "AF-go=1SG.NOM", "主焦-去=1SG.主格"], ["m-angan", "AF-take", "主焦-拿"], ["sume", "bear", "熊"], ["yami", "1EPL", "1EPL"], ["ka", "NOM", "主格"], ["pawan", "PN", "人名"], ["muhing", "PN", "人名"], ["dungan.\\", "again", "再"]], "free": ["#e He was still alive. After that, I hunt another bear with Pawan Muhing.", "#c 我父親還健在..之後我又與Pawan Muhing協力獵到熊（另一隻）。"], "s_end": true, "iu_a_span": [39.47, 40.45], "meta": {"topic": "sdqCon-dialog2_ciwas_tiwas", "type": "Conversation", "language": "賽德克語, Seediq, Tgdaya", "speaker": "蔡茂琳, Pawan Nawi, female, 1915", "collected": "1991-08-16", "revised": "2014-7-17", "video": "sdqCon-dialog2_ciwas_tiwas.mp3"}, "s_a_span": [39.47, 40.45], "file": "Seediq_Tgdaya/sdqCon-dialog2_ciwas_tiwas", "num": 21}], [22, {"ori": [], "gloss": [["T:..", "", ""], ["un", "yes", "是"], ["asi", "immediately", "立刻"], ["mssneg-un=namu", "hunt-PF=2PL.GEN", "獵-受焦=2PL.屬格"], ["daha", "two", "二"], ["awi", "PN", "人名"], ["[takun", "PN", "人名"], ["mangan", "AF-take", "主焦-拿"], ["a==", "FIL", "FIL"], ["sume]", "bear", "熊"], ["siida", "at.that.time", "當時"], ["na.\\", "PART", "語助詞"]], "free": ["#e yes, I remember you caught bear twice in a row with Awi Takun and others.", "#c 是的（我曉得）..那時候你相繼與Awi Takun他們獵獲熊。"], "s_end": true, "iu_a_span": [40.45, 44.09], "meta": {"topic": "sdqCon-dialog2_ciwas_tiwas", "type": "Conversation", "language": "賽德克語, Seediq, Tgdaya", "speaker": "蔡茂琳, Pawan Nawi, female, 1915", "collected": "1991-08-16", "revised": "2014-7-17", "video": "sdqCon-dialog2_ciwas_tiwas.mp3"}, "s_a_span": [40.45, 44.09], "file": "Seediq_Tgdaya/sdqCon-dialog2_ciwas_tiwas", "num": 22}], [23, {"ori": [], "gloss": [["P:", "", ""], ["[un", "yes", "是"], ["XX].\\", "", ""]], "free": ["#e Yes.", "#c 是的。"], "s_end": true, "iu_a_span": [44.09, 45.69], "meta": {"topic": "sdqCon-dialog2_ciwas_tiwas", "type": "Conversation", "language": "賽德克語, Seediq, Tgdaya", "speaker": "蔡茂琳, Pawan Nawi, female, 1915", "collected": "1991-08-16", "revised": "2014-7-17", "video": "sdqCon-dialog2_ciwas_tiwas.mp3"}, "s_a_span": [44.09, 45.69], "file": "Seediq_Tgdaya/sdqCon-dialog2_ciwas_tiwas", "num": 23}], [24, {"ori": [], "gloss": [["D:", "", ""], ["wada=su", "AUX.PST=2SG.NOM", "助動詞.過去=2SG.主格"], ["<L2JnansayL2J>", "what.age", "幾歲"], ["m-usa", "AF-go", "主焦-去"], ["snegun", "AF.hunt", "主焦.獵"], ["deheya.\\", "3PL", "3PL"]], "free": ["#e About what age did you go hunting with elders?", "#c 你跟隨他們（狩獵）時是幾歲呢？"], "s_end": true, "iu_a_span": [45.69, 47.51], "meta": {"topic": "sdqCon-dialog2_ciwas_tiwas", "type": "Conversation", "language": "賽德克語, Seediq, Tgdaya", "speaker": "蔡茂琳, Pawan Nawi, female, 1915", "collected": "1991-08-16", "revised": "2014-7-17", "video": "sdqCon-dialog2_ciwas_tiwas.mp3"}, "s_a_span": [45.69, 47.51], "file": "Seediq_Tgdaya/sdqCon-dialog2_ciwas_tiwas", "num": 24}], [25, {"ori": [], "gloss": [["P:..", "", ""], ["ma", "then", "然後"], ["<L2J[jyuni]say", "twelve.years.old", "十二歲"], ["jyuisay", "elevent.years", "十一歲"], ["atari", "about", "大約"], ["yoL2J>.\\", "PART", "語助詞"]], "free": ["#e About twelve or eleven.", "#c 約12或11歲。"], "s_end": true, "iu_a_span": [47.51, 49.22], "meta": {"topic": "sdqCon-dialog2_ciwas_tiwas", "type": "Conversation", "language": "賽德克語, Seediq, Tgdaya", "speaker": "蔡茂琳, Pawan Nawi, female, 1915", "collected": "1991-08-16", "revised": "2014-7-17", "video": "sdqCon-dialog2_ciwas_tiwas.mp3"}, "s_a_span": [47.51, 49.22], "file": "Seediq_Tgdaya/sdqCon-dialog2_ciwas_tiwas", "num": 25}], [26, {"ori": [], "gloss": [["D:", "", ""], ["[<L2JjyunisayL2J>].\\", "twelve.years", "十二歲"]], "free": ["#e twelve?", "#c 12歲？"], "s_end": true, "iu_a_span": [49.22, 50.2], "meta": {"topic": "sdqCon-dialog2_ciwas_tiwas", "type": "Conversation", "language": "賽德克語, Seediq, Tgdaya", "speaker": "蔡茂琳, Pawan Nawi, female, 1915", "collected": "1991-08-16", "revised": "2014-7-17", "video": "sdqCon-dialog2_ciwas_tiwas.mp3"}, "s_a_span": [49.22, 50.2], "file": "Seediq_Tgdaya/sdqCon-dialog2_ciwas_tiwas", "num": 26}], [27, {"ori": [], "gloss": [["D:...", "", ""], ["o==.\\", "FIL", "FIL"]], "free": [], "s_end": false, "iu_a_span": [50.2, 52.39], "meta": {"topic": "sdqCon-dialog2_ciwas_tiwas", "type": "Conversation", "language": "賽德克語, Seediq, Tgdaya", "speaker": "蔡茂琳, Pawan Nawi, female, 1915", "collected": "1991-08-16", "revised": "2014-7-17", "video": "sdqCon-dialog2_ciwas_tiwas.mp3"}, "file": "Seediq_Tgdaya/sdqCon-dialog2_ciwas_tiwas", "num": 27}], [28, {"ori": [], "gloss": [["T:", "", ""], ["<L2Jjyunisay", "twelve.years.old", "十二歲"], ["[jyusang", "thirteen", "十三"], ["gurai", "about", "大約"], ["yoL2J>].\\", "PART", "語助詞"]], "free": ["#e it should be about twelve or thirteen", "#c 約12、13（歲）吧。"], "s_end": true, "iu_a_span": [52.39, 52.94], "meta": {"topic": "sdqCon-dialog2_ciwas_tiwas", "type": "Conversation", "language": "賽德克語, Seediq, Tgdaya", "speaker": "蔡茂琳, Pawan Nawi, female, 1915", "collected": "1991-08-16", "revised": "2014-7-17", "video": "sdqCon-dialog2_ciwas_tiwas.mp3"}, "s_a_span": [50.2, 52.94], "file": "Seediq_Tgdaya/sdqCon-dialog2_ciwas_tiwas", "num": 28}], [29, {"ori": [], "gloss": [["P:", "", ""], ["[<L2Jjyuuni", "twelve", "十二"], ["X", "", ""], ["nisayL2J>].\\", "two.years", "二歲"]], "free": [], "s_end": false, "iu_a_span": [52.94, 53.59], "meta": {"topic": "sdqCon-dialog2_ciwas_tiwas", "type": "Conversation", "language": "賽德克語, Seediq, Tgdaya", "speaker": "蔡茂琳, Pawan Nawi, female, 1915", "collected": "1991-08-16", "revised": "2014-7-17", "video": "sdqCon-dialog2_ciwas_tiwas.mp3"}, "file": "Seediq_Tgdaya/sdqCon-dialog2_ciwas_tiwas", "num": 29}], [30, {"ori": [], "gloss": [["T:..", "", ""], ["uxe=su", "NEG=2SG.NOM", "否定=2SG.主格"], ["ba", "real", "真的"], ["[pkela", "know", "知道"], ["biciq", "AF.small", "主焦.小"], ["ba", "real", "真的"], ["<L2JjyuiciL2J>]", "eleven", "十一"], ["na", "still", "還"], ["wa.\\", "PART", "語助詞"]], "free": ["#e How was it possible? Eleven years old is too small to go hunting.", "#c 你不可能會（打獵）..11（歲）太小了，"], "s_end": true, "iu_a_span": [53.59, 54.9], "meta": {"topic": "sdqCon-dialog2_ciwas_tiwas", "type": "Conversation", "language": "賽德克語, Seediq, Tgdaya", "speaker": "蔡茂琳, Pawan Nawi, female, 1915", "collected": "1991-08-16", "revised": "2014-7-17", "video": "sdqCon-dialog2_ciwas_tiwas.mp3"}, "s_a_span": [52.94, 54.9], "file": "Seediq_Tgdaya/sdqCon-dialog2_ciwas_tiwas", "num": 30}], [31, {"ori": [], "gloss": [["P:", "", ""], ["[XXX]", "XXX", "XXX"]], "free": [], "s_end": false, "iu_a_span": [54.9, 55.31], "meta": {"topic": "sdqCon-dialog2_ciwas_tiwas", "type": "Conversation", "language": "賽德克語, Seediq, Tgdaya", "speaker": "蔡茂琳, Pawan Nawi, female, 1915", "collected": "1991-08-16", "revised": "2014-7-17", "video": "sdqCon-dialog2_ciwas_tiwas.mp3"}, "file": "Seediq_Tgdaya/sdqCon-dialog2_ciwas_tiwas", "num": 31}], [32, {"ori": [], "gloss": [["T:...(1.3)", "", ""], ["<L2J[jyusang]", "thirteen", "十三"], ["guraiL2J>", "about", "大約"], ["da", "PART", "語助詞"], ["maha", "AUX.FUT", "助動詞.未來"], ["kii", "that", "那個"], ["m-aha=su", "AUX.FUT=2SG.NOM", "助動詞.未來=2SG.主格"], ["m-kela", "AF-know", "主焦-知道"], ["hari", "a.little", "一點"], ["di.\\", "PFV.PART", "完成.語助詞"]], "free": ["#e You should have been thirteen or fourteen when you learn a little hunting skill.", "#c 約13歲左右你才會稍懂得狩獵。"], "s_end": true, "iu_a_span": [55.31, 58.56], "meta": {"topic": "sdqCon-dialog2_ciwas_tiwas", "type": "Conversation", "language": "賽德克語, Seediq, Tgdaya", "speaker": "蔡茂琳, Pawan Nawi, female, 1915", "collected": "1991-08-16", "revised": "2014-7-17", "video": "sdqCon-dialog2_ciwas_tiwas.mp3"}, "s_a_span": [54.9, 58.56], "file": "Seediq_Tgdaya/sdqCon-dialog2_ciwas_tiwas", "num": 32}], [33, {"ori": [], "gloss": [["D:", "", ""], ["[ma].\\", "then", "然後"]], "free": [], "s_end": false, "iu_a_span": [58.56, 58.81], "meta": {"topic": "sdqCon-dialog2_ciwas_tiwas", "type": "Conversation", "language": "賽德克語, Seediq, Tgdaya", "speaker": "蔡茂琳, Pawan Nawi, female, 1915", "collected": "1991-08-16", "revised": "2014-7-17", "video": "sdqCon-dialog2_ciwas_tiwas.mp3"}, "file": "Seediq_Tgdaya/sdqCon-dialog2_ciwas_tiwas", "num": 33}], [34, {"ori": [], "gloss": [["D:", "", ""], ["um.\\", "FIL", "FIL"]], "free": [], "s_end": false, "iu_a_span": [58.81, 61.32], "meta": {"topic": "sdqCon-dialog2_ciwas_tiwas", "type": "Conversation", "language": "賽德克語, Seediq, Tgdaya", "speaker": "蔡茂琳, Pawan Nawi, female, 1915", "collected": "1991-08-16", "revised": "2014-7-17", "video": "sdqCon-dialog2_ciwas_tiwas.mp3"}, "file": "Seediq_Tgdaya/sdqCon-dialog2_ciwas_tiwas", "num": 34}], [35, {"ori": [], "gloss": [["P:", "", ""], ["ini", "NEG", "否定"], ["wada=ku", "AUX.PST=1SG.NOM", "助動詞.過去=1SG.主格"], ["<L2JjyuisaiL2J>", "eleven.years.old", "十一歲"], ["hari", "a.little", "一點"]], "free": [], "s_end": false, "iu_a_span": [61.32, 62.13], "meta": {"topic": "sdqCon-dialog2_ciwas_tiwas", "type": "Conversation", "language": "賽德克語, Seediq, Tgdaya", "speaker": "蔡茂琳, Pawan Nawi, female, 1915", "collected": "1991-08-16", "revised": "2014-7-17", "video": "sdqCon-dialog2_ciwas_tiwas.mp3"}, "file": "Seediq_Tgdaya/sdqCon-dialog2_ciwas_tiwas", "num": 35}], [36, {"ori": [], "gloss": [["P:", "", ""], ["seung=ku", "height=1SG.NOM", "個子=1SG.主格"], ["naq", "self", "自己"], ["paru.\\", "AF.big", "主焦.大"]], "free": ["#e Yes, I was really about twelve, my height was tall enough you know.", "#c 不，我約11（歲），我本來就個兒高大。"], "s_end": true, "iu_a_span": [62.13, 63.76], "meta": {"topic": "sdqCon-dialog2_ciwas_tiwas", "type": "Conversation", "language": "賽德克語, Seediq, Tgdaya", "speaker": "蔡茂琳, Pawan Nawi, female, 1915", "collected": "1991-08-16", "revised": "2014-7-17", "video": "sdqCon-dialog2_ciwas_tiwas.mp3"}, "s_a_span": [58.56, 63.76], "file": "Seediq_Tgdaya/sdqCon-dialog2_ciwas_tiwas", "num": 36}], [37, {"ori": [], "gloss": [["T:...(0.7)", "", ""], ["ani", "although", "即使"], ["naq", "self", "自己"], ["paru", "AF.big", "主焦.大"], ["wa.\\", "PART", "語助詞"]], "free": ["#e Even if you are tall...", "#c 即使個兒高大也.."], "s_end": true, "iu_a_span": [63.76, 65.35], "meta": {"topic": "sdqCon-dialog2_ciwas_tiwas", "type": "Conversation", "language": "賽德克語, Seediq, Tgdaya", "speaker": "蔡茂琳, Pawan Nawi, female, 1915", "collected": "1991-08-16", "revised": "2014-7-17", "video": "sdqCon-dialog2_ciwas_tiwas.mp3"}, "s_a_span": [63.76, 65.35], "file": "Seediq_Tgdaya/sdqCon-dialog2_ciwas_tiwas", "num": 37}], [38, {"ori": [], "gloss": [["D:...", "", ""], ["wada", "AUX.PST", "助動詞.過去"], ["huwa", "AF.how", "主焦.怎麼"], ["mesa.\\", "AF.say", "主焦.說"]], "free": [], "s_end": false, "iu_a_span": [65.35, 67.03], "meta": {"topic": "sdqCon-dialog2_ciwas_tiwas", "type": "Conversation", "language": "賽德克語, Seediq, Tgdaya", "speaker": "蔡茂琳, Pawan Nawi, female, 1915", "collected": "1991-08-16", "revised": "2014-7-17", "video": "sdqCon-dialog2_ciwas_tiwas.mp3"}, "file": "Seediq_Tgdaya/sdqCon-dialog2_ciwas_tiwas", "num": 38}], [39, {"ori": [], "gloss": [["D:..", "", ""], ["wada", "AUX.PST", "助動詞.過去"], ["hu--", "FS", "FS"], ["wada", "AUX.PST", "助動詞.過去"], ["m-huqin", "AF-die", "主焦-死"], ["maanu", "what", "什麼"], ["tama=su", "father=2SG.GEN", "父親=2SG.屬格"], ["wa=mu", "PROG=1SG.GEN", "進行=1SG.屬格"], ["ini", "NEG", "否定"], ["hunuy", "PROG=1SG.GEN", "剛才"], ["<L2MluL2M>", "just.a.while.ago", "錄"], ["saya.\\", "record", "現在"]], "free": ["#e I have not recorded yet how your father died.", "#c 是如何..你父親是因何過世，我剛才尚未錄得。"], "s_end": true, "iu_a_span": [67.03, 67.77], "meta": {"topic": "sdqCon-dialog2_ciwas_tiwas", "type": "Conversation", "language": "賽德克語, Seediq, Tgdaya", "speaker": "蔡茂琳, Pawan Nawi, female, 1915", "collected": "1991-08-16", "revised": "2014-7-17", "video": "sdqCon-dialog2_ciwas_tiwas.mp3"}, "s_a_span": [65.35, 67.77], "file": "Seediq_Tgdaya/sdqCon-dialog2_ciwas_tiwas", "num": 39}], [40, {"ori": [], "gloss": [["P:", "", ""], ["m-kel[a==].\\", "AF-know", "主焦-知道"]], "free": ["#e I see.", "#c 知道。"], "s_end": true, "iu_a_span": [67.77, 70.75], "meta": {"topic": "sdqCon-dialog2_ciwas_tiwas", "type": "Conversation", "language": "賽德克語, Seediq, Tgdaya", "speaker": "蔡茂琳, Pawan Nawi, female, 1915", "collected": "1991-08-16", "revised": "2014-7-17", "video": "sdqCon-dialog2_ciwas_tiwas.mp3"}, "s_a_span": [67.77, 70.75], "file": "Seediq_Tgdaya/sdqCon-dialog2_ciwas_tiwas", "num": 40}], [41, {"ori": [], "gloss": [["D:..", "", ""], ["[bleyaq]", "AF.good", "主焦.好"], ["r<m>engo", "<AF>speak", "<主焦>說"], ["wa", "PART", "語助詞"], ["peeyah", "from", "從"], ["pusu.\\", "origin", "源頭"]], "free": ["#e Tell me in detail from the beginning.", "#c 請詳述，從頭說。"], "s_end": true, "iu_a_span": [70.75, 71.24], "meta": {"topic": "sdqCon-dialog2_ciwas_tiwas", "type": "Conversation", "language": "賽德克語, Seediq, Tgdaya", "speaker": "蔡茂琳, Pawan Nawi, female, 1915", "collected": "1991-08-16", "revised": "2014-7-17", "video": "sdqCon-dialog2_ciwas_tiwas.mp3"}, "s_a_span": [70.75, 71.24], "file": "Seediq_Tgdaya/sdqCon-dialog2_ciwas_tiwas", "num": 41}], [42, {"ori": [], "gloss": [["P:...(0.9)", "", ""], ["wada", "AUX.PST", "助動詞.過去"], ["m-huqin", "AF-die", "主焦-死"], ["tgdiy-an=daha.\\", "fight-LF=3PL.GEN", "打架-處焦=3PL.屬格"]], "free": ["#e Since he was beaten by others, he died", "#c 因（家父）與其他族人鬥毆而死的。"], "s_end": true, "iu_a_span": [71.24, 73.44], "meta": {"topic": "sdqCon-dialog2_ciwas_tiwas", "type": "Conversation", "language": "賽德克語, Seediq, Tgdaya", "speaker": "蔡茂琳, Pawan Nawi, female, 1915", "collected": "1991-08-16", "revised": "2014-7-17", "video": "sdqCon-dialog2_ciwas_tiwas.mp3"}, "s_a_span": [71.24, 73.44], "file": "Seediq_Tgdaya/sdqCon-dialog2_ciwas_tiwas", "num": 42}], [43, {"ori": [], "gloss": [["D:...", "", ""], ["maanu", "what", "什麼"], ["[pusu=daha].\\", "origin=3PL.GEN", "源頭=3SG.屬格"]], "free": ["#e What is the reason they beat your father.", "#c 他們鬥毆的原因是什麼呢？"], "s_end": true, "iu_a_span": [73.44, 75.67], "meta": {"topic": "sdqCon-dialog2_ciwas_tiwas", "type": "Conversation", "language": "賽德克語, Seediq, Tgdaya", "speaker": "蔡茂琳, Pawan Nawi, female, 1915", "collected": "1991-08-16", "revised": "2014-7-17", "video": "sdqCon-dialog2_ciwas_tiwas.mp3"}, "s_a_span": [73.44, 75.67], "file": "Seediq_Tgdaya/sdqCon-dialog2_ciwas_tiwas", "num": 43}], [44, {"ori": [], "gloss": [["P:..", "", ""], ["[wada", "AUX.PST", "助動詞.過去"], ["tkan-un]", "beat-PF", "鎚擊-受焦"], ["ceru.\\", "mallet", "杵"]], "free": ["#e He was pounded by mallet.", "#c （家父）被對方用杵具鎚擊。"], "s_end": true, "iu_a_span": [75.67, 75.89], "meta": {"topic": "sdqCon-dialog2_ciwas_tiwas", "type": "Conversation", "language": "賽德克語, Seediq, Tgdaya", "speaker": "蔡茂琳, Pawan Nawi, female, 1915", "collected": "1991-08-16", "revised": "2014-7-17", "video": "sdqCon-dialog2_ciwas_tiwas.mp3"}, "s_a_span": [75.67, 75.89], "file": "Seediq_Tgdaya/sdqCon-dialog2_ciwas_tiwas", "num": 44}], [45, {"ori": [], "gloss": [["D:...(1.2)", "", ""], ["maanu", "what", "什麼"], ["pusu=daha.\\", "origin=3PL.GEN", "源頭=3PL.屬格"]], "free": ["#e What is the reason they beat your father.", "#c 他們鬥毆的原因是什麼呢？"], "s_end": true, "iu_a_span": [75.89, 77.08], "meta": {"topic": "sdqCon-dialog2_ciwas_tiwas", "type": "Conversation", "language": "賽德克語, Seediq, Tgdaya", "speaker": "蔡茂琳, Pawan Nawi, female, 1915", "collected": "1991-08-16", "revised": "2014-7-17", "video": "sdqCon-dialog2_ciwas_tiwas.mp3"}, "s_a_span": [75.89, 77.08], "file": "Seediq_Tgdaya/sdqCon-dialog2_ciwas_tiwas", "num": 45}], [46, {"ori": [], "gloss": [["P:...(1.1)", "", ""], ["XXXXX", "", ""]], "free": [], "s_end": false, "iu_a_span": [77.08, 79.0], "meta": {"topic": "sdqCon-dialog2_ciwas_tiwas", "type": "Conversation", "language": "賽德克語, Seediq, Tgdaya", "speaker": "蔡茂琳, Pawan Nawi, female, 1915", "collected": "1991-08-16", "revised": "2014-7-17", "video": "sdqCon-dialog2_ciwas_tiwas.mp3"}, "file": "Seediq_Tgdaya/sdqCon-dialog2_ciwas_tiwas", "num": 46}], [47, {"ori": [], "gloss": [["P:..", "", ""], ["mona", "PN", "人名"], ["rudo", "PN", "人名"], ["ye", "Q", "疑問"], ["mona", "PN", "人名"], ["rudo", "PN", "人名"], ["ye", "Q", "疑問"], ["m-kuni", "AF-angry", "主焦-爭執"], ["han", "first", "先"], ["ma.\\", "then", "然後"]], "free": ["#e For the reason of Mona Rudo, they went angry.", "#c 是起因於Mona Rudo與對方發生爭執。"], "s_end": true, "iu_a_span": [79.0, 80.46], "meta": {"topic": "sdqCon-dialog2_ciwas_tiwas", "type": "Conversation", "language": "賽德克語, Seediq, Tgdaya", "speaker": "蔡茂琳, Pawan Nawi, female, 1915", "collected": "1991-08-16", "revised": "2014-7-17", "video": "sdqCon-dialog2_ciwas_tiwas.mp3"}, "s_a_span": [77.08, 80.46], "file": "Seediq_Tgdaya/sdqCon-dialog2_ciwas_tiwas", "num": 47}], [48, {"ori": [], "gloss": [["P:..", "", ""], ["d<m>ayo", "<AF>help", "<主焦>幫"], ["hii", "there", "那裡"], ["ka", "NOM", "主格"], ["tama", "father", "父親"], ["wada", "AUX.PST", "助動詞.過去"], ["tpaq-un", "beat-PF", "打-受焦"], ["seru", "mallet", "杵"], ["heya", "3SG", "3SG"], ["di.\\", "PFV.PART", "完成.語助詞"]], "free": ["#e and then my father defended Mona Rudo. So they pounded him with mallet.", "#c 家父則為Mona Rudo出頭，被對方以杵具鎚擊結果（家父）...", "#n seru 粗杵(搗麻糬用)"], "s_end": true, "iu_a_span": [80.46, 82.91], "meta": {"topic": "sdqCon-dialog2_ciwas_tiwas", "type": "Conversation", "language": "賽德克語, Seediq, Tgdaya", "speaker": "蔡茂琳, Pawan Nawi, female, 1915", "collected": "1991-08-16", "revised": "2014-7-17", "video": "sdqCon-dialog2_ciwas_tiwas.mp3"}, "s_a_span": [80.46, 82.91], "file": "Seediq_Tgdaya/sdqCon-dialog2_ciwas_tiwas", "num": 48}], [49, {"ori": [], "gloss": [["D:...(0.7)", "", ""], ["ima", "who", "誰"], ["s--", "FS", "FS"], ["s--", "FS", "FS"], ["[s<m>ebuc].\\", "<AF>beat", "<主焦>打"]], "free": ["#e Who thursted your father?", "#c 是誰槌擊（您父親）的？"], "s_end": true, "iu_a_span": [82.91, 86.03], "meta": {"topic": "sdqCon-dialog2_ciwas_tiwas", "type": "Conversation", "language": "賽德克語, Seediq, Tgdaya", "speaker": "蔡茂琳, Pawan Nawi, female, 1915", "collected": "1991-08-16", "revised": "2014-7-17", "video": "sdqCon-dialog2_ciwas_tiwas.mp3"}, "s_a_span": [82.91, 86.03], "file": "Seediq_Tgdaya/sdqCon-dialog2_ciwas_tiwas", "num": 49}], [50, {"ori": [], "gloss": [["P:...", "", ""], ["[m-<n>eyah]", "<PFV>AF-come", "<完成>主焦-來"], ["bkasan.\\", "PN", "地名"]], "free": ["#e People from Bkasan village", "#c 是來自Bkasan部落的族人。"], "s_end": true, "iu_a_span": [86.03, 87.38], "meta": {"topic": "sdqCon-dialog2_ciwas_tiwas", "type": "Conversation", "language": "賽德克語, Seediq, Tgdaya", "speaker": "蔡茂琳, Pawan Nawi, female, 1915", "collected": "1991-08-16", "revised": "2014-7-17", "video": "sdqCon-dialog2_ciwas_tiwas.mp3"}, "s_a_span": [86.03, 87.38], "file": "Seediq_Tgdaya/sdqCon-dialog2_ciwas_tiwas", "num": 50}], [51, {"ori": [], "gloss": [["D:...(1.3)", "", ""], ["o", "FIL", "FIL"], ["[bk^asan]./", "PN", "地名"]], "free": ["#e People from Bkasan village?", "#c Bkasan部落的族人嗎？"], "s_end": true, "iu_a_span": [87.38, 89.38], "meta": {"topic": "sdqCon-dialog2_ciwas_tiwas", "type": "Conversation", "language": "賽德克語, Seediq, Tgdaya", "speaker": "蔡茂琳, Pawan Nawi, female, 1915", "collected": "1991-08-16", "revised": "2014-7-17", "video": "sdqCon-dialog2_ciwas_tiwas.mp3"}, "s_a_span": [87.38, 89.38], "file": "Seediq_Tgdaya/sdqCon-dialog2_ciwas_tiwas", "num": 51}], [52, {"ori": [], "gloss": [["P:", "", ""], ["[kes-un", "say-PF", "說-受焦"], ["kuwa]", "PN", "人名"], ["peni.\\", "PART", "語助詞"]], "free": ["#e A person called Kuwa.", "#c 一個叫做Kuwa的族人。"], "s_end": true, "iu_a_span": [89.38, 89.9], "meta": {"topic": "sdqCon-dialog2_ciwas_tiwas", "type": "Conversation", "language": "賽德克語, Seediq, Tgdaya", "speaker": "蔡茂琳, Pawan Nawi, female, 1915", "collected": "1991-08-16", "revised": "2014-7-17", "video": "sdqCon-dialog2_ciwas_tiwas.mp3"}, "s_a_span": [89.38, 89.9], "file": "Seediq_Tgdaya/sdqCon-dialog2_ciwas_tiwas", "num": 52}], [53, {"ori": [], "gloss": [["T:", "", ""], ["kuwa.\\", "PN", "人名"]], "free": ["#e (A person called) Kuwa.", "#c （是叫做）Kuwa (的人)。"], "s_end": true, "iu_a_span": [89.9, 90.98], "meta": {"topic": "sdqCon-dialog2_ciwas_tiwas", "type": "Conversation", "language": "賽德克語, Seediq, Tgdaya", "speaker": "蔡茂琳, Pawan Nawi, female, 1915", "collected": "1991-08-16", "revised": "2014-7-17", "video": "sdqCon-dialog2_ciwas_tiwas.mp3"}, "s_a_span": [89.9, 90.98], "file": "Seediq_Tgdaya/sdqCon-dialog2_ciwas_tiwas", "num": 53}], [54, {"ori": [], "gloss": [["D:", "", ""], ["X", "", ""], ["m-<n>eyah", "<PFV>AF-come", "<完成>主焦-來"], ["bkasan./", "PN", "地名"]], "free": [], "s_end": false, "iu_a_span": [90.98, 91.32], "meta": {"topic": "sdqCon-dialog2_ciwas_tiwas", "type": "Conversation", "language": "賽德克語, Seediq, Tgdaya", "speaker": "蔡茂琳, Pawan Nawi, female, 1915", "collected": "1991-08-16", "revised": "2014-7-17", "video": "sdqCon-dialog2_ciwas_tiwas.mp3"}, "file": "Seediq_Tgdaya/sdqCon-dialog2_ciwas_tiwas", "num": 54}], [55, {"ori": [], "gloss": [["D:", "", ""], ["ini", "NEG", "否定"], ["usa", "AF.go", "主焦.去"], ["theruy", "AF.move", "主焦.遷"], ["Boarung", "PN", "地名"], ["han", "first", "先"], ["deheya", "3PL", "3PL"], ["kii", "that", "那個"], ["cii[da].\\", "that.time", "當時"]], "free": ["#e Were they from Bkasan village? Hadn't they moved to Boarung village at that time?", "#c 是來自Bkasan部落的族人嗎？當時他們（指Bkasan部落的族人）尚未遷至Boarung部落嗎？"], "s_end": true, "iu_a_span": [91.32, 93.3], "meta": {"topic": "sdqCon-dialog2_ciwas_tiwas", "type": "Conversation", "language": "賽德克語, Seediq, Tgdaya", "speaker": "蔡茂琳, Pawan Nawi, female, 1915", "collected": "1991-08-16", "revised": "2014-7-17", "video": "sdqCon-dialog2_ciwas_tiwas.mp3"}, "s_a_span": [90.98, 93.3], "file": "Seediq_Tgdaya/sdqCon-dialog2_ciwas_tiwas", "num": 55}], [56, {"ori": [], "gloss": [["P:", "", ""], ["[ini]", "NEG", "否定"], ["m-eniq", "AF-be.at", "主焦-在"], ["bkasan", "PN", "地名"], ["na.\\", "still", "還"]], "free": ["#e Not yet, they still lived in Bkasan.", "#c 還沒有，還居住在Bkasan部落。"], "s_end": true, "iu_a_span": [93.3, 94.8], "meta": {"topic": "sdqCon-dialog2_ciwas_tiwas", "type": "Conversation", "language": "賽德克語, Seediq, Tgdaya", "speaker": "蔡茂琳, Pawan Nawi, female, 1915", "collected": "1991-08-16", "revised": "2014-7-17", "video": "sdqCon-dialog2_ciwas_tiwas.mp3"}, "s_a_span": [93.3, 94.8], "file": "Seediq_Tgdaya/sdqCon-dialog2_ciwas_tiwas", "num": 56}], [57, {"ori": [], "gloss": [["D:..", "", ""], ["kndalax", "AF.form", "主焦.從"], ["pradu", "PN", "地名"], ["na.\\", "PART", "語助詞"]], "free": ["#e They had moved from Pradu village to Bkasan village, is that right?", "#c （Bkasan部落的族人）是由Pradu部落（遷至Bkasan部落）是嗎？"], "s_end": true, "iu_a_span": [94.8, 95.88], "meta": {"topic": "sdqCon-dialog2_ciwas_tiwas", "type": "Conversation", "language": "賽德克語, Seediq, Tgdaya", "speaker": "蔡茂琳, Pawan Nawi, female, 1915", "collected": "1991-08-16", "revised": "2014-7-17", "video": "sdqCon-dialog2_ciwas_tiwas.mp3"}, "s_a_span": [94.8, 95.88], "file": "Seediq_Tgdaya/sdqCon-dialog2_ciwas_tiwas", "num": 57}], [58, {"ori": [], "gloss": [["P:..", "", ""], ["un", "yes", "是"], ["kndalax", "AF.from", "主焦.從"], ["pradu", "PN", "地名"], ["ma", "then", "然後"], ["m-usa", "AF-go", "主焦-去"], ["bkasan.\\", "PN", "地名"]], "free": ["#e Yes, they originally moved from Pradu to Bkasan.", "#c 是的..（他們）從Pradu部落遷至Bkasan部落。"], "s_end": true, "iu_a_span": [95.88, 96.92], "meta": {"topic": "sdqCon-dialog2_ciwas_tiwas", "type": "Conversation", "language": "賽德克語, Seediq, Tgdaya", "speaker": "蔡茂琳, Pawan Nawi, female, 1915", "collected": "1991-08-16", "revised": "2014-7-17", "video": "sdqCon-dialog2_ciwas_tiwas.mp3"}, "s_a_span": [95.88, 96.92], "file": "Seediq_Tgdaya/sdqCon-dialog2_ciwas_tiwas", "num": 58}], [59, {"ori": [], "gloss": [["D:", "", ""], ["[um].\\", "FIL", "FIL"]], "free": [], "s_end": false, "iu_a_span": [96.92, 98.6], "meta": {"topic": "sdqCon-dialog2_ciwas_tiwas", "type": "Conversation", "language": "賽德克語, Seediq, Tgdaya", "speaker": "蔡茂琳, Pawan Nawi, female, 1915", "collected": "1991-08-16", "revised": "2014-7-17", "video": "sdqCon-dialog2_ciwas_tiwas.mp3"}, "file": "Seediq_Tgdaya/sdqCon-dialog2_ciwas_tiwas", "num": 59}], [60, {"ori": [], "gloss": [["T:", "", ""], ["[m-swae]", "AF-separate", "主焦-分散"], ["qduriq", "AF.escape", "主焦.逃難"], ["han.\\", "first", "先"]], "free": ["#e At first, they escaped (from quake site) separately.", "#c 當初他們是因逃難而分散的。", "#n Pradu village suffered from landslide trigged by an earthquake. Pradu部落因地震遭山崩之土石所掩埋."], "s_end": true, "iu_a_span": [98.6, 98.79], "meta": {"topic": "sdqCon-dialog2_ciwas_tiwas", "type": "Conversation", "language": "賽德克語, Seediq, Tgdaya", "speaker": "蔡茂琳, Pawan Nawi, female, 1915", "collected": "1991-08-16", "revised": "2014-7-17", "video": "sdqCon-dialog2_ciwas_tiwas.mp3"}, "s_a_span": [96.92, 98.79], "file": "Seediq_Tgdaya/sdqCon-dialog2_ciwas_tiwas", "num": 60}], [61, {"ori": [], "gloss": [["P:...", "", ""], ["kika", "thus", "所以"], ["m-usa", "AF-go", "主焦-去"], ["m-usa.\\", "AF-go", "主焦-去"]], "free": [], "s_end": false, "iu_a_span": [98.79, 100.33], "meta": {"topic": "sdqCon-dialog2_ciwas_tiwas", "type": "Conversation", "language": "賽德克語, Seediq, Tgdaya", "speaker": "蔡茂琳, Pawan Nawi, female, 1915", "collected": "1991-08-16", "revised": "2014-7-17", "video": "sdqCon-dialog2_ciwas_tiwas.mp3"}, "file": "Seediq_Tgdaya/sdqCon-dialog2_ciwas_tiwas", "num": 61}], [62, {"ori": [], "gloss": [["P:..", "", ""], ["yaana", "probably", "可能"], ["m-usa", "AF-go", "主焦-去"], ["a", "FIL", "FIL"], ["so", "be.like", "像"], ["a.\\", "FIL", "FIL"]], "free": [], "s_end": false, "iu_a_span": [100.33, 101.48], "meta": {"topic": "sdqCon-dialog2_ciwas_tiwas", "type": "Conversation", "language": "賽德克語, Seediq, Tgdaya", "speaker": "蔡茂琳, Pawan Nawi, female, 1915", "collected": "1991-08-16", "revised": "2014-7-17", "video": "sdqCon-dialog2_ciwas_tiwas.mp3"}, "file": "Seediq_Tgdaya/sdqCon-dialog2_ciwas_tiwas", "num": 62}], [63, {"ori": [], "gloss": [["P:...(0.9)", "", ""], ["pi-imah", "CAU-drink", "使役-喝"], ["ane", "husband.of.a.group.of.sister", "堂表親姐妹丈夫"], ["a", "PART", "語助詞"], ["m-eniq", "FIL", "FIL"], ["a.\\", "AF-be.at", "主焦-在"]], "free": ["#e So, my father may have been to Bkasan vilaage to attend ceremony in my sister's husband's house.", "#c 所以..（家父）可能是去..到Bkasan部落時受宴於姐妹的先生家飲酒。", "#n ane堂表親姐妹的丈夫"], "s_end": true, "iu_a_span": [101.48, 103.82], "meta": {"topic": "sdqCon-dialog2_ciwas_tiwas", "type": "Conversation", "language": "賽德克語, Seediq, Tgdaya", "speaker": "蔡茂琳, Pawan Nawi, female, 1915", "collected": "1991-08-16", "revised": "2014-7-17", "video": "sdqCon-dialog2_ciwas_tiwas.mp3"}, "s_a_span": [98.79, 103.82], "file": "Seediq_Tgdaya/sdqCon-dialog2_ciwas_tiwas", "num": 63}], [64, {"ori": [], "gloss": [["P:...", "", ""], ["m-eniq", "AF-be.at", "主焦-在"], ["a", "FIL", "FIL"], ["bkasan", "PN", "地名"], ["hii", "there", "那裡"], ["ka", "NOM", "主焦"], ["ruwah=mu.\\", "PN=1SG.GEN", "人名=1SG.屬格"]], "free": ["#e My uncle, Ruwah, lived in Bkasan.", "#c 我舅舅Ruwah就住在Bkasan。"], "s_end": true, "iu_a_span": [103.82, 106.08], "meta": {"topic": "sdqCon-dialog2_ciwas_tiwas", "type": "Conversation", "language": "賽德克語, Seediq, Tgdaya", "speaker": "蔡茂琳, Pawan Nawi, female, 1915", "collected": "1991-08-16", "revised": "2014-7-17", "video": "sdqCon-dialog2_ciwas_tiwas.mp3"}, "s_a_span": [103.82, 106.08], "file": "Seediq_Tgdaya/sdqCon-dialog2_ciwas_tiwas", "num": 64}], [65, {"ori": [], "gloss": [["D:", "", ""], ["um[==].\\", "FIL", "FIL"]], "free": [], "s_end": false, "iu_a_span": [106.08, 108.29], "meta": {"topic": "sdqCon-dialog2_ciwas_tiwas", "type": "Conversation", "language": "賽德克語, Seediq, Tgdaya", "speaker": "蔡茂琳, Pawan Nawi, female, 1915", "collected": "1991-08-16", "revised": "2014-7-17", "video": "sdqCon-dialog2_ciwas_tiwas.mp3"}, "file": "Seediq_Tgdaya/sdqCon-dialog2_ciwas_tiwas", "num": 65}], [66, {"ori": [], "gloss": [["P:...", "", ""], ["[qbsuran]", "elder.sibling", "兄姊"], ["bubu=mu", "mother=1SG.GEN", "母親=1SG.屬格"], ["peni.\\", "PART", "語助詞"]], "free": ["#e Ruwah is my mother's brother.", "#c （Ruwah）是我媽媽的哥哥。"], "s_end": true, "iu_a_span": [108.29, 108.54], "meta": {"topic": "sdqCon-dialog2_ciwas_tiwas", "type": "Conversation", "language": "賽德克語, Seediq, Tgdaya", "speaker": "蔡茂琳, Pawan Nawi, female, 1915", "collected": "1991-08-16", "revised": "2014-7-17", "video": "sdqCon-dialog2_ciwas_tiwas.mp3"}, "s_a_span": [106.08, 108.54], "file": "Seediq_Tgdaya/sdqCon-dialog2_ciwas_tiwas", "num": 66}], [67, {"ori": [], "gloss": [["D:..", "", ""], ["um.\\", "FIL", "FIL"]], "free": [], "s_end": false, "iu_a_span": [108.54, 109.51], "meta": {"topic": "sdqCon-dialog2_ciwas_tiwas", "type": "Conversation", "language": "賽德克語, Seediq, Tgdaya", "speaker": "蔡茂琳, Pawan Nawi, female, 1915", "collected": "1991-08-16", "revised": "2014-7-17", "video": "sdqCon-dialog2_ciwas_tiwas.mp3"}, "file": "Seediq_Tgdaya/sdqCon-dialog2_ciwas_tiwas", "num": 67}], [68, {"ori": [], "gloss": [["T:...", "", ""], ["[m-<n>enaq]", "<PFV>AF-stay", "<完成>主焦-留在"], ["bkasan", "PN", "地名"], ["ruwah", "PN", "人名"], ["hii.\\", "there", "那裡"]], "free": ["#e Did Ruwah live in Bkasan there (at that time)?", "#c Ruwah（當時是）居住在Bkasan部落那邊嗎？"], "s_end": true, "iu_a_span": [109.51, 110.56], "meta": {"topic": "sdqCon-dialog2_ciwas_tiwas", "type": "Conversation", "language": "賽德克語, Seediq, Tgdaya", "speaker": "蔡茂琳, Pawan Nawi, female, 1915", "collected": "1991-08-16", "revised": "2014-7-17", "video": "sdqCon-dialog2_ciwas_tiwas.mp3"}, "s_a_span": [108.54, 110.56], "file": "Seediq_Tgdaya/sdqCon-dialog2_ciwas_tiwas", "num": 68}], [69, {"ori": [], "gloss": [["D:", "", ""], ["[XXX].\\", "XXX", "XXX"]], "free": [], "s_end": false, "iu_a_span": [110.56, 110.56], "meta": {"topic": "sdqCon-dialog2_ciwas_tiwas", "type": "Conversation", "language": "賽德克語, Seediq, Tgdaya", "speaker": "蔡茂琳, Pawan Nawi, female, 1915", "collected": "1991-08-16", "revised": "2014-7-17", "video": "sdqCon-dialog2_ciwas_tiwas.mp3"}, "file": "Seediq_Tgdaya/sdqCon-dialog2_ciwas_tiwas", "num": 69}], [70, {"ori": [], "gloss": [["P:", "", ""], ["huh./", "INT", "感嘆"]], "free": [], "s_end": false, "iu_a_span": [110.56, 111.84], "meta": {"topic": "sdqCon-dialog2_ciwas_tiwas", "type": "Conversation", "language": "賽德克語, Seediq, Tgdaya", "speaker": "蔡茂琳, Pawan Nawi, female, 1915", "collected": "1991-08-16", "revised": "2014-7-17", "video": "sdqCon-dialog2_ciwas_tiwas.mp3"}, "file": "Seediq_Tgdaya/sdqCon-dialog2_ciwas_tiwas", "num": 70}], [71, {"ori": [], "gloss": [["T:..", "", ""], ["m-<n>enaq", "<PFV>AF-stay", "<完成>主焦-留在"], ["bkasan", "PN", "地名"], ["ruwah", "PN", "人名"], ["kiya.\\", "that", "那個"]], "free": ["#e Yes, he lived in Bkasan.", "#c 是居住在Bkasan部落。"], "s_end": true, "iu_a_span": [111.84, 112.22], "meta": {"topic": "sdqCon-dialog2_ciwas_tiwas", "type": "Conversation", "language": "賽德克語, Seediq, Tgdaya", "speaker": "蔡茂琳, Pawan Nawi, female, 1915", "collected": "1991-08-16", "revised": "2014-7-17", "video": "sdqCon-dialog2_ciwas_tiwas.mp3"}, "s_a_span": [110.56, 112.22], "file": "Seediq_Tgdaya/sdqCon-dialog2_ciwas_tiwas", "num": 71}], [72, {"ori": [], "gloss": [["P:...(4.0)", "", ""], ["m<n>enaq", "AF<PFV>stay", "主焦<完成>留在"], ["Bkasan", "PN", "地名"], ["bbe-un", "beat-PF", "打-受焦"], ["ka", "NOM", "主格"], ["kuwa", "PN", "人名"], ["a.\\", "FIL", "FIL"]], "free": ["#e Kuwa was beaten (by our relatives of Mhebu) somehow.", "#c Kuwa被（我們馬赫坡部落的親戚）揍。"], "s_end": true, "iu_a_span": [112.22, 117.64], "meta": {"topic": "sdqCon-dialog2_ciwas_tiwas", "type": "Conversation", "language": "賽德克語, Seediq, Tgdaya", "speaker": "蔡茂琳, Pawan Nawi, female, 1915", "collected": "1991-08-16", "revised": "2014-7-17", "video": "sdqCon-dialog2_ciwas_tiwas.mp3"}, "s_a_span": [112.22, 117.64], "file": "Seediq_Tgdaya/sdqCon-dialog2_ciwas_tiwas", "num": 72}], [73, {"ori": [], "gloss": [["P:..", "", ""], ["ps-hako", "PS-bridge", "PS-橋"], ["bgurah", "AF.new", "主焦.新"], ["ka", "NOM", "主格"], ["hako=ta", "bridge=1IPL.GEN", "橋=1IPL.屬格"], ["n-enaq", "PF.PFV-stay", "受焦.完成-留在"], ["henu", "PART", "語助詞"], ["hii", "there", "那裡"], ["peni._", "PART", "語助詞"]], "free": ["#e Was it at the new bridge (by our Mhebu tribe)?", "#c 是在我們（馬赫坡部落）的新橋處嗎？"], "s_end": true, "iu_a_span": [117.64, 119.68], "meta": {"topic": "sdqCon-dialog2_ciwas_tiwas", "type": "Conversation", "language": "賽德克語, Seediq, Tgdaya", "speaker": "蔡茂琳, Pawan Nawi, female, 1915", "collected": "1991-08-16", "revised": "2014-7-17", "video": "sdqCon-dialog2_ciwas_tiwas.mp3"}, "s_a_span": [117.64, 119.68], "file": "Seediq_Tgdaya/sdqCon-dialog2_ciwas_tiwas", "num": 73}], [74, {"ori": [], "gloss": [["T:", "", ""], ["un.\\", "yes", "是"]], "free": ["#e I know that.", "#c 我知道這件事。"], "s_end": true, "iu_a_span": [119.68, 122.31], "meta": {"topic": "sdqCon-dialog2_ciwas_tiwas", "type": "Conversation", "language": "賽德克語, Seediq, Tgdaya", "speaker": "蔡茂琳, Pawan Nawi, female, 1915", "collected": "1991-08-16", "revised": "2014-7-17", "video": "sdqCon-dialog2_ciwas_tiwas.mp3"}, "s_a_span": [119.68, 122.31], "file": "Seediq_Tgdaya/sdqCon-dialog2_ciwas_tiwas", "num": 74}], [75, {"ori": [], "gloss": [["P:", "", ""], ["m-uda", "AF-pass", "主焦-經過"], ["sipo.\\", "across.the.river", "對岸"]], "free": [], "s_end": false, "iu_a_span": [122.31, 122.61], "meta": {"topic": "sdqCon-dialog2_ciwas_tiwas", "type": "Conversation", "language": "賽德克語, Seediq, Tgdaya", "speaker": "蔡茂琳, Pawan Nawi, female, 1915", "collected": "1991-08-16", "revised": "2014-7-17", "video": "sdqCon-dialog2_ciwas_tiwas.mp3"}, "file": "Seediq_Tgdaya/sdqCon-dialog2_ciwas_tiwas", "num": 75}], [76, {"ori": [], "gloss": [["P:...(1.0)", "", ""], ["n-apa=ku=na", "PF.PFV-carry=1SG.NOM=3SG.GEN", "受焦.完成-背=1SG.主焦=3SG.屬格"], ["m-maha=miyan", "RED-AF.go=1EPL.NOM", "重疊-主焦.去=1EPL.主格"], ["busi", "PN", "地名"], ["ma", "CONJ", "連接詞"], ["inu.\\", "where", "那裡"]], "free": ["#e My father once passed that bridge and went to Busi village, carrying me on his back.", "#c 從對岸過（的那座橋），（有一次）家父揹著我（經過那座橋）要到Busi部落。"], "s_end": true, "iu_a_span": [122.61, 124.32], "meta": {"topic": "sdqCon-dialog2_ciwas_tiwas", "type": "Conversation", "language": "賽德克語, Seediq, Tgdaya", "speaker": "蔡茂琳, Pawan Nawi, female, 1915", "collected": "1991-08-16", "revised": "2014-7-17", "video": "sdqCon-dialog2_ciwas_tiwas.mp3"}, "s_a_span": [122.31, 124.32], "file": "Seediq_Tgdaya/sdqCon-dialog2_ciwas_tiwas", "num": 76}], [77, {"ori": [], "gloss": [["T:", "", ""], ["ye", "Q", "疑問"], ["malu", "AF.good", "主焦.好"], ["ciida", "at.that.time", "當時"], ["han", "first", "先"], ["ye", "Q", "疑問"], ["<Xini", "NEG", "否定"], ["knaruxX>.\\", "sick", "生病"]], "free": ["#e At that time, your father was still healthy. He was not sick yet.", "#c 那是在你父親還健康的時候吧，還沒生病.."], "s_end": true, "iu_a_span": [124.32, 126.23], "meta": {"topic": "sdqCon-dialog2_ciwas_tiwas", "type": "Conversation", "language": "賽德克語, Seediq, Tgdaya", "speaker": "蔡茂琳, Pawan Nawi, female, 1915", "collected": "1991-08-16", "revised": "2014-7-17", "video": "sdqCon-dialog2_ciwas_tiwas.mp3"}, "s_a_span": [124.32, 126.23], "file": "Seediq_Tgdaya/sdqCon-dialog2_ciwas_tiwas", "num": 77}], [78, {"ori": [], "gloss": [["D:", "", ""], ["ma.\\", "then", "然後"]], "free": [], "s_end": false, "iu_a_span": [126.23, 127.64], "meta": {"topic": "sdqCon-dialog2_ciwas_tiwas", "type": "Conversation", "language": "賽德克語, Seediq, Tgdaya", "speaker": "蔡茂琳, Pawan Nawi, female, 1915", "collected": "1991-08-16", "revised": "2014-7-17", "video": "sdqCon-dialog2_ciwas_tiwas.mp3"}, "file": "Seediq_Tgdaya/sdqCon-dialog2_ciwas_tiwas", "num": 78}], [79, {"ori": [], "gloss": [["P:", "", ""], ["XXX", "", ""]], "free": [], "s_end": false, "iu_a_span": [127.64, 128.16], "meta": {"topic": "sdqCon-dialog2_ciwas_tiwas", "type": "Conversation", "language": "賽德克語, Seediq, Tgdaya", "speaker": "蔡茂琳, Pawan Nawi, female, 1915", "collected": "1991-08-16", "revised": "2014-7-17", "video": "sdqCon-dialog2_ciwas_tiwas.mp3"}, "file": "Seediq_Tgdaya/sdqCon-dialog2_ciwas_tiwas", "num": 79}], [80, {"ori": [], "gloss": [["D:...(0.6)", "", ""], ["kndalax", "AF.from", "主焦.從"], ["m<n>beyan", "<PFV>AF-beat", "<完成>主焦-打"], ["kii", "that", "那個"], ["tama=su", "father=2SG.NOM", "父親=2SG.主格"], ["de", "PART", "語助詞"], ["bsiyaq", "long.time", "久"], ["m-iiyax.\\", "AF-rest.after.injury", "主焦-受傷後休養"]], "free": ["#e Did your father ill for a long time after he was pounded?", "#c 你父親從那次被毆傷後休養很久是嗎？", "#n m-iiyax 受傷後不工作(休息療養)。"], "s_end": true, "iu_a_span": [128.16, 129.06], "meta": {"topic": "sdqCon-dialog2_ciwas_tiwas", "type": "Conversation", "language": "賽德克語, Seediq, Tgdaya", "speaker": "蔡茂琳, Pawan Nawi, female, 1915", "collected": "1991-08-16", "revised": "2014-7-17", "video": "sdqCon-dialog2_ciwas_tiwas.mp3"}, "s_a_span": [126.23, 129.06], "file": "Seediq_Tgdaya/sdqCon-dialog2_ciwas_tiwas", "num": 80}], [81, {"ori": [], "gloss": [["P:..", "", ""], ["<L2JzutoL2J>", "straight", "一直"], ["m-narux", "AF-hurt", "主焦-疼痛"], ["a", "FIL", "FIL"], ["teerang", "chest", "胸部"], ["na.\\", "PART", "語助詞"]], "free": ["#e My father suffered from chest pain all the time.", "#c （家父）就一直有胸痛的病情。"], "s_end": true, "iu_a_span": [129.06, 131.67], "meta": {"topic": "sdqCon-dialog2_ciwas_tiwas", "type": "Conversation", "language": "賽德克語, Seediq, Tgdaya", "speaker": "蔡茂琳, Pawan Nawi, female, 1915", "collected": "1991-08-16", "revised": "2014-7-17", "video": "sdqCon-dialog2_ciwas_tiwas.mp3"}, "s_a_span": [129.06, 131.67], "file": "Seediq_Tgdaya/sdqCon-dialog2_ciwas_tiwas", "num": 81}], [82, {"ori": [], "gloss": [["T:", "", ""], ["ni--", "FS", "FS"], ["ni--", "FS", "FS"], ["<L2JzutoL2J>", "straight", "一直"], ["m-narux", "AF-sick", "主焦-生病"], ["ciida.\\", "at.that.time", "當時"]], "free": ["#e Pawan's father was ill for a long time then.", "#c 那時（Pawan的父親）就一直生病了。"], "s_end": true, "iu_a_span": [131.67, 132.14], "meta": {"topic": "sdqCon-dialog2_ciwas_tiwas", "type": "Conversation", "language": "賽德克語, Seediq, Tgdaya", "speaker": "蔡茂琳, Pawan Nawi, female, 1915", "collected": "1991-08-16", "revised": "2014-7-17", "video": "sdqCon-dialog2_ciwas_tiwas.mp3"}, "s_a_span": [131.67, 132.14], "file": "Seediq_Tgdaya/sdqCon-dialog2_ciwas_tiwas", "num": 82}], [83, {"ori": [], "gloss": [["D:", "", ""], ["um==._", "FIL", "FIL"]], "free": [], "s_end": false, "iu_a_span": [132.14, 133.92], "meta": {"topic": "sdqCon-dialog2_ciwas_tiwas", "type": "Conversation", "language": "賽德克語, Seediq, Tgdaya", "speaker": "蔡茂琳, Pawan Nawi, female, 1915", "collected": "1991-08-16", "revised": "2014-7-17", "video": "sdqCon-dialog2_ciwas_tiwas.mp3"}, "file": "Seediq_Tgdaya/sdqCon-dialog2_ciwas_tiwas", "num": 83}], [84, {"ori": [], "gloss": [["P:..", "", ""], ["ye", "Q", "疑問"], ["wada", "AUX.PST", "助動詞.過去"], ["naqah", "AF.bad", "主焦.壞"], ["teerang=na", "chest=3SG.GEN", "胸腔=3SG.屬格"], ["tnkan=an", "thrust-LF", "撞-處焦"], ["na", "GEN", "屬格"], ["seru.\\", "mallet", "杵"]], "free": ["#e Because Kuwa people pounded his chest, it caused him chronic chest pain.", "#c 就是因被（Kuwa）以杵具槌擊胸部後，引起（家父）胸部長期的病痛。"], "s_end": true, "iu_a_span": [133.92, 134.49], "meta": {"topic": "sdqCon-dialog2_ciwas_tiwas", "type": "Conversation", "language": "賽德克語, Seediq, Tgdaya", "speaker": "蔡茂琳, Pawan Nawi, female, 1915", "collected": "1991-08-16", "revised": "2014-7-17", "video": "sdqCon-dialog2_ciwas_tiwas.mp3"}, "s_a_span": [132.14, 134.49], "file": "Seediq_Tgdaya/sdqCon-dialog2_ciwas_tiwas", "num": 84}], [85, {"ori": [], "gloss": [["D:..", "", ""], ["um==.\\", "FIL", "FIL"]], "free": [], "s_end": false, "iu_a_span": [134.49, 136.72], "meta": {"topic": "sdqCon-dialog2_ciwas_tiwas", "type": "Conversation", "language": "賽德克語, Seediq, Tgdaya", "speaker": "蔡茂琳, Pawan Nawi, female, 1915", "collected": "1991-08-16", "revised": "2014-7-17", "video": "sdqCon-dialog2_ciwas_tiwas.mp3"}, "file": "Seediq_Tgdaya/sdqCon-dialog2_ciwas_tiwas", "num": 85}], [86, {"ori": [], "gloss": [["P:", "", ""], ["[uka", "NEG.EXIST", "否定.存在"], ["<L2TisingL2T>]", "doctor", "醫生"], ["uka", "EXIST.NEG", "否定.存在"], ["eiuy", "medicine", "藥"], ["ciida]", "at.that.time", "當時"], ["X.\\", "", ""]], "free": ["#e (At that time in our village) no doctor.", "#c （當時我們部落）沒有醫生。", "#n eiuy 藥物(治療藥物、農藥、毒品)"], "s_end": true, "iu_a_span": [136.72, 138.32], "meta": {"topic": "sdqCon-dialog2_ciwas_tiwas", "type": "Conversation", "language": "賽德克語, Seediq, Tgdaya", "speaker": "蔡茂琳, Pawan Nawi, female, 1915", "collected": "1991-08-16", "revised": "2014-7-17", "video": "sdqCon-dialog2_ciwas_tiwas.mp3"}, "s_a_span": [134.49, 138.32], "file": "Seediq_Tgdaya/sdqCon-dialog2_ciwas_tiwas", "num": 86}], [87, {"ori": [], "gloss": [["T:...(1.1)", "", ""], ["[naka", "so.that", "才會"], ["naq", "self", "自己"], ["XX", "", ""], ["deh--].\\", "NOM", "NOM"]], "free": [], "s_end": false, "iu_a_span": [138.32, 138.51], "meta": {"topic": "sdqCon-dialog2_ciwas_tiwas", "type": "Conversation", "language": "賽德克語, Seediq, Tgdaya", "speaker": "蔡茂琳, Pawan Nawi, female, 1915", "collected": "1991-08-16", "revised": "2014-7-17", "video": "sdqCon-dialog2_ciwas_tiwas.mp3"}, "file": "Seediq_Tgdaya/sdqCon-dialog2_ciwas_tiwas", "num": 87}], [88, {"ori": [], "gloss": [["T:..", "", ""], ["naka", "so.that", "才會"], ["hbaro", "AF.many", "主焦.很多"], ["laqi", "child", "孩子"], ["bubu", "mother", "母親"], ["pawn--", "FS", "FS"], ["pawan", "PN", "人名"], ["nii", "this", "這個"], ["na.\\", "PART", "語助詞"]], "free": ["#e (If the accident had not occurred to his father), Pawan's mother would have had more children.", "#c (如果Pawan的爸爸沒發生這意外），Pawan的母親也應該有更多的子女。"], "s_end": true, "iu_a_span": [138.51, 140.3], "meta": {"topic": "sdqCon-dialog2_ciwas_tiwas", "type": "Conversation", "language": "賽德克語, Seediq, Tgdaya", "speaker": "蔡茂琳, Pawan Nawi, female, 1915", "collected": "1991-08-16", "revised": "2014-7-17", "video": "sdqCon-dialog2_ciwas_tiwas.mp3"}, "s_a_span": [138.32, 140.3], "file": "Seediq_Tgdaya/sdqCon-dialog2_ciwas_tiwas", "num": 88}], [89, {"ori": [], "gloss": [["D:..", "", ""], ["ma==", "then", "然後"], ["o", "FIL", "FIL"], ["ma", "then", "然後"], ["kika.\\", "thus", "所以"]], "free": [], "s_end": false, "iu_a_span": [140.3, 142.71], "meta": {"topic": "sdqCon-dialog2_ciwas_tiwas", "type": "Conversation", "language": "賽德克語, Seediq, Tgdaya", "speaker": "蔡茂琳, Pawan Nawi, female, 1915", "collected": "1991-08-16", "revised": "2014-7-17", "video": "sdqCon-dialog2_ciwas_tiwas.mp3"}, "file": "Seediq_Tgdaya/sdqCon-dialog2_ciwas_tiwas", "num": 89}], [90, {"ori": [], "gloss": [["D:...", "", ""], ["wada", "AUX.PST", "助動詞.過去"], ["<L2JnannengL2J>", "how.many.years", "幾年"], ["hari,\\", "a.littie", "一點"]], "free": [], "s_end": false, "iu_a_span": [142.71, 144.96], "meta": {"topic": "sdqCon-dialog2_ciwas_tiwas", "type": "Conversation", "language": "賽德克語, Seediq, Tgdaya", "speaker": "蔡茂琳, Pawan Nawi, female, 1915", "collected": "1991-08-16", "revised": "2014-7-17", "video": "sdqCon-dialog2_ciwas_tiwas.mp3"}, "file": "Seediq_Tgdaya/sdqCon-dialog2_ciwas_tiwas", "num": 90}], [91, {"ori": [], "gloss": [["D:...(1.2)", "", ""], ["m-narux.\\", "AF-sick", "主焦-病"]], "free": [], "s_end": false, "iu_a_span": [144.96, 147.05], "meta": {"topic": "sdqCon-dialog2_ciwas_tiwas", "type": "Conversation", "language": "賽德克語, Seediq, Tgdaya", "speaker": "蔡茂琳, Pawan Nawi, female, 1915", "collected": "1991-08-16", "revised": "2014-7-17", "video": "sdqCon-dialog2_ciwas_tiwas.mp3"}, "file": "Seediq_Tgdaya/sdqCon-dialog2_ciwas_tiwas", "num": 91}], [92, {"ori": [], "gloss": [["P:..", "", ""], ["<L2Jsanjyu", "thirty", "三十"], ["nansayL2J>", "how.old", "幾歲"], ["m-narux", "AF-sick", "主焦-生病"], ["a==.\\", "FIL", "FIL"]], "free": ["#e He started to be sick around thirty years old.", "#c 約30多歲時（開始）生病。"], "s_end": true, "iu_a_span": [147.05, 147.65], "meta": {"topic": "sdqCon-dialog2_ciwas_tiwas", "type": "Conversation", "language": "賽德克語, Seediq, Tgdaya", "speaker": "蔡茂琳, Pawan Nawi, female, 1915", "collected": "1991-08-16", "revised": "2014-7-17", "video": "sdqCon-dialog2_ciwas_tiwas.mp3"}, "s_a_span": [140.3, 147.65], "file": "Seediq_Tgdaya/sdqCon-dialog2_ciwas_tiwas", "num": 92}], [93, {"ori": [], "gloss": [["D:..", "", ""], ["lnlung-un-[su==].\\", "think-PF=2SG.GEN", "想-受焦=2SG.屬格"]], "free": ["#e So, how many years had he been sick in your memory?", "#c （他病了多少年？)依你的印象？"], "s_end": true, "iu_a_span": [147.65, 150.04], "meta": {"topic": "sdqCon-dialog2_ciwas_tiwas", "type": "Conversation", "language": "賽德克語, Seediq, Tgdaya", "speaker": "蔡茂琳, Pawan Nawi, female, 1915", "collected": "1991-08-16", "revised": "2014-7-17", "video": "sdqCon-dialog2_ciwas_tiwas.mp3"}, "s_a_span": [147.65, 150.04], "file": "Seediq_Tgdaya/sdqCon-dialog2_ciwas_tiwas", "num": 93}], [94, {"ori": [], "gloss": [["P:", "", ""], ["[<L2Jjyu]nansay", "a.little.more.than.ten.years", "十多歲"], ["guraiL2J>", "about", "大約"], ["wa", "PART", "語助詞"], ["m-narux", "AF-sick", "主焦-生病"], ["hii.\\", "here", "這裡"]], "free": [], "s_end": false, "iu_a_span": [150.04, 150.65], "meta": {"topic": "sdqCon-dialog2_ciwas_tiwas", "type": "Conversation", "language": "賽德克語, Seediq, Tgdaya", "speaker": "蔡茂琳, Pawan Nawi, female, 1915", "collected": "1991-08-16", "revised": "2014-7-17", "video": "sdqCon-dialog2_ciwas_tiwas.mp3"}, "file": "Seediq_Tgdaya/sdqCon-dialog2_ciwas_tiwas", "num": 94}], [95, {"ori": [], "gloss": [["T:", "", ""], ["XXX", "", ""], ["<L2JjyunannengL2J>", "ten.to.nineteen.years", "十幾年"], ["wa].\\", "PART", "語助詞"]], "free": ["#e He was sick for more than ten years.", "#c （他）病了10幾年。"], "s_end": true, "iu_a_span": [150.65, 152.42], "meta": {"topic": "sdqCon-dialog2_ciwas_tiwas", "type": "Conversation", "language": "賽德克語, Seediq, Tgdaya", "speaker": "蔡茂琳, Pawan Nawi, female, 1915", "collected": "1991-08-16", "revised": "2014-7-17", "video": "sdqCon-dialog2_ciwas_tiwas.mp3"}, "s_a_span": [150.04, 152.42], "file": "Seediq_Tgdaya/sdqCon-dialog2_ciwas_tiwas", "num": 95}], [96, {"ori": [], "gloss": [["P:", "", ""], ["<L2Jgojyu", "fifty", "五十"], ["nannengL2J>", "how.many.years", "幾年"], ["o._", "PART", "語助詞"]], "free": ["#e For more than fifty years..", "#c 五十幾年喔。"], "s_end": true, "iu_a_span": [152.42, 152.92], "meta": {"topic": "sdqCon-dialog2_ciwas_tiwas", "type": "Conversation", "language": "賽德克語, Seediq, Tgdaya", "speaker": "蔡茂琳, Pawan Nawi, female, 1915", "collected": "1991-08-16", "revised": "2014-7-17", "video": "sdqCon-dialog2_ciwas_tiwas.mp3"}, "s_a_span": [152.42, 152.92], "file": "Seediq_Tgdaya/sdqCon-dialog2_ciwas_tiwas", "num": 96}], [97, {"ori": [], "gloss": [["D:..", "", ""], ["<L2Jgojyu", "fifty", "五十"], ["nannengL2J>", "how.many.years", "幾年"], ["naqah", "AF.bad", "主焦.壞"], ["hei", "body", "身體"], ["tama=su.\\", "father=2SG.GEN", "父親=2SG.屬格"]], "free": ["#e Was your father sick for fifty years?", "#c 你父親病了50多年？"], "s_end": true, "iu_a_span": [152.92, 154.18], "meta": {"topic": "sdqCon-dialog2_ciwas_tiwas", "type": "Conversation", "language": "賽德克語, Seediq, Tgdaya", "speaker": "蔡茂琳, Pawan Nawi, female, 1915", "collected": "1991-08-16", "revised": "2014-7-17", "video": "sdqCon-dialog2_ciwas_tiwas.mp3"}, "s_a_span": [152.92, 154.18], "file": "Seediq_Tgdaya/sdqCon-dialog2_ciwas_tiwas", "num": 97}], [98, {"ori": [], "gloss": [["P:", "", ""], ["un.\\", "yes", "是"]], "free": ["#e Yes.", "#c 是的。"], "s_end": true, "iu_a_span": [154.18, 155.41], "meta": {"topic": "sdqCon-dialog2_ciwas_tiwas", "type": "Conversation", "language": "賽德克語, Seediq, Tgdaya", "speaker": "蔡茂琳, Pawan Nawi, female, 1915", "collected": "1991-08-16", "revised": "2014-7-17", "video": "sdqCon-dialog2_ciwas_tiwas.mp3"}, "s_a_span": [154.18, 155.41], "file": "Seediq_Tgdaya/sdqCon-dialog2_ciwas_tiwas", "num": 98}], [99, {"ori": [], "gloss": [["D:...", "", ""], ["o==", "FIL", "FIL"], ["kedu.\\", "how", "怎麼那麼"]], "free": ["#e Such a long time.", "#c 那麼久。", "#n IU86 Dakis mistook what Pawan said. Dakis當時聽錯. IU92 Pawan seemed not understood Dakis's answer. 當時Pawan也似乎沒聽清楚Dakis的回答."], "s_end": true, "iu_a_span": [155.41, 156.05], "meta": {"topic": "sdqCon-dialog2_ciwas_tiwas", "type": "Conversation", "language": "賽德克語, Seediq, Tgdaya", "speaker": "蔡茂琳, Pawan Nawi, female, 1915", "collected": "1991-08-16", "revised": "2014-7-17", "video": "sdqCon-dialog2_ciwas_tiwas.mp3"}, "s_a_span": [155.41, 156.05], "file": "Seediq_Tgdaya/sdqCon-dialog2_ciwas_tiwas", "num": 99}]], "meta": {"topic": "sdqCon-dialog2_ciwas_tiwas", "type": "Conversation", "language": "賽德克語, Seediq, Tgdaya", "speaker": "蔡茂琳, Pawan Nawi, female, 1915", "collected": "1991-08-16", "revised": "2014-7-17", "video": "sdqCon-dialog2_ciwas_tiwas.mp3"}}