{"glosses": [[1, {"ori": [], "gloss": [["R:", "", ""], ["...", "", ""], ["uxe", "NEG", "否定"], ["cbeyo", "past", "以前"], ["a", "FIL", "FIL"], ["ita", "1IPL", "1IPL"], ["wa", "PART", "語助詞"], ["m-eepah.\\", "AF-work", "主焦-工作"]], "free": [], "s_end": false, "iu_a_span": [0.05, 2.59], "meta": {"topic": "sdqCon-dialog4_robo_bakan_ape", "type": "Conversation", "language": "賽德克語, Seediq, Tgdaya", "speaker": "曾鴛鴦, Robo Pihu, female, 1928", "collected": "None", "revised": "None", "video": "sdqCon-dialog4_robo_bakan_ape.mp3"}, "file": "Seediq_Tgdaya/sdqCon-dialog4_robo_bakan_ape", "num": 1}], [2, {"ori": [], "gloss": [["R:", "", ""], ["..", "", ""], ["m-eepah=ta", "AF-work=1EP.NOM", "主焦-工作=1EP.主格"], ["klaali", "every.day", "每天"], ["kes-o=ta", "say-PF.IRR=1EP.GEN", "說-受焦.非現實=1EP.屬格"], ["ho.\\", "PART", "語助詞"]], "free": ["#e No...we worked in the past. Let’s tell him we used to work every day.", "#c 不是...我們以前工作。我們來跟他說我們以前每天工作。"], "s_end": true, "iu_a_span": [2.59, 2.83], "meta": {"topic": "sdqCon-dialog4_robo_bakan_ape", "type": "Conversation", "language": "賽德克語, Seediq, Tgdaya", "speaker": "曾鴛鴦, Robo Pihu, female, 1928", "collected": "None", "revised": "None", "video": "sdqCon-dialog4_robo_bakan_ape.mp3"}, "s_a_span": [0.05, 2.83], "file": "Seediq_Tgdaya/sdqCon-dialog4_robo_bakan_ape", "num": 2}], [3, {"ori": [], "gloss": [["B:", "", ""], ["[a", "FIL", "FIL"], ["cbeyo", "past", "以前"], ["n^a==].\\", "PART", "語助詞"]], "free": ["#e In the past.", "#c 過去的時候。"], "s_end": true, "iu_a_span": [2.83, 5.91], "meta": {"topic": "sdqCon-dialog4_robo_bakan_ape", "type": "Conversation", "language": "賽德克語, Seediq, Tgdaya", "speaker": "曾鴛鴦, Robo Pihu, female, 1928", "collected": "None", "revised": "None", "video": "sdqCon-dialog4_robo_bakan_ape.mp3"}, "s_a_span": [2.83, 5.91], "file": "Seediq_Tgdaya/sdqCon-dialog4_robo_bakan_ape", "num": 3}], [4, {"ori": [], "gloss": [["R:", "", ""], ["...(0.9)", "", ""], ["[XXX]", "XXX", "XXX"], ["cbeyo", "past", "以前"], ["a", "FIL", "FIL"], ["m-eepah=ta", "AF-work=1IPL.NOM", "主焦-工作=1IPL.主格"], ["klaali", "every.day", "每天"], ["ita", "1IPL", "1IPL"], ["na.\\", "PART", "語助詞"]], "free": [], "s_end": false, "iu_a_span": [5.91, 7.35], "meta": {"topic": "sdqCon-dialog4_robo_bakan_ape", "type": "Conversation", "language": "賽德克語, Seediq, Tgdaya", "speaker": "曾鴛鴦, Robo Pihu, female, 1928", "collected": "None", "revised": "None", "video": "sdqCon-dialog4_robo_bakan_ape.mp3"}, "file": "Seediq_Tgdaya/sdqCon-dialog4_robo_bakan_ape", "num": 4}], [5, {"ori": [], "gloss": [["R:", "", ""], ["..", "", ""], ["a", "FIL", "FIL"], ["ini=ta", "NEG=1IPL.NOM", "否定=1IPL.主格"], ["gduru", "AF.rest", "主焦.休息"], ["ma==.\\", "then", "然後"]], "free": ["#e In the past, we worked every day, and we did not take a rest.", "#c 從前我們每天工作，而且我們不休息。"], "s_end": true, "iu_a_span": [7.35, 11.1], "meta": {"topic": "sdqCon-dialog4_robo_bakan_ape", "type": "Conversation", "language": "賽德克語, Seediq, Tgdaya", "speaker": "曾鴛鴦, Robo Pihu, female, 1928", "collected": "None", "revised": "None", "video": "sdqCon-dialog4_robo_bakan_ape.mp3"}, "s_a_span": [5.91, 11.1], "file": "Seediq_Tgdaya/sdqCon-dialog4_robo_bakan_ape", "num": 5}], [6, {"ori": [], "gloss": [["R:", "", ""], ["...", "", ""], ["ma", "then", "然後"], ["m-usa=ta", "AF-go=1IPL.NOM", "主焦=去-1IPL.主格"], ["m-eepah.\\", "AF-work", "主焦-工作"]], "free": [], "s_end": false, "iu_a_span": [11.1, 13.71], "meta": {"topic": "sdqCon-dialog4_robo_bakan_ape", "type": "Conversation", "language": "賽德克語, Seediq, Tgdaya", "speaker": "曾鴛鴦, Robo Pihu, female, 1928", "collected": "None", "revised": "None", "video": "sdqCon-dialog4_robo_bakan_ape.mp3"}, "file": "Seediq_Tgdaya/sdqCon-dialog4_robo_bakan_ape", "num": 6}], [7, {"ori": [], "gloss": [["R:", "", ""], ["...", "", ""], ["kika", "thus", "所以"], ["p<n>eyah=ta", "AF<PFV>come=1IPL.NOM", "主焦<完成>來=1IPL.主格"], ["neepah", "field", "田"], ["dungan", "again", "又"], ["ma", "then", "然後"], ["m-apa=ta", "AF-carry.on.back=1IPL.NOM", "主焦-背=1IPL.主格"], ["qhuni.\\", "tree", "樹"]], "free": ["#e And we went to work. On our way back, we carried woods on our back.", "#c 而且我們去工作，回來的時候，我們又背木材。"], "s_end": true, "iu_a_span": [13.71, 15.76], "meta": {"topic": "sdqCon-dialog4_robo_bakan_ape", "type": "Conversation", "language": "賽德克語, Seediq, Tgdaya", "speaker": "曾鴛鴦, Robo Pihu, female, 1928", "collected": "None", "revised": "None", "video": "sdqCon-dialog4_robo_bakan_ape.mp3"}, "s_a_span": [11.1, 15.76], "file": "Seediq_Tgdaya/sdqCon-dialog4_robo_bakan_ape", "num": 7}], [8, {"ori": [], "gloss": [["R:", "", ""], ["..", "", ""], ["te", "DM", "DM"], ["m-apa=ta", "AF-carry.on.back", "主焦-背"], ["laqi", "child", "小孩"], ["uri.\\", "also", "也"]], "free": [], "s_end": false, "iu_a_span": [15.76, 18.84], "meta": {"topic": "sdqCon-dialog4_robo_bakan_ape", "type": "Conversation", "language": "賽德克語, Seediq, Tgdaya", "speaker": "曾鴛鴦, Robo Pihu, female, 1928", "collected": "None", "revised": "None", "video": "sdqCon-dialog4_robo_bakan_ape.mp3"}, "file": "Seediq_Tgdaya/sdqCon-dialog4_robo_bakan_ape", "num": 8}], [9, {"ori": [], "gloss": [["R:", "", ""], ["...", "", ""], ["paan-un", "carry.on.back-PF", "背-受焦"], ["hiya", "there", "那裡"], ["ka", "NOM", "主格"], ["laqi.\\", "child", "小孩"]], "free": [], "s_end": false, "iu_a_span": [18.84, 20.71], "meta": {"topic": "sdqCon-dialog4_robo_bakan_ape", "type": "Conversation", "language": "賽德克語, Seediq, Tgdaya", "speaker": "曾鴛鴦, Robo Pihu, female, 1928", "collected": "None", "revised": "None", "video": "sdqCon-dialog4_robo_bakan_ape.mp3"}, "file": "Seediq_Tgdaya/sdqCon-dialog4_robo_bakan_ape", "num": 9}], [10, {"ori": [], "gloss": [["R:", "", ""], ["..", "", ""], ["paan-un", "carry.on.back-PF", "背-受焦"], ["bobo", "above", "上面"], ["qhuni", "tree", "樹"], ["ka", "NOM", "主焦"], ["laqi.\\", "child", "小孩"]], "free": ["#e We carried children on our back as well, carrying children there on the woord", "#c 我們還要背小孩，小孩背在那裡，在木材上。"], "s_end": true, "iu_a_span": [20.71, 22.01], "meta": {"topic": "sdqCon-dialog4_robo_bakan_ape", "type": "Conversation", "language": "賽德克語, Seediq, Tgdaya", "speaker": "曾鴛鴦, Robo Pihu, female, 1928", "collected": "None", "revised": "None", "video": "sdqCon-dialog4_robo_bakan_ape.mp3"}, "s_a_span": [15.76, 22.01], "file": "Seediq_Tgdaya/sdqCon-dialog4_robo_bakan_ape", "num": 10}], [11, {"ori": [], "gloss": [["R:", "", ""], ["...", "", ""], ["e", "FIL", "FIL"], ["m-eyah=ta", "AF-come=1PL.NOM", "主焦-來=1PL.主格"], ["sapah", "house", "家"], ["dungan", "again", "再"], ["m-tahu=ta", "AF-make.fire=1IPL.NOM", "主焦-生火=1IPL.主格"], ["puniq.\\", "fire", "火"]], "free": ["#e We came home and we made fire.", "#c 我們回家，又要生火。"], "s_end": true, "iu_a_span": [22.01, 24.08], "meta": {"topic": "sdqCon-dialog4_robo_bakan_ape", "type": "Conversation", "language": "賽德克語, Seediq, Tgdaya", "speaker": "曾鴛鴦, Robo Pihu, female, 1928", "collected": "None", "revised": "None", "video": "sdqCon-dialog4_robo_bakan_ape.mp3"}, "s_a_span": [22.01, 24.08], "file": "Seediq_Tgdaya/sdqCon-dialog4_robo_bakan_ape", "num": 11}], [12, {"ori": [], "gloss": [["R:", "", ""], ["...", "", ""], ["pure=ta", "AF.boil=1IPL.NOM", "主焦.煮=1IPL.主格"], ["<L2JoyuL2J>.\\", "water", "水"]], "free": [], "s_end": false, "iu_a_span": [24.08, 26.76], "meta": {"topic": "sdqCon-dialog4_robo_bakan_ape", "type": "Conversation", "language": "賽德克語, Seediq, Tgdaya", "speaker": "曾鴛鴦, Robo Pihu, female, 1928", "collected": "None", "revised": "None", "video": "sdqCon-dialog4_robo_bakan_ape.mp3"}, "file": "Seediq_Tgdaya/sdqCon-dialog4_robo_bakan_ape", "num": 12}], [13, {"ori": [], "gloss": [["R:", "", ""], ["..", "", ""], ["pure=ta", "AF.boil=1IPL.NOM", "主焦.煮=1IPL.主格"], ["ido.\\", "rice", "飯"]], "free": [], "s_end": false, "iu_a_span": [26.76, 27.93], "meta": {"topic": "sdqCon-dialog4_robo_bakan_ape", "type": "Conversation", "language": "賽德克語, Seediq, Tgdaya", "speaker": "曾鴛鴦, Robo Pihu, female, 1928", "collected": "None", "revised": "None", "video": "sdqCon-dialog4_robo_bakan_ape.mp3"}, "file": "Seediq_Tgdaya/sdqCon-dialog4_robo_bakan_ape", "num": 13}], [14, {"ori": [], "gloss": [["R:", "", ""], ["..", "", ""], ["t--", "FS", "FS"], ["a==", "FIL", "FIL"], ["trima=ta", "AF.bathe=1IPL.NOM", "主焦.洗澡=1IPL.主格"], ["laqi.\\", "child", "小孩"]], "free": ["#e And then we boil water and cooked rice. We bathed the children.", "#c (然後)我們煮洗澡水和煮飯。我們給小孩洗澡。"], "s_end": true, "iu_a_span": [27.93, 29.0], "meta": {"topic": "sdqCon-dialog4_robo_bakan_ape", "type": "Conversation", "language": "賽德克語, Seediq, Tgdaya", "speaker": "曾鴛鴦, Robo Pihu, female, 1928", "collected": "None", "revised": "None", "video": "sdqCon-dialog4_robo_bakan_ape.mp3"}, "s_a_span": [24.08, 29.0], "file": "Seediq_Tgdaya/sdqCon-dialog4_robo_bakan_ape", "num": 14}], [15, {"ori": [], "gloss": [["R:", "", ""], ["...", "", ""], ["na", "PART", "語助詞"], ["un", "yes", "是"], ["ma", "then", "然後"], ["kika==.\\", "thus", "所以"]], "free": [], "s_end": false, "iu_a_span": [29.0, 31.01], "meta": {"topic": "sdqCon-dialog4_robo_bakan_ape", "type": "Conversation", "language": "賽德克語, Seediq, Tgdaya", "speaker": "曾鴛鴦, Robo Pihu, female, 1928", "collected": "None", "revised": "None", "video": "sdqCon-dialog4_robo_bakan_ape.mp3"}, "file": "Seediq_Tgdaya/sdqCon-dialog4_robo_bakan_ape", "num": 15}], [16, {"ori": [], "gloss": [["R:", "", ""], ["...", "", ""], ["laqi", "child", "小孩"], ["ma", "then", "然後"], ["taqi=ta.\\", "sleep=1IPL", "睡覺=1IPL"]], "free": ["#n ga taqi ka heya「他正在睡覺」。", "#n ga taqi ka heya「他正在睡覺」。"], "s_end": false, "iu_a_span": [31.01, 33.16], "meta": {"topic": "sdqCon-dialog4_robo_bakan_ape", "type": "Conversation", "language": "賽德克語, Seediq, Tgdaya", "speaker": "曾鴛鴦, Robo Pihu, female, 1928", "collected": "None", "revised": "None", "video": "sdqCon-dialog4_robo_bakan_ape.mp3"}, "file": "Seediq_Tgdaya/sdqCon-dialog4_robo_bakan_ape", "num": 16}], [17, {"ori": [], "gloss": [["R:", "", ""], ["..", "", ""], ["kika", "thus", "所以"], ["qdal-un", "feed-PF", "餵-受焦"], ["ido", "rice", "飯"], ["laqi", "child", "小孩"], ["han", "first", "先"], ["ma.\\", "then", "然後"]], "free": [], "s_end": false, "iu_a_span": [33.16, 34.62], "meta": {"topic": "sdqCon-dialog4_robo_bakan_ape", "type": "Conversation", "language": "賽德克語, Seediq, Tgdaya", "speaker": "曾鴛鴦, Robo Pihu, female, 1928", "collected": "None", "revised": "None", "video": "sdqCon-dialog4_robo_bakan_ape.mp3"}, "file": "Seediq_Tgdaya/sdqCon-dialog4_robo_bakan_ape", "num": 17}], [18, {"ori": [], "gloss": [["R:", "", ""], ["..", "", ""], ["kika", "thus", "所以"], ["taqi", "AF.sleep", "主焦.睡"], ["bobo=na.\\", "afterwards=3SG.GEN", "後來=3SG.屬格"]], "free": ["#e Yes, children went to sleep, and before that we fed children first. Then children slept.", "#c 是這樣，小孩去睡覺，之前，我們給小孩子餵飯。然後小孩睡覺。"], "s_end": true, "iu_a_span": [34.62, 36.71], "meta": {"topic": "sdqCon-dialog4_robo_bakan_ape", "type": "Conversation", "language": "賽德克語, Seediq, Tgdaya", "speaker": "曾鴛鴦, Robo Pihu, female, 1928", "collected": "None", "revised": "None", "video": "sdqCon-dialog4_robo_bakan_ape.mp3"}, "s_a_span": [29.0, 36.71], "file": "Seediq_Tgdaya/sdqCon-dialog4_robo_bakan_ape", "num": 18}], [19, {"ori": [], "gloss": [["R:", "", ""], ["..", "", ""], ["so", "like", "像"], ["kiya", "that", "那個"], ["ka", "KA", "KA"], ["<L2JkurusiL2J>.\\", "NOM", "主格"]], "free": [], "s_end": false, "iu_a_span": [36.71, 38.26], "meta": {"topic": "sdqCon-dialog4_robo_bakan_ape", "type": "Conversation", "language": "賽德克語, Seediq, Tgdaya", "speaker": "曾鴛鴦, Robo Pihu, female, 1928", "collected": "None", "revised": "None", "video": "sdqCon-dialog4_robo_bakan_ape.mp3"}, "file": "Seediq_Tgdaya/sdqCon-dialog4_robo_bakan_ape", "num": 19}], [20, {"ori": [], "gloss": [["R:", "", ""], ["so", "like", "像"], ["kiya", "that", "那個"], ["a==.\\", "FIL", "FIL"]], "free": [], "s_end": false, "iu_a_span": [38.26, 39.44], "meta": {"topic": "sdqCon-dialog4_robo_bakan_ape", "type": "Conversation", "language": "賽德克語, Seediq, Tgdaya", "speaker": "曾鴛鴦, Robo Pihu, female, 1928", "collected": "None", "revised": "None", "video": "sdqCon-dialog4_robo_bakan_ape.mp3"}, "file": "Seediq_Tgdaya/sdqCon-dialog4_robo_bakan_ape", "num": 20}], [21, {"ori": [], "gloss": [["R:", "", ""], ["..", "", ""], ["so", "like", "像"], ["kiya", "that", "那樣"], ["ka", "KA", "KA"], ["ndaan=nami", "experience=1EPL.GEN", "經驗=1EPL.屬格"], ["cbeyo.\\", "past", "以前"]], "free": ["#e It was like that hard. That was our experience in the past.", "#c 就是像那樣辛苦。那就是從前的經歷。"], "s_end": true, "iu_a_span": [39.44, 40.93], "meta": {"topic": "sdqCon-dialog4_robo_bakan_ape", "type": "Conversation", "language": "賽德克語, Seediq, Tgdaya", "speaker": "曾鴛鴦, Robo Pihu, female, 1928", "collected": "None", "revised": "None", "video": "sdqCon-dialog4_robo_bakan_ape.mp3"}, "s_a_span": [36.71, 40.93], "file": "Seediq_Tgdaya/sdqCon-dialog4_robo_bakan_ape", "num": 21}], [22, {"ori": [], "gloss": [["R:", "", ""], ["[XXX].\\", "XXX", "XXX"]], "free": [], "s_end": false, "iu_a_span": [40.93, 44.0], "meta": {"topic": "sdqCon-dialog4_robo_bakan_ape", "type": "Conversation", "language": "賽德克語, Seediq, Tgdaya", "speaker": "曾鴛鴦, Robo Pihu, female, 1928", "collected": "None", "revised": "None", "video": "sdqCon-dialog4_robo_bakan_ape.mp3"}, "file": "Seediq_Tgdaya/sdqCon-dialog4_robo_bakan_ape", "num": 22}], [23, {"ori": [], "gloss": [["B:", "", ""], ["...(1.0)", "", ""], ["henu", "DM", "DM"], ["han", "first", "先"], ["robo.\\", "PN", "人名"]], "free": ["#e Robo, that thing.", "#c Robo，那件事。"], "s_end": true, "iu_a_span": [44.0, 44.0], "meta": {"topic": "sdqCon-dialog4_robo_bakan_ape", "type": "Conversation", "language": "賽德克語, Seediq, Tgdaya", "speaker": "曾鴛鴦, Robo Pihu, female, 1928", "collected": "None", "revised": "None", "video": "sdqCon-dialog4_robo_bakan_ape.mp3"}, "s_a_span": [40.93, 44.0], "file": "Seediq_Tgdaya/sdqCon-dialog4_robo_bakan_ape", "num": 23}], [24, {"ori": [], "gloss": [["R:", "", ""], ["[kiya", "that", "那個"], ["XXX.\\]", "", ""]], "free": [], "s_end": false, "iu_a_span": [44.0, 45.79], "meta": {"topic": "sdqCon-dialog4_robo_bakan_ape", "type": "Conversation", "language": "賽德克語, Seediq, Tgdaya", "speaker": "曾鴛鴦, Robo Pihu, female, 1928", "collected": "None", "revised": "None", "video": "sdqCon-dialog4_robo_bakan_ape.mp3"}, "file": "Seediq_Tgdaya/sdqCon-dialog4_robo_bakan_ape", "num": 24}], [25, {"ori": [], "gloss": [["B:", "", ""], ["..", "", ""], ["a", "FIL", "FIL"], ["henu", "DM", "DM"], ["han", "first", "先"], ["robo", "PN", "人名"], ["ms-sbarux=ta", "REC-return.labor=1IPL.NOM", "交互-還工=1IPL.主格"], ["[klaali", "every.day", "每天"], ["han", "first", "先"], ["ma]==.\\", "then", "然後"]], "free": ["#e We often exchanged labors in the past.", "#c 我們以前常常會交換工作。", "#n smbarux還工；sntuku pila賺錢；sntuku借工。"], "s_end": true, "iu_a_span": [45.79, 46.33], "meta": {"topic": "sdqCon-dialog4_robo_bakan_ape", "type": "Conversation", "language": "賽德克語, Seediq, Tgdaya", "speaker": "曾鴛鴦, Robo Pihu, female, 1928", "collected": "None", "revised": "None", "video": "sdqCon-dialog4_robo_bakan_ape.mp3"}, "s_a_span": [44.0, 46.33], "file": "Seediq_Tgdaya/sdqCon-dialog4_robo_bakan_ape", "num": 25}], [26, {"ori": [], "gloss": [["R:", "", ""], ["[un", "yes", "是"], ["kiya", "like", "那個"], ["kiya].\\", "like", "那個"]], "free": [], "s_end": false, "iu_a_span": [46.33, 48.33], "meta": {"topic": "sdqCon-dialog4_robo_bakan_ape", "type": "Conversation", "language": "賽德克語, Seediq, Tgdaya", "speaker": "曾鴛鴦, Robo Pihu, female, 1928", "collected": "None", "revised": "None", "video": "sdqCon-dialog4_robo_bakan_ape.mp3"}, "file": "Seediq_Tgdaya/sdqCon-dialog4_robo_bakan_ape", "num": 26}], [27, {"ori": [], "gloss": [["B:", "", ""], ["a==.\\", "FIL", "FIL"]], "free": [], "s_end": false, "iu_a_span": [48.33, 49.76], "meta": {"topic": "sdqCon-dialog4_robo_bakan_ape", "type": "Conversation", "language": "賽德克語, Seediq, Tgdaya", "speaker": "曾鴛鴦, Robo Pihu, female, 1928", "collected": "None", "revised": "None", "video": "sdqCon-dialog4_robo_bakan_ape.mp3"}, "file": "Seediq_Tgdaya/sdqCon-dialog4_robo_bakan_ape", "num": 27}], [28, {"ori": [], "gloss": [["B:", "", ""], ["...", "", ""], ["m-sbarux=ta", "AF-return.labor=1IPL.NOM", "主焦-還工=1IPL.主格"], ["klaali", "every.day", "每天"], ["q<n>burung", "<PF.PFV>shear", "<受焦.完成>割"], ["<L2JkosuyL2J>", "lemon.grass", "香茅草"], ["han.\\", "first", "先"]], "free": ["#e We often sheared lemon grass in return.", "#c 我們常常割香茅草還工。"], "s_end": true, "iu_a_span": [49.76, 50.92], "meta": {"topic": "sdqCon-dialog4_robo_bakan_ape", "type": "Conversation", "language": "賽德克語, Seediq, Tgdaya", "speaker": "曾鴛鴦, Robo Pihu, female, 1928", "collected": "None", "revised": "None", "video": "sdqCon-dialog4_robo_bakan_ape.mp3"}, "s_a_span": [46.33, 50.92], "file": "Seediq_Tgdaya/sdqCon-dialog4_robo_bakan_ape", "num": 28}], [29, {"ori": [], "gloss": [["R:", "", ""], ["un.\\", "yes", "是"]], "free": [], "s_end": false, "iu_a_span": [50.92, 52.94], "meta": {"topic": "sdqCon-dialog4_robo_bakan_ape", "type": "Conversation", "language": "賽德克語, Seediq, Tgdaya", "speaker": "曾鴛鴦, Robo Pihu, female, 1928", "collected": "None", "revised": "None", "video": "sdqCon-dialog4_robo_bakan_ape.mp3"}, "file": "Seediq_Tgdaya/sdqCon-dialog4_robo_bakan_ape", "num": 29}], [30, {"ori": [], "gloss": [["B:", "", ""], ["a==.\\", "FIL", "FIL"]], "free": [], "s_end": false, "iu_a_span": [52.94, 53.63], "meta": {"topic": "sdqCon-dialog4_robo_bakan_ape", "type": "Conversation", "language": "賽德克語, Seediq, Tgdaya", "speaker": "曾鴛鴦, Robo Pihu, female, 1928", "collected": "None", "revised": "None", "video": "sdqCon-dialog4_robo_bakan_ape.mp3"}, "file": "Seediq_Tgdaya/sdqCon-dialog4_robo_bakan_ape", "num": 30}], [31, {"ori": [], "gloss": [["B:", "", ""], ["...(1.0)", "", ""], ["m-usa=ta", "AF-go=1IPL.NOM", "主焦-去=1IPL.主格"], ["kn--", "FS", "FS"], ["a==.\\", "FIL", "FIL"]], "free": [], "s_end": false, "iu_a_span": [53.63, 55.34], "meta": {"topic": "sdqCon-dialog4_robo_bakan_ape", "type": "Conversation", "language": "賽德克語, Seediq, Tgdaya", "speaker": "曾鴛鴦, Robo Pihu, female, 1928", "collected": "None", "revised": "None", "video": "sdqCon-dialog4_robo_bakan_ape.mp3"}, "file": "Seediq_Tgdaya/sdqCon-dialog4_robo_bakan_ape", "num": 31}], [32, {"ori": [], "gloss": [["B:", "", ""], ["kika", "thus", "所以"], ["s<m>barux", "<AF>return.labor", "<主焦>還工"], ["hbaro", "many", "多"], ["seediq", "people", "人"], ["q<n>burung", "<PF.PFV>shear", "<受焦.完成>割"], ["<L2JkosuyL2J>", "lemon.grass", "香茅草"], ["ma.\\", "then", "然後"]], "free": ["#e Many people helped each other shear lemon grass.", "#c 很多人互相幫忙收割香茅草。", "#n hbaro用在很多人的情況。"], "s_end": true, "iu_a_span": [55.34, 56.32], "meta": {"topic": "sdqCon-dialog4_robo_bakan_ape", "type": "Conversation", "language": "賽德克語, Seediq, Tgdaya", "speaker": "曾鴛鴦, Robo Pihu, female, 1928", "collected": "None", "revised": "None", "video": "sdqCon-dialog4_robo_bakan_ape.mp3"}, "s_a_span": [50.92, 56.32], "file": "Seediq_Tgdaya/sdqCon-dialog4_robo_bakan_ape", "num": 32}], [33, {"ori": [], "gloss": [["B:", "", ""], ["akedu", "so.much", "這麼多"], ["bale", "real", "真的"], ["a==.\\", "FIL", "FIL"]], "free": [], "s_end": false, "iu_a_span": [56.32, 59.03], "meta": {"topic": "sdqCon-dialog4_robo_bakan_ape", "type": "Conversation", "language": "賽德克語, Seediq, Tgdaya", "speaker": "曾鴛鴦, Robo Pihu, female, 1928", "collected": "None", "revised": "None", "video": "sdqCon-dialog4_robo_bakan_ape.mp3"}, "file": "Seediq_Tgdaya/sdqCon-dialog4_robo_bakan_ape", "num": 33}], [34, {"ori": [], "gloss": [["B:", "", ""], ["..", "", ""], ["ma=ta", "why=1IPL.NOM", "為什麼=1IPL.主格"], ["<L2JdekiruL2J>", "possible", "能"], ["ciida", "at.that.time", "當時"], ["robo", "PN", "地名"], ["ha", "PART", "語助詞"], ["[kteetu", "slope", "上坡路"], ["a==].\\", "FIL", "FIL"]], "free": ["#e Robo, how could we do that at that time?", "#c Robo，我們那時候怎麼能那樣？"], "s_end": true, "iu_a_span": [59.03, 60.82], "meta": {"topic": "sdqCon-dialog4_robo_bakan_ape", "type": "Conversation", "language": "賽德克語, Seediq, Tgdaya", "speaker": "曾鴛鴦, Robo Pihu, female, 1928", "collected": "None", "revised": "None", "video": "sdqCon-dialog4_robo_bakan_ape.mp3"}, "s_a_span": [56.32, 60.82], "file": "Seediq_Tgdaya/sdqCon-dialog4_robo_bakan_ape", "num": 34}], [35, {"ori": [], "gloss": [["R:", "", ""], ["[un", "yes", "是"], ["kiya", "that", "那個"], ["han].\\", "first", "先"]], "free": [], "s_end": false, "iu_a_span": [60.82, 63.04], "meta": {"topic": "sdqCon-dialog4_robo_bakan_ape", "type": "Conversation", "language": "賽德克語, Seediq, Tgdaya", "speaker": "曾鴛鴦, Robo Pihu, female, 1928", "collected": "None", "revised": "None", "video": "sdqCon-dialog4_robo_bakan_ape.mp3"}, "file": "Seediq_Tgdaya/sdqCon-dialog4_robo_bakan_ape", "num": 35}], [36, {"ori": [], "gloss": [["B:", "", ""], ["m-kesa", "AF-walk", "主焦-走"], ["ini", "NEG", "否定"], ["taapa", "AF.ride", "主焦.去"], ["rulu", "car", "車"], ["uri", "also", "也"], ["naqah", "AF.bad", "主焦.壞"], ["elu", "road", "路"], ["duri", "also", "也"], ["ma.\\", "then", "然後"]], "free": ["#e We walked on slopes. We could not take a car, and the road was lousy.", "#c 我們走上坡路。我們沒辦法搭車，路又很糟。"], "s_end": true, "iu_a_span": [63.04, 63.83], "meta": {"topic": "sdqCon-dialog4_robo_bakan_ape", "type": "Conversation", "language": "賽德克語, Seediq, Tgdaya", "speaker": "曾鴛鴦, Robo Pihu, female, 1928", "collected": "None", "revised": "None", "video": "sdqCon-dialog4_robo_bakan_ape.mp3"}, "s_a_span": [60.82, 63.83], "file": "Seediq_Tgdaya/sdqCon-dialog4_robo_bakan_ape", "num": 36}], [37, {"ori": [], "gloss": [["B:", "", ""], ["..", "", ""], ["a==.\\", "FIL", "FIL"]], "free": [], "s_end": false, "iu_a_span": [63.83, 67.23], "meta": {"topic": "sdqCon-dialog4_robo_bakan_ape", "type": "Conversation", "language": "賽德克語, Seediq, Tgdaya", "speaker": "曾鴛鴦, Robo Pihu, female, 1928", "collected": "None", "revised": "None", "video": "sdqCon-dialog4_robo_bakan_ape.mp3"}, "file": "Seediq_Tgdaya/sdqCon-dialog4_robo_bakan_ape", "num": 37}], [38, {"ori": [], "gloss": [["B:", "", ""], ["..", "", ""], ["ma", "then", "然後"], ["uxe", "NEG", "否定"], ["bale", "real", "真的"], ["<L2JkangtangL2J>", "easy", "容易"], ["kiya", "that", "那個"], ["di", "PFV.PART", "過去.語助詞"], ["a==.\\", "FIL", "FIL"]], "free": ["#e That was really not easy.", "#c 那真的不簡單。"], "s_end": true, "iu_a_span": [67.23, 68.25], "meta": {"topic": "sdqCon-dialog4_robo_bakan_ape", "type": "Conversation", "language": "賽德克語, Seediq, Tgdaya", "speaker": "曾鴛鴦, Robo Pihu, female, 1928", "collected": "None", "revised": "None", "video": "sdqCon-dialog4_robo_bakan_ape.mp3"}, "s_a_span": [63.83, 68.25], "file": "Seediq_Tgdaya/sdqCon-dialog4_robo_bakan_ape", "num": 38}], [39, {"ori": [], "gloss": [["B:", "", ""], ["...", "", ""], ["uka=ta", "NEG.EXIST=1IPL.NOM", "否定.存在=1IPL.主格"], ["<L2JkucuL2J>", "shoe", "鞋子"], ["duri", "also", "也"], ["cbeyo", "past", "以前"], ["a==.\\", "FIL", "FIL"]], "free": ["#e There were no shoes in the past, either", "#c 以前也沒有鞋子。"], "s_end": true, "iu_a_span": [68.25, 70.85], "meta": {"topic": "sdqCon-dialog4_robo_bakan_ape", "type": "Conversation", "language": "賽德克語, Seediq, Tgdaya", "speaker": "曾鴛鴦, Robo Pihu, female, 1928", "collected": "None", "revised": "None", "video": "sdqCon-dialog4_robo_bakan_ape.mp3"}, "s_a_span": [68.25, 70.85], "file": "Seediq_Tgdaya/sdqCon-dialog4_robo_bakan_ape", "num": 39}], [40, {"ori": [], "gloss": [["B:", "", ""], ["..", "", ""], ["[m-usa", "AF-go", "主焦-去"], ["a==]", "FIL", "FIL"], ["m-eepah", "AF-work", "主焦-工作"], ["na.\\", "PART", "語助詞"]], "free": [], "s_end": false, "iu_a_span": [70.85, 74.03], "meta": {"topic": "sdqCon-dialog4_robo_bakan_ape", "type": "Conversation", "language": "賽德克語, Seediq, Tgdaya", "speaker": "曾鴛鴦, Robo Pihu, female, 1928", "collected": "None", "revised": "None", "video": "sdqCon-dialog4_robo_bakan_ape.mp3"}, "file": "Seediq_Tgdaya/sdqCon-dialog4_robo_bakan_ape", "num": 40}], [41, {"ori": [], "gloss": [["R:", "", ""], ["[<L2JhadasiL2J>]", "barefoot", "赤腳"]], "free": [], "s_end": false, "iu_a_span": [74.03, 74.12], "meta": {"topic": "sdqCon-dialog4_robo_bakan_ape", "type": "Conversation", "language": "賽德克語, Seediq, Tgdaya", "speaker": "曾鴛鴦, Robo Pihu, female, 1928", "collected": "None", "revised": "None", "video": "sdqCon-dialog4_robo_bakan_ape.mp3"}, "file": "Seediq_Tgdaya/sdqCon-dialog4_robo_bakan_ape", "num": 41}], [42, {"ori": [], "gloss": [["R:", "", ""], ["<L2JhadasiL2J>", "barefoot", "赤腳"], ["na.\\", "PART", "語助詞"]], "free": [], "s_end": false, "iu_a_span": [74.12, 75.57], "meta": {"topic": "sdqCon-dialog4_robo_bakan_ape", "type": "Conversation", "language": "賽德克語, Seediq, Tgdaya", "speaker": "曾鴛鴦, Robo Pihu, female, 1928", "collected": "None", "revised": "None", "video": "sdqCon-dialog4_robo_bakan_ape.mp3"}, "file": "Seediq_Tgdaya/sdqCon-dialog4_robo_bakan_ape", "num": 42}], [43, {"ori": [], "gloss": [["B:", "", ""], ["<L2JhadasiL2J>", "barefoot", "赤腳"], ["duri.\\", "also", "也"]], "free": ["#e We went to work barefoot.", "#c 我們赤腳去工作。"], "s_end": true, "iu_a_span": [75.57, 76.37], "meta": {"topic": "sdqCon-dialog4_robo_bakan_ape", "type": "Conversation", "language": "賽德克語, Seediq, Tgdaya", "speaker": "曾鴛鴦, Robo Pihu, female, 1928", "collected": "None", "revised": "None", "video": "sdqCon-dialog4_robo_bakan_ape.mp3"}, "s_a_span": [70.85, 76.37], "file": "Seediq_Tgdaya/sdqCon-dialog4_robo_bakan_ape", "num": 43}], [44, {"ori": [], "gloss": [["B:", "", ""], ["...", "", ""], ["cbeyo", "past", "以前"], ["riyung", "very", "非常"], ["kii", "that", "那個"], ["han", "first", "先"], ["na.\\", "PART", "語助詞"]], "free": ["#e That was even farther in the past.", "#c 那是更早以前。"], "s_end": true, "iu_a_span": [76.37, 77.77], "meta": {"topic": "sdqCon-dialog4_robo_bakan_ape", "type": "Conversation", "language": "賽德克語, Seediq, Tgdaya", "speaker": "曾鴛鴦, Robo Pihu, female, 1928", "collected": "None", "revised": "None", "video": "sdqCon-dialog4_robo_bakan_ape.mp3"}, "s_a_span": [76.37, 77.77], "file": "Seediq_Tgdaya/sdqCon-dialog4_robo_bakan_ape", "num": 44}], [45, {"ori": [], "gloss": [["R:", "", ""], ["un.\\", "yes", "是"]], "free": [], "s_end": false, "iu_a_span": [77.77, 78.68], "meta": {"topic": "sdqCon-dialog4_robo_bakan_ape", "type": "Conversation", "language": "賽德克語, Seediq, Tgdaya", "speaker": "曾鴛鴦, Robo Pihu, female, 1928", "collected": "None", "revised": "None", "video": "sdqCon-dialog4_robo_bakan_ape.mp3"}, "file": "Seediq_Tgdaya/sdqCon-dialog4_robo_bakan_ape", "num": 45}], [46, {"ori": [], "gloss": [["B:", "", ""], ["..", "", ""], ["ma", "then", "然後"], ["wano", "only", "只"], ["<L2JkosuyL2J>", "lemon.grass", "香茅草"], ["tikuh", "little", "小"], ["a", "FIL", "FIL"], ["henu", "DM", "DM"], ["han", "first", "先"], ["[bobo=na]", "afterwards=3SG.GEN", "之後=3SG.屬格"], ["de", "PFV.PART", "完成.語助詞"], ["kika", "thus", "所以"], ["m-huma=ta", "AF-plant=1IPL.NOM", "主焦-植種=1IPL.主格"], ["<L2JkesabaL2J>", "cassava", "木薯"], ["di", "PFV.PART", "完成.語助詞"], ["ma.\\", "then", "然後"]], "free": ["#e Only lemon grass was a little..., so we grew cassavas afterwards.", "#c 只有香茅草一點點那個，所以之後我們就種木薯。"], "s_end": true, "iu_a_span": [78.68, 79.41], "meta": {"topic": "sdqCon-dialog4_robo_bakan_ape", "type": "Conversation", "language": "賽德克語, Seediq, Tgdaya", "speaker": "曾鴛鴦, Robo Pihu, female, 1928", "collected": "None", "revised": "None", "video": "sdqCon-dialog4_robo_bakan_ape.mp3"}, "s_a_span": [77.77, 79.41], "file": "Seediq_Tgdaya/sdqCon-dialog4_robo_bakan_ape", "num": 46}], [47, {"ori": [], "gloss": [["R:", "", ""], ["[un].\\", "yes", "是"]], "free": [], "s_end": false, "iu_a_span": [79.41, 81.83], "meta": {"topic": "sdqCon-dialog4_robo_bakan_ape", "type": "Conversation", "language": "賽德克語, Seediq, Tgdaya", "speaker": "曾鴛鴦, Robo Pihu, female, 1928", "collected": "None", "revised": "None", "video": "sdqCon-dialog4_robo_bakan_ape.mp3"}, "file": "Seediq_Tgdaya/sdqCon-dialog4_robo_bakan_ape", "num": 47}], [48, {"ori": [], "gloss": [["R:", "", ""], ["[<L2JkesabaL2J>].\\", "cassava", "木薯"]], "free": [], "s_end": false, "iu_a_span": [81.83, 82.97], "meta": {"topic": "sdqCon-dialog4_robo_bakan_ape", "type": "Conversation", "language": "賽德克語, Seediq, Tgdaya", "speaker": "曾鴛鴦, Robo Pihu, female, 1928", "collected": "None", "revised": "None", "video": "sdqCon-dialog4_robo_bakan_ape.mp3"}, "file": "Seediq_Tgdaya/sdqCon-dialog4_robo_bakan_ape", "num": 48}], [49, {"ori": [], "gloss": [["B:", "", ""], ["..", "", ""], ["uhin=ta", "make.effort=1IPL.NOM", "努力=1IPL.主格"], ["tikuh", "little", "少"], ["<L2JcikauL2J>", "allowance", "零用錢"], ["laqi", "child", "小孩"], ["de", "PFV.PART", "完成.語助詞"], ["i", "FIL", "FIL"], ["bale", "real", "真的"], ["ba", "real", "真的"], ["<L2JkesabaL2J>", "cassava", "木薯"], ["<L2JninenkangL2J>", "two.years", "兩年"], ["[na].\\", "PART", "語助詞"]], "free": ["#e We worked as hard as possible so as to earn children’s allowance. We could only harvest cassavas once in two years.", "#c 為了孩子的花費，我們努力工作。木薯每兩年才收成一次。"], "s_end": true, "iu_a_span": [82.97, 84.41], "meta": {"topic": "sdqCon-dialog4_robo_bakan_ape", "type": "Conversation", "language": "賽德克語, Seediq, Tgdaya", "speaker": "曾鴛鴦, Robo Pihu, female, 1928", "collected": "None", "revised": "None", "video": "sdqCon-dialog4_robo_bakan_ape.mp3"}, "s_a_span": [79.41, 84.41], "file": "Seediq_Tgdaya/sdqCon-dialog4_robo_bakan_ape", "num": 49}], [50, {"ori": [], "gloss": [["R:", "", ""], ["..", "", ""], ["[un].\\", "yes", "是"]], "free": [], "s_end": false, "iu_a_span": [84.41, 88.12], "meta": {"topic": "sdqCon-dialog4_robo_bakan_ape", "type": "Conversation", "language": "賽德克語, Seediq, Tgdaya", "speaker": "曾鴛鴦, Robo Pihu, female, 1928", "collected": "None", "revised": "None", "video": "sdqCon-dialog4_robo_bakan_ape.mp3"}, "file": "Seediq_Tgdaya/sdqCon-dialog4_robo_bakan_ape", "num": 50}], [51, {"ori": [], "gloss": [["B:", "", ""], ["ga", "EXIST", "存在"], ["inu", "where", "哪裡"], ["uka=ta", "NEG.EXIST=1IPL.NOM", "否定.存在=1IPL.主格"], ["[naq", "self", "自己"], ["pila", "money", "錢"], ["di", "PFV.PART", "完成.語助詞"], ["ma]", "then", "然後"], ["ha", "FIL", "FIL"], ["<L2JtameL2J>", "child", "小孩"], ["na", "for", "為了"], ["laqi", "PART", "語助詞"], ["<L2JgakoL2J>", "child", "小孩"], ["di", "school", "學校"], ["ma.\\", "PFV.PART", "完成.語助詞"]], "free": [], "s_end": false, "iu_a_span": [88.12, 88.69], "meta": {"topic": "sdqCon-dialog4_robo_bakan_ape", "type": "Conversation", "language": "賽德克語, Seediq, Tgdaya", "speaker": "曾鴛鴦, Robo Pihu, female, 1928", "collected": "None", "revised": "None", "video": "sdqCon-dialog4_robo_bakan_ape.mp3"}, "file": "Seediq_Tgdaya/sdqCon-dialog4_robo_bakan_ape", "num": 51}], [52, {"ori": [], "gloss": [["R:", "", ""], ["[p-puuyas", "CAU-study", "使役-學習"], ["laqi", "child", "小孩"], ["do].\\", "PFV.PART", "完成.語助詞"]], "free": ["#e Let children study.", "#c 讓孩子念書。"], "s_end": true, "iu_a_span": [88.69, 90.05], "meta": {"topic": "sdqCon-dialog4_robo_bakan_ape", "type": "Conversation", "language": "賽德克語, Seediq, Tgdaya", "speaker": "曾鴛鴦, Robo Pihu, female, 1928", "collected": "None", "revised": "None", "video": "sdqCon-dialog4_robo_bakan_ape.mp3"}, "s_a_span": [84.41, 90.05], "file": "Seediq_Tgdaya/sdqCon-dialog4_robo_bakan_ape", "num": 52}], [53, {"ori": [], "gloss": [["B:", "", ""], ["wada=ta", "AUX.PST=1IPL.NOM", "助動詞.過去=1IPL.主格"], ["kriy-un", "dig-PF", "挖-受焦"], ["<L2JicinengL2J>", "one.year", "一年"], ["bale", "real", "真的"], ["di", "PFV.PART", "完成.語助詞"], ["na.\\", "PART", "語助詞"]], "free": ["#e We really had no money. To let children study at school, we dug (the cassavas) in only one year.", "#c 真的我們沒有錢。為了讓小孩去學校讀書，我們一年就挖了。"], "s_end": true, "iu_a_span": [90.05, 93.11], "meta": {"topic": "sdqCon-dialog4_robo_bakan_ape", "type": "Conversation", "language": "賽德克語, Seediq, Tgdaya", "speaker": "曾鴛鴦, Robo Pihu, female, 1928", "collected": "None", "revised": "None", "video": "sdqCon-dialog4_robo_bakan_ape.mp3"}, "s_a_span": [90.05, 93.11], "file": "Seediq_Tgdaya/sdqCon-dialog4_robo_bakan_ape", "num": 53}], [54, {"ori": [], "gloss": [["B:", "", ""], ["..", "", ""], ["m-usa=ta", "AF-go=1IPL.NOM", "主焦-去=1IPL.主格"], ["um.\\", "FIL", "FIL"]], "free": [], "s_end": false, "iu_a_span": [93.11, 95.95], "meta": {"topic": "sdqCon-dialog4_robo_bakan_ape", "type": "Conversation", "language": "賽德克語, Seediq, Tgdaya", "speaker": "曾鴛鴦, Robo Pihu, female, 1928", "collected": "None", "revised": "None", "video": "sdqCon-dialog4_robo_bakan_ape.mp3"}, "file": "Seediq_Tgdaya/sdqCon-dialog4_robo_bakan_ape", "num": 54}], [55, {"ori": [], "gloss": [["R:", "", ""], ["[kurusi", "hard", "辛苦"], ["k<m>ari", "<AF>dig", "<主焦>挖"], ["<L2JkesabaL2J>]", "cassava", "木薯"], ["na.\\", "PART", "語助詞"]], "free": ["#e Digging cassavas was toilsome.", "#c 挖木薯很辛苦。"], "s_end": true, "iu_a_span": [95.95, 96.14], "meta": {"topic": "sdqCon-dialog4_robo_bakan_ape", "type": "Conversation", "language": "賽德克語, Seediq, Tgdaya", "speaker": "曾鴛鴦, Robo Pihu, female, 1928", "collected": "None", "revised": "None", "video": "sdqCon-dialog4_robo_bakan_ape.mp3"}, "s_a_span": [93.11, 96.14], "file": "Seediq_Tgdaya/sdqCon-dialog4_robo_bakan_ape", "num": 55}], [56, {"ori": [], "gloss": [["B:", "", ""], ["un", "yes", "是"], ["ma=ta", "CONJ=1IPL.NOM", "連接詞=1IPL.主格"], ["kriy-un=ta", "dig-PF=1IPL.GEN", "挖-受焦=1IPL.屬格"], ["<L2JkesabaL2J>", "cassava", "木薯"], ["ma", "then", "然後"], ["kika.\\", "thus", "所以"]], "free": ["#ma的標記不確定。"], "s_end": false, "iu_a_span": [96.14, 97.22], "meta": {"topic": "sdqCon-dialog4_robo_bakan_ape", "type": "Conversation", "language": "賽德克語, Seediq, Tgdaya", "speaker": "曾鴛鴦, Robo Pihu, female, 1928", "collected": "None", "revised": "None", "video": "sdqCon-dialog4_robo_bakan_ape.mp3"}, "file": "Seediq_Tgdaya/sdqCon-dialog4_robo_bakan_ape", "num": 56}], [57, {"ori": [], "gloss": [["B:", "", ""], ["...", "", ""], ["[phdag-un]=ta", "dry-PF=1IPL.GEN", "曬乾-受焦=1IPL.屬格"], ["han", "first", "先"], ["ma", "then", "然後"], ["[kika].\\", "thus", "所以"]], "free": [], "s_end": false, "iu_a_span": [97.22, 100.31], "meta": {"topic": "sdqCon-dialog4_robo_bakan_ape", "type": "Conversation", "language": "賽德克語, Seediq, Tgdaya", "speaker": "曾鴛鴦, Robo Pihu, female, 1928", "collected": "None", "revised": "None", "video": "sdqCon-dialog4_robo_bakan_ape.mp3"}, "file": "Seediq_Tgdaya/sdqCon-dialog4_robo_bakan_ape", "num": 57}], [58, {"ori": [], "gloss": [["R:", "", ""], ["[kika].\\", "thus", "所以"]], "free": [], "s_end": false, "iu_a_span": [100.31, 100.8], "meta": {"topic": "sdqCon-dialog4_robo_bakan_ape", "type": "Conversation", "language": "賽德克語, Seediq, Tgdaya", "speaker": "曾鴛鴦, Robo Pihu, female, 1928", "collected": "None", "revised": "None", "video": "sdqCon-dialog4_robo_bakan_ape.mp3"}, "file": "Seediq_Tgdaya/sdqCon-dialog4_robo_bakan_ape", "num": 58}], [59, {"ori": [], "gloss": [["R:", "", ""], ["[kika]", "thus", "所以"], ["brig-un=na==", "sell-PF=3SG.GEN", "賣-受焦=3SG.屬格"], ["<L2JcusacuL2J>", "register", "註冊"], ["[laqi].\\", "child", "小孩"]], "free": [], "s_end": false, "iu_a_span": [100.8, 101.64], "meta": {"topic": "sdqCon-dialog4_robo_bakan_ape", "type": "Conversation", "language": "賽德克語, Seediq, Tgdaya", "speaker": "曾鴛鴦, Robo Pihu, female, 1928", "collected": "None", "revised": "None", "video": "sdqCon-dialog4_robo_bakan_ape.mp3"}, "file": "Seediq_Tgdaya/sdqCon-dialog4_robo_bakan_ape", "num": 59}], [60, {"ori": [], "gloss": [["B:", "", ""], ["[<L2JcusacuL2J>]", "register", "註冊"], ["laqi", "child", "小孩"], ["na.\\", "PART", "語助詞"]], "free": ["#e Yes, we dug cassavas and then sun-dried them first. And sold them to register children at school.", "#c 是，我們挖木薯，然後先曬乾。然後賣掉讓小孩學校註冊。"], "s_end": true, "iu_a_span": [101.64, 102.87], "meta": {"topic": "sdqCon-dialog4_robo_bakan_ape", "type": "Conversation", "language": "賽德克語, Seediq, Tgdaya", "speaker": "曾鴛鴦, Robo Pihu, female, 1928", "collected": "None", "revised": "None", "video": "sdqCon-dialog4_robo_bakan_ape.mp3"}, "s_a_span": [96.14, 102.87], "file": "Seediq_Tgdaya/sdqCon-dialog4_robo_bakan_ape", "num": 60}], [61, {"ori": [], "gloss": [["R:", "", ""], ["un.\\", "yes", "是"]], "free": [], "s_end": false, "iu_a_span": [102.87, 104.55], "meta": {"topic": "sdqCon-dialog4_robo_bakan_ape", "type": "Conversation", "language": "賽德克語, Seediq, Tgdaya", "speaker": "曾鴛鴦, Robo Pihu, female, 1928", "collected": "None", "revised": "None", "video": "sdqCon-dialog4_robo_bakan_ape.mp3"}, "file": "Seediq_Tgdaya/sdqCon-dialog4_robo_bakan_ape", "num": 61}], [62, {"ori": [], "gloss": [["B:", "", ""], ["..", "", ""], ["a", "FIL", "FIL"], ["m-uhin=ta", "AF-make.effort=1IPL.NOM", "主焦-努力=1IPL.主格"], ["han", "fist", "先"], ["[uka]=ta", "NEG.EXIST=1IPL.GEN", "否定.存在=1IPL.屬格"], ["naq", "self", "自已"], ["a.\\", "FIL", "FIL"]], "free": [], "s_end": false, "iu_a_span": [104.55, 104.98], "meta": {"topic": "sdqCon-dialog4_robo_bakan_ape", "type": "Conversation", "language": "賽德克語, Seediq, Tgdaya", "speaker": "曾鴛鴦, Robo Pihu, female, 1928", "collected": "None", "revised": "None", "video": "sdqCon-dialog4_robo_bakan_ape.mp3"}, "file": "Seediq_Tgdaya/sdqCon-dialog4_robo_bakan_ape", "num": 62}], [63, {"ori": [], "gloss": [["R:", "", ""], ["[un].\\", "yes", "是"]], "free": [], "s_end": false, "iu_a_span": [104.98, 106.47], "meta": {"topic": "sdqCon-dialog4_robo_bakan_ape", "type": "Conversation", "language": "賽德克語, Seediq, Tgdaya", "speaker": "曾鴛鴦, Robo Pihu, female, 1928", "collected": "None", "revised": "None", "video": "sdqCon-dialog4_robo_bakan_ape.mp3"}, "file": "Seediq_Tgdaya/sdqCon-dialog4_robo_bakan_ape", "num": 63}], [64, {"ori": [], "gloss": [["B:", "", ""], ["...", "", ""], ["km--", "FS", "FS"], ["[L2JmaemotteL2J]=ta", "berforehand=1IPL.NOM", "事先=1IPL.主格"], ["k<m>barux", "<AF>borrow", "<主焦>借"], ["han", "first", "先"], ["duri", "also", "也"], ["ma", "then", "然後"], ["@.\\", "", ""]], "free": ["#e We made effort. We didn’t have and we borrowed it in advance.", "#c 我們很努力。我們沒有，我們先借。", "#n 這裡是指沒有錢。"], "s_end": true, "iu_a_span": [106.47, 107.56], "meta": {"topic": "sdqCon-dialog4_robo_bakan_ape", "type": "Conversation", "language": "賽德克語, Seediq, Tgdaya", "speaker": "曾鴛鴦, Robo Pihu, female, 1928", "collected": "None", "revised": "None", "video": "sdqCon-dialog4_robo_bakan_ape.mp3"}, "s_a_span": [102.87, 107.56], "file": "Seediq_Tgdaya/sdqCon-dialog4_robo_bakan_ape", "num": 64}], [65, {"ori": [], "gloss": [["B:", "", ""], ["...(0.7)", "", ""], ["wa=ta", "PROG=1IPL.NOM", "進行=1IPL.主格"], ["h<m>uwa", "<AF>how", "<主焦>怎麼"], ["suku", "FS", "FS"], ["ciida", "??", "??"], ["ha.\\", "at.that.time", "當時"]], "free": ["#e How could we live that way at that time?", "#c 我們當時怎麼能那樣生活？"], "s_end": true, "iu_a_span": [107.56, 110.88], "meta": {"topic": "sdqCon-dialog4_robo_bakan_ape", "type": "Conversation", "language": "賽德克語, Seediq, Tgdaya", "speaker": "曾鴛鴦, Robo Pihu, female, 1928", "collected": "None", "revised": "None", "video": "sdqCon-dialog4_robo_bakan_ape.mp3"}, "s_a_span": [107.56, 110.88], "file": "Seediq_Tgdaya/sdqCon-dialog4_robo_bakan_ape", "num": 65}], [66, {"ori": [], "gloss": [["B:", "", ""], ["..", "", ""], ["lnglung-un=mu", "think-PF=1SG.GEN", "想-受焦=1SG.屬格"], ["duri", "also", "也"], ["we.\\", "PART", "語助詞"]], "free": [], "s_end": false, "iu_a_span": [110.88, 112.96], "meta": {"topic": "sdqCon-dialog4_robo_bakan_ape", "type": "Conversation", "language": "賽德克語, Seediq, Tgdaya", "speaker": "曾鴛鴦, Robo Pihu, female, 1928", "collected": "None", "revised": "None", "video": "sdqCon-dialog4_robo_bakan_ape.mp3"}, "file": "Seediq_Tgdaya/sdqCon-dialog4_robo_bakan_ape", "num": 66}], [67, {"ori": [], "gloss": [["B:", "", ""], ["..", "", ""], ["ini", "NEG", "否定"], ["asi.\\", "must", "一定"]], "free": ["#n 口誤。", "#n 口誤。"], "s_end": false, "iu_a_span": [112.96, 114.83], "meta": {"topic": "sdqCon-dialog4_robo_bakan_ape", "type": "Conversation", "language": "賽德克語, Seediq, Tgdaya", "speaker": "曾鴛鴦, Robo Pihu, female, 1928", "collected": "None", "revised": "None", "video": "sdqCon-dialog4_robo_bakan_ape.mp3"}, "file": "Seediq_Tgdaya/sdqCon-dialog4_robo_bakan_ape", "num": 67}], [68, {"ori": [], "gloss": [["B:", "", ""], ["..", "", ""], ["maanu", "what", "什麼"], ["cbeyo", "past", "以前"], ["duri", "also", "也"], ["m-sbarux=ta", "AF-return.labor=1IPL.NOM", "主焦-還工=1IPL.主格"], ["ma.\\", "then", "然後"]], "free": [], "s_end": false, "iu_a_span": [114.83, 115.99], "meta": {"topic": "sdqCon-dialog4_robo_bakan_ape", "type": "Conversation", "language": "賽德克語, Seediq, Tgdaya", "speaker": "曾鴛鴦, Robo Pihu, female, 1928", "collected": "None", "revised": "None", "video": "sdqCon-dialog4_robo_bakan_ape.mp3"}, "file": "Seediq_Tgdaya/sdqCon-dialog4_robo_bakan_ape", "num": 68}], [69, {"ori": [], "gloss": [["R:", "", ""], ["lnglung-un", "think-PF", "想-受焦"], ["saya.\\", "now", "現在"]], "free": ["#e Now I think.", "#c 我現在想起來。"], "s_end": true, "iu_a_span": [115.99, 116.59], "meta": {"topic": "sdqCon-dialog4_robo_bakan_ape", "type": "Conversation", "language": "賽德克語, Seediq, Tgdaya", "speaker": "曾鴛鴦, Robo Pihu, female, 1928", "collected": "None", "revised": "None", "video": "sdqCon-dialog4_robo_bakan_ape.mp3"}, "s_a_span": [110.88, 116.59], "file": "Seediq_Tgdaya/sdqCon-dialog4_robo_bakan_ape", "num": 69}], [70, {"ori": [], "gloss": [["B:", "", ""], ["..", "", ""], ["ini=ta", "NEG=1IPL", "否定=1IPL"], ["bari.\\", "AF.buy", "主焦.買"]], "free": [], "s_end": false, "iu_a_span": [116.59, 118.55], "meta": {"topic": "sdqCon-dialog4_robo_bakan_ape", "type": "Conversation", "language": "賽德克語, Seediq, Tgdaya", "speaker": "曾鴛鴦, Robo Pihu, female, 1928", "collected": "None", "revised": "None", "video": "sdqCon-dialog4_robo_bakan_ape.mp3"}, "file": "Seediq_Tgdaya/sdqCon-dialog4_robo_bakan_ape", "num": 70}], [71, {"ori": [], "gloss": [["B:", "", ""], ["..", "", ""], ["siyang", "pork", "豬肉"], ["uri", "also", "也"], ["wano", "only", "只"], ["naq", "self", "自己"], ["qcurux", "fish", "魚"], ["<@m-remun", "AF-salty", "主焦-鹹"], ["m-remun@>.\\", "AF-salty", "主焦-鹹"]], "free": [], "s_end": false, "iu_a_span": [118.55, 119.69], "meta": {"topic": "sdqCon-dialog4_robo_bakan_ape", "type": "Conversation", "language": "賽德克語, Seediq, Tgdaya", "speaker": "曾鴛鴦, Robo Pihu, female, 1928", "collected": "None", "revised": "None", "video": "sdqCon-dialog4_robo_bakan_ape.mp3"}, "file": "Seediq_Tgdaya/sdqCon-dialog4_robo_bakan_ape", "num": 71}], [72, {"ori": [], "gloss": [["B:", "", ""], ["..uq-un", "eat-PF", "吃.受焦"], ["na.\\", "PART", "語助詞"]], "free": [], "s_end": false, "iu_a_span": [119.69, 122.44], "meta": {"topic": "sdqCon-dialog4_robo_bakan_ape", "type": "Conversation", "language": "賽德克語, Seediq, Tgdaya", "speaker": "曾鴛鴦, Robo Pihu, female, 1928", "collected": "None", "revised": "None", "video": "sdqCon-dialog4_robo_bakan_ape.mp3"}, "file": "Seediq_Tgdaya/sdqCon-dialog4_robo_bakan_ape", "num": 72}], [73, {"ori": [], "gloss": [["B:", "", ""], ["..", "", ""], ["ma=su", "why=2SG.NOM", "為什麼=2SG.主焦"], ["ini", "NEG", "否定"], ["[bari", "AF.buy", "主焦.買"], ["siyang", "pork", "豬肉"], ["di].\\", "PFV.PART", "完成.語助詞"]], "free": ["#e Now I think, “What was wrong in the past?” We exchanged labors. We did not buy pork and only ate salty fish. Why didn’t you buy pork?", "#c 我現在想：「我們以前怎麼回事？」我們換工，也不買豬肉，只吃鹹魚。為什麼你不買豬肉？"], "s_end": true, "iu_a_span": [122.44, 123.67], "meta": {"topic": "sdqCon-dialog4_robo_bakan_ape", "type": "Conversation", "language": "賽德克語, Seediq, Tgdaya", "speaker": "曾鴛鴦, Robo Pihu, female, 1928", "collected": "None", "revised": "None", "video": "sdqCon-dialog4_robo_bakan_ape.mp3"}, "s_a_span": [116.59, 123.67], "file": "Seediq_Tgdaya/sdqCon-dialog4_robo_bakan_ape", "num": 73}], [74, {"ori": [], "gloss": [["R:", "", ""], ["[qcurux", "fish", "魚"], ["m-remun", "AF-salty", "主焦-鹹"], ["uq-un]", "eat-PF", "吃-受焦"], ["nanaq", "self", "自己"], ["ma.\\", "then", "然後"]], "free": ["#e We only ate salty fish.", "#c 我們只有吃鹹魚。"], "s_end": true, "iu_a_span": [123.67, 124.13], "meta": {"topic": "sdqCon-dialog4_robo_bakan_ape", "type": "Conversation", "language": "賽德克語, Seediq, Tgdaya", "speaker": "曾鴛鴦, Robo Pihu, female, 1928", "collected": "None", "revised": "None", "video": "sdqCon-dialog4_robo_bakan_ape.mp3"}, "s_a_span": [123.67, 124.13], "file": "Seediq_Tgdaya/sdqCon-dialog4_robo_bakan_ape", "num": 74}], [75, {"ori": [], "gloss": [["B:", "", ""], ["..", "", ""], ["ini=ku", "NEG=1SG.NOM", "否定=1SG.主格"], ["maanu.\\", "what", "什麼"]], "free": [], "s_end": false, "iu_a_span": [124.13, 125.94], "meta": {"topic": "sdqCon-dialog4_robo_bakan_ape", "type": "Conversation", "language": "賽德克語, Seediq, Tgdaya", "speaker": "曾鴛鴦, Robo Pihu, female, 1928", "collected": "None", "revised": "None", "video": "sdqCon-dialog4_robo_bakan_ape.mp3"}, "file": "Seediq_Tgdaya/sdqCon-dialog4_robo_bakan_ape", "num": 75}], [76, {"ori": [], "gloss": [["R:", "", ""], ["maanu", "what", "什麼"], ["di.\\", "PFV.PART", "完成.語助詞"]], "free": [], "s_end": false, "iu_a_span": [125.94, 126.11], "meta": {"topic": "sdqCon-dialog4_robo_bakan_ape", "type": "Conversation", "language": "賽德克語, Seediq, Tgdaya", "speaker": "曾鴛鴦, Robo Pihu, female, 1928", "collected": "None", "revised": "None", "video": "sdqCon-dialog4_robo_bakan_ape.mp3"}, "file": "Seediq_Tgdaya/sdqCon-dialog4_robo_bakan_ape", "num": 76}], [77, {"ori": [], "gloss": [["B:", "", ""], ["[ini", "NEG", "否定"], ["kela]", "AF.know", "主焦.知道"], ["ini", "NEG", "否定"], ["kela", "AF.know", "主焦.知道"], ["m-ekan", "AF-eat", "主焦-吃"], ["siyang", "pork", "豬肉"], ["na", "PART", "語助詞"], ["[cbeyo].\\", "past", "以前"]], "free": ["#e We could not buy pork in the past.", "#c 我們以前不知道要吃豬肉。"], "s_end": true, "iu_a_span": [126.11, 127.0], "meta": {"topic": "sdqCon-dialog4_robo_bakan_ape", "type": "Conversation", "language": "賽德克語, Seediq, Tgdaya", "speaker": "曾鴛鴦, Robo Pihu, female, 1928", "collected": "None", "revised": "None", "video": "sdqCon-dialog4_robo_bakan_ape.mp3"}, "s_a_span": [124.13, 127.0], "file": "Seediq_Tgdaya/sdqCon-dialog4_robo_bakan_ape", "num": 77}], [78, {"ori": [], "gloss": [["R:", "", ""], ["[<L2JkuromaneL2J>", "fermented.soy.bean", "豆豉"], ["na.\\]", "PART", "語助詞"]], "free": [], "s_end": false, "iu_a_span": [127.0, 127.05], "meta": {"topic": "sdqCon-dialog4_robo_bakan_ape", "type": "Conversation", "language": "賽德克語, Seediq, Tgdaya", "speaker": "曾鴛鴦, Robo Pihu, female, 1928", "collected": "None", "revised": "None", "video": "sdqCon-dialog4_robo_bakan_ape.mp3"}, "file": "Seediq_Tgdaya/sdqCon-dialog4_robo_bakan_ape", "num": 78}], [79, {"ori": [], "gloss": [["R:", "", ""], ["[ini=ta", "NEG=1IPL.NOM", "否定=1IPL.主格"], ["bari]", "AF.buy", "主焦.買"], ["siyang", "pork", "豬肉"], ["han.\\", "", ""]], "free": ["#e We did not buy pork before.", "#c 我們之前不買豬肉。"], "s_end": true, "iu_a_span": [127.05, 128.96], "meta": {"topic": "sdqCon-dialog4_robo_bakan_ape", "type": "Conversation", "language": "賽德克語, Seediq, Tgdaya", "speaker": "曾鴛鴦, Robo Pihu, female, 1928", "collected": "None", "revised": "None", "video": "sdqCon-dialog4_robo_bakan_ape.mp3"}, "s_a_span": [127.0, 128.96], "file": "Seediq_Tgdaya/sdqCon-dialog4_robo_bakan_ape", "num": 79}], [80, {"ori": [], "gloss": [["B:", "", ""], ["mesa", "AF.say", "主焦.說"], ["[tumun].\\", "PN", "PN"]], "free": ["#n tumun原意「圓圓的」。", "#n tumun原意「圓圓的」。"], "s_end": false, "iu_a_span": [128.96, 130.29], "meta": {"topic": "sdqCon-dialog4_robo_bakan_ape", "type": "Conversation", "language": "賽德克語, Seediq, Tgdaya", "speaker": "曾鴛鴦, Robo Pihu, female, 1928", "collected": "None", "revised": "None", "video": "sdqCon-dialog4_robo_bakan_ape.mp3"}, "file": "Seediq_Tgdaya/sdqCon-dialog4_robo_bakan_ape", "num": 80}], [81, {"ori": [], "gloss": [["R:", "", ""], ["[kuromame].\\", "fermented.soy.bean", "豆豉"]], "free": ["#e Tumun said we were like fermented soy beans.", "#c Tumun說我們就像豆豉。"], "s_end": true, "iu_a_span": [130.29, 130.55], "meta": {"topic": "sdqCon-dialog4_robo_bakan_ape", "type": "Conversation", "language": "賽德克語, Seediq, Tgdaya", "speaker": "曾鴛鴦, Robo Pihu, female, 1928", "collected": "None", "revised": "None", "video": "sdqCon-dialog4_robo_bakan_ape.mp3"}, "s_a_span": [128.96, 130.55], "file": "Seediq_Tgdaya/sdqCon-dialog4_robo_bakan_ape", "num": 81}], [82, {"ori": [], "gloss": [["B:", "", ""], ["..", "", ""], ["dqeras", "face", "臉"], ["gaga==.\\", "PROG", "進行"]], "free": [], "s_end": false, "iu_a_span": [130.55, 131.67], "meta": {"topic": "sdqCon-dialog4_robo_bakan_ape", "type": "Conversation", "language": "賽德克語, Seediq, Tgdaya", "speaker": "曾鴛鴦, Robo Pihu, female, 1928", "collected": "None", "revised": "None", "video": "sdqCon-dialog4_robo_bakan_ape.mp3"}, "file": "Seediq_Tgdaya/sdqCon-dialog4_robo_bakan_ape", "num": 82}], [83, {"ori": [], "gloss": [["B:", "", ""], ["..", "", ""], ["kla-un=mu", "know-LF=1SG.GEN", "知道-處焦=1SG.屬格"], ["ini", "NEG", "否定"], ["ekan", "AF.eat", "主焦.吃"], ["siyang", "pork", "豬肉"], ["si", "say", "說"], ["tumun", "PN", "人名"], ["<L2JbaisurinL2J>", "PN", "地名"], ["ado", "because", "因為"], ["kmukan", "Southern.Min", "閩南人"], ["heya", "3SG", "3SG"], ["na.\\", "PART", "語助詞"]], "free": ["#e Tumun, who was from Baisurin, said, “I know who does not eat pork,” because he was Southern Min.", "#c Baisurin的Tumun說：「我知道沒吃豬肉的人。」因為他自己是閩南人。", "#n kmukan也可以稱klmukan、plmukan。"], "s_end": true, "iu_a_span": [131.67, 133.7], "meta": {"topic": "sdqCon-dialog4_robo_bakan_ape", "type": "Conversation", "language": "賽德克語, Seediq, Tgdaya", "speaker": "曾鴛鴦, Robo Pihu, female, 1928", "collected": "None", "revised": "None", "video": "sdqCon-dialog4_robo_bakan_ape.mp3"}, "s_a_span": [130.55, 133.7], "file": "Seediq_Tgdaya/sdqCon-dialog4_robo_bakan_ape", "num": 83}], [84, {"ori": [], "gloss": [["R:", "", ""], ["a.\\", "FIL", "FIL"]], "free": [], "s_end": false, "iu_a_span": [133.7, 136.84], "meta": {"topic": "sdqCon-dialog4_robo_bakan_ape", "type": "Conversation", "language": "賽德克語, Seediq, Tgdaya", "speaker": "曾鴛鴦, Robo Pihu, female, 1928", "collected": "None", "revised": "None", "video": "sdqCon-dialog4_robo_bakan_ape.mp3"}, "file": "Seediq_Tgdaya/sdqCon-dialog4_robo_bakan_ape", "num": 84}], [85, {"ori": [], "gloss": [["B:", "", ""], ["..", "", ""], ["<@m-sresung@>", "AF-shriveled", "主焦-乾癟"], ["dqeras", "face", "臉"], ["hari", "a.little", "一點"], ["hayan", "first", "先"], ["ini", "NEG", "否定"], ["ekan", "AF.eat", "主焦.吃"], ["siyang", "pork", "豬肉"], ["di.\\", "PFV.PART", "完成.語助詞"]], "free": ["#e If you don’t eat pork, the face will be shriveled.", "#c 如果你沒吃豬肉，臉會乾癟。"], "s_end": true, "iu_a_span": [136.84, 137.35], "meta": {"topic": "sdqCon-dialog4_robo_bakan_ape", "type": "Conversation", "language": "賽德克語, Seediq, Tgdaya", "speaker": "曾鴛鴦, Robo Pihu, female, 1928", "collected": "None", "revised": "None", "video": "sdqCon-dialog4_robo_bakan_ape.mp3"}, "s_a_span": [133.7, 137.35], "file": "Seediq_Tgdaya/sdqCon-dialog4_robo_bakan_ape", "num": 85}], [86, {"ori": [], "gloss": [["R:", "", ""], ["@@", "", ""]], "free": [], "s_end": false, "iu_a_span": [137.35, 140.41], "meta": {"topic": "sdqCon-dialog4_robo_bakan_ape", "type": "Conversation", "language": "賽德克語, Seediq, Tgdaya", "speaker": "曾鴛鴦, Robo Pihu, female, 1928", "collected": "None", "revised": "None", "video": "sdqCon-dialog4_robo_bakan_ape.mp3"}, "file": "Seediq_Tgdaya/sdqCon-dialog4_robo_bakan_ape", "num": 86}], [87, {"ori": [], "gloss": [["B:", "", ""], ["..", "", ""], ["yamu", "2PL", "2PL"], ["seediq", "people", "人"], ["a==", "FIL", "FIL"], ["@", "", ""], ["ma.\\", "then", "然後"]], "free": [], "s_end": false, "iu_a_span": [140.41, 140.9], "meta": {"topic": "sdqCon-dialog4_robo_bakan_ape", "type": "Conversation", "language": "賽德克語, Seediq, Tgdaya", "speaker": "曾鴛鴦, Robo Pihu, female, 1928", "collected": "None", "revised": "None", "video": "sdqCon-dialog4_robo_bakan_ape.mp3"}, "file": "Seediq_Tgdaya/sdqCon-dialog4_robo_bakan_ape", "num": 87}], [88, {"ori": [], "gloss": [["B:", "", ""], ["..", "", ""], ["a.\\", "FIL", "FIL"]], "free": [], "s_end": false, "iu_a_span": [140.9, 142.54], "meta": {"topic": "sdqCon-dialog4_robo_bakan_ape", "type": "Conversation", "language": "賽德克語, Seediq, Tgdaya", "speaker": "曾鴛鴦, Robo Pihu, female, 1928", "collected": "None", "revised": "None", "video": "sdqCon-dialog4_robo_bakan_ape.mp3"}, "file": "Seediq_Tgdaya/sdqCon-dialog4_robo_bakan_ape", "num": 88}], [89, {"ori": [], "gloss": [["B:", "", ""], ["..", "", ""], ["dqeras", "face", "臉"], ["mndengu", "AF-dry", "主焦-乾燥"], ["di", "PFV.PART", "完成.語助詞"], ["ini", "NEG", "否定"], ["ekan", "AF.eat", "主焦.吃"], ["siyang", "pork", "豬肉"], ["kes-i", "say-PF.IMP", "說-受焦.祈使"], ["[ya", "FIL", "FIL"], ["na]", "PART", "語助詞"], ["tumun", "PN", "人名"], ["na.\\", "PART", "語助詞"]], "free": ["#e “You Seediq people’s face is dry, because you do not eat pork,” Tumun said.", "#c 「你們賽德克人不吃豬肉，所以臉很乾。」Tumun說。"], "s_end": true, "iu_a_span": [142.54, 143.41], "meta": {"topic": "sdqCon-dialog4_robo_bakan_ape", "type": "Conversation", "language": "賽德克語, Seediq, Tgdaya", "speaker": "曾鴛鴦, Robo Pihu, female, 1928", "collected": "None", "revised": "None", "video": "sdqCon-dialog4_robo_bakan_ape.mp3"}, "s_a_span": [137.35, 143.41], "file": "Seediq_Tgdaya/sdqCon-dialog4_robo_bakan_ape", "num": 89}], [90, {"ori": [], "gloss": [["R:", "", ""], ["[a].\\", "FIL", "FIL"]], "free": [], "s_end": false, "iu_a_span": [143.41, 146.17], "meta": {"topic": "sdqCon-dialog4_robo_bakan_ape", "type": "Conversation", "language": "賽德克語, Seediq, Tgdaya", "speaker": "曾鴛鴦, Robo Pihu, female, 1928", "collected": "None", "revised": "None", "video": "sdqCon-dialog4_robo_bakan_ape.mp3"}, "file": "Seediq_Tgdaya/sdqCon-dialog4_robo_bakan_ape", "num": 90}], [91, {"ori": [], "gloss": [["R:", "", ""], ["a.\\", "FIL", "FIL"]], "free": [], "s_end": false, "iu_a_span": [146.17, 147.35], "meta": {"topic": "sdqCon-dialog4_robo_bakan_ape", "type": "Conversation", "language": "賽德克語, Seediq, Tgdaya", "speaker": "曾鴛鴦, Robo Pihu, female, 1928", "collected": "None", "revised": "None", "video": "sdqCon-dialog4_robo_bakan_ape.mp3"}, "file": "Seediq_Tgdaya/sdqCon-dialog4_robo_bakan_ape", "num": 91}], [92, {"ori": [], "gloss": [["R:", "", ""], ["..", "", ""], ["un.\\", "yes", "是"]], "free": [], "s_end": false, "iu_a_span": [147.35, 148.12], "meta": {"topic": "sdqCon-dialog4_robo_bakan_ape", "type": "Conversation", "language": "賽德克語, Seediq, Tgdaya", "speaker": "曾鴛鴦, Robo Pihu, female, 1928", "collected": "None", "revised": "None", "video": "sdqCon-dialog4_robo_bakan_ape.mp3"}, "file": "Seediq_Tgdaya/sdqCon-dialog4_robo_bakan_ape", "num": 92}], [93, {"ori": [], "gloss": [["B:", "", ""], ["XX", "", ""], ["bale", "real", "真的"], ["ba", "real", "真的"], ["ini", "NEG", "否定"], ["ekan", "AF.eat", "主焦.吃"], ["siyang", "pork", "豬肉"], ["han.\\", "first", "先"]], "free": ["#e That’s true. The faces of those who did not eat pork were dry.", "#c 真的，沒吃豬肉的臉就乾乾的。"], "s_end": true, "iu_a_span": [148.12, 148.76], "meta": {"topic": "sdqCon-dialog4_robo_bakan_ape", "type": "Conversation", "language": "賽德克語, Seediq, Tgdaya", "speaker": "曾鴛鴦, Robo Pihu, female, 1928", "collected": "None", "revised": "None", "video": "sdqCon-dialog4_robo_bakan_ape.mp3"}, "s_a_span": [143.41, 148.76], "file": "Seediq_Tgdaya/sdqCon-dialog4_robo_bakan_ape", "num": 93}], [94, {"ori": [], "gloss": [["R:", "", ""], ["XXX.\\", "", ""]], "free": [], "s_end": false, "iu_a_span": [148.76, 149.33], "meta": {"topic": "sdqCon-dialog4_robo_bakan_ape", "type": "Conversation", "language": "賽德克語, Seediq, Tgdaya", "speaker": "曾鴛鴦, Robo Pihu, female, 1928", "collected": "None", "revised": "None", "video": "sdqCon-dialog4_robo_bakan_ape.mp3"}, "file": "Seediq_Tgdaya/sdqCon-dialog4_robo_bakan_ape", "num": 94}], [95, {"ori": [], "gloss": [["B:", "", ""], ["..", "", ""], ["[ini", "NEG", "否定"], ["kela", "AF.know", "主焦.知道"], ["mari", "AF.buy", "主焦.買"], ["siyang]", "pork", "豬肉"], ["cbeyo", "past", "以前"], ["maanu", "what", "全部"], ["kana", "all", "FS"], ["ke--,_", "", ""]], "free": ["#e We did not know to buy pork.", "#c 我們從前不知道要買豬肉。"], "s_end": true, "iu_a_span": [149.33, 151.56], "meta": {"topic": "sdqCon-dialog4_robo_bakan_ape", "type": "Conversation", "language": "賽德克語, Seediq, Tgdaya", "speaker": "曾鴛鴦, Robo Pihu, female, 1928", "collected": "None", "revised": "None", "video": "sdqCon-dialog4_robo_bakan_ape.mp3"}, "s_a_span": [148.76, 151.56], "file": "Seediq_Tgdaya/sdqCon-dialog4_robo_bakan_ape", "num": 95}], [96, {"ori": [], "gloss": [["R:", "", ""], ["[kiya", "that", "那個"], ["ka].\\", "KA", "KA"]], "free": [], "s_end": false, "iu_a_span": [151.56, 151.75], "meta": {"topic": "sdqCon-dialog4_robo_bakan_ape", "type": "Conversation", "language": "賽德克語, Seediq, Tgdaya", "speaker": "曾鴛鴦, Robo Pihu, female, 1928", "collected": "None", "revised": "None", "video": "sdqCon-dialog4_robo_bakan_ape.mp3"}, "file": "Seediq_Tgdaya/sdqCon-dialog4_robo_bakan_ape", "num": 96}], [97, {"ori": [], "gloss": [["R:", "", ""], ["[kiya]", "that", "那個"], ["ka==", "KA", "KA"], ["[XXX].\\", "", ""]], "free": [], "s_end": false, "iu_a_span": [151.75, 153.62], "meta": {"topic": "sdqCon-dialog4_robo_bakan_ape", "type": "Conversation", "language": "賽德克語, Seediq, Tgdaya", "speaker": "曾鴛鴦, Robo Pihu, female, 1928", "collected": "None", "revised": "None", "video": "sdqCon-dialog4_robo_bakan_ape.mp3"}, "file": "Seediq_Tgdaya/sdqCon-dialog4_robo_bakan_ape", "num": 97}], [98, {"ori": [], "gloss": [["B:", "", ""], ["[kerung]", "chayote", "佛手瓜"], ["tikuh", "littie", "小"], ["han.\\", "first", "先"]], "free": [], "s_end": false, "iu_a_span": [153.62, 154.52], "meta": {"topic": "sdqCon-dialog4_robo_bakan_ape", "type": "Conversation", "language": "賽德克語, Seediq, Tgdaya", "speaker": "曾鴛鴦, Robo Pihu, female, 1928", "collected": "None", "revised": "None", "video": "sdqCon-dialog4_robo_bakan_ape.mp3"}, "file": "Seediq_Tgdaya/sdqCon-dialog4_robo_bakan_ape", "num": 98}], [99, {"ori": [], "gloss": [["B:", "", ""], ["..", "", ""], ["haan", "first", "先"], ["ps-begu", "PS-soup", "PS-湯"], ["duri", "also", "也"], ["ma.\\", "then", "然後"]], "free": ["#e We could only cook soup with chayote.", "#c 我們只好拿佛手柑煮湯。", "#n begu湯；ps-begu煮湯。"], "s_end": true, "iu_a_span": [154.52, 156.55], "meta": {"topic": "sdqCon-dialog4_robo_bakan_ape", "type": "Conversation", "language": "賽德克語, Seediq, Tgdaya", "speaker": "曾鴛鴦, Robo Pihu, female, 1928", "collected": "None", "revised": "None", "video": "sdqCon-dialog4_robo_bakan_ape.mp3"}, "s_a_span": [151.56, 156.55], "file": "Seediq_Tgdaya/sdqCon-dialog4_robo_bakan_ape", "num": 99}]], "meta": {"topic": "sdqCon-dialog4_robo_bakan_ape", "type": "Conversation", "language": "賽德克語, Seediq, Tgdaya", "speaker": "曾鴛鴦, Robo Pihu, female, 1928", "collected": "None", "revised": "None", "video": "sdqCon-dialog4_robo_bakan_ape.mp3"}}