{"glosses": [[1, {"ori": [], "gloss": [["a", "FIL", "FIL"], ["r<m>engo=ku", "<AF>speak=1SG.NOM", "<主焦>說=1SG.主格"], ["kingan", "one", "一"], ["n--", "FS", "FS"], ["nda-an", "pass-LF", "經過-處焦"], ["laqi", "child", "小孩"], ["rseno.\\", "man", "男生"]], "free": ["#e I am going to tell a story about a boy.", "#c 我要講有關一個男孩的故事。"], "s_end": true, "iu_a_span": [1.95, 4.73], "meta": {"topic": "frog", "type": "Narrative", "language": "賽德克語, Seediq, Tgdaya", "speaker": "黃美玉, Aking Nawi, female, 1952", "collected": "None", "revised": "None", "video": "sdqNr-frog_aking.mp3"}, "s_a_span": [1.95, 4.73], "file": "Seediq_Tgdaya/sdqNr-frog_aking", "num": 1}], [2, {"ori": [], "gloss": [["...(1.8)", "", ""], ["laqi", "child", "小孩"], ["rseno", "man", "男生"], ["nii,\\", "this", "這個"]], "free": [], "s_end": false, "iu_a_span": [4.73, 7.7], "meta": {"topic": "frog", "type": "Narrative", "language": "賽德克語, Seediq, Tgdaya", "speaker": "黃美玉, Aking Nawi, female, 1952", "collected": "None", "revised": "None", "video": "sdqNr-frog_aking.mp3"}, "file": "Seediq_Tgdaya/sdqNr-frog_aking", "num": 2}], [3, {"ori": [], "gloss": [["...(0.9)", "", ""], ["malu", "AF.good", "主焦.好"], ["ba", "real", "真的"], ["lnlung-an=na,\\", "think-LF=3SG.GEN", "想-處焦=3SG.屬格"]], "free": ["#e The boy, he had a kind heart.", "#c 這位男孩，他心腸很好。"], "s_end": true, "iu_a_span": [7.7, 9.86], "meta": {"topic": "frog", "type": "Narrative", "language": "賽德克語, Seediq, Tgdaya", "speaker": "黃美玉, Aking Nawi, female, 1952", "collected": "None", "revised": "None", "video": "sdqNr-frog_aking.mp3"}, "s_a_span": [4.73, 9.86], "file": "Seediq_Tgdaya/sdqNr-frog_aking", "num": 3}], [4, {"ori": [], "gloss": [["...(1.0)", "", ""], ["d<m>anga", "<AF>raise", "<主焦>飼養"], ["kingan", "one", "一"], ["huling", "dog", "狗"], ["ma,_", "CONJ", "連接詞"]], "free": [], "s_end": false, "iu_a_span": [9.86, 12.49], "meta": {"topic": "frog", "type": "Narrative", "language": "賽德克語, Seediq, Tgdaya", "speaker": "黃美玉, Aking Nawi, female, 1952", "collected": "None", "revised": "None", "video": "sdqNr-frog_aking.mp3"}, "file": "Seediq_Tgdaya/sdqNr-frog_aking", "num": 4}], [5, {"ori": [], "gloss": [["...", "", ""], ["kingan", "one", "一個"], ["qpatun.\\", "frog", "青蛙"]], "free": ["#e He kept a dog and a frog as pet.", "#c 他養了一隻狗以及一隻青蛙。"], "s_end": true, "iu_a_span": [12.49, 13.76], "meta": {"topic": "frog", "type": "Narrative", "language": "賽德克語, Seediq, Tgdaya", "speaker": "黃美玉, Aking Nawi, female, 1952", "collected": "None", "revised": "None", "video": "sdqNr-frog_aking.mp3"}, "s_a_span": [9.86, 13.76], "file": "Seediq_Tgdaya/sdqNr-frog_aking", "num": 5}], [6, {"ori": [], "gloss": [["..", "", ""], ["ali-ali,_", "RED-day", "重疊-日"]], "free": [], "s_end": false, "iu_a_span": [13.76, 15.53], "meta": {"topic": "frog", "type": "Narrative", "language": "賽德克語, Seediq, Tgdaya", "speaker": "黃美玉, Aking Nawi, female, 1952", "collected": "None", "revised": "None", "video": "sdqNr-frog_aking.mp3"}, "file": "Seediq_Tgdaya/sdqNr-frog_aking", "num": 6}], [7, {"ori": [], "gloss": [["..", "", ""], ["m-taqi", "AF-sleep", "主焦-睡"], ["we,_", "PART", "語助詞"]], "free": [], "s_end": false, "iu_a_span": [15.53, 16.55], "meta": {"topic": "frog", "type": "Narrative", "language": "賽德克語, Seediq, Tgdaya", "speaker": "黃美玉, Aking Nawi, female, 1952", "collected": "None", "revised": "None", "video": "sdqNr-frog_aking.mp3"}, "file": "Seediq_Tgdaya/sdqNr-frog_aking", "num": 7}], [8, {"ori": [], "gloss": [["...", "", ""], ["m-theyaq,\\", "AF-play.around", "主焦-玩耍"]], "free": [], "s_end": false, "iu_a_span": [16.55, 18.01], "meta": {"topic": "frog", "type": "Narrative", "language": "賽德克語, Seediq, Tgdaya", "speaker": "黃美玉, Aking Nawi, female, 1952", "collected": "None", "revised": "None", "video": "sdqNr-frog_aking.mp3"}, "file": "Seediq_Tgdaya/sdqNr-frog_aking", "num": 8}], [9, {"ori": [], "gloss": [["...(0.9)", "", ""], ["huling=na", "dog-3SG.GEN", "狗-3SG.屬格"], ["daha.ka", "CONJ", "連接詞"], ["qpatun=na.\\", "frog=3SG.GEN", "青蛙=3SG.屬格"]], "free": ["#e Everyday, he played with his dog and his frog before going to bed.", "#c 每天,他在睡前都與他的狗和青蛙玩耍。"], "s_end": true, "iu_a_span": [18.01, 20.64], "meta": {"topic": "frog", "type": "Narrative", "language": "賽德克語, Seediq, Tgdaya", "speaker": "黃美玉, Aking Nawi, female, 1952", "collected": "None", "revised": "None", "video": "sdqNr-frog_aking.mp3"}, "s_a_span": [13.76, 20.64], "file": "Seediq_Tgdaya/sdqNr-frog_aking", "num": 9}], [10, {"ori": [], "gloss": [["...(1.4)", "", ""], ["ma", "then", "然後"], ["m-qaras", "AF-happy", "主焦-高興"], ["riyung", "very", "非常"], ["ka", "NOM", "主格"], ["huling=na", "dog=3SG.GEN", "狗=3SG.屬格"], ["duri,\\", "also", "也"]], "free": ["#e His dog was also very happy.", "#c 他的狗也非常的高興。"], "s_end": true, "iu_a_span": [20.64, 24.02], "meta": {"topic": "frog", "type": "Narrative", "language": "賽德克語, Seediq, Tgdaya", "speaker": "黃美玉, Aking Nawi, female, 1952", "collected": "None", "revised": "None", "video": "sdqNr-frog_aking.mp3"}, "s_a_span": [20.64, 24.02], "file": "Seediq_Tgdaya/sdqNr-frog_aking", "num": 10}], [11, {"ori": [], "gloss": [["...", "", ""], ["rung--", "FS", "FS"]], "free": [], "s_end": false, "iu_a_span": [24.02, 24.87], "meta": {"topic": "frog", "type": "Narrative", "language": "賽德克語, Seediq, Tgdaya", "speaker": "黃美玉, Aking Nawi, female, 1952", "collected": "None", "revised": "None", "video": "sdqNr-frog_aking.mp3"}, "file": "Seediq_Tgdaya/sdqNr-frog_aking", "num": 11}], [12, {"ori": [], "gloss": [["..", "", ""], ["q<m>ita,\\", "<AF>look", "<主焦>看"]], "free": [], "s_end": false, "iu_a_span": [24.87, 25.74], "meta": {"topic": "frog", "type": "Narrative", "language": "賽德克語, Seediq, Tgdaya", "speaker": "黃美玉, Aking Nawi, female, 1952", "collected": "None", "revised": "None", "video": "sdqNr-frog_aking.mp3"}, "file": "Seediq_Tgdaya/sdqNr-frog_aking", "num": 12}], [13, {"ori": [], "gloss": [["..", "", ""], ["qpatun", "frog", "青蛙"], ["ka==,_", "NOM", "主格"]], "free": [], "s_end": false, "iu_a_span": [25.74, 26.93], "meta": {"topic": "frog", "type": "Narrative", "language": "賽德克語, Seediq, Tgdaya", "speaker": "黃美玉, Aking Nawi, female, 1952", "collected": "None", "revised": "None", "video": "sdqNr-frog_aking.mp3"}, "file": "Seediq_Tgdaya/sdqNr-frog_aking", "num": 13}], [14, {"ori": [], "gloss": [["..", "", ""], ["laqi", "child", "小孩"], ["rseno", "man", "男生"], ["ga", "that", "那個"], ["do,_", "PART", "語助詞"]], "free": [], "s_end": false, "iu_a_span": [26.93, 28.04], "meta": {"topic": "frog", "type": "Narrative", "language": "賽德克語, Seediq, Tgdaya", "speaker": "黃美玉, Aking Nawi, female, 1952", "collected": "None", "revised": "None", "video": "sdqNr-frog_aking.mp3"}, "file": "Seediq_Tgdaya/sdqNr-frog_aking", "num": 14}], [15, {"ori": [], "gloss": [["...", "", ""], ["q<m>ita", "<AF>look", "<主焦>看"], ["siyo=na", "side=3SG.GEN", "旁邊=3SG.屬格"], ["ka,_", "NOM", "主格"]], "free": ["#n 此處 siyo \"旁邊\"指男孩所看的地方，即青蛙所在之地。", "#n 此處 siyo \"旁邊\"指男孩所看的地方，即青蛙所在之地。"], "s_end": false, "iu_a_span": [28.04, 29.84], "meta": {"topic": "frog", "type": "Narrative", "language": "賽德克語, Seediq, Tgdaya", "speaker": "黃美玉, Aking Nawi, female, 1952", "collected": "None", "revised": "None", "video": "sdqNr-frog_aking.mp3"}, "file": "Seediq_Tgdaya/sdqNr-frog_aking", "num": 15}], [16, {"ori": [], "gloss": [["..", "", ""], ["huling", "dog", "狗"], ["ga", "that", "那個"], ["duri.\\", "also", "也"]], "free": ["#e When the boy looked at the frog, the dog was also looking at it.", "#c 當男孩看青蛙的時候，狗也看著它。"], "s_end": true, "iu_a_span": [29.84, 30.7], "meta": {"topic": "frog", "type": "Narrative", "language": "賽德克語, Seediq, Tgdaya", "speaker": "黃美玉, Aking Nawi, female, 1952", "collected": "None", "revised": "None", "video": "sdqNr-frog_aking.mp3"}, "s_a_span": [24.02, 30.7], "file": "Seediq_Tgdaya/sdqNr-frog_aking", "num": 16}], [17, {"ori": [], "gloss": [["...(2.3)", "", ""], ["niq-an", "be.at-LF", "在-處焦"], ["kingan", "one", "一"], ["ali", "day", "日子"], ["keeman.\\", "night", "晚上"]], "free": [], "s_end": false, "iu_a_span": [30.7, 34.52], "meta": {"topic": "frog", "type": "Narrative", "language": "賽德克語, Seediq, Tgdaya", "speaker": "黃美玉, Aking Nawi, female, 1952", "collected": "None", "revised": "None", "video": "sdqNr-frog_aking.mp3"}, "file": "Seediq_Tgdaya/sdqNr-frog_aking", "num": 17}], [18, {"ori": [], "gloss": [["..", "", ""], ["m-taqi", "AF-sleep", "未來-睡覺"], ["ma,_", "then", "然後"]], "free": [], "s_end": false, "iu_a_span": [34.52, 35.87], "meta": {"topic": "frog", "type": "Narrative", "language": "賽德克語, Seediq, Tgdaya", "speaker": "黃美玉, Aking Nawi, female, 1952", "collected": "None", "revised": "None", "video": "sdqNr-frog_aking.mp3"}, "file": "Seediq_Tgdaya/sdqNr-frog_aking", "num": 18}], [19, {"ori": [], "gloss": [["...(3.7)", "", ""], ["m-eyah", "AF-come", "主焦-來"], ["idas", "moon", "月亮"], ["uri.\\", "also", "也"]], "free": [], "s_end": false, "iu_a_span": [35.87, 40.76], "meta": {"topic": "frog", "type": "Narrative", "language": "賽德克語, Seediq, Tgdaya", "speaker": "黃美玉, Aking Nawi, female, 1952", "collected": "None", "revised": "None", "video": "sdqNr-frog_aking.mp3"}, "file": "Seediq_Tgdaya/sdqNr-frog_aking", "num": 19}], [20, {"ori": [], "gloss": [["...(1.5)", "", ""], ["ma", "then", "然後"], ["qpatun", "frog", "青蛙"], ["kndalax", "AF.from", "主焦.從"], ["a,_", "FIL", "FIL"]], "free": [], "s_end": false, "iu_a_span": [40.76, 44.32], "meta": {"topic": "frog", "type": "Narrative", "language": "賽德克語, Seediq, Tgdaya", "speaker": "黃美玉, Aking Nawi, female, 1952", "collected": "None", "revised": "None", "video": "sdqNr-frog_aking.mp3"}, "file": "Seediq_Tgdaya/sdqNr-frog_aking", "num": 20}], [21, {"ori": [], "gloss": [["..", "", ""], ["n<n>iq-an", "<PFV>be.at-LF", "<完成>在-處焦"], ["hiya,\\", "there", "那裡"]], "free": ["#n nniqan 指 \"青蛙所住的地方\"。", "#n nniqan 指 \"青蛙所住的地方\"。"], "s_end": false, "iu_a_span": [44.32, 45.34], "meta": {"topic": "frog", "type": "Narrative", "language": "賽德克語, Seediq, Tgdaya", "speaker": "黃美玉, Aking Nawi, female, 1952", "collected": "None", "revised": "None", "video": "sdqNr-frog_aking.mp3"}, "file": "Seediq_Tgdaya/sdqNr-frog_aking", "num": 21}], [22, {"ori": [], "gloss": [["..", "", ""], ["m-eyah", "AF-come", "主焦-來"], ["nganguc.\\", "outside", "外面"]], "free": ["#e One night, as the boy had slept and the moon had also come out, the frog left its resting place and went outside.", "#c 有一天晚上,小男孩睡了,月亮也出來了,這時青蛙從牠原來住的地方跑了出來。"], "s_end": true, "iu_a_span": [45.34, 46.27], "meta": {"topic": "frog", "type": "Narrative", "language": "賽德克語, Seediq, Tgdaya", "speaker": "黃美玉, Aking Nawi, female, 1952", "collected": "None", "revised": "None", "video": "sdqNr-frog_aking.mp3"}, "s_a_span": [30.7, 46.27], "file": "Seediq_Tgdaya/sdqNr-frog_aking", "num": 22}], [23, {"ori": [], "gloss": [["..(2.0)", "", ""], ["d<m>edax", "<AF>dawn", "<主焦>天亮"], ["di", "PFV.PART", "完成.語助詞"], ["tutui", "AF.get.up", "主焦.起來"], ["ka", "NOM", "主格"], ["laqi", "child", "小孩"], ["rseno", "man", "男生"], ["gaga.\\", "that", "那個"]], "free": ["#e At dawn, the boy woke up.", "#c 天亮了,小男孩起床了。"], "s_end": true, "iu_a_span": [46.27, 50.79], "meta": {"topic": "frog", "type": "Narrative", "language": "賽德克語, Seediq, Tgdaya", "speaker": "黃美玉, Aking Nawi, female, 1952", "collected": "None", "revised": "None", "video": "sdqNr-frog_aking.mp3"}, "s_a_span": [46.27, 50.79], "file": "Seediq_Tgdaya/sdqNr-frog_aking", "num": 23}], [24, {"ori": [], "gloss": [["...", "", ""], ["qta-an=na", "see-LF=3SG.GEN", "看-處焦=3SG.屬格"], ["ka==,_", "NOM", "主格"]], "free": [], "s_end": false, "iu_a_span": [50.79, 52.32], "meta": {"topic": "frog", "type": "Narrative", "language": "賽德克語, Seediq, Tgdaya", "speaker": "黃美玉, Aking Nawi, female, 1952", "collected": "None", "revised": "None", "video": "sdqNr-frog_aking.mp3"}, "file": "Seediq_Tgdaya/sdqNr-frog_aking", "num": 24}], [25, {"ori": [], "gloss": [["...", "", ""], ["uN==,_", "FIL", "FIL"]], "free": [], "s_end": false, "iu_a_span": [52.32, 53.18], "meta": {"topic": "frog", "type": "Narrative", "language": "賽德克語, Seediq, Tgdaya", "speaker": "黃美玉, Aking Nawi, female, 1952", "collected": "None", "revised": "None", "video": "sdqNr-frog_aking.mp3"}, "file": "Seediq_Tgdaya/sdqNr-frog_aking", "num": 25}], [26, {"ori": [], "gloss": [["..", "", ""], ["n<n>iq-an", "<PFV>be.at-LF", "<完成>在-處焦"], ["na", "GEN", "屬格"], ["q--", "FS", "FS"]], "free": [], "s_end": false, "iu_a_span": [53.18, 54.16], "meta": {"topic": "frog", "type": "Narrative", "language": "賽德克語, Seediq, Tgdaya", "speaker": "黃美玉, Aking Nawi, female, 1952", "collected": "None", "revised": "None", "video": "sdqNr-frog_aking.mp3"}, "file": "Seediq_Tgdaya/sdqNr-frog_aking", "num": 26}], [27, {"ori": [], "gloss": [["..", "", ""], ["a==,_", "FIL", "FIL"]], "free": [], "s_end": false, "iu_a_span": [54.16, 54.53], "meta": {"topic": "frog", "type": "Narrative", "language": "賽德克語, Seediq, Tgdaya", "speaker": "黃美玉, Aking Nawi, female, 1952", "collected": "None", "revised": "None", "video": "sdqNr-frog_aking.mp3"}, "file": "Seediq_Tgdaya/sdqNr-frog_aking", "num": 27}], [28, {"ori": [], "gloss": [["..", "", ""], ["qpatun", "frog", "青蛙"], ["hiya", "that", "那個"], ["ma", "then", "然後"], ["uka", "NEG.EXIST", "否定.存在"], ["ka", "NOM", "主格"], ["qpatun", "frog", "青蛙"], ["kiya", "that", "那個"], ["di.\\", "PFV.PART", "完成.語助詞"]], "free": ["#e He looked towards the place where the frog usually stayed, but it had now disappeared.", "#c 他往青蛙原本住的位置看去，但青蛙已經不見了。"], "s_end": true, "iu_a_span": [54.53, 56.97], "meta": {"topic": "frog", "type": "Narrative", "language": "賽德克語, Seediq, Tgdaya", "speaker": "黃美玉, Aking Nawi, female, 1952", "collected": "None", "revised": "None", "video": "sdqNr-frog_aking.mp3"}, "s_a_span": [50.79, 56.97], "file": "Seediq_Tgdaya/sdqNr-frog_aking", "num": 28}], [29, {"ori": [], "gloss": [["...", "", ""], ["naqah", "AF.bad", "主焦.不好"], ["ba", "real", "真的"], ["kuxun=na", "mood=3SG.GEN", "心情=3SG.屬格"], ["a,_", "FIL", "FIL"]], "free": [], "s_end": false, "iu_a_span": [56.97, 58.77], "meta": {"topic": "frog", "type": "Narrative", "language": "賽德克語, Seediq, Tgdaya", "speaker": "黃美玉, Aking Nawi, female, 1952", "collected": "None", "revised": "None", "video": "sdqNr-frog_aking.mp3"}, "file": "Seediq_Tgdaya/sdqNr-frog_aking", "num": 29}], [30, {"ori": [], "gloss": [["..", "", ""], ["q<m>ita", "<AF>look", "<主焦>看"], ["ka==,_", "NOM", "主格"]], "free": [], "s_end": false, "iu_a_span": [58.77, 59.68], "meta": {"topic": "frog", "type": "Narrative", "language": "賽德克語, Seediq, Tgdaya", "speaker": "黃美玉, Aking Nawi, female, 1952", "collected": "None", "revised": "None", "video": "sdqNr-frog_aking.mp3"}, "file": "Seediq_Tgdaya/sdqNr-frog_aking", "num": 30}], [31, {"ori": [], "gloss": [["..", "", ""], ["laqi", "child", "小孩"], ["rseno", "man", "男生"], ["nii.\\", "this", "這個"]], "free": ["#e The boy felt very sad seeing this.", "#c 小男孩看到這樣感到很傷心。"], "s_end": true, "iu_a_span": [59.68, 61.11], "meta": {"topic": "frog", "type": "Narrative", "language": "賽德克語, Seediq, Tgdaya", "speaker": "黃美玉, Aking Nawi, female, 1952", "collected": "None", "revised": "None", "video": "sdqNr-frog_aking.mp3"}, "s_a_span": [56.97, 61.11], "file": "Seediq_Tgdaya/sdqNr-frog_aking", "num": 31}], [32, {"ori": [], "gloss": [["...(1.4)", "", ""], ["ma,_", "then", "然後"]], "free": [], "s_end": false, "iu_a_span": [61.11, 62.89], "meta": {"topic": "frog", "type": "Narrative", "language": "賽德克語, Seediq, Tgdaya", "speaker": "黃美玉, Aking Nawi, female, 1952", "collected": "None", "revised": "None", "video": "sdqNr-frog_aking.mp3"}, "file": "Seediq_Tgdaya/sdqNr-frog_aking", "num": 32}], [33, {"ori": [], "gloss": [["..", "", ""], ["m-^lukus,_", "AF-clothing", "主焦-衣服"]], "free": [], "s_end": false, "iu_a_span": [62.89, 64.0], "meta": {"topic": "frog", "type": "Narrative", "language": "賽德克語, Seediq, Tgdaya", "speaker": "黃美玉, Aking Nawi, female, 1952", "collected": "None", "revised": "None", "video": "sdqNr-frog_aking.mp3"}, "file": "Seediq_Tgdaya/sdqNr-frog_aking", "num": 33}], [34, {"ori": [], "gloss": [["...(1.3)", "", ""], ["plukus,_", "AF.wear", "主焦.穿"]], "free": [], "s_end": false, "iu_a_span": [64.0, 66.08], "meta": {"topic": "frog", "type": "Narrative", "language": "賽德克語, Seediq, Tgdaya", "speaker": "黃美玉, Aking Nawi, female, 1952", "collected": "None", "revised": "None", "video": "sdqNr-frog_aking.mp3"}, "file": "Seediq_Tgdaya/sdqNr-frog_aking", "num": 34}], [35, {"ori": [], "gloss": [["..", "", ""], ["ye==,_", "maybe", "也許"]], "free": [], "s_end": false, "iu_a_span": [66.08, 66.56], "meta": {"topic": "frog", "type": "Narrative", "language": "賽德克語, Seediq, Tgdaya", "speaker": "黃美玉, Aking Nawi, female, 1952", "collected": "None", "revised": "None", "video": "sdqNr-frog_aking.mp3"}, "file": "Seediq_Tgdaya/sdqNr-frog_aking", "num": 35}], [36, {"ori": [], "gloss": [["...(0.9)", "", ""], ["m-maha", "RED-AF.go", "重疊-主焦.去"], ["skadi,_", "AF.search", "主焦.尋找"]], "free": [], "s_end": false, "iu_a_span": [66.56, 68.53], "meta": {"topic": "frog", "type": "Narrative", "language": "賽德克語, Seediq, Tgdaya", "speaker": "黃美玉, Aking Nawi, female, 1952", "collected": "None", "revised": "None", "video": "sdqNr-frog_aking.mp3"}, "file": "Seediq_Tgdaya/sdqNr-frog_aking", "num": 36}], [37, {"ori": [], "gloss": [["..", "", ""], ["qpatun=na", "frog=3SG.GEN", "青蛙=3SG.屬格"], ["kiya.\\", "that", "那個"]], "free": ["#e He got dressed and set off to find his frog.", "#c 他著裝穿衣準備去尋找那隻青蛙。"], "s_end": true, "iu_a_span": [68.53, 69.71], "meta": {"topic": "frog", "type": "Narrative", "language": "賽德克語, Seediq, Tgdaya", "speaker": "黃美玉, Aking Nawi, female, 1952", "collected": "None", "revised": "None", "video": "sdqNr-frog_aking.mp3"}, "s_a_span": [61.11, 69.71], "file": "Seediq_Tgdaya/sdqNr-frog_aking", "num": 37}], [38, {"ori": [], "gloss": [["...(0.8)", "", ""], ["ma==,_", "then", "然後"]], "free": [], "s_end": false, "iu_a_span": [69.71, 71.06], "meta": {"topic": "frog", "type": "Narrative", "language": "賽德克語, Seediq, Tgdaya", "speaker": "黃美玉, Aking Nawi, female, 1952", "collected": "None", "revised": "None", "video": "sdqNr-frog_aking.mp3"}, "file": "Seediq_Tgdaya/sdqNr-frog_aking", "num": 38}], [39, {"ori": [], "gloss": [["...", "", ""], ["so", "be.like", "像"], ["ba", "real", "真的"], ["ima", "who", "誰"], ["ka", "NOM", "主格"], ["huling=na", "dog=3SG.NOM", "狗=3SG.屬格"], ["duri.\\", "also", "也"]], "free": [], "s_end": false, "iu_a_span": [71.06, 73.3], "meta": {"topic": "frog", "type": "Narrative", "language": "賽德克語, Seediq, Tgdaya", "speaker": "黃美玉, Aking Nawi, female, 1952", "collected": "None", "revised": "None", "video": "sdqNr-frog_aking.mp3"}, "file": "Seediq_Tgdaya/sdqNr-frog_aking", "num": 39}], [40, {"ori": [], "gloss": [["..", "", ""], ["ini", "NEG", "否定"], ["gdema", "idle", "閒"], ["s--", "FS", "FS"]], "free": [], "s_end": false, "iu_a_span": [73.3, 74.4], "meta": {"topic": "frog", "type": "Narrative", "language": "賽德克語, Seediq, Tgdaya", "speaker": "黃美玉, Aking Nawi, female, 1952", "collected": "None", "revised": "None", "video": "sdqNr-frog_aking.mp3"}, "file": "Seediq_Tgdaya/sdqNr-frog_aking", "num": 40}], [41, {"ori": [], "gloss": [["...", "", ""], ["d<m>ayo", "<AF>help", "<主焦>幫忙"], ["skadi", "AF.search", "主焦.尋找"], ["laqi", "child", "小孩"], ["rseno", "man", "男生"], ["kiya.\\", "that", "那個"]], "free": ["#e His dog did not stay idle, and helped him search (for the frog).", "#c 他的狗也沒有閒著，也幫忙尋找(青蛙)。"], "s_end": true, "iu_a_span": [74.4, 76.72], "meta": {"topic": "frog", "type": "Narrative", "language": "賽德克語, Seediq, Tgdaya", "speaker": "黃美玉, Aking Nawi, female, 1952", "collected": "None", "revised": "None", "video": "sdqNr-frog_aking.mp3"}, "s_a_span": [69.71, 76.72], "file": "Seediq_Tgdaya/sdqNr-frog_aking", "num": 41}], [42, {"ori": [], "gloss": [["...", "", ""], ["wada", "go.PST", "去.過去"], ["ba", "real", "真的"], ["inu", "where", "哪裡"], ["ka,_", "NOM", "主格"]], "free": [], "s_end": false, "iu_a_span": [76.72, 78.15], "meta": {"topic": "frog", "type": "Narrative", "language": "賽德克語, Seediq, Tgdaya", "speaker": "黃美玉, Aking Nawi, female, 1952", "collected": "None", "revised": "None", "video": "sdqNr-frog_aking.mp3"}, "file": "Seediq_Tgdaya/sdqNr-frog_aking", "num": 42}], [43, {"ori": [], "gloss": [["..", "", ""], ["qpatun", "frog", "青蛙"], ["nii", "this", "這個"], ["di", "PFV.PART", "完成.語助詞"], ["^ha", "PART", "語助詞"], ["mesa.\\", "AF.say", "主焦.說"]], "free": [], "s_end": false, "iu_a_span": [78.15, 79.88], "meta": {"topic": "frog", "type": "Narrative", "language": "賽德克語, Seediq, Tgdaya", "speaker": "黃美玉, Aking Nawi, female, 1952", "collected": "None", "revised": "None", "video": "sdqNr-frog_aking.mp3"}, "file": "Seediq_Tgdaya/sdqNr-frog_aking", "num": 43}], [44, {"ori": [], "gloss": [["...(0.7)", "", ""], ["ma,_", "then", "然後"]], "free": [], "s_end": false, "iu_a_span": [79.88, 81.0], "meta": {"topic": "frog", "type": "Narrative", "language": "賽德克語, Seediq, Tgdaya", "speaker": "黃美玉, Aking Nawi, female, 1952", "collected": "None", "revised": "None", "video": "sdqNr-frog_aking.mp3"}, "file": "Seediq_Tgdaya/sdqNr-frog_aking", "num": 44}], [45, {"ori": [], "gloss": [["..", "", ""], ["psa-an=na==,_", "put-LF=3SG.GEN", "放-處焦=3SG.屬格"]], "free": [], "s_end": false, "iu_a_span": [81.0, 82.06], "meta": {"topic": "frog", "type": "Narrative", "language": "賽德克語, Seediq, Tgdaya", "speaker": "黃美玉, Aking Nawi, female, 1952", "collected": "None", "revised": "None", "video": "sdqNr-frog_aking.mp3"}, "file": "Seediq_Tgdaya/sdqNr-frog_aking", "num": 45}], [46, {"ori": [], "gloss": [["...(0.7)", "", ""], ["m-qiri", "AF-gaze", "主焦-遠望"], ["a==,_", "FIL", "FIL"]], "free": [], "s_end": false, "iu_a_span": [82.06, 83.94], "meta": {"topic": "frog", "type": "Narrative", "language": "賽德克語, Seediq, Tgdaya", "speaker": "黃美玉, Aking Nawi, female, 1952", "collected": "None", "revised": "None", "video": "sdqNr-frog_aking.mp3"}, "file": "Seediq_Tgdaya/sdqNr-frog_aking", "num": 46}], [47, {"ori": [], "gloss": [["..", "", ""], ["truma", "inside", "裡面"], ["ka", "NOM", "主格"], ["tunux=na.\\", "head=3SG.GEN", "頭=3SG.屬格"]], "free": [], "s_end": false, "iu_a_span": [83.94, 85.6], "meta": {"topic": "frog", "type": "Narrative", "language": "賽德克語, Seediq, Tgdaya", "speaker": "黃美玉, Aking Nawi, female, 1952", "collected": "None", "revised": "None", "video": "sdqNr-frog_aking.mp3"}, "file": "Seediq_Tgdaya/sdqNr-frog_aking", "num": 47}], [48, {"ori": [], "gloss": [["..", "", ""], ["a==", "FIL", "FIL"], ["si--,_", "FS", "FS"]], "free": [], "s_end": false, "iu_a_span": [85.6, 86.52], "meta": {"topic": "frog", "type": "Narrative", "language": "賽德克語, Seediq, Tgdaya", "speaker": "黃美玉, Aking Nawi, female, 1952", "collected": "None", "revised": "None", "video": "sdqNr-frog_aking.mp3"}, "file": "Seediq_Tgdaya/sdqNr-frog_aking", "num": 48}], [49, {"ori": [], "gloss": [["..", "", ""], ["a", "FIL", "FIL"], ["n<n>iq-an=na", "<PFV>be.at-LF=3SG.GEN", "<完成>在-處焦=3SG.屬格"], ["manu", "what", "什麼"], ["di", "PFV.PART", "完成.語助詞"], ["a,_", "FIL", "FIL"]], "free": [], "s_end": false, "iu_a_span": [86.52, 88.5], "meta": {"topic": "frog", "type": "Narrative", "language": "賽德克語, Seediq, Tgdaya", "speaker": "黃美玉, Aking Nawi, female, 1952", "collected": "None", "revised": "None", "video": "sdqNr-frog_aking.mp3"}, "file": "Seediq_Tgdaya/sdqNr-frog_aking", "num": 49}], [50, {"ori": [], "gloss": [["..", "", ""], ["qolic", "rat", "老鼠"], ["k--", "FS", "FS"], ["a==,_", "FIL", "FIL"]], "free": [], "s_end": false, "iu_a_span": [88.5, 89.34], "meta": {"topic": "frog", "type": "Narrative", "language": "賽德克語, Seediq, Tgdaya", "speaker": "黃美玉, Aking Nawi, female, 1952", "collected": "None", "revised": "None", "video": "sdqNr-frog_aking.mp3"}, "file": "Seediq_Tgdaya/sdqNr-frog_aking", "num": 50}], [51, {"ori": [], "gloss": [["...", "", ""], ["a==", "FIL", "FIL青蛙"], ["qpatun", "frog", "這個"], ["nii", "this", "語助詞"], ["peni.\\", "", ""]], "free": ["#e Thinking \"Where did the frog go?\", the dog put its head into the frog’s resting place.", "#c 心裡想著：「青蛙倒底去了哪兒呢？」狗將頭探入青蛙的住處。"], "s_end": true, "iu_a_span": [89.34, 90.84], "meta": {"topic": "frog", "type": "Narrative", "language": "賽德克語, Seediq, Tgdaya", "speaker": "黃美玉, Aking Nawi, female, 1952", "collected": "None", "revised": "None", "video": "sdqNr-frog_aking.mp3"}, "s_a_span": [76.72, 90.84], "file": "Seediq_Tgdaya/sdqNr-frog_aking", "num": 51}], [52, {"ori": [], "gloss": [["...", "", ""], ["ma,_", "then", "然後"]], "free": [], "s_end": false, "iu_a_span": [90.84, 91.86], "meta": {"topic": "frog", "type": "Narrative", "language": "賽德克語, Seediq, Tgdaya", "speaker": "黃美玉, Aking Nawi, female, 1952", "collected": "None", "revised": "None", "video": "sdqNr-frog_aking.mp3"}, "file": "Seediq_Tgdaya/sdqNr-frog_aking", "num": 52}], [53, {"ori": [], "gloss": [["...(1.1)", "", ""], ["pqeya,_", "AF.cover", "主焦.套住"]], "free": [], "s_end": false, "iu_a_span": [91.86, 93.63], "meta": {"topic": "frog", "type": "Narrative", "language": "賽德克語, Seediq, Tgdaya", "speaker": "黃美玉, Aking Nawi, female, 1952", "collected": "None", "revised": "None", "video": "sdqNr-frog_aking.mp3"}, "file": "Seediq_Tgdaya/sdqNr-frog_aking", "num": 53}], [54, {"ori": [], "gloss": [["..", "", ""], ["tunux=na", "head=3SG.GEN", "頭=3SG.屬格"], ["ka==,_", "NOM", "主格"]], "free": [], "s_end": false, "iu_a_span": [93.63, 94.89], "meta": {"topic": "frog", "type": "Narrative", "language": "賽德克語, Seediq, Tgdaya", "speaker": "黃美玉, Aking Nawi, female, 1952", "collected": "None", "revised": "None", "video": "sdqNr-frog_aking.mp3"}, "file": "Seediq_Tgdaya/sdqNr-frog_aking", "num": 54}], [55, {"ori": [], "gloss": [["...(1.7)", "", ""], ["tunux", "head", "頭"], ["na", "GEN", "屬格"], ["huling", "dog", "狗"], ["ka", "NOM", "主格"], ["n<n>iq-an", "<PFV>be.at-LF", "<完成>在-處焦"], ["na", "GEN", "屬格"], ["qpatun", "frog", "青蛙"], ["gaga", "that", "那個"], ["di.\\", "PFV.PART", "完成.語助詞"]], "free": ["#e But its head got stuck in the frog’s resting place.", "#c 但是牠的頭卻因此卡在青蛙的住處裡面了。"], "s_end": true, "iu_a_span": [94.89, 99.09], "meta": {"topic": "frog", "type": "Narrative", "language": "賽德克語, Seediq, Tgdaya", "speaker": "黃美玉, Aking Nawi, female, 1952", "collected": "None", "revised": "None", "video": "sdqNr-frog_aking.mp3"}, "s_a_span": [90.84, 99.09], "file": "Seediq_Tgdaya/sdqNr-frog_aking", "num": 55}], [56, {"ori": [], "gloss": [["...", "", ""], ["ani=na", "although=3SG.GEN", "即使=3SG.屬格"], ["huwa", "AF.how", "主焦.如何"], ["kes-un", "say-PF", "說-受焦"], ["so", "be.like", "像"], ["mesa", "AF.say", "主焦.說"], ["uN", "FIL", "FIL"], ["lix-un=na", "swing.off-PF=3SG.GEN", "甩掉-受焦=3SG.屬格"], ["ka,_", "NOM", "主格"]], "free": ["#n kesun 有 \"說\" 以及 \"這樣(做)\" 之語意。此處宜譯為後者。", "#n kesun 有 \"說\" 以及 \"這樣(做)\" 之語意。此處宜譯為後者。"], "s_end": false, "iu_a_span": [99.09, 102.47], "meta": {"topic": "frog", "type": "Narrative", "language": "賽德克語, Seediq, Tgdaya", "speaker": "黃美玉, Aking Nawi, female, 1952", "collected": "None", "revised": "None", "video": "sdqNr-frog_aking.mp3"}, "file": "Seediq_Tgdaya/sdqNr-frog_aking", "num": 56}], [57, {"ori": [], "gloss": [["...", "", ""], ["uh", "FIL", "FIL"], ["n<n>iq-an=na,_", "<PFV>be.at-LF=3SG.GEN", "<完成>在-處焦=3SG.屬格"]], "free": [], "s_end": false, "iu_a_span": [102.47, 103.97], "meta": {"topic": "frog", "type": "Narrative", "language": "賽德克語, Seediq, Tgdaya", "speaker": "黃美玉, Aking Nawi, female, 1952", "collected": "None", "revised": "None", "video": "sdqNr-frog_aking.mp3"}, "file": "Seediq_Tgdaya/sdqNr-frog_aking", "num": 57}], [58, {"ori": [], "gloss": [["...", "", ""], ["liwas", "urn", "甕"], ["a==,_", "FIL", "FIL"]], "free": [], "s_end": false, "iu_a_span": [103.97, 105.16], "meta": {"topic": "frog", "type": "Narrative", "language": "賽德克語, Seediq, Tgdaya", "speaker": "黃美玉, Aking Nawi, female, 1952", "collected": "None", "revised": "None", "video": "sdqNr-frog_aking.mp3"}, "file": "Seediq_Tgdaya/sdqNr-frog_aking", "num": 58}], [59, {"ori": [], "gloss": [["...", "", ""], ["a==", "FIL", "FIL青蛙"], ["qpatun", "frog", "這個"], ["nii", "this", "然後"], ["ma,_", "", ""]], "free": [], "s_end": false, "iu_a_span": [105.16, 107.42], "meta": {"topic": "frog", "type": "Narrative", "language": "賽德克語, Seediq, Tgdaya", "speaker": "黃美玉, Aking Nawi, female, 1952", "collected": "None", "revised": "None", "video": "sdqNr-frog_aking.mp3"}, "file": "Seediq_Tgdaya/sdqNr-frog_aking", "num": 59}], [60, {"ori": [], "gloss": [["...", "", ""], ["ini=na,_", "NEG=3SG.GEN", "否定=3SG.屬格"]], "free": [], "s_end": false, "iu_a_span": [107.42, 108.54], "meta": {"topic": "frog", "type": "Narrative", "language": "賽德克語, Seediq, Tgdaya", "speaker": "黃美玉, Aking Nawi, female, 1952", "collected": "None", "revised": "None", "video": "sdqNr-frog_aking.mp3"}, "file": "Seediq_Tgdaya/sdqNr-frog_aking", "num": 60}], [61, {"ori": [], "gloss": [["..", "", ""], ["ini=na,_", "NEG=3SG.GEN", "否定=3SG.屬格"]], "free": [], "s_end": false, "iu_a_span": [108.54, 109.07], "meta": {"topic": "frog", "type": "Narrative", "language": "賽德克語, Seediq, Tgdaya", "speaker": "黃美玉, Aking Nawi, female, 1952", "collected": "None", "revised": "None", "video": "sdqNr-frog_aking.mp3"}, "file": "Seediq_Tgdaya/sdqNr-frog_aking", "num": 61}], [62, {"ori": [], "gloss": [["..", "", ""], ["dhek-i", "achieve-PF.IRR", "達成-受焦.非實現"], ["m-angan", "AF-take", "主焦-拿"], ["so==", "be.like", "像"], ["manu", "what", "什麼"], ["di", "PFV.PART", "完成.語助詞"], ["XX", "", ""], ["a==,_", "FIL", "FIL"]], "free": [], "s_end": false, "iu_a_span": [109.07, 111.57], "meta": {"topic": "frog", "type": "Narrative", "language": "賽德克語, Seediq, Tgdaya", "speaker": "黃美玉, Aking Nawi, female, 1952", "collected": "None", "revised": "None", "video": "sdqNr-frog_aking.mp3"}, "file": "Seediq_Tgdaya/sdqNr-frog_aking", "num": 62}], [63, {"ori": [], "gloss": [["...", "", ""], ["a==", "FIL", "FIL"], ["liwas", "urn", "甕"], ["nii.\\", "this", "這個"]], "free": ["#e No matter how hard the dog tried, it was unable to throw off the rat and the frog’s resting place, the urn.", "#c 不管他如何使勁地想把那套在他頭上的青蛙的住屋、一個甕、給拿掉，卻怎麼拿不到，也甩不掉。"], "s_end": true, "iu_a_span": [111.57, 113.19], "meta": {"topic": "frog", "type": "Narrative", "language": "賽德克語, Seediq, Tgdaya", "speaker": "黃美玉, Aking Nawi, female, 1952", "collected": "None", "revised": "None", "video": "sdqNr-frog_aking.mp3"}, "s_a_span": [99.09, 113.19], "file": "Seediq_Tgdaya/sdqNr-frog_aking", "num": 63}], [64, {"ori": [], "gloss": [["...(0.8)", "", ""], ["ma", "then", "然後"], ["ini", "NEG", "否定"], ["kela", "know", "知道"], ["ali,_", "day", "日子"]], "free": [], "s_end": false, "iu_a_span": [113.19, 115.04], "meta": {"topic": "frog", "type": "Narrative", "language": "賽德克語, Seediq, Tgdaya", "speaker": "黃美玉, Aking Nawi, female, 1952", "collected": "None", "revised": "None", "video": "sdqNr-frog_aking.mp3"}, "file": "Seediq_Tgdaya/sdqNr-frog_aking", "num": 64}], [65, {"ori": [], "gloss": [["...(0.8)", "", ""], ["l<m>awa", "<AF>call", "<主焦>呼喊"], ["qpatun", "frog", "青蛙"], ["ka,_", "NOM", "主格"]], "free": [], "s_end": false, "iu_a_span": [115.04, 117.32], "meta": {"topic": "frog", "type": "Narrative", "language": "賽德克語, Seediq, Tgdaya", "speaker": "黃美玉, Aking Nawi, female, 1952", "collected": "None", "revised": "None", "video": "sdqNr-frog_aking.mp3"}, "file": "Seediq_Tgdaya/sdqNr-frog_aking", "num": 65}], [66, {"ori": [], "gloss": [["..", "", ""], ["laqi", "child", "小孩"], ["rseno", "man", "男生"], ["nii.\\", "this", "這個"]], "free": [], "s_end": false, "iu_a_span": [117.32, 118.52], "meta": {"topic": "frog", "type": "Narrative", "language": "賽德克語, Seediq, Tgdaya", "speaker": "黃美玉, Aking Nawi, female, 1952", "collected": "None", "revised": "None", "video": "sdqNr-frog_aking.mp3"}, "file": "Seediq_Tgdaya/sdqNr-frog_aking", "num": 66}], [67, {"ori": [], "gloss": [["...", "", ""], ["rwah-un=na", "open-PF=3SG.GEN", "打開-受焦=3SG.屬格"], ["ka,_", "NOM", "主格"]], "free": [], "s_end": false, "iu_a_span": [118.52, 120.25], "meta": {"topic": "frog", "type": "Narrative", "language": "賽德克語, Seediq, Tgdaya", "speaker": "黃美玉, Aking Nawi, female, 1952", "collected": "None", "revised": "None", "video": "sdqNr-frog_aking.mp3"}, "file": "Seediq_Tgdaya/sdqNr-frog_aking", "num": 67}], [68, {"ori": [], "gloss": [["..", "", ""], ["bais=na.\\", "window=3SG.GEN", "窗戶=3SG.屬格"]], "free": [], "s_end": false, "iu_a_span": [120.25, 121.18], "meta": {"topic": "frog", "type": "Narrative", "language": "賽德克語, Seediq, Tgdaya", "speaker": "黃美玉, Aking Nawi, female, 1952", "collected": "None", "revised": "None", "video": "sdqNr-frog_aking.mp3"}, "file": "Seediq_Tgdaya/sdqNr-frog_aking", "num": 68}], [69, {"ori": [], "gloss": [["...", "", ""], ["quri", "AF.towards", "主焦.往"], ["nganguc,\\", "outside", "外面"]], "free": [], "s_end": false, "iu_a_span": [121.18, 122.26], "meta": {"topic": "frog", "type": "Narrative", "language": "賽德克語, Seediq, Tgdaya", "speaker": "黃美玉, Aking Nawi, female, 1952", "collected": "None", "revised": "None", "video": "sdqNr-frog_aking.mp3"}, "file": "Seediq_Tgdaya/sdqNr-frog_aking", "num": 69}], [70, {"ori": [], "gloss": [["..", "", ""], ["l<m>awa,\\", "<AF>call", "<主焦>呼喊"]], "free": [], "s_end": false, "iu_a_span": [122.26, 123.1], "meta": {"topic": "frog", "type": "Narrative", "language": "賽德克語, Seediq, Tgdaya", "speaker": "黃美玉, Aking Nawi, female, 1952", "collected": "None", "revised": "None", "video": "sdqNr-frog_aking.mp3"}, "file": "Seediq_Tgdaya/sdqNr-frog_aking", "num": 70}], [71, {"ori": [], "gloss": [["..", "", ""], ["qpatun=na.\\", "frog=3SG.GEN", "青蛙=3SG.屬格"]], "free": ["#e The boy, on the other hand, did not seem to notice what was happening to his dog. He opened the window and called out to his frog.", "#c 小男孩卻也絲毫未察覺地，推著窗往外呼喊著他的青蛙。"], "s_end": true, "iu_a_span": [123.1, 123.96], "meta": {"topic": "frog", "type": "Narrative", "language": "賽德克語, Seediq, Tgdaya", "speaker": "黃美玉, Aking Nawi, female, 1952", "collected": "None", "revised": "None", "video": "sdqNr-frog_aking.mp3"}, "s_a_span": [113.19, 123.96], "file": "Seediq_Tgdaya/sdqNr-frog_aking", "num": 71}], [72, {"ori": [], "gloss": [["...(1.2)", "", ""], ["ma,_", "then", "然後"]], "free": [], "s_end": false, "iu_a_span": [123.96, 125.73], "meta": {"topic": "frog", "type": "Narrative", "language": "賽德克語, Seediq, Tgdaya", "speaker": "黃美玉, Aking Nawi, female, 1952", "collected": "None", "revised": "None", "video": "sdqNr-frog_aking.mp3"}, "file": "Seediq_Tgdaya/sdqNr-frog_aking", "num": 72}], [73, {"ori": [], "gloss": [["...(4.1)", "", ""], ["ye", "maybe", "也許"], ["naq", "self", "自己"], ["ini", "NEG", "否定"], ["kela", "know", "知道"], ["ali,_", "day", "日子"]], "free": [], "s_end": false, "iu_a_span": [125.73, 131.23], "meta": {"topic": "frog", "type": "Narrative", "language": "賽德克語, Seediq, Tgdaya", "speaker": "黃美玉, Aking Nawi, female, 1952", "collected": "None", "revised": "None", "video": "sdqNr-frog_aking.mp3"}, "file": "Seediq_Tgdaya/sdqNr-frog_aking", "num": 73}], [74, {"ori": [], "gloss": [["...", "", ""], ["ye", "maybe", "也許"], ["mesa,_", "AF-say", "主焦-說"]], "free": [], "s_end": false, "iu_a_span": [131.23, 132.43], "meta": {"topic": "frog", "type": "Narrative", "language": "賽德克語, Seediq, Tgdaya", "speaker": "黃美玉, Aking Nawi, female, 1952", "collected": "None", "revised": "None", "video": "sdqNr-frog_aking.mp3"}, "file": "Seediq_Tgdaya/sdqNr-frog_aking", "num": 74}], [75, {"ori": [], "gloss": [["..", "", ""], ["a", "FIL", "FIL放掉-受焦.非實現=1IPL.主格"], ["plix-o=ta==,_", "", ""]], "free": [], "s_end": false, "iu_a_span": [132.43, 133.67], "meta": {"topic": "frog", "type": "Narrative", "language": "賽德克語, Seediq, Tgdaya", "speaker": "黃美玉, Aking Nawi, female, 1952", "collected": "None", "revised": "None", "video": "sdqNr-frog_aking.mp3"}, "file": "Seediq_Tgdaya/sdqNr-frog_aking", "num": 75}], [76, {"ori": [], "gloss": [["..", "", ""], ["liwas=na", "urn=3SG.GEN", "甕=3SG.屬格"], ["ka==,_", "NOM", "主格"]], "free": [], "s_end": false, "iu_a_span": [133.67, 134.77], "meta": {"topic": "frog", "type": "Narrative", "language": "賽德克語, Seediq, Tgdaya", "speaker": "黃美玉, Aking Nawi, female, 1952", "collected": "None", "revised": "None", "video": "sdqNr-frog_aking.mp3"}, "file": "Seediq_Tgdaya/sdqNr-frog_aking", "num": 76}], [77, {"ori": [], "gloss": [["..", "", ""], ["huling=na", "dog=3SG.GEN", "狗=3SG.屬格"], ["gaga", "that", "那個"], ["ma,_", "PART", "語助詞"]], "free": [], "s_end": false, "iu_a_span": [134.77, 135.84], "meta": {"topic": "frog", "type": "Narrative", "language": "賽德克語, Seediq, Tgdaya", "speaker": "黃美玉, Aking Nawi, female, 1952", "collected": "None", "revised": "None", "video": "sdqNr-frog_aking.mp3"}, "file": "Seediq_Tgdaya/sdqNr-frog_aking", "num": 77}], [78, {"ori": [], "gloss": [["..", "", ""], ["kndalax", "AF.from", "主焦.從"], ["a==,_", "FIL", "FIL"]], "free": [], "s_end": false, "iu_a_span": [135.84, 137.03], "meta": {"topic": "frog", "type": "Narrative", "language": "賽德克語, Seediq, Tgdaya", "speaker": "黃美玉, Aking Nawi, female, 1952", "collected": "None", "revised": "None", "video": "sdqNr-frog_aking.mp3"}, "file": "Seediq_Tgdaya/sdqNr-frog_aking", "num": 78}], [79, {"ori": [], "gloss": [["..", "", ""], ["bais=na", "window=3SG.GEN", "窗戶=3SG.屬格"], ["baro", "above", "上面"], ["takun", "AF.fall", "主焦.跌倒"], ["truma", "inside", "裡面"], ["di.\\", "PFV.PART", "完成.語助詞"]], "free": ["#e As the dog was busy taking off the urn from its head, it fell down from the window.", "#c 而狗兒也一不小心，只想說擺脫這甕就好了，竟從窗戶上跌了下來。"], "s_end": true, "iu_a_span": [137.03, 139.11], "meta": {"topic": "frog", "type": "Narrative", "language": "賽德克語, Seediq, Tgdaya", "speaker": "黃美玉, Aking Nawi, female, 1952", "collected": "None", "revised": "None", "video": "sdqNr-frog_aking.mp3"}, "s_a_span": [123.96, 139.11], "file": "Seediq_Tgdaya/sdqNr-frog_aking", "num": 79}], [80, {"ori": [], "gloss": [["...", "", ""], ["^wada", "AUX.PST", "助動詞.過去"], ["ba", "real", "真的"], ["sklui", "AF.be.shocked", "主焦.驚嚇"], ["ka==,?_", "NOM", "主格"]], "free": [], "s_end": false, "iu_a_span": [139.11, 141.37], "meta": {"topic": "frog", "type": "Narrative", "language": "賽德克語, Seediq, Tgdaya", "speaker": "黃美玉, Aking Nawi, female, 1952", "collected": "None", "revised": "None", "video": "sdqNr-frog_aking.mp3"}, "file": "Seediq_Tgdaya/sdqNr-frog_aking", "num": 80}], [81, {"ori": [], "gloss": [["..", "", ""], ["laqi", "child", "小孩"], ["rseno", "man", "男生"], ["gaga.\\", "that", "那個"]], "free": [], "s_end": false, "iu_a_span": [141.37, 142.56], "meta": {"topic": "frog", "type": "Narrative", "language": "賽德克語, Seediq, Tgdaya", "speaker": "黃美玉, Aking Nawi, female, 1952", "collected": "None", "revised": "None", "video": "sdqNr-frog_aking.mp3"}, "file": "Seediq_Tgdaya/sdqNr-frog_aking", "num": 81}], [82, {"ori": [], "gloss": [["..", "", ""], ["m-usa==,_", "AF-go", "主焦-去"]], "free": [], "s_end": false, "iu_a_span": [142.56, 143.56], "meta": {"topic": "frog", "type": "Narrative", "language": "賽德克語, Seediq, Tgdaya", "speaker": "黃美玉, Aking Nawi, female, 1952", "collected": "None", "revised": "None", "video": "sdqNr-frog_aking.mp3"}, "file": "Seediq_Tgdaya/sdqNr-frog_aking", "num": 82}], [83, {"ori": [], "gloss": [["..", "", ""], ["nganguc", "outside", "外面"], ["ma", "then", "然後"], ["ha-an=na", "go-LF=3SG.GEN", "去-處焦=3SG.屬格"], ["m-emux", "AF-hold", "主焦-抱"], ["ka", "NOM", "主格"], ["huling=na.\\", "dog=3SG.GEN", "狗=3SG.屬格"]], "free": ["#e The boy was shocked, so he ran out to see if the dog was ok. When he got there, he hugged his dog.", "#c 小男孩頓時驚訝得往外頭去，把他的狗兒抱著；"], "s_end": true, "iu_a_span": [143.56, 145.87], "meta": {"topic": "frog", "type": "Narrative", "language": "賽德克語, Seediq, Tgdaya", "speaker": "黃美玉, Aking Nawi, female, 1952", "collected": "None", "revised": "None", "video": "sdqNr-frog_aking.mp3"}, "s_a_span": [139.11, 145.87], "file": "Seediq_Tgdaya/sdqNr-frog_aking", "num": 83}], [84, {"ori": [], "gloss": [["...(0.9)", "", ""], ["ma,_", "then", "然後"]], "free": [], "s_end": false, "iu_a_span": [145.87, 147.28], "meta": {"topic": "frog", "type": "Narrative", "language": "賽德克語, Seediq, Tgdaya", "speaker": "黃美玉, Aking Nawi, female, 1952", "collected": "None", "revised": "None", "video": "sdqNr-frog_aking.mp3"}, "file": "Seediq_Tgdaya/sdqNr-frog_aking", "num": 84}], [85, {"ori": [], "gloss": [["..", "", ""], ["m-qaras", "AF-happy", "主焦-開心"], ["bale", "real", "真的"], ["ka", "NOM", "主格"], ["huling=na,_", "dog=3SG.GEN", "狗=3SG.屬格"]], "free": [], "s_end": false, "iu_a_span": [147.28, 149.19], "meta": {"topic": "frog", "type": "Narrative", "language": "賽德克語, Seediq, Tgdaya", "speaker": "黃美玉, Aking Nawi, female, 1952", "collected": "None", "revised": "None", "video": "sdqNr-frog_aking.mp3"}, "file": "Seediq_Tgdaya/sdqNr-frog_aking", "num": 85}], [86, {"ori": [], "gloss": [["..", "", ""], ["uh", "FIL", "FIL"], ["uh==,_", "FIL", "FIL"]], "free": [], "s_end": false, "iu_a_span": [149.19, 149.86], "meta": {"topic": "frog", "type": "Narrative", "language": "賽德克語, Seediq, Tgdaya", "speaker": "黃美玉, Aking Nawi, female, 1952", "collected": "None", "revised": "None", "video": "sdqNr-frog_aking.mp3"}, "file": "Seediq_Tgdaya/sdqNr-frog_aking", "num": 86}], [87, {"ori": [], "gloss": [["..", "", ""], ["so==", "be.like", "像"], ["m-yeha==,_", "AF-come", "主焦-來"]], "free": ["#n 此處 myeha 應為 meyah。", "#n 此處 myeha 應為 meyah。"], "s_end": false, "iu_a_span": [149.86, 151.38], "meta": {"topic": "frog", "type": "Narrative", "language": "賽德克語, Seediq, Tgdaya", "speaker": "黃美玉, Aking Nawi, female, 1952", "collected": "None", "revised": "None", "video": "sdqNr-frog_aking.mp3"}, "file": "Seediq_Tgdaya/sdqNr-frog_aking", "num": 87}], [88, {"ori": [], "gloss": [["...", "", ""], ["a==,_", "FIL", "FIL"]], "free": [], "s_end": false, "iu_a_span": [151.38, 152.42], "meta": {"topic": "frog", "type": "Narrative", "language": "賽德克語, Seediq, Tgdaya", "speaker": "黃美玉, Aking Nawi, female, 1952", "collected": "None", "revised": "None", "video": "sdqNr-frog_aking.mp3"}, "file": "Seediq_Tgdaya/sdqNr-frog_aking", "num": 88}], [89, {"ori": [], "gloss": [["..", "", ""], ["q<m>ita", "<AF>look", "<主焦>看"], ["heya", "3SG", "3SG"], ["ka==,_", "NOM", "主格"]], "free": [], "s_end": false, "iu_a_span": [152.42, 153.7], "meta": {"topic": "frog", "type": "Narrative", "language": "賽德克語, Seediq, Tgdaya", "speaker": "黃美玉, Aking Nawi, female, 1952", "collected": "None", "revised": "None", "video": "sdqNr-frog_aking.mp3"}, "file": "Seediq_Tgdaya/sdqNr-frog_aking", "num": 89}], [90, {"ori": [], "gloss": [["...", "", ""], ["uh==,_", "FIL", "FIL"]], "free": [], "s_end": false, "iu_a_span": [153.7, 154.73], "meta": {"topic": "frog", "type": "Narrative", "language": "賽德克語, Seediq, Tgdaya", "speaker": "黃美玉, Aking Nawi, female, 1952", "collected": "None", "revised": "None", "video": "sdqNr-frog_aking.mp3"}, "file": "Seediq_Tgdaya/sdqNr-frog_aking", "num": 90}], [91, {"ori": [], "gloss": [["...", "", ""], ["huling", "dog", "狗"], ["nii.\\", "this", "這個"]], "free": [], "s_end": false, "iu_a_span": [154.73, 155.91], "meta": {"topic": "frog", "type": "Narrative", "language": "賽德克語, Seediq, Tgdaya", "speaker": "黃美玉, Aking Nawi, female, 1952", "collected": "None", "revised": "None", "video": "sdqNr-frog_aking.mp3"}, "file": "Seediq_Tgdaya/sdqNr-frog_aking", "num": 91}], [92, {"ori": [], "gloss": [["...", "", ""], ["ma", "then", "然後"], ["chep-un=na", "lick-PF=3SG.GEN", "舔-受焦=3SG.屬格"], ["dqeras=na.\\", "face=3SG.GEN", "臉=3SG.屬格"]], "free": ["#e The dog was happy to see him and licked his face.", "#c 狗兒卻很開心並感恩地舔著他的臉。"], "s_end": true, "iu_a_span": [155.91, 157.86], "meta": {"topic": "frog", "type": "Narrative", "language": "賽德克語, Seediq, Tgdaya", "speaker": "黃美玉, Aking Nawi, female, 1952", "collected": "None", "revised": "None", "video": "sdqNr-frog_aking.mp3"}, "s_a_span": [145.87, 157.86], "file": "Seediq_Tgdaya/sdqNr-frog_aking", "num": 92}], [93, {"ori": [], "gloss": [["...", "", ""], ["ma", "then", "然後"], ["kika,_", "thus", "所以"]], "free": [], "s_end": false, "iu_a_span": [157.86, 159.04], "meta": {"topic": "frog", "type": "Narrative", "language": "賽德克語, Seediq, Tgdaya", "speaker": "黃美玉, Aking Nawi, female, 1952", "collected": "None", "revised": "None", "video": "sdqNr-frog_aking.mp3"}, "file": "Seediq_Tgdaya/sdqNr-frog_aking", "num": 93}], [94, {"ori": [], "gloss": [["...", "", ""], ["m-d-^daha", "AF-RED-two", "主焦-重疊-二"], ["m-usa", "AF-go", "主焦-去"], ["skadi,_", "AF.search", "主焦.尋找"]], "free": ["#n mddaha 為由 daha \"二\" 衍生之派生詞。宜譯為 \"他們倆\" 、 \"兩人一起\" 等語意。", "#n mddaha 為由 daha \"二\" 衍生之派生詞。宜譯為 \"他們倆\" 、 \"兩人一起\" 等語意。"], "s_end": false, "iu_a_span": [159.04, 161.33], "meta": {"topic": "frog", "type": "Narrative", "language": "賽德克語, Seediq, Tgdaya", "speaker": "黃美玉, Aking Nawi, female, 1952", "collected": "None", "revised": "None", "video": "sdqNr-frog_aking.mp3"}, "file": "Seediq_Tgdaya/sdqNr-frog_aking", "num": 94}], [95, {"ori": [], "gloss": [["...(1.1)", "", ""], ["yqeyaq", "field", "田間"], ["hiya", "there", "那裡"], ["ka==,_", "NOM", "主格"]], "free": [], "s_end": false, "iu_a_span": [161.33, 163.96], "meta": {"topic": "frog", "type": "Narrative", "language": "賽德克語, Seediq, Tgdaya", "speaker": "黃美玉, Aking Nawi, female, 1952", "collected": "None", "revised": "None", "video": "sdqNr-frog_aking.mp3"}, "file": "Seediq_Tgdaya/sdqNr-frog_aking", "num": 95}], [96, {"ori": [], "gloss": [["...", "", ""], ["daha", "two", "兩個"], ["ka", "NOM", "主格"], ["laqi", "child", "小孩"], ["rseno", "man", "男生"], ["nii", "this", "這個"], ["ka", "NOM", "主格"], ["huling", "dog", "狗"], ["nii", "this", "這個"], ["di.\\", "PFV.PART", "完成.語助詞"]], "free": [], "s_end": false, "iu_a_span": [163.96, 166.7], "meta": {"topic": "frog", "type": "Narrative", "language": "賽德克語, Seediq, Tgdaya", "speaker": "黃美玉, Aking Nawi, female, 1952", "collected": "None", "revised": "None", "video": "sdqNr-frog_aking.mp3"}, "file": "Seediq_Tgdaya/sdqNr-frog_aking", "num": 96}], [97, {"ori": [], "gloss": [["...(1.2)", "", ""], ["m-o==da,\\", "AF-pass", "主焦-經過"]], "free": [], "s_end": false, "iu_a_span": [166.7, 168.64], "meta": {"topic": "frog", "type": "Narrative", "language": "賽德克語, Seediq, Tgdaya", "speaker": "黃美玉, Aking Nawi, female, 1952", "collected": "None", "revised": "None", "video": "sdqNr-frog_aking.mp3"}, "file": "Seediq_Tgdaya/sdqNr-frog_aking", "num": 97}], [98, {"ori": [], "gloss": [["..", "", ""], ["lmiqu,\\", "forest", "森林"]], "free": [], "s_end": false, "iu_a_span": [168.64, 169.46], "meta": {"topic": "frog", "type": "Narrative", "language": "賽德克語, Seediq, Tgdaya", "speaker": "黃美玉, Aking Nawi, female, 1952", "collected": "None", "revised": "None", "video": "sdqNr-frog_aking.mp3"}, "file": "Seediq_Tgdaya/sdqNr-frog_aking", "num": 98}], [99, {"ori": [], "gloss": [["...(3.0)", "", ""], ["qpa^tun==", "frog", "青蛙"], ["qpa^tun", "frog", "青蛙"], ["si", "say", "說"], ["l<m>awa.\\", "<AF>call", "<主焦>呼喊"]], "free": ["#e So the boy and the dog set off together to the fields and the forest to find the frog. The boy called, \"Frog! Frog!\"", "#c 就這樣，這隻狗兒就和這個小男孩他們倆一起去田間尋找青蛙，走過森林。「青蛙！青蛙！」這樣喊著。"], "s_end": true, "iu_a_span": [169.46, 174.94], "meta": {"topic": "frog", "type": "Narrative", "language": "賽德克語, Seediq, Tgdaya", "speaker": "黃美玉, Aking Nawi, female, 1952", "collected": "None", "revised": "None", "video": "sdqNr-frog_aking.mp3"}, "s_a_span": [157.86, 174.94], "file": "Seediq_Tgdaya/sdqNr-frog_aking", "num": 99}]], "meta": {"topic": "frog", "type": "Narrative", "language": "賽德克語, Seediq, Tgdaya", "speaker": "黃美玉, Aking Nawi, female, 1952", "collected": "None", "revised": "None", "video": "sdqNr-frog_aking.mp3"}}