{"glosses": [[1, {"ori": [], "gloss": [["..", "", ""], ["m,\\", "FIL", "FIL"]], "free": [], "s_end": false, "iu_a_span": [2.26, 2.82], "meta": {"topic": "sisin", "type": "Narrative", "language": "賽德克語, Seediq, Tgdaya", "speaker": "郭明正, Dakis Pawan, male, 1953-02-24", "collected": "2009-09-17", "revised": "None", "video": "sdqNr-sisin_dakis.mp3"}, "file": "Seediq_Tgdaya/sdqNr-sisin_dakis", "num": 1}], [2, {"ori": [], "gloss": [["..", "", ""], ["mp-rengo=ku,_", "REC-say=1SG.NOM", "交互-說=1SG.主格"]], "free": [], "s_end": false, "iu_a_span": [2.82, 4.39], "meta": {"topic": "sisin", "type": "Narrative", "language": "賽德克語, Seediq, Tgdaya", "speaker": "郭明正, Dakis Pawan, male, 1953-02-24", "collected": "2009-09-17", "revised": "None", "video": "sdqNr-sisin_dakis.mp3"}, "file": "Seediq_Tgdaya/sdqNr-sisin_dakis", "num": 2}], [3, {"ori": [], "gloss": [["...", "", ""], ["manu", "what", "什麼"], ["di==.\\", "PFV.PART", "完成.語助詞"]], "free": ["#e Well, what should I say?", "#c 嗯..我要說什麼呢？"], "s_end": true, "iu_a_span": [4.39, 6.03], "meta": {"topic": "sisin", "type": "Narrative", "language": "賽德克語, Seediq, Tgdaya", "speaker": "郭明正, Dakis Pawan, male, 1953-02-24", "collected": "2009-09-17", "revised": "None", "video": "sdqNr-sisin_dakis.mp3"}, "s_a_span": [2.26, 6.03], "file": "Seediq_Tgdaya/sdqNr-sisin_dakis", "num": 3}], [4, {"ori": [], "gloss": [["...", "", ""], ["kari", "word", "話"], ["pnslt--,_", "FS", "承繼"]], "free": ["#n 故事", "#n 故事"], "s_end": false, "iu_a_span": [6.03, 7.51], "meta": {"topic": "sisin", "type": "Narrative", "language": "賽德克語, Seediq, Tgdaya", "speaker": "郭明正, Dakis Pawan, male, 1953-02-24", "collected": "2009-09-17", "revised": "None", "video": "sdqNr-sisin_dakis.mp3"}, "file": "Seediq_Tgdaya/sdqNr-sisin_dakis", "num": 4}], [5, {"ori": [], "gloss": [["..", "", ""], ["pnsltud-an=na", "inherit-LF=3SG.GEN", "繼承-處焦=3SG.屬格"], ["ima", "who", "誰"], ["di", "PFV.PART", "完成.語助詞"], ["rudan", "elderly", "長者"], ["na", "GEN", "屬格"], ["alang=miyan,\\", "tribe=1EPL.GEN", "部落=1EPL.屬格"]], "free": [], "s_end": false, "iu_a_span": [7.51, 9.76], "meta": {"topic": "sisin", "type": "Narrative", "language": "賽德克語, Seediq, Tgdaya", "speaker": "郭明正, Dakis Pawan, male, 1953-02-24", "collected": "2009-09-17", "revised": "None", "video": "sdqNr-sisin_dakis.mp3"}, "file": "Seediq_Tgdaya/sdqNr-sisin_dakis", "num": 5}], [6, {"ori": [], "gloss": [["..", "", ""], ["gluban.\\", "PN", "地名"]], "free": ["#e There is a story told by the elderly people of our Gluban tribe.", "#c 有個我們清流部落的族老流傳下來的故事。", "#n Gluban「清流部落」。"], "s_end": true, "iu_a_span": [9.76, 10.39], "meta": {"topic": "sisin", "type": "Narrative", "language": "賽德克語, Seediq, Tgdaya", "speaker": "郭明正, Dakis Pawan, male, 1953-02-24", "collected": "2009-09-17", "revised": "None", "video": "sdqNr-sisin_dakis.mp3"}, "s_a_span": [6.03, 10.39], "file": "Seediq_Tgdaya/sdqNr-sisin_dakis", "num": 6}], [7, {"ori": [], "gloss": [["...(0.7)", "", ""], ["ma==,\\", "then", "然後"]], "free": [], "s_end": false, "iu_a_span": [10.39, 11.82], "meta": {"topic": "sisin", "type": "Narrative", "language": "賽德克語, Seediq, Tgdaya", "speaker": "郭明正, Dakis Pawan, male, 1953-02-24", "collected": "2009-09-17", "revised": "None", "video": "sdqNr-sisin_dakis.mp3"}, "file": "Seediq_Tgdaya/sdqNr-sisin_dakis", "num": 7}], [8, {"ori": [], "gloss": [["...(1.0)", "", ""], ["kari", "word", "話"], ["nii", "this", "這個"], ["we,\\", "PART", "語助詞"]], "free": [], "s_end": false, "iu_a_span": [11.82, 13.73], "meta": {"topic": "sisin", "type": "Narrative", "language": "賽德克語, Seediq, Tgdaya", "speaker": "郭明正, Dakis Pawan, male, 1953-02-24", "collected": "2009-09-17", "revised": "None", "video": "sdqNr-sisin_dakis.mp3"}, "file": "Seediq_Tgdaya/sdqNr-sisin_dakis", "num": 8}], [9, {"ori": [], "gloss": [["..", "", ""], ["b<n>hang-an=mu,_", "<PFV>hear-LF=1SG.GEN", "<完成>聽-處焦=1SG.屬格"]], "free": [], "s_end": false, "iu_a_span": [13.73, 15.05], "meta": {"topic": "sisin", "type": "Narrative", "language": "賽德克語, Seediq, Tgdaya", "speaker": "郭明正, Dakis Pawan, male, 1953-02-24", "collected": "2009-09-17", "revised": "None", "video": "sdqNr-sisin_dakis.mp3"}, "file": "Seediq_Tgdaya/sdqNr-sisin_dakis", "num": 9}], [10, {"ori": [], "gloss": [["..", "", ""], ["yaani", "perhaps", "可能"], ["wada,\\", "AUX.PST", "助動詞.過去"]], "free": [], "s_end": false, "iu_a_span": [15.05, 15.8], "meta": {"topic": "sisin", "type": "Narrative", "language": "賽德克語, Seediq, Tgdaya", "speaker": "郭明正, Dakis Pawan, male, 1953-02-24", "collected": "2009-09-17", "revised": "None", "video": "sdqNr-sisin_dakis.mp3"}, "file": "Seediq_Tgdaya/sdqNr-sisin_dakis", "num": 10}], [11, {"ori": [], "gloss": [["..", "", ""], ["maxan", "ten", "十"], ["hari", "a.little", "一點"], ["knkawas", "year", "年"], ["cbeyo", "past", "以前"], ["di", "PFV.PART", "完成.語助詞"], ["ha.\\", "PART", "語助詞"]], "free": ["#e I heard about this story long time ago. It has been almost ten years.", "#c 我很久以前聽到這則故事。大約快十年了。", "#n hari這裡有「快要/將近」的意思。"], "s_end": true, "iu_a_span": [15.8, 17.57], "meta": {"topic": "sisin", "type": "Narrative", "language": "賽德克語, Seediq, Tgdaya", "speaker": "郭明正, Dakis Pawan, male, 1953-02-24", "collected": "2009-09-17", "revised": "None", "video": "sdqNr-sisin_dakis.mp3"}, "s_a_span": [10.39, 17.57], "file": "Seediq_Tgdaya/sdqNr-sisin_dakis", "num": 11}], [12, {"ori": [], "gloss": [["...", "", ""], ["a==,\\", "FIL", "FIL"]], "free": [], "s_end": false, "iu_a_span": [17.57, 18.56], "meta": {"topic": "sisin", "type": "Narrative", "language": "賽德克語, Seediq, Tgdaya", "speaker": "郭明正, Dakis Pawan, male, 1953-02-24", "collected": "2009-09-17", "revised": "None", "video": "sdqNr-sisin_dakis.mp3"}, "file": "Seediq_Tgdaya/sdqNr-sisin_dakis", "num": 12}], [13, {"ori": [], "gloss": [["uka", "NEG.EXIST", "否定.存在"], ["ka", "NOM", "主格"], ["rudan", "elderly", "長者"], ["nii", "this", "這個"], ["uri", "also", "也"], ["di,\\", "PFV.PART", "完成.語助詞"]], "free": ["#e This elderly has passed away.", "#c 這位族老已不在了。"], "s_end": true, "iu_a_span": [18.56, 19.89], "meta": {"topic": "sisin", "type": "Narrative", "language": "賽德克語, Seediq, Tgdaya", "speaker": "郭明正, Dakis Pawan, male, 1953-02-24", "collected": "2009-09-17", "revised": "None", "video": "sdqNr-sisin_dakis.mp3"}, "s_a_span": [17.57, 19.89], "file": "Seediq_Tgdaya/sdqNr-sisin_dakis", "num": 13}], [14, {"ori": [], "gloss": [["...", "", ""], ["e==,_", "FIL", "FIL"]], "free": [], "s_end": false, "iu_a_span": [19.89, 20.85], "meta": {"topic": "sisin", "type": "Narrative", "language": "賽德克語, Seediq, Tgdaya", "speaker": "郭明正, Dakis Pawan, male, 1953-02-24", "collected": "2009-09-17", "revised": "None", "video": "sdqNr-sisin_dakis.mp3"}, "file": "Seediq_Tgdaya/sdqNr-sisin_dakis", "num": 14}], [15, {"ori": [], "gloss": [["ba--", "FS", "FS"], ["ciida", "at.that.time", "當時"], ["na,\\", "PART", "語助詞"]], "free": [], "s_end": false, "iu_a_span": [20.85, 22.4], "meta": {"topic": "sisin", "type": "Narrative", "language": "賽德克語, Seediq, Tgdaya", "speaker": "郭明正, Dakis Pawan, male, 1953-02-24", "collected": "2009-09-17", "revised": "None", "video": "sdqNr-sisin_dakis.mp3"}, "file": "Seediq_Tgdaya/sdqNr-sisin_dakis", "num": 15}], [16, {"ori": [], "gloss": [["..", "", ""], ["dah--", "FS", "FS"], ["daha", "two", "二"], ["ka", "NOM", "主格"], ["rudan,\\", "elderly", "長者"]], "free": [], "s_end": false, "iu_a_span": [22.4, 24.14], "meta": {"topic": "sisin", "type": "Narrative", "language": "賽德克語, Seediq, Tgdaya", "speaker": "郭明正, Dakis Pawan, male, 1953-02-24", "collected": "2009-09-17", "revised": "None", "video": "sdqNr-sisin_dakis.mp3"}, "file": "Seediq_Tgdaya/sdqNr-sisin_dakis", "num": 16}], [17, {"ori": [], "gloss": [["..", "", ""], ["t<n>gesa", "<PF.PFV>teach", "<受焦.完成>教"], ["yaku", "1SG.NOM", "1SG.主格"], ["kari", "word", "話"], ["nii,\\", "this", "這個"]], "free": [], "s_end": false, "iu_a_span": [24.14, 25.52], "meta": {"topic": "sisin", "type": "Narrative", "language": "賽德克語, Seediq, Tgdaya", "speaker": "郭明正, Dakis Pawan, male, 1953-02-24", "collected": "2009-09-17", "revised": "None", "video": "sdqNr-sisin_dakis.mp3"}, "file": "Seediq_Tgdaya/sdqNr-sisin_dakis", "num": 17}], [18, {"ori": [], "gloss": [["...", "", ""], ["kingan", "one", "一"], ["we", "PART", "語助詞"], ["sk-pawan", "late-PN", "已故-人名"], ["a", "FIL", "FIL"], ["sk-,\\", "late-", "已故-"]], "free": [], "s_end": false, "iu_a_span": [25.52, 28.23], "meta": {"topic": "sisin", "type": "Narrative", "language": "賽德克語, Seediq, Tgdaya", "speaker": "郭明正, Dakis Pawan, male, 1953-02-24", "collected": "2009-09-17", "revised": "None", "video": "sdqNr-sisin_dakis.mp3"}, "file": "Seediq_Tgdaya/sdqNr-sisin_dakis", "num": 18}], [19, {"ori": [], "gloss": [["...", "", ""], ["a", "FIL", "FIL"], ["tiwas", "PN", "人名"], ["pawan,\\", "PN", "人名"]], "free": [], "s_end": false, "iu_a_span": [28.23, 29.65], "meta": {"topic": "sisin", "type": "Narrative", "language": "賽德克語, Seediq, Tgdaya", "speaker": "郭明正, Dakis Pawan, male, 1953-02-24", "collected": "2009-09-17", "revised": "None", "video": "sdqNr-sisin_dakis.mp3"}, "file": "Seediq_Tgdaya/sdqNr-sisin_dakis", "num": 19}], [20, {"ori": [], "gloss": [["...", "", ""], ["kingan", "one", "一"], ["we,\\", "PART", "語助詞"]], "free": [], "s_end": false, "iu_a_span": [29.65, 30.84], "meta": {"topic": "sisin", "type": "Narrative", "language": "賽德克語, Seediq, Tgdaya", "speaker": "郭明正, Dakis Pawan, male, 1953-02-24", "collected": "2009-09-17", "revised": "None", "video": "sdqNr-sisin_dakis.mp3"}, "file": "Seediq_Tgdaya/sdqNr-sisin_dakis", "num": 20}], [21, {"ori": [], "gloss": [["..", "", ""], ["sk-", "late-", "已故-"], ["a", "FIL", "FIL"], ["a", "FIL", "FIL"], ["pawan,_", "PN", "人名"]], "free": [], "s_end": false, "iu_a_span": [30.84, 32.27], "meta": {"topic": "sisin", "type": "Narrative", "language": "賽德克語, Seediq, Tgdaya", "speaker": "郭明正, Dakis Pawan, male, 1953-02-24", "collected": "2009-09-17", "revised": "None", "video": "sdqNr-sisin_dakis.mp3"}, "file": "Seediq_Tgdaya/sdqNr-sisin_dakis", "num": 21}], [23, {"ori": [], "gloss": [["...", "", ""], ["ma,_", "then", "然後"]], "free": [], "s_end": false, "iu_a_span": [32.92, 34.07], "meta": {"topic": "sisin", "type": "Narrative", "language": "賽德克語, Seediq, Tgdaya", "speaker": "郭明正, Dakis Pawan, male, 1953-02-24", "collected": "2009-09-17", "revised": "None", "video": "sdqNr-sisin_dakis.mp3"}, "file": "Seediq_Tgdaya/sdqNr-sisin_dakis", "num": 23}], [24, {"ori": [], "gloss": [["mesa", "AF.say", "主焦.說"], ["ka", "NOM", "主格"], ["rudan,\\", "elderly", "長者"]], "free": [], "s_end": false, "iu_a_span": [34.07, 35.02], "meta": {"topic": "sisin", "type": "Narrative", "language": "賽德克語, Seediq, Tgdaya", "speaker": "郭明正, Dakis Pawan, male, 1953-02-24", "collected": "2009-09-17", "revised": "None", "video": "sdqNr-sisin_dakis.mp3"}, "file": "Seediq_Tgdaya/sdqNr-sisin_dakis", "num": 24}], [25, {"ori": [], "gloss": [["..", "", ""], ["tsk--,_", "FS", "FS"]], "free": [], "s_end": false, "iu_a_span": [35.02, 35.78], "meta": {"topic": "sisin", "type": "Narrative", "language": "賽德克語, Seediq, Tgdaya", "speaker": "郭明正, Dakis Pawan, male, 1953-02-24", "collected": "2009-09-17", "revised": "None", "video": "sdqNr-sisin_dakis.mp3"}, "file": "Seediq_Tgdaya/sdqNr-sisin_dakis", "num": 25}], [26, {"ori": [], "gloss": [["..", "", ""], ["cbeyo", "past", "以前"], ["si", "say", "說"], ["we", "PART", "語助詞"], ["ita", "1IPL", "1IPL"], ["seediq", "PN", "專名"], ["si", "say", "說"], ["peni", "PART", "語助詞"], ["na,\\", "PART", "語助詞"]], "free": [], "s_end": false, "iu_a_span": [35.78, 37.76], "meta": {"topic": "sisin", "type": "Narrative", "language": "賽德克語, Seediq, Tgdaya", "speaker": "郭明正, Dakis Pawan, male, 1953-02-24", "collected": "2009-09-17", "revised": "None", "video": "sdqNr-sisin_dakis.mp3"}, "file": "Seediq_Tgdaya/sdqNr-sisin_dakis", "num": 26}], [27, {"ori": [], "gloss": [["..", "", ""], ["m-eniq=ta", "AF-be.at=1IPL.NOM", "主焦-在=1IPL.主格"], ["alang", "tribe", "部落"], ["kes-un", "say-PF", "說-受焦"], ["truwan", "PN", "地名"], ["peni,\\", "PART", "語助詞"]], "free": ["#n alang可以指「部落/地區/國家」。", "#n alang可以指「部落/地區/國家」。"], "s_end": false, "iu_a_span": [37.76, 39.2], "meta": {"topic": "sisin", "type": "Narrative", "language": "賽德克語, Seediq, Tgdaya", "speaker": "郭明正, Dakis Pawan, male, 1953-02-24", "collected": "2009-09-17", "revised": "None", "video": "sdqNr-sisin_dakis.mp3"}, "file": "Seediq_Tgdaya/sdqNr-sisin_dakis", "num": 27}], [28, {"ori": [], "gloss": [["...(0.7)", "", ""], ["e==,_", "FIL", "FIL"]], "free": [], "s_end": false, "iu_a_span": [39.2, 40.43], "meta": {"topic": "sisin", "type": "Narrative", "language": "賽德克語, Seediq, Tgdaya", "speaker": "郭明正, Dakis Pawan, male, 1953-02-24", "collected": "2009-09-17", "revised": "None", "video": "sdqNr-sisin_dakis.mp3"}, "file": "Seediq_Tgdaya/sdqNr-sisin_dakis", "num": 28}], [29, {"ori": [], "gloss": [["bale", "real", "真的"], ["naq", "self", "自己"], ["bale", "real", "真的"], ["cbeyo", "past", "以前"], ["uri.\\", "also", "也"]], "free": ["#e And the elderlies said it is said that we Seediq people used to live in the so-called Truwan area. It was really so in the past.", "#c 然後，族老說，聽說我們賽德克人以前住在所謂的Truwan地區。以前也真的是如此。"], "s_end": true, "iu_a_span": [40.43, 41.73], "meta": {"topic": "sisin", "type": "Narrative", "language": "賽德克語, Seediq, Tgdaya", "speaker": "郭明正, Dakis Pawan, male, 1953-02-24", "collected": "2009-09-17", "revised": "None", "video": "sdqNr-sisin_dakis.mp3"}, "s_a_span": [19.89, 41.73], "file": "Seediq_Tgdaya/sdqNr-sisin_dakis", "num": 29}], [30, {"ori": [], "gloss": [["..", "", ""], ["a", "FIL", "FIL"], ["klaali", "every.day", "每天"], ["na", "PART", "語助詞"], ["ini", "NEG", "否定"], ["kla-i", "know-PF.IRR", "知道-受焦.非實現"], ["mesa==,\\", "AF.say", "主焦.說"]], "free": ["#n klaali有「平時」的意思。", "#n klaali有「平時」的意思。"], "s_end": false, "iu_a_span": [41.73, 43.9], "meta": {"topic": "sisin", "type": "Narrative", "language": "賽德克語, Seediq, Tgdaya", "speaker": "郭明正, Dakis Pawan, male, 1953-02-24", "collected": "2009-09-17", "revised": "None", "video": "sdqNr-sisin_dakis.mp3"}, "file": "Seediq_Tgdaya/sdqNr-sisin_dakis", "num": 30}], [31, {"ori": [], "gloss": [["..", "", ""], ["a", "FIL", "FIL"], ["ini=ta", "NEG=1IPL.GEN", "否定=1IPL.屬格"], ["kla-i", "know-PF.IRR", "知道-受焦.非實現"], ["ka", "NOM", "主格"], ["karac", "sky", "天空"], ["han", "first", "先"], ["na.\\", "PART", "語助詞"]], "free": ["#e Usually, we do not know the weather beforehand.", "#c 平時，我們不能預先知道天氣。", "#n karac可以指「天空」或「天氣」。"], "s_end": true, "iu_a_span": [43.9, 45.76], "meta": {"topic": "sisin", "type": "Narrative", "language": "賽德克語, Seediq, Tgdaya", "speaker": "郭明正, Dakis Pawan, male, 1953-02-24", "collected": "2009-09-17", "revised": "None", "video": "sdqNr-sisin_dakis.mp3"}, "s_a_span": [41.73, 45.76], "file": "Seediq_Tgdaya/sdqNr-sisin_dakis", "num": 31}], [32, {"ori": [], "gloss": [["..", "", ""], ["mcuwin", "sometimes", "有時"], ["q<m>uyux", "<AF>rain", "<主焦>下雨"], ["ma", "CONJ", "連接詞"], ["mcuwin", "sometimes", "有時"], ["so", "like", "像"], ["m--,_", "FS", "FS"]], "free": [], "s_end": false, "iu_a_span": [45.76, 48.01], "meta": {"topic": "sisin", "type": "Narrative", "language": "賽德克語, Seediq, Tgdaya", "speaker": "郭明正, Dakis Pawan, male, 1953-02-24", "collected": "2009-09-17", "revised": "None", "video": "sdqNr-sisin_dakis.mp3"}, "file": "Seediq_Tgdaya/sdqNr-sisin_dakis", "num": 32}], [33, {"ori": [], "gloss": [["..", "", ""], ["a", "FIL", "FIL"], ["malu", "good", "好"], ["karac", "sky", "天空"], ["peni.\\", "PART", "語助詞"]], "free": ["#e Sometimes it rains, and sometimes it is fine.", "#c 有時下雨有時好天氣。"], "s_end": true, "iu_a_span": [48.01, 49.42], "meta": {"topic": "sisin", "type": "Narrative", "language": "賽德克語, Seediq, Tgdaya", "speaker": "郭明正, Dakis Pawan, male, 1953-02-24", "collected": "2009-09-17", "revised": "None", "video": "sdqNr-sisin_dakis.mp3"}, "s_a_span": [45.76, 49.42], "file": "Seediq_Tgdaya/sdqNr-sisin_dakis", "num": 33}], [34, {"ori": [], "gloss": [["..", "", ""], ["ma==,_", "then", "然後"]], "free": [], "s_end": false, "iu_a_span": [49.42, 50.27], "meta": {"topic": "sisin", "type": "Narrative", "language": "賽德克語, Seediq, Tgdaya", "speaker": "郭明正, Dakis Pawan, male, 1953-02-24", "collected": "2009-09-17", "revised": "None", "video": "sdqNr-sisin_dakis.mp3"}, "file": "Seediq_Tgdaya/sdqNr-sisin_dakis", "num": 34}], [35, {"ori": [], "gloss": [["ita", "1IPL", "1IPL以前"], ["cbeyo", "past", "語助詞"], ["na,\\", "", ""]], "free": [], "s_end": false, "iu_a_span": [50.27, 51.31], "meta": {"topic": "sisin", "type": "Narrative", "language": "賽德克語, Seediq, Tgdaya", "speaker": "郭明正, Dakis Pawan, male, 1953-02-24", "collected": "2009-09-17", "revised": "None", "video": "sdqNr-sisin_dakis.mp3"}, "file": "Seediq_Tgdaya/sdqNr-sisin_dakis", "num": 35}], [36, {"ori": [], "gloss": [["..", "", ""], ["uka", "NEG.EXIST.", "否定.存在"], ["ani", "any", "任何"], ["m-maanu", "RED-what", "重疊-什麼"], ["so,\\", "like", "像"]], "free": [], "s_end": false, "iu_a_span": [51.31, 52.65], "meta": {"topic": "sisin", "type": "Narrative", "language": "賽德克語, Seediq, Tgdaya", "speaker": "郭明正, Dakis Pawan, male, 1953-02-24", "collected": "2009-09-17", "revised": "None", "video": "sdqNr-sisin_dakis.mp3"}, "file": "Seediq_Tgdaya/sdqNr-sisin_dakis", "num": 36}], [37, {"ori": [], "gloss": [["..", "", ""], ["saya", "now", "現在"], ["ka", "NOM", "主格"], ["bbrigan=ta,\\", "goods=1IPL.GEN", "商品=1IPL.屬格"]], "free": ["#n bbrigan「買的東西」或「商店」。bari/baruy「買」。", "#n bbrigan「買的東西」或「商店」。bari/baruy「買」。"], "s_end": false, "iu_a_span": [52.65, 54.47], "meta": {"topic": "sisin", "type": "Narrative", "language": "賽德克語, Seediq, Tgdaya", "speaker": "郭明正, Dakis Pawan, male, 1953-02-24", "collected": "2009-09-17", "revised": "None", "video": "sdqNr-sisin_dakis.mp3"}, "file": "Seediq_Tgdaya/sdqNr-sisin_dakis", "num": 37}], [38, {"ori": [], "gloss": [["..", "", ""], ["m-eniq", "AF-be.at", "主焦-在"], ["alang,_", "tribe", "部落"]], "free": [], "s_end": false, "iu_a_span": [54.47, 55.64], "meta": {"topic": "sisin", "type": "Narrative", "language": "賽德克語, Seediq, Tgdaya", "speaker": "郭明正, Dakis Pawan, male, 1953-02-24", "collected": "2009-09-17", "revised": "None", "video": "sdqNr-sisin_dakis.mp3"}, "file": "Seediq_Tgdaya/sdqNr-sisin_dakis", "num": 38}], [39, {"ori": [], "gloss": [["..", "", ""], ["a", "FIL", "FIL"], ["a", "FIL", "FIL"], ["a", "FIL", "FIL"], ["a", "FIL", "FIL"], ["seediq=ta", "PN=1IPL.GEN", "專名=1IPL.屬格"], ["cbeyo.\\", "past", "以前"]], "free": ["#e And, in the past, we did not have anything like today’s goods in our Seediq tribe.", "#c 而且，以前我們賽德克部落裡，什麼現在的商品都沒有。"], "s_end": true, "iu_a_span": [55.64, 57.39], "meta": {"topic": "sisin", "type": "Narrative", "language": "賽德克語, Seediq, Tgdaya", "speaker": "郭明正, Dakis Pawan, male, 1953-02-24", "collected": "2009-09-17", "revised": "None", "video": "sdqNr-sisin_dakis.mp3"}, "s_a_span": [49.42, 57.39], "file": "Seediq_Tgdaya/sdqNr-sisin_dakis", "num": 39}], [40, {"ori": [], "gloss": [["..", "", ""], ["ini", "NEG", "否定"], ["so", "like", "像"], ["saya", "now", "現在"], ["de,\\", "PFV.PART", "完成.語助詞"]], "free": [], "s_end": false, "iu_a_span": [57.39, 58.74], "meta": {"topic": "sisin", "type": "Narrative", "language": "賽德克語, Seediq, Tgdaya", "speaker": "郭明正, Dakis Pawan, male, 1953-02-24", "collected": "2009-09-17", "revised": "None", "video": "sdqNr-sisin_dakis.mp3"}, "file": "Seediq_Tgdaya/sdqNr-sisin_dakis", "num": 40}], [41, {"ori": [], "gloss": [["..", "", ""], ["kndalax=ta", "AF.from=1IPL.GEN", "主焦.從=1IPL.屬格"], ["alang", "tribe", "部落"], ["de,\\", "PFV.PART", "完成.語助詞"]], "free": [], "s_end": false, "iu_a_span": [58.74, 59.72], "meta": {"topic": "sisin", "type": "Narrative", "language": "賽德克語, Seediq, Tgdaya", "speaker": "郭明正, Dakis Pawan, male, 1953-02-24", "collected": "2009-09-17", "revised": "None", "video": "sdqNr-sisin_dakis.mp3"}, "file": "Seediq_Tgdaya/sdqNr-sisin_dakis", "num": 41}], [42, {"ori": [], "gloss": [["..", "", ""], ["m-usa=ta", "AF-go=1IPL.GEN", "主焦-去=1IPL.屬格"], ["hori", "PN", "地名"], ["de,\\", "PFV.PART", "完成.語助詞"]], "free": [], "s_end": false, "iu_a_span": [59.72, 60.47], "meta": {"topic": "sisin", "type": "Narrative", "language": "賽德克語, Seediq, Tgdaya", "speaker": "郭明正, Dakis Pawan, male, 1953-02-24", "collected": "2009-09-17", "revised": "None", "video": "sdqNr-sisin_dakis.mp3"}, "file": "Seediq_Tgdaya/sdqNr-sisin_dakis", "num": 42}], [43, {"ori": [], "gloss": [["..", "", ""], ["m-usa=ta", "AF-go=1IPL.GEN", "主焦-去=1IPL.屬格主焦-購買"], ["m-ari", "AF-buy", "任何"], ["ani", "any", "重疊-什麼"], ["m-maanu", "RED-what", "語助詞"], ["peni.\\", "", ""]], "free": ["#e It was unlike now. Now we go from our tribe to Hori to buy any kind of things.", "#c 那不像現在。現在我們從部落到埔里買各種東西。"], "s_end": true, "iu_a_span": [60.47, 62.21], "meta": {"topic": "sisin", "type": "Narrative", "language": "賽德克語, Seediq, Tgdaya", "speaker": "郭明正, Dakis Pawan, male, 1953-02-24", "collected": "2009-09-17", "revised": "None", "video": "sdqNr-sisin_dakis.mp3"}, "s_a_span": [57.39, 62.21], "file": "Seediq_Tgdaya/sdqNr-sisin_dakis", "num": 43}], [44, {"ori": [], "gloss": [["...", "", ""], ["kika", "thus", "所以"], ["asi", "must", "一定"], ["naq", "self", "自己"], ["m-huma", "AF-plant", "主焦-種植"], ["naq,\\", "self", "自己"]], "free": [], "s_end": false, "iu_a_span": [62.21, 63.74], "meta": {"topic": "sisin", "type": "Narrative", "language": "賽德克語, Seediq, Tgdaya", "speaker": "郭明正, Dakis Pawan, male, 1953-02-24", "collected": "2009-09-17", "revised": "None", "video": "sdqNr-sisin_dakis.mp3"}, "file": "Seediq_Tgdaya/sdqNr-sisin_dakis", "num": 44}], [45, {"ori": [], "gloss": [["..", "", ""], ["so", "like", "像"], ["ppuqun,\\", "food", "食物"]], "free": [], "s_end": false, "iu_a_span": [63.74, 64.76], "meta": {"topic": "sisin", "type": "Narrative", "language": "賽德克語, Seediq, Tgdaya", "speaker": "郭明正, Dakis Pawan, male, 1953-02-24", "collected": "2009-09-17", "revised": "None", "video": "sdqNr-sisin_dakis.mp3"}, "file": "Seediq_Tgdaya/sdqNr-sisin_dakis", "num": 45}], [46, {"ori": [], "gloss": [["..", "", ""], ["kana", "all", "全部"], ["so,\\", "like", "像"]], "free": ["#n kana so「例如」。", "#n kana so「例如」。"], "s_end": false, "iu_a_span": [64.76, 65.51], "meta": {"topic": "sisin", "type": "Narrative", "language": "賽德克語, Seediq, Tgdaya", "speaker": "郭明正, Dakis Pawan, male, 1953-02-24", "collected": "2009-09-17", "revised": "None", "video": "sdqNr-sisin_dakis.mp3"}, "file": "Seediq_Tgdaya/sdqNr-sisin_dakis", "num": 46}], [47, {"ori": [], "gloss": [["...", "", ""], ["a==,\\", "FIL", "FIL"]], "free": [], "s_end": false, "iu_a_span": [65.51, 66.5], "meta": {"topic": "sisin", "type": "Narrative", "language": "賽德克語, Seediq, Tgdaya", "speaker": "郭明正, Dakis Pawan, male, 1953-02-24", "collected": "2009-09-17", "revised": "None", "video": "sdqNr-sisin_dakis.mp3"}, "file": "Seediq_Tgdaya/sdqNr-sisin_dakis", "num": 47}], [48, {"ori": [], "gloss": [["..", "", ""], ["a", "FIL", "FIL"], ["sama", "vegetable", "蔬菜"], ["ma", "CONJ", "連接詞"], ["so,\\", "like", "像"]], "free": [], "s_end": false, "iu_a_span": [66.5, 67.98], "meta": {"topic": "sisin", "type": "Narrative", "language": "賽德克語, Seediq, Tgdaya", "speaker": "郭明正, Dakis Pawan, male, 1953-02-24", "collected": "2009-09-17", "revised": "None", "video": "sdqNr-sisin_dakis.mp3"}, "file": "Seediq_Tgdaya/sdqNr-sisin_dakis", "num": 48}], [49, {"ori": [], "gloss": [["..", "", ""], ["kes-un=na", "say-PF=3SG.GEN", "說-受焦=3SG.屬格"], ["ma", "CONJ", "連接詞"], ["a", "FIL", "FIL"], ["bunga", "sweet.potato", "地瓜"], ["peni.\\", "PART", "語助詞"]], "free": ["#e Thus we simply grew food by ourselves, for example, vegetables, and sweet potatoes.", "#c 所以，我們乾脆食物自己種植，例如蔬菜、地瓜等。"], "s_end": true, "iu_a_span": [67.98, 69.46], "meta": {"topic": "sisin", "type": "Narrative", "language": "賽德克語, Seediq, Tgdaya", "speaker": "郭明正, Dakis Pawan, male, 1953-02-24", "collected": "2009-09-17", "revised": "None", "video": "sdqNr-sisin_dakis.mp3"}, "s_a_span": [62.21, 69.46], "file": "Seediq_Tgdaya/sdqNr-sisin_dakis", "num": 49}], [50, {"ori": [], "gloss": [["..", "", ""], ["kika,\\", "thus", "所以"]], "free": [], "s_end": false, "iu_a_span": [69.46, 70.45], "meta": {"topic": "sisin", "type": "Narrative", "language": "賽德克語, Seediq, Tgdaya", "speaker": "郭明正, Dakis Pawan, male, 1953-02-24", "collected": "2009-09-17", "revised": "None", "video": "sdqNr-sisin_dakis.mp3"}, "file": "Seediq_Tgdaya/sdqNr-sisin_dakis", "num": 50}], [51, {"ori": [], "gloss": [["..", "", ""], ["niq-an", "be.at-LF", "在-處焦"], ["a,\\", "FIL", "FIL"]], "free": [], "s_end": false, "iu_a_span": [70.45, 71.44], "meta": {"topic": "sisin", "type": "Narrative", "language": "賽德克語, Seediq, Tgdaya", "speaker": "郭明正, Dakis Pawan, male, 1953-02-24", "collected": "2009-09-17", "revised": "None", "video": "sdqNr-sisin_dakis.mp3"}, "file": "Seediq_Tgdaya/sdqNr-sisin_dakis", "num": 51}], [52, {"ori": [], "gloss": [["..", "", ""], ["a", "FIL", "FIL"], ["kingan", "one", "一"], ["na", "PART", "語助詞"], ["manu", "what", "什麼"], ["di,\\", "PFV.PART", "完成.語助詞"]], "free": [], "s_end": false, "iu_a_span": [71.44, 72.82], "meta": {"topic": "sisin", "type": "Narrative", "language": "賽德克語, Seediq, Tgdaya", "speaker": "郭明正, Dakis Pawan, male, 1953-02-24", "collected": "2009-09-17", "revised": "None", "video": "sdqNr-sisin_dakis.mp3"}, "file": "Seediq_Tgdaya/sdqNr-sisin_dakis", "num": 52}], [53, {"ori": [], "gloss": [["..", "", ""], ["stexan", "once", "一次"], ["sa,\\", "say", "說"]], "free": [], "s_end": false, "iu_a_span": [72.82, 73.56], "meta": {"topic": "sisin", "type": "Narrative", "language": "賽德克語, Seediq, Tgdaya", "speaker": "郭明正, Dakis Pawan, male, 1953-02-24", "collected": "2009-09-17", "revised": "None", "video": "sdqNr-sisin_dakis.mp3"}, "file": "Seediq_Tgdaya/sdqNr-sisin_dakis", "num": 53}], [54, {"ori": [], "gloss": [["...", "", ""], ["a==", "FIL", "FIL"], ["knkawas", "year", "年"], ["ciida", "at.that.time", "當時"], ["peni,\\", "PART", "語助詞"]], "free": [], "s_end": false, "iu_a_span": [73.56, 75.42], "meta": {"topic": "sisin", "type": "Narrative", "language": "賽德克語, Seediq, Tgdaya", "speaker": "郭明正, Dakis Pawan, male, 1953-02-24", "collected": "2009-09-17", "revised": "None", "video": "sdqNr-sisin_dakis.mp3"}, "file": "Seediq_Tgdaya/sdqNr-sisin_dakis", "num": 54}], [55, {"ori": [], "gloss": [["...", "", ""], ["ye", "Q", "疑問"], ["ye", "Q", "疑問"], ["h<m><n>uwa", "<AF><PFV>how", "<主焦><完成>怎麼"], ["naq", "self", "自己"], ["uri", "also", "也"], ["a==,\\", "FIL", "FIL"]], "free": [], "s_end": false, "iu_a_span": [75.42, 77.74], "meta": {"topic": "sisin", "type": "Narrative", "language": "賽德克語, Seediq, Tgdaya", "speaker": "郭明正, Dakis Pawan, male, 1953-02-24", "collected": "2009-09-17", "revised": "None", "video": "sdqNr-sisin_dakis.mp3"}, "file": "Seediq_Tgdaya/sdqNr-sisin_dakis", "num": 55}], [56, {"ori": [], "gloss": [["..", "", ""], ["m<n>dn-dengu", "AF<PFV>RED-dry", "主焦<完成>重疊-乾"], ["ba", "real", "真的"], ["karac", "sky", "天空"], ["paru.\\", "big", "大"]], "free": ["#e Then, one... it is said that once, no one knows why, there was a really severe drought that year.", "#c 然後，一…聽說有一次，也不知怎麼搞的，那一年有一場嚴重的旱災。", "#n mdengu「乾」。"], "s_end": true, "iu_a_span": [77.74, 79.28], "meta": {"topic": "sisin", "type": "Narrative", "language": "賽德克語, Seediq, Tgdaya", "speaker": "郭明正, Dakis Pawan, male, 1953-02-24", "collected": "2009-09-17", "revised": "None", "video": "sdqNr-sisin_dakis.mp3"}, "s_a_span": [69.46, 79.28], "file": "Seediq_Tgdaya/sdqNr-sisin_dakis", "num": 56}], [57, {"ori": [], "gloss": [["...(0.7)", "", ""], ["ma,\\", "then", "然後"]], "free": [], "s_end": false, "iu_a_span": [79.28, 80.46], "meta": {"topic": "sisin", "type": "Narrative", "language": "賽德克語, Seediq, Tgdaya", "speaker": "郭明正, Dakis Pawan, male, 1953-02-24", "collected": "2009-09-17", "revised": "None", "video": "sdqNr-sisin_dakis.mp3"}, "file": "Seediq_Tgdaya/sdqNr-sisin_dakis", "num": 57}], [58, {"ori": [], "gloss": [["..", "", ""], ["m<n>dn-dengu", "AF<PFV>RED-dry", "主焦<完成>重疊-乾"], ["ba", "real", "真的"], ["karac", "sky", "天空"], ["paru", "big", "大"], ["ciida", "at.that.time", "當時"], ["na.\\", "PART", "語助詞"]], "free": ["#e It was a really severe drought.", "#c 那是非常嚴重的旱災。"], "s_end": true, "iu_a_span": [80.46, 82.45], "meta": {"topic": "sisin", "type": "Narrative", "language": "賽德克語, Seediq, Tgdaya", "speaker": "郭明正, Dakis Pawan, male, 1953-02-24", "collected": "2009-09-17", "revised": "None", "video": "sdqNr-sisin_dakis.mp3"}, "s_a_span": [79.28, 82.45], "file": "Seediq_Tgdaya/sdqNr-sisin_dakis", "num": 58}], [59, {"ori": [], "gloss": [["...(0.7)", "", ""], ["h<m>uwa", "<AF>how", "<主焦>怎麼"], ["ka", "NOM", "主格"], ["huwa", "AF.how", "主焦.怎麼"], ["ka", "NOM", "主格"], ["plaale", "first", "先"], ["han", "first", "先"], ["wa.\\", "PART", "語助詞"]], "free": ["#n h<m>uwa ka在這裡是口誤。", "#n (ini) huwa ka「沒關係」「不嚴重」。", "#n plaale han「起初」。", "#n h&lt;m&gt;uwa ka在這裡是口誤。", "#n (ini) huwa ka「沒關係」「不嚴重」。", "#n plaale han「起初」。"], "s_end": false, "iu_a_span": [82.45, 84.9], "meta": {"topic": "sisin", "type": "Narrative", "language": "賽德克語, Seediq, Tgdaya", "speaker": "郭明正, Dakis Pawan, male, 1953-02-24", "collected": "2009-09-17", "revised": "None", "video": "sdqNr-sisin_dakis.mp3"}, "file": "Seediq_Tgdaya/sdqNr-sisin_dakis", "num": 59}], [60, {"ori": [], "gloss": [["..", "", ""], ["yaani", "perhaps", "可能"], ["wada", "AUX.PST", "助動詞.過去"], ["kingan", "one", "一"], ["idas", "month", "月"], ["daha", "two", "二"], ["idas", "month", "月"], ["han", "first", "先"], ["we,\\", "PART", "語助詞"]], "free": [], "s_end": false, "iu_a_span": [84.9, 86.85], "meta": {"topic": "sisin", "type": "Narrative", "language": "賽德克語, Seediq, Tgdaya", "speaker": "郭明正, Dakis Pawan, male, 1953-02-24", "collected": "2009-09-17", "revised": "None", "video": "sdqNr-sisin_dakis.mp3"}, "file": "Seediq_Tgdaya/sdqNr-sisin_dakis", "num": 60}], [61, {"ori": [], "gloss": [["...", "", ""], ["niq-an", "be.at-LF", "在-處焦"], ["ka", "NOM", "主格"], ["so", "like", "像"], ["ppuqun=daha", "food=3PL.GEN", "食物"], ["p<n>niq-an=daha", "CAU<PFV>be.at-LF=3PL.GEN", "3PL.屬格"], ["repun", "stockhouse", "使役<完成>在-處焦=3PL.屬格"], ["peni.\\", "PART", "倉庫"]], "free": ["#e At first, it was not serious. About one or two months later, there was still food put in their stockhouse.", "#c 起初還不嚴重。約一兩個月過去，他們倉庫裡還有食物。"], "s_end": true, "iu_a_span": [86.85, 89.93], "meta": {"topic": "sisin", "type": "Narrative", "language": "賽德克語, Seediq, Tgdaya", "speaker": "郭明正, Dakis Pawan, male, 1953-02-24", "collected": "2009-09-17", "revised": "None", "video": "sdqNr-sisin_dakis.mp3"}, "s_a_span": [82.45, 89.93], "file": "Seediq_Tgdaya/sdqNr-sisin_dakis", "num": 61}], [62, {"ori": [], "gloss": [["...", "", ""], ["ma,\\", "then", "然後"]], "free": [], "s_end": false, "iu_a_span": [89.93, 90.77], "meta": {"topic": "sisin", "type": "Narrative", "language": "賽德克語, Seediq, Tgdaya", "speaker": "郭明正, Dakis Pawan, male, 1953-02-24", "collected": "2009-09-17", "revised": "None", "video": "sdqNr-sisin_dakis.mp3"}, "file": "Seediq_Tgdaya/sdqNr-sisin_dakis", "num": 62}], [63, {"ori": [], "gloss": [["...", "", ""], ["mk-teru", "MK-three", "三"], ["idas", "month", "月"], ["de,\\", "PFV.PART", "完成.語助詞"]], "free": ["#n mk-表示累積時間。", "#n mk-表示累積時間。"], "s_end": false, "iu_a_span": [90.77, 92.69], "meta": {"topic": "sisin", "type": "Narrative", "language": "賽德克語, Seediq, Tgdaya", "speaker": "郭明正, Dakis Pawan, male, 1953-02-24", "collected": "2009-09-17", "revised": "None", "video": "sdqNr-sisin_dakis.mp3"}, "file": "Seediq_Tgdaya/sdqNr-sisin_dakis", "num": 63}], [64, {"ori": [], "gloss": [["..", "", ""], ["bale", "real", "真的"], ["ba", "real", "真的"], ["da", "PFV.PART", "完成.語助詞"], ["u--", "FS", "FS否定.存在"], ["uka", "NEG.EXIST", "真的"], ["ba,\\", "", ""]], "free": ["#n uka ba「幾乎已沒有」。", "#n uka ba「幾乎已沒有」。"], "s_end": false, "iu_a_span": [92.69, 94.04], "meta": {"topic": "sisin", "type": "Narrative", "language": "賽德克語, Seediq, Tgdaya", "speaker": "郭明正, Dakis Pawan, male, 1953-02-24", "collected": "2009-09-17", "revised": "None", "video": "sdqNr-sisin_dakis.mp3"}, "file": "Seediq_Tgdaya/sdqNr-sisin_dakis", "num": 64}], [65, {"ori": [], "gloss": [["..", "", ""], ["irih", "equivalent", "等同"], ["so", "like", "像"], ["uka", "NEG.EXIST", "否定.存在"], ["bale", "real", "真的"], ["ppuqun", "food", "食物"], ["ka,\\", "NOM", "主格"]], "free": ["#n irih so「猶如」。", "#n irih so「猶如」。"], "s_end": false, "iu_a_span": [94.04, 95.52], "meta": {"topic": "sisin", "type": "Narrative", "language": "賽德克語, Seediq, Tgdaya", "speaker": "郭明正, Dakis Pawan, male, 1953-02-24", "collected": "2009-09-17", "revised": "None", "video": "sdqNr-sisin_dakis.mp3"}, "file": "Seediq_Tgdaya/sdqNr-sisin_dakis", "num": 65}], [66, {"ori": [], "gloss": [["..", "", ""], ["kana", "all", "全部"], ["seediq", "PN", "專名"], ["alang", "tribe", "部落"], ["di.\\", "PFV.PART", "完成.語助詞"]], "free": ["#e Then three months passed. There was almost nothing. In other words, there was no food in the whole Seediq tribe", "#c 然後三個月了。幾乎什麼都沒有。也就是說，整個賽德克部落沒有食物。"], "s_end": true, "iu_a_span": [95.52, 96.36], "meta": {"topic": "sisin", "type": "Narrative", "language": "賽德克語, Seediq, Tgdaya", "speaker": "郭明正, Dakis Pawan, male, 1953-02-24", "collected": "2009-09-17", "revised": "None", "video": "sdqNr-sisin_dakis.mp3"}, "s_a_span": [89.93, 96.36], "file": "Seediq_Tgdaya/sdqNr-sisin_dakis", "num": 66}], [67, {"ori": [], "gloss": [["...", "", ""], ["ma", "then", "然後"], ["kika,\\", "thus", "所以"]], "free": [], "s_end": false, "iu_a_span": [96.36, 97.85], "meta": {"topic": "sisin", "type": "Narrative", "language": "賽德克語, Seediq, Tgdaya", "speaker": "郭明正, Dakis Pawan, male, 1953-02-24", "collected": "2009-09-17", "revised": "None", "video": "sdqNr-sisin_dakis.mp3"}, "file": "Seediq_Tgdaya/sdqNr-sisin_dakis", "num": 67}], [68, {"ori": [], "gloss": [["...", "", ""], ["ciida,\\", "at.that.time", "當時"]], "free": [], "s_end": false, "iu_a_span": [97.85, 99.04], "meta": {"topic": "sisin", "type": "Narrative", "language": "賽德克語, Seediq, Tgdaya", "speaker": "郭明正, Dakis Pawan, male, 1953-02-24", "collected": "2009-09-17", "revised": "None", "video": "sdqNr-sisin_dakis.mp3"}, "file": "Seediq_Tgdaya/sdqNr-sisin_dakis", "num": 68}], [69, {"ori": [], "gloss": [["...(0.8)", "", ""], ["bale", "real", "真的"], ["ba", "real", "真的"], ["uka", "NEG.EXIST", "否定.存在"], ["ppuqun", "food", "食物"], ["di", "PFV.PART", "完成.語助詞"], ["na,\\", "PART", "語助詞"]], "free": [], "s_end": false, "iu_a_span": [99.04, 101.19], "meta": {"topic": "sisin", "type": "Narrative", "language": "賽德克語, Seediq, Tgdaya", "speaker": "郭明正, Dakis Pawan, male, 1953-02-24", "collected": "2009-09-17", "revised": "None", "video": "sdqNr-sisin_dakis.mp3"}, "file": "Seediq_Tgdaya/sdqNr-sisin_dakis", "num": 69}], [70, {"ori": [], "gloss": [["...", "", ""], ["laqi,\\", "child", "小孩"]], "free": [], "s_end": false, "iu_a_span": [101.19, 102.25], "meta": {"topic": "sisin", "type": "Narrative", "language": "賽德克語, Seediq, Tgdaya", "speaker": "郭明正, Dakis Pawan, male, 1953-02-24", "collected": "2009-09-17", "revised": "None", "video": "sdqNr-sisin_dakis.mp3"}, "file": "Seediq_Tgdaya/sdqNr-sisin_dakis", "num": 70}], [71, {"ori": [], "gloss": [["..", "", ""], ["so", "like", "像"], ["pga--", "FS", "FS"], ["so,\\", "like", "像"]], "free": [], "s_end": false, "iu_a_span": [102.25, 103.22], "meta": {"topic": "sisin", "type": "Narrative", "language": "賽德克語, Seediq, Tgdaya", "speaker": "郭明正, Dakis Pawan, male, 1953-02-24", "collected": "2009-09-17", "revised": "None", "video": "sdqNr-sisin_dakis.mp3"}, "file": "Seediq_Tgdaya/sdqNr-sisin_dakis", "num": 71}], [72, {"ori": [], "gloss": [["..", "", ""], ["s-gaalu", "RF-hold.dear", "參焦-疼愛"], ["di", "PFV.PART", "完成.語助詞"], ["peni.\\", "PART", "語助詞"]], "free": ["#e At that time, there was really no food, so hildren were pitiful.", "#c 那時候，真的沒有食物，那小孩就可憐了。", "#n s-gaalu「令人憐惜」「可憐」。"], "s_end": true, "iu_a_span": [103.22, 104.12], "meta": {"topic": "sisin", "type": "Narrative", "language": "賽德克語, Seediq, Tgdaya", "speaker": "郭明正, Dakis Pawan, male, 1953-02-24", "collected": "2009-09-17", "revised": "None", "video": "sdqNr-sisin_dakis.mp3"}, "s_a_span": [96.36, 104.12], "file": "Seediq_Tgdaya/sdqNr-sisin_dakis", "num": 72}], [73, {"ori": [], "gloss": [["..", "", ""], ["deheya", "3PL", "3PL"], ["ka", "NOM", "主格"], ["plaale", "first", "先"], ["so", "like", "像"], ["m-huqin,\\", "AF-die", "主焦-死"]], "free": [], "s_end": false, "iu_a_span": [104.12, 105.69], "meta": {"topic": "sisin", "type": "Narrative", "language": "賽德克語, Seediq, Tgdaya", "speaker": "郭明正, Dakis Pawan, male, 1953-02-24", "collected": "2009-09-17", "revised": "None", "video": "sdqNr-sisin_dakis.mp3"}, "file": "Seediq_Tgdaya/sdqNr-sisin_dakis", "num": 73}], [74, {"ori": [], "gloss": [["...", "", ""], ["e", "FIL", "FIL"], ["kingan", "one", "一"], ["ali", "day", "天"], ["de,\\", "PFV.PART", "完成.語助詞"]], "free": [], "s_end": false, "iu_a_span": [105.69, 107.54], "meta": {"topic": "sisin", "type": "Narrative", "language": "賽德克語, Seediq, Tgdaya", "speaker": "郭明正, Dakis Pawan, male, 1953-02-24", "collected": "2009-09-17", "revised": "None", "video": "sdqNr-sisin_dakis.mp3"}, "file": "Seediq_Tgdaya/sdqNr-sisin_dakis", "num": 74}], [75, {"ori": [], "gloss": [["..", "", ""], ["wada", "AUX.PST", "助動詞.過去"], ["m-gedang", "AF-lost", "主焦-迷失"], ["kingan,\\", "one", "一"]], "free": ["#n m-gedang「遺失」「迷失」。為死亡的委婉說法。", "#n m-gedang「遺失」「迷失」。為死亡的委婉說法。"], "s_end": false, "iu_a_span": [107.54, 108.57], "meta": {"topic": "sisin", "type": "Narrative", "language": "賽德克語, Seediq, Tgdaya", "speaker": "郭明正, Dakis Pawan, male, 1953-02-24", "collected": "2009-09-17", "revised": "None", "video": "sdqNr-sisin_dakis.mp3"}, "file": "Seediq_Tgdaya/sdqNr-sisin_dakis", "num": 75}], [76, {"ori": [], "gloss": [["..", "", ""], ["ma", "then", "然後"], ["mcuwin", "sometimes", "有時候"], ["naq", "self", "自己"], ["we,\\", "PART", "語助詞"]], "free": [], "s_end": false, "iu_a_span": [108.57, 109.62], "meta": {"topic": "sisin", "type": "Narrative", "language": "賽德克語, Seediq, Tgdaya", "speaker": "郭明正, Dakis Pawan, male, 1953-02-24", "collected": "2009-09-17", "revised": "None", "video": "sdqNr-sisin_dakis.mp3"}, "file": "Seediq_Tgdaya/sdqNr-sisin_dakis", "num": 76}], [77, {"ori": [], "gloss": [["..", "", ""], ["kingan", "one", "一"], ["ali", "day", "天"], ["de", "PFV.PART", "完成.語助詞"], ["wada", "PFV.PST", "完成.過去"], ["m-gedang", "AF-lost", "主焦-迷失"], ["daha.\\", "two", "二"]], "free": ["#e They died first. Each day one passed away. And sometimes two passed away each day.", "#c 他們先死亡。每一天一個去世。然後有時候一天兩個去世。"], "s_end": true, "iu_a_span": [109.62, 111.18], "meta": {"topic": "sisin", "type": "Narrative", "language": "賽德克語, Seediq, Tgdaya", "speaker": "郭明正, Dakis Pawan, male, 1953-02-24", "collected": "2009-09-17", "revised": "None", "video": "sdqNr-sisin_dakis.mp3"}, "s_a_span": [104.12, 111.18], "file": "Seediq_Tgdaya/sdqNr-sisin_dakis", "num": 77}], [78, {"ori": [], "gloss": [["...", "", ""], ["kiya", "that", "那個"], ["ma", "why", "為什麼"], ["uxe", "NEG", "否定"], ["nii", "this", "這個"], ["di", "PFV.PART", "完成.語助詞"], ["mesa", "AF.say", "主焦.說"], ["ka", "NOM", "主格"], ["rudan=ta", "elderly=1IPL.NOM", "長者=1IPL.主格"], ["si.\\", "say", "說"]], "free": ["#e Our ancestors thought it could not be like this.", "#c 我們的祖先想，這樣怎麼得了。", "#n ma uxe nii di 「這樣怎麼得了」。", "#n 這裡的ma標記不確定。"], "s_end": true, "iu_a_span": [111.18, 113.34], "meta": {"topic": "sisin", "type": "Narrative", "language": "賽德克語, Seediq, Tgdaya", "speaker": "郭明正, Dakis Pawan, male, 1953-02-24", "collected": "2009-09-17", "revised": "None", "video": "sdqNr-sisin_dakis.mp3"}, "s_a_span": [111.18, 113.34], "file": "Seediq_Tgdaya/sdqNr-sisin_dakis", "num": 78}], [79, {"ori": [], "gloss": [["..", "", ""], ["ma", "then", "然後"], ["ha--", "FS", "FS"], ["wu--,_", "FS", "FS"]], "free": [], "s_end": false, "iu_a_span": [113.34, 114.63], "meta": {"topic": "sisin", "type": "Narrative", "language": "賽德克語, Seediq, Tgdaya", "speaker": "郭明正, Dakis Pawan, male, 1953-02-24", "collected": "2009-09-17", "revised": "None", "video": "sdqNr-sisin_dakis.mp3"}, "file": "Seediq_Tgdaya/sdqNr-sisin_dakis", "num": 79}], [80, {"ori": [], "gloss": [["..", "", ""], ["a==,_", "FIL", "FIL"]], "free": [], "s_end": false, "iu_a_span": [114.63, 115.37], "meta": {"topic": "sisin", "type": "Narrative", "language": "賽德克語, Seediq, Tgdaya", "speaker": "郭明正, Dakis Pawan, male, 1953-02-24", "collected": "2009-09-17", "revised": "None", "video": "sdqNr-sisin_dakis.mp3"}, "file": "Seediq_Tgdaya/sdqNr-sisin_dakis", "num": 80}], [81, {"ori": [], "gloss": [["ha=ta", "go.LF.IRR=1IPL.GEN", "去.處焦.非現實=1IPL.屬格"], ["hae=ta", "go.LF.IRR=1PL.GEN", "去.處焦.非現實=1PL.屬格"], ["theruy", "AF.migrate", "主焦.遷徙"], ["icin", "another", "另一"], ["a", "FIL", "FIL"], ["yani.\\", "perhaps", "可能"]], "free": ["#e Let's go move to aother place!", "#c 我們搬到另一個地方吧！", "#n ha和hae一樣。"], "s_end": true, "iu_a_span": [115.37, 117.51], "meta": {"topic": "sisin", "type": "Narrative", "language": "賽德克語, Seediq, Tgdaya", "speaker": "郭明正, Dakis Pawan, male, 1953-02-24", "collected": "2009-09-17", "revised": "None", "video": "sdqNr-sisin_dakis.mp3"}, "s_a_span": [113.34, 117.51], "file": "Seediq_Tgdaya/sdqNr-sisin_dakis", "num": 81}], [82, {"ori": [], "gloss": [["...(0.8)", "", ""], ["so", "like", "像"], ["kii", "that", "那個"], ["naq", "self", "自己"], ["ka", "NOM", "主格"], ["lnglung-an=na", "think-LF=3SG.GEN", "想-處焦=3SG.屬格"], ["rudan", "elderly", "長者"], ["cbeyo", "past", "以前"], ["na.\\", "PART", "語助詞"]], "free": ["#e This is the thought of the ancestor.", "#c 這就是祖先的想法。", "#n so ki naq「就是這樣」。", "#n rudan cbeyo「祖先」。"], "s_end": true, "iu_a_span": [117.51, 120.36], "meta": {"topic": "sisin", "type": "Narrative", "language": "賽德克語, Seediq, Tgdaya", "speaker": "郭明正, Dakis Pawan, male, 1953-02-24", "collected": "2009-09-17", "revised": "None", "video": "sdqNr-sisin_dakis.mp3"}, "s_a_span": [117.51, 120.36], "file": "Seediq_Tgdaya/sdqNr-sisin_dakis", "num": 82}], [83, {"ori": [], "gloss": [["..", "", ""], ["ye", "Q", "疑問"], ["ye=na", "Q=3SG.GEN", "疑問=3SG.屬格"], ["hili", "AF.think", "主焦.想"], ["mesa,\\", "AF.say", "主焦.說"]], "free": [], "s_end": false, "iu_a_span": [120.36, 121.63], "meta": {"topic": "sisin", "type": "Narrative", "language": "賽德克語, Seediq, Tgdaya", "speaker": "郭明正, Dakis Pawan, male, 1953-02-24", "collected": "2009-09-17", "revised": "None", "video": "sdqNr-sisin_dakis.mp3"}, "file": "Seediq_Tgdaya/sdqNr-sisin_dakis", "num": 83}], [84, {"ori": [], "gloss": [["..", "", ""], ["kes-un", "say-PF", "說-受焦"], ["karac", "sky", "天空"], ["we,\\", "PART", "語助詞"]], "free": [], "s_end": false, "iu_a_span": [121.63, 123.08], "meta": {"topic": "sisin", "type": "Narrative", "language": "賽德克語, Seediq, Tgdaya", "speaker": "郭明正, Dakis Pawan, male, 1953-02-24", "collected": "2009-09-17", "revised": "None", "video": "sdqNr-sisin_dakis.mp3"}, "file": "Seediq_Tgdaya/sdqNr-sisin_dakis", "num": 84}], [85, {"ori": [], "gloss": [["..", "", ""], ["anaq", "although", "即使"], ["m<n>dn-dengu", "AF<PFV>RED-dry", "主焦<完成>重疊-乾"], ["karac", "sky", "天空"], ["ka", "NOM", "主格"], ["hini", "here", "這裡"], ["we,\\", "PART", "語助詞"]], "free": ["#n anaq是ani naq的縮略詞。", "#n anaq是ani naq的縮略詞。"], "s_end": false, "iu_a_span": [123.08, 124.98], "meta": {"topic": "sisin", "type": "Narrative", "language": "賽德克語, Seediq, Tgdaya", "speaker": "郭明正, Dakis Pawan, male, 1953-02-24", "collected": "2009-09-17", "revised": "None", "video": "sdqNr-sisin_dakis.mp3"}, "file": "Seediq_Tgdaya/sdqNr-sisin_dakis", "num": 85}], [86, {"ori": [], "gloss": [["..", "", ""], ["yaani", "perhaps", "可能"], ["ini", "NEG", "否定"], ["kdengu", "AF.dry", "主焦.乾"], ["karac", "sky", "天空"], ["ka", "NOM", "主格"], ["icin.\\", "another", "另一"]], "free": [], "s_end": false, "iu_a_span": [124.98, 126.39], "meta": {"topic": "sisin", "type": "Narrative", "language": "賽德克語, Seediq, Tgdaya", "speaker": "郭明正, Dakis Pawan, male, 1953-02-24", "collected": "2009-09-17", "revised": "None", "video": "sdqNr-sisin_dakis.mp3"}, "file": "Seediq_Tgdaya/sdqNr-sisin_dakis", "num": 86}], [87, {"ori": [], "gloss": [["...", "", ""], ["kika", "thus", "所以"]], "free": [], "s_end": false, "iu_a_span": [126.39, 127.21], "meta": {"topic": "sisin", "type": "Narrative", "language": "賽德克語, Seediq, Tgdaya", "speaker": "郭明正, Dakis Pawan, male, 1953-02-24", "collected": "2009-09-17", "revised": "None", "video": "sdqNr-sisin_dakis.mp3"}, "file": "Seediq_Tgdaya/sdqNr-sisin_dakis", "num": 87}], [88, {"ori": [], "gloss": [["ha=ta", "go.LF.IRR=1IPL.GEN", "去.處焦.非現實=1IPL.屬格"], ["theruy", "AF.migrate", "主焦.遷徙"], ["icin", "another", "另一"], ["di", "PFV.PART", "完成.語助詞"], ["mesa.\\", "AF.say", "主焦.說"]], "free": [], "s_end": false, "iu_a_span": [127.21, 128.51], "meta": {"topic": "sisin", "type": "Narrative", "language": "賽德克語, Seediq, Tgdaya", "speaker": "郭明正, Dakis Pawan, male, 1953-02-24", "collected": "2009-09-17", "revised": "None", "video": "sdqNr-sisin_dakis.mp3"}, "file": "Seediq_Tgdaya/sdqNr-sisin_dakis", "num": 88}], [89, {"ori": [], "gloss": [["..", "", ""], ["ka", "NOM", "主格"], ["kari=na,\\", "word=3SG.GEN", "話=3SG.屬格"]], "free": ["#e They thought even though there is drought here, maybe there is no drought in another place. Thus, he said, “Let’s migrate to another place.”", "#c 他認為即使這裡旱災，另一個地方可能沒有旱災。所以他說「我們遷徙到另一個地方吧」。"], "s_end": true, "iu_a_span": [128.51, 129.42], "meta": {"topic": "sisin", "type": "Narrative", "language": "賽德克語, Seediq, Tgdaya", "speaker": "郭明正, Dakis Pawan, male, 1953-02-24", "collected": "2009-09-17", "revised": "None", "video": "sdqNr-sisin_dakis.mp3"}, "s_a_span": [120.36, 129.42], "file": "Seediq_Tgdaya/sdqNr-sisin_dakis", "num": 89}], [90, {"ori": [], "gloss": [["..", "", ""], ["pnrn--", "FS", "FS"], ["pnrngag-an=daha", "discuss-LF=3PL.GEN", "討論-處焦=3PL.屬格"], ["de,\\", "PFV-PART", "完成-語助詞"]], "free": [], "s_end": false, "iu_a_span": [129.42, 130.6], "meta": {"topic": "sisin", "type": "Narrative", "language": "賽德克語, Seediq, Tgdaya", "speaker": "郭明正, Dakis Pawan, male, 1953-02-24", "collected": "2009-09-17", "revised": "None", "video": "sdqNr-sisin_dakis.mp3"}, "file": "Seediq_Tgdaya/sdqNr-sisin_dakis", "num": 90}], [91, {"ori": [], "gloss": [["..", "", ""], ["rudan", "elderly", "長者"], ["alang", "tribe", "部落"], ["ciida,\\", "at.that.time", "當時"]], "free": ["#e The elderly in the tribe at that time, they dicussed.", "#c 那時候部落的族老，他們討論。"], "s_end": true, "iu_a_span": [130.6, 131.4], "meta": {"topic": "sisin", "type": "Narrative", "language": "賽德克語, Seediq, Tgdaya", "speaker": "郭明正, Dakis Pawan, male, 1953-02-24", "collected": "2009-09-17", "revised": "None", "video": "sdqNr-sisin_dakis.mp3"}, "s_a_span": [129.42, 131.4], "file": "Seediq_Tgdaya/sdqNr-sisin_dakis", "num": 91}], [92, {"ori": [], "gloss": [["...", "", ""], ["kika", "thus", "所以"], ["inu", "where", "哪裡"], ["di,\\", "PFV.PART", "完成.語助詞"]], "free": ["#n 郭老師認為此IU為口誤。", "#n 郭老師認為此IU為口誤。"], "s_end": false, "iu_a_span": [131.4, 132.77], "meta": {"topic": "sisin", "type": "Narrative", "language": "賽德克語, Seediq, Tgdaya", "speaker": "郭明正, Dakis Pawan, male, 1953-02-24", "collected": "2009-09-17", "revised": "None", "video": "sdqNr-sisin_dakis.mp3"}, "file": "Seediq_Tgdaya/sdqNr-sisin_dakis", "num": 92}], [93, {"ori": [], "gloss": [["..", "", ""], ["w^ada==", "go.PST", "去.過去"], ["kika,_", "thus", "所以"]], "free": ["#n 郭老師認為此IU為口誤。", "#n 郭老師認為此IU為口誤。"], "s_end": false, "iu_a_span": [132.77, 133.81], "meta": {"topic": "sisin", "type": "Narrative", "language": "賽德克語, Seediq, Tgdaya", "speaker": "郭明正, Dakis Pawan, male, 1953-02-24", "collected": "2009-09-17", "revised": "None", "video": "sdqNr-sisin_dakis.mp3"}, "file": "Seediq_Tgdaya/sdqNr-sisin_dakis", "num": 93}], [94, {"ori": [], "gloss": [["des-un=daha", "bring-PF=3PL.GEN", "攜帶-受焦-3PL.屬格"], ["kana", "all", "全部"], ["laqi", "child", "小孩"], ["da,\\", "PFV.PART", "完成.語助詞"]], "free": [], "s_end": false, "iu_a_span": [133.81, 135.25], "meta": {"topic": "sisin", "type": "Narrative", "language": "賽德克語, Seediq, Tgdaya", "speaker": "郭明正, Dakis Pawan, male, 1953-02-24", "collected": "2009-09-17", "revised": "None", "video": "sdqNr-sisin_dakis.mp3"}, "file": "Seediq_Tgdaya/sdqNr-sisin_dakis", "num": 94}], [95, {"ori": [], "gloss": [["..", "", ""], ["ma", "CONJ", "連接詞"], ["kana", "all", "全部"], ["s--,_", "FS", "FS"]], "free": [], "s_end": false, "iu_a_span": [135.25, 136.05], "meta": {"topic": "sisin", "type": "Narrative", "language": "賽德克語, Seediq, Tgdaya", "speaker": "郭明正, Dakis Pawan, male, 1953-02-24", "collected": "2009-09-17", "revised": "None", "video": "sdqNr-sisin_dakis.mp3"}, "file": "Seediq_Tgdaya/sdqNr-sisin_dakis", "num": 95}], [96, {"ori": [], "gloss": [["..", "", ""], ["tn-alang", "TN-tribe", "TN-部落"], ["hii", "there", "那裡"], ["wa,\\", "PART", "語助詞"]], "free": ["#n tn-alang在地人；tn-sapah家的主人；tn-huri狗主人。", "#n tn-alang在地人；tn-sapah家的主人；tn-huri狗主人。"], "s_end": false, "iu_a_span": [136.05, 137.05], "meta": {"topic": "sisin", "type": "Narrative", "language": "賽德克語, Seediq, Tgdaya", "speaker": "郭明正, Dakis Pawan, male, 1953-02-24", "collected": "2009-09-17", "revised": "None", "video": "sdqNr-sisin_dakis.mp3"}, "file": "Seediq_Tgdaya/sdqNr-sisin_dakis", "num": 96}], [97, {"ori": [], "gloss": [["...", "", ""], ["wada", "AUX.PST", "助動詞.過去"], ["m-quri,_", "AF-direction", "主焦-方向"]], "free": ["#n m-quri「朝…前進」。", "#n m-quri「朝…前進」。"], "s_end": false, "iu_a_span": [137.05, 138.34], "meta": {"topic": "sisin", "type": "Narrative", "language": "賽德克語, Seediq, Tgdaya", "speaker": "郭明正, Dakis Pawan, male, 1953-02-24", "collected": "2009-09-17", "revised": "None", "video": "sdqNr-sisin_dakis.mp3"}, "file": "Seediq_Tgdaya/sdqNr-sisin_dakis", "num": 97}], [98, {"ori": [], "gloss": [["...", "", ""], ["wada", "AUX.PST", "助動詞.過去"], ["m-quri", "AF-direction", "主焦-方向"], ["a,\\", "FIL", "FIL"]], "free": [], "s_end": false, "iu_a_span": [138.34, 139.84], "meta": {"topic": "sisin", "type": "Narrative", "language": "賽德克語, Seediq, Tgdaya", "speaker": "郭明正, Dakis Pawan, male, 1953-02-24", "collected": "2009-09-17", "revised": "None", "video": "sdqNr-sisin_dakis.mp3"}, "file": "Seediq_Tgdaya/sdqNr-sisin_dakis", "num": 98}], [99, {"ori": [], "gloss": [["..", "", ""], ["saya", "now", "現在"], ["di", "PFV.PART", "完成.語助詞"], ["na,\\", "PART", "語助詞"]], "free": [], "s_end": false, "iu_a_span": [139.84, 140.77], "meta": {"topic": "sisin", "type": "Narrative", "language": "賽德克語, Seediq, Tgdaya", "speaker": "郭明正, Dakis Pawan, male, 1953-02-24", "collected": "2009-09-17", "revised": "None", "video": "sdqNr-sisin_dakis.mp3"}, "file": "Seediq_Tgdaya/sdqNr-sisin_dakis", "num": 99}]], "meta": {"topic": "sisin", "type": "Narrative", "language": "賽德克語, Seediq, Tgdaya", "speaker": "郭明正, Dakis Pawan, male, 1953-02-24", "collected": "2009-09-17", "revised": "None", "video": "sdqNr-sisin_dakis.mp3"}}