{"glosses": [[1, {"ori": [], "gloss": [["laqi", "child", "小孩"], ["nii", "this", "這個"], ["keeman", "night", "晚上"], ["di", "PFV.PART", "完成.語助詞"], ["ma", "then", "然後"], ["gaga", "PROG", "進行"], ["tloong", "AF.sit", "主焦.座"], ["gakac=na", "chair=3SG.GEN", "椅子=3SG.屬格"], ["m--,_", "FS", "FS"]], "free": ["#e It was night already, and the kid was sitting on his chair.", "#c 已經晚上了，然後這個小孩正坐在他的椅子上。"], "s_end": true, "iu_a_span": [1.3, 4.18], "meta": {"topic": "frog", "type": "Narrative", "language": "賽德克語, Seediq, Tgdaya", "speaker": "謝美, Lubi Nomin, female, None", "collected": "None", "revised": "None", "video": "sdqNr-frog_lubi.mp3"}, "s_a_span": [1.3, 4.18], "file": "Seediq_Tgdaya/sdqNr-frog_lubi", "num": 1}], [2, {"ori": [], "gloss": [["..", "", ""], ["a==,_", "FIL", "FIL"]], "free": [], "s_end": false, "iu_a_span": [4.18, 4.6], "meta": {"topic": "frog", "type": "Narrative", "language": "賽德克語, Seediq, Tgdaya", "speaker": "謝美, Lubi Nomin, female, None", "collected": "None", "revised": "None", "video": "sdqNr-frog_lubi.mp3"}, "file": "Seediq_Tgdaya/sdqNr-frog_lubi", "num": 2}], [3, {"ori": [], "gloss": [["...", "", ""], ["la--", "FS", "FS"], ["kana", "all", "全部"], ["a", "FIL", "FIL"], ["siyo", "side", "旁邊"], ["a,?_", "FIL", "FIL"]], "free": [], "s_end": false, "iu_a_span": [4.6, 6.38], "meta": {"topic": "frog", "type": "Narrative", "language": "賽德克語, Seediq, Tgdaya", "speaker": "謝美, Lubi Nomin, female, None", "collected": "None", "revised": "None", "video": "sdqNr-frog_lubi.mp3"}, "file": "Seediq_Tgdaya/sdqNr-frog_lubi", "num": 3}], [4, {"ori": [], "gloss": [["..", "", ""], ["tqiy-an=na.\\", "sleep-LF=3SG.GEN", "睡覺-處焦=3SG.屬格"]], "free": [], "s_end": false, "iu_a_span": [6.38, 7.34], "meta": {"topic": "frog", "type": "Narrative", "language": "賽德克語, Seediq, Tgdaya", "speaker": "謝美, Lubi Nomin, female, None", "collected": "None", "revised": "None", "video": "sdqNr-frog_lubi.mp3"}, "file": "Seediq_Tgdaya/sdqNr-frog_lubi", "num": 4}], [5, {"ori": [], "gloss": [["..", "", ""], ["qlapo=na", "bed=3SG.GEN", "床鋪=3SG.屬格"], ["ma", "then", "然後"], ["gaga", "PROG", "進行"], ["a,\\", "FIL", "FIL"]], "free": [], "s_end": false, "iu_a_span": [7.34, 8.89], "meta": {"topic": "frog", "type": "Narrative", "language": "賽德克語, Seediq, Tgdaya", "speaker": "謝美, Lubi Nomin, female, None", "collected": "None", "revised": "None", "video": "sdqNr-frog_lubi.mp3"}, "file": "Seediq_Tgdaya/sdqNr-frog_lubi", "num": 5}], [6, {"ori": [], "gloss": [["...", "", ""], ["q<m>ita", "<AF>see", "<主焦>看"], ["huling", "dog", "狗"], ["nii", "this", "這個"], ["a", "FIL", "FIL"], ["wa", "PROG", "進行"], ["theyaq", "AF.play.around", "主焦.玩耍"], ["huling,\\", "dog", "狗"]], "free": [], "s_end": false, "iu_a_span": [8.89, 11.52], "meta": {"topic": "frog", "type": "Narrative", "language": "賽德克語, Seediq, Tgdaya", "speaker": "謝美, Lubi Nomin, female, None", "collected": "None", "revised": "None", "video": "sdqNr-frog_lubi.mp3"}, "file": "Seediq_Tgdaya/sdqNr-frog_lubi", "num": 6}], [7, {"ori": [], "gloss": [["...", "", ""], ["q<m>ita", "<AF>see", "<主焦>看"], ["kana", "all", "全部"], ["anu", "then", "然後"], ["ka==,_", "KA", "KA"]], "free": [], "s_end": false, "iu_a_span": [11.52, 13.73], "meta": {"topic": "frog", "type": "Narrative", "language": "賽德克語, Seediq, Tgdaya", "speaker": "謝美, Lubi Nomin, female, None", "collected": "None", "revised": "None", "video": "sdqNr-frog_lubi.mp3"}, "file": "Seediq_Tgdaya/sdqNr-frog_lubi", "num": 7}], [8, {"ori": [], "gloss": [["...", "", ""], ["anu", "then", "然後"], ["ka==,\\", "KA", "KA"]], "free": [], "s_end": false, "iu_a_span": [13.73, 15.25], "meta": {"topic": "frog", "type": "Narrative", "language": "賽德克語, Seediq, Tgdaya", "speaker": "謝美, Lubi Nomin, female, None", "collected": "None", "revised": "None", "video": "sdqNr-frog_lubi.mp3"}, "file": "Seediq_Tgdaya/sdqNr-frog_lubi", "num": 8}], [9, {"ori": [], "gloss": [["..", "", ""], ["qpatun,\\", "frog", "青蛙"]], "free": ["#e (He) was (sitting) next to his bed in his room, watching his dog playing, and looking at a frog.", "#c (他坐) 在房間裡的床舖旁邊，一面看著他的狗玩耍，一面看著一隻青蛙。"], "s_end": true, "iu_a_span": [15.25, 16.08], "meta": {"topic": "frog", "type": "Narrative", "language": "賽德克語, Seediq, Tgdaya", "speaker": "謝美, Lubi Nomin, female, None", "collected": "None", "revised": "None", "video": "sdqNr-frog_lubi.mp3"}, "s_a_span": [4.18, 16.08], "file": "Seediq_Tgdaya/sdqNr-frog_lubi", "num": 9}], [10, {"ori": [], "gloss": [["...(4.2)", "", ""], ["a==,\\", "FIL", "FIL"]], "free": [], "s_end": false, "iu_a_span": [16.08, 20.68], "meta": {"topic": "frog", "type": "Narrative", "language": "賽德克語, Seediq, Tgdaya", "speaker": "謝美, Lubi Nomin, female, None", "collected": "None", "revised": "None", "video": "sdqNr-frog_lubi.mp3"}, "file": "Seediq_Tgdaya/sdqNr-frog_lubi", "num": 10}], [11, {"ori": [], "gloss": [["...", "", ""], ["mrebu", "morning", "早上"], ["di", "PFV.PART", "完成.語助詞"], ["ma", "then", "然後"], ["ga", "PROG", "進行"], ["m--,\\", "FS", "FS"]], "free": [], "s_end": false, "iu_a_span": [20.68, 22.74], "meta": {"topic": "frog", "type": "Narrative", "language": "賽德克語, Seediq, Tgdaya", "speaker": "謝美, Lubi Nomin, female, None", "collected": "None", "revised": "None", "video": "sdqNr-frog_lubi.mp3"}, "file": "Seediq_Tgdaya/sdqNr-frog_lubi", "num": 11}], [12, {"ori": [], "gloss": [["..", "", ""], ["tutui", "AF.get.up", "主焦.起身"], ["ka", "NOM", "主格"], ["laqi", "child", "小孩"], ["nii", "this", "這個"], ["di.\\", "PFV.PART", "完成.語助詞"]], "free": ["#e In the morning, the kid got up from bed.", "#c 到了早上了，小孩起床了。"], "s_end": true, "iu_a_span": [22.74, 24.22], "meta": {"topic": "frog", "type": "Narrative", "language": "賽德克語, Seediq, Tgdaya", "speaker": "謝美, Lubi Nomin, female, None", "collected": "None", "revised": "None", "video": "sdqNr-frog_lubi.mp3"}, "s_a_span": [16.08, 24.22], "file": "Seediq_Tgdaya/sdqNr-frog_lubi", "num": 12}], [13, {"ori": [], "gloss": [["...(1.0)", "", ""], ["<L2MeiL2M>,\\", "well", "咦"]], "free": [], "s_end": false, "iu_a_span": [24.22, 25.4], "meta": {"topic": "frog", "type": "Narrative", "language": "賽德克語, Seediq, Tgdaya", "speaker": "謝美, Lubi Nomin, female, None", "collected": "None", "revised": "None", "video": "sdqNr-frog_lubi.mp3"}, "file": "Seediq_Tgdaya/sdqNr-frog_lubi", "num": 13}], [13, {"ori": [], "gloss": [["...(1.0)", "", ""], ["<L2MeiL2M>,\\", "well", "咦"]], "free": [], "s_end": false, "iu_a_span": [24.22, 25.4], "meta": {"topic": "frog", "type": "Narrative", "language": "賽德克語, Seediq, Tgdaya", "speaker": "謝美, Lubi Nomin, female, None", "collected": "None", "revised": "None", "video": "sdqNr-frog_lubi.mp3"}, "file": "Seediq_Tgdaya/sdqNr-frog_lubi", "num": 13}], [15, {"ori": [], "gloss": [["...", "", ""], ["waga", "PROG", "進行"], ["m-taqi", "AF-sleep", "主焦-睡覺"], ["di", "PFV.PART", "完成.語助詞"], ["w--,\\", "FS", "FS"]], "free": [], "s_end": false, "iu_a_span": [26.49, 28.22], "meta": {"topic": "frog", "type": "Narrative", "language": "賽德克語, Seediq, Tgdaya", "speaker": "謝美, Lubi Nomin, female, None", "collected": "None", "revised": "None", "video": "sdqNr-frog_lubi.mp3"}, "file": "Seediq_Tgdaya/sdqNr-frog_lubi", "num": 15}], [16, {"ori": [], "gloss": [["...", "", ""], ["keeman", "night", "晚上"], ["di", "PFV.PART", "完成.語助詞"], ["ma", "then", "然後"], ["ga", "PROG", "進行"], ["m-osa", "AF-go", "主焦-去"], ["a", "FIL", "FIL"], ["taqi,\\", "AF.sleep", "主焦.睡覺"]], "free": [], "s_end": false, "iu_a_span": [28.22, 30.81], "meta": {"topic": "frog", "type": "Narrative", "language": "賽德克語, Seediq, Tgdaya", "speaker": "謝美, Lubi Nomin, female, None", "collected": "None", "revised": "None", "video": "sdqNr-frog_lubi.mp3"}, "file": "Seediq_Tgdaya/sdqNr-frog_lubi", "num": 16}], [17, {"ori": [], "gloss": [["...", "", ""], ["qlapo", "bed", "床"], ["tqiy-an=na", "sleep-LF=3SG.GEN", "睡覺-處焦=3SG.屬格"], ["ka", "NOM", "主格"], ["laqi", "child", "小孩"], ["nii.\\", "this", "這個"]], "free": ["#e Well, no, that's not right. He is still sleeping. At night, this kid goes to sleep on the bed in his room.", "#c 咦？不對。他還在睡覺。晚上的時候，這個小孩在他的房間裡上床睡覺。"], "s_end": true, "iu_a_span": [30.81, 33.17], "meta": {"topic": "frog", "type": "Narrative", "language": "賽德克語, Seediq, Tgdaya", "speaker": "謝美, Lubi Nomin, female, None", "collected": "None", "revised": "None", "video": "sdqNr-frog_lubi.mp3"}, "s_a_span": [24.22, 33.17], "file": "Seediq_Tgdaya/sdqNr-frog_lubi", "num": 17}], [18, {"ori": [], "gloss": [["...", "", ""], ["ma", "then", "然後"], ["waga", "PROG", "進行"], ["naq", "self", "自己"], ["a==,_", "FIL", "FIL"]], "free": [], "s_end": false, "iu_a_span": [33.17, 35.03], "meta": {"topic": "frog", "type": "Narrative", "language": "賽德克語, Seediq, Tgdaya", "speaker": "謝美, Lubi Nomin, female, None", "collected": "None", "revised": "None", "video": "sdqNr-frog_lubi.mp3"}, "file": "Seediq_Tgdaya/sdqNr-frog_lubi", "num": 18}], [19, {"ori": [], "gloss": [["...", "", ""], ["a==,_", "FIL", "FIL"]], "free": [], "s_end": false, "iu_a_span": [35.03, 35.9], "meta": {"topic": "frog", "type": "Narrative", "language": "賽德克語, Seediq, Tgdaya", "speaker": "謝美, Lubi Nomin, female, None", "collected": "None", "revised": "None", "video": "sdqNr-frog_lubi.mp3"}, "file": "Seediq_Tgdaya/sdqNr-frog_lubi", "num": 19}], [20, {"ori": [], "gloss": [["..", "", ""], ["hiya", "there", "那裡"], ["ka==,_", "NOM", "主格"]], "free": [], "s_end": false, "iu_a_span": [35.9, 36.58], "meta": {"topic": "frog", "type": "Narrative", "language": "賽德克語, Seediq, Tgdaya", "speaker": "謝美, Lubi Nomin, female, None", "collected": "None", "revised": "None", "video": "sdqNr-frog_lubi.mp3"}, "file": "Seediq_Tgdaya/sdqNr-frog_lubi", "num": 20}], [21, {"ori": [], "gloss": [["..", "", ""], ["anu", "then", "然後"], ["ka==,_", "KA", "KA"]], "free": [], "s_end": false, "iu_a_span": [36.58, 37.27], "meta": {"topic": "frog", "type": "Narrative", "language": "賽德克語, Seediq, Tgdaya", "speaker": "謝美, Lubi Nomin, female, None", "collected": "None", "revised": "None", "video": "sdqNr-frog_lubi.mp3"}, "file": "Seediq_Tgdaya/sdqNr-frog_lubi", "num": 21}], [22, {"ori": [], "gloss": [["..", "", ""], ["asi--", "FS", "FS"]], "free": [], "s_end": false, "iu_a_span": [37.27, 37.6], "meta": {"topic": "frog", "type": "Narrative", "language": "賽德克語, Seediq, Tgdaya", "speaker": "謝美, Lubi Nomin, female, None", "collected": "None", "revised": "None", "video": "sdqNr-frog_lubi.mp3"}, "file": "Seediq_Tgdaya/sdqNr-frog_lubi", "num": 22}], [23, {"ori": [], "gloss": [["..", "", ""], ["huling", "dog", "狗"], ["uri", "also", "也"], ["o", "FIL", "FIL"], ["siyo=na", "side=3SG.GEN", "旁邊=3SG.屬格"], ["om--,\\", "FS", "FS"]], "free": [], "s_end": false, "iu_a_span": [37.6, 39.08], "meta": {"topic": "frog", "type": "Narrative", "language": "賽德克語, Seediq, Tgdaya", "speaker": "謝美, Lubi Nomin, female, None", "collected": "None", "revised": "None", "video": "sdqNr-frog_lubi.mp3"}, "file": "Seediq_Tgdaya/sdqNr-frog_lubi", "num": 23}], [24, {"ori": [], "gloss": [["...", "", ""], ["suupu", "AF.together", "主焦.一起"], ["taqi", "AF.sleep", "主焦.睡覺"], ["ga", "PROG", "進行"], ["m-eniq", "AF-be.at", "主焦-在"], ["a,?_", "FIL", "FIL"]], "free": [], "s_end": false, "iu_a_span": [39.08, 41.11], "meta": {"topic": "frog", "type": "Narrative", "language": "賽德克語, Seediq, Tgdaya", "speaker": "謝美, Lubi Nomin, female, None", "collected": "None", "revised": "None", "video": "sdqNr-frog_lubi.mp3"}, "file": "Seediq_Tgdaya/sdqNr-frog_lubi", "num": 24}], [25, {"ori": [], "gloss": [["..", "", ""], ["qpatun", "frog", "青蛙"], ["nii", "this", "這個"], ["uri,\\", "also", "也"]], "free": [], "s_end": false, "iu_a_span": [41.11, 42.12], "meta": {"topic": "frog", "type": "Narrative", "language": "賽德克語, Seediq, Tgdaya", "speaker": "謝美, Lubi Nomin, female, None", "collected": "None", "revised": "None", "video": "sdqNr-frog_lubi.mp3"}, "file": "Seediq_Tgdaya/sdqNr-frog_lubi", "num": 25}], [26, {"ori": [], "gloss": [["...", "", ""], ["waga", "PROG", "進行"], ["nanaq", "self", "自己"], ["ptqiy-un", "sleep-PF", "睡覺-受焦"], ["so", "be.like", "像"], ["a==,_", "FIL", "FIL"]], "free": [], "s_end": false, "iu_a_span": [42.12, 44.44], "meta": {"topic": "frog", "type": "Narrative", "language": "賽德克語, Seediq, Tgdaya", "speaker": "謝美, Lubi Nomin, female, None", "collected": "None", "revised": "None", "video": "sdqNr-frog_lubi.mp3"}, "file": "Seediq_Tgdaya/sdqNr-frog_lubi", "num": 26}], [27, {"ori": [], "gloss": [["..", "", ""], ["henu,\\", "PART", "語助詞"]], "free": [], "s_end": false, "iu_a_span": [44.44, 44.89], "meta": {"topic": "frog", "type": "Narrative", "language": "賽德克語, Seediq, Tgdaya", "speaker": "謝美, Lubi Nomin, female, None", "collected": "None", "revised": "None", "video": "sdqNr-frog_lubi.mp3"}, "file": "Seediq_Tgdaya/sdqNr-frog_lubi", "num": 27}], [28, {"ori": [], "gloss": [["...", "", ""], ["anu", "then", "然後"], ["ka==,_", "KA", "KA"]], "free": [], "s_end": false, "iu_a_span": [44.89, 46.45], "meta": {"topic": "frog", "type": "Narrative", "language": "賽德克語, Seediq, Tgdaya", "speaker": "謝美, Lubi Nomin, female, None", "collected": "None", "revised": "None", "video": "sdqNr-frog_lubi.mp3"}, "file": "Seediq_Tgdaya/sdqNr-frog_lubi", "num": 28}], [29, {"ori": [], "gloss": [["...", "", ""], ["a==,_", "FIL", "FIL"]], "free": [], "s_end": false, "iu_a_span": [46.45, 47.28], "meta": {"topic": "frog", "type": "Narrative", "language": "賽德克語, Seediq, Tgdaya", "speaker": "謝美, Lubi Nomin, female, None", "collected": "None", "revised": "None", "video": "sdqNr-frog_lubi.mp3"}, "file": "Seediq_Tgdaya/sdqNr-frog_lubi", "num": 29}], [30, {"ori": [], "gloss": [["...", "", ""], ["so", "be.like", "像"], ["kiya", "that", "那個"], ["na", "PART", "語助詞"], ["hiya.\\", "there", "那裡"]], "free": ["#e There, the dog is also beside him, sleeping together. The frog is also there, sleeping by itself. It's just like that.", "#c 在那邊呢，狗也在他旁邊一起睡覺。青蛙也在一旁自己睡覺。"], "s_end": true, "iu_a_span": [47.28, 48.98], "meta": {"topic": "frog", "type": "Narrative", "language": "賽德克語, Seediq, Tgdaya", "speaker": "謝美, Lubi Nomin, female, None", "collected": "None", "revised": "None", "video": "sdqNr-frog_lubi.mp3"}, "s_a_span": [33.17, 48.98], "file": "Seediq_Tgdaya/sdqNr-frog_lubi", "num": 30}], [31, {"ori": [], "gloss": [["..", "", ""], ["ma,_", "then", "然後"]], "free": [], "s_end": false, "iu_a_span": [48.98, 49.73], "meta": {"topic": "frog", "type": "Narrative", "language": "賽德克語, Seediq, Tgdaya", "speaker": "謝美, Lubi Nomin, female, None", "collected": "None", "revised": "None", "video": "sdqNr-frog_lubi.mp3"}, "file": "Seediq_Tgdaya/sdqNr-frog_lubi", "num": 31}], [32, {"ori": [], "gloss": [["...(0.8)", "", ""], ["kiya", "that", "那個"], ["ka", "KA", "KA"], ["mgrebu", "morning", "早上"], ["di", "PFV.PART", "完成.語助詞"], ["na,\\", "PART", "語助詞"]], "free": [], "s_end": false, "iu_a_span": [49.73, 52.16], "meta": {"topic": "frog", "type": "Narrative", "language": "賽德克語, Seediq, Tgdaya", "speaker": "謝美, Lubi Nomin, female, None", "collected": "None", "revised": "None", "video": "sdqNr-frog_lubi.mp3"}, "file": "Seediq_Tgdaya/sdqNr-frog_lubi", "num": 32}], [33, {"ori": [], "gloss": [["...", "", ""], ["waga", "PROG", "進行"], ["a==,_", "FIL", "FIL"]], "free": [], "s_end": false, "iu_a_span": [52.16, 53.3], "meta": {"topic": "frog", "type": "Narrative", "language": "賽德克語, Seediq, Tgdaya", "speaker": "謝美, Lubi Nomin, female, None", "collected": "None", "revised": "None", "video": "sdqNr-frog_lubi.mp3"}, "file": "Seediq_Tgdaya/sdqNr-frog_lubi", "num": 33}], [34, {"ori": [], "gloss": [["..", "", ""], ["tutui", "AF.get.up", "主焦.起床"], ["ka", "NOM", "主格"], ["laqi", "child", "小孩"], ["nii", "this", "這個"], ["di", "PFV.PART", "完成.語助詞"], ["ma", "then", "然後"], ["daha.ka", "CONJ", "連接詞"], ["huling=na.\\", "dog=3SG.GEN", "狗=3SG.屬格"]], "free": ["#e In the morning, the kid and his dog get up.", "#c 到了早上，小孩和他的狗都起床了。"], "s_end": true, "iu_a_span": [53.3, 55.87], "meta": {"topic": "frog", "type": "Narrative", "language": "賽德克語, Seediq, Tgdaya", "speaker": "謝美, Lubi Nomin, female, None", "collected": "None", "revised": "None", "video": "sdqNr-frog_lubi.mp3"}, "s_a_span": [48.98, 55.87], "file": "Seediq_Tgdaya/sdqNr-frog_lubi", "num": 34}], [35, {"ori": [], "gloss": [["...", "", ""], ["waga", "PROG", "進行"], ["m-qiri", "AF-gaze", "主焦-遠望"], ["so", "be.like", "像"], ["bais", "window", "窗戶"], ["so", "be.like", "像"], ["nganguc", "outside", "然後"], ["ma", "then", "外面"], ["m-qiri", "AF-gaze", "主焦-遠望"], ["so", "be.like", "像"], ["anu", "then", "然後"], ["ka==,_", "KA", "KA"]], "free": [], "s_end": false, "iu_a_span": [55.87, 60.02], "meta": {"topic": "frog", "type": "Narrative", "language": "賽德克語, Seediq, Tgdaya", "speaker": "謝美, Lubi Nomin, female, None", "collected": "None", "revised": "None", "video": "sdqNr-frog_lubi.mp3"}, "file": "Seediq_Tgdaya/sdqNr-frog_lubi", "num": 35}], [36, {"ori": [], "gloss": [["...", "", ""], ["anu", "then", "然後"], ["ka", "KA", "KA"], ["a==,_", "FIL", "FIL"]], "free": [], "s_end": false, "iu_a_span": [60.02, 61.69], "meta": {"topic": "frog", "type": "Narrative", "language": "賽德克語, Seediq, Tgdaya", "speaker": "謝美, Lubi Nomin, female, None", "collected": "None", "revised": "None", "video": "sdqNr-frog_lubi.mp3"}, "file": "Seediq_Tgdaya/sdqNr-frog_lubi", "num": 36}], [37, {"ori": [], "gloss": [["..", "", ""], ["dheran=na.\\", "ground=3SG.GEN", "地=3SG.屬格"]], "free": ["#e They are looking towards the window, looking at the view outside.", "#c 他們都在往窗外看外面的景色。"], "s_end": true, "iu_a_span": [61.69, 62.44], "meta": {"topic": "frog", "type": "Narrative", "language": "賽德克語, Seediq, Tgdaya", "speaker": "謝美, Lubi Nomin, female, None", "collected": "None", "revised": "None", "video": "sdqNr-frog_lubi.mp3"}, "s_a_span": [55.87, 62.44], "file": "Seediq_Tgdaya/sdqNr-frog_lubi", "num": 37}], [38, {"ori": [], "gloss": [["...(4.4)", "", ""], ["ma", "then", "然後"], ["kiya", "that", "那個"], ["ka==,_", "KA", "KA"]], "free": [], "s_end": false, "iu_a_span": [62.44, 67.8], "meta": {"topic": "frog", "type": "Narrative", "language": "賽德克語, Seediq, Tgdaya", "speaker": "謝美, Lubi Nomin, female, None", "collected": "None", "revised": "None", "video": "sdqNr-frog_lubi.mp3"}, "file": "Seediq_Tgdaya/sdqNr-frog_lubi", "num": 38}], [39, {"ori": [], "gloss": [["...", "", ""], ["gaga", "PROG", "進行"], ["a==", "FIL", "FIL"]], "free": [], "s_end": false, "iu_a_span": [67.8, 69.19], "meta": {"topic": "frog", "type": "Narrative", "language": "賽德克語, Seediq, Tgdaya", "speaker": "謝美, Lubi Nomin, female, None", "collected": "None", "revised": "None", "video": "sdqNr-frog_lubi.mp3"}, "file": "Seediq_Tgdaya/sdqNr-frog_lubi", "num": 39}], [40, {"ori": [], "gloss": [["...", "", ""], ["theyaq", "AF.play.around", "主焦.玩耍"], ["huling=na", "dog=3SG.GEN", "狗=3SG.屬格"], ["laqi", "child", "小孩"], ["nii.\\", "this", "這個"]], "free": [], "s_end": false, "iu_a_span": [69.19, 71.36], "meta": {"topic": "frog", "type": "Narrative", "language": "賽德克語, Seediq, Tgdaya", "speaker": "謝美, Lubi Nomin, female, None", "collected": "None", "revised": "None", "video": "sdqNr-frog_lubi.mp3"}, "file": "Seediq_Tgdaya/sdqNr-frog_lubi", "num": 40}], [41, {"ori": [], "gloss": [["...", "", ""], ["wa", "PROG", "進行"], ["theyaq", "AF.play.around", "主焦.玩耍"], ["huling=na", "dog=3SG.GEN", "狗=3SG.屬格"], ["laqi", "child", "小孩"], ["nii", "this", "這個"], ["wa", "PART", "語助詞"], ["so,\\", "be.like", "像"]], "free": [], "s_end": false, "iu_a_span": [71.36, 74.0], "meta": {"topic": "frog", "type": "Narrative", "language": "賽德克語, Seediq, Tgdaya", "speaker": "謝美, Lubi Nomin, female, None", "collected": "None", "revised": "None", "video": "sdqNr-frog_lubi.mp3"}, "file": "Seediq_Tgdaya/sdqNr-frog_lubi", "num": 41}], [42, {"ori": [], "gloss": [["...", "", ""], ["wa", "PROG", "進行"], ["g<m>uulah", "<AF>tease", "<主焦>逗弄"], ["huling=na", "dog=3SG.GEN", "狗=3SG.屬格"], ["ma", "then", "然後"], ["waga=na,\\", "PROG=3SG.GEN", "進行=3SG.屬格"]], "free": [], "s_end": false, "iu_a_span": [74.0, 76.24], "meta": {"topic": "frog", "type": "Narrative", "language": "賽德克語, Seediq, Tgdaya", "speaker": "謝美, Lubi Nomin, female, None", "collected": "None", "revised": "None", "video": "sdqNr-frog_lubi.mp3"}, "file": "Seediq_Tgdaya/sdqNr-frog_lubi", "num": 42}], [43, {"ori": [], "gloss": [["...", "", ""], ["ngal-un", "take-PF", "拿-受焦"], ["ka,\\", "NOM", "主格"]], "free": [], "s_end": false, "iu_a_span": [76.24, 77.38], "meta": {"topic": "frog", "type": "Narrative", "language": "賽德克語, Seediq, Tgdaya", "speaker": "謝美, Lubi Nomin, female, None", "collected": "None", "revised": "None", "video": "sdqNr-frog_lubi.mp3"}, "file": "Seediq_Tgdaya/sdqNr-frog_lubi", "num": 43}], [44, {"ori": [], "gloss": [["..", "", ""], ["anu", "then", "然後"], ["ka,\\", "", ""]], "free": [], "s_end": false, "iu_a_span": [77.38, 77.84], "meta": {"topic": "frog", "type": "Narrative", "language": "賽德克語, Seediq, Tgdaya", "speaker": "謝美, Lubi Nomin, female, None", "collected": "None", "revised": "None", "video": "sdqNr-frog_lubi.mp3"}, "file": "Seediq_Tgdaya/sdqNr-frog_lubi", "num": 44}], [45, {"ori": [], "gloss": [["..", "", ""], ["psaping=na", "cushion=3SG.GEN", "墊子=3SG.屬格"], ["waga=na.\\", "PROG=3SG.GEN", "進行=3SG.屬格"]], "free": [], "s_end": false, "iu_a_span": [77.84, 79.18], "meta": {"topic": "frog", "type": "Narrative", "language": "賽德克語, Seediq, Tgdaya", "speaker": "謝美, Lubi Nomin, female, None", "collected": "None", "revised": "None", "video": "sdqNr-frog_lubi.mp3"}, "file": "Seediq_Tgdaya/sdqNr-frog_lubi", "num": 45}], [46, {"ori": [], "gloss": [["...", "", ""], ["nangi--", "FS", "FS"], ["so", "be.like", "像"], ["anu", "then", "然後"], ["ka==", "KA", "KA"]], "free": [], "s_end": false, "iu_a_span": [79.18, 81.17], "meta": {"topic": "frog", "type": "Narrative", "language": "賽德克語, Seediq, Tgdaya", "speaker": "謝美, Lubi Nomin, female, None", "collected": "None", "revised": "None", "video": "sdqNr-frog_lubi.mp3"}, "file": "Seediq_Tgdaya/sdqNr-frog_lubi", "num": 46}], [47, {"ori": [], "gloss": [["...", "", ""], ["a", "FIL", "FIL"], ["so", "be.like", "像"], ["a==", "FIL", "FIL"]], "free": [], "s_end": false, "iu_a_span": [81.17, 82.73], "meta": {"topic": "frog", "type": "Narrative", "language": "賽德克語, Seediq, Tgdaya", "speaker": "謝美, Lubi Nomin, female, None", "collected": "None", "revised": "None", "video": "sdqNr-frog_lubi.mp3"}, "file": "Seediq_Tgdaya/sdqNr-frog_lubi", "num": 47}], [48, {"ori": [], "gloss": [["...(0.9)", "", ""], ["<m>cebu", "AF-shoot", "主焦-射擊"], ["anu", "then", "然後"], ["ka", "KA", "KA"], ["n--,\\", "FS", "FS"]], "free": [], "s_end": false, "iu_a_span": [82.73, 84.87], "meta": {"topic": "frog", "type": "Narrative", "language": "賽德克語, Seediq, Tgdaya", "speaker": "謝美, Lubi Nomin, female, None", "collected": "None", "revised": "None", "video": "sdqNr-frog_lubi.mp3"}, "file": "Seediq_Tgdaya/sdqNr-frog_lubi", "num": 48}], [49, {"ori": [], "gloss": [["..", "", ""], ["la--", "FS", "FS"]], "free": [], "s_end": false, "iu_a_span": [84.87, 85.3], "meta": {"topic": "frog", "type": "Narrative", "language": "賽德克語, Seediq, Tgdaya", "speaker": "謝美, Lubi Nomin, female, None", "collected": "None", "revised": "None", "video": "sdqNr-frog_lubi.mp3"}, "file": "Seediq_Tgdaya/sdqNr-frog_lubi", "num": 49}], [50, {"ori": [], "gloss": [["..", "", ""], ["anu", "then", "然後"], ["ka", "KA", "KA"], ["huling", "dog", "狗"], ["nii.\\", "this", "這個"]], "free": ["#e The kid is playing with his dog, teasing him, and deliberately throwing his shoes to him.", "#c 小孩在跟狗玩耍、逗牠、故意拿鞋子丟牠。"], "s_end": true, "iu_a_span": [85.3, 86.43], "meta": {"topic": "frog", "type": "Narrative", "language": "賽德克語, Seediq, Tgdaya", "speaker": "謝美, Lubi Nomin, female, None", "collected": "None", "revised": "None", "video": "sdqNr-frog_lubi.mp3"}, "s_a_span": [62.44, 86.43], "file": "Seediq_Tgdaya/sdqNr-frog_lubi", "num": 50}], [51, {"ori": [], "gloss": [["...(4.1)", "", ""], ["ma", "then", "然後"], ["kiya", "that", "那個"], ["ka,\\", "KA", "KA"]], "free": [], "s_end": false, "iu_a_span": [86.43, 92.35], "meta": {"topic": "frog", "type": "Narrative", "language": "賽德克語, Seediq, Tgdaya", "speaker": "謝美, Lubi Nomin, female, None", "collected": "None", "revised": "None", "video": "sdqNr-frog_lubi.mp3"}, "file": "Seediq_Tgdaya/sdqNr-frog_lubi", "num": 51}], [52, {"ori": [], "gloss": [["...(0.8)", "", ""], ["kiya", "that", "那個"], ["ka", "KA", "KA"], ["bobo.na", "afterwards", "之後"], ["dung", "again", "又"], ["waga", "PROG", "進行"], ["anu", "then", "然後"], ["ka", "KA", "KA"], ["m-usa.\\", "AF-go", "主焦-去"]], "free": [], "s_end": false, "iu_a_span": [92.35, 95.56], "meta": {"topic": "frog", "type": "Narrative", "language": "賽德克語, Seediq, Tgdaya", "speaker": "謝美, Lubi Nomin, female, None", "collected": "None", "revised": "None", "video": "sdqNr-frog_lubi.mp3"}, "file": "Seediq_Tgdaya/sdqNr-frog_lubi", "num": 52}], [53, {"ori": [], "gloss": [["...", "", ""], ["mqir--", "FS", "FS"]], "free": [], "s_end": false, "iu_a_span": [95.56, 96.46], "meta": {"topic": "frog", "type": "Narrative", "language": "賽德克語, Seediq, Tgdaya", "speaker": "謝美, Lubi Nomin, female, None", "collected": "None", "revised": "None", "video": "sdqNr-frog_lubi.mp3"}, "file": "Seediq_Tgdaya/sdqNr-frog_lubi", "num": 53}], [54, {"ori": [], "gloss": [["..", "", ""], ["m-qiri.\\", "AF-gaze", "主焦-遠望"]], "free": [], "s_end": false, "iu_a_span": [96.46, 97.18], "meta": {"topic": "frog", "type": "Narrative", "language": "賽德克語, Seediq, Tgdaya", "speaker": "謝美, Lubi Nomin, female, None", "collected": "None", "revised": "None", "video": "sdqNr-frog_lubi.mp3"}, "file": "Seediq_Tgdaya/sdqNr-frog_lubi", "num": 54}], [55, {"ori": [], "gloss": [["..", "", ""], ["kndalax", "AF.from", "主焦.從"], ["bais", "window", "窗戶"], ["ka", "NOM", "主格"], ["laqi", "child", "小孩"], ["nii", "this", "這個"], ["daha.ka", "CONJ", "連接詞"], ["huling", "dog", "狗"], ["nii.\\", "this", "這個"]], "free": [], "s_end": false, "iu_a_span": [97.18, 100.21], "meta": {"topic": "frog", "type": "Narrative", "language": "賽德克語, Seediq, Tgdaya", "speaker": "謝美, Lubi Nomin, female, None", "collected": "None", "revised": "None", "video": "sdqNr-frog_lubi.mp3"}, "file": "Seediq_Tgdaya/sdqNr-frog_lubi", "num": 55}], [56, {"ori": [], "gloss": [["...", "", ""], ["a", "FIL", "FIL"], ["mus--", "FS", "FS"], ["uh==", "FIL", "FIL"]], "free": [], "s_end": false, "iu_a_span": [100.21, 101.73], "meta": {"topic": "frog", "type": "Narrative", "language": "賽德克語, Seediq, Tgdaya", "speaker": "謝美, Lubi Nomin, female, None", "collected": "None", "revised": "None", "video": "sdqNr-frog_lubi.mp3"}, "file": "Seediq_Tgdaya/sdqNr-frog_lubi", "num": 56}], [57, {"ori": [], "gloss": [["...", "", ""], ["a", "FIL", "FIL"], ["m-usa", "AF-go", "主焦-去"], ["m-qiri", "AF-gaze", "主焦-遠望"], ["nganguc", "outside", "外面"], ["di.\\", "PFV.PART", "完成.語助詞"]], "free": ["#e Afterwards, the kid and the dog poke their heads out of the window.", "#c 後來呢，小孩和狗便向窗外探頭。"], "s_end": true, "iu_a_span": [101.73, 103.89], "meta": {"topic": "frog", "type": "Narrative", "language": "賽德克語, Seediq, Tgdaya", "speaker": "謝美, Lubi Nomin, female, None", "collected": "None", "revised": "None", "video": "sdqNr-frog_lubi.mp3"}, "s_a_span": [86.43, 103.89], "file": "Seediq_Tgdaya/sdqNr-frog_lubi", "num": 57}], [58, {"ori": [], "gloss": [["...(4.1)", "", ""], ["ma.\\", "then", "然後"]], "free": [], "s_end": false, "iu_a_span": [103.89, 108.23], "meta": {"topic": "frog", "type": "Narrative", "language": "賽德克語, Seediq, Tgdaya", "speaker": "謝美, Lubi Nomin, female, None", "collected": "None", "revised": "None", "video": "sdqNr-frog_lubi.mp3"}, "file": "Seediq_Tgdaya/sdqNr-frog_lubi", "num": 58}], [59, {"ori": [], "gloss": [["...", "", ""], ["kiya--", "FS", "FS"]], "free": [], "s_end": false, "iu_a_span": [108.23, 108.77], "meta": {"topic": "frog", "type": "Narrative", "language": "賽德克語, Seediq, Tgdaya", "speaker": "謝美, Lubi Nomin, female, None", "collected": "None", "revised": "None", "video": "sdqNr-frog_lubi.mp3"}, "file": "Seediq_Tgdaya/sdqNr-frog_lubi", "num": 59}], [60, {"ori": [], "gloss": [["..", "", ""], ["laqi", "child", "小孩"], ["nii", "this", "這個"], ["ga", "PROG", "進行"], ["naq", "self", "自己"], ["m-qiri", "AF-gaze", "主焦-遠望"], ["kndalax", "AF.from", "主焦.從"], ["nganguc,\\", "outside", "外面"]], "free": [], "s_end": false, "iu_a_span": [108.77, 111.36], "meta": {"topic": "frog", "type": "Narrative", "language": "賽德克語, Seediq, Tgdaya", "speaker": "謝美, Lubi Nomin, female, None", "collected": "None", "revised": "None", "video": "sdqNr-frog_lubi.mp3"}, "file": "Seediq_Tgdaya/sdqNr-frog_lubi", "num": 60}], [61, {"ori": [], "gloss": [["...", "", ""], ["waga", "PROG", "進行"], ["m-ita", "AF-see", "主焦-看"], ["huling=na", "dog=3SG.GEN", "狗=3SG.屬格"], ["waga", "PROG", "進行"], ["m-usa", "AF-go", "主焦-去"], ["t<m>alang", "<AF>run", "<主焦>跑"], ["nganguc.\\", "outside", "外面"]], "free": ["#e The kid was looking outward from the window, and the dog ran to the outside.", "#c 小孩從窗戶往外看，而小狗則跑到了外面去。"], "s_end": true, "iu_a_span": [111.36, 115.67], "meta": {"topic": "frog", "type": "Narrative", "language": "賽德克語, Seediq, Tgdaya", "speaker": "謝美, Lubi Nomin, female, None", "collected": "None", "revised": "None", "video": "sdqNr-frog_lubi.mp3"}, "s_a_span": [103.89, 115.67], "file": "Seediq_Tgdaya/sdqNr-frog_lubi", "num": 61}], [62, {"ori": [], "gloss": [["...", "", ""], ["uh", "FIL", "FIL"], ["m-usa", "AF-go", "主焦-去"], ["a==", "FIL", "FIL"]], "free": [], "s_end": false, "iu_a_span": [115.67, 117.32], "meta": {"topic": "frog", "type": "Narrative", "language": "賽德克語, Seediq, Tgdaya", "speaker": "謝美, Lubi Nomin, female, None", "collected": "None", "revised": "None", "video": "sdqNr-frog_lubi.mp3"}, "file": "Seediq_Tgdaya/sdqNr-frog_lubi", "num": 62}], [63, {"ori": [], "gloss": [["..", "", ""], ["so", "be.like", "像"], ["d<m>idin", "<AF>bring", "<主焦>提"], ["a", "FIL", "FIL"], ["m--,\\", "FS", "FS"]], "free": [], "s_end": false, "iu_a_span": [117.32, 118.7], "meta": {"topic": "frog", "type": "Narrative", "language": "賽德克語, Seediq, Tgdaya", "speaker": "謝美, Lubi Nomin, female, None", "collected": "None", "revised": "None", "video": "sdqNr-frog_lubi.mp3"}, "file": "Seediq_Tgdaya/sdqNr-frog_lubi", "num": 63}], [64, {"ori": [], "gloss": [["...(0.9)", "", ""], ["maanu", "what", "什?"], ["di", "PFV.PART", "完成.語助詞"], ["a.\\", "FIL", "FIL"]], "free": [], "s_end": false, "iu_a_span": [118.7, 120.56], "meta": {"topic": "frog", "type": "Narrative", "language": "賽德克語, Seediq, Tgdaya", "speaker": "謝美, Lubi Nomin, female, None", "collected": "None", "revised": "None", "video": "sdqNr-frog_lubi.mp3"}, "file": "Seediq_Tgdaya/sdqNr-frog_lubi", "num": 64}], [65, {"ori": [], "gloss": [["...(1.5)", "", ""], ["o", "FIL", "FIL"], ["m-usa", "AF-go", "主焦-去"], ["t--", "FS", "FS"], ["tum--,\\", "FS", "FS"]], "free": [], "s_end": false, "iu_a_span": [120.56, 123.25], "meta": {"topic": "frog", "type": "Narrative", "language": "賽德克語, Seediq, Tgdaya", "speaker": "謝美, Lubi Nomin, female, None", "collected": "None", "revised": "None", "video": "sdqNr-frog_lubi.mp3"}, "file": "Seediq_Tgdaya/sdqNr-frog_lubi", "num": 65}], [66, {"ori": [], "gloss": [["...(1.7)", "", ""], ["waga", "EXIST", "存在"], ["so", "be.like", "像"], ["niq-an", "be.at-LF", "在-處焦"], ["kana.\\", "all", "全部"]], "free": [], "s_end": false, "iu_a_span": [123.25, 126.22], "meta": {"topic": "frog", "type": "Narrative", "language": "賽德克語, Seediq, Tgdaya", "speaker": "謝美, Lubi Nomin, female, None", "collected": "None", "revised": "None", "video": "sdqNr-frog_lubi.mp3"}, "file": "Seediq_Tgdaya/sdqNr-frog_lubi", "num": 66}], [67, {"ori": [], "gloss": [["..", "", ""], ["qhuni", "tree", "樹"], ["ma", "then", "然後"], ["so", "be.like", "像"], ["sudu", "grass", "草"], ["ga", "PROG", "PROG"], ["m-usa", "AF-go", "主焦-去"], ["so,\\", "be.like", "像"]], "free": [], "s_end": false, "iu_a_span": [126.22, 128.2], "meta": {"topic": "frog", "type": "Narrative", "language": "賽德克語, Seediq, Tgdaya", "speaker": "謝美, Lubi Nomin, female, None", "collected": "None", "revised": "None", "video": "sdqNr-frog_lubi.mp3"}, "file": "Seediq_Tgdaya/sdqNr-frog_lubi", "num": 67}], [68, {"ori": [], "gloss": [["...", "", ""], ["t<m>alang", "<AF>run", "<主焦>跑"], ["waga", "PROG", "進行"], ["m-usa", "AF-go", "主焦-去"], ["theyaq", "play.around", "玩耍"], ["nganguc", "outside", "外面"], ["ka", "NOM", "主格"], ["huling.\\", "dog", "狗"]], "free": ["#e They went to bring, wait, what? There were trees and grass (outside), and the dog ran to go play out there.", "#c 他們去拿，啊什麼啊？(外面)那邊有樹和草。而小狗是要跑到外面去玩。"], "s_end": true, "iu_a_span": [128.2, 131.4], "meta": {"topic": "frog", "type": "Narrative", "language": "賽德克語, Seediq, Tgdaya", "speaker": "謝美, Lubi Nomin, female, None", "collected": "None", "revised": "None", "video": "sdqNr-frog_lubi.mp3"}, "s_a_span": [115.67, 131.4], "file": "Seediq_Tgdaya/sdqNr-frog_lubi", "num": 68}], [69, {"ori": [], "gloss": [["...(1.7)", "", ""], ["kika", "thus", "所以"], ["waga=na", "PROG=3SG.GEN", "進行=3SG.屬格"], ["sa-an", "go-LF", "去-處焦"], ["anu", "then", "然後"], ["ka==", "KA", "KA"]], "free": [], "s_end": false, "iu_a_span": [131.4, 135.28], "meta": {"topic": "frog", "type": "Narrative", "language": "賽德克語, Seediq, Tgdaya", "speaker": "謝美, Lubi Nomin, female, None", "collected": "None", "revised": "None", "video": "sdqNr-frog_lubi.mp3"}, "file": "Seediq_Tgdaya/sdqNr-frog_lubi", "num": 69}], [70, {"ori": [], "gloss": [["...", "", ""], ["anu", "then", "然後"], ["ka,_", "KA", "KA"]], "free": [], "s_end": false, "iu_a_span": [135.28, 136.39], "meta": {"topic": "frog", "type": "Narrative", "language": "賽德克語, Seediq, Tgdaya", "speaker": "謝美, Lubi Nomin, female, None", "collected": "None", "revised": "None", "video": "sdqNr-frog_lubi.mp3"}, "file": "Seediq_Tgdaya/sdqNr-frog_lubi", "num": 70}], [71, {"ori": [], "gloss": [["..", "", ""], ["anu", "then", "然後"], ["ka,\\", "KA", "KA"]], "free": [], "s_end": false, "iu_a_span": [136.39, 137.3], "meta": {"topic": "frog", "type": "Narrative", "language": "賽德克語, Seediq, Tgdaya", "speaker": "謝美, Lubi Nomin, female, None", "collected": "None", "revised": "None", "video": "sdqNr-frog_lubi.mp3"}, "file": "Seediq_Tgdaya/sdqNr-frog_lubi", "num": 71}], [72, {"ori": [], "gloss": [["...", "", ""], ["m-emux", "AF-hug", "主焦-抱"], ["ka", "NOM", "主格"], ["huling=na", "dog=3SG.GEN", "狗=3SG.屬格"], ["nii", "this", "這個"], ["di.\\", "PFV.PART", "完成.語助詞"]], "free": [], "s_end": false, "iu_a_span": [137.3, 139.27], "meta": {"topic": "frog", "type": "Narrative", "language": "賽德克語, Seediq, Tgdaya", "speaker": "謝美, Lubi Nomin, female, None", "collected": "None", "revised": "None", "video": "sdqNr-frog_lubi.mp3"}, "file": "Seediq_Tgdaya/sdqNr-frog_lubi", "num": 72}], [73, {"ori": [], "gloss": [["...", "", ""], ["waga=na", "PROG=3SG.GEN", "進行=3SG.屬格"], ["lexu--,\\", "FS", "FS"]], "free": [], "s_end": false, "iu_a_span": [139.27, 140.71], "meta": {"topic": "frog", "type": "Narrative", "language": "賽德克語, Seediq, Tgdaya", "speaker": "謝美, Lubi Nomin, female, None", "collected": "None", "revised": "None", "video": "sdqNr-frog_lubi.mp3"}, "file": "Seediq_Tgdaya/sdqNr-frog_lubi", "num": 73}], [74, {"ori": [], "gloss": [["..", "", ""], ["wa=na", "PROG=3SG.GEN", "進行=3SG.屬格"], ["lex-un", "hug-PF", "抱-受焦"], ["m-emux", "AF-hug", "主焦-抱"], ["wa=na", "PROG=3SG.GEN", "進行=3SG.屬格"], ["thiq-an", "play.around-LF", "玩耍-處焦"], ["nganguc", "outside", "外面那裡"], ["hii.\\", "", ""]], "free": [], "s_end": false, "iu_a_span": [140.71, 143.74], "meta": {"topic": "frog", "type": "Narrative", "language": "賽德克語, Seediq, Tgdaya", "speaker": "謝美, Lubi Nomin, female, None", "collected": "None", "revised": "None", "video": "sdqNr-frog_lubi.mp3"}, "file": "Seediq_Tgdaya/sdqNr-frog_lubi", "num": 74}], [75, {"ori": [], "gloss": [["...(4.6)", "", ""], ["kika", "thus", "所以"], ["wa", "PROG", "進行"], ["m-osa", "AF-go", "主焦-去"], ["a==", "FIL", "FIL"]], "free": [], "s_end": false, "iu_a_span": [143.74, 149.73], "meta": {"topic": "frog", "type": "Narrative", "language": "賽德克語, Seediq, Tgdaya", "speaker": "謝美, Lubi Nomin, female, None", "collected": "None", "revised": "None", "video": "sdqNr-frog_lubi.mp3"}, "file": "Seediq_Tgdaya/sdqNr-frog_lubi", "num": 75}], [76, {"ori": [], "gloss": [["...", "", ""], ["mkkesa", "AF.walk", "主焦.走路"], ["so", "be.like", "像"], ["uyung", "garden", "院子"], ["a==", "FIL", "FIL"]], "free": [], "s_end": false, "iu_a_span": [149.73, 152.1], "meta": {"topic": "frog", "type": "Narrative", "language": "賽德克語, Seediq, Tgdaya", "speaker": "謝美, Lubi Nomin, female, None", "collected": "None", "revised": "None", "video": "sdqNr-frog_lubi.mp3"}, "file": "Seediq_Tgdaya/sdqNr-frog_lubi", "num": 76}], [77, {"ori": [], "gloss": [["..", "", ""], ["sapah=na.\\", "house=3SG.GEN", "房子=3SG.屬格"]], "free": ["#e (The child) went out to hug his dog, (the two) playing and chasing each other to the back of the house.", "#c (小孩) 到外面去抱住他的狗，一面玩耍、一面追逐跑到屋後。"], "s_end": true, "iu_a_span": [152.1, 152.97], "meta": {"topic": "frog", "type": "Narrative", "language": "賽德克語, Seediq, Tgdaya", "speaker": "謝美, Lubi Nomin, female, None", "collected": "None", "revised": "None", "video": "sdqNr-frog_lubi.mp3"}, "s_a_span": [131.4, 152.97], "file": "Seediq_Tgdaya/sdqNr-frog_lubi", "num": 77}], [78, {"ori": [], "gloss": [["...(0.7)", "", ""], ["kika", "thus", "所以"], ["wa", "PROG", "進行"], ["m-usa", "AF-go", "主焦-去"], ["so", "be.like", "像"], ["uyung", "garden", "院子"], ["sapah=na", "house=3SG.GEN", "房子=3SG.屬格"], ["di", "PFV.PART", "完成.語助詞"], ["ma", "then", "然後"], ["waga", "PROG", "進行"], ["so", "be.like", "像"], ["a,\\", "FIL", "FIL"]], "free": [], "s_end": false, "iu_a_span": [152.97, 156.75], "meta": {"topic": "frog", "type": "Narrative", "language": "賽德克語, Seediq, Tgdaya", "speaker": "謝美, Lubi Nomin, female, None", "collected": "None", "revised": "None", "video": "sdqNr-frog_lubi.mp3"}, "file": "Seediq_Tgdaya/sdqNr-frog_lubi", "num": 78}], [79, {"ori": [], "gloss": [["...", "", ""], ["m-lawa", "AF-call", "主焦-叫"], ["ka==", "NOM", "主格"]], "free": [], "s_end": false, "iu_a_span": [156.75, 158.6], "meta": {"topic": "frog", "type": "Narrative", "language": "賽德克語, Seediq, Tgdaya", "speaker": "謝美, Lubi Nomin, female, None", "collected": "None", "revised": "None", "video": "sdqNr-frog_lubi.mp3"}, "file": "Seediq_Tgdaya/sdqNr-frog_lubi", "num": 79}], [80, {"ori": [], "gloss": [["...", "", ""], ["laqi", "child", "小孩"], ["nii", "this", "這個"], ["ma", "then", "然後"], ["wa", "PROG", "進行"], ["m--.\\", "FS", "FS"]], "free": [], "s_end": false, "iu_a_span": [158.6, 159.96], "meta": {"topic": "frog", "type": "Narrative", "language": "賽德克語, Seediq, Tgdaya", "speaker": "謝美, Lubi Nomin, female, None", "collected": "None", "revised": "None", "video": "sdqNr-frog_lubi.mp3"}, "file": "Seediq_Tgdaya/sdqNr-frog_lubi", "num": 80}], [81, {"ori": [], "gloss": [["..", "", ""], ["waga", "PROG", "進行"], ["naq", "self", "自己"], ["l<m>eun", "<AF>bark", "<主焦>吠"], ["m-lawa", "AF-call", "主焦-叫"], ["ka", "NOM", "主格"], ["huling", "dog", "狗"], ["nii", "this", "這個"], ["duri.\\", "also", "也"]], "free": ["#e As they go to the back of the house, the kid starts calling out, and the dog is also barking to call out.", "#c 來到了房子的後面呢，小孩便開始呼喊，小狗也跟著吠叫呼喊著。"], "s_end": true, "iu_a_span": [159.96, 162.76], "meta": {"topic": "frog", "type": "Narrative", "language": "賽德克語, Seediq, Tgdaya", "speaker": "謝美, Lubi Nomin, female, None", "collected": "None", "revised": "None", "video": "sdqNr-frog_lubi.mp3"}, "s_a_span": [152.97, 162.76], "file": "Seediq_Tgdaya/sdqNr-frog_lubi", "num": 81}], [82, {"ori": [], "gloss": [["...(2.4)", "", ""], ["kiyoko", "thus", "所以"], ["waga", "PROG", "進行"], ["m-usa", "AF-go", "主焦-去"], ["a,\\", "FIL", "FIL"]], "free": ["#n 此處kiyoko 應為kiya ka \"所以\"。", "#n 此處kiyoko 應為kiya ka \"所以\"。"], "s_end": false, "iu_a_span": [162.76, 166.59], "meta": {"topic": "frog", "type": "Narrative", "language": "賽德克語, Seediq, Tgdaya", "speaker": "謝美, Lubi Nomin, female, None", "collected": "None", "revised": "None", "video": "sdqNr-frog_lubi.mp3"}, "file": "Seediq_Tgdaya/sdqNr-frog_lubi", "num": 82}], [83, {"ori": [], "gloss": [["...", "", ""], ["m-ita", "AF-see", "主焦-看"], ["anu", "then", "然後"], ["ka", "KA", "KA"], ["wa", "PROG", "進行"], ["hu--.\\", "FS", "FS"]], "free": [], "s_end": false, "iu_a_span": [166.59, 168.42], "meta": {"topic": "frog", "type": "Narrative", "language": "賽德克語, Seediq, Tgdaya", "speaker": "謝美, Lubi Nomin, female, None", "collected": "None", "revised": "None", "video": "sdqNr-frog_lubi.mp3"}, "file": "Seediq_Tgdaya/sdqNr-frog_lubi", "num": 83}], [84, {"ori": [], "gloss": [["..", "", ""], ["m-ita", "AF-see", "主焦-看"], ["qhuni", "tree", "樹"], ["a==", "FIL", "FIL"]], "free": [], "s_end": false, "iu_a_span": [168.42, 169.84], "meta": {"topic": "frog", "type": "Narrative", "language": "賽德克語, Seediq, Tgdaya", "speaker": "謝美, Lubi Nomin, female, None", "collected": "None", "revised": "None", "video": "sdqNr-frog_lubi.mp3"}, "file": "Seediq_Tgdaya/sdqNr-frog_lubi", "num": 84}], [85, {"ori": [], "gloss": [["...", "", ""], ["so==", "be.like", "像"], ["a--,\\", "FS", "FS"]], "free": [], "s_end": false, "iu_a_span": [169.84, 170.91], "meta": {"topic": "frog", "type": "Narrative", "language": "賽德克語, Seediq, Tgdaya", "speaker": "謝美, Lubi Nomin, female, None", "collected": "None", "revised": "None", "video": "sdqNr-frog_lubi.mp3"}, "file": "Seediq_Tgdaya/sdqNr-frog_lubi", "num": 85}], [86, {"ori": [], "gloss": [["..", "", ""], ["so==,\\", "be.like", "像"]], "free": [], "s_end": false, "iu_a_span": [170.91, 171.68], "meta": {"topic": "frog", "type": "Narrative", "language": "賽德克語, Seediq, Tgdaya", "speaker": "謝美, Lubi Nomin, female, None", "collected": "None", "revised": "None", "video": "sdqNr-frog_lubi.mp3"}, "file": "Seediq_Tgdaya/sdqNr-frog_lubi", "num": 86}], [87, {"ori": [], "gloss": [["..", "", ""], ["tghngali.\\", "farther", "更遠"]], "free": [], "s_end": false, "iu_a_span": [171.68, 172.79], "meta": {"topic": "frog", "type": "Narrative", "language": "賽德克語, Seediq, Tgdaya", "speaker": "謝美, Lubi Nomin, female, None", "collected": "None", "revised": "None", "video": "sdqNr-frog_lubi.mp3"}, "file": "Seediq_Tgdaya/sdqNr-frog_lubi", "num": 87}], [88, {"ori": [], "gloss": [["..", "", ""], ["so", "be.like", "像"], ["sipo=na", "at.across=3SG.GEN", "對面=3SG.屬格"], ["sapah=na", "house=3SG.GEN", "房子=3SG.屬格"], ["ma,_", "then", "然後"]], "free": [], "s_end": false, "iu_a_span": [172.79, 174.78], "meta": {"topic": "frog", "type": "Narrative", "language": "賽德克語, Seediq, Tgdaya", "speaker": "謝美, Lubi Nomin, female, None", "collected": "None", "revised": "None", "video": "sdqNr-frog_lubi.mp3"}, "file": "Seediq_Tgdaya/sdqNr-frog_lubi", "num": 88}], [89, {"ori": [], "gloss": [["...", "", ""], ["waga", "PROG", "進行"], ["a==", "FIL", "FIL"]], "free": [], "s_end": false, "iu_a_span": [174.78, 176.06], "meta": {"topic": "frog", "type": "Narrative", "language": "賽德克語, Seediq, Tgdaya", "speaker": "謝美, Lubi Nomin, female, None", "collected": "None", "revised": "None", "video": "sdqNr-frog_lubi.mp3"}, "file": "Seediq_Tgdaya/sdqNr-frog_lubi", "num": 89}], [90, {"ori": [], "gloss": [["..", "", ""], ["niq-an", "be.at-LF", "在-處焦"], ["a==", "FIL", "FIL"]], "free": [], "s_end": false, "iu_a_span": [176.06, 176.92], "meta": {"topic": "frog", "type": "Narrative", "language": "賽德克語, Seediq, Tgdaya", "speaker": "謝美, Lubi Nomin, female, None", "collected": "None", "revised": "None", "video": "sdqNr-frog_lubi.mp3"}, "file": "Seediq_Tgdaya/sdqNr-frog_lubi", "num": 90}], [91, {"ori": [], "gloss": [["...", "", ""], ["qta-an=na", "see-LF=3SG.GEN", "看-處焦=3SG.屬格"], ["wa", "be.at-LF", "在-處焦"], ["niq-an", "one", "一個"], ["kingan", "FIL", "FIL"], ["a", "hole", "洞"], ["beling", "FS", "FS"], ["qhu--.\\", "", ""]], "free": [], "s_end": false, "iu_a_span": [176.92, 179.39], "meta": {"topic": "frog", "type": "Narrative", "language": "賽德克語, Seediq, Tgdaya", "speaker": "謝美, Lubi Nomin, female, None", "collected": "None", "revised": "None", "video": "sdqNr-frog_lubi.mp3"}, "file": "Seediq_Tgdaya/sdqNr-frog_lubi", "num": 91}], [92, {"ori": [], "gloss": [["..", "", ""], ["beling", "hole", "洞"], ["ka", "NOM", "主格"], ["qhuni", "tree", "樹"], ["nii", "this", "這個"], ["ma", "then", "然後在-處焦"], ["niq-an", "be.at-LF", "主格"], ["ka", "NOM", "像"], ["so", "be.like", "然後"], ["anu", "then", "KA"], ["ka,\\", "", ""]], "free": [], "s_end": false, "iu_a_span": [179.39, 182.26], "meta": {"topic": "frog", "type": "Narrative", "language": "賽德克語, Seediq, Tgdaya", "speaker": "謝美, Lubi Nomin, female, None", "collected": "None", "revised": "None", "video": "sdqNr-frog_lubi.mp3"}, "file": "Seediq_Tgdaya/sdqNr-frog_lubi", "num": 92}], [93, {"ori": [], "gloss": [["...", "", ""], ["anu", "then", "然後"], ["ka==", "KA", "KA"], ["rudu", "nest", "巢"], ["walu.\\", "bee", "蜜蜂"]], "free": ["#e Farther away, there was a tree right across from the house. There was a hole in the tree, where there was a beehive.", "#c 在更遠處，房子的對面有一棵樹。樹上有一個洞，裡面有顆蜂窩。"], "s_end": true, "iu_a_span": [182.26, 184.41], "meta": {"topic": "frog", "type": "Narrative", "language": "賽德克語, Seediq, Tgdaya", "speaker": "謝美, Lubi Nomin, female, None", "collected": "None", "revised": "None", "video": "sdqNr-frog_lubi.mp3"}, "s_a_span": [162.76, 184.41], "file": "Seediq_Tgdaya/sdqNr-frog_lubi", "num": 93}], [94, {"ori": [], "gloss": [["...(4.9)", "", ""], ["ma", "then", "然後"], ["kika", "thus", "所以"], ["laqi", "child", "小孩"], ["nii", "this", "這個"], ["daha.ka", "CONJ", "連接詞"], ["a==", "FIL", "FIL"]], "free": [], "s_end": false, "iu_a_span": [184.41, 191.98], "meta": {"topic": "frog", "type": "Narrative", "language": "賽德克語, Seediq, Tgdaya", "speaker": "謝美, Lubi Nomin, female, None", "collected": "None", "revised": "None", "video": "sdqNr-frog_lubi.mp3"}, "file": "Seediq_Tgdaya/sdqNr-frog_lubi", "num": 94}], [95, {"ori": [], "gloss": [["...", "", ""], ["anu", "then", "然後"], ["ka", "KA", "KA"], ["huling", "dog", "狗"], ["nii", "this", "這個"], ["de", "PART", "語助詞"], ["o", "FIL", "FIL"], ["m-osa", "AF-go", "主焦-去"], ["betaq", "AF.arrive", "主焦.到達"], ["so", "be.like", "像"], ["a,\\", "FIL", "FIL"]], "free": [], "s_end": false, "iu_a_span": [191.98, 194.95], "meta": {"topic": "frog", "type": "Narrative", "language": "賽德克語, Seediq, Tgdaya", "speaker": "謝美, Lubi Nomin, female, None", "collected": "None", "revised": "None", "video": "sdqNr-frog_lubi.mp3"}, "file": "Seediq_Tgdaya/sdqNr-frog_lubi", "num": 95}], [96, {"ori": [], "gloss": [["..", "", ""], ["pusu", "root", "根部"], ["qhuni", "tree", "樹"], ["di", "PFV.PART", "完成.語助詞"], ["ma,_", "then", "然後"]], "free": ["#e So the kid and the dog went to the root of the tree.", "#c 所以小孩和狗就前往，到達了樹根處。"], "s_end": true, "iu_a_span": [194.95, 196.27], "meta": {"topic": "frog", "type": "Narrative", "language": "賽德克語, Seediq, Tgdaya", "speaker": "謝美, Lubi Nomin, female, None", "collected": "None", "revised": "None", "video": "sdqNr-frog_lubi.mp3"}, "s_a_span": [184.41, 196.27], "file": "Seediq_Tgdaya/sdqNr-frog_lubi", "num": 96}], [97, {"ori": [], "gloss": [["...", "", ""], ["gaga", "PROG", "進行"], ["m-usa", "AF-go", "主焦-去"], ["m-ita,\\", "AF-see", "主焦-看"]], "free": [], "s_end": false, "iu_a_span": [196.27, 197.88], "meta": {"topic": "frog", "type": "Narrative", "language": "賽德克語, Seediq, Tgdaya", "speaker": "謝美, Lubi Nomin, female, None", "collected": "None", "revised": "None", "video": "sdqNr-frog_lubi.mp3"}, "file": "Seediq_Tgdaya/sdqNr-frog_lubi", "num": 97}], [98, {"ori": [], "gloss": [["..", "", ""], ["anu", "then", "然後"], ["ka,_", "KA", "KA"]], "free": [], "s_end": false, "iu_a_span": [197.88, 198.71], "meta": {"topic": "frog", "type": "Narrative", "language": "賽德克語, Seediq, Tgdaya", "speaker": "謝美, Lubi Nomin, female, None", "collected": "None", "revised": "None", "video": "sdqNr-frog_lubi.mp3"}, "file": "Seediq_Tgdaya/sdqNr-frog_lubi", "num": 98}], [99, {"ori": [], "gloss": [["..", "", ""], ["so", "be.like", "像"], ["rudu", "nest", "巢"], ["a", "FIL", "FIL"], ["^walu.\\", "bee", "蜜蜂"]], "free": [], "s_end": false, "iu_a_span": [198.71, 200.4], "meta": {"topic": "frog", "type": "Narrative", "language": "賽德克語, Seediq, Tgdaya", "speaker": "謝美, Lubi Nomin, female, None", "collected": "None", "revised": "None", "video": "sdqNr-frog_lubi.mp3"}, "file": "Seediq_Tgdaya/sdqNr-frog_lubi", "num": 99}]], "meta": {"topic": "frog", "type": "Narrative", "language": "賽德克語, Seediq, Tgdaya", "speaker": "謝美, Lubi Nomin, female, None", "collected": "None", "revised": "None", "video": "sdqNr-frog_lubi.mp3"}}