{"glosses": [[1, {"ori": [], "gloss": [["...", "", ""], ["a==", "FIL", "FIL"], ["yaku", "1SG", "ISG"], ["a==", "FIL", "FIL"], ["m-p-prengo=ku", "FUT.AF-AF-tell=1SG.NOM", "未來.主焦-主焦-說=1SG.主格"], ["saya", "now", "現在"], ["so", "be.like", "像"], ["nda-an=mu", "pass-LF=1SG.GEN", "經過-受焦=1SG.屬格"], ["a,==_", "FIL", "FIL"]], "free": ["#n 此處mpprengo為口誤，應為mprengo \"即將說、將要說\"。pprengo\"說/談話/聊天\"", "#n so 表後面的名詞沒有特定所指，說者不確定。功用為表\"像\"、\"例如\"、\"舉例\"。", "#n ndaan詞根為oda \"經過\"。m-<n>oda=ku elu gaga meyah hini 我來這裡是經過那條路。", "#e Now, I would like to talk about my experience.", "#c 今天呢，我要來說說我的經歷。", "#n 此處mpprengo為口誤，應為mprengo \"即將說、將要說\"。pprengo\"說/談話/聊天\"", "#n so 表後面的名詞沒有特定所指，說者不確定。功用為表\"像\"、\"例如\"、\"舉例\"。", "#n ndaan詞根為oda \"經過\"。m-&lt;n&gt;oda=ku elu gaga meyah hini 我來這裡是經過那條路。"], "s_end": true, "iu_a_span": [51.03, 54.91], "meta": {"topic": "childhood", "type": "Narrative", "language": "賽德克語, Seediq, Tgdaya", "speaker": "周玉英, Micang Tado, female, 1942-?-?", "collected": "2007-05-26", "revised": "2013-11-20", "video": "sdqNr-childhood_micang.mp3"}, "s_a_span": [51.03, 54.91], "file": "Seediq_Tgdaya/sdqNr-childhood_micang", "num": 1}], [2, {"ori": [], "gloss": [["so", "be.like", "像"], ["s-biciq", "S-AF.little", "S-主焦.小"], ["cbeyo", "past", "以前"], ["a,==,_", "FIL", "FIL"]], "free": ["#n uka basu ka cbeyo \"以前沒有公車\"。", "#n uka basu ka cbeyo \"以前沒有公車\"。"], "s_end": false, "iu_a_span": [54.91, 56.51], "meta": {"topic": "childhood", "type": "Narrative", "language": "賽德克語, Seediq, Tgdaya", "speaker": "周玉英, Micang Tado, female, 1942-?-?", "collected": "2007-05-26", "revised": "2013-11-20", "video": "sdqNr-childhood_micang.mp3"}, "file": "Seediq_Tgdaya/sdqNr-childhood_micang", "num": 2}], [3, {"ori": [], "gloss": [["..", "", ""], ["a==", "FIL", "FIL"], ["kndalax=ku", "AF.from=1SG.NOM", "主焦.從-1SG.主格"], ["so", "be.like", "像"], ["nakahara", "PN", "地名"], ["<L2JyonenseL2J>=ku", "forth.grade=1SG.NOM", "四年級=1SG.主格"], ["a==,\\", "FIL", "FIL"]], "free": ["#n kndlax-un \"從-受焦\"。kndlax-i kiya phuma \"你們從那裏種\"。", "#n Nakahara為\"中原部落\"。", "#n kndlax-un \"從-受焦\"。kndlax-i kiya phuma \"你們從那裏種\"。", "#n Nakahara為\"中原部落\"。"], "s_end": false, "iu_a_span": [56.51, 60.34], "meta": {"topic": "childhood", "type": "Narrative", "language": "賽德克語, Seediq, Tgdaya", "speaker": "周玉英, Micang Tado, female, 1942-?-?", "collected": "2007-05-26", "revised": "2013-11-20", "video": "sdqNr-childhood_micang.mp3"}, "file": "Seediq_Tgdaya/sdqNr-childhood_micang", "num": 3}], [4, {"ori": [], "gloss": [["m-eyah", "AF-come", "主焦-來"], ["kndalax", "from", "從"], ["nakahara", "PN", "地名"], ["m-eyah=ku", "AF-come=1SG.NOM", "主焦-來=1SG.主格"], ["alang", "tribe", "部落"], ["tongan", "PN", "地名"], ["hini.\\", "here", "這裡"]], "free": ["#n Tongan 為\"眉溪部落\"。", "#e In the past, as a child, I had come from Nakahara-- I was in the fourth grade then-- and came to Tongan here.", "#c 過去，我小時候呢，四年級時就從中原部落來到眉溪部落這裡。", "#n Tongan 為\"眉溪部落\"。"], "s_end": true, "iu_a_span": [60.34, 62.88], "meta": {"topic": "childhood", "type": "Narrative", "language": "賽德克語, Seediq, Tgdaya", "speaker": "周玉英, Micang Tado, female, 1942-?-?", "collected": "2007-05-26", "revised": "2013-11-20", "video": "sdqNr-childhood_micang.mp3"}, "s_a_span": [54.91, 62.88], "file": "Seediq_Tgdaya/sdqNr-childhood_micang", "num": 4}], [5, {"ori": [], "gloss": [["..", "", ""], ["a==", "FIL", "FIL"], ["mesa", "AF.say", "主焦.說"], ["ka", "NOM", "主格"], ["tamabubu=mu", "father.mother=1SG.GEN", "父親.母親=1SG.屬格"], ["a,_", "FIL", "FIL"]], "free": ["#n mesa為\"說話\"，pprengo為\"談話\"。", "#n mesa為\"說話\"，pprengo為\"談話\"。"], "s_end": false, "iu_a_span": [62.88, 65.94], "meta": {"topic": "childhood", "type": "Narrative", "language": "賽德克語, Seediq, Tgdaya", "speaker": "周玉英, Micang Tado, female, 1942-?-?", "collected": "2007-05-26", "revised": "2013-11-20", "video": "sdqNr-childhood_micang.mp3"}, "file": "Seediq_Tgdaya/sdqNr-childhood_micang", "num": 5}], [6, {"ori": [], "gloss": [["uN==", "FIL", "FIL"], ["nita", "let's.go", "我們走"], ["tongan", "PN", "地名"], ["da", "PART", "語助詞"], ["gaga", "EXIST", "存在"], ["hii", "there", "那裡"], ["kana", "all", "全部"], ["ka", "NOM", "主格"], ["so", "be.like", "像"], ["dheran=ta", "dirt=1IPL.GEN", "泥土=1IPL.屬格"], ["ma==,\\", "then", "然後"]], "free": ["#n dheran原意指\"泥土\"，此處引申為\"土地\"。", "#n dheran原意指\"泥土\"，此處引申為\"土地\"。"], "s_end": false, "iu_a_span": [65.94, 70.73], "meta": {"topic": "childhood", "type": "Narrative", "language": "賽德克語, Seediq, Tgdaya", "speaker": "周玉英, Micang Tado, female, 1942-?-?", "collected": "2007-05-26", "revised": "2013-11-20", "video": "sdqNr-childhood_micang.mp3"}, "file": "Seediq_Tgdaya/sdqNr-childhood_micang", "num": 6}], [7, {"ori": [], "gloss": [["..", "", ""], ["a==", "FIL", "FIL"], ["iya=ta", "NEG=1PL.GEN", "否定=1IPL.屬格"], ["eniq", "be.at", "在"], ["anu", "then", "然後"], ["ka", "KA", "KA"], ["naka--", "FS", "FS"]], "free": [], "s_end": false, "iu_a_span": [70.73, 73.42], "meta": {"topic": "childhood", "type": "Narrative", "language": "賽德克語, Seediq, Tgdaya", "speaker": "周玉英, Micang Tado, female, 1942-?-?", "collected": "2007-05-26", "revised": "2013-11-20", "video": "sdqNr-childhood_micang.mp3"}, "file": "Seediq_Tgdaya/sdqNr-childhood_micang", "num": 7}], [8, {"ori": [], "gloss": [["nakahara", "PN", "地名"], ["hini", "here", "這裡"], ["de", "PART", "語助詞"], ["uka", "EXIST.NEG", "存在.否定"], ["a==,\\", "FIL", "FIL"]], "free": [], "s_end": false, "iu_a_span": [73.42, 75.35], "meta": {"topic": "childhood", "type": "Narrative", "language": "賽德克語, Seediq, Tgdaya", "speaker": "周玉英, Micang Tado, female, 1942-?-?", "collected": "2007-05-26", "revised": "2013-11-20", "video": "sdqNr-childhood_micang.mp3"}, "file": "Seediq_Tgdaya/sdqNr-childhood_micang", "num": 8}], [9, {"ori": [], "gloss": [["..", "", ""], ["uka", "EXIST.NEG", "存在.否定"], ["phma-an", "plant-LF", "植種-處焦"], ["bunga", "sweet.potato", "番薯"], ["mesa", "AF.say", "主焦.說"], ["to", "all", "都"], ["qahur", "gravelly", "多礫石"], ["mesa", "AF.say", "主焦.說"], ["to", "all", "都"], ["btunux", "stone", "石頭"], ["ka", "NOM", "主格"], ["nakahara", "PN", "地名"], ["mesa", "AF.say", "主焦.說"], ["ma==,\\", "then", "然後"]], "free": ["#e So my parents said: \"Let's go to Tongan! All our land is over there! Let's not stay in Nakahara here. There's no place for us to plant sweet potatoes, because the land is infertile.\"", "#c 我的父母就說：\"我們到眉溪吧！我們的土地都在那邊！我們別留在中原這裡了！中原這裡沒有地方種植地瓜，因為土地很貧瘠。\"", "#n to可能為tnugiyo之縮減。tnugiyo mqedil ka laqi na \"他的小孩都是女生。\"", "#n qahur原意指\"多礫石\"，此處引申為土地貧瘠無法種植作物。"], "s_end": true, "iu_a_span": [75.35, 80.61], "meta": {"topic": "childhood", "type": "Narrative", "language": "賽德克語, Seediq, Tgdaya", "speaker": "周玉英, Micang Tado, female, 1942-?-?", "collected": "2007-05-26", "revised": "2013-11-20", "video": "sdqNr-childhood_micang.mp3"}, "s_a_span": [62.88, 80.61], "file": "Seediq_Tgdaya/sdqNr-childhood_micang", "num": 9}], [10, {"ori": [], "gloss": [["..", "", ""], ["kika", "thus", "所以"], ["m-eyah=miyan", "AF-come-1EPL.NOM", "主焦-來-1EPL.主焦"], ["tongan", "PN", "地名"], ["hini", "here", "這裡"], ["di", "PFV.PART", "完成.語助詞"], ["ma", "then", "然後"], ["m-eyah=miyan", "AF-come=1EPL.NOM", "主焦-來=1EPL.主格"], ["nanaq", "self", "自己"], ["a==,\\", "FIL", "FIL"]], "free": ["#e So we came down to Tongan here, and we came on our own.", "#c 所以我們就來到眉溪這邊，我們就自己來了。"], "s_end": true, "iu_a_span": [80.61, 84.29], "meta": {"topic": "childhood", "type": "Narrative", "language": "賽德克語, Seediq, Tgdaya", "speaker": "周玉英, Micang Tado, female, 1942-?-?", "collected": "2007-05-26", "revised": "2013-11-20", "video": "sdqNr-childhood_micang.mp3"}, "s_a_span": [80.61, 84.29], "file": "Seediq_Tgdaya/sdqNr-childhood_micang", "num": 10}], [11, {"ori": [], "gloss": [["..", "", ""], ["uN==", "FIL", "FIL"], ["anu", "then", "然後"], ["ka", "KA", "KA"], ["k<m>eepah", "<AF>work", "<主焦>工作"], ["dheran=nami", "dirt=1EPL.GEN", "泥土=1EPL.屬格"], ["di.\\", "PFV.PART", "完成.語助詞"]], "free": ["#e Then we worked on our own land.", "#c 然後我們在我們自己的土地上工作了。"], "s_end": true, "iu_a_span": [84.29, 87.53], "meta": {"topic": "childhood", "type": "Narrative", "language": "賽德克語, Seediq, Tgdaya", "speaker": "周玉英, Micang Tado, female, 1942-?-?", "collected": "2007-05-26", "revised": "2013-11-20", "video": "sdqNr-childhood_micang.mp3"}, "s_a_span": [84.29, 87.53], "file": "Seediq_Tgdaya/sdqNr-childhood_micang", "num": 11}], [12, {"ori": [], "gloss": [["..", "", ""], ["kika,_", "then", "然後"]], "free": [], "s_end": false, "iu_a_span": [87.53, 88.65], "meta": {"topic": "childhood", "type": "Narrative", "language": "賽德克語, Seediq, Tgdaya", "speaker": "周玉英, Micang Tado, female, 1942-?-?", "collected": "2007-05-26", "revised": "2013-11-20", "video": "sdqNr-childhood_micang.mp3"}, "file": "Seediq_Tgdaya/sdqNr-childhood_micang", "num": 12}], [13, {"ori": [], "gloss": [["..", "", ""], ["mesa", "AF.say", "主焦.說"], ["ka", "NOM", "主格"], ["bubu=mu.\\", "mother=1SG.GEN", "母親=1SG.屬格"]], "free": [], "s_end": false, "iu_a_span": [88.65, 90.09], "meta": {"topic": "childhood", "type": "Narrative", "language": "賽德克語, Seediq, Tgdaya", "speaker": "周玉英, Micang Tado, female, 1942-?-?", "collected": "2007-05-26", "revised": "2013-11-20", "video": "sdqNr-childhood_micang.mp3"}, "file": "Seediq_Tgdaya/sdqNr-childhood_micang", "num": 13}], [14, {"ori": [], "gloss": [["..", "", ""], ["a==", "FIL", "FIL"]], "free": [], "s_end": false, "iu_a_span": [90.09, 90.87], "meta": {"topic": "childhood", "type": "Narrative", "language": "賽德克語, Seediq, Tgdaya", "speaker": "周玉英, Micang Tado, female, 1942-?-?", "collected": "2007-05-26", "revised": "2013-11-20", "video": "sdqNr-childhood_micang.mp3"}, "file": "Seediq_Tgdaya/sdqNr-childhood_micang", "num": 14}], [15, {"ori": [], "gloss": [["..", "", ""], ["a", "FIL", "FIL"], ["micang", "PN", "人名"], ["sa==", "go", "去"], ["as--", "FS", "FS"], ["a=ta", "go.LF.IRR=1PL.NOM", "去.處焦.非實現=1PL.主格"], ["m-huma", "AF-plant", "主焦-種植"], ["bunga", "sweet.potato", "番薯"], ["ho", "PART", "語助詞"], ["sa", "say", "說"], ["a==,_", "FIL", "FIL"]], "free": ["#n 此處a=ta 應為 sa-e=ta (go-LV.IRR) 或sa-o=ta (go-PV.IRR)之縮減。", "#n 此處a=ta 應為 sa-e=ta (go-LV.IRR) 或sa-o=ta (go-PV.IRR)之縮減。"], "s_end": false, "iu_a_span": [90.87, 94.83], "meta": {"topic": "childhood", "type": "Narrative", "language": "賽德克語, Seediq, Tgdaya", "speaker": "周玉英, Micang Tado, female, 1942-?-?", "collected": "2007-05-26", "revised": "2013-11-20", "video": "sdqNr-childhood_micang.mp3"}, "file": "Seediq_Tgdaya/sdqNr-childhood_micang", "num": 15}], [16, {"ori": [], "gloss": [["..", "", ""], ["dm--", "FS", "FS"], ["a==,_", "FIL", "FIL"]], "free": [], "s_end": false, "iu_a_span": [94.83, 95.74], "meta": {"topic": "childhood", "type": "Narrative", "language": "賽德克語, Seediq, Tgdaya", "speaker": "周玉英, Micang Tado, female, 1942-?-?", "collected": "2007-05-26", "revised": "2013-11-20", "video": "sdqNr-childhood_micang.mp3"}, "file": "Seediq_Tgdaya/sdqNr-childhood_micang", "num": 16}], [17, {"ori": [], "gloss": [["..", "", ""], ["sbsaw-an", "breeze-LV", "微風-處焦"], ["da.\\", "PART", "語助詞"]], "free": ["#n sbsaw-an 意指多風可乘涼之處。引申表氣候較溫和的時間(約二、三月)。", "#n sbsawan可能與s-bgihun \"起風\" 與 bgihun \"風\" 相關。", "#n sbsaw-an 意指多風可乘涼之處。引申表氣候較溫和的時間(約二、三月)。", "#n sbsawan可能與s-bgihun \"起風\" 與 bgihun \"風\" 相關。"], "s_end": false, "iu_a_span": [95.74, 96.87], "meta": {"topic": "childhood", "type": "Narrative", "language": "賽德克語, Seediq, Tgdaya", "speaker": "周玉英, Micang Tado, female, 1942-?-?", "collected": "2007-05-26", "revised": "2013-11-20", "video": "sdqNr-childhood_micang.mp3"}, "file": "Seediq_Tgdaya/sdqNr-childhood_micang", "num": 17}], [18, {"ori": [], "gloss": [["..", "", ""], ["ha=ta", "go.LF.IRR=1IPL.GEN", "去.處焦.非實現=1IPL.屬格"], ["m-huma", "AF-plant", "主焦-植種"], ["bunga", "sweet.poteto", "甘藷"], ["si", "say", "說"], ["ma==,\\", "then", "然後"]], "free": ["#e Then, my mother said: \"Micang, let's go plant some sweet potatoes!\" The weather's cooler now, and let's go plant sweet potatoes, she sai.\"", "#c 然後，我媽媽說：\"Micang, 我們去種地瓜吧！\" 天氣已經較溫和了，我們來種地瓜吧，她說。", "#n 此處ha=ta應為 sa-e=ta (go-LV.IRR) 或sa-o=ta (go-PV.IRR)之縮減。", "#n 句末 si 為表該命題非說者自己的說詞，而是經由別人口中說出。"], "s_end": true, "iu_a_span": [96.87, 98.75], "meta": {"topic": "childhood", "type": "Narrative", "language": "賽德克語, Seediq, Tgdaya", "speaker": "周玉英, Micang Tado, female, 1942-?-?", "collected": "2007-05-26", "revised": "2013-11-20", "video": "sdqNr-childhood_micang.mp3"}, "s_a_span": [87.53, 98.75], "file": "Seediq_Tgdaya/sdqNr-childhood_micang", "num": 18}], [19, {"ori": [], "gloss": [["..", "", ""], ["ini=ku", "NEG=1SG.NOM", "否定-1SG.主格"], ["kela", "know", "知道"], ["m-huma", "AF-plant", "主焦-植種"], ["bunga", "sweet.potato", "番薯"], ["m-apa=ku", "AF-carry.on.back=1SG.NOM", "主焦-背=1SG.主格"], ["b==ruru", "basket", "背簍"], ["ma,\\", "then", "然後"]], "free": ["#e I didn't know how to plant sweet potatoes, and I was carrying a basket on my back.", "#c 我不會種番薯，而我用背扛著背簍。", "#n bruru專指女用背簍。", "#n mapa專指以背扛重物。若是以肩膀扛則是mheya。"], "s_end": true, "iu_a_span": [98.75, 101.82], "meta": {"topic": "childhood", "type": "Narrative", "language": "賽德克語, Seediq, Tgdaya", "speaker": "周玉英, Micang Tado, female, 1942-?-?", "collected": "2007-05-26", "revised": "2013-11-20", "video": "sdqNr-childhood_micang.mp3"}, "s_a_span": [98.75, 101.82], "file": "Seediq_Tgdaya/sdqNr-childhood_micang", "num": 19}], [20, {"ori": [], "gloss": [["..", "", ""], ["asi=mu", "immediately=1SG.GEN", "立即=1SG.屬格"], ["ha-i", "go-PF.IRR", "去-受焦.非實現"], ["r<m>emux", "<AF>stick.in", "<主焦>塞"], ["daha", "two", "二"], ["ka", "NOM", "主格"], ["bung--", "FS", "FS"], ["a==", "FIL", "FIL"], ["waso", "sweet.potato.rattan", "地瓜藤"], ["ma", "then", "然後"], ["rima", "five", "五"], ["ka", "NOM", "主格"], ["waso", "sweet.potato.rattan", "地瓜藤"], ["m-<n>enaq", "<PFV>AF-be.at", "<完成>主焦-在"], ["bruru", "basket", "背籃"], ["di", "PFV.PART", "完成.語助詞"], ["ma,\\", "then", "然後"]], "free": ["#e I immediately stick (into the dirt) a couple of sweet potato rattans which were in the basket.", "#c 我馬上迅速地塞了幾根籃子裡的蕃薯藤(到土裡)。", "#n asi為\"立刻\"之意，其動詞補語必須為非實現貌。asi=ku (*m-)osa。", "#n rmemux為\"塞進去(種植)\"之意。", "#n wahin/wahil為蕃薯藤的別種說法。"], "s_end": true, "iu_a_span": [101.82, 107.02], "meta": {"topic": "childhood", "type": "Narrative", "language": "賽德克語, Seediq, Tgdaya", "speaker": "周玉英, Micang Tado, female, 1942-?-?", "collected": "2007-05-26", "revised": "2013-11-20", "video": "sdqNr-childhood_micang.mp3"}, "s_a_span": [101.82, 107.02], "file": "Seediq_Tgdaya/sdqNr-childhood_micang", "num": 20}], [21, {"ori": [], "gloss": [["..", "", ""], ["m-he==du=ku", "AF-finish=1SG.NOM", "主焦-結束=1SG.主格"], ["di", "PFV.PART", "完成.語助詞"], ["bubu", "mother", "母親"], ["kes-un=mu.\\", "say-PF=1SG.GEN", "說-受焦=1SG.屬格"]], "free": ["#e \"Mom, I have finished planting!\" I said.", "#c 我說，「媽媽!我種完啦！」"], "s_end": true, "iu_a_span": [107.02, 108.97], "meta": {"topic": "childhood", "type": "Narrative", "language": "賽德克語, Seediq, Tgdaya", "speaker": "周玉英, Micang Tado, female, 1942-?-?", "collected": "2007-05-26", "revised": "2013-11-20", "video": "sdqNr-childhood_micang.mp3"}, "s_a_span": [107.02, 108.97], "file": "Seediq_Tgdaya/sdqNr-childhood_micang", "num": 21}], [22, {"ori": [], "gloss": [["..", "", ""], ["m-^osa", "AF-go", "主焦-去"], ["kus--", "FS", "FS"], ["m-^osa", "AF-go", "主焦-去"], ["m-eyah", "AF-come", "主焦-來"], ["m-ita", "AF-see", "主焦-看"], ["bubu=mu.\\", "mother=1SG.GEN", "母親=1SG.屬格"]], "free": ["#e Then my mother came to see.", "#c 接著媽媽來看"], "s_end": true, "iu_a_span": [108.97, 112.04], "meta": {"topic": "childhood", "type": "Narrative", "language": "賽德克語, Seediq, Tgdaya", "speaker": "周玉英, Micang Tado, female, 1942-?-?", "collected": "2007-05-26", "revised": "2013-11-20", "video": "sdqNr-childhood_micang.mp3"}, "s_a_span": [108.97, 112.04], "file": "Seediq_Tgdaya/sdqNr-childhood_micang", "num": 22}], [23, {"ori": [], "gloss": [["ga", "EXIST", "存在"], ["^inu", "where", "那裡"], ["ma=su", "why=2SG.NOM", "怎麼-2SG.主格"], ["wada", "PST", "過去"], ["qdey-un", "finish-PF", "完成-受焦"], ["r<m>eus", "<AF>bury", "<主焦>掩埋"], ["^kana", "all", "全部"], ["ka==,\\", "NOM", "主格"]], "free": [], "s_end": false, "iu_a_span": [112.04, 115.51], "meta": {"topic": "childhood", "type": "Narrative", "language": "賽德克語, Seediq, Tgdaya", "speaker": "周玉英, Micang Tado, female, 1942-?-?", "collected": "2007-05-26", "revised": "2013-11-20", "video": "sdqNr-childhood_micang.mp3"}, "file": "Seediq_Tgdaya/sdqNr-childhood_micang", "num": 23}], [24, {"ori": [], "gloss": [["..", "", ""], ["wahin", "rattan", "藤"], ["bunga", "sweet.potato", "甘藷"], ["nii", "this", "這個"], ["di", "PFV.PART", "完成.語助詞"], ["si", "say", "說"], ["ma,\\", "then", "然後"]], "free": ["#e \"What? How come you burried all these sweet potato rattans?\", she said.", "#c 她說：「什麼？你怎麼把所有的地瓜枝葉全給掩埋啦？」", "#n 此處ma應為 malux \"為何\"之縮減形式。"], "s_end": true, "iu_a_span": [115.51, 117.42], "meta": {"topic": "childhood", "type": "Narrative", "language": "賽德克語, Seediq, Tgdaya", "speaker": "周玉英, Micang Tado, female, 1942-?-?", "collected": "2007-05-26", "revised": "2013-11-20", "video": "sdqNr-childhood_micang.mp3"}, "s_a_span": [112.04, 117.42], "file": "Seediq_Tgdaya/sdqNr-childhood_micang", "num": 24}], [25, {"ori": [], "gloss": [["..", "", ""], ["ma", "then", "然後"], ["^te==ru", "three", "三"], ["ba", "real", "真的"], ["p<n>hma-an=su", "<PFV>plant-LF=2SG.GEN", "<完成>植種-處格=2SG.屬格"], ["gheti", "broad", "廣闊"], ["wa", "PART", "語助詞"], ["nda-an", "pass-LF", "經過-受焦"], ["kingan", "one", "一"], ["bruru", "basket", "背簍"], ["biciq", "AF.small", "主焦.小"], ["nii", "this", "這個"], ["mesa", "AF.say", "主焦.說"], ["ka", "NOM", "主格"], ["bubu=mu", "mother=1SG.GEN", "母親=1SG.屬格"], ["ma.\\", "then", "然後"]], "free": ["#e \"Only three? You can actually plant a broad area with (the rattans in) this one basket!\", my mother said.", "#c 她說著：「妳怎麼只有種三(棵)呀？這個小背簍(裡的番薯藤)妳是可以種很大一片地的！」", "#n 此處ba應為bale\"真的\"之縮減。此處譯為\"僅僅\"。"], "s_end": true, "iu_a_span": [117.42, 122.29], "meta": {"topic": "childhood", "type": "Narrative", "language": "賽德克語, Seediq, Tgdaya", "speaker": "周玉英, Micang Tado, female, 1942-?-?", "collected": "2007-05-26", "revised": "2013-11-20", "video": "sdqNr-childhood_micang.mp3"}, "s_a_span": [117.42, 122.29], "file": "Seediq_Tgdaya/sdqNr-childhood_micang", "num": 25}], [26, {"ori": [], "gloss": [["..", "", ""], ["^usa", "AF.go", "主焦.去"], ["da", "PART", "語助詞"], ["usa", "AF.go", "主焦.去"], ["sapah", "home", "家"], ["di", "PFV.PART", "完成.語助詞"], ["ini=su", "NEG=2SG.GEN", "否定-2SG.屬格"], ["kela==,_", "know", "主焦.知道"]], "free": ["#n kela/mkela(AF)/klaun(PF) \"知道、會\"。", "#n kela/mkela(AF)/klaun(PF) \"知道、會\"。"], "s_end": false, "iu_a_span": [122.29, 124.57], "meta": {"topic": "childhood", "type": "Narrative", "language": "賽德克語, Seediq, Tgdaya", "speaker": "周玉英, Micang Tado, female, 1942-?-?", "collected": "2007-05-26", "revised": "2013-11-20", "video": "sdqNr-childhood_micang.mp3"}, "file": "Seediq_Tgdaya/sdqNr-childhood_micang", "num": 26}], [27, {"ori": [], "gloss": [["ini=su", "NEG-2SG.GEN", "否定-2SG.屬格"], ["kela==", "know", "主焦.知道"], ["m-huma", "AF-plant", "主焦-植種"], ["bunga.\\", "sweet.potato", "甘藷"]], "free": ["#e \"Go! Go home now! You don't know how to plant sweet potatoes!\"", "#c 「走! 回家吧! 妳不會種番薯啦!」"], "s_end": true, "iu_a_span": [124.57, 126.09], "meta": {"topic": "childhood", "type": "Narrative", "language": "賽德克語, Seediq, Tgdaya", "speaker": "周玉英, Micang Tado, female, 1942-?-?", "collected": "2007-05-26", "revised": "2013-11-20", "video": "sdqNr-childhood_micang.mp3"}, "s_a_span": [122.29, 126.09], "file": "Seediq_Tgdaya/sdqNr-childhood_micang", "num": 27}], [28, {"ori": [], "gloss": [["m-eyah=ku", "AF-come=1SG.NOM", "主焦-來=1SG.主格"], ["sap--", "FS", "FS"], ["m-eyah=ku", "AF-come=1SG.NOM", "主焦-來=1SG.主格"], ["sapah", "house", "家屋"], ["di", "PFV.PART", "完成.語助詞"], ["ma,\\", "then", "然後"]], "free": ["#e So I came home.", "#c 我就回家了。"], "s_end": true, "iu_a_span": [126.09, 127.67], "meta": {"topic": "childhood", "type": "Narrative", "language": "賽德克語, Seediq, Tgdaya", "speaker": "周玉英, Micang Tado, female, 1942-?-?", "collected": "2007-05-26", "revised": "2013-11-20", "video": "sdqNr-childhood_micang.mp3"}, "s_a_span": [126.09, 127.67], "file": "Seediq_Tgdaya/sdqNr-childhood_micang", "num": 28}], [29, {"ori": [], "gloss": [["..", "", ""], ["m-usa=ku", "AF-go=1SG.NOM", "主焦-去-1SG.主格"], ["pure", "AF.cook", "主焦.煮"], ["^ido", "rice", "飯"], ["wa", "PART", "完成.語助詞"], ["di", "PFV.PART", "然後"], ["ma", "then", "主焦.煮"], ["pure", "AF.cook", "飯"], ["ido", "rice", "泥濘"], ["rumu", "mud", "飯"], ["wa==", "PART", "小米"], ["ido", "", ""], ["macu.\\", "", ""]], "free": ["#e So I went rice cooking, and I cooked porridge, millet prridge.", "#c 我就去煮飯了，我煮稀飯，小米粥。", "#n pure/mpure(AF)/phupure(AF.FUT)/pra(y)un(PF): \"煮\"。", "#n rumu為沼澤地、泥濘的土之意。此處ido rumu指\"稀飯\"。"], "s_end": true, "iu_a_span": [127.67, 131.88], "meta": {"topic": "childhood", "type": "Narrative", "language": "賽德克語, Seediq, Tgdaya", "speaker": "周玉英, Micang Tado, female, 1942-?-?", "collected": "2007-05-26", "revised": "2013-11-20", "video": "sdqNr-childhood_micang.mp3"}, "s_a_span": [127.67, 131.88], "file": "Seediq_Tgdaya/sdqNr-childhood_micang", "num": 29}], [30, {"ori": [], "gloss": [["...", "", ""], ["ma", "then", "然後"], ["pure=ku", "cook=1SG.NOM", "煮=1SG.主格"], ["di", "PFV.PART", "完成.語助詞"], ["ma._", "then", "然後"]], "free": ["#e So I cooked.", "#c 我就煮啦。"], "s_end": true, "iu_a_span": [131.88, 134.04], "meta": {"topic": "childhood", "type": "Narrative", "language": "賽德克語, Seediq, Tgdaya", "speaker": "周玉英, Micang Tado, female, 1942-?-?", "collected": "2007-05-26", "revised": "2013-11-20", "video": "sdqNr-childhood_micang.mp3"}, "s_a_span": [131.88, 134.04], "file": "Seediq_Tgdaya/sdqNr-childhood_micang", "num": 30}], [31, {"ori": [], "gloss": [["...", "", ""], ["inu", "where", "哪裡"], ["dung", "again", "又"], ["sqer-un", "burn-PF", "燒焦-受焦"], ["dung", "again", "又"], ["ido", "rice", "飯"], ["m--", "FS", "FS"], ["ido=mu", "rice=1SG.GEN", "飯=1SG.屬格"], ["macu", "millet", "小米"], ["ma", "then", "然後"]], "free": ["#e But, I don't know why, again my millet was burned!", "#c 可怎麼知道我又燒焦了我的小米。", "#n inu dung(-an) 原意為\"哪裡、又\"，此處為固定用法，表說者對該句存有負面的態度，可譯為\"怎麼知道/我哪知道?/哪裡想得到?\"。"], "s_end": true, "iu_a_span": [134.04, 137.76], "meta": {"topic": "childhood", "type": "Narrative", "language": "賽德克語, Seediq, Tgdaya", "speaker": "周玉英, Micang Tado, female, 1942-?-?", "collected": "2007-05-26", "revised": "2013-11-20", "video": "sdqNr-childhood_micang.mp3"}, "s_a_span": [134.04, 137.76], "file": "Seediq_Tgdaya/sdqNr-childhood_micang", "num": 31}], [32, {"ori": [], "gloss": [["yah-un=ku=na", "come-PF=1SG.NOM=3SG.GEN", "來-受焦=1SG.NOM=3SG.屬格"], ["m-seyang", "AF-angry", "主焦-生氣"], ["dung", "again", "又"], ["bubu=mu.\\", "mother=1SG.GEN", "母親=1SG.屬格"]], "free": ["#e Again, my mother came to me angry.", "#c 我媽媽又回來對我生氣。", "#n mseyang可譯為\"生氣、罵\"。"], "s_end": true, "iu_a_span": [137.76, 139.61], "meta": {"topic": "childhood", "type": "Narrative", "language": "賽德克語, Seediq, Tgdaya", "speaker": "周玉英, Micang Tado, female, 1942-?-?", "collected": "2007-05-26", "revised": "2013-11-20", "video": "sdqNr-childhood_micang.mp3"}, "s_a_span": [137.76, 139.61], "file": "Seediq_Tgdaya/sdqNr-childhood_micang", "num": 32}], [33, {"ori": [], "gloss": [["..", "", ""], ["ma^anu", "why", "怎麼"], ["sqer-un=na", "burn-PF=3SG.GEN", "燒焦-受焦=3SG.屬格"], ["ido", "meal", "飯"], ["mac--", "FS", "FS"]], "free": [], "s_end": false, "iu_a_span": [139.61, 141.88], "meta": {"topic": "childhood", "type": "Narrative", "language": "賽德克語, Seediq, Tgdaya", "speaker": "周玉英, Micang Tado, female, 1942-?-?", "collected": "2007-05-26", "revised": "2013-11-20", "video": "sdqNr-childhood_micang.mp3"}, "file": "Seediq_Tgdaya/sdqNr-childhood_micang", "num": 33}], [34, {"ori": [], "gloss": [["..", "", ""], ["ido", "rice", "飯"], ["nii", "this", "這個"], ["dungan", "again", "又"], ["huwa", "how", "怎麼"], ["kes-un", "say-PF", "說-受焦"], ["m-ekan", "AF-eat", "主焦-吃"], ["ka", "NOM", "主格"], ["qer-un", "burn-PF", "燒焦-受焦"], ["si", "say", "說"], ["bubu=mu", "mother=1SG.GEN", "母親=1SG.屬格"], ["ma.\\", "then", "然後"]], "free": ["#e \"Why did you burn the rice again? How do you eat the singe like this?\", my mother said.", "#c 我媽媽說：「妳怎麼又把飯燒焦? 已經煮到這樣焦了的稀飯，怎麼吃啊?」", "#n kesun除了\"說\"之語意之外，還有\"這樣/那樣做\"之意。huwa kesun: \"怎麼做?\"。", "#n qerun可指所有燒焦的東西。sqerun為動詞，燒焦。"], "s_end": true, "iu_a_span": [141.88, 145.24], "meta": {"topic": "childhood", "type": "Narrative", "language": "賽德克語, Seediq, Tgdaya", "speaker": "周玉英, Micang Tado, female, 1942-?-?", "collected": "2007-05-26", "revised": "2013-11-20", "video": "sdqNr-childhood_micang.mp3"}, "s_a_span": [139.61, 145.24], "file": "Seediq_Tgdaya/sdqNr-childhood_micang", "num": 34}], [35, {"ori": [], "gloss": [["...", "", ""], ["ma,_", "then", "然後"]], "free": [], "s_end": false, "iu_a_span": [145.24, 146.76], "meta": {"topic": "childhood", "type": "Narrative", "language": "賽德克語, Seediq, Tgdaya", "speaker": "周玉英, Micang Tado, female, 1942-?-?", "collected": "2007-05-26", "revised": "2013-11-20", "video": "sdqNr-childhood_micang.mp3"}, "file": "Seediq_Tgdaya/sdqNr-childhood_micang", "num": 35}], [36, {"ori": [], "gloss": [["..", "", ""], ["uxe=ku", "NEG=1SG.GEN", "否定=1SG.屬格"], ["pure", "AF.cook", "主焦.煮"], ["dhenu", "PART", "語助詞"], ["wa", "PART", "語助詞"], ["ini=ku", "NEG=1SG.NOM", "否定=1SG.主格"], ["kela", "know", "知道"], ["pure", "AF.cook", "主焦.煮"], ["da==", "PART", "語助詞"], ["kes-un=mu", "say-PF=1SG.GEN", "說-受焦=1SG.屬格"], ["hi", "3SG", "3SG"], ["ma", "then", "然後"]], "free": ["#n 此處hi應為heya '他' 之縮減。", "#n dhenu 此處表結果，應為語助詞。", "#e So I didn't cook, as a result. \"I don't know how to cook!\" I said to her.", "#c 結果我就不煮了。於是我就對她說：「 我不會煮飯!」", "#n 此處hi應為heya '他' 之縮減。", "#n dhenu 此處表結果，應為語助詞。"], "s_end": true, "iu_a_span": [146.76, 151.26], "meta": {"topic": "childhood", "type": "Narrative", "language": "賽德克語, Seediq, Tgdaya", "speaker": "周玉英, Micang Tado, female, 1942-?-?", "collected": "2007-05-26", "revised": "2013-11-20", "video": "sdqNr-childhood_micang.mp3"}, "s_a_span": [145.24, 151.26], "file": "Seediq_Tgdaya/sdqNr-childhood_micang", "num": 36}], [37, {"ori": [], "gloss": [["...", "", ""], ["ma,_", "then", "然後"]], "free": [], "s_end": false, "iu_a_span": [151.26, 152.47], "meta": {"topic": "childhood", "type": "Narrative", "language": "賽德克語, Seediq, Tgdaya", "speaker": "周玉英, Micang Tado, female, 1942-?-?", "collected": "2007-05-26", "revised": "2013-11-20", "video": "sdqNr-childhood_micang.mp3"}, "file": "Seediq_Tgdaya/sdqNr-childhood_micang", "num": 37}], [38, {"ori": [], "gloss": [["..", "", ""], ["usa", "go", "去"], ["m-angan", "AF-take", "主焦-拿"], ["a", "FIL", "FIL"], ["qucun", "shallot", "陸喬"], ["da", "PART", "語助詞"], ["m-eyah", "AF-come", "主焦-來"], ["pure", "AF.cook", "主焦.煮"], ["sa", "say", "說"], ["bubu=mu", "mother=1SG.GEN", "母親=1SG.屬格"], ["ma,_", "then", "然後"]], "free": ["#e Coming here to cook, my mother said \"Go take some shallots!\".", "#c 我媽媽說了：「去採陸喬！」，她就過來煮。"], "s_end": true, "iu_a_span": [152.47, 156.07], "meta": {"topic": "childhood", "type": "Narrative", "language": "賽德克語, Seediq, Tgdaya", "speaker": "周玉英, Micang Tado, female, 1942-?-?", "collected": "2007-05-26", "revised": "2013-11-20", "video": "sdqNr-childhood_micang.mp3"}, "s_a_span": [151.26, 156.07], "file": "Seediq_Tgdaya/sdqNr-childhood_micang", "num": 38}], [39, {"ori": [], "gloss": [["..", "", ""], ["m-hada", "AF-ripe", "主焦-熟"], ["ka", "NOM", "主格"], ["ido", "rice", "飯"], ["dheya", "3SG.GEN", "3SG.屬格"], ["di", "PFV.PART", "完成.語助詞"], ["ma", "then", "然後"], ["m-usa=miyan", "AF-go=1EPL.NOM", "主焦-去=1EPL.主格"], ["m-angan", "AF-take", "主焦-拿"], ["qucun", "shallot", "陸喬"], ["di", "PFV.PART", "完成.語助詞"], ["ma,\\", "then", "然後"]], "free": ["#n mhada一般通指果實熟成，此處指食物煮熟。mhada ka ido nheya他的飯熟了。", "#n mhada一般通指果實熟成，此處指食物煮熟。mhada ka ido nheya他的飯熟了。"], "s_end": false, "iu_a_span": [156.07, 159.76], "meta": {"topic": "childhood", "type": "Narrative", "language": "賽德克語, Seediq, Tgdaya", "speaker": "周玉英, Micang Tado, female, 1942-?-?", "collected": "2007-05-26", "revised": "2013-11-20", "video": "sdqNr-childhood_micang.mp3"}, "file": "Seediq_Tgdaya/sdqNr-childhood_micang", "num": 39}], [40, {"ori": [], "gloss": [["..", "", ""], ["bunga", "sweet.potato", "番薯"], ["tumun", "round", "圓"], ["di", "PFV.PART", "完成.語助詞"], ["ma", "then", "然後"]], "free": [], "s_end": false, "iu_a_span": [159.76, 161.93], "meta": {"topic": "childhood", "type": "Narrative", "language": "賽德克語, Seediq, Tgdaya", "speaker": "周玉英, Micang Tado, female, 1942-?-?", "collected": "2007-05-26", "revised": "2013-11-20", "video": "sdqNr-childhood_micang.mp3"}, "file": "Seediq_Tgdaya/sdqNr-childhood_micang", "num": 40}], [40, {"ori": [], "gloss": [["..", "", ""], ["bunga", "sweet.potato", "番薯"], ["tumun", "round", "圓"], ["di", "PFV.PART", "完成.語助詞"], ["ma", "then", "然後"]], "free": [], "s_end": false, "iu_a_span": [159.76, 161.93], "meta": {"topic": "childhood", "type": "Narrative", "language": "賽德克語, Seediq, Tgdaya", "speaker": "周玉英, Micang Tado, female, 1942-?-?", "collected": "2007-05-26", "revised": "2013-11-20", "video": "sdqNr-childhood_micang.mp3"}, "file": "Seediq_Tgdaya/sdqNr-childhood_micang", "num": 40}], [42, {"ori": [], "gloss": [["..", "", ""], ["damac=nami", "dish=1PL.GEN", "菜=1PL屬格"], ["^ido", "meal", "飯"], ["ma,_", "then", "然後"]], "free": [], "s_end": false, "iu_a_span": [162.71, 164.68], "meta": {"topic": "childhood", "type": "Narrative", "language": "賽德克語, Seediq, Tgdaya", "speaker": "周玉英, Micang Tado, female, 1942-?-?", "collected": "2007-05-26", "revised": "2013-11-20", "video": "sdqNr-childhood_micang.mp3"}, "file": "Seediq_Tgdaya/sdqNr-childhood_micang", "num": 42}], [43, {"ori": [], "gloss": [["..", "", ""], ["ma==", "then", "然後"], ["anu", "then", "然後"], ["ka==,\\", "KA", "KA"]], "free": [], "s_end": false, "iu_a_span": [164.68, 166.87], "meta": {"topic": "childhood", "type": "Narrative", "language": "賽德克語, Seediq, Tgdaya", "speaker": "周玉英, Micang Tado, female, 1942-?-?", "collected": "2007-05-26", "revised": "2013-11-20", "video": "sdqNr-childhood_micang.mp3"}, "file": "Seediq_Tgdaya/sdqNr-childhood_micang", "num": 43}], [44, {"ori": [], "gloss": [["...(0.8)", "", ""], ["a==", "FIL", "FIL"], ["^sari.\\", "taro", "芋頭"]], "free": ["#e The rice was already cooked, so we went out to pluck shallots, round sweet potatoes, pumpkins, and taros as side dishes.", "#c 煮的飯熟了之後，我們就去採陸喬、圓番薯、南瓜還有芋頭來配飯吃。"], "s_end": true, "iu_a_span": [166.87, 169.17], "meta": {"topic": "childhood", "type": "Narrative", "language": "賽德克語, Seediq, Tgdaya", "speaker": "周玉英, Micang Tado, female, 1942-?-?", "collected": "2007-05-26", "revised": "2013-11-20", "video": "sdqNr-childhood_micang.mp3"}, "s_a_span": [156.07, 169.17], "file": "Seediq_Tgdaya/sdqNr-childhood_micang", "num": 44}], [45, {"ori": [], "gloss": [["..", "", ""], ["a==", "FIL", "FIL"], ["han=na", "first=3SG.GEN", "先=3SG.屬格"], ["maribu--", "FS", "FS"], ["a==", "FIL", "FIL"], ["m-angan=na==,\\", "AF-take=3SG.GEN", "主焦-拿=3SG.屬格"]], "free": ["#n maribu應為口誤。mari為\"買賣\"之意。", "#n mangan 和 mangal 為free variation。", "#n maribu應為口誤。mari為\"買賣\"之意。", "#n mangan 和 mangal 為free variation。"], "s_end": false, "iu_a_span": [169.17, 171.43], "meta": {"topic": "childhood", "type": "Narrative", "language": "賽德克語, Seediq, Tgdaya", "speaker": "周玉英, Micang Tado, female, 1942-?-?", "collected": "2007-05-26", "revised": "2013-11-20", "video": "sdqNr-childhood_micang.mp3"}, "file": "Seediq_Tgdaya/sdqNr-childhood_micang", "num": 45}], [46, {"ori": [], "gloss": [["..^ludux", "sprout", "新芽"], ["bubu=mu", "mother=1SG.GEN", "母親=1SG.屬格"], ["ma==,_", "then", "然後"]], "free": [], "s_end": false, "iu_a_span": [171.43, 173.29], "meta": {"topic": "childhood", "type": "Narrative", "language": "賽德克語, Seediq, Tgdaya", "speaker": "周玉英, Micang Tado, female, 1942-?-?", "collected": "2007-05-26", "revised": "2013-11-20", "video": "sdqNr-childhood_micang.mp3"}, "file": "Seediq_Tgdaya/sdqNr-childhood_micang", "num": 46}], [46, {"ori": [], "gloss": [["..^ludux", "sprout", "新芽"], ["bubu=mu", "mother=1SG.GEN", "母親=1SG.屬格"], ["ma==,_", "then", "然後"]], "free": [], "s_end": false, "iu_a_span": [171.43, 173.29], "meta": {"topic": "childhood", "type": "Narrative", "language": "賽德克語, Seediq, Tgdaya", "speaker": "周玉英, Micang Tado, female, 1942-?-?", "collected": "2007-05-26", "revised": "2013-11-20", "video": "sdqNr-childhood_micang.mp3"}, "file": "Seediq_Tgdaya/sdqNr-childhood_micang", "num": 46}], [48, {"ori": [], "gloss": [["bobo", "above", "上"], ["ido", "rice", "飯"], ["hii", "there", "那裡"], ["ka,_", "PART", "語助詞"]], "free": ["#e First, my mother would take the sprouts (of those we just plucked) and put them on the top of the rice.", "#c 我媽媽先採(所採我們剛採的作物的)嫩葉，放在飯的上面。"], "s_end": true, "iu_a_span": [174.1, 175.45], "meta": {"topic": "childhood", "type": "Narrative", "language": "賽德克語, Seediq, Tgdaya", "speaker": "周玉英, Micang Tado, female, 1942-?-?", "collected": "2007-05-26", "revised": "2013-11-20", "video": "sdqNr-childhood_micang.mp3"}, "s_a_span": [169.17, 175.45], "file": "Seediq_Tgdaya/sdqNr-childhood_micang", "num": 48}], [49, {"ori": [], "gloss": [["..", "", ""], ["anu", "then", "然後"], ["ka,_", "KA", "KA"]], "free": [], "s_end": false, "iu_a_span": [175.45, 177.05], "meta": {"topic": "childhood", "type": "Narrative", "language": "賽德克語, Seediq, Tgdaya", "speaker": "周玉英, Micang Tado, female, 1942-?-?", "collected": "2007-05-26", "revised": "2013-11-20", "video": "sdqNr-childhood_micang.mp3"}, "file": "Seediq_Tgdaya/sdqNr-childhood_micang", "num": 49}], [50, {"ori": [], "gloss": [["..", "", ""], ["tarux", "sweet.potato.stem", "芋頭莖"], ["kiya", "that", "那個"], ["di", "PFV.PART", "完成.語助詞"], ["ma", "then", "然後"], ["gmax-un=na", "mix-PF=3SG.GEN", "混和-受焦=3SG.屬格"], ["ido", "rice", "那個"], ["hii", "that", "主格"], ["ka", "NOM", "芋頭莖"], ["tarux", "sweet.potato.stem", "母親=1SG.屬格"], ["bubu=mu", "mother=1SG.GEN", "然後"], ["ma==,\\", "", ""]], "free": ["#n tarux指芋頭葉子和根之間的部分。", "#n gmaxun 為\"混和\"、\"伴入\"之意。", "#e Then, my mother would mix some sweet potato stem into that rice.", "#c 然後，我媽媽就把芋頭莖攪拌到飯裡。", "#n tarux指芋頭葉子和根之間的部分。", "#n gmaxun 為\"混和\"、\"伴入\"之意。"], "s_end": true, "iu_a_span": [177.05, 180.99], "meta": {"topic": "childhood", "type": "Narrative", "language": "賽德克語, Seediq, Tgdaya", "speaker": "周玉英, Micang Tado, female, 1942-?-?", "collected": "2007-05-26", "revised": "2013-11-20", "video": "sdqNr-childhood_micang.mp3"}, "s_a_span": [175.45, 180.99], "file": "Seediq_Tgdaya/sdqNr-childhood_micang", "num": 50}], [51, {"ori": [], "gloss": [["...", "", ""], ["a", "FIL", "FIL"], ["malu", "AF.good", "主焦.好"], ["ba", "real", "真的"], ["puq-un", "eat-PF", "吃-受焦"], ["ka", "NOM", "主格"], ["ido", "rice", "飯"], ["a", "FIL", "FIL"], ["ido", "rice", "飯"], ["macu", "millet", "小米"], ["s<n>haya", "<PF>do.like.that", "<受焦>做那樣"], ["a==,\\", "", ""]], "free": ["#n 此處ba應為bale之縮減。", "#n 此處ba應為bale之縮減。"], "s_end": false, "iu_a_span": [180.99, 185.95], "meta": {"topic": "childhood", "type": "Narrative", "language": "賽德克語, Seediq, Tgdaya", "speaker": "周玉英, Micang Tado, female, 1942-?-?", "collected": "2007-05-26", "revised": "2013-11-20", "video": "sdqNr-childhood_micang.mp3"}, "file": "Seediq_Tgdaya/sdqNr-childhood_micang", "num": 51}], [52, {"ori": [], "gloss": [["..", "", ""], ["g<m>imax", "<AF>mix", "<主焦>攪拌"], ["ka", "NOM", "主格"], ["puqun.\\", "food", "食物"]], "free": ["#e The millet tastes really good if you mix it that way.", "#c 小米那樣子攪拌的話真的很好吃。"], "s_end": true, "iu_a_span": [185.95, 188.13], "meta": {"topic": "childhood", "type": "Narrative", "language": "賽德克語, Seediq, Tgdaya", "speaker": "周玉英, Micang Tado, female, 1942-?-?", "collected": "2007-05-26", "revised": "2013-11-20", "video": "sdqNr-childhood_micang.mp3"}, "s_a_span": [180.99, 188.13], "file": "Seediq_Tgdaya/sdqNr-childhood_micang", "num": 52}], [53, {"ori": [], "gloss": [["...(0.8)", "", ""], ["ma,_", "then", "然後"]], "free": [], "s_end": false, "iu_a_span": [188.13, 189.44], "meta": {"topic": "childhood", "type": "Narrative", "language": "賽德克語, Seediq, Tgdaya", "speaker": "周玉英, Micang Tado, female, 1942-?-?", "collected": "2007-05-26", "revised": "2013-11-20", "video": "sdqNr-childhood_micang.mp3"}, "file": "Seediq_Tgdaya/sdqNr-childhood_micang", "num": 53}], [54, {"ori": [], "gloss": [["...", "", ""], ["^paru=ku", "AF.big=1SG.NOM", "主焦.大=1SG.主格"], ["hari", "a.little", "一點"], ["de,\\", "PART", "語助詞"]], "free": [], "s_end": false, "iu_a_span": [189.44, 191.44], "meta": {"topic": "childhood", "type": "Narrative", "language": "賽德克語, Seediq, Tgdaya", "speaker": "周玉英, Micang Tado, female, 1942-?-?", "collected": "2007-05-26", "revised": "2013-11-20", "video": "sdqNr-childhood_micang.mp3"}, "file": "Seediq_Tgdaya/sdqNr-childhood_micang", "num": 54}], [55, {"ori": [], "gloss": [["..", "", ""], ["wada=ku", "PST=1SG.NOM", "過去=1SG.主格"], ["m-^kela==", "AF-know", "主焦-知道"], ["m-eepah", "AF-work", "主焦-工作"], ["di", "PFV.PART", "完成.語助詞"], ["ma,\\", "then", "然後"]], "free": ["#e Then, as I grew a little older, I was able to work.", "#c 然後，等我長大了一點，我就能工作了。"], "s_end": true, "iu_a_span": [191.44, 194.76], "meta": {"topic": "childhood", "type": "Narrative", "language": "賽德克語, Seediq, Tgdaya", "speaker": "周玉英, Micang Tado, female, 1942-?-?", "collected": "2007-05-26", "revised": "2013-11-20", "video": "sdqNr-childhood_micang.mp3"}, "s_a_span": [188.13, 194.76], "file": "Seediq_Tgdaya/sdqNr-childhood_micang", "num": 55}], [56, {"ori": [], "gloss": [["...", "", ""], ["ni=ta", "go=1IPL.NOM", "去=1IPL.主格"], ["XX", "", ""], ["wada=ku==,_", "PST=1SG.NOM", "過去=1SG.主格"]], "free": ["#n 此處 ni=ta 及其後不明音節應為口誤。", "#n 此處 ni=ta 及其後不明音節應為口誤。"], "s_end": false, "iu_a_span": [194.76, 197.21], "meta": {"topic": "childhood", "type": "Narrative", "language": "賽德克語, Seediq, Tgdaya", "speaker": "周玉英, Micang Tado, female, 1942-?-?", "collected": "2007-05-26", "revised": "2013-11-20", "video": "sdqNr-childhood_micang.mp3"}, "file": "Seediq_Tgdaya/sdqNr-childhood_micang", "num": 56}], [57, {"ori": [], "gloss": [["<L2JgonenseL2J>", "fifth.grade", "五年級"], ["da", "PART", "語助詞"], ["<L2JrokunenL2J>,\\", "sixth.grade", "六年級"]], "free": ["#e I was in about fifth or sixth grade then.", "#c 當時我大約五、六年級。"], "s_end": true, "iu_a_span": [197.21, 198.86], "meta": {"topic": "childhood", "type": "Narrative", "language": "賽德克語, Seediq, Tgdaya", "speaker": "周玉英, Micang Tado, female, 1942-?-?", "collected": "2007-05-26", "revised": "2013-11-20", "video": "sdqNr-childhood_micang.mp3"}, "s_a_span": [194.76, 198.86], "file": "Seediq_Tgdaya/sdqNr-childhood_micang", "num": 57}], [58, {"ori": [], "gloss": [["...", "", ""], ["ni=ta", "go=1PL.GEN", "去=1PL.屬格"], ["di", "PFV.PART", "完成.語助詞"], ["si", "say", "說"], ["bubu=mu", "mother=1SG.GEN", "母親=1SG.屬格"], ["a", "FIL", "FIL"], ["ha-e=ta", "go-LF.IRR=1IPL.GEN", "去-處焦.非現實=1IPL.屬格"], ["s<m>keguy", "<AF>peel.ramie", "<主焦>剝麻"], ["di", "PFV.PART", "完成.語助詞"], ["sa,\\", "say", "說"]], "free": ["#n smkeguy指\"剝麻\"之手續。過程為將採收苧麻的莖折斷，讓皮肉分離，剝完後以刮的方式讓苧麻變成一絲一絲的麻絲。", "#n keguy 苧麻。", "#e \"Let's go!\" my mother said \"Let's do ramie peeling, then\"", "#c 我媽媽就說：「來吧！我們來剝麻！」", "#n smkeguy指\"剝麻\"之手續。過程為將採收苧麻的莖折斷，讓皮肉分離，剝完後以刮的方式讓苧麻變成一絲一絲的麻絲。", "#n keguy 苧麻。"], "s_end": true, "iu_a_span": [198.86, 202.56], "meta": {"topic": "childhood", "type": "Narrative", "language": "賽德克語, Seediq, Tgdaya", "speaker": "周玉英, Micang Tado, female, 1942-?-?", "collected": "2007-05-26", "revised": "2013-11-20", "video": "sdqNr-childhood_micang.mp3"}, "s_a_span": [198.86, 202.56], "file": "Seediq_Tgdaya/sdqNr-childhood_micang", "num": 58}], [59, {"ori": [], "gloss": [["...", "", ""], ["uh", "FIL", "FIL"], ["ha-e=ta", "go-LF.IRR=1IPL.GEN", "去-處焦.非現實=1IPL.屬格"], ["ma=ku", "MA=1SG.NOM", "MA=1SG.主格"], ["t<m>gesa", "<AF>teach", "<主焦>教"], ["s<m>keguy", "<AF>peel.ramie", "<主格>剝麻"], ["si", "say", "說"], ["ma,\\", "then", "然後"]], "free": ["#n 此處 hae=ta ma=ku 應為口誤，發音老師認為應是: hae=su=mu \"我帶你一起去吧！\"", "#n 此處 hae=ta ma=ku 應為口誤，發音老師認為應是: hae=su=mu \"我帶你一起去吧！\""], "s_end": false, "iu_a_span": [202.56, 205.75], "meta": {"topic": "childhood", "type": "Narrative", "language": "賽德克語, Seediq, Tgdaya", "speaker": "周玉英, Micang Tado, female, 1942-?-?", "collected": "2007-05-26", "revised": "2013-11-20", "video": "sdqNr-childhood_micang.mp3"}, "file": "Seediq_Tgdaya/sdqNr-childhood_micang", "num": 59}], [60, {"ori": [], "gloss": [["...", "", ""], ["ma", "then", "然後"], ["t--", "FS", "FS"]], "free": [], "s_end": false, "iu_a_span": [205.75, 207.03], "meta": {"topic": "childhood", "type": "Narrative", "language": "賽德克語, Seediq, Tgdaya", "speaker": "周玉英, Micang Tado, female, 1942-?-?", "collected": "2007-05-26", "revised": "2013-11-20", "video": "sdqNr-childhood_micang.mp3"}, "file": "Seediq_Tgdaya/sdqNr-childhood_micang", "num": 60}], [61, {"ori": [], "gloss": [["...", "", ""], ["t<m>inun", "<AF>weave", "<主焦>編織"], ["ma", "CONJ", "連接詞"], ["m-nuqah", "AF-twist.thread", "主焦-捻絲"], ["tgsa-un=ku=na", "teach-PF=1SG.NOM=3SG.GEN", "教-受焦=1SG.主格=3SG.屬格"], ["bubu=mu", "mother=1SG.GEN", "母親=1SG.屬格"], ["ma,\\", "then", "然後"]], "free": ["#e \"Let me teach you how to do ramie-peeling, weaving, and thread-twisting\" she said. \"I'll teach you\" my mother said .", "#c 她說：「我來教妳剝麻、編織和捻絲吧！」我媽媽說：「我教妳！」。"], "s_end": true, "iu_a_span": [207.03, 210.54], "meta": {"topic": "childhood", "type": "Narrative", "language": "賽德克語, Seediq, Tgdaya", "speaker": "周玉英, Micang Tado, female, 1942-?-?", "collected": "2007-05-26", "revised": "2013-11-20", "video": "sdqNr-childhood_micang.mp3"}, "s_a_span": [202.56, 210.54], "file": "Seediq_Tgdaya/sdqNr-childhood_micang", "num": 61}], [62, {"ori": [], "gloss": [["...", "", ""], ["ma==", "then", "然後"], ["a", "FIL", "FIL"], ["d<m>aus", "<AF>organize.thread", "<主焦>整理經線"], ["ma==,\\", "then", "然後"]], "free": [], "s_end": false, "iu_a_span": [210.54, 214.16], "meta": {"topic": "childhood", "type": "Narrative", "language": "賽德克語, Seediq, Tgdaya", "speaker": "周玉英, Micang Tado, female, 1942-?-?", "collected": "2007-05-26", "revised": "2013-11-20", "video": "sdqNr-childhood_micang.mp3"}, "file": "Seediq_Tgdaya/sdqNr-childhood_micang", "num": 62}], [63, {"ori": [], "gloss": [["...", "", ""], ["^ini=ku", "NEG=1SG.NOM", "否定=1SG.主格"], ["kela", "AF.know", "主焦.知道"], ["anu", "then", "然後"], ["ka==", "KA", "KA"], ["d<m>aus", "<AF>organize.thread", "<主焦>整理經線"], ["ma,\\", "then", "然後"]], "free": ["#e As for organizing threads, I didn't know how to do it.", "#c 至於整理經線呢，我不會整理經線。"], "s_end": true, "iu_a_span": [214.16, 217.67], "meta": {"topic": "childhood", "type": "Narrative", "language": "賽德克語, Seediq, Tgdaya", "speaker": "周玉英, Micang Tado, female, 1942-?-?", "collected": "2007-05-26", "revised": "2013-11-20", "video": "sdqNr-childhood_micang.mp3"}, "s_a_span": [210.54, 217.67], "file": "Seediq_Tgdaya/sdqNr-childhood_micang", "num": 63}], [64, {"ori": [], "gloss": [["b^be-un=na", "hit-PF=3SG.GEN", "打-受焦=3SG.屬格"], ["baga=mu", "hand=1SG.GEN", "手=1SG.屬格"], ["dungan", "again", "又"], ["ma=su", "why=2SG.GEN", "怎麼=2SG.屬格"], ["ini", "NEG", "否定"], ["kela", "know", "知道"], ["d<m>aus", "<AF>organize.thread", "<主焦>整理經線"], ["si.\\", "say", "說"]], "free": ["#e She hit my hand again, saying \"How come you don't know how to organize threads?\"", "#c 她又打我的手，說：「你怎麼不會整理經線？」"], "s_end": true, "iu_a_span": [217.67, 220.61], "meta": {"topic": "childhood", "type": "Narrative", "language": "賽德克語, Seediq, Tgdaya", "speaker": "周玉英, Micang Tado, female, 1942-?-?", "collected": "2007-05-26", "revised": "2013-11-20", "video": "sdqNr-childhood_micang.mp3"}, "s_a_span": [217.67, 220.61], "file": "Seediq_Tgdaya/sdqNr-childhood_micang", "num": 64}], [65, {"ori": [], "gloss": [["...", "", ""], ["m-kela=ku", "AF-know=1SG.NOM", "主焦-知道=1SG.主格"], ["ka", "NOM", "主格"], ["q<n>nuqah", "<PF.PFV>twist.thread", "<受焦.完成>捻絲"], ["ma", "CONJ", "連接詞"], ["m-kela=ku", "AF-know=1SG.NOM", "主焦-知道=1SG.主格"], ["t<n>giya", "<PF.PFV>spool.thread", "<受焦.完成>繞麻線"], ["d<m>aus", "<AF>organize.thread", "<主焦>整理經線"], ["ini=ku", "NEG=1SG.NOM", "否定=1SG.主格"], ["kela.\\", "AF.know", "主焦.知道"]], "free": ["#e I knew how to twist the threads, I knew how to spool the threads. But organizing the threads, I just wasn't able to do it.", "#c 我會捻絲，我會繞麻線。但是，整理經線我就是不會。"], "s_end": true, "iu_a_span": [220.61, 224.9], "meta": {"topic": "childhood", "type": "Narrative", "language": "賽德克語, Seediq, Tgdaya", "speaker": "周玉英, Micang Tado, female, 1942-?-?", "collected": "2007-05-26", "revised": "2013-11-20", "video": "sdqNr-childhood_micang.mp3"}, "s_a_span": [220.61, 224.9], "file": "Seediq_Tgdaya/sdqNr-childhood_micang", "num": 65}], [66, {"ori": [], "gloss": [["...", "", ""], ["ma", "then", "然後"], ["t<m>inun", "<AF>weave", "<主焦>編織"], ["de==,_", "PART", "語助詞"]], "free": [], "s_end": false, "iu_a_span": [224.9, 227.04], "meta": {"topic": "childhood", "type": "Narrative", "language": "賽德克語, Seediq, Tgdaya", "speaker": "周玉英, Micang Tado, female, 1942-?-?", "collected": "2007-05-26", "revised": "2013-11-20", "video": "sdqNr-childhood_micang.mp3"}, "file": "Seediq_Tgdaya/sdqNr-childhood_micang", "num": 66}], [67, {"ori": [], "gloss": [["m-rridih", "<AF>tilt", "<主焦>歪斜"], ["ka==,_", "NOM", "主格"]], "free": [], "s_end": false, "iu_a_span": [227.04, 228.41], "meta": {"topic": "childhood", "type": "Narrative", "language": "賽德克語, Seediq, Tgdaya", "speaker": "周玉英, Micang Tado, female, 1942-?-?", "collected": "2007-05-26", "revised": "2013-11-20", "video": "sdqNr-childhood_micang.mp3"}, "file": "Seediq_Tgdaya/sdqNr-childhood_micang", "num": 67}], [68, {"ori": [], "gloss": [["bke-un=mu", "fasten-PF=1SG.GEN", "綁-受焦=1SG.屬格"], ["habik", "belt", "腰帶"], ["lukus", "clothing", "衣服"], ["habik", "belt", "腰帶"], ["ma,_", "then", "然後"]], "free": ["#e When I started to weave, the belt that I fastened was tilted.", "#c 到了我織布的時候，我把織布的腰帶也綁得斜斜的了。", "#n 此處lukus應為口誤。", "#n habik泛指一般腰帶。若專指織布用的腰帶，則是wahu(於腰部的地方固定)。此處發音老師認為長老應是指wahu。", "#n 織布時正確的方式是織布的腰帶應要綁正。"], "s_end": true, "iu_a_span": [228.41, 230.98], "meta": {"topic": "childhood", "type": "Narrative", "language": "賽德克語, Seediq, Tgdaya", "speaker": "周玉英, Micang Tado, female, 1942-?-?", "collected": "2007-05-26", "revised": "2013-11-20", "video": "sdqNr-childhood_micang.mp3"}, "s_a_span": [224.9, 230.98], "file": "Seediq_Tgdaya/sdqNr-childhood_micang", "num": 68}], [69, {"ori": [], "gloss": [["...", "", ""], ["gisu", "PROG", "進行"], ["h^<m>uwa", "<AF>how", "<主焦>怎麼"], ["t<n>inun=su", "<PF>weave=2SG.GEN", "<受焦>編織=2SG.屬格"], ["nii", "this", "這個"], ["a==,\\", "FIL", "FIL"]], "free": [], "s_end": false, "iu_a_span": [230.98, 234.06], "meta": {"topic": "childhood", "type": "Narrative", "language": "賽德克語, Seediq, Tgdaya", "speaker": "周玉英, Micang Tado, female, 1942-?-?", "collected": "2007-05-26", "revised": "2013-11-20", "video": "sdqNr-childhood_micang.mp3"}, "file": "Seediq_Tgdaya/sdqNr-childhood_micang", "num": 69}], [70, {"ori": [], "gloss": [["...", "", ""], ["a", "FIL", "FIL"], ["bleq-i", "fasten-PF.IMP", "綁-受焦.祈使"], ["a", "FIL", "FIL"], ["h<m>abik", "<AF>belt", "<主焦>腰帶"], ["ka", "NOM", "主格"], ["habik=su", "belt=2SG.GEN", "腰帶=2SG.屬格"], ["ga", "PROG", "進行"], ["m-ridih", "AF-tilt", "主格-歪"], ["habik=su", "belt=2SG.GEN", "腰帶=2SG.屬格"], ["kes-un=ku=na,\\", "say-PF=1SG.NOM=3SG.GEN", "說-受焦=1SG.NOM=3SG.GEN"]], "free": ["#e \"How can you weave like this? You've got to fasten your belt when you wear it! You're belt is tilted!\" she said to me.", "#c 她對著我說：「妳怎麼織啊？綁腰帶時妳的腰帶一定要綁緊！妳的腰帶歪了!」"], "s_end": true, "iu_a_span": [234.06, 238.68], "meta": {"topic": "childhood", "type": "Narrative", "language": "賽德克語, Seediq, Tgdaya", "speaker": "周玉英, Micang Tado, female, 1942-?-?", "collected": "2007-05-26", "revised": "2013-11-20", "video": "sdqNr-childhood_micang.mp3"}, "s_a_span": [230.98, 238.68], "file": "Seediq_Tgdaya/sdqNr-childhood_micang", "num": 70}], [71, {"ori": [], "gloss": [["...", "", ""], ["d-an=ku=na", "come-LF=1SG.NOM=3SG.GEN", "來-處焦=1SG.主格-3SG.屬格"], ["s<m>ebuc", "<AF>whip", "<主焦>鞭"], ["papak", "foot", "腳"], ["dung", "again", "又"], ["ka", "NOM", "主格"], ["bubu=mu", "mother=1SG.GEN", "母親=1SG.屬格"], ["ma,\\", "then", "然後"]], "free": ["#e My mother came again and whipped on my foot.", "#c 我媽媽又來，鞭打我的腳。"], "s_end": true, "iu_a_span": [238.68, 241.69], "meta": {"topic": "childhood", "type": "Narrative", "language": "賽德克語, Seediq, Tgdaya", "speaker": "周玉英, Micang Tado, female, 1942-?-?", "collected": "2007-05-26", "revised": "2013-11-20", "video": "sdqNr-childhood_micang.mp3"}, "s_a_span": [238.68, 241.69], "file": "Seediq_Tgdaya/sdqNr-childhood_micang", "num": 71}], [72, {"ori": [], "gloss": [["...", "", ""], ["l<m>ingis=ku", "<AF>cry=1SG.NOM", "<主焦>哭=1SG.主格"], ["mesa", "AF.say", "主焦.說"], ["ka==", "NOM", "主格"], ["lubi=mu,\\", "PN=1SG.GEN", "人名=1SG.屬格"]], "free": ["#e So I cried, as Lubi said.", "#c 然後，聽Lubi說，我就哭了。", "#n 此處Lubi應為說者的同輩姊妹。通常同輩之間會在名字後加上=mu以表親切。長輩對晚輩亦是如此。"], "s_end": true, "iu_a_span": [241.69, 244.86], "meta": {"topic": "childhood", "type": "Narrative", "language": "賽德克語, Seediq, Tgdaya", "speaker": "周玉英, Micang Tado, female, 1942-?-?", "collected": "2007-05-26", "revised": "2013-11-20", "video": "sdqNr-childhood_micang.mp3"}, "s_a_span": [241.69, 244.86], "file": "Seediq_Tgdaya/sdqNr-childhood_micang", "num": 72}], [73, {"ori": [], "gloss": [["...", "", ""], ["iya", "NEG.IMP", "否定.祈使"], ["bbe==-i", "whip-PF.IMP", "鞭打-受焦.祈使"], ["bu^bu", "mother", "母親"], ["huwa", "AF.how", "主焦.怎麼"], ["mesa", "AF.say", "主焦.說"], ["m--,\\", "FS", "FS"]], "free": ["#e \"Don't whip her, mother!\"", "#c 「別打她了，媽媽!」", "#n 此處huwa mesa m應為口誤。"], "s_end": true, "iu_a_span": [244.86, 247.54], "meta": {"topic": "childhood", "type": "Narrative", "language": "賽德克語, Seediq, Tgdaya", "speaker": "周玉英, Micang Tado, female, 1942-?-?", "collected": "2007-05-26", "revised": "2013-11-20", "video": "sdqNr-childhood_micang.mp3"}, "s_a_span": [244.86, 247.54], "file": "Seediq_Tgdaya/sdqNr-childhood_micang", "num": 73}], [74, {"ori": [], "gloss": [["..", "", ""], ["t^<m>inun", "<AF>weave", "<主焦>編織"], ["di", "PFV.PART", "完成.語助詞"], ["ma", "then", "然後"], ["uxe", "NEG", "否定"], ["a--", "FS", "FS"], ["pkela", "AF.IRR.know", "主焦.非實現.知道"], ["t<m>inun", "<AF>weave", "<主焦>編織"], ["a,\\", "FIL", "FIL"]], "free": [], "s_end": false, "iu_a_span": [247.54, 250.24], "meta": {"topic": "childhood", "type": "Narrative", "language": "賽德克語, Seediq, Tgdaya", "speaker": "周玉英, Micang Tado, female, 1942-?-?", "collected": "2007-05-26", "revised": "2013-11-20", "video": "sdqNr-childhood_micang.mp3"}, "file": "Seediq_Tgdaya/sdqNr-childhood_micang", "num": 74}], [75, {"ori": [], "gloss": [["..", "", ""], ["bbe-un=su", "hit-PF=2SG.GEN", "打-受焦=2SG.屬格"], ["si", "say", "說"], ["bubu", "mother", "母親"], ["ma,\\", "then", "然後"]], "free": ["#e \"She's already weaving (learning how to weave), and she won't be able to do it if you whip her\", said Lubi.", "#c Lubi說：「她已經在(學怎麼)織了，如果妳打她，她就學不會了」", "#n 此處bubu \"媽媽\" 應為口誤，應為Lubi所說。"], "s_end": true, "iu_a_span": [250.24, 252.12], "meta": {"topic": "childhood", "type": "Narrative", "language": "賽德克語, Seediq, Tgdaya", "speaker": "周玉英, Micang Tado, female, 1942-?-?", "collected": "2007-05-26", "revised": "2013-11-20", "video": "sdqNr-childhood_micang.mp3"}, "s_a_span": [247.54, 252.12], "file": "Seediq_Tgdaya/sdqNr-childhood_micang", "num": 75}], [76, {"ori": [], "gloss": [["...", "", ""], ["uN", "FIL", "FIL"], ["l<m>ngelung=ku", "<AF>think=1SG.NOM", "<主焦>思考=1SG.主格"], ["naq", "self", "自己"], ["di", "PFV.PART", "完成.語助詞"], ["ma,_", "then", "然後"]], "free": [], "s_end": false, "iu_a_span": [252.12, 254.25], "meta": {"topic": "childhood", "type": "Narrative", "language": "賽德克語, Seediq, Tgdaya", "speaker": "周玉英, Micang Tado, female, 1942-?-?", "collected": "2007-05-26", "revised": "2013-11-20", "video": "sdqNr-childhood_micang.mp3"}, "file": "Seediq_Tgdaya/sdqNr-childhood_micang", "num": 76}], [77, {"ori": [], "gloss": [["...", "", ""], ["thuwe=ku", "AF.slow=1SG.NOM", "主焦.慢=1SG.主格"], ["naq", "self", "自己"], ["t<m>inun", "<AF>weave", "<主焦>編織"], ["di", "PFV.PART", "完成.語助詞"], ["malu", "AF.good", "主焦.好"], ["ka", "NOM", "主格"], ["t<n>ninun=mu", "<PF>weave=1SG.GEN", "<受焦>編織=1SG.屬格"], ["di", "PFV.PART", "完成.語助詞"], ["ma,_", "then", "然後"]], "free": ["#e So I did a lot of thinking myeslf. Slowly I weaved, and my weaving (skill) became good.", "#c 後來我自己想了想、慢慢地織，最後我的織布(技術)就變好了。", "#n thuwe之非主焦形式：thuwa(y)un [PF]; thuwa(y)an [LF]。thuwayun mu tuminun ka pala 我慢慢織布。"], "s_end": true, "iu_a_span": [254.25, 257.8], "meta": {"topic": "childhood", "type": "Narrative", "language": "賽德克語, Seediq, Tgdaya", "speaker": "周玉英, Micang Tado, female, 1942-?-?", "collected": "2007-05-26", "revised": "2013-11-20", "video": "sdqNr-childhood_micang.mp3"}, "s_a_span": [252.12, 257.8], "file": "Seediq_Tgdaya/sdqNr-childhood_micang", "num": 77}], [78, {"ori": [], "gloss": [["...", "", ""], ["o", "INT", "感嘆"], ["kiya", "that", "那個"], ["da", "PART", "語助詞"], ["si", "say", "說"], ["bubu=mu.\\", "mother=1SG.GEN", "母親=1SG.屬格"]], "free": ["#n 在\"雨停了可以走了\"的情境下亦可用 kiya da \"可以了!\"。", "#n 在\"雨停了可以走了\"的情境下亦可用 kiya da \"可以了!\"。"], "s_end": false, "iu_a_span": [257.8, 259.68], "meta": {"topic": "childhood", "type": "Narrative", "language": "賽德克語, Seediq, Tgdaya", "speaker": "周玉英, Micang Tado, female, 1942-?-?", "collected": "2007-05-26", "revised": "2013-11-20", "video": "sdqNr-childhood_micang.mp3"}, "file": "Seediq_Tgdaya/sdqNr-childhood_micang", "num": 78}], [79, {"ori": [], "gloss": [["..", "", ""], ["m-qaras", "AF-happy", "主焦-開心"], ["bubu=mu", "mother=1SG.GEN", "母親=1SG.屬格"], ["ma,\\", "then", "然後"]], "free": ["#e \"Oh! You're good now!\", said mother. She was happy.", "#c 媽媽說：「喔! 可以了!」媽媽很開心。"], "s_end": true, "iu_a_span": [259.68, 260.85], "meta": {"topic": "childhood", "type": "Narrative", "language": "賽德克語, Seediq, Tgdaya", "speaker": "周玉英, Micang Tado, female, 1942-?-?", "collected": "2007-05-26", "revised": "2013-11-20", "video": "sdqNr-childhood_micang.mp3"}, "s_a_span": [257.8, 260.85], "file": "Seediq_Tgdaya/sdqNr-childhood_micang", "num": 79}], [80, {"ori": [], "gloss": [["...", "", ""], ["kika==,_", "thus", "所以"]], "free": [], "s_end": false, "iu_a_span": [260.85, 262.14], "meta": {"topic": "childhood", "type": "Narrative", "language": "賽德克語, Seediq, Tgdaya", "speaker": "周玉英, Micang Tado, female, 1942-?-?", "collected": "2007-05-26", "revised": "2013-11-20", "video": "sdqNr-childhood_micang.mp3"}, "file": "Seediq_Tgdaya/sdqNr-childhood_micang", "num": 80}], [81, {"ori": [], "gloss": [["...", "", ""], ["kika", "thus", "所以"], ["m-hedu,_", "AF-finish", "主焦-完成"]], "free": [], "s_end": false, "iu_a_span": [262.14, 263.7], "meta": {"topic": "childhood", "type": "Narrative", "language": "賽德克語, Seediq, Tgdaya", "speaker": "周玉英, Micang Tado, female, 1942-?-?", "collected": "2007-05-26", "revised": "2013-11-20", "video": "sdqNr-childhood_micang.mp3"}, "file": "Seediq_Tgdaya/sdqNr-childhood_micang", "num": 81}], [82, {"ori": [], "gloss": [["..", "", ""], ["m-hedu", "AF-finish", "主焦-完成"], ["kiya", "that", "那個"], ["de,_", "PART", "語助詞"]], "free": [], "s_end": false, "iu_a_span": [263.7, 264.81], "meta": {"topic": "childhood", "type": "Narrative", "language": "賽德克語, Seediq, Tgdaya", "speaker": "周玉英, Micang Tado, female, 1942-?-?", "collected": "2007-05-26", "revised": "2013-11-20", "video": "sdqNr-childhood_micang.mp3"}, "file": "Seediq_Tgdaya/sdqNr-childhood_micang", "num": 82}], [83, {"ori": [], "gloss": [["...", "", ""], ["<L2Jjyu==L2J>,_", "ten", "十"]], "free": [], "s_end": false, "iu_a_span": [264.81, 266.24], "meta": {"topic": "childhood", "type": "Narrative", "language": "賽德克語, Seediq, Tgdaya", "speaker": "周玉英, Micang Tado, female, 1942-?-?", "collected": "2007-05-26", "revised": "2013-11-20", "video": "sdqNr-childhood_micang.mp3"}, "file": "Seediq_Tgdaya/sdqNr-childhood_micang", "num": 83}], [84, {"ori": [], "gloss": [["...(0.8)", "", ""], ["<L2JjyugosaiL2J>=ku", "fifteen.years.old=1SG.NOM", "十五歲=1SG.主格"], ["di", "PFV.PART", "完成.語助詞"], ["m-usa=ku", "AF-go=1SG.NOM", "主焦-去=1SG.NOM"], ["<L2JyosaiL2J>", "western.dressmaking", "洋裁"], ["paran", "PN", "地名"], ["m-usa", "AF-go", "主焦-去"], ["mes--", "FS", "FS"], ["<L2JyosaiL2J>", "western.dressmaking", "洋裁"], ["paran", "PN", "地名"], ["di", "PFV.PART", "完成.語助詞"], ["ma,\\", "then", "然後"]], "free": ["#e So after that (my traning for weaving) was finished, I turned fifteen years old. I went to do western dressmaking in Paran.", "#c 那個(學織布)結束後，我就十五歲了。然後我就去霧社做洋裁的工作。"], "s_end": true, "iu_a_span": [266.24, 271.31], "meta": {"topic": "childhood", "type": "Narrative", "language": "賽德克語, Seediq, Tgdaya", "speaker": "周玉英, Micang Tado, female, 1942-?-?", "collected": "2007-05-26", "revised": "2013-11-20", "video": "sdqNr-childhood_micang.mp3"}, "s_a_span": [260.85, 271.31], "file": "Seediq_Tgdaya/sdqNr-childhood_micang", "num": 84}], [85, {"ori": [], "gloss": [["...", "", ""], ["s<m>alu", "<AF>make", "<主格>做"], ["ka", "NOM", "主格"], ["lukus=ta.\\", "clothing=1IPL.GEN", "衣服=1IPL.屬格"]], "free": [], "s_end": false, "iu_a_span": [271.31, 273.12], "meta": {"topic": "childhood", "type": "Narrative", "language": "賽德克語, Seediq, Tgdaya", "speaker": "周玉英, Micang Tado, female, 1942-?-?", "collected": "2007-05-26", "revised": "2013-11-20", "video": "sdqNr-childhood_micang.mp3"}, "file": "Seediq_Tgdaya/sdqNr-childhood_micang", "num": 85}], [86, {"ori": [], "gloss": [["...", "", ""], ["lukus=ta", "clothing=1IPL.GEN", "衣服=1IPL.屬格"], ["so", "be.like", "像"], ["a==", "FIL", "FIL"]], "free": [], "s_end": false, "iu_a_span": [273.12, 274.96], "meta": {"topic": "childhood", "type": "Narrative", "language": "賽德克語, Seediq, Tgdaya", "speaker": "周玉英, Micang Tado, female, 1942-?-?", "collected": "2007-05-26", "revised": "2013-11-20", "video": "sdqNr-childhood_micang.mp3"}, "file": "Seediq_Tgdaya/sdqNr-childhood_micang", "num": 86}], [87, {"ori": [], "gloss": [["..", "", ""], ["lukus", "clothing", "衣服"], ["a", "FIL", "FIL"], ["mukan", "PN", "PN"], ["da,\\", "PART", "語助詞"]], "free": ["#e I made clothings, like those of the aborigines, and those of the Chinese people.", "#c 我去製作衣服，像是原住民的衣服，還有漢人所穿的衣服。", "#n Mukan 特指閩南人，但可總稱\"漢人\"。telu 指大陸人、外省人。kihilang 指客家人。"], "s_end": true, "iu_a_span": [274.96, 276.03], "meta": {"topic": "childhood", "type": "Narrative", "language": "賽德克語, Seediq, Tgdaya", "speaker": "周玉英, Micang Tado, female, 1942-?-?", "collected": "2007-05-26", "revised": "2013-11-20", "video": "sdqNr-childhood_micang.mp3"}, "s_a_span": [271.31, 276.03], "file": "Seediq_Tgdaya/sdqNr-childhood_micang", "num": 87}], [88, {"ori": [], "gloss": [["...", "", ""], ["m-a^tak", "AF-cut", "主焦-剪"], ["di", "PFV.PART", "完成.語助詞"], ["ma", "then", "然後"], ["ini=ku", "NEG=1SG.NOM", "否定=1SG.主格"], ["kela", "know", "知道"], ["m-a^tak", "AF-cut", "主焦-剪"], ["duri", "also", "也"], ["ma,\\", "then", "然後"]], "free": ["#e I did cutting, and I didn't know how to do it either.", "#c 我就做剪(裁)的工作，但我也是不會。"], "s_end": true, "iu_a_span": [276.03, 279.47], "meta": {"topic": "childhood", "type": "Narrative", "language": "賽德克語, Seediq, Tgdaya", "speaker": "周玉英, Micang Tado, female, 1942-?-?", "collected": "2007-05-26", "revised": "2013-11-20", "video": "sdqNr-childhood_micang.mp3"}, "s_a_span": [276.03, 279.47], "file": "Seediq_Tgdaya/sdqNr-childhood_micang", "num": 88}], [89, {"ori": [], "gloss": [["...", "", ""], ["<L2JjyugosaiL2J>=ku", "fifteen.years.old=1SG.NOM", "十五歲=1SG.GEN"], ["ciida", "at.that.time", "當時"], ["ma,\\", "then", "然後"]], "free": [], "s_end": false, "iu_a_span": [279.47, 281.68], "meta": {"topic": "childhood", "type": "Narrative", "language": "賽德克語, Seediq, Tgdaya", "speaker": "周玉英, Micang Tado, female, 1942-?-?", "collected": "2007-05-26", "revised": "2013-11-20", "video": "sdqNr-childhood_micang.mp3"}, "file": "Seediq_Tgdaya/sdqNr-childhood_micang", "num": 89}], [90, {"ori": [], "gloss": [["...", "", ""], ["m-kela=ku", "AF-know=1SG.NOM", "主焦-知道=1SG.主格"], ["q<m>ita", "<AF>see", "<主焦>看"], ["ka==,\\", "NOM", "主格"]], "free": [], "s_end": false, "iu_a_span": [281.68, 283.95], "meta": {"topic": "childhood", "type": "Narrative", "language": "賽德克語, Seediq, Tgdaya", "speaker": "周玉英, Micang Tado, female, 1942-?-?", "collected": "2007-05-26", "revised": "2013-11-20", "video": "sdqNr-childhood_micang.mp3"}, "file": "Seediq_Tgdaya/sdqNr-childhood_micang", "num": 90}], [91, {"ori": [], "gloss": [["..", "", ""], ["a==", "FIL", "FIL"], ["mesa", "AF.say", "主焦.說"], ["<L2Myi", "one", "一"], ["piri", "PIRI", "PIRI"], ["yi", "one", "一"], ["piringL2M>", "PIRING", "PIRING"], ["kiya", "that", "那個"], ["kla-un=mu", "know-PF=1SG.GEN", "知道-受焦=1SG.屬格"], ["<@kiya@>", "that", "那個"], ["ma,\\", "then", "然後"]], "free": ["#e I was fifteen years old at that time, and I knew how to tell the measurement of the cloth, which they call one piri/piring. That I know.", "#c 我當時十五歲，然後我會看那個他們所說的一piri/piring的布的單位。那個我知道。", "#n 目前無從得知何為一piri/piring。應為布匹的單位。"], "s_end": true, "iu_a_span": [283.95, 288.17], "meta": {"topic": "childhood", "type": "Narrative", "language": "賽德克語, Seediq, Tgdaya", "speaker": "周玉英, Micang Tado, female, 1942-?-?", "collected": "2007-05-26", "revised": "2013-11-20", "video": "sdqNr-childhood_micang.mp3"}, "s_a_span": [279.47, 288.17], "file": "Seediq_Tgdaya/sdqNr-childhood_micang", "num": 91}], [92, {"ori": [], "gloss": [["...", "", ""], ["@@", "", ""], ["ma,_", "then", "然後"]], "free": [], "s_end": false, "iu_a_span": [288.17, 289.24], "meta": {"topic": "childhood", "type": "Narrative", "language": "賽德克語, Seediq, Tgdaya", "speaker": "周玉英, Micang Tado, female, 1942-?-?", "collected": "2007-05-26", "revised": "2013-11-20", "video": "sdqNr-childhood_micang.mp3"}, "file": "Seediq_Tgdaya/sdqNr-childhood_micang", "num": 92}], [93, {"ori": [], "gloss": [["...", "", ""], ["^m-atak=ku", "AF-cut=1SG.NOM", "主焦-剪=1SG.主格"], ["uri", "also", "也"], ["de", "PART", "語助詞"], ["wada=ku", "AUX.PST=1SG.NOM", "助動詞.過去=1SG.主格"], ["m-kela", "AF-know", "主焦-知道"], ["tikuh", "a.little", "一點"], ["duri", "also", "也"], ["di", "PFV.PART", "完成.語助詞"], ["ma,\\", "then", "然後"]], "free": ["#e I did the cutting too. And I got to know a little about it.", "#c 我就做剪裁。我也會了一點。"], "s_end": true, "iu_a_span": [289.24, 292.41], "meta": {"topic": "childhood", "type": "Narrative", "language": "賽德克語, Seediq, Tgdaya", "speaker": "周玉英, Micang Tado, female, 1942-?-?", "collected": "2007-05-26", "revised": "2013-11-20", "video": "sdqNr-childhood_micang.mp3"}, "s_a_span": [288.17, 292.41], "file": "Seediq_Tgdaya/sdqNr-childhood_micang", "num": 93}], [94, {"ori": [], "gloss": [["...", "", ""], ["s-laale=ku", "RF-be.in.front=1SG.NOM", "參焦-前面=1SG.主格"], ["m-atak", "AF-cut", "主焦-剪"], ["de,\\", "PART", "語助詞"]], "free": ["#n slaale 做動詞獨立使用原為空間上\"在前面\"之意 (參焦slaale和主焦plaale似乎是通用)。如：slaale/plaale isu \"你(走)前面\"。", "#n 若 slaale 後接動詞，則有時間上\"先做某事\"的語意。如：slaale mosa alang isu  \"你先回部落\"。", "#n sllai [祈使]; sllaun [PF]; sllaan [LF]。", "#n slaale 做動詞獨立使用原為空間上\"在前面\"之意 (參焦slaale和主焦plaale似乎是通用)。如：slaale/plaale isu \"你(走)前面\"。", "#n 若 slaale 後接動詞，則有時間上\"先做某事\"的語意。如：slaale mosa alang isu  \"你先回部落\"。", "#n sllai [祈使]; sllaun [PF]; sllaan [LF]。"], "s_end": false, "iu_a_span": [292.41, 294.25], "meta": {"topic": "childhood", "type": "Narrative", "language": "賽德克語, Seediq, Tgdaya", "speaker": "周玉英, Micang Tado, female, 1942-?-?", "collected": "2007-05-26", "revised": "2013-11-20", "video": "sdqNr-childhood_micang.mp3"}, "file": "Seediq_Tgdaya/sdqNr-childhood_micang", "num": 94}], [95, {"ori": [], "gloss": [["..", "", ""], ["ini=mu", "NEG=1SG.GEN", "否定=1SG.屬格"], ["<L2MciyaL2M>", "add", "加"], ["a", "FIL", "FIL"], ["<L2MwuhunL2M>", "five.centimeters", "五分"], ["ka", "NOM", "主格"], ["<@XX@>", "", ""], ["lukus", "XX", "XX"], ["kiya", "clothing", "衣服"], ["di", "that", "那個"], ["ma,\\", "PFV.PART", "完成.語助詞"]], "free": ["#e When I first do the cutting, I didn't add five centimeters to the clothing.", "#c 當我先剪的時候，那個衣服我沒有加五分 (縫製時的長度)"], "s_end": true, "iu_a_span": [294.25, 298.1], "meta": {"topic": "childhood", "type": "Narrative", "language": "賽德克語, Seediq, Tgdaya", "speaker": "周玉英, Micang Tado, female, 1942-?-?", "collected": "2007-05-26", "revised": "2013-11-20", "video": "sdqNr-childhood_micang.mp3"}, "s_a_span": [292.41, 298.1], "file": "Seediq_Tgdaya/sdqNr-childhood_micang", "num": 95}], [96, {"ori": [], "gloss": [["...", "", ""], ["m-lukus=ku", "AF-clothing=1SG.NOM", "主焦-衣服=1SG.主格"], ["di", "PFV.PART", "完成.語助詞"], ["ini", "NEG", "否定"], ["usa", "go", "去"], ["di", "PFV.PART", "完成.語助詞"], ["wada", "AUX.PST", "助動詞.過去"], ["<@wada", "AUX.PST", "助動詞.過去"], ["wada@>,_", "AUX.PST", "助動詞.過去"]], "free": ["#e So I wore it, but it didn't fit me.", "#c 我穿了衣服，但卻穿不下。", "#n ini usa 原意指衣服\"過不去\"，引申為穿不下。"], "s_end": true, "iu_a_span": [298.1, 302.52], "meta": {"topic": "childhood", "type": "Narrative", "language": "賽德克語, Seediq, Tgdaya", "speaker": "周玉英, Micang Tado, female, 1942-?-?", "collected": "2007-05-26", "revised": "2013-11-20", "video": "sdqNr-childhood_micang.mp3"}, "s_a_span": [298.1, 302.52], "file": "Seediq_Tgdaya/sdqNr-childhood_micang", "num": 96}], [97, {"ori": [], "gloss": [["...", "", ""], ["wada,_", "AUX.PST", "助動詞.過去"]], "free": [], "s_end": false, "iu_a_span": [302.52, 303.93], "meta": {"topic": "childhood", "type": "Narrative", "language": "賽德克語, Seediq, Tgdaya", "speaker": "周玉英, Micang Tado, female, 1942-?-?", "collected": "2007-05-26", "revised": "2013-11-20", "video": "sdqNr-childhood_micang.mp3"}, "file": "Seediq_Tgdaya/sdqNr-childhood_micang", "num": 97}], [98, {"ori": [], "gloss": [["...", "", ""], ["ini", "NEG", "否定"], ["anu", "then", "然後"], ["ka==,_", "KA", "KA"]], "free": [], "s_end": false, "iu_a_span": [303.93, 305.88], "meta": {"topic": "childhood", "type": "Narrative", "language": "賽德克語, Seediq, Tgdaya", "speaker": "周玉英, Micang Tado, female, 1942-?-?", "collected": "2007-05-26", "revised": "2013-11-20", "video": "sdqNr-childhood_micang.mp3"}, "file": "Seediq_Tgdaya/sdqNr-childhood_micang", "num": 98}], [99, {"ori": [], "gloss": [["...", "", ""], ["<L2MciyaL2M>", "add", "加"], ["ka", "NOM", "主格"]], "free": [], "s_end": false, "iu_a_span": [305.88, 306.79], "meta": {"topic": "childhood", "type": "Narrative", "language": "賽德克語, Seediq, Tgdaya", "speaker": "周玉英, Micang Tado, female, 1942-?-?", "collected": "2007-05-26", "revised": "2013-11-20", "video": "sdqNr-childhood_micang.mp3"}, "file": "Seediq_Tgdaya/sdqNr-childhood_micang", "num": 99}]], "meta": {"topic": "childhood", "type": "Narrative", "language": "賽德克語, Seediq, Tgdaya", "speaker": "周玉英, Micang Tado, female, 1942-?-?", "collected": "2007-05-26", "revised": "2013-11-20", "video": "sdqNr-childhood_micang.mp3"}}