{"glosses": [[1, {"ori": [], "gloss": [["...", "", ""], ["nii", "this", "這個"], ["ka", "NOM", "主格"], ["beras", "rice", "米"], ["dhequy", "sticky.rice", "糯米"], ["snag-un", "wash-PF", "洗-受焦"], ["qsiya,\\", "water", "水"]], "free": ["#e Firstly, wash sticky rice with water,", "#c 先用水將糯米洗過，", "#n IU1 beras dehequy 'sticky rice糯米'", "#n IU1 snagun is from smino 'to wash'. Other forms are snagi, snagan 'things that can be washed 洗一般的物品' , psnagi 'ask someone to wash', psnagan", "#n IU1 msino 'brew釀酒'"], "s_end": true, "iu_a_span": [0.13, 2.42], "meta": {"topic": "sinobale", "type": "Narrative", "language": "賽德克語, Seediq, Tgdaya", "speaker": "邱紅春蘭, Uma Nokan, female, 1932", "collected": "1997-04-04", "revised": "2014-2-10", "video": "sdqNr-sinobale_uma.mp3"}, "s_a_span": [0.13, 2.42], "file": "Seediq_Tgdaya/sdqNr-sinobale_uma", "num": 1}], [2, {"ori": [], "gloss": [["...", "", ""], ["ma==,\\", "then", "然後"]], "free": [], "s_end": false, "iu_a_span": [2.42, 3.55], "meta": {"topic": "sinobale", "type": "Narrative", "language": "賽德克語, Seediq, Tgdaya", "speaker": "邱紅春蘭, Uma Nokan, female, 1932", "collected": "1997-04-04", "revised": "2014-2-10", "video": "sdqNr-sinobale_uma.mp3"}, "file": "Seediq_Tgdaya/sdqNr-sinobale_uma", "num": 2}], [3, {"ori": [], "gloss": [["...", "", ""], ["rbeg-un", "soak-PF", "泡-受焦"], ["a==,\\", "FIL", "FIL"]], "free": [], "s_end": false, "iu_a_span": [3.55, 5.46], "meta": {"topic": "sinobale", "type": "Narrative", "language": "賽德克語, Seediq, Tgdaya", "speaker": "邱紅春蘭, Uma Nokan, female, 1932", "collected": "1997-04-04", "revised": "2014-2-10", "video": "sdqNr-sinobale_uma.mp3"}, "file": "Seediq_Tgdaya/sdqNr-sinobale_uma", "num": 3}], [4, {"ori": [], "gloss": [["...", "", ""], ["ani", "although", "即使"], ["naq", "self", "自己"], ["<L2JLsanjikangL2J>,\\", "three.hours", "三個小時"]], "free": ["#e then soak the washed sticky rice into water for three hours.", "#c 接著將洗過的糯米浸泡在水中約三小時，", "#n IU3 rbegun 'soak into water以水浸泡' is related to rmebu, rbegi, rbegun, rbegan, runbegan/rnbegan 'things that are soaked/water that is used for washing rice泡過之物；洗米水'。", "#n sino bale is also called sino seediq. Its original name was qnepu. Qnepu refers to filtrated liquid. / sino bale 又稱sino seediq, 其實它最初的稱謂是 qnepu. Qnepu是「經篩子過濾之液體」的意思。"], "s_end": true, "iu_a_span": [5.46, 7.23], "meta": {"topic": "sinobale", "type": "Narrative", "language": "賽德克語, Seediq, Tgdaya", "speaker": "邱紅春蘭, Uma Nokan, female, 1932", "collected": "1997-04-04", "revised": "2014-2-10", "video": "sdqNr-sinobale_uma.mp3"}, "s_a_span": [2.42, 7.23], "file": "Seediq_Tgdaya/sdqNr-sinobale_uma", "num": 4}], [5, {"ori": [], "gloss": [["...(0.8)", "", ""], ["ma", "then", "然後"], ["rbeg-i", "soak-PF.IMP", "泡-受焦.祈使"], ["ma", "then", "然後"], ["ma,\\", "then", "然後"]], "free": ["#e After soaking sticky rice into water,", "#c 糯米泡水後，"], "s_end": true, "iu_a_span": [7.23, 9.25], "meta": {"topic": "sinobale", "type": "Narrative", "language": "賽德克語, Seediq, Tgdaya", "speaker": "邱紅春蘭, Uma Nokan, female, 1932", "collected": "1997-04-04", "revised": "2014-2-10", "video": "sdqNr-sinobale_uma.mp3"}, "s_a_span": [7.23, 9.25], "file": "Seediq_Tgdaya/sdqNr-sinobale_uma", "num": 5}], [6, {"ori": [], "gloss": [["...", "", ""], ["kika", "thus", "所以"], ["hlma-un=su,\\", "steam-PF=2SG.GEN", "蒸煮-受焦=2SG.屬格"]], "free": [], "s_end": false, "iu_a_span": [9.25, 11.01], "meta": {"topic": "sinobale", "type": "Narrative", "language": "賽德克語, Seediq, Tgdaya", "speaker": "邱紅春蘭, Uma Nokan, female, 1932", "collected": "1997-04-04", "revised": "2014-2-10", "video": "sdqNr-sinobale_uma.mp3"}, "file": "Seediq_Tgdaya/sdqNr-sinobale_uma", "num": 6}], [7, {"ori": [], "gloss": [["..", "", ""], ["kulu", "steam.box", "蒸桶"], ["hlama", "rice.cake", "糯米糕"], ["di.\\", "PFV.PART", "完成.語助詞"]], "free": ["#e you use steaming box to steam the sticky rice.", "#c 妳用蒸桶將糯米蒸煮。", "#n IU7 hlmaun is from hlama 'sticky rice/cake (noun) 糯米飯、糖果（名詞）', hmlama 'steam sticky rice (verb) 蒸煮糯米飯（動詞）'. Other forms are hlmai, hlmaun, hlmaan.", "#n Seediq steam box (蒸桶) is made by Firmiana simplex梧桐.", "#n duhung 'mortar 臼', seru 'mallet杵'. They are made of tgebin ' zelkova tree櫸木'."], "s_end": true, "iu_a_span": [11.01, 12.13], "meta": {"topic": "sinobale", "type": "Narrative", "language": "賽德克語, Seediq, Tgdaya", "speaker": "邱紅春蘭, Uma Nokan, female, 1932", "collected": "1997-04-04", "revised": "2014-2-10", "video": "sdqNr-sinobale_uma.mp3"}, "s_a_span": [9.25, 12.13], "file": "Seediq_Tgdaya/sdqNr-sinobale_uma", "num": 7}], [8, {"ori": [], "gloss": [["...(1.2)", "", ""], ["m-hada", "AF-finish", "主焦-結束"], ["pray-un=su==,\\", "cook-PF=2SG.GEN", "煮-受焦=2SG.屬格"]], "free": [], "s_end": false, "iu_a_span": [12.13, 15.22], "meta": {"topic": "sinobale", "type": "Narrative", "language": "賽德克語, Seediq, Tgdaya", "speaker": "邱紅春蘭, Uma Nokan, female, 1932", "collected": "1997-04-04", "revised": "2014-2-10", "video": "sdqNr-sinobale_uma.mp3"}, "file": "Seediq_Tgdaya/sdqNr-sinobale_uma", "num": 8}], [9, {"ori": [], "gloss": [["..", "", ""], ["puniq", "fire", "火"], ["ma,\\", "PART", "語助詞"]], "free": ["#e you use fire to steam up.", "#c 妳用柴火蒸熟，", "#n IU8 Mahada means 'mature (fruit)', 'cooked well', and 'boiled well'", "#n IU8 prayun is from pure 'cook煮飯'. Other forms are prai, prayun/praun, prayan/praan, hpurai, hprayun, hprayan, hnprayan 'cooked food', sapah pprayan 'kitchen廚房'."], "s_end": true, "iu_a_span": [15.22, 15.87], "meta": {"topic": "sinobale", "type": "Narrative", "language": "賽德克語, Seediq, Tgdaya", "speaker": "邱紅春蘭, Uma Nokan, female, 1932", "collected": "1997-04-04", "revised": "2014-2-10", "video": "sdqNr-sinobale_uma.mp3"}, "s_a_span": [12.13, 15.87], "file": "Seediq_Tgdaya/sdqNr-sinobale_uma", "num": 9}], [10, {"ori": [], "gloss": [["...", "", ""], ["m-hada", "AF-finish", "主焦-結束"], ["hlama", "rice.cake", "糯米糕"], ["kii", "that", "那個"], ["de,\\", "PART", "語助詞"]], "free": ["#e After the sticky rice steamed well,", "#c 糯米蒸熟後，"], "s_end": true, "iu_a_span": [15.87, 17.62], "meta": {"topic": "sinobale", "type": "Narrative", "language": "賽德克語, Seediq, Tgdaya", "speaker": "邱紅春蘭, Uma Nokan, female, 1932", "collected": "1997-04-04", "revised": "2014-2-10", "video": "sdqNr-sinobale_uma.mp3"}, "s_a_span": [15.87, 17.62], "file": "Seediq_Tgdaya/sdqNr-sinobale_uma", "num": 10}], [11, {"ori": [], "gloss": [["...", "", ""], ["p-kru-un", "CAU-pour-PF", "使役-倒入-受焦"], ["btuku", "plate", "圓箕"], ["di.\\", "PFV.PART", "完成.語助詞"]], "free": ["#e put it into round-shaped tray.", "#c 把它倒在圓箕裡。", "#n IU11 pkruun is from pkeru/mkeru 'pour倒入'. Other forms are pkrui 'ask someone to pour', pkruun, pkruan, kpurui 'pour: speakers action'."], "s_end": true, "iu_a_span": [17.62, 19.31], "meta": {"topic": "sinobale", "type": "Narrative", "language": "賽德克語, Seediq, Tgdaya", "speaker": "邱紅春蘭, Uma Nokan, female, 1932", "collected": "1997-04-04", "revised": "2014-2-10", "video": "sdqNr-sinobale_uma.mp3"}, "s_a_span": [17.62, 19.31], "file": "Seediq_Tgdaya/sdqNr-sinobale_uma", "num": 11}], [12, {"ori": [], "gloss": [["...", "", ""], ["kru-un", "pour-PF", "倒入-受焦"], ["btuku", "plate", "圓萁"], ["ma,\\", "then", "然後"]], "free": ["#e pout into the round-shaped plate.", "#c 倒在圓箕裡。", "#n IU12 in pkruun, p is almost inaudible."], "s_end": true, "iu_a_span": [19.31, 20.93], "meta": {"topic": "sinobale", "type": "Narrative", "language": "賽德克語, Seediq, Tgdaya", "speaker": "邱紅春蘭, Uma Nokan, female, 1932", "collected": "1997-04-04", "revised": "2014-2-10", "video": "sdqNr-sinobale_uma.mp3"}, "s_a_span": [19.31, 20.93], "file": "Seediq_Tgdaya/sdqNr-sinobale_uma", "num": 12}], [13, {"ori": [], "gloss": [["...", "", ""], ["tleetu", "AF.chill", "主焦.冷卻"], ["ma==,\\", "then", "然後"]], "free": [], "s_end": false, "iu_a_span": [20.93, 22.72], "meta": {"topic": "sinobale", "type": "Narrative", "language": "賽德克語, Seediq, Tgdaya", "speaker": "邱紅春蘭, Uma Nokan, female, 1932", "collected": "1997-04-04", "revised": "2014-2-10", "video": "sdqNr-sinobale_uma.mp3"}, "file": "Seediq_Tgdaya/sdqNr-sinobale_uma", "num": 13}], [14, {"ori": [], "gloss": [["hlama", "sticky.rice", "糯米飯"], ["kii", "that", "那個"], ["de,\\", "PART", "語助詞"]], "free": ["#e When the sticky rice cools down to room temperature,", "#c 糯米飯冷卻到常溫時，", "#n IU13 mtilux 'heat up'", "#n IU13 tleetu 'room temperature 指常溫的溫度' Tltei 'put something hot in room temparature to make it cool down將熱的物品冷卻'. Other forms are tlteun, tltean, tleetu."], "s_end": true, "iu_a_span": [22.72, 23.43], "meta": {"topic": "sinobale", "type": "Narrative", "language": "賽德克語, Seediq, Tgdaya", "speaker": "邱紅春蘭, Uma Nokan, female, 1932", "collected": "1997-04-04", "revised": "2014-2-10", "video": "sdqNr-sinobale_uma.mp3"}, "s_a_span": [20.93, 23.43], "file": "Seediq_Tgdaya/sdqNr-sinobale_uma", "num": 14}], [15, {"ori": [], "gloss": [["...(0.7)", "", ""], ["t<m>amun", "<AF>put.malted.rice", "<主焦>放酒麴"], ["di.\\", "PFV.PART", "完成.語助詞"]], "free": ["#e you put malted rice (it should be mixed evenly).", "#c 就灑上酒麴（要攪拌均勻），"], "s_end": true, "iu_a_span": [23.43, 25.03], "meta": {"topic": "sinobale", "type": "Narrative", "language": "賽德克語, Seediq, Tgdaya", "speaker": "邱紅春蘭, Uma Nokan, female, 1932", "collected": "1997-04-04", "revised": "2014-2-10", "video": "sdqNr-sinobale_uma.mp3"}, "s_a_span": [23.43, 25.03], "file": "Seediq_Tgdaya/sdqNr-sinobale_uma", "num": 15}], [16, {"ori": [], "gloss": [["..", "", ""], ["t<m>amun", "<AF>malted.rice", "<主焦>酒麴"], ["t<m>amun", "<AF>", "<主焦>酒麴"], ["tamun", "malted.rice", "酒麴"], ["di.\\", "malted.rice", "完成.語助詞"]], "free": ["#e Put malted rice,", "#c 灑上酒麴，", "#n IU16 tmamun 'put malted rice into something 以酒麴混入某物' tamun 'malted rice (noun)/酒麴（名詞）' or 'Mallotus paniculatus白匏樹'."], "s_end": true, "iu_a_span": [25.03, 26.89], "meta": {"topic": "sinobale", "type": "Narrative", "language": "賽德克語, Seediq, Tgdaya", "speaker": "邱紅春蘭, Uma Nokan, female, 1932", "collected": "1997-04-04", "revised": "2014-2-10", "video": "sdqNr-sinobale_uma.mp3"}, "s_a_span": [25.03, 26.89], "file": "Seediq_Tgdaya/sdqNr-sinobale_uma", "num": 16}], [17, {"ori": [], "gloss": [["...", "", ""], ["ma", "then", "然後"], ["kika==,\\", "thus", "所以"]], "free": [], "s_end": false, "iu_a_span": [26.89, 28.48], "meta": {"topic": "sinobale", "type": "Narrative", "language": "賽德克語, Seediq, Tgdaya", "speaker": "邱紅春蘭, Uma Nokan, female, 1932", "collected": "1997-04-04", "revised": "2014-2-10", "video": "sdqNr-sinobale_uma.mp3"}, "file": "Seediq_Tgdaya/sdqNr-sinobale_uma", "num": 17}], [18, {"ori": [], "gloss": [["...", "", ""], ["bung-un=su", "cover-PF=2SG.GEN", "蓋-受焦=2SG.屬格"], ["a==,\\", "FIL", "FIL"]], "free": ["#e and then, cover it up.", "#c ..接著.將它蓋起來。", "#n IU18 bungun 'cover蓋住'is related to mubung, bungi, bungun, bungan."], "s_end": true, "iu_a_span": [28.48, 30.05], "meta": {"topic": "sinobale", "type": "Narrative", "language": "賽德克語, Seediq, Tgdaya", "speaker": "邱紅春蘭, Uma Nokan, female, 1932", "collected": "1997-04-04", "revised": "2014-2-10", "video": "sdqNr-sinobale_uma.mp3"}, "s_a_span": [26.89, 30.05], "file": "Seediq_Tgdaya/sdqNr-sinobale_uma", "num": 18}], [19, {"ori": [], "gloss": [["...", "", ""], ["m--", "FS", "FS"], ["a--", "FS", "FS主焦-完成=2SG.主格"], ["m-hedu=su", "AF-finish=2SG.NOM", "<主焦>酒麴"], ["t<m>amun", "<AF>malted.rice", "語助詞"], ["de", "PART", "蓋-受焦=2SG.屬格"], ["bung-un=su", "cover-PF=2SG.GEN", "完成.語助詞"], ["di", "PFV.PART", "然後"], ["ma,\\", "", ""]], "free": [], "s_end": false, "iu_a_span": [30.05, 33.64], "meta": {"topic": "sinobale", "type": "Narrative", "language": "賽德克語, Seediq, Tgdaya", "speaker": "邱紅春蘭, Uma Nokan, female, 1932", "collected": "1997-04-04", "revised": "2014-2-10", "video": "sdqNr-sinobale_uma.mp3"}, "file": "Seediq_Tgdaya/sdqNr-sinobale_uma", "num": 19}], [20, {"ori": [], "gloss": [["...", "", ""], ["kika==,\\", "thus", "所以"]], "free": ["#e After you mix the sticky rice and koji evenly, you cover it up, then,", "#c 妳將糯米飯與酒麴混合均勻後，妳就把它蓋起來...那麼（接下來），"], "s_end": true, "iu_a_span": [33.64, 34.89], "meta": {"topic": "sinobale", "type": "Narrative", "language": "賽德克語, Seediq, Tgdaya", "speaker": "邱紅春蘭, Uma Nokan, female, 1932", "collected": "1997-04-04", "revised": "2014-2-10", "video": "sdqNr-sinobale_uma.mp3"}, "s_a_span": [30.05, 34.89], "file": "Seediq_Tgdaya/sdqNr-sinobale_uma", "num": 20}], [21, {"ori": [], "gloss": [["...", "", ""], ["mk-teru", "MK-three", "MK-三"], ["de", "PART", "語助詞"], ["m-tilux", "AF-hot", "主焦-熱"], ["de,\\", "PART", "語助詞"]], "free": ["#e after three days (due to catalysis), sticky rice become heated.", "#c 過了三天（因酒麴發酵）糯米飯會發熱，", "#n IU21 mkdaha 'after two days 經過兩天', mksepac 'after four days經過四天',"], "s_end": true, "iu_a_span": [34.89, 37.08], "meta": {"topic": "sinobale", "type": "Narrative", "language": "賽德克語, Seediq, Tgdaya", "speaker": "邱紅春蘭, Uma Nokan, female, 1932", "collected": "1997-04-04", "revised": "2014-2-10", "video": "sdqNr-sinobale_uma.mp3"}, "s_a_span": [34.89, 37.08], "file": "Seediq_Tgdaya/sdqNr-sinobale_uma", "num": 21}], [22, {"ori": [], "gloss": [["...", "", ""], ["ng^al-un=su", "take-PF=2SG.GEN", "拿-受焦=2SG.屬格"], ["du", "PFV.PART", "完成.語助詞"], ["ma", "then", "然後"], ["psa-un=su", "put-PF=2SG.GEN", "放-受焦=2SG.屬格"], ["salo", "container", "容器"], ["di.\\", "PFV.PART", "完成.語助詞"]], "free": ["#e So, put it inside salo (a kind of container).", "#c 就把它放入容器（salo）中。", "#n IU22 ngalun 'take取拿'is related to mangan, ngali, ngalun, ngalan", "#n IU22 psaun 'put放置' is related to paha, psai, psaun, psaan."], "s_end": true, "iu_a_span": [37.08, 40.56], "meta": {"topic": "sinobale", "type": "Narrative", "language": "賽德克語, Seediq, Tgdaya", "speaker": "邱紅春蘭, Uma Nokan, female, 1932", "collected": "1997-04-04", "revised": "2014-2-10", "video": "sdqNr-sinobale_uma.mp3"}, "s_a_span": [37.08, 40.56], "file": "Seediq_Tgdaya/sdqNr-sinobale_uma", "num": 22}], [23, {"ori": [], "gloss": [["...", "", ""], ["salo", "container", "容器"], ["ma", "then", "然後"], ["psa-un", "put-PF", "放-受焦"], ["qsiya", "water", "水"], ["di", "PFV.PART", "完成.語助詞"], ["ma,\\", "then", "然後"]], "free": [], "s_end": false, "iu_a_span": [40.56, 42.82], "meta": {"topic": "sinobale", "type": "Narrative", "language": "賽德克語, Seediq, Tgdaya", "speaker": "邱紅春蘭, Uma Nokan, female, 1932", "collected": "1997-04-04", "revised": "2014-2-10", "video": "sdqNr-sinobale_uma.mp3"}, "file": "Seediq_Tgdaya/sdqNr-sinobale_uma", "num": 23}], [24, {"ori": [], "gloss": [["...", "", ""], ["psa-un", "put-PF", "放-受焦"], ["biciq", "AF.small", "主焦.小"], ["qsiya", "water", "水"], ["wa", "PART", "語助詞"], ["psa-un", "put-PF", "放-受焦"], ["betaq", "AF.arrive", "主焦.到達"], ["bale", "real", "真的"], ["hini", "here", "這裡"], ["qsiya.\\", "water", "水"]], "free": ["#e (When you put steamed rice into a container), pour a little water, only up to here.", "#c （已發酵的糯米飯置入容器中時）加少許的水，只能加水到這裡，", "#n IU24 she is probably making a gesture explaining that water should be poured until certain point."], "s_end": true, "iu_a_span": [42.82, 45.94], "meta": {"topic": "sinobale", "type": "Narrative", "language": "賽德克語, Seediq, Tgdaya", "speaker": "邱紅春蘭, Uma Nokan, female, 1932", "collected": "1997-04-04", "revised": "2014-2-10", "video": "sdqNr-sinobale_uma.mp3"}, "s_a_span": [40.56, 45.94], "file": "Seediq_Tgdaya/sdqNr-sinobale_uma", "num": 24}], [25, {"ori": [], "gloss": [["..", "", ""], ["kes-un", "say-PF", "說-受焦"], ["g<m>^egang", "<AF>mix", "<主焦>攪拌"], ["ma==,\\", "then", "然後"]], "free": ["#e Like this way, mix them,", "#c 這樣子將它攪拌，", "#n IU25 gmegang 'mix攪拌' is related to ggami, ggamun, ggaman."], "s_end": true, "iu_a_span": [45.94, 47.75], "meta": {"topic": "sinobale", "type": "Narrative", "language": "賽德克語, Seediq, Tgdaya", "speaker": "邱紅春蘭, Uma Nokan, female, 1932", "collected": "1997-04-04", "revised": "2014-2-10", "video": "sdqNr-sinobale_uma.mp3"}, "s_a_span": [45.94, 47.75], "file": "Seediq_Tgdaya/sdqNr-sinobale_uma", "num": 25}], [26, {"ori": [], "gloss": [["...", "", ""], ["kika==,\\", "thus", "所以"]], "free": [], "s_end": false, "iu_a_span": [47.75, 49.08], "meta": {"topic": "sinobale", "type": "Narrative", "language": "賽德克語, Seediq, Tgdaya", "speaker": "邱紅春蘭, Uma Nokan, female, 1932", "collected": "1997-04-04", "revised": "2014-2-10", "video": "sdqNr-sinobale_uma.mp3"}, "file": "Seediq_Tgdaya/sdqNr-sinobale_uma", "num": 26}], [27, {"ori": [], "gloss": [["...", "", ""], ["gmuk-i", "cover.up-PF.IMP", "蓋起來-受焦.祈使"], ["di", "PFV.PART", "完成.語助詞"], ["ma,\\", "then", "然後"]], "free": [], "s_end": false, "iu_a_span": [49.08, 51.07], "meta": {"topic": "sinobale", "type": "Narrative", "language": "賽德克語, Seediq, Tgdaya", "speaker": "邱紅春蘭, Uma Nokan, female, 1932", "collected": "1997-04-04", "revised": "2014-2-10", "video": "sdqNr-sinobale_uma.mp3"}, "file": "Seediq_Tgdaya/sdqNr-sinobale_uma", "num": 27}], [28, {"ori": [], "gloss": [["...", "", ""], ["tikuh", "a.little", "少"], ["e--,\\", "FS", "FS"]], "free": ["#e then, cover it. A little...", "#c 那麼把它蓋起來...少..", "#n IU27 gmuki 'cover蓋住' is related to gmemuk, gmukun, gmukan."], "s_end": true, "iu_a_span": [51.07, 52.62], "meta": {"topic": "sinobale", "type": "Narrative", "language": "賽德克語, Seediq, Tgdaya", "speaker": "邱紅春蘭, Uma Nokan, female, 1932", "collected": "1997-04-04", "revised": "2014-2-10", "video": "sdqNr-sinobale_uma.mp3"}, "s_a_span": [47.75, 52.62], "file": "Seediq_Tgdaya/sdqNr-sinobale_uma", "num": 28}], [29, {"ori": [], "gloss": [["...", "", ""], ["ani", "although", "即使"], ["naq", "self", "自己"], ["a", "FIL", "FIL"], ["mk-maxan", "MK-ten", "MK-十"], ["hari", "a.little", "一點"], ["de,\\", "PART", "語助詞"]], "free": [], "s_end": false, "iu_a_span": [52.62, 55.62], "meta": {"topic": "sinobale", "type": "Narrative", "language": "賽德克語, Seediq, Tgdaya", "speaker": "邱紅春蘭, Uma Nokan, female, 1932", "collected": "1997-04-04", "revised": "2014-2-10", "video": "sdqNr-sinobale_uma.mp3"}, "file": "Seediq_Tgdaya/sdqNr-sinobale_uma", "num": 29}], [30, {"ori": [], "gloss": [["malu", "AF.good", "主焦.好"], ["di", "PFV.PART", "完成.語助詞"], ["ngal-i", "take-PF.IMP", "拿-受焦.祈使完成.語助詞"], ["di,\\", "", ""]], "free": ["#e after about ten days, it brews well, then take it out,", "#c 約過了10天後..就（釀）好了，把它取出來，"], "s_end": true, "iu_a_span": [55.62, 56.59], "meta": {"topic": "sinobale", "type": "Narrative", "language": "賽德克語, Seediq, Tgdaya", "speaker": "邱紅春蘭, Uma Nokan, female, 1932", "collected": "1997-04-04", "revised": "2014-2-10", "video": "sdqNr-sinobale_uma.mp3"}, "s_a_span": [52.62, 56.59], "file": "Seediq_Tgdaya/sdqNr-sinobale_uma", "num": 30}], [31, {"ori": [], "gloss": [["...", "", ""], ["sino", "liquor", "酒"], ["di.\\", "PFV.PART", "完成.助動詞"]], "free": ["#e it already is liquor.", "#c 那就是酒了。"], "s_end": true, "iu_a_span": [56.59, 57.96], "meta": {"topic": "sinobale", "type": "Narrative", "language": "賽德克語, Seediq, Tgdaya", "speaker": "邱紅春蘭, Uma Nokan, female, 1932", "collected": "1997-04-04", "revised": "2014-2-10", "video": "sdqNr-sinobale_uma.mp3"}, "s_a_span": [56.59, 57.96], "file": "Seediq_Tgdaya/sdqNr-sinobale_uma", "num": 31}], [32, {"ori": [], "gloss": [["...(0.7)", "", ""], ["so", "be.like", "像"], ["kiya.\\", "that", "那樣"]], "free": ["#e That is it.", "#c 就這樣。"], "s_end": true, "iu_a_span": [57.96, 59.19], "meta": {"topic": "sinobale", "type": "Narrative", "language": "賽德克語, Seediq, Tgdaya", "speaker": "邱紅春蘭, Uma Nokan, female, 1932", "collected": "1997-04-04", "revised": "2014-2-10", "video": "sdqNr-sinobale_uma.mp3"}, "s_a_span": [57.96, 59.19], "file": "Seediq_Tgdaya/sdqNr-sinobale_uma", "num": 32}]], "meta": {"topic": "sinobale", "type": "Narrative", "language": "賽德克語, Seediq, Tgdaya", "speaker": "邱紅春蘭, Uma Nokan, female, 1932", "collected": "1997-04-04", "revised": "2014-2-10", "video": "sdqNr-sinobale_uma.mp3"}}