{"glosses": [[1, {"ori": [], "gloss": [["...", "", ""], ["m--,_", "FIL", "FIL"]], "free": [], "s_end": false, "iu_a_span": [2.32, 2.86], "meta": {"topic": "tradition", "type": "Narrative", "language": "賽德克語, Seediq, Tgdaya", "speaker": "郭明正, Dakis Pawan, male, 1953-02-24", "collected": "None", "revised": "None", "video": "sdqNr-tradition_dakis.mp3"}, "file": "Seediq_Tgdaya/sdqNr-tradition_dakis", "num": 1}], [2, {"ori": [], "gloss": [["...(0.8)", "", ""], ["ma", "PART", "語助詞"], ["mesa", "AF.say", "主焦.說"], ["kingan", "one", "一"], ["kari", "word", "話"], ["a,\\", "FIL", "FIL"]], "free": [], "s_end": false, "iu_a_span": [2.86, 5.4], "meta": {"topic": "tradition", "type": "Narrative", "language": "賽德克語, Seediq, Tgdaya", "speaker": "郭明正, Dakis Pawan, male, 1953-02-24", "collected": "None", "revised": "None", "video": "sdqNr-tradition_dakis.mp3"}, "file": "Seediq_Tgdaya/sdqNr-tradition_dakis", "num": 2}], [3, {"ori": [], "gloss": [["..", "", ""], ["b<n>ahangan=mu", "<PF.PFV>hear-PF=1SG.GEN", "<受焦.完成>聽-受焦=1SG.屬格"], ["inu==,\\", "where", "哪裡"]], "free": [], "s_end": false, "iu_a_span": [5.4, 6.68], "meta": {"topic": "tradition", "type": "Narrative", "language": "賽德克語, Seediq, Tgdaya", "speaker": "郭明正, Dakis Pawan, male, 1953-02-24", "collected": "None", "revised": "None", "video": "sdqNr-tradition_dakis.mp3"}, "file": "Seediq_Tgdaya/sdqNr-tradition_dakis", "num": 3}], [4, {"ori": [], "gloss": [["..", "", ""], ["ima", "who", "誰"], ["di==,\\", "PFV.PART", "完成.PART"]], "free": ["#n 表示「那個誰呢？」。", "#n 表示「那個誰呢？」。"], "s_end": false, "iu_a_span": [6.68, 7.38], "meta": {"topic": "tradition", "type": "Narrative", "language": "賽德克語, Seediq, Tgdaya", "speaker": "郭明正, Dakis Pawan, male, 1953-02-24", "collected": "None", "revised": "None", "video": "sdqNr-tradition_dakis.mp3"}, "file": "Seediq_Tgdaya/sdqNr-tradition_dakis", "num": 4}], [5, {"ori": [], "gloss": [["..", "", ""], ["rd-rudan", "RED-elderly", "重疊-長者"], ["a,\\", "FIL", "FIL"]], "free": [], "s_end": false, "iu_a_span": [7.38, 8.45], "meta": {"topic": "tradition", "type": "Narrative", "language": "賽德克語, Seediq, Tgdaya", "speaker": "郭明正, Dakis Pawan, male, 1953-02-24", "collected": "None", "revised": "None", "video": "sdqNr-tradition_dakis.mp3"}, "file": "Seediq_Tgdaya/sdqNr-tradition_dakis", "num": 5}], [6, {"ori": [], "gloss": [["..", "", ""], ["alang=ta", "tribe=1IPL.GEN", "部落=1IPL.屬格"], ["hiya", "there", "那裡"], ["ha,\\", "PART", "語助詞"]], "free": ["#e Here is a story that I heard from the elders of our tribe.", "#c 這是一個我從我們部落族老們聽來的故事。"], "s_end": true, "iu_a_span": [8.45, 9.31], "meta": {"topic": "tradition", "type": "Narrative", "language": "賽德克語, Seediq, Tgdaya", "speaker": "郭明正, Dakis Pawan, male, 1953-02-24", "collected": "None", "revised": "None", "video": "sdqNr-tradition_dakis.mp3"}, "s_a_span": [2.32, 9.31], "file": "Seediq_Tgdaya/sdqNr-tradition_dakis", "num": 6}], [7, {"ori": [], "gloss": [["...", "", ""], ["ani", "any", "任何"], ["naq", "self", "自己"], ["uxe,\\", "NEG", "否定"]], "free": [], "s_end": false, "iu_a_span": [9.31, 10.47], "meta": {"topic": "tradition", "type": "Narrative", "language": "賽德克語, Seediq, Tgdaya", "speaker": "郭明正, Dakis Pawan, male, 1953-02-24", "collected": "None", "revised": "None", "video": "sdqNr-tradition_dakis.mp3"}, "file": "Seediq_Tgdaya/sdqNr-tradition_dakis", "num": 7}], [8, {"ori": [], "gloss": [["...", "", ""], ["uxe", "NEG", "否定"], ["wano", "only", "只"], ["bale", "real", "真的"], ["a==,\\", "FIL", "FIL"]], "free": [], "s_end": false, "iu_a_span": [10.47, 11.9], "meta": {"topic": "tradition", "type": "Narrative", "language": "賽德克語, Seediq, Tgdaya", "speaker": "郭明正, Dakis Pawan, male, 1953-02-24", "collected": "None", "revised": "None", "video": "sdqNr-tradition_dakis.mp3"}, "file": "Seediq_Tgdaya/sdqNr-tradition_dakis", "num": 8}], [9, {"ori": [], "gloss": [["..", "", ""], ["alang=ta", "tribe=1IPL.GEN", "部落=1IPL.屬格"], ["gluban", "PN", "地名"], ["ha,\\", "PART", "語助詞"]], "free": [], "s_end": false, "iu_a_span": [11.9, 12.94], "meta": {"topic": "tradition", "type": "Narrative", "language": "賽德克語, Seediq, Tgdaya", "speaker": "郭明正, Dakis Pawan, male, 1953-02-24", "collected": "None", "revised": "None", "video": "sdqNr-tradition_dakis.mp3"}, "file": "Seediq_Tgdaya/sdqNr-tradition_dakis", "num": 9}], [10, {"ori": [], "gloss": [["...", "", ""], ["kana", "all", "全部"], ["alang", "tribe", "部落"], ["nakahara", "PN", "地名"], ["ma", "CONJ", "連接詞"], ["alang,_", "tribe", "部落"]], "free": [], "s_end": false, "iu_a_span": [12.94, 15.2], "meta": {"topic": "tradition", "type": "Narrative", "language": "賽德克語, Seediq, Tgdaya", "speaker": "郭明正, Dakis Pawan, male, 1953-02-24", "collected": "None", "revised": "None", "video": "sdqNr-tradition_dakis.mp3"}, "file": "Seediq_Tgdaya/sdqNr-tradition_dakis", "num": 10}], [11, {"ori": [], "gloss": [["..", "", ""], ["tongan", "PN", "地名"], ["peni.\\", "PART", "語助詞"]], "free": ["#e (It goes) not only in our Gluban tribe, but also in Nakahara and Tongan.", "#c 這不僅僅是(流傳在)我們清流部落，還有中原部落和眉溪部落。"], "s_end": true, "iu_a_span": [15.2, 15.89], "meta": {"topic": "tradition", "type": "Narrative", "language": "賽德克語, Seediq, Tgdaya", "speaker": "郭明正, Dakis Pawan, male, 1953-02-24", "collected": "None", "revised": "None", "video": "sdqNr-tradition_dakis.mp3"}, "s_a_span": [9.31, 15.89], "file": "Seediq_Tgdaya/sdqNr-tradition_dakis", "num": 11}], [12, {"ori": [], "gloss": [["...(0.8)", "", ""], ["kes-un", "say-PF", "說-受焦"], ["ita", "1IPL", "1IPL"], ["seediq", "PN", "專名"], ["si", "say", "說"], ["na,\\", "PART", "語助詞"]], "free": ["#e We Seediq.", "#c 我們賽德克人。"], "s_end": true, "iu_a_span": [15.89, 17.81], "meta": {"topic": "tradition", "type": "Narrative", "language": "賽德克語, Seediq, Tgdaya", "speaker": "郭明正, Dakis Pawan, male, 1953-02-24", "collected": "None", "revised": "None", "video": "sdqNr-tradition_dakis.mp3"}, "s_a_span": [15.89, 17.81], "file": "Seediq_Tgdaya/sdqNr-tradition_dakis", "num": 12}], [13, {"ori": [], "gloss": [["...(1.1)", "", ""], ["netun=ta", "COND=1IPL.NOM", "條件詞=1IPL.主格"], ["so", "be.like", "像"], ["m-huqin", "AF-die", "主焦-死"], ["na,\\", "PART", "語助詞"]], "free": ["#n na is used as a particle especially when telling stories.", "#n na is used as a particle especially when telling stories."], "s_end": false, "iu_a_span": [17.81, 20.31], "meta": {"topic": "tradition", "type": "Narrative", "language": "賽德克語, Seediq, Tgdaya", "speaker": "郭明正, Dakis Pawan, male, 1953-02-24", "collected": "None", "revised": "None", "video": "sdqNr-tradition_dakis.mp3"}, "file": "Seediq_Tgdaya/sdqNr-tradition_dakis", "num": 13}], [14, {"ori": [], "gloss": [["...(1.0)", "", ""], ["hei=ta", "body=1IPL.GEN", "身體=1IPL.屬格"], ["wada", "PST", "過去"], ["m-huqin,\\", "AF-die", "主格-死"]], "free": [], "s_end": false, "iu_a_span": [20.31, 22.38], "meta": {"topic": "tradition", "type": "Narrative", "language": "賽德克語, Seediq, Tgdaya", "speaker": "郭明正, Dakis Pawan, male, 1953-02-24", "collected": "None", "revised": "None", "video": "sdqNr-tradition_dakis.mp3"}, "file": "Seediq_Tgdaya/sdqNr-tradition_dakis", "num": 14}], [15, {"ori": [], "gloss": [["...", "", ""], ["w--", "FS", "FS"], ["wano", "only", "只"], ["hei=ta", "body=1IPL.GEN", "身體=1IPL.屬格"], ["wada", "PST", "過去"], ["m-huqin", "AF-die", "主焦-死"], ["kiya", "that", "那個"], ["mesa.\\", "AF.say", "主焦.說"]], "free": ["#e If we die, only our body dies.", "#c 若是我們死亡，那只有我們肉體的死亡。"], "s_end": true, "iu_a_span": [22.38, 24.49], "meta": {"topic": "tradition", "type": "Narrative", "language": "賽德克語, Seediq, Tgdaya", "speaker": "郭明正, Dakis Pawan, male, 1953-02-24", "collected": "None", "revised": "None", "video": "sdqNr-tradition_dakis.mp3"}, "s_a_span": [17.81, 24.49], "file": "Seediq_Tgdaya/sdqNr-tradition_dakis", "num": 15}], [16, {"ori": [], "gloss": [["...", "", ""], ["ma", "then", "然後"], ["niq-an", "be.at-LF", "在-處焦"], ["kes-un", "say-PF", "說-受焦"], ["utux=ta", "soul=1PL.GEN", "魂=1Pl.屬格"], ["na,\\", "PART", "語助詞"]], "free": [], "s_end": false, "iu_a_span": [24.49, 26.89], "meta": {"topic": "tradition", "type": "Narrative", "language": "賽德克語, Seediq, Tgdaya", "speaker": "郭明正, Dakis Pawan, male, 1953-02-24", "collected": "None", "revised": "None", "video": "sdqNr-tradition_dakis.mp3"}, "file": "Seediq_Tgdaya/sdqNr-tradition_dakis", "num": 16}], [17, {"ori": [], "gloss": [["...", "", ""], ["ini", "NEG", "否定"], ["qhu--", "FS", "FS"], ["an--,\\", "FS", "FS"]], "free": [], "s_end": false, "iu_a_span": [26.89, 27.98], "meta": {"topic": "tradition", "type": "Narrative", "language": "賽德克語, Seediq, Tgdaya", "speaker": "郭明正, Dakis Pawan, male, 1953-02-24", "collected": "None", "revised": "None", "video": "sdqNr-tradition_dakis.mp3"}, "file": "Seediq_Tgdaya/sdqNr-tradition_dakis", "num": 17}], [18, {"ori": [], "gloss": [["..", "", ""], ["ani", "any", "任何"], ["dehuk", "AF.arrive", "主焦.到達"], ["knuwan", "when", "何時"], ["we", "PART", "語助詞"], ["ini", "NEG", "否定"], ["qhuqin", "AF.die", "主焦.死"], ["kiya.\\", "that", "那個"]], "free": ["#e What we call “Utux (soul),” whenever it is, does not die.", "#c 我們所謂的靈體，不論到何時，是不會死亡的。"], "s_end": true, "iu_a_span": [27.98, 29.63], "meta": {"topic": "tradition", "type": "Narrative", "language": "賽德克語, Seediq, Tgdaya", "speaker": "郭明正, Dakis Pawan, male, 1953-02-24", "collected": "None", "revised": "None", "video": "sdqNr-tradition_dakis.mp3"}, "s_a_span": [24.49, 29.63], "file": "Seediq_Tgdaya/sdqNr-tradition_dakis", "num": 18}], [19, {"ori": [], "gloss": [["...", "", ""], ["ma", "then", "然後"], ["ma==,\\", "then", "然後"]], "free": [], "s_end": false, "iu_a_span": [29.63, 31.02], "meta": {"topic": "tradition", "type": "Narrative", "language": "賽德克語, Seediq, Tgdaya", "speaker": "郭明正, Dakis Pawan, male, 1953-02-24", "collected": "None", "revised": "None", "video": "sdqNr-tradition_dakis.mp3"}, "file": "Seediq_Tgdaya/sdqNr-tradition_dakis", "num": 19}], [20, {"ori": [], "gloss": [["...", "", ""], ["m-huqin", "AF-die", "主焦-死"], ["ka", "NOM", "主格"], ["hei=ta", "body=1IPL.GEN", "身體=1IPL.屬格"], ["ciida", "at.that.time", "當時"], ["di", "PFV.PART", "完成.PART"], ["na,\\", "PART", "語助詞"]], "free": [], "s_end": false, "iu_a_span": [31.02, 33.05], "meta": {"topic": "tradition", "type": "Narrative", "language": "賽德克語, Seediq, Tgdaya", "speaker": "郭明正, Dakis Pawan, male, 1953-02-24", "collected": "None", "revised": "None", "video": "sdqNr-tradition_dakis.mp3"}, "file": "Seediq_Tgdaya/sdqNr-tradition_dakis", "num": 20}], [21, {"ori": [], "gloss": [["...", "", ""], ["m-usa", "AF-go", "主格-去"], ["naq", "self", "自己"], ["inu", "where", "哪裡"], ["di,\\", "PFV.PART", "完成.PART"]], "free": ["#n inu di「哪裡了」。", "#n inu di「哪裡了」。"], "s_end": false, "iu_a_span": [33.05, 34.62], "meta": {"topic": "tradition", "type": "Narrative", "language": "賽德克語, Seediq, Tgdaya", "speaker": "郭明正, Dakis Pawan, male, 1953-02-24", "collected": "None", "revised": "None", "video": "sdqNr-tradition_dakis.mp3"}, "file": "Seediq_Tgdaya/sdqNr-tradition_dakis", "num": 21}], [22, {"ori": [], "gloss": [["..", "", ""], ["skadi", "AF.find", "主焦.找"], ["utux=ta,\\", "soul=1IPL.GEN", "魂=1IPL.屬格"]], "free": ["#n 這裡utux指「祖靈」。", "#n 這裡utux指「祖靈」。"], "s_end": false, "iu_a_span": [34.62, 35.81], "meta": {"topic": "tradition", "type": "Narrative", "language": "賽德克語, Seediq, Tgdaya", "speaker": "郭明正, Dakis Pawan, male, 1953-02-24", "collected": "None", "revised": "None", "video": "sdqNr-tradition_dakis.mp3"}, "file": "Seediq_Tgdaya/sdqNr-tradition_dakis", "num": 22}], [23, {"ori": [], "gloss": [["...", "", ""], ["rudan=ta", "elderly=1IPL.GEN", "長者=1IPL.屬格"], ["cbeyo", "past", "以前"], ["ma", "then", "然後"], ["m-usa", "AF-go", "主焦-去"], ["m-suupu", "AF-together", "主焦-一起"], ["hiya", "there", "那裡"], ["mesa", "AF.say", "主焦.說"], ["kari=daha.\\", "word=3PL.GEN", "話=3PL.屬格"]], "free": ["#e They say, when our body dies, we go to find our ancestor’s soul and then stay together (with them) there.", "#c 他們說，當我們的肉體死亡時，我們去找我們先祖的靈體，然後(跟祂們)在一起在那裡。", "#n hiya那裡，是指「祖靈之地」。"], "s_end": true, "iu_a_span": [35.81, 38.74], "meta": {"topic": "tradition", "type": "Narrative", "language": "賽德克語, Seediq, Tgdaya", "speaker": "郭明正, Dakis Pawan, male, 1953-02-24", "collected": "None", "revised": "None", "video": "sdqNr-tradition_dakis.mp3"}, "s_a_span": [29.63, 38.74], "file": "Seediq_Tgdaya/sdqNr-tradition_dakis", "num": 23}], [24, {"ori": [], "gloss": [["...(0.8)", "", ""], ["ma,\\", "then", "然後"]], "free": [], "s_end": false, "iu_a_span": [38.74, 39.95], "meta": {"topic": "tradition", "type": "Narrative", "language": "賽德克語, Seediq, Tgdaya", "speaker": "郭明正, Dakis Pawan, male, 1953-02-24", "collected": "None", "revised": "None", "video": "sdqNr-tradition_dakis.mp3"}, "file": "Seediq_Tgdaya/sdqNr-tradition_dakis", "num": 24}], [25, {"ori": [], "gloss": [["...", "", ""], ["mesa", "AF.say", "主焦.說"], ["ka", "NOM", "主格"], ["kari", "word", "話"], ["rudan.\\", "elderly", "長者"]], "free": ["#e Elderly people say so.", "#c 部落的長者是這樣說的。"], "s_end": true, "iu_a_span": [39.95, 41.45], "meta": {"topic": "tradition", "type": "Narrative", "language": "賽德克語, Seediq, Tgdaya", "speaker": "郭明正, Dakis Pawan, male, 1953-02-24", "collected": "None", "revised": "None", "video": "sdqNr-tradition_dakis.mp3"}, "s_a_span": [38.74, 41.45], "file": "Seediq_Tgdaya/sdqNr-tradition_dakis", "num": 25}], [26, {"ori": [], "gloss": [["...", "", ""], ["m==,\\", "FIL", "FIL"]], "free": [], "s_end": false, "iu_a_span": [41.45, 42.71], "meta": {"topic": "tradition", "type": "Narrative", "language": "賽德克語, Seediq, Tgdaya", "speaker": "郭明正, Dakis Pawan, male, 1953-02-24", "collected": "None", "revised": "None", "video": "sdqNr-tradition_dakis.mp3"}, "file": "Seediq_Tgdaya/sdqNr-tradition_dakis", "num": 26}], [27, {"ori": [], "gloss": [["...", "", ""], ["l<m>ngelung=ku", "<AF>think=1SG.NOM", "<主焦>想=1SG.主格"], ["ciida", "at.that.time", "當時"], ["na,\\", "PART", "語助詞"]], "free": [], "s_end": false, "iu_a_span": [42.71, 44.22], "meta": {"topic": "tradition", "type": "Narrative", "language": "賽德克語, Seediq, Tgdaya", "speaker": "郭明正, Dakis Pawan, male, 1953-02-24", "collected": "None", "revised": "None", "video": "sdqNr-tradition_dakis.mp3"}, "file": "Seediq_Tgdaya/sdqNr-tradition_dakis", "num": 27}], [28, {"ori": [], "gloss": [["..", "", ""], ["kes-un=mu", "say-PF=1SG.GEN", "說-受焦=1SG.屬格"], ["ka", "NOM", "主格"], ["rudan,\\", "elderly", "長者"]], "free": ["#e I thought about the story at that time, and said to the elderly people.", "#c 我當時想一想，我對長者們說。"], "s_end": true, "iu_a_span": [44.22, 45.17], "meta": {"topic": "tradition", "type": "Narrative", "language": "賽德克語, Seediq, Tgdaya", "speaker": "郭明正, Dakis Pawan, male, 1953-02-24", "collected": "None", "revised": "None", "video": "sdqNr-tradition_dakis.mp3"}, "s_a_span": [41.45, 45.17], "file": "Seediq_Tgdaya/sdqNr-tradition_dakis", "num": 28}], [29, {"ori": [], "gloss": [["...", "", ""], ["m--", "FS", "FS"], ["ma", "PART", "語助詞"], ["so", "be.like", "像"], ["hari", "a.little", "一點"], ["ka", "NOM", "主格"], ["m-usa", "AF-go", "主焦-去"], ["<L2JkyokayL2J>", "church", "教堂"], ["maha,\\", "AF.go", "主焦.去"]], "free": [], "s_end": false, "iu_a_span": [45.17, 47.7], "meta": {"topic": "tradition", "type": "Narrative", "language": "賽德克語, Seediq, Tgdaya", "speaker": "郭明正, Dakis Pawan, male, 1953-02-24", "collected": "None", "revised": "None", "video": "sdqNr-tradition_dakis.mp3"}, "file": "Seediq_Tgdaya/sdqNr-tradition_dakis", "num": 29}], [30, {"ori": [], "gloss": [["..", "", ""], ["m-maha", "RED-AF.go", "重疊-主焦-去"], ["<L2JtenggokuL2J>", "heaven", "天堂"], ["nii", "this", "這個"], ["di", "PFV.PART", "完成.PART"], ["kes-un=mu", "say-PF=1SG.GEN", "說-受焦-1SG.屬格"], ["ma,\\", "PART", "語助詞"]], "free": ["#e This is like going to the heaven, which is heard in the church, I thought then.", "#c 這就像上教會(聽到)的上天堂，我那時候想。"], "s_end": true, "iu_a_span": [47.7, 49.54], "meta": {"topic": "tradition", "type": "Narrative", "language": "賽德克語, Seediq, Tgdaya", "speaker": "郭明正, Dakis Pawan, male, 1953-02-24", "collected": "None", "revised": "None", "video": "sdqNr-tradition_dakis.mp3"}, "s_a_span": [45.17, 49.54], "file": "Seediq_Tgdaya/sdqNr-tradition_dakis", "num": 30}], [31, {"ori": [], "gloss": [["...(0.7)", "", ""], ["dm--", "FS", "FS"], ["ciida", "at.that.time", "當時"], ["wa,\\", "PART", "語助詞"]], "free": [], "s_end": false, "iu_a_span": [49.54, 50.98], "meta": {"topic": "tradition", "type": "Narrative", "language": "賽德克語, Seediq, Tgdaya", "speaker": "郭明正, Dakis Pawan, male, 1953-02-24", "collected": "None", "revised": "None", "video": "sdqNr-tradition_dakis.mp3"}, "file": "Seediq_Tgdaya/sdqNr-tradition_dakis", "num": 31}], [32, {"ori": [], "gloss": [["..", "", ""], ["rudan,\\", "elderly", "長者"]], "free": [], "s_end": false, "iu_a_span": [50.98, 51.61], "meta": {"topic": "tradition", "type": "Narrative", "language": "賽德克語, Seediq, Tgdaya", "speaker": "郭明正, Dakis Pawan, male, 1953-02-24", "collected": "None", "revised": "None", "video": "sdqNr-tradition_dakis.mp3"}, "file": "Seediq_Tgdaya/sdqNr-tradition_dakis", "num": 32}], [33, {"ori": [], "gloss": [["..", "", ""], ["t<m>gesa", "<AF>teach", "<主焦>教"], ["yaku", "1SG", "1SG"], ["ciida", "at.that.time", "當時"], ["m-bahang=ku", "AF-hear=1SG.NOM", "主焦-聽=1SG.主格"], ["ciida", "then", "當時"], ["we,_", "PART", "語助詞"]], "free": ["#e At that time, I heard the elderly taught me.", "#c 那時我聽到族老教我。"], "s_end": true, "iu_a_span": [51.61, 53.68], "meta": {"topic": "tradition", "type": "Narrative", "language": "賽德克語, Seediq, Tgdaya", "speaker": "郭明正, Dakis Pawan, male, 1953-02-24", "collected": "None", "revised": "None", "video": "sdqNr-tradition_dakis.mp3"}, "s_a_span": [49.54, 53.68], "file": "Seediq_Tgdaya/sdqNr-tradition_dakis", "num": 33}], [34, {"ori": [], "gloss": [["...", "", ""], ["sa--,_", "FS", "FS"]], "free": [], "s_end": false, "iu_a_span": [53.68, 54.41], "meta": {"topic": "tradition", "type": "Narrative", "language": "賽德克語, Seediq, Tgdaya", "speaker": "郭明正, Dakis Pawan, male, 1953-02-24", "collected": "None", "revised": "None", "video": "sdqNr-tradition_dakis.mp3"}, "file": "Seediq_Tgdaya/sdqNr-tradition_dakis", "num": 34}], [35, {"ori": [], "gloss": [["...", "", ""], ["sahay-un=mu", "do.like.that-PF=1SG.GEN", "那樣做-受焦=1SG.屬格"], ["c<m>iyuk", "<AF>answer", "<主焦>回答"], ["s<m>iling", "<AF>ask", "<主焦>問題"], ["ka,\\", "NOM", "主格"]], "free": ["#n sahayun有人念cahayun。", "#n ma mcahaya Dakis ga/kii「為什麼Dakis這麼做這件事？」", "#n iya kcahaya/iya cahaya 「不要那樣做！」", "#n sahayun有人念cahayun。", "#n ma mcahaya Dakis ga/kii「為什麼Dakis這麼做這件事？」", "#n iya kcahaya/iya cahaya 「不要那樣做！」"], "s_end": false, "iu_a_span": [54.41, 56.26], "meta": {"topic": "tradition", "type": "Narrative", "language": "賽德克語, Seediq, Tgdaya", "speaker": "郭明正, Dakis Pawan, male, 1953-02-24", "collected": "None", "revised": "None", "video": "sdqNr-tradition_dakis.mp3"}, "file": "Seediq_Tgdaya/sdqNr-tradition_dakis", "num": 35}], [36, {"ori": [], "gloss": [["..", "", ""], ["rudan", "elderly", "長者"], ["ciida.\\", "at.that.time", "當時"]], "free": ["#e I asked a question in reply to the elderly like this.", "#c 我是這樣反問族老的。"], "s_end": true, "iu_a_span": [56.26, 56.93], "meta": {"topic": "tradition", "type": "Narrative", "language": "賽德克語, Seediq, Tgdaya", "speaker": "郭明正, Dakis Pawan, male, 1953-02-24", "collected": "None", "revised": "None", "video": "sdqNr-tradition_dakis.mp3"}, "s_a_span": [53.68, 56.93], "file": "Seediq_Tgdaya/sdqNr-tradition_dakis", "num": 36}], [37, {"ori": [], "gloss": [["...", "", ""], ["ma", "PART", "語助詞"], ["mesa", "AF.say", "主焦.說"], ["ka", "NOM", "主格"], ["rudan,\\", "elderly", "長者"]], "free": [], "s_end": false, "iu_a_span": [56.93, 58.21], "meta": {"topic": "tradition", "type": "Narrative", "language": "賽德克語, Seediq, Tgdaya", "speaker": "郭明正, Dakis Pawan, male, 1953-02-24", "collected": "None", "revised": "None", "video": "sdqNr-tradition_dakis.mp3"}, "file": "Seediq_Tgdaya/sdqNr-tradition_dakis", "num": 37}], [38, {"ori": [], "gloss": [["..", "", ""], ["u^xe", "NEG", "否定"], ["uxe", "NEG", "否定"], ["uxe", "NEG", "否定"], ["q<n>bahang-an", "<PFV>hear-LF", "<完成>聽-處焦"], ["a==,\\", "FIL", "FIL"]], "free": [], "s_end": false, "iu_a_span": [58.21, 60.48], "meta": {"topic": "tradition", "type": "Narrative", "language": "賽德克語, Seediq, Tgdaya", "speaker": "郭明正, Dakis Pawan, male, 1953-02-24", "collected": "None", "revised": "None", "video": "sdqNr-tradition_dakis.mp3"}, "file": "Seediq_Tgdaya/sdqNr-tradition_dakis", "num": 38}], [39, {"ori": [], "gloss": [["..", "", ""], ["<L2JkyokayL2J>", "church", "教堂"], ["nii.\\", "this", "這個"]], "free": ["#e The elderly said, ‘This is not heard from the church.’", "#c 族老們說：「這不是教會聽來的。」"], "s_end": true, "iu_a_span": [60.48, 61.23], "meta": {"topic": "tradition", "type": "Narrative", "language": "賽德克語, Seediq, Tgdaya", "speaker": "郭明正, Dakis Pawan, male, 1953-02-24", "collected": "None", "revised": "None", "video": "sdqNr-tradition_dakis.mp3"}, "s_a_span": [56.93, 61.23], "file": "Seediq_Tgdaya/sdqNr-tradition_dakis", "num": 39}], [40, {"ori": [], "gloss": [["..", "", ""], ["kari=ta", "word=1IPL.GEN", "話=1IPL.屬格"], ["naq", "self", "自己"], ["ba", "real", "真的"], ["rudan", "elderly", "長者"], ["ba", "real", "真的"], ["pe--,_", "FS", "FS"]], "free": [], "s_end": false, "iu_a_span": [61.23, 62.38], "meta": {"topic": "tradition", "type": "Narrative", "language": "賽德克語, Seediq, Tgdaya", "speaker": "郭明正, Dakis Pawan, male, 1953-02-24", "collected": "None", "revised": "None", "video": "sdqNr-tradition_dakis.mp3"}, "file": "Seediq_Tgdaya/sdqNr-tradition_dakis", "num": 40}], [41, {"ori": [], "gloss": [["..", "", ""], ["pe^eyah", "from", "從"], ["peyah", "from", "從"], ["cbeyo", "past", "以前"], ["nii", "this", "這個"], ["kes-un=ku=na,\\", "say-PF=1SG.NOM=3SG.GEN", "說-受焦=1SG.主格=3SG.屬格"]], "free": ["#e They told me our own story really comes from our ancestors.", "#c 他們告訴我這個我們自己的故事真的是傳自於我們的祖先。"], "s_end": true, "iu_a_span": [62.38, 64.43], "meta": {"topic": "tradition", "type": "Narrative", "language": "賽德克語, Seediq, Tgdaya", "speaker": "郭明正, Dakis Pawan, male, 1953-02-24", "collected": "None", "revised": "None", "video": "sdqNr-tradition_dakis.mp3"}, "s_a_span": [61.23, 64.43], "file": "Seediq_Tgdaya/sdqNr-tradition_dakis", "num": 41}], [42, {"ori": [], "gloss": [["..", "", ""], ["o", "FIL", "FIL"], ["m-kela,\\", "AF-know", "主焦-知道"]], "free": ["#e Oh, (I) understood.", "#c 哦，(我)知道了。"], "s_end": true, "iu_a_span": [64.43, 65.18], "meta": {"topic": "tradition", "type": "Narrative", "language": "賽德克語, Seediq, Tgdaya", "speaker": "郭明正, Dakis Pawan, male, 1953-02-24", "collected": "None", "revised": "None", "video": "sdqNr-tradition_dakis.mp3"}, "s_a_span": [64.43, 65.18], "file": "Seediq_Tgdaya/sdqNr-tradition_dakis", "num": 42}], [43, {"ori": [], "gloss": [["..", "", ""], ["kika,\\", "thus", "所以"]], "free": [], "s_end": false, "iu_a_span": [65.18, 65.77], "meta": {"topic": "tradition", "type": "Narrative", "language": "賽德克語, Seediq, Tgdaya", "speaker": "郭明正, Dakis Pawan, male, 1953-02-24", "collected": "None", "revised": "None", "video": "sdqNr-tradition_dakis.mp3"}, "file": "Seediq_Tgdaya/sdqNr-tradition_dakis", "num": 43}], [44, {"ori": [], "gloss": [["..", "", ""], ["bsiyaq=ku", "long=1SG.NOM", "久=1SG.主格"], ["hari", "a.little", "一點"], ["l<m>ngelung", "<AF>think", "<主焦>想"], ["kari", "word", "話"], ["nii", "this", "這個"], ["ma", "then", "然後"], ["kika,\\", "thus", "因此"]], "free": ["#e Therefore I thought about this story for quite a while.", "#c 因此我對這樣的話語想了好一陣子。"], "s_end": true, "iu_a_span": [65.77, 68.47], "meta": {"topic": "tradition", "type": "Narrative", "language": "賽德克語, Seediq, Tgdaya", "speaker": "郭明正, Dakis Pawan, male, 1953-02-24", "collected": "None", "revised": "None", "video": "sdqNr-tradition_dakis.mp3"}, "s_a_span": [65.18, 68.47], "file": "Seediq_Tgdaya/sdqNr-tradition_dakis", "num": 44}], [45, {"ori": [], "gloss": [["..", "", ""], ["o", "FIL", "FIL"], ["kela", "AF.know", "主焦.知道"], ["naq", "self", "自己"], ["bale", "real", "真的"], ["bale", "real", "真的"], ["niq-an", "be.at-LF", "在-處焦"], ["so", "be.like", "像"], ["nii", "this", "這個"], ["kari=ta", "word=1IPL.GEN", "故事-1IPL.屬格"], ["mesa=ku", "AF.say=1SG.NOM", "主焦.說=1SG.主格"], ["lu--", "FS", "FS"], ["mesa=ku", "AF.say=1SG.NOM", "主焦.說=1SG.主格"], ["l<m>ngelung", "<AF>think", "<主焦>想"], ["ciida.\\", "at.that.time", "當時"]], "free": ["#e “It turns out that such story exists in our people,” I thought at that time.", "#c 「原來我們有這樣的故事，」我那時候想。", "#n kela naq原來是", "#n 這裡的kari指有關宗教觀的話。"], "s_end": true, "iu_a_span": [68.47, 72.07], "meta": {"topic": "tradition", "type": "Narrative", "language": "賽德克語, Seediq, Tgdaya", "speaker": "郭明正, Dakis Pawan, male, 1953-02-24", "collected": "None", "revised": "None", "video": "sdqNr-tradition_dakis.mp3"}, "s_a_span": [68.47, 72.07], "file": "Seediq_Tgdaya/sdqNr-tradition_dakis", "num": 45}], [46, {"ori": [], "gloss": [["...", "", ""], ["kika==,\\", "thus", "所以"]], "free": [], "s_end": false, "iu_a_span": [72.07, 73.0], "meta": {"topic": "tradition", "type": "Narrative", "language": "賽德克語, Seediq, Tgdaya", "speaker": "郭明正, Dakis Pawan, male, 1953-02-24", "collected": "None", "revised": "None", "video": "sdqNr-tradition_dakis.mp3"}, "file": "Seediq_Tgdaya/sdqNr-tradition_dakis", "num": 46}], [47, {"ori": [], "gloss": [["..", "", ""], ["kari=na", "word-=3SG.GEN", "話=3SG.屬格"], ["nii,\\", "this", "這個"]], "free": [], "s_end": false, "iu_a_span": [73.0, 73.81], "meta": {"topic": "tradition", "type": "Narrative", "language": "賽德克語, Seediq, Tgdaya", "speaker": "郭明正, Dakis Pawan, male, 1953-02-24", "collected": "None", "revised": "None", "video": "sdqNr-tradition_dakis.mp3"}, "file": "Seediq_Tgdaya/sdqNr-tradition_dakis", "num": 47}], [48, {"ori": [], "gloss": [["..", "", ""], ["nii", "this", "這個"], ["ciida", "at.that.time", "當時"], ["de,\\", "PART", "語助詞"]], "free": [], "s_end": false, "iu_a_span": [73.81, 74.84], "meta": {"topic": "tradition", "type": "Narrative", "language": "賽德克語, Seediq, Tgdaya", "speaker": "郭明正, Dakis Pawan, male, 1953-02-24", "collected": "None", "revised": "None", "video": "sdqNr-tradition_dakis.mp3"}, "file": "Seediq_Tgdaya/sdqNr-tradition_dakis", "num": 48}], [49, {"ori": [], "gloss": [["..", "", ""], ["s-patis=mu", "RF-book=1SG.GEN", "參焦-書=1SG.屬格"], ["di.\\", "PFV.PART", "完成.PART"]], "free": ["#e Therefore, I wrote down these words then.", "#c 所以當時我才將這些話寫下來。"], "s_end": true, "iu_a_span": [74.84, 75.61], "meta": {"topic": "tradition", "type": "Narrative", "language": "賽德克語, Seediq, Tgdaya", "speaker": "郭明正, Dakis Pawan, male, 1953-02-24", "collected": "None", "revised": "None", "video": "sdqNr-tradition_dakis.mp3"}, "s_a_span": [72.07, 75.61], "file": "Seediq_Tgdaya/sdqNr-tradition_dakis", "num": 49}], [50, {"ori": [], "gloss": [["...", "", ""], ["ma", "then", "然後"], ["mesa", "AF.say", "主焦.說"], ["ka", "NOM", "主格"], ["kari=daha,\\", "word=3PL.GEN", "話=3PL.屬格"]], "free": ["#e Their words go like this.", "#c 他們的話是這樣說的。"], "s_end": true, "iu_a_span": [75.61, 77.04], "meta": {"topic": "tradition", "type": "Narrative", "language": "賽德克語, Seediq, Tgdaya", "speaker": "郭明正, Dakis Pawan, male, 1953-02-24", "collected": "None", "revised": "None", "video": "sdqNr-tradition_dakis.mp3"}, "s_a_span": [75.61, 77.04], "file": "Seediq_Tgdaya/sdqNr-tradition_dakis", "num": 50}], [51, {"ori": [], "gloss": [["...(0.7)", "", ""], ["e--,_", "FS", "FS"]], "free": [], "s_end": false, "iu_a_span": [77.04, 78.23], "meta": {"topic": "tradition", "type": "Narrative", "language": "賽德克語, Seediq, Tgdaya", "speaker": "郭明正, Dakis Pawan, male, 1953-02-24", "collected": "None", "revised": "None", "video": "sdqNr-tradition_dakis.mp3"}, "file": "Seediq_Tgdaya/sdqNr-tradition_dakis", "num": 51}], [52, {"ori": [], "gloss": [["..", "", ""], ["ita", "1IPL", "1IPL"], ["kes-un", "say-PF", "說-受焦"], ["seediq", "PN", "專名"], ["na,\\", "PART", "語助詞"]], "free": [], "s_end": false, "iu_a_span": [78.23, 79.38], "meta": {"topic": "tradition", "type": "Narrative", "language": "賽德克語, Seediq, Tgdaya", "speaker": "郭明正, Dakis Pawan, male, 1953-02-24", "collected": "None", "revised": "None", "video": "sdqNr-tradition_dakis.mp3"}, "file": "Seediq_Tgdaya/sdqNr-tradition_dakis", "num": 52}], [53, {"ori": [], "gloss": [["..", "", ""], ["netun=ta", "COND=1IPL.NOM", "條件詞=1IPL.主格"], ["m-gedang", "AF-lose", "主焦-遺失"], ["peni,\\", "PART", "語助詞"]], "free": ["#n m-gedang這裡是「死亡」的意思。", "#n m-gedang這裡是「死亡」的意思。"], "s_end": false, "iu_a_span": [79.38, 80.58], "meta": {"topic": "tradition", "type": "Narrative", "language": "賽德克語, Seediq, Tgdaya", "speaker": "郭明正, Dakis Pawan, male, 1953-02-24", "collected": "None", "revised": "None", "video": "sdqNr-tradition_dakis.mp3"}, "file": "Seediq_Tgdaya/sdqNr-tradition_dakis", "num": 53}], [54, {"ori": [], "gloss": [["..", "", ""], ["m-huqin=ta", "AF-die=1IPL.NOM", "主焦-死=1IPL.主格"], ["wa,_", "PART", "語助詞"]], "free": [], "s_end": false, "iu_a_span": [80.58, 81.33], "meta": {"topic": "tradition", "type": "Narrative", "language": "賽德克語, Seediq, Tgdaya", "speaker": "郭明正, Dakis Pawan, male, 1953-02-24", "collected": "None", "revised": "None", "video": "sdqNr-tradition_dakis.mp3"}, "file": "Seediq_Tgdaya/sdqNr-tradition_dakis", "num": 54}], [55, {"ori": [], "gloss": [["...(0.8)", "", ""], ["m--", "FS", "FS"], ["kika==,\\", "thus", "所以"]], "free": [], "s_end": false, "iu_a_span": [81.33, 83.09], "meta": {"topic": "tradition", "type": "Narrative", "language": "賽德克語, Seediq, Tgdaya", "speaker": "郭明正, Dakis Pawan, male, 1953-02-24", "collected": "None", "revised": "None", "video": "sdqNr-tradition_dakis.mp3"}, "file": "Seediq_Tgdaya/sdqNr-tradition_dakis", "num": 55}], [56, {"ori": [], "gloss": [["...", "", ""], ["asi=ta", "must=1IPL.NOM", "一定=1IPL.主格"], ["m-uda,\\", "AF-pass", "主焦-經過"]], "free": [], "s_end": false, "iu_a_span": [83.09, 84.1], "meta": {"topic": "tradition", "type": "Narrative", "language": "賽德克語, Seediq, Tgdaya", "speaker": "郭明正, Dakis Pawan, male, 1953-02-24", "collected": "None", "revised": "None", "video": "sdqNr-tradition_dakis.mp3"}, "file": "Seediq_Tgdaya/sdqNr-tradition_dakis", "num": 56}], [57, {"ori": [], "gloss": [["...(0.8)", "", ""], ["m-uda", "AF-pass", "主焦-經過"], ["hako", "bridge", "橋"], ["utux.\\", "soul", "魂"]], "free": ["#e We Seediq, if we die, we must go through the soul bridge.", "#c 我們賽德克人，如果我們身故，我們一定會行過祖靈橋。", "#n hako utux也有「彩虹」的意思。"], "s_end": true, "iu_a_span": [84.1, 85.64], "meta": {"topic": "tradition", "type": "Narrative", "language": "賽德克語, Seediq, Tgdaya", "speaker": "郭明正, Dakis Pawan, male, 1953-02-24", "collected": "None", "revised": "None", "video": "sdqNr-tradition_dakis.mp3"}, "s_a_span": [77.04, 85.64], "file": "Seediq_Tgdaya/sdqNr-tradition_dakis", "num": 57}], [58, {"ori": [], "gloss": [["...(1.1)", "", ""], ["kes-un,\\", "say-PF", "說-受焦"]], "free": [], "s_end": false, "iu_a_span": [85.64, 87.05], "meta": {"topic": "tradition", "type": "Narrative", "language": "賽德克語, Seediq, Tgdaya", "speaker": "郭明正, Dakis Pawan, male, 1953-02-24", "collected": "None", "revised": "None", "video": "sdqNr-tradition_dakis.mp3"}, "file": "Seediq_Tgdaya/sdqNr-tradition_dakis", "num": 58}], [59, {"ori": [], "gloss": [["..", "", ""], ["utux=ta", "soul=1IPL.GEN", "魂=1IPL.屬格"], ["peni", "PART", "語助詞"], ["na,\\", "PART", "語助詞"]], "free": [], "s_end": false, "iu_a_span": [87.05, 88.07], "meta": {"topic": "tradition", "type": "Narrative", "language": "賽德克語, Seediq, Tgdaya", "speaker": "郭明正, Dakis Pawan, male, 1953-02-24", "collected": "None", "revised": "None", "video": "sdqNr-tradition_dakis.mp3"}, "file": "Seediq_Tgdaya/sdqNr-tradition_dakis", "num": 59}], [60, {"ori": [], "gloss": [["..", "", ""], ["asi", "must", "一定"], ["ka", "NOM", "主焦-經過"], ["m-uda", "AF-pass", "橋"], ["hako", "bridge", "魂"], ["utux.\\", "", ""]], "free": ["#e Our so-called soul must go through the soul bridge.", "#c 我們所謂的靈體必須行過祖靈橋。"], "s_end": true, "iu_a_span": [88.07, 89.3], "meta": {"topic": "tradition", "type": "Narrative", "language": "賽德克語, Seediq, Tgdaya", "speaker": "郭明正, Dakis Pawan, male, 1953-02-24", "collected": "None", "revised": "None", "video": "sdqNr-tradition_dakis.mp3"}, "s_a_span": [85.64, 89.3], "file": "Seediq_Tgdaya/sdqNr-tradition_dakis", "num": 60}], [61, {"ori": [], "gloss": [["...", "", ""], ["m-o-oda=ta", "AF-RED-pass=1IPL.NOM", "主焦-重疊-經過=1IPL.主格"], ["hako", "bridge", "橋"], ["utux", "soul", "魂"], ["ciida", "at.that.time", "當時"], ["na,\\", "PART", "語助詞"]], "free": [], "s_end": false, "iu_a_span": [89.3, 91.42], "meta": {"topic": "tradition", "type": "Narrative", "language": "賽德克語, Seediq, Tgdaya", "speaker": "郭明正, Dakis Pawan, male, 1953-02-24", "collected": "None", "revised": "None", "video": "sdqNr-tradition_dakis.mp3"}, "file": "Seediq_Tgdaya/sdqNr-tradition_dakis", "num": 61}], [62, {"ori": [], "gloss": [["...(0.8)", "", ""], ["asi=ta", "must=1IPL.NOM", "一定=1IPL.主格"], ["m-uda,\\", "AF-pass", "主焦-經過"]], "free": [], "s_end": false, "iu_a_span": [91.42, 92.83], "meta": {"topic": "tradition", "type": "Narrative", "language": "賽德克語, Seediq, Tgdaya", "speaker": "郭明正, Dakis Pawan, male, 1953-02-24", "collected": "None", "revised": "None", "video": "sdqNr-tradition_dakis.mp3"}, "file": "Seediq_Tgdaya/sdqNr-tradition_dakis", "num": 62}], [63, {"ori": [], "gloss": [["..", "", ""], ["p-qita", "CAU-see", "使役-看"], ["baga,\\", "hand", "手"]], "free": ["#e When we pass the soul bridge, we must have (our) hands examined.", "#c 當我們行過祖靈橋時，手一定要被檢視。"], "s_end": true, "iu_a_span": [92.83, 93.9], "meta": {"topic": "tradition", "type": "Narrative", "language": "賽德克語, Seediq, Tgdaya", "speaker": "郭明正, Dakis Pawan, male, 1953-02-24", "collected": "None", "revised": "None", "video": "sdqNr-tradition_dakis.mp3"}, "s_a_span": [89.3, 93.9], "file": "Seediq_Tgdaya/sdqNr-tradition_dakis", "num": 63}], [64, {"ori": [], "gloss": [["...(0.9)", "", ""], ["n--", "FS", "FS"], ["niq-an", "be.at-LF", "在-處焦"], ["naq", "self", "自己"], ["ka", "NOM", "主格"], ["rudan=ta", "elderly=1IPL.GEN", "長者=1IPL.屬格"], ["ga==,\\", "PART", "語助詞"]], "free": [], "s_end": false, "iu_a_span": [93.9, 96.64], "meta": {"topic": "tradition", "type": "Narrative", "language": "賽德克語, Seediq, Tgdaya", "speaker": "郭明正, Dakis Pawan, male, 1953-02-24", "collected": "None", "revised": "None", "video": "sdqNr-tradition_dakis.mp3"}, "file": "Seediq_Tgdaya/sdqNr-tradition_dakis", "num": 64}], [65, {"ori": [], "gloss": [["..", "", ""], ["a==", "FIL", "FIL"], ["maanu", "what", "什麼"], ["di", "PFV.PART", "完成.PART"], ["m-qita", "AF-see", "主焦-看"], ["baga", "hand", "手"], ["ga", "PART", "語助詞"], ["hiya", "EXIST", "存在"], ["sa,\\", "there", "那裡"]], "free": ["#e There will naturally be our ancestors examining (our) hands.", "#c 那裡自然會有我們的祖先檢視(我們)的手。"], "s_end": true, "iu_a_span": [96.64, 98.7], "meta": {"topic": "tradition", "type": "Narrative", "language": "賽德克語, Seediq, Tgdaya", "speaker": "郭明正, Dakis Pawan, male, 1953-02-24", "collected": "None", "revised": "None", "video": "sdqNr-tradition_dakis.mp3"}, "s_a_span": [93.9, 98.7], "file": "Seediq_Tgdaya/sdqNr-tradition_dakis", "num": 65}], [66, {"ori": [], "gloss": [["...", "", ""], ["rseno", "man", "男人"], ["anaq", "even", "即使"], ["anaq", "even", "即使"], ["rseno", "man", "男人"], ["anaq", "even", "即使"], ["mqedin", "woman", "女人"], ["na", "PART", "語助詞"], ["m-ntena", "AF-same", "主焦-一樣"], ["kana,\\", "all", "全部"]], "free": [], "s_end": false, "iu_a_span": [98.7, 101.88], "meta": {"topic": "tradition", "type": "Narrative", "language": "賽德克語, Seediq, Tgdaya", "speaker": "郭明正, Dakis Pawan, male, 1953-02-24", "collected": "None", "revised": "None", "video": "sdqNr-tradition_dakis.mp3"}, "file": "Seediq_Tgdaya/sdqNr-tradition_dakis", "num": 66}], [67, {"ori": [], "gloss": [["..", "", ""], ["a,\\", "FIL", "FIL"]], "free": [], "s_end": false, "iu_a_span": [101.88, 102.69], "meta": {"topic": "tradition", "type": "Narrative", "language": "賽德克語, Seediq, Tgdaya", "speaker": "郭明正, Dakis Pawan, male, 1953-02-24", "collected": "None", "revised": "None", "video": "sdqNr-tradition_dakis.mp3"}, "file": "Seediq_Tgdaya/sdqNr-tradition_dakis", "num": 67}], [68, {"ori": [], "gloss": [["...", "", ""], ["m,\\", "FIL", "FIL"]], "free": [], "s_end": false, "iu_a_span": [102.69, 103.28], "meta": {"topic": "tradition", "type": "Narrative", "language": "賽德克語, Seediq, Tgdaya", "speaker": "郭明正, Dakis Pawan, male, 1953-02-24", "collected": "None", "revised": "None", "video": "sdqNr-tradition_dakis.mp3"}, "file": "Seediq_Tgdaya/sdqNr-tradition_dakis", "num": 68}], [69, {"ori": [], "gloss": [["..", "", ""], ["kgah-un=na", "open-PF=3SG.GEN", "開-受焦=3SG.屬格"], ["baga=su.\\", "hand=2SG.GEN", "手=2SG.屬格"]], "free": ["#e Man and woman are all equal. He opens your hands.", "#c 男的女的都一樣，他都打開你的手。"], "s_end": true, "iu_a_span": [103.28, 104.44], "meta": {"topic": "tradition", "type": "Narrative", "language": "賽德克語, Seediq, Tgdaya", "speaker": "郭明正, Dakis Pawan, male, 1953-02-24", "collected": "None", "revised": "None", "video": "sdqNr-tradition_dakis.mp3"}, "s_a_span": [98.7, 104.44], "file": "Seediq_Tgdaya/sdqNr-tradition_dakis", "num": 69}], [70, {"ori": [], "gloss": [["..", "", ""], ["e,\\", "FIL", "FIL"]], "free": [], "s_end": false, "iu_a_span": [104.44, 104.85], "meta": {"topic": "tradition", "type": "Narrative", "language": "賽德克語, Seediq, Tgdaya", "speaker": "郭明正, Dakis Pawan, male, 1953-02-24", "collected": "None", "revised": "None", "video": "sdqNr-tradition_dakis.mp3"}, "file": "Seediq_Tgdaya/sdqNr-tradition_dakis", "num": 70}], [71, {"ori": [], "gloss": [["...", "", ""], ["ta--", "FS", "FS"], ["ta-e=ta", "see-LF.IRR=1IPL.GEN", "看-處焦.非現實=1IPL.屬格"], ["baga=su", "hand=2SG.GEN", "手=2SG.屬格"], ["kes-un=su=na", "say-PF=2SG.NOM=3SG.GEN", "說-受焦=2SG.主格=3SG.屬格"], ["asi=su", "must=2SG.GEN", "一定=2SG.屬格"], ["naq", "CAU-see-PF", "self"], ["p-qta-an,\\", "", ""]], "free": ["#n tae=ta有人會念 tao=ta。", "#n tae=ta有人會念 tao=ta。"], "s_end": false, "iu_a_span": [104.85, 107.41], "meta": {"topic": "tradition", "type": "Narrative", "language": "賽德克語, Seediq, Tgdaya", "speaker": "郭明正, Dakis Pawan, male, 1953-02-24", "collected": "None", "revised": "None", "video": "sdqNr-tradition_dakis.mp3"}, "file": "Seediq_Tgdaya/sdqNr-tradition_dakis", "num": 71}], [72, {"ori": [], "gloss": [["...", "", ""], ["kana", "all", "全部"], ["daha", "two", "兩"], ["baga", "hand", "手"], ["wa", "PART", "語助詞"], ["uxe", "NEG", "否定"], ["wano", "only", "只"], ["kingan.\\", "one", "一"]], "free": ["#e “Let’s see your hands,” he tells tou. You must let him see both your hands, instead of only one.", "#c 「讓我們來看看你的手，」他跟你說。你一定要讓他看雙手，不是只有一隻。"], "s_end": true, "iu_a_span": [107.41, 109.12], "meta": {"topic": "tradition", "type": "Narrative", "language": "賽德克語, Seediq, Tgdaya", "speaker": "郭明正, Dakis Pawan, male, 1953-02-24", "collected": "None", "revised": "None", "video": "sdqNr-tradition_dakis.mp3"}, "s_a_span": [104.44, 109.12], "file": "Seediq_Tgdaya/sdqNr-tradition_dakis", "num": 72}], [73, {"ori": [], "gloss": [["...", "", ""], ["ma,\\", "then", "然後"]], "free": [], "s_end": false, "iu_a_span": [109.12, 109.86], "meta": {"topic": "tradition", "type": "Narrative", "language": "賽德克語, Seediq, Tgdaya", "speaker": "郭明正, Dakis Pawan, male, 1953-02-24", "collected": "None", "revised": "None", "video": "sdqNr-tradition_dakis.mp3"}, "file": "Seediq_Tgdaya/sdqNr-tradition_dakis", "num": 73}], [74, {"ori": [], "gloss": [["...", "", ""], ["ma", "then", "然後"], ["psa--", "FS", "FS"], ["p-qta-un=su", "CAU-see-PF=2SG.NOM", "使役-看-受焦-2SG.主格"], ["berah=na", "front=3SG.GEN", "前面=3SG.屬格"], ["na,\\", "PART", "語助詞"]], "free": ["#e Then you let him see and put (you hands) in front of him.", "#c 然後你給他看，(手)放到他前面。"], "s_end": true, "iu_a_span": [109.86, 111.82], "meta": {"topic": "tradition", "type": "Narrative", "language": "賽德克語, Seediq, Tgdaya", "speaker": "郭明正, Dakis Pawan, male, 1953-02-24", "collected": "None", "revised": "None", "video": "sdqNr-tradition_dakis.mp3"}, "s_a_span": [109.12, 111.82], "file": "Seediq_Tgdaya/sdqNr-tradition_dakis", "num": 74}], [75, {"ori": [], "gloss": [["..", "", ""], ["q<m>ita", "<AF>see", "<主焦>"], ["ka", "NOM", "主格"], ["a", "FIL", "FIL"], ["maanu", "what", "什麼"], ["di", "PFV.PART", "完成.PART"], ["qapan", "palm", "掌"], ["baga=ta.\\", "hand=1IPL.GEN", "手=1IPL.屬格"]], "free": ["#e He will examine our palms.", "#c 他會檢視我們的手掌。"], "s_end": true, "iu_a_span": [111.82, 113.62], "meta": {"topic": "tradition", "type": "Narrative", "language": "賽德克語, Seediq, Tgdaya", "speaker": "郭明正, Dakis Pawan, male, 1953-02-24", "collected": "None", "revised": "None", "video": "sdqNr-tradition_dakis.mp3"}, "s_a_span": [111.82, 113.62], "file": "Seediq_Tgdaya/sdqNr-tradition_dakis", "num": 75}], [76, {"ori": [], "gloss": [["...", "", ""], ["netun", "COND", "條件詞"], ["so", "be.like", "像"], ["mg-dara", "MG-blood", "MG-血"], ["baga=su", "hand=2SG.GEN", "手=2SG.屬格"], ["na,\\", "PART", "語助詞"]], "free": ["#n mg-dara「有血痕」；郭老師認為mg-意思是「像」。", "#n mg-dara「有血痕」；郭老師認為mg-意思是「像」。"], "s_end": false, "iu_a_span": [113.62, 115.74], "meta": {"topic": "tradition", "type": "Narrative", "language": "賽德克語, Seediq, Tgdaya", "speaker": "郭明正, Dakis Pawan, male, 1953-02-24", "collected": "None", "revised": "None", "video": "sdqNr-tradition_dakis.mp3"}, "file": "Seediq_Tgdaya/sdqNr-tradition_dakis", "num": 76}], [77, {"ori": [], "gloss": [["...", "", ""], ["anaq", "even", "即使"], ["m--", "FS", "FS"], ["ani", "any", "任何"], ["naq", "self", "自己"], ["mqedin.\\", "woman", "女人"]], "free": [], "s_end": false, "iu_a_span": [115.74, 117.42], "meta": {"topic": "tradition", "type": "Narrative", "language": "賽德克語, Seediq, Tgdaya", "speaker": "郭明正, Dakis Pawan, male, 1953-02-24", "collected": "None", "revised": "None", "video": "sdqNr-tradition_dakis.mp3"}, "file": "Seediq_Tgdaya/sdqNr-tradition_dakis", "num": 77}], [78, {"ori": [], "gloss": [["..", "", ""], ["ani", "any", "任何"], ["naq", "self", "自己"], ["rseno.\\", "man", "男人"]], "free": [], "s_end": false, "iu_a_span": [117.42, 118.42], "meta": {"topic": "tradition", "type": "Narrative", "language": "賽德克語, Seediq, Tgdaya", "speaker": "郭明正, Dakis Pawan, male, 1953-02-24", "collected": "None", "revised": "None", "video": "sdqNr-tradition_dakis.mp3"}, "file": "Seediq_Tgdaya/sdqNr-tradition_dakis", "num": 78}], [79, {"ori": [], "gloss": [["...", "", ""], ["mg-dara", "MG-blood", "MG-血"], ["baga=su", "hand=2SG.GEN", "手=2SG.屬格"], ["de,\\", "PART", "語助詞"]], "free": [], "s_end": false, "iu_a_span": [118.42, 119.71], "meta": {"topic": "tradition", "type": "Narrative", "language": "賽德克語, Seediq, Tgdaya", "speaker": "郭明正, Dakis Pawan, male, 1953-02-24", "collected": "None", "revised": "None", "video": "sdqNr-tradition_dakis.mp3"}, "file": "Seediq_Tgdaya/sdqNr-tradition_dakis", "num": 79}], [80, {"ori": [], "gloss": [["..", "", ""], ["p-da-un=su=na", "CAU-pass-PF=2SG.GEN=3SG.NOM", "使役-通過-受焦-2SG.屬格-3SG.主格"], ["hako", "bridge", "橋"], ["utux", "soul", "魂"], ["nii", "this", "這個"], ["ka", "NOM", "主格"], ["isu,\\", "2SG", "2SG"]], "free": [], "s_end": false, "iu_a_span": [119.71, 121.3], "meta": {"topic": "tradition", "type": "Narrative", "language": "賽德克語, Seediq, Tgdaya", "speaker": "郭明正, Dakis Pawan, male, 1953-02-24", "collected": "None", "revised": "None", "video": "sdqNr-tradition_dakis.mp3"}, "file": "Seediq_Tgdaya/sdqNr-tradition_dakis", "num": 80}], [81, {"ori": [], "gloss": [["...", "", ""], ["deh--", "FS", "FS"], ["denu.\\", "PART", "語助詞"]], "free": ["#e Whether you are a man or woman, if your hands are blood-stained, he will let you pass this soul bridge. That’s all.", "#c 不論男的女的，如果你的手有血痕，他就會讓你過這座祖靈橋。就這樣。", "#n denu為dehenu的縮稱。"], "s_end": true, "iu_a_span": [121.3, 122.21], "meta": {"topic": "tradition", "type": "Narrative", "language": "賽德克語, Seediq, Tgdaya", "speaker": "郭明正, Dakis Pawan, male, 1953-02-24", "collected": "None", "revised": "None", "video": "sdqNr-tradition_dakis.mp3"}, "s_a_span": [113.62, 122.21], "file": "Seediq_Tgdaya/sdqNr-tradition_dakis", "num": 81}], [82, {"ori": [], "gloss": [["...", "", ""], ["ma", "then", "然後"], ["bale", "real", "真的"], ["ba,\\", "real", "真的"]], "free": [], "s_end": false, "iu_a_span": [122.21, 123.32], "meta": {"topic": "tradition", "type": "Narrative", "language": "賽德克語, Seediq, Tgdaya", "speaker": "郭明正, Dakis Pawan, male, 1953-02-24", "collected": "None", "revised": "None", "video": "sdqNr-tradition_dakis.mp3"}, "file": "Seediq_Tgdaya/sdqNr-tradition_dakis", "num": 82}], [83, {"ori": [], "gloss": [["...", "", ""], ["m--,_", "FS", "FS"]], "free": [], "s_end": false, "iu_a_span": [123.32, 123.84], "meta": {"topic": "tradition", "type": "Narrative", "language": "賽德克語, Seediq, Tgdaya", "speaker": "郭明正, Dakis Pawan, male, 1953-02-24", "collected": "None", "revised": "None", "video": "sdqNr-tradition_dakis.mp3"}, "file": "Seediq_Tgdaya/sdqNr-tradition_dakis", "num": 83}], [84, {"ori": [], "gloss": [["..", "", ""], ["mg-dara", "MG-blood", "MG-血"], ["su--,_", "FS", "FS"]], "free": [], "s_end": false, "iu_a_span": [123.84, 124.76], "meta": {"topic": "tradition", "type": "Narrative", "language": "賽德克語, Seediq, Tgdaya", "speaker": "郭明正, Dakis Pawan, male, 1953-02-24", "collected": "None", "revised": "None", "video": "sdqNr-tradition_dakis.mp3"}, "file": "Seediq_Tgdaya/sdqNr-tradition_dakis", "num": 84}], [85, {"ori": [], "gloss": [["baga=su", "hand=1SG.GEN", "手-1SG.屬格"], ["di", "PFV.PART", "完成.PART"], ["na,\\", "PART", "語助詞"]], "free": [], "s_end": false, "iu_a_span": [124.76, 125.52], "meta": {"topic": "tradition", "type": "Narrative", "language": "賽德克語, Seediq, Tgdaya", "speaker": "郭明正, Dakis Pawan, male, 1953-02-24", "collected": "None", "revised": "None", "video": "sdqNr-tradition_dakis.mp3"}, "file": "Seediq_Tgdaya/sdqNr-tradition_dakis", "num": 85}], [86, {"ori": [], "gloss": [["..", "", ""], ["kiya", "that", "那個"], ["kndalax=su,\\", "AF.from=2SG.NOM", "主焦.從=2SG.主格"]], "free": [], "s_end": false, "iu_a_span": [125.52, 126.4], "meta": {"topic": "tradition", "type": "Narrative", "language": "賽德克語, Seediq, Tgdaya", "speaker": "郭明正, Dakis Pawan, male, 1953-02-24", "collected": "None", "revised": "None", "video": "sdqNr-tradition_dakis.mp3"}, "file": "Seediq_Tgdaya/sdqNr-tradition_dakis", "num": 86}], [87, {"ori": [], "gloss": [["..", "", ""], ["puting", "end", "端"], ["hako", "bridge", "橋"], ["hini", "here", "這裡"], ["we,\\", "PART", "語助詞"]], "free": [], "s_end": false, "iu_a_span": [126.4, 127.49], "meta": {"topic": "tradition", "type": "Narrative", "language": "賽德克語, Seediq, Tgdaya", "speaker": "郭明正, Dakis Pawan, male, 1953-02-24", "collected": "None", "revised": "None", "video": "sdqNr-tradition_dakis.mp3"}, "file": "Seediq_Tgdaya/sdqNr-tradition_dakis", "num": 87}], [88, {"ori": [], "gloss": [["..", "", ""], ["m-usa=su", "AF-go=1SG.NOM", "主焦-去=1SG.主格"], ["dehuk", "AF.arrive", "主焦.到達"], ["puting", "end", "端"], ["hiya", "there", "那裡"], ["m--", "FS", "FS主焦-走"], ["m-kkesa", "AF-walk", "FS"], ["m--", "FS", "主焦-去=2SG.主格"], ["m-usa=su,\\", "", ""]], "free": [], "s_end": false, "iu_a_span": [127.49, 129.98], "meta": {"topic": "tradition", "type": "Narrative", "language": "賽德克語, Seediq, Tgdaya", "speaker": "郭明正, Dakis Pawan, male, 1953-02-24", "collected": "None", "revised": "None", "video": "sdqNr-tradition_dakis.mp3"}, "file": "Seediq_Tgdaya/sdqNr-tradition_dakis", "num": 88}], [89, {"ori": [], "gloss": [["..", "", ""], ["tlangan", "heaven", "天堂"], ["a,\\", "FIL", "FIL"]], "free": ["#n putting ‘edge尾端’, a part of stick-like things (sugarcane, tobacco, scythe鐮刀) left not being completely consumed or broken, the edge of the ground (for example a house located on the north or south edge etc.)", "#n tlangan「祖靈之地」，字面上是「成聚落的地方」；alang部落。", "#n putting ‘edge尾端’, a part of stick-like things (sugarcane, tobacco, scythe鐮刀) left not being completely consumed or broken, the edge of the ground (for example a house located on the north or south edge etc.)", "#n tlangan「祖靈之地」，字面上是「成聚落的地方」；alang部落。"], "s_end": false, "iu_a_span": [129.98, 130.85], "meta": {"topic": "tradition", "type": "Narrative", "language": "賽德克語, Seediq, Tgdaya", "speaker": "郭明正, Dakis Pawan, male, 1953-02-24", "collected": "None", "revised": "None", "video": "sdqNr-tradition_dakis.mp3"}, "file": "Seediq_Tgdaya/sdqNr-tradition_dakis", "num": 89}], [90, {"ori": [], "gloss": [["...", "", ""], ["p--,_", "FS", "FS"]], "free": [], "s_end": false, "iu_a_span": [130.85, 131.58], "meta": {"topic": "tradition", "type": "Narrative", "language": "賽德克語, Seediq, Tgdaya", "speaker": "郭明正, Dakis Pawan, male, 1953-02-24", "collected": "None", "revised": "None", "video": "sdqNr-tradition_dakis.mp3"}, "file": "Seediq_Tgdaya/sdqNr-tradition_dakis", "num": 90}], [91, {"ori": [], "gloss": [["..", "", ""], ["kes-un=na", "say-PF=3SG.GEN", "說-受焦=3SG.屬格"], ["tlangan", "heaven", "天堂"], ["a,\\", "FIL", "FIL"]], "free": [], "s_end": false, "iu_a_span": [131.58, 132.94], "meta": {"topic": "tradition", "type": "Narrative", "language": "賽德克語, Seediq, Tgdaya", "speaker": "郭明正, Dakis Pawan, male, 1953-02-24", "collected": "None", "revised": "None", "video": "sdqNr-tradition_dakis.mp3"}, "file": "Seediq_Tgdaya/sdqNr-tradition_dakis", "num": 91}], [92, {"ori": [], "gloss": [["..", "", ""], ["utux=ta", "soul=1IPL.GEN", "魂=1IPL.屬格"], ["rudan", "elderly", "長者"], ["cbeyo", "past", "以前"], ["peni", "PART", "語助詞"], ["na,\\", "PART", "語助詞"]], "free": ["#e If your hands are really blood-stained, you can go from this end to that end, and walk to the place of soul, the so-called gathering place of our ancestors.", "#c 若你的手真留有血痕，你就可以從橋的這一端，到那一端，走到祖靈之地，所謂我們祖先聚集的地方。", "#n rudan cbeyo「祖先」。", "#n tlangan utux baro「天堂」。"], "s_end": true, "iu_a_span": [132.94, 134.34], "meta": {"topic": "tradition", "type": "Narrative", "language": "賽德克語, Seediq, Tgdaya", "speaker": "郭明正, Dakis Pawan, male, 1953-02-24", "collected": "None", "revised": "None", "video": "sdqNr-tradition_dakis.mp3"}, "s_a_span": [122.21, 134.34], "file": "Seediq_Tgdaya/sdqNr-tradition_dakis", "num": 92}], [93, {"ori": [], "gloss": [["...", "", ""], ["ani", "any", "任何"], ["si,_", "say", "說"]], "free": ["#n ani si這裡是「但是」的意思。", "#n ani si這裡是「但是」的意思。"], "s_end": false, "iu_a_span": [134.34, 135.39], "meta": {"topic": "tradition", "type": "Narrative", "language": "賽德克語, Seediq, Tgdaya", "speaker": "郭明正, Dakis Pawan, male, 1953-02-24", "collected": "None", "revised": "None", "video": "sdqNr-tradition_dakis.mp3"}, "file": "Seediq_Tgdaya/sdqNr-tradition_dakis", "num": 93}], [94, {"ori": [], "gloss": [["..", "", ""], ["netun", "COND", "條件詞"], ["baga=su", "hand=2SG.GEN", "手=2SG.屬格"], ["na,\\", "PART", "語助詞"]], "free": [], "s_end": false, "iu_a_span": [135.39, 136.57], "meta": {"topic": "tradition", "type": "Narrative", "language": "賽德克語, Seediq, Tgdaya", "speaker": "郭明正, Dakis Pawan, male, 1953-02-24", "collected": "None", "revised": "None", "video": "sdqNr-tradition_dakis.mp3"}, "file": "Seediq_Tgdaya/sdqNr-tradition_dakis", "num": 94}], [95, {"ori": [], "gloss": [["..", "", ""], ["ini", "NEG", "否定"], ["pg-dara", "PG-blood", "PG-血"], ["di", "PFV.PART", "完成.PART"], ["na,\\", "PART", "語助詞"]], "free": [], "s_end": false, "iu_a_span": [136.57, 137.8], "meta": {"topic": "tradition", "type": "Narrative", "language": "賽德克語, Seediq, Tgdaya", "speaker": "郭明正, Dakis Pawan, male, 1953-02-24", "collected": "None", "revised": "None", "video": "sdqNr-tradition_dakis.mp3"}, "file": "Seediq_Tgdaya/sdqNr-tradition_dakis", "num": 95}], [96, {"ori": [], "gloss": [["...", "", ""], ["uxe=su", "NEG=2SG.NOM", "否定=2SG.主格"], ["pdehuk", "AF.arrive", "主焦.到達"], ["sipo", "other.side", "另一邊"], ["sa.\\", "say", "說"]], "free": ["#e However, if your hands are not blood-stained, you cannot reach the other side.", "#c 但是，如果你的手沒有血痕，你就到不了對岸。"], "s_end": true, "iu_a_span": [137.8, 139.39], "meta": {"topic": "tradition", "type": "Narrative", "language": "賽德克語, Seediq, Tgdaya", "speaker": "郭明正, Dakis Pawan, male, 1953-02-24", "collected": "None", "revised": "None", "video": "sdqNr-tradition_dakis.mp3"}, "s_a_span": [134.34, 139.39], "file": "Seediq_Tgdaya/sdqNr-tradition_dakis", "num": 96}], [97, {"ori": [], "gloss": [["...", "", ""], ["m-uda=su", "AF-pass=2SG.NOM", "主焦-經過=2SG.主格"], ["tuting", "end", "端"], ["cceka", "middle", "中間"], ["di", "PFV.PART", "完成.PART"], ["na,\\", "PART", "語助詞"]], "free": [], "s_end": false, "iu_a_span": [139.39, 141.35], "meta": {"topic": "tradition", "type": "Narrative", "language": "賽德克語, Seediq, Tgdaya", "speaker": "郭明正, Dakis Pawan, male, 1953-02-24", "collected": "None", "revised": "None", "video": "sdqNr-tradition_dakis.mp3"}, "file": "Seediq_Tgdaya/sdqNr-tradition_dakis", "num": 97}], [98, {"ori": [], "gloss": [["...", "", ""], ["m-kkesa=su", "AF-walk=2SG.NOM", "主焦-走=2SG.主格"], ["na", "PART", "語助詞"], ["m^-lgelu", "AF-shake", "主焦-搖"], ["paru", "AF.big", "主焦.大"], ["ka", "NOM", "主格"], ["hako", "bridge", "橋"], ["dehuk", "AF.arrive", "主焦.到達"], ["si,\\", "say", "說"]], "free": ["#e When you walk halfway, the bridge will shake violently.", "#c 你走到中間的時候，橋會搖晃得很厲害。"], "s_end": true, "iu_a_span": [141.35, 143.89], "meta": {"topic": "tradition", "type": "Narrative", "language": "賽德克語, Seediq, Tgdaya", "speaker": "郭明正, Dakis Pawan, male, 1953-02-24", "collected": "None", "revised": "None", "video": "sdqNr-tradition_dakis.mp3"}, "s_a_span": [139.39, 143.89], "file": "Seediq_Tgdaya/sdqNr-tradition_dakis", "num": 98}], [99, {"ori": [], "gloss": [["..", "", ""], ["kika", "thus", "所以"], ["m-tuting=su,\\", "AF-fall=2SG.NOM", "主焦-掉落=2SG.主格"]], "free": [], "s_end": false, "iu_a_span": [143.89, 145.07], "meta": {"topic": "tradition", "type": "Narrative", "language": "賽德克語, Seediq, Tgdaya", "speaker": "郭明正, Dakis Pawan, male, 1953-02-24", "collected": "None", "revised": "None", "video": "sdqNr-tradition_dakis.mp3"}, "file": "Seediq_Tgdaya/sdqNr-tradition_dakis", "num": 99}]], "meta": {"topic": "tradition", "type": "Narrative", "language": "賽德克語, Seediq, Tgdaya", "speaker": "郭明正, Dakis Pawan, male, 1953-02-24", "collected": "None", "revised": "None", "video": "sdqNr-tradition_dakis.mp3"}}