{"glosses": [[1, {"ori": [], "gloss": [["ira", "EXIST", "存在"], ["kuya", "that.NOM", "那個.主格"], ["ccay", "one", "一"], ["a", "LNK", "連詞"], ["wawa,\\", "child", "小孩"]], "free": [], "s_end": false, "iu_a_span": [0.83, 3.24], "meta": {"topic": "Frog Story", "type": "Narrative", "language": "阿美語, Amis, Ciwkangan(台東縣長光社區)", "speaker": "嚴敏珠, Minzhu, female, None", "collected": "2003-06-01", "revised": "2013-1-16", "video": "Amis_Nr-frog_minzhu.mp3"}, "file": "Amis_Ciwkangan/Amis_Nr-frog_minzhu", "num": 1}], [2, {"ori": [], "gloss": [["...(1.2)", "", ""], ["dadaya=tu", "night=PFV", "晚上=完成"], ["i,\\", "DM", "DM"]], "free": [], "s_end": false, "iu_a_span": [3.24, 5.85], "meta": {"topic": "Frog Story", "type": "Narrative", "language": "阿美語, Amis, Ciwkangan(台東縣長光社區)", "speaker": "嚴敏珠, Minzhu, female, None", "collected": "2003-06-01", "revised": "2013-1-16", "video": "Amis_Nr-frog_minzhu.mp3"}, "file": "Amis_Ciwkangan/Amis_Nr-frog_minzhu", "num": 2}], [3, {"ori": [], "gloss": [["...", "", ""], ["u", "CN", "CN"], ["tihi", "partner", "同伴"], ["nira", "3SG.GEN", "3SG.屬格"], ["u", "CN", "CN"], ["widang", "friend", "朋友"], ["nira,\\", "3SG.GEN", "3SG.屬格"]], "free": [], "s_end": false, "iu_a_span": [5.85, 8.12], "meta": {"topic": "Frog Story", "type": "Narrative", "language": "阿美語, Amis, Ciwkangan(台東縣長光社區)", "speaker": "嚴敏珠, Minzhu, female, None", "collected": "2003-06-01", "revised": "2013-1-16", "video": "Amis_Nr-frog_minzhu.mp3"}, "file": "Amis_Ciwkangan/Amis_Nr-frog_minzhu", "num": 3}], [4, {"ori": [], "gloss": [["..", "", ""], ["u", "CN", "CN"], ["ccay", "one", "一"], ["wacu,\\", "dog", "狗"]], "free": [], "s_end": false, "iu_a_span": [8.12, 9.26], "meta": {"topic": "Frog Story", "type": "Narrative", "language": "阿美語, Amis, Ciwkangan(台東縣長光社區)", "speaker": "嚴敏珠, Minzhu, female, None", "collected": "2003-06-01", "revised": "2013-1-16", "video": "Amis_Nr-frog_minzhu.mp3"}, "file": "Amis_Ciwkangan/Amis_Nr-frog_minzhu", "num": 4}], [5, {"ori": [], "gloss": [["..", "", ""], ["atu", "CONJ", "連接詞"], ["ccay", "one", "一"], ["takula’,\\", "frog", "青蛙"]], "free": ["#e There was a child, at night (he stayed with) his partner and friend, a dog and a frog.", "#c 有一個小孩，到了晚上，（他跟）他的同伴也是朋友、一隻狗和一隻青蛙（在一起）。"], "s_end": true, "iu_a_span": [9.26, 10.66], "meta": {"topic": "Frog Story", "type": "Narrative", "language": "阿美語, Amis, Ciwkangan(台東縣長光社區)", "speaker": "嚴敏珠, Minzhu, female, None", "collected": "2003-06-01", "revised": "2013-1-16", "video": "Amis_Nr-frog_minzhu.mp3"}, "s_a_span": [0.83, 10.66], "file": "Amis_Ciwkangan/Amis_Nr-frog_minzhu", "num": 5}], [6, {"ori": [], "gloss": [["...(0.9)", "", ""], ["teli-han", "put-HAN.PF", "放-HAN.受焦"], ["kiya", "that.NOM", "那個.主格"], ["takula’,\\", "frog", "青蛙"]], "free": [], "s_end": false, "iu_a_span": [10.66, 13.07], "meta": {"topic": "Frog Story", "type": "Narrative", "language": "阿美語, Amis, Ciwkangan(台東縣長光社區)", "speaker": "嚴敏珠, Minzhu, female, None", "collected": "2003-06-01", "revised": "2013-1-16", "video": "Amis_Nr-frog_minzhu.mp3"}, "file": "Amis_Ciwkangan/Amis_Nr-frog_minzhu", "num": 6}], [7, {"ori": [], "gloss": [["..", "", ""], ["itini", "here", "這裡"], ["i", "LOC", "處格"], ["talid", "bottle", "瓶子"], ["nira,\\", "3SG.GEN", "3SG.屬格"]], "free": [], "s_end": false, "iu_a_span": [13.07, 14.65], "meta": {"topic": "Frog Story", "type": "Narrative", "language": "阿美語, Amis, Ciwkangan(台東縣長光社區)", "speaker": "嚴敏珠, Minzhu, female, None", "collected": "2003-06-01", "revised": "2013-1-16", "video": "Amis_Nr-frog_minzhu.mp3"}, "file": "Amis_Ciwkangan/Amis_Nr-frog_minzhu", "num": 7}], [8, {"ori": [], "gloss": [["...", "", ""], ["nawhani", "because", "因為"], ["ka-limela-an", "KA-cherish-NMZ", "KA-疼惜-名物化"], ["nira", "3SG.GEN", "3SG.屬格"], ["a", "LNK", "連詞"], ["widang,\\", "friend", "朋友"]], "free": [], "s_end": false, "iu_a_span": [14.65, 17.67], "meta": {"topic": "Frog Story", "type": "Narrative", "language": "阿美語, Amis, Ciwkangan(台東縣長光社區)", "speaker": "嚴敏珠, Minzhu, female, None", "collected": "2003-06-01", "revised": "2013-1-16", "video": "Amis_Nr-frog_minzhu.mp3"}, "file": "Amis_Ciwkangan/Amis_Nr-frog_minzhu", "num": 8}], [9, {"ori": [], "gloss": [["..", "", ""], ["kuna", "this.NOM", "這個.主格"], ["takula’,\\", "frog", "青蛙"]], "free": ["#e He put the frog in his bottle, because the frog was his most cherished friend.", "#c 他把青蛙放在他的瓶子裡，因為那隻青蛙是他最疼惜的朋友。", "#n ka-umi’ ci-ina tu wawa：媽媽很疼小孩。"], "s_end": true, "iu_a_span": [17.67, 18.64], "meta": {"topic": "Frog Story", "type": "Narrative", "language": "阿美語, Amis, Ciwkangan(台東縣長光社區)", "speaker": "嚴敏珠, Minzhu, female, None", "collected": "2003-06-01", "revised": "2013-1-16", "video": "Amis_Nr-frog_minzhu.mp3"}, "s_a_span": [10.66, 18.64], "file": "Amis_Ciwkangan/Amis_Nr-frog_minzhu", "num": 9}], [10, {"ori": [], "gloss": [["...(1.1)", "", ""], ["halafin=tu", "long=PFV", "很久=完成"], ["i==,\\", "DM", "DM"]], "free": [], "s_end": false, "iu_a_span": [18.64, 20.63], "meta": {"topic": "Frog Story", "type": "Narrative", "language": "阿美語, Amis, Ciwkangan(台東縣長光社區)", "speaker": "嚴敏珠, Minzhu, female, None", "collected": "2003-06-01", "revised": "2013-1-16", "video": "Amis_Nr-frog_minzhu.mp3"}, "file": "Amis_Ciwkangan/Amis_Nr-frog_minzhu", "num": 10}], [11, {"ori": [], "gloss": [["..", "", ""], ["sa-kafuti’-an=tu", "SA-sleep-AN=PFV", "SA-睡覺-AN=完成"], ["cingra", "3SG.NOM", "3SG.主格"], ["i==,\\", "DM", "DM"]], "free": [], "s_end": false, "iu_a_span": [20.63, 22.37], "meta": {"topic": "Frog Story", "type": "Narrative", "language": "阿美語, Amis, Ciwkangan(台東縣長光社區)", "speaker": "嚴敏珠, Minzhu, female, None", "collected": "2003-06-01", "revised": "2013-1-16", "video": "Amis_Nr-frog_minzhu.mp3"}, "file": "Amis_Ciwkangan/Amis_Nr-frog_minzhu", "num": 11}], [12, {"ori": [], "gloss": [["..", "", ""], ["ma-futi’=tu", "AF-sleep=PFV", "主焦-睡覺=完成"], ["cingra,\\", "3SG.NOM", "3SG.主格"]], "free": [], "s_end": false, "iu_a_span": [22.37, 23.81], "meta": {"topic": "Frog Story", "type": "Narrative", "language": "阿美語, Amis, Ciwkangan(台東縣長光社區)", "speaker": "嚴敏珠, Minzhu, female, None", "collected": "2003-06-01", "revised": "2013-1-16", "video": "Amis_Nr-frog_minzhu.mp3"}, "file": "Amis_Ciwkangan/Amis_Nr-frog_minzhu", "num": 12}], [13, {"ori": [], "gloss": [["...(1.1)", "", ""], ["widang", "friend", "朋友"], ["nira", "3SG.GEN", "3SG.屬格"], ["a", "LNK", "連詞"], ["wacu", "dog", "狗"], ["i,\\", "DM", "DM"]], "free": [], "s_end": false, "iu_a_span": [23.81, 26.46], "meta": {"topic": "Frog Story", "type": "Narrative", "language": "阿美語, Amis, Ciwkangan(台東縣長光社區)", "speaker": "嚴敏珠, Minzhu, female, None", "collected": "2003-06-01", "revised": "2013-1-16", "video": "Amis_Nr-frog_minzhu.mp3"}, "file": "Amis_Ciwkangan/Amis_Nr-frog_minzhu", "num": 13}], [14, {"ori": [], "gloss": [["..", "", ""], ["patihi’", "accompany", "陪伴"], ["cingranan", "3SG.OBL", "3SG.斜格"], ["ma-futi’,\\", "AF-sleep", "主焦-睡覺"]], "free": ["#e Afterwards, he wanted to sleep and slept. His friend and the dog slept with him.", "#c 過了不久，他想睡覺，他就睡覺了，他的朋友和狗陪伴他睡覺。", "#n sa-...-an: want to..."], "s_end": true, "iu_a_span": [26.46, 28.8], "meta": {"topic": "Frog Story", "type": "Narrative", "language": "阿美語, Amis, Ciwkangan(台東縣長光社區)", "speaker": "嚴敏珠, Minzhu, female, None", "collected": "2003-06-01", "revised": "2013-1-16", "video": "Amis_Nr-frog_minzhu.mp3"}, "s_a_span": [18.64, 28.8], "file": "Amis_Ciwkangan/Amis_Nr-frog_minzhu", "num": 14}], [15, {"ori": [], "gloss": [["...", "", ""], ["nika,\\", "DM", "DM"]], "free": [], "s_end": false, "iu_a_span": [28.8, 29.83], "meta": {"topic": "Frog Story", "type": "Narrative", "language": "阿美語, Amis, Ciwkangan(台東縣長光社區)", "speaker": "嚴敏珠, Minzhu, female, None", "collected": "2003-06-01", "revised": "2013-1-16", "video": "Amis_Nr-frog_minzhu.mp3"}, "file": "Amis_Ciwkangan/Amis_Nr-frog_minzhu", "num": 15}], [16, {"ori": [], "gloss": [["..", "", ""], ["lafi’i", "midnight", "三更半夜"], ["i,\\", "DM", "DM"]], "free": [], "s_end": false, "iu_a_span": [29.83, 31.03], "meta": {"topic": "Frog Story", "type": "Narrative", "language": "阿美語, Amis, Ciwkangan(台東縣長光社區)", "speaker": "嚴敏珠, Minzhu, female, None", "collected": "2003-06-01", "revised": "2013-1-16", "video": "Amis_Nr-frog_minzhu.mp3"}, "file": "Amis_Ciwkangan/Amis_Nr-frog_minzhu", "num": 16}], [17, {"ori": [], "gloss": [["...(0.7)", "", ""], ["ma-sadak", "AF-exit", "主焦-出去"], ["kiya", "that.NOM", "那個.主格"], ["takula’,\\", "frog", "青蛙"]], "free": [], "s_end": false, "iu_a_span": [31.03, 33.0], "meta": {"topic": "Frog Story", "type": "Narrative", "language": "阿美語, Amis, Ciwkangan(台東縣長光社區)", "speaker": "嚴敏珠, Minzhu, female, None", "collected": "2003-06-01", "revised": "2013-1-16", "video": "Amis_Nr-frog_minzhu.mp3"}, "file": "Amis_Ciwkangan/Amis_Nr-frog_minzhu", "num": 17}], [18, {"ori": [], "gloss": [["..", "", ""], ["a", "LNK", "連詞"], ["mi-tekur,\\", "AF-jump", "主焦-跳"]], "free": [], "s_end": false, "iu_a_span": [33.0, 33.86], "meta": {"topic": "Frog Story", "type": "Narrative", "language": "阿美語, Amis, Ciwkangan(台東縣長光社區)", "speaker": "嚴敏珠, Minzhu, female, None", "collected": "2003-06-01", "revised": "2013-1-16", "video": "Amis_Nr-frog_minzhu.mp3"}, "file": "Amis_Ciwkangan/Amis_Nr-frog_minzhu", "num": 18}], [19, {"ori": [], "gloss": [["..", "", ""], ["a", "LNK", "連詞"], ["ma-sadak,\\", "AF-exit", "主焦-出去"]], "free": ["#e At midnight, the frog jumped out.", "#c 直到三更半夜，青蛙跳出去。"], "s_end": true, "iu_a_span": [33.86, 34.79], "meta": {"topic": "Frog Story", "type": "Narrative", "language": "阿美語, Amis, Ciwkangan(台東縣長光社區)", "speaker": "嚴敏珠, Minzhu, female, None", "collected": "2003-06-01", "revised": "2013-1-16", "video": "Amis_Nr-frog_minzhu.mp3"}, "s_a_span": [28.8, 34.79], "file": "Amis_Ciwkangan/Amis_Nr-frog_minzhu", "num": 19}], [20, {"ori": [], "gloss": [["...(0.8)", "", ""], ["u", "CN", "CN"], ["lafak=tu", "morning=PFV", "早上=完成"], ["ma==,\\", "FS", "FS"]], "free": [], "s_end": false, "iu_a_span": [34.79, 37.31], "meta": {"topic": "Frog Story", "type": "Narrative", "language": "阿美語, Amis, Ciwkangan(台東縣長光社區)", "speaker": "嚴敏珠, Minzhu, female, None", "collected": "2003-06-01", "revised": "2013-1-16", "video": "Amis_Nr-frog_minzhu.mp3"}, "file": "Amis_Ciwkangan/Amis_Nr-frog_minzhu", "num": 20}], [21, {"ori": [], "gloss": [["...(0.7)", "", ""], ["u", "CN", "CN"], ["lafak=tu", "morning=PFV", "早上=完成"], ["i", "DM", "DM"], ["nengneng-han", "see-HAN.PF", "看-HAN.受焦"], ["nira,\\", "3SG.GEN", "3SG.屬格"]], "free": [], "s_end": false, "iu_a_span": [37.31, 39.5], "meta": {"topic": "Frog Story", "type": "Narrative", "language": "阿美語, Amis, Ciwkangan(台東縣長光社區)", "speaker": "嚴敏珠, Minzhu, female, None", "collected": "2003-06-01", "revised": "2013-1-16", "video": "Amis_Nr-frog_minzhu.mp3"}, "file": "Amis_Ciwkangan/Amis_Nr-frog_minzhu", "num": 21}], [22, {"ori": [], "gloss": [["..", "", ""], ["awa=tu", "NEG=PFV", "否定=完成"], ["kuya", "that.NOM", "那個.主格"], ["takula’,\\", "frog", "青蛙"]], "free": [], "s_end": false, "iu_a_span": [39.5, 41.33], "meta": {"topic": "Frog Story", "type": "Narrative", "language": "阿美語, Amis, Ciwkangan(台東縣長光社區)", "speaker": "嚴敏珠, Minzhu, female, None", "collected": "2003-06-01", "revised": "2013-1-16", "video": "Amis_Nr-frog_minzhu.mp3"}, "file": "Amis_Ciwkangan/Amis_Nr-frog_minzhu", "num": 22}], [23, {"ori": [], "gloss": [["...", "", ""], ["sa-nengneng-nengneng", "SA-RED-see", "SA-重疊-看"], ["sa", "SA", "SA"], ["cangra", "3PL.NOM", "3PL.主格"], ["ta-tusa,\\", "Ca-two", "Ca重疊-二"]], "free": [], "s_end": false, "iu_a_span": [41.33, 43.69], "meta": {"topic": "Frog Story", "type": "Narrative", "language": "阿美語, Amis, Ciwkangan(台東縣長光社區)", "speaker": "嚴敏珠, Minzhu, female, None", "collected": "2003-06-01", "revised": "2013-1-16", "video": "Amis_Nr-frog_minzhu.mp3"}, "file": "Amis_Ciwkangan/Amis_Nr-frog_minzhu", "num": 23}], [24, {"ori": [], "gloss": [["..", "", ""], ["mi-kilim", "AF-look.for", "主焦-尋找"], ["awa,\\", "NEG", "否定"]], "free": ["#e In the morning, he saw that the frog was gone, and they looked around, looking for the frog, but didn’t find it.", "#c 早上他看到青蛙不見了，他們兩個左看右看，尋找，沒有。"], "s_end": true, "iu_a_span": [43.69, 44.81], "meta": {"topic": "Frog Story", "type": "Narrative", "language": "阿美語, Amis, Ciwkangan(台東縣長光社區)", "speaker": "嚴敏珠, Minzhu, female, None", "collected": "2003-06-01", "revised": "2013-1-16", "video": "Amis_Nr-frog_minzhu.mp3"}, "s_a_span": [34.79, 44.81], "file": "Amis_Ciwkangan/Amis_Nr-frog_minzhu", "num": 24}], [25, {"ori": [], "gloss": [["...", "", ""], ["ya", "that", "那個"], ["wacu", "dog", "狗"], ["sa", "SA", "SA"], ["i==,\\", "DM", "DM"]], "free": [], "s_end": false, "iu_a_span": [44.81, 46.42], "meta": {"topic": "Frog Story", "type": "Narrative", "language": "阿美語, Amis, Ciwkangan(台東縣長光社區)", "speaker": "嚴敏珠, Minzhu, female, None", "collected": "2003-06-01", "revised": "2013-1-16", "video": "Amis_Nr-frog_minzhu.mp3"}, "file": "Amis_Ciwkangan/Amis_Nr-frog_minzhu", "num": 25}], [26, {"ori": [], "gloss": [["...", "", ""], ["sa-fuhafuhat", "SA-overturn", "SA-翻動"], ["sa", "SA", "SA"], ["mi-padang", "AF-??", "主焦-??"], ["mi-kilim,\\", "AF-look.for", "主焦-尋找"]], "free": [], "s_end": false, "iu_a_span": [46.42, 48.87], "meta": {"topic": "Frog Story", "type": "Narrative", "language": "阿美語, Amis, Ciwkangan(台東縣長光社區)", "speaker": "嚴敏珠, Minzhu, female, None", "collected": "2003-06-01", "revised": "2013-1-16", "video": "Amis_Nr-frog_minzhu.mp3"}, "file": "Amis_Ciwkangan/Amis_Nr-frog_minzhu", "num": 26}], [27, {"ori": [], "gloss": [["...", "", ""], ["ca’ay", "NEG", "否定"], ["paka-tama,\\", "PAKA2-find", "PAKA2-找到"]], "free": ["#e The dog made a thorough search, but didn’t find the frog.", "#c 那隻狗翻來翻去找，沒有找到。", "#n fuhat是「開」的意思。", "#n ma-kilim=tu aku kuya cudad：我找到書了。", "#n paka-tama kaku tu paysu：我撿到錢。"], "s_end": true, "iu_a_span": [48.87, 50.71], "meta": {"topic": "Frog Story", "type": "Narrative", "language": "阿美語, Amis, Ciwkangan(台東縣長光社區)", "speaker": "嚴敏珠, Minzhu, female, None", "collected": "2003-06-01", "revised": "2013-1-16", "video": "Amis_Nr-frog_minzhu.mp3"}, "s_a_span": [44.81, 50.71], "file": "Amis_Ciwkangan/Amis_Nr-frog_minzhu", "num": 27}], [28, {"ori": [], "gloss": [["..", "", ""], ["wad-wadeng", "RED-overturn", "重疊-翻動"], ["nira", "3SG.GEN", "3SG.屬格"], ["ku", "NOM", "主格"], ["luma,\\", "house", "家"]], "free": [], "s_end": false, "iu_a_span": [50.71, 52.27], "meta": {"topic": "Frog Story", "type": "Narrative", "language": "阿美語, Amis, Ciwkangan(台東縣長光社區)", "speaker": "嚴敏珠, Minzhu, female, None", "collected": "2003-06-01", "revised": "2013-1-16", "video": "Amis_Nr-frog_minzhu.mp3"}, "file": "Amis_Ciwkangan/Amis_Nr-frog_minzhu", "num": 28}], [29, {"ori": [], "gloss": [["..", "", ""], ["ningra", "3SG.POSS", "3SG.所有格"], ["i,\\", "DM", "DM"]], "free": [], "s_end": false, "iu_a_span": [52.27, 52.98], "meta": {"topic": "Frog Story", "type": "Narrative", "language": "阿美語, Amis, Ciwkangan(台東縣長光社區)", "speaker": "嚴敏珠, Minzhu, female, None", "collected": "2003-06-01", "revised": "2013-1-16", "video": "Amis_Nr-frog_minzhu.mp3"}, "file": "Amis_Ciwkangan/Amis_Nr-frog_minzhu", "num": 29}], [30, {"ori": [], "gloss": [["..", "", ""], ["ca’ay", "NEG", "否定"], ["paka-tama,\\", "PAKA2-find", "PAKA2-找到"]], "free": [], "s_end": false, "iu_a_span": [52.98, 54.23], "meta": {"topic": "Frog Story", "type": "Narrative", "language": "阿美語, Amis, Ciwkangan(台東縣長光社區)", "speaker": "嚴敏珠, Minzhu, female, None", "collected": "2003-06-01", "revised": "2013-1-16", "video": "Amis_Nr-frog_minzhu.mp3"}, "file": "Amis_Ciwkangan/Amis_Nr-frog_minzhu", "num": 30}], [31, {"ori": [], "gloss": [["..", "", ""], ["niya", "that.GEN", "那個.屬格"], ["wawa,\\", "child", "小孩"]], "free": ["#e The child searched his house for the frog, but didn’t find it.", "#c 小孩在家裡找來找去，也沒找到。"], "s_end": true, "iu_a_span": [54.23, 55.01], "meta": {"topic": "Frog Story", "type": "Narrative", "language": "阿美語, Amis, Ciwkangan(台東縣長光社區)", "speaker": "嚴敏珠, Minzhu, female, None", "collected": "2003-06-01", "revised": "2013-1-16", "video": "Amis_Nr-frog_minzhu.mp3"}, "s_a_span": [50.71, 55.01], "file": "Amis_Ciwkangan/Amis_Nr-frog_minzhu", "num": 31}], [32, {"ori": [], "gloss": [["..", "", ""], ["saka,\\", "so", "所以"]], "free": [], "s_end": false, "iu_a_span": [55.01, 55.98], "meta": {"topic": "Frog Story", "type": "Narrative", "language": "阿美語, Amis, Ciwkangan(台東縣長光社區)", "speaker": "嚴敏珠, Minzhu, female, None", "collected": "2003-06-01", "revised": "2013-1-16", "video": "Amis_Nr-frog_minzhu.mp3"}, "file": "Amis_Ciwkangan/Amis_Nr-frog_minzhu", "num": 32}], [33, {"ori": [], "gloss": [["..", "", ""], ["ya", "that", "那個"], ["wacu", "dog", "狗"], ["i,\\", "DM", "DM"]], "free": [], "s_end": false, "iu_a_span": [55.98, 57.16], "meta": {"topic": "Frog Story", "type": "Narrative", "language": "阿美語, Amis, Ciwkangan(台東縣長光社區)", "speaker": "嚴敏珠, Minzhu, female, None", "collected": "2003-06-01", "revised": "2013-1-16", "video": "Amis_Nr-frog_minzhu.mp3"}, "file": "Amis_Ciwkangan/Amis_Nr-frog_minzhu", "num": 33}], [34, {"ori": [], "gloss": [["..", "", ""], ["ca’ay", "NEG", "否定"], ["pi-na’on,\\", "PI-careful", "PI-小心"]], "free": [], "s_end": false, "iu_a_span": [57.16, 58.12], "meta": {"topic": "Frog Story", "type": "Narrative", "language": "阿美語, Amis, Ciwkangan(台東縣長光社區)", "speaker": "嚴敏珠, Minzhu, female, None", "collected": "2003-06-01", "revised": "2013-1-16", "video": "Amis_Nr-frog_minzhu.mp3"}, "file": "Amis_Ciwkangan/Amis_Nr-frog_minzhu", "num": 34}], [35, {"ori": [], "gloss": [["..", "", ""], ["pa-cumud-han", "CAU-enter-HAN.PF", "使役-進去-HAN.受焦"], ["nira", "3SG.GEN", "3SG.屬格"], ["ku", "NOM", "主格"], ["funguh,\\", "head", "頭"]], "free": [], "s_end": false, "iu_a_span": [58.12, 59.43], "meta": {"topic": "Frog Story", "type": "Narrative", "language": "阿美語, Amis, Ciwkangan(台東縣長光社區)", "speaker": "嚴敏珠, Minzhu, female, None", "collected": "2003-06-01", "revised": "2013-1-16", "video": "Amis_Nr-frog_minzhu.mp3"}, "file": "Amis_Ciwkangan/Amis_Nr-frog_minzhu", "num": 35}], [36, {"ori": [], "gloss": [["..", "", ""], ["nira", "3SG.GEN", "3SG.屬格"], ["mi-kilim", "AF-look.for", "主焦-尋找"], ["tiya", "that.OBL", "那個.斜格"], ["talid", "bottle", "瓶子"], ["i,\\", "DM", "DM"]], "free": [], "s_end": false, "iu_a_span": [59.43, 60.94], "meta": {"topic": "Frog Story", "type": "Narrative", "language": "阿美語, Amis, Ciwkangan(台東縣長光社區)", "speaker": "嚴敏珠, Minzhu, female, None", "collected": "2003-06-01", "revised": "2013-1-16", "video": "Amis_Nr-frog_minzhu.mp3"}, "file": "Amis_Ciwkangan/Amis_Nr-frog_minzhu", "num": 36}], [37, {"ori": [], "gloss": [["...", "", ""], ["ma==-cumud", "AF-enter", "主焦-進去"], ["i,\\", "LOC", "處格"]], "free": [], "s_end": false, "iu_a_span": [60.94, 62.51], "meta": {"topic": "Frog Story", "type": "Narrative", "language": "阿美語, Amis, Ciwkangan(台東縣長光社區)", "speaker": "嚴敏珠, Minzhu, female, None", "collected": "2003-06-01", "revised": "2013-1-16", "video": "Amis_Nr-frog_minzhu.mp3"}, "file": "Amis_Ciwkangan/Amis_Nr-frog_minzhu", "num": 37}], [38, {"ori": [], "gloss": [["...", "", ""], ["talid", "bottle", "瓶子"], ["kiya", "that.NOM", "那個.主格"], ["funguh", "head", "頭"], ["ningra", "3SG.POSS", "3SG.所有格"], ["i,\\", "DM", "DM"]], "free": [], "s_end": false, "iu_a_span": [62.51, 64.87], "meta": {"topic": "Frog Story", "type": "Narrative", "language": "阿美語, Amis, Ciwkangan(台東縣長光社區)", "speaker": "嚴敏珠, Minzhu, female, None", "collected": "2003-06-01", "revised": "2013-1-16", "video": "Amis_Nr-frog_minzhu.mp3"}, "file": "Amis_Ciwkangan/Amis_Nr-frog_minzhu", "num": 38}], [39, {"ori": [], "gloss": [["..", "", ""], ["sa-celi-celi’,\\", "SA-RED-call", "SA-重疊-呼叫"]], "free": [], "s_end": false, "iu_a_span": [64.87, 66.2], "meta": {"topic": "Frog Story", "type": "Narrative", "language": "阿美語, Amis, Ciwkangan(台東縣長光社區)", "speaker": "嚴敏珠, Minzhu, female, None", "collected": "2003-06-01", "revised": "2013-1-16", "video": "Amis_Nr-frog_minzhu.mp3"}, "file": "Amis_Ciwkangan/Amis_Nr-frog_minzhu", "num": 39}], [40, {"ori": [], "gloss": [["..", "", ""], ["sa", "SA", "SA"], ["kuya", "that.NOM", "那個.主格"], ["wacu,\\", "dog", "狗"]], "free": [], "s_end": false, "iu_a_span": [66.2, 67.21], "meta": {"topic": "Frog Story", "type": "Narrative", "language": "阿美語, Amis, Ciwkangan(台東縣長光社區)", "speaker": "嚴敏珠, Minzhu, female, None", "collected": "2003-06-01", "revised": "2013-1-16", "video": "Amis_Nr-frog_minzhu.mp3"}, "file": "Amis_Ciwkangan/Amis_Nr-frog_minzhu", "num": 40}], [41, {"ori": [], "gloss": [["..", "", ""], ["atu", "CONJ", "連接詞"], ["kaemang-ay", "small-AY", "小-AY"], ["wawa", "child", "小孩"], ["i,\\", "DM", "DM"]], "free": ["#e The dog accidentally put its head into the bottle to search the bottle (for the frog), and his head entered the bottle. The dog and the child kept calling.", "#c 那隻狗不小心把頭放進去瓶子找，他的頭進到瓶子裡，狗和小孩不斷的呼救"], "s_end": true, "iu_a_span": [67.21, 68.71], "meta": {"topic": "Frog Story", "type": "Narrative", "language": "阿美語, Amis, Ciwkangan(台東縣長光社區)", "speaker": "嚴敏珠, Minzhu, female, None", "collected": "2003-06-01", "revised": "2013-1-16", "video": "Amis_Nr-frog_minzhu.mp3"}, "s_a_span": [55.01, 68.71], "file": "Amis_Ciwkangan/Amis_Nr-frog_minzhu", "num": 41}], [42, {"ori": [], "gloss": [["..", "", ""], ["mi-nengneng,\\", "AF-see", "主焦-看"]], "free": [], "s_end": false, "iu_a_span": [68.71, 69.93], "meta": {"topic": "Frog Story", "type": "Narrative", "language": "阿美語, Amis, Ciwkangan(台東縣長光社區)", "speaker": "嚴敏珠, Minzhu, female, None", "collected": "2003-06-01", "revised": "2013-1-16", "video": "Amis_Nr-frog_minzhu.mp3"}, "file": "Amis_Ciwkangan/Amis_Nr-frog_minzhu", "num": 42}], [43, {"ori": [], "gloss": [["..", "", ""], ["mi-kilim", "AF-look.for", "主焦-找"], ["tuya", "that.OBL", "那個.斜格"], ["takula’", "frog", "青蛙"], ["ningra,\\", "3SG.POSS", "3SG.所有格"]], "free": ["#e They looked for the frog.", "#c 他們去尋找那隻青蛙。"], "s_end": true, "iu_a_span": [69.93, 71.63], "meta": {"topic": "Frog Story", "type": "Narrative", "language": "阿美語, Amis, Ciwkangan(台東縣長光社區)", "speaker": "嚴敏珠, Minzhu, female, None", "collected": "2003-06-01", "revised": "2013-1-16", "video": "Amis_Nr-frog_minzhu.mp3"}, "s_a_span": [68.71, 71.63], "file": "Amis_Ciwkangan/Amis_Nr-frog_minzhu", "num": 43}], [44, {"ori": [], "gloss": [["...(0.7)", "", ""], ["ca’ay", "NEG", "否定"], ["pi-na==’on", "PI-careful", "PI-小心"], ["kiya", "that.NOM", "那個.主格"], ["wacu", "dog", "狗"], ["i,\\", "DM", "DM"]], "free": [], "s_end": false, "iu_a_span": [71.63, 74.24], "meta": {"topic": "Frog Story", "type": "Narrative", "language": "阿美語, Amis, Ciwkangan(台東縣長光社區)", "speaker": "嚴敏珠, Minzhu, female, None", "collected": "2003-06-01", "revised": "2013-1-16", "video": "Amis_Nr-frog_minzhu.mp3"}, "file": "Amis_Ciwkangan/Amis_Nr-frog_minzhu", "num": 44}], [45, {"ori": [], "gloss": [["..", "", ""], ["ma-tefad,\\", "AF-fall", "主焦-掉落"]], "free": [], "s_end": false, "iu_a_span": [74.24, 75.73], "meta": {"topic": "Frog Story", "type": "Narrative", "language": "阿美語, Amis, Ciwkangan(台東縣長光社區)", "speaker": "嚴敏珠, Minzhu, female, None", "collected": "2003-06-01", "revised": "2013-1-16", "video": "Amis_Nr-frog_minzhu.mp3"}, "file": "Amis_Ciwkangan/Amis_Nr-frog_minzhu", "num": 45}], [46, {"ori": [], "gloss": [["...", "", ""], ["nika,\\", "DM", "DM"]], "free": [], "s_end": false, "iu_a_span": [75.73, 76.72], "meta": {"topic": "Frog Story", "type": "Narrative", "language": "阿美語, Amis, Ciwkangan(台東縣長光社區)", "speaker": "嚴敏珠, Minzhu, female, None", "collected": "2003-06-01", "revised": "2013-1-16", "video": "Amis_Nr-frog_minzhu.mp3"}, "file": "Amis_Ciwkangan/Amis_Nr-frog_minzhu", "num": 46}], [47, {"ori": [], "gloss": [["..", "", ""], ["peleng", "break", "破掉"], ["sa=tu", "SA=PFV", "SA=完成"], ["kiya", "that.NOM", "那個.主格"], ["talid", "bottle", "瓶子"], ["i,\\", "DM", "DM"]], "free": ["#e The dog was not careful and (the bottle) fell down. Afterwards, the bottle was broken.", "#c 那隻狗不小心，（瓶子）掉落下來，之後那個瓶子破掉了。"], "s_end": true, "iu_a_span": [76.72, 78.96], "meta": {"topic": "Frog Story", "type": "Narrative", "language": "阿美語, Amis, Ciwkangan(台東縣長光社區)", "speaker": "嚴敏珠, Minzhu, female, None", "collected": "2003-06-01", "revised": "2013-1-16", "video": "Amis_Nr-frog_minzhu.mp3"}, "s_a_span": [71.63, 78.96], "file": "Amis_Ciwkangan/Amis_Nr-frog_minzhu", "num": 47}], [48, {"ori": [], "gloss": [["...", "", ""], ["ma-ala=tu", "PF-take=PFV", "受焦-拿=完成"], ["niya", "that.GEN", "那個.屬格"], ["kaemang-ay", "small-AY", "小-AY"], ["wawa,\\", "child", "小孩"]], "free": [], "s_end": false, "iu_a_span": [78.96, 81.46], "meta": {"topic": "Frog Story", "type": "Narrative", "language": "阿美語, Amis, Ciwkangan(台東縣長光社區)", "speaker": "嚴敏珠, Minzhu, female, None", "collected": "2003-06-01", "revised": "2013-1-16", "video": "Amis_Nr-frog_minzhu.mp3"}, "file": "Amis_Ciwkangan/Amis_Nr-frog_minzhu", "num": 48}], [49, {"ori": [], "gloss": [["..", "", ""], ["kiya", "that.NOM", "那個.主格"], ["wacu,\\", "dog", "狗"]], "free": [], "s_end": false, "iu_a_span": [81.46, 82.32], "meta": {"topic": "Frog Story", "type": "Narrative", "language": "阿美語, Amis, Ciwkangan(台東縣長光社區)", "speaker": "嚴敏珠, Minzhu, female, None", "collected": "2003-06-01", "revised": "2013-1-16", "video": "Amis_Nr-frog_minzhu.mp3"}, "file": "Amis_Ciwkangan/Amis_Nr-frog_minzhu", "num": 49}], [50, {"ori": [], "gloss": [["..", "", ""], ["afufu==-han", "hold.in.the.arms-HAN.PF", "抱-HAN.受焦"], ["nira", "3SG.GEN", "3SG.屬格"], ["kuya", "that.NOM", "那個.主格"], ["wacu,\\", "dog", "狗"]], "free": [], "s_end": false, "iu_a_span": [82.32, 84.37], "meta": {"topic": "Frog Story", "type": "Narrative", "language": "阿美語, Amis, Ciwkangan(台東縣長光社區)", "speaker": "嚴敏珠, Minzhu, female, None", "collected": "2003-06-01", "revised": "2013-1-16", "video": "Amis_Nr-frog_minzhu.mp3"}, "file": "Amis_Ciwkangan/Amis_Nr-frog_minzhu", "num": 50}], [51, {"ori": [], "gloss": [["..", "", ""], ["ningra,\\", "3SG.POSS", "3SG.所有格"]], "free": ["#e The child took the dog and held it in the arms.", "#c 那個小孩把狗抓起來，抱在懷裡。"], "s_end": true, "iu_a_span": [84.37, 84.88], "meta": {"topic": "Frog Story", "type": "Narrative", "language": "阿美語, Amis, Ciwkangan(台東縣長光社區)", "speaker": "嚴敏珠, Minzhu, female, None", "collected": "2003-06-01", "revised": "2013-1-16", "video": "Amis_Nr-frog_minzhu.mp3"}, "s_a_span": [78.96, 84.88], "file": "Amis_Ciwkangan/Amis_Nr-frog_minzhu", "num": 51}], [54, {"ori": [], "gloss": [["..", "", ""], ["sa-celi-celi’,\\", "SA-RED-call", "SA-重疊-呼叫"]], "free": [], "s_end": false, "iu_a_span": [87.8, 89.37], "meta": {"topic": "Frog Story", "type": "Narrative", "language": "阿美語, Amis, Ciwkangan(台東縣長光社區)", "speaker": "嚴敏珠, Minzhu, female, None", "collected": "2003-06-01", "revised": "2013-1-16", "video": "Amis_Nr-frog_minzhu.mp3"}, "file": "Amis_Ciwkangan/Amis_Nr-frog_minzhu", "num": 54}], [55, {"ori": [], "gloss": [["..", "", ""], ["sa", "SA", "SA"], ["kiya,\\", "that.NOM", "那個.主格"]], "free": [], "s_end": false, "iu_a_span": [89.37, 90.0], "meta": {"topic": "Frog Story", "type": "Narrative", "language": "阿美語, Amis, Ciwkangan(台東縣長光社區)", "speaker": "嚴敏珠, Minzhu, female, None", "collected": "2003-06-01", "revised": "2013-1-16", "video": "Amis_Nr-frog_minzhu.mp3"}, "file": "Amis_Ciwkangan/Amis_Nr-frog_minzhu", "num": 55}], [56, {"ori": [], "gloss": [["..", "", ""], ["wawa", "child", "小孩"], ["tyak,_", "FS", "FS"]], "free": [], "s_end": false, "iu_a_span": [90.0, 91.26], "meta": {"topic": "Frog Story", "type": "Narrative", "language": "阿美語, Amis, Ciwkangan(台東縣長光社區)", "speaker": "嚴敏珠, Minzhu, female, None", "collected": "2003-06-01", "revised": "2013-1-16", "video": "Amis_Nr-frog_minzhu.mp3"}, "file": "Amis_Ciwkangan/Amis_Nr-frog_minzhu", "num": 56}], [57, {"ori": [], "gloss": [["..", "", ""], ["takula’", "frog", "青蛙"], ["nira", "3SG.GEN", "3SG.屬格"], ["i,\\", "DM", "DM"]], "free": [], "s_end": false, "iu_a_span": [91.26, 92.26], "meta": {"topic": "Frog Story", "type": "Narrative", "language": "阿美語, Amis, Ciwkangan(台東縣長光社區)", "speaker": "嚴敏珠, Minzhu, female, None", "collected": "2003-06-01", "revised": "2013-1-16", "video": "Amis_Nr-frog_minzhu.mp3"}, "file": "Amis_Ciwkangan/Amis_Nr-frog_minzhu", "num": 57}], [58, {"ori": [], "gloss": [["..", "", ""], ["ca’ay", "NEG", "否定"], ["ka-tama,\\", "KA-find", "KA-找到"]], "free": ["#e The child kept calling his frog, but didn’t find it.", "#c 那個小孩不斷地呼叫他的青蛙，沒有找到。"], "s_end": true, "iu_a_span": [92.26, 93.14], "meta": {"topic": "Frog Story", "type": "Narrative", "language": "阿美語, Amis, Ciwkangan(台東縣長光社區)", "speaker": "嚴敏珠, Minzhu, female, None", "collected": "2003-06-01", "revised": "2013-1-16", "video": "Amis_Nr-frog_minzhu.mp3"}, "s_a_span": [87.8, 93.14], "file": "Amis_Ciwkangan/Amis_Nr-frog_minzhu", "num": 58}], [59, {"ori": [], "gloss": [["..", "", ""], ["nika,\\", "DM", "DM"]], "free": [], "s_end": false, "iu_a_span": [93.14, 93.87], "meta": {"topic": "Frog Story", "type": "Narrative", "language": "阿美語, Amis, Ciwkangan(台東縣長光社區)", "speaker": "嚴敏珠, Minzhu, female, None", "collected": "2003-06-01", "revised": "2013-1-16", "video": "Amis_Nr-frog_minzhu.mp3"}, "file": "Amis_Ciwkangan/Amis_Nr-frog_minzhu", "num": 59}], [60, {"ori": [], "gloss": [["...", "", ""], ["ira==-ay", "EXIST-FAC", "存在-FAC"], ["i,\\", "LOC", "處格"]], "free": [], "s_end": false, "iu_a_span": [93.87, 95.45], "meta": {"topic": "Frog Story", "type": "Narrative", "language": "阿美語, Amis, Ciwkangan(台東縣長光社區)", "speaker": "嚴敏珠, Minzhu, female, None", "collected": "2003-06-01", "revised": "2013-1-16", "video": "Amis_Nr-frog_minzhu.mp3"}, "file": "Amis_Ciwkangan/Amis_Nr-frog_minzhu", "num": 60}], [61, {"ori": [], "gloss": [["..", "", ""], ["adihay", "distant", "遠"], ["ku", "NOM", "主格"], ["tatekuh,\\", "bee", "蜜蜂"]], "free": [], "s_end": false, "iu_a_span": [95.45, 97.54], "meta": {"topic": "Frog Story", "type": "Narrative", "language": "阿美語, Amis, Ciwkangan(台東縣長光社區)", "speaker": "嚴敏珠, Minzhu, female, None", "collected": "2003-06-01", "revised": "2013-1-16", "video": "Amis_Nr-frog_minzhu.mp3"}, "file": "Amis_Ciwkangan/Amis_Nr-frog_minzhu", "num": 61}], [62, {"ori": [], "gloss": [["..", "", ""], ["a", "LNK", "連詞"], ["maefer", "fly", "飛"], ["i,\\", "LOC", "處格"]], "free": [], "s_end": false, "iu_a_span": [97.54, 98.81], "meta": {"topic": "Frog Story", "type": "Narrative", "language": "阿美語, Amis, Ciwkangan(台東縣長光社區)", "speaker": "嚴敏珠, Minzhu, female, None", "collected": "2003-06-01", "revised": "2013-1-16", "video": "Amis_Nr-frog_minzhu.mp3"}, "file": "Amis_Ciwkangan/Amis_Nr-frog_minzhu", "num": 62}], [63, {"ori": [], "gloss": [["...", "", ""], ["ka-ayaw", "KA-front", "KA-前面"], ["nangra,\\", "3PL.GEN", "3PL.屬格"]], "free": ["#e There were bees flying in front of them at a distance.", "#c 但是在遙遠的地方，有蜜蜂在他們面前飛來飛去。"], "s_end": true, "iu_a_span": [98.81, 100.16], "meta": {"topic": "Frog Story", "type": "Narrative", "language": "阿美語, Amis, Ciwkangan(台東縣長光社區)", "speaker": "嚴敏珠, Minzhu, female, None", "collected": "2003-06-01", "revised": "2013-1-16", "video": "Amis_Nr-frog_minzhu.mp3"}, "s_a_span": [93.14, 100.16], "file": "Amis_Ciwkangan/Amis_Nr-frog_minzhu", "num": 63}], [64, {"ori": [], "gloss": [["..", "", ""], ["sa-ceku-cekur,\\", "SA-RED-jump", "SA-重疊-跳"]], "free": [], "s_end": false, "iu_a_span": [100.16, 101.39], "meta": {"topic": "Frog Story", "type": "Narrative", "language": "阿美語, Amis, Ciwkangan(台東縣長光社區)", "speaker": "嚴敏珠, Minzhu, female, None", "collected": "2003-06-01", "revised": "2013-1-16", "video": "Amis_Nr-frog_minzhu.mp3"}, "file": "Amis_Ciwkangan/Amis_Nr-frog_minzhu", "num": 64}], [65, {"ori": [], "gloss": [["..", "", ""], ["sa", "SA", "SA"], ["kiya,\\", "that.NOM", "那個.主格"]], "free": [], "s_end": false, "iu_a_span": [101.39, 102.01], "meta": {"topic": "Frog Story", "type": "Narrative", "language": "阿美語, Amis, Ciwkangan(台東縣長光社區)", "speaker": "嚴敏珠, Minzhu, female, None", "collected": "2003-06-01", "revised": "2013-1-16", "video": "Amis_Nr-frog_minzhu.mp3"}, "file": "Amis_Ciwkangan/Amis_Nr-frog_minzhu", "num": 65}], [66, {"ori": [], "gloss": [["..", "", ""], ["wacu==", "dog", "狗"], ["sa-pi-,\\", "SA-PI-", "SA-PI-"]], "free": [], "s_end": false, "iu_a_span": [102.01, 103.48], "meta": {"topic": "Frog Story", "type": "Narrative", "language": "阿美語, Amis, Ciwkangan(台東縣長光社區)", "speaker": "嚴敏珠, Minzhu, female, None", "collected": "2003-06-01", "revised": "2013-1-16", "video": "Amis_Nr-frog_minzhu.mp3"}, "file": "Amis_Ciwkangan/Amis_Nr-frog_minzhu", "num": 66}], [67, {"ori": [], "gloss": [["...", "", ""], ["tatuy-an", "take-AN", "拿-AN"], ["tiya", "that.OBL", "那個.斜格"], ["tatekuh,\\", "bee", "蜜蜂"]], "free": ["#e The dog kept jumping and wanted to catch the bees.", "#c 那隻狗跳來跳去，想去抓那些蜜蜂", "#n sa-...-an: want to..."], "s_end": true, "iu_a_span": [103.48, 105.59], "meta": {"topic": "Frog Story", "type": "Narrative", "language": "阿美語, Amis, Ciwkangan(台東縣長光社區)", "speaker": "嚴敏珠, Minzhu, female, None", "collected": "2003-06-01", "revised": "2013-1-16", "video": "Amis_Nr-frog_minzhu.mp3"}, "s_a_span": [100.16, 105.59], "file": "Amis_Ciwkangan/Amis_Nr-frog_minzhu", "num": 67}], [68, {"ori": [], "gloss": [["...(0.9)", "", ""], ["nika,\\", "DM", "DM"]], "free": [], "s_end": false, "iu_a_span": [105.59, 107.01], "meta": {"topic": "Frog Story", "type": "Narrative", "language": "阿美語, Amis, Ciwkangan(台東縣長光社區)", "speaker": "嚴敏珠, Minzhu, female, None", "collected": "2003-06-01", "revised": "2013-1-16", "video": "Amis_Nr-frog_minzhu.mp3"}, "file": "Amis_Ciwkangan/Amis_Nr-frog_minzhu", "num": 68}], [69, {"ori": [], "gloss": [["..", "", ""], ["i", "LOC", "處格"], ["ayaw", "front", "前面"], ["nangra", "3PL.POSS", "3PL.所有格"], ["ira", "EXIST", "存在"], ["ku", "NOM", "主格"], ["ccay,\\", "one", "一"]], "free": [], "s_end": false, "iu_a_span": [107.01, 109.23], "meta": {"topic": "Frog Story", "type": "Narrative", "language": "阿美語, Amis, Ciwkangan(台東縣長光社區)", "speaker": "嚴敏珠, Minzhu, female, None", "collected": "2003-06-01", "revised": "2013-1-16", "video": "Amis_Nr-frog_minzhu.mp3"}, "file": "Amis_Ciwkangan/Amis_Nr-frog_minzhu", "num": 69}], [70, {"ori": [], "gloss": [["..", "", ""], ["luma", "house", "家"], ["nu", "GEN", "屬格"], ["tatekuh,\\", "bee", "蜜蜂"]], "free": ["#e There was a beehive in front of them.", "#c 但是在他們前面，有一個蜂窩。"], "s_end": true, "iu_a_span": [109.23, 110.52], "meta": {"topic": "Frog Story", "type": "Narrative", "language": "阿美語, Amis, Ciwkangan(台東縣長光社區)", "speaker": "嚴敏珠, Minzhu, female, None", "collected": "2003-06-01", "revised": "2013-1-16", "video": "Amis_Nr-frog_minzhu.mp3"}, "s_a_span": [105.59, 110.52], "file": "Amis_Ciwkangan/Amis_Nr-frog_minzhu", "num": 70}], [71, {"ori": [], "gloss": [["..", "", ""], ["itira", "there", "那裡"], ["kiya", "that.NOM", "那個.主格"], ["wacu", "dog", "狗"], ["i,\\", "DM", "DM"]], "free": [], "s_end": false, "iu_a_span": [110.52, 112.25], "meta": {"topic": "Frog Story", "type": "Narrative", "language": "阿美語, Amis, Ciwkangan(台東縣長光社區)", "speaker": "嚴敏珠, Minzhu, female, None", "collected": "2003-06-01", "revised": "2013-1-16", "video": "Amis_Nr-frog_minzhu.mp3"}, "file": "Amis_Ciwkangan/Amis_Nr-frog_minzhu", "num": 71}], [72, {"ori": [], "gloss": [["...", "", ""], ["ma-araw", "PF-see", "受焦-看"], ["niya", "that.GEN", "那個.屬格"], ["wacu,\\", "dog", "狗"]], "free": [], "s_end": false, "iu_a_span": [112.25, 114.32], "meta": {"topic": "Frog Story", "type": "Narrative", "language": "阿美語, Amis, Ciwkangan(台東縣長光社區)", "speaker": "嚴敏珠, Minzhu, female, None", "collected": "2003-06-01", "revised": "2013-1-16", "video": "Amis_Nr-frog_minzhu.mp3"}, "file": "Amis_Ciwkangan/Amis_Nr-frog_minzhu", "num": 72}], [73, {"ori": [], "gloss": [["..", "", ""], ["kiya", "that.NOM", "那個.主格"], ["tatekuh,\\", "bee", "蜜蜂"]], "free": [], "s_end": false, "iu_a_span": [114.32, 114.97], "meta": {"topic": "Frog Story", "type": "Narrative", "language": "阿美語, Amis, Ciwkangan(台東縣長光社區)", "speaker": "嚴敏珠, Minzhu, female, None", "collected": "2003-06-01", "revised": "2013-1-16", "video": "Amis_Nr-frog_minzhu.mp3"}, "file": "Amis_Ciwkangan/Amis_Nr-frog_minzhu", "num": 73}], [74, {"ori": [], "gloss": [["sa-pi-kalic-an", "SA-PI-climb-AN", "SA-PI-爬-AN"], ["mi-,\\", "AF-", "主焦-"]], "free": [], "s_end": false, "iu_a_span": [114.97, 116.4], "meta": {"topic": "Frog Story", "type": "Narrative", "language": "阿美語, Amis, Ciwkangan(台東縣長光社區)", "speaker": "嚴敏珠, Minzhu, female, None", "collected": "2003-06-01", "revised": "2013-1-16", "video": "Amis_Nr-frog_minzhu.mp3"}, "file": "Amis_Ciwkangan/Amis_Nr-frog_minzhu", "num": 74}], [75, {"ori": [], "gloss": [["..", "", ""], ["mi-ngiyangi", "AF-shake", "主焦-搖"], ["tiya", "that.OBL", "那個.斜格"], ["kilang,\\", "tree", "樹"]], "free": ["#e The dog was there. When the dog saw the bees, it wanted to climb up and shook the tree.", "#c 狗在那裡，狗看到蜜蜂，想爬上去，搖動那棵樹。", "#n sa-…-an: want to"], "s_end": true, "iu_a_span": [116.4, 118.41], "meta": {"topic": "Frog Story", "type": "Narrative", "language": "阿美語, Amis, Ciwkangan(台東縣長光社區)", "speaker": "嚴敏珠, Minzhu, female, None", "collected": "2003-06-01", "revised": "2013-1-16", "video": "Amis_Nr-frog_minzhu.mp3"}, "s_a_span": [110.52, 118.41], "file": "Amis_Ciwkangan/Amis_Nr-frog_minzhu", "num": 75}], [76, {"ori": [], "gloss": [["...", "", ""], ["ya", "that", "那個"], ["wawa", "child", "小孩"], ["sa-celi-celi’-han", "SA-RED-call-HAN.PF", "SA-重疊-叫-HAN.受焦"], ["nira", "3SG.GEN", "3SG.屬格"], ["ku,_", "NOM", "主格"]], "free": [], "s_end": false, "iu_a_span": [118.41, 121.33], "meta": {"topic": "Frog Story", "type": "Narrative", "language": "阿美語, Amis, Ciwkangan(台東縣長光社區)", "speaker": "嚴敏珠, Minzhu, female, None", "collected": "2003-06-01", "revised": "2013-1-16", "video": "Amis_Nr-frog_minzhu.mp3"}, "file": "Amis_Ciwkangan/Amis_Nr-frog_minzhu", "num": 76}], [77, {"ori": [], "gloss": [["...", "", ""], ["kiya", "that.NOM", "那個.主格"], ["ufang", "hole", "洞"], ["i", "LOC", "處格"], ["laenu’", "bottom", "底下"], ["i,\\", "DM", "DM"]], "free": ["#e The child kept shouting towards the hole.", "#c 小孩對著洞口底下呼叫。"], "s_end": true, "iu_a_span": [121.33, 123.3], "meta": {"topic": "Frog Story", "type": "Narrative", "language": "阿美語, Amis, Ciwkangan(台東縣長光社區)", "speaker": "嚴敏珠, Minzhu, female, None", "collected": "2003-06-01", "revised": "2013-1-16", "video": "Amis_Nr-frog_minzhu.mp3"}, "s_a_span": [118.41, 123.3], "file": "Amis_Ciwkangan/Amis_Nr-frog_minzhu", "num": 77}], [78, {"ori": [], "gloss": [["..", "", ""], ["sa", "FS", "FS"], ["i", "LOC", "處格"], ["ufang", "hole", "洞"], ["nu==,\\", "GEN", "屬格"]], "free": [], "s_end": false, "iu_a_span": [123.3, 125.36], "meta": {"topic": "Frog Story", "type": "Narrative", "language": "阿美語, Amis, Ciwkangan(台東縣長光社區)", "speaker": "嚴敏珠, Minzhu, female, None", "collected": "2003-06-01", "revised": "2013-1-16", "video": "Amis_Nr-frog_minzhu.mp3"}, "file": "Amis_Ciwkangan/Amis_Nr-frog_minzhu", "num": 78}], [79, {"ori": [], "gloss": [["..", "", ""], ["suta’", "soil", "土"], ["i,\\", "DM", "DM"]], "free": [], "s_end": false, "iu_a_span": [125.36, 126.37], "meta": {"topic": "Frog Story", "type": "Narrative", "language": "阿美語, Amis, Ciwkangan(台東縣長光社區)", "speaker": "嚴敏珠, Minzhu, female, None", "collected": "2003-06-01", "revised": "2013-1-16", "video": "Amis_Nr-frog_minzhu.mp3"}, "file": "Amis_Ciwkangan/Amis_Nr-frog_minzhu", "num": 79}], [80, {"ori": [], "gloss": [["...", "", ""], ["neng-han", "see-HAN.PF", "看-HAN.受焦"], ["i,\\", "DM", "DM"]], "free": [], "s_end": false, "iu_a_span": [126.37, 127.74], "meta": {"topic": "Frog Story", "type": "Narrative", "language": "阿美語, Amis, Ciwkangan(台東縣長光社區)", "speaker": "嚴敏珠, Minzhu, female, None", "collected": "2003-06-01", "revised": "2013-1-16", "video": "Amis_Nr-frog_minzhu.mp3"}, "file": "Amis_Ciwkangan/Amis_Nr-frog_minzhu", "num": 80}], [81, {"ori": [], "gloss": [["..", "", ""], ["awa", "NEG", "否定"], ["kiya", "that.NOM", "那個.主格"], ["takula’,\\", "frog", "青蛙"]], "free": [], "s_end": false, "iu_a_span": [127.74, 129.16], "meta": {"topic": "Frog Story", "type": "Narrative", "language": "阿美語, Amis, Ciwkangan(台東縣長光社區)", "speaker": "嚴敏珠, Minzhu, female, None", "collected": "2003-06-01", "revised": "2013-1-16", "video": "Amis_Nr-frog_minzhu.mp3"}, "file": "Amis_Ciwkangan/Amis_Nr-frog_minzhu", "num": 81}], [82, {"ori": [], "gloss": [["..", "", ""], ["uya", "that", "那個"], ["ma-sadak-ay,\\", "AF-exit-AY", "主焦-出來-AY"]], "free": [], "s_end": false, "iu_a_span": [129.16, 130.38], "meta": {"topic": "Frog Story", "type": "Narrative", "language": "阿美語, Amis, Ciwkangan(台東縣長光社區)", "speaker": "嚴敏珠, Minzhu, female, None", "collected": "2003-06-01", "revised": "2013-1-16", "video": "Amis_Nr-frog_minzhu.mp3"}, "file": "Amis_Ciwkangan/Amis_Nr-frog_minzhu", "num": 82}], [83, {"ori": [], "gloss": [["..", "", ""], ["sa", "SA", "SA"], ["i,\\", "DM", "DM"]], "free": [], "s_end": false, "iu_a_span": [130.38, 130.89], "meta": {"topic": "Frog Story", "type": "Narrative", "language": "阿美語, Amis, Ciwkangan(台東縣長光社區)", "speaker": "嚴敏珠, Minzhu, female, None", "collected": "2003-06-01", "revised": "2013-1-16", "video": "Amis_Nr-frog_minzhu.mp3"}, "file": "Amis_Ciwkangan/Amis_Nr-frog_minzhu", "num": 83}], [84, {"ori": [], "gloss": [["..", "", ""], ["ira", "EXIST", "存在"], ["kiya,\\", "that.NOM", "那個.主格"]], "free": [], "s_end": false, "iu_a_span": [130.89, 131.9], "meta": {"topic": "Frog Story", "type": "Narrative", "language": "阿美語, Amis, Ciwkangan(台東縣長光社區)", "speaker": "嚴敏珠, Minzhu, female, None", "collected": "2003-06-01", "revised": "2013-1-16", "video": "Amis_Nr-frog_minzhu.mp3"}, "file": "Amis_Ciwkangan/Amis_Nr-frog_minzhu", "num": 84}], [85, {"ori": [], "gloss": [["...(1.1)", "", ""], ["edu", "mouse", "老鼠"], ["a", "LNK", "連詞"], ["ma-sadak,\\", "AF-exit", "主焦-出來"]], "free": ["#e (The child) searched the hole, but the frog was not there; a mouse went out instead.", "#c 那個洞口，一直看，也沒有那隻青蛙，出來的是一隻老鼠。"], "s_end": true, "iu_a_span": [131.9, 134.48], "meta": {"topic": "Frog Story", "type": "Narrative", "language": "阿美語, Amis, Ciwkangan(台東縣長光社區)", "speaker": "嚴敏珠, Minzhu, female, None", "collected": "2003-06-01", "revised": "2013-1-16", "video": "Amis_Nr-frog_minzhu.mp3"}, "s_a_span": [123.3, 134.48], "file": "Amis_Ciwkangan/Amis_Nr-frog_minzhu", "num": 85}], [86, {"ori": [], "gloss": [["...", "", ""], ["@@,\\", "", ""]], "free": [], "s_end": false, "iu_a_span": [134.48, 135.64], "meta": {"topic": "Frog Story", "type": "Narrative", "language": "阿美語, Amis, Ciwkangan(台東縣長光社區)", "speaker": "嚴敏珠, Minzhu, female, None", "collected": "2003-06-01", "revised": "2013-1-16", "video": "Amis_Nr-frog_minzhu.mp3"}, "file": "Amis_Ciwkangan/Amis_Nr-frog_minzhu", "num": 86}], [87, {"ori": ["...(1.4)", "(H)"], "gloss": [], "free": [], "s_end": false, "iu_a_span": [135.64, 137.94], "meta": {"topic": "Frog Story", "type": "Narrative", "language": "阿美語, Amis, Ciwkangan(台東縣長光社區)", "speaker": "嚴敏珠, Minzhu, female, None", "collected": "2003-06-01", "revised": "2013-1-16", "video": "Amis_Nr-frog_minzhu.mp3"}, "file": "Amis_Ciwkangan/Amis_Nr-frog_minzhu", "num": 87}], [88, {"ori": [], "gloss": [["...", "", ""], ["ikur", "afterwards", "之後"], ["i", "DM", "DM"], ["ma-‘araw", "PF-see", "受焦-看"], ["nuna==,\\", "that.GEN", "那個.屬格"]], "free": [], "s_end": false, "iu_a_span": [137.94, 140.28], "meta": {"topic": "Frog Story", "type": "Narrative", "language": "阿美語, Amis, Ciwkangan(台東縣長光社區)", "speaker": "嚴敏珠, Minzhu, female, None", "collected": "2003-06-01", "revised": "2013-1-16", "video": "Amis_Nr-frog_minzhu.mp3"}, "file": "Amis_Ciwkangan/Amis_Nr-frog_minzhu", "num": 88}], [89, {"ori": [], "gloss": [["...", "", ""], ["wawa", "child", "小孩"], ["ku,\\", "NOM", "主格"]], "free": [], "s_end": false, "iu_a_span": [140.28, 141.42], "meta": {"topic": "Frog Story", "type": "Narrative", "language": "阿美語, Amis, Ciwkangan(台東縣長光社區)", "speaker": "嚴敏珠, Minzhu, female, None", "collected": "2003-06-01", "revised": "2013-1-16", "video": "Amis_Nr-frog_minzhu.mp3"}, "file": "Amis_Ciwkangan/Amis_Nr-frog_minzhu", "num": 89}], [90, {"ori": [], "gloss": [["...", "", ""], ["ku==,\\", "NOM", "主格"]], "free": [], "s_end": false, "iu_a_span": [141.42, 142.53], "meta": {"topic": "Frog Story", "type": "Narrative", "language": "阿美語, Amis, Ciwkangan(台東縣長光社區)", "speaker": "嚴敏珠, Minzhu, female, None", "collected": "2003-06-01", "revised": "2013-1-16", "video": "Amis_Nr-frog_minzhu.mp3"}, "file": "Amis_Ciwkangan/Amis_Nr-frog_minzhu", "num": 90}], [91, {"ori": [], "gloss": [["...", "", ""], ["kilang,\\", "tree", "樹"]], "free": ["#e Then, the child saw a tree.", "#c 之後，那個小孩看到一棵樹。"], "s_end": true, "iu_a_span": [142.53, 143.43], "meta": {"topic": "Frog Story", "type": "Narrative", "language": "阿美語, Amis, Ciwkangan(台東縣長光社區)", "speaker": "嚴敏珠, Minzhu, female, None", "collected": "2003-06-01", "revised": "2013-1-16", "video": "Amis_Nr-frog_minzhu.mp3"}, "s_a_span": [134.48, 143.43], "file": "Amis_Ciwkangan/Amis_Nr-frog_minzhu", "num": 91}], [92, {"ori": [], "gloss": [["...", "", ""], ["harateng", "think", "想"], ["sa", "SA", "SA"], ["cingra", "3SG.NOM", "3SG.主格"], ["i,\\", "DM", "DM"]], "free": [], "s_end": false, "iu_a_span": [143.43, 145.27], "meta": {"topic": "Frog Story", "type": "Narrative", "language": "阿美語, Amis, Ciwkangan(台東縣長光社區)", "speaker": "嚴敏珠, Minzhu, female, None", "collected": "2003-06-01", "revised": "2013-1-16", "video": "Amis_Nr-frog_minzhu.mp3"}, "file": "Amis_Ciwkangan/Amis_Nr-frog_minzhu", "num": 92}], [93, {"ori": [], "gloss": [["..", "", ""], ["latek", "possible", "可能"], ["ira", "EXIST", "存在"], ["i==,\\", "LOC", "處格"]], "free": [], "s_end": false, "iu_a_span": [145.27, 146.77], "meta": {"topic": "Frog Story", "type": "Narrative", "language": "阿美語, Amis, Ciwkangan(台東縣長光社區)", "speaker": "嚴敏珠, Minzhu, female, None", "collected": "2003-06-01", "revised": "2013-1-16", "video": "Amis_Nr-frog_minzhu.mp3"}, "file": "Amis_Ciwkangan/Amis_Nr-frog_minzhu", "num": 93}], [94, {"ori": [], "gloss": [["...", "", ""], ["ya", "that", "那個"], ["ufang", "hole", "洞"], ["niya", "that.GEN", "那個.屬格"], ["kila==ng", "tree", "樹"], ["kiya,\\", "that.NOM", "那個.主格"]], "free": [], "s_end": false, "iu_a_span": [146.77, 148.93], "meta": {"topic": "Frog Story", "type": "Narrative", "language": "阿美語, Amis, Ciwkangan(台東縣長光社區)", "speaker": "嚴敏珠, Minzhu, female, None", "collected": "2003-06-01", "revised": "2013-1-16", "video": "Amis_Nr-frog_minzhu.mp3"}, "file": "Amis_Ciwkangan/Amis_Nr-frog_minzhu", "num": 94}], [95, {"ori": [], "gloss": [["...(1.6)", "", ""], ["takula’", "frog", "青蛙"], ["nu", "GEN", "屬格"], ["maku", "1SG.POSS", "1SG.所有格"], ["sa", "SA", "SA"], ["i,\\", "DM", "DM"]], "free": ["#e He thought that perhaps my frog was inside the tree hole.", "#c 他想，我那隻青蛙可能在這個樹洞口裡。"], "s_end": true, "iu_a_span": [148.93, 152.22], "meta": {"topic": "Frog Story", "type": "Narrative", "language": "阿美語, Amis, Ciwkangan(台東縣長光社區)", "speaker": "嚴敏珠, Minzhu, female, None", "collected": "2003-06-01", "revised": "2013-1-16", "video": "Amis_Nr-frog_minzhu.mp3"}, "s_a_span": [143.43, 152.22], "file": "Amis_Ciwkangan/Amis_Nr-frog_minzhu", "num": 95}], [96, {"ori": [], "gloss": [["..", "", ""], ["mi==-,\\", "AF-", "主焦-"]], "free": [], "s_end": false, "iu_a_span": [152.22, 152.97], "meta": {"topic": "Frog Story", "type": "Narrative", "language": "阿美語, Amis, Ciwkangan(台東縣長光社區)", "speaker": "嚴敏珠, Minzhu, female, None", "collected": "2003-06-01", "revised": "2013-1-16", "video": "Amis_Nr-frog_minzhu.mp3"}, "file": "Amis_Ciwkangan/Amis_Nr-frog_minzhu", "num": 96}], [97, {"ori": [], "gloss": [["..", "", ""], ["sulsul", "stretch", "伸"], ["tu", "OBL", "斜格"], ["kamay,\\", "hand", "手"]], "free": [], "s_end": false, "iu_a_span": [152.97, 154.53], "meta": {"topic": "Frog Story", "type": "Narrative", "language": "阿美語, Amis, Ciwkangan(台東縣長光社區)", "speaker": "嚴敏珠, Minzhu, female, None", "collected": "2003-06-01", "revised": "2013-1-16", "video": "Amis_Nr-frog_minzhu.mp3"}, "file": "Amis_Ciwkangan/Amis_Nr-frog_minzhu", "num": 97}], [98, {"ori": [], "gloss": [["..", "", ""], ["a", "LNK", "連詞"], ["tayra", "go", "去"], ["mi-nengneng.\\", "AF-see", "主焦-看"]], "free": [], "s_end": false, "iu_a_span": [154.53, 156.08], "meta": {"topic": "Frog Story", "type": "Narrative", "language": "阿美語, Amis, Ciwkangan(台東縣長光社區)", "speaker": "嚴敏珠, Minzhu, female, None", "collected": "2003-06-01", "revised": "2013-1-16", "video": "Amis_Nr-frog_minzhu.mp3"}, "file": "Amis_Ciwkangan/Amis_Nr-frog_minzhu", "num": 98}], [99, {"ori": [], "gloss": [["...(1.9)", "", ""], ["nenghan", "turn.out", "結果"], ["ma-sadak-ay", "AF-exit-AY", "主焦-出來-AY"], ["i,\\", "DM", "DM"]], "free": [], "s_end": false, "iu_a_span": [156.08, 159.32], "meta": {"topic": "Frog Story", "type": "Narrative", "language": "阿美語, Amis, Ciwkangan(台東縣長光社區)", "speaker": "嚴敏珠, Minzhu, female, None", "collected": "2003-06-01", "revised": "2013-1-16", "video": "Amis_Nr-frog_minzhu.mp3"}, "file": "Amis_Ciwkangan/Amis_Nr-frog_minzhu", "num": 99}], [100, {"ori": [], "gloss": [["..", "", ""], ["u", "CN", "CN"], ["ekung,\\", "owl", "貓頭鷹"]], "free": ["#e He stretched out his hand to see (if the frog was inside), but it turned out that what came out was an owl.", "#c 他把手伸進樹洞裡探究，結果出來的是貓頭鷹。"], "s_end": true, "iu_a_span": [159.32, 160.31], "meta": {"topic": "Frog Story", "type": "Narrative", "language": "阿美語, Amis, Ciwkangan(台東縣長光社區)", "speaker": "嚴敏珠, Minzhu, female, None", "collected": "2003-06-01", "revised": "2013-1-16", "video": "Amis_Nr-frog_minzhu.mp3"}, "s_a_span": [152.22, 160.31], "file": "Amis_Ciwkangan/Amis_Nr-frog_minzhu", "num": 100}], [101, {"ori": [], "gloss": [["...", "", ""], ["ma-sadak", "AF-exit", "主焦-出來"], ["kiya", "that.NOM", "那個.主格"], ["ekung,\\", "owl", "貓頭鷹"]], "free": ["#e The owl came out.", "#c 貓頭鷹出來。"], "s_end": true, "iu_a_span": [160.31, 161.97], "meta": {"topic": "Frog Story", "type": "Narrative", "language": "阿美語, Amis, Ciwkangan(台東縣長光社區)", "speaker": "嚴敏珠, Minzhu, female, None", "collected": "2003-06-01", "revised": "2013-1-16", "video": "Amis_Nr-frog_minzhu.mp3"}, "s_a_span": [160.31, 161.97], "file": "Amis_Ciwkangan/Amis_Nr-frog_minzhu", "num": 101}], [102, {"ori": [], "gloss": [["...", "", ""], ["nika,\\", "DM", "DM"]], "free": [], "s_end": false, "iu_a_span": [161.97, 162.99], "meta": {"topic": "Frog Story", "type": "Narrative", "language": "阿美語, Amis, Ciwkangan(台東縣長光社區)", "speaker": "嚴敏珠, Minzhu, female, None", "collected": "2003-06-01", "revised": "2013-1-16", "video": "Amis_Nr-frog_minzhu.mp3"}, "file": "Amis_Ciwkangan/Amis_Nr-frog_minzhu", "num": 102}], [103, {"ori": [], "gloss": [["..", "", ""], ["ya", "that", "那個"], ["wacu", "dog", "狗"], ["sa", "SA", "SA"], ["pakayni,\\", "after", "之後"]], "free": [], "s_end": false, "iu_a_span": [162.99, 164.42], "meta": {"topic": "Frog Story", "type": "Narrative", "language": "阿美語, Amis, Ciwkangan(台東縣長光社區)", "speaker": "嚴敏珠, Minzhu, female, None", "collected": "2003-06-01", "revised": "2013-1-16", "video": "Amis_Nr-frog_minzhu.mp3"}, "file": "Amis_Ciwkangan/Amis_Nr-frog_minzhu", "num": 103}], [104, {"ori": [], "gloss": [["..", "", ""], ["pi-ngiyangi", "PI-shake", "PI-搖動"], ["nira", "3SG.GEN", "3SG.屬格"], ["tiya", "that.OBL", "that.斜格"], ["kilang", "tree", "樹"], ["i,\\", "DM", "DM"]], "free": [], "s_end": false, "iu_a_span": [164.42, 166.3], "meta": {"topic": "Frog Story", "type": "Narrative", "language": "阿美語, Amis, Ciwkangan(台東縣長光社區)", "speaker": "嚴敏珠, Minzhu, female, None", "collected": "2003-06-01", "revised": "2013-1-16", "video": "Amis_Nr-frog_minzhu.mp3"}, "file": "Amis_Ciwkangan/Amis_Nr-frog_minzhu", "num": 104}], [105, {"ori": [], "gloss": [["..", "", ""], ["ma-sadak", "AF-exit", "主焦-出來"], ["ma-,\\", "AF-", "主焦-"]], "free": [], "s_end": false, "iu_a_span": [166.3, 167.38], "meta": {"topic": "Frog Story", "type": "Narrative", "language": "阿美語, Amis, Ciwkangan(台東縣長光社區)", "speaker": "嚴敏珠, Minzhu, female, None", "collected": "2003-06-01", "revised": "2013-1-16", "video": "Amis_Nr-frog_minzhu.mp3"}, "file": "Amis_Ciwkangan/Amis_Nr-frog_minzhu", "num": 105}], [106, {"ori": [], "gloss": [["...", "", ""], ["‘min", "all", "全部"], ["kuya", "that.NOM", "那個.主格"], ["tatekuh,\\", "bee", "蜜蜂"]], "free": [], "s_end": false, "iu_a_span": [167.38, 168.67], "meta": {"topic": "Frog Story", "type": "Narrative", "language": "阿美語, Amis, Ciwkangan(台東縣長光社區)", "speaker": "嚴敏珠, Minzhu, female, None", "collected": "2003-06-01", "revised": "2013-1-16", "video": "Amis_Nr-frog_minzhu.mp3"}, "file": "Amis_Ciwkangan/Amis_Nr-frog_minzhu", "num": 106}], [107, {"ori": [], "gloss": [["..", "", ""], ["mi-la’up", "AF-chase", "主焦-追"], ["tuya", "that.OBL", "那個.斜格"], ["wacu.\\", "dog", "狗"]], "free": [], "s_end": false, "iu_a_span": [168.67, 170.35], "meta": {"topic": "Frog Story", "type": "Narrative", "language": "阿美語, Amis, Ciwkangan(台東縣長光社區)", "speaker": "嚴敏珠, Minzhu, female, None", "collected": "2003-06-01", "revised": "2013-1-16", "video": "Amis_Nr-frog_minzhu.mp3"}, "file": "Amis_Ciwkangan/Amis_Nr-frog_minzhu", "num": 107}], [108, {"ori": [], "gloss": [["..", "", ""], ["cikay==", "run", "跑"], ["sa=tu", "SA=PFV", "SA=完成"], ["kiya", "that.NOM", "那個.主格"], ["wacu.\\", "dog", "狗"]], "free": ["#e After the dog shook the tree, all the bees came out and chased the dog, so the dog kept running.", "#c 那隻狗搖動那棵樹之後，蜜蜂全部飛出來去追那隻狗，那隻狗就一直跑。"], "s_end": true, "iu_a_span": [170.35, 172.66], "meta": {"topic": "Frog Story", "type": "Narrative", "language": "阿美語, Amis, Ciwkangan(台東縣長光社區)", "speaker": "嚴敏珠, Minzhu, female, None", "collected": "2003-06-01", "revised": "2013-1-16", "video": "Amis_Nr-frog_minzhu.mp3"}, "s_a_span": [161.97, 172.66], "file": "Amis_Ciwkangan/Amis_Nr-frog_minzhu", "num": 108}], [109, {"ori": [], "gloss": [["...(0.8)", "", ""], ["na", "PAST", "過去"], ["wawa", "child", "小孩"], ["i,\\", "DM", "DM"]], "free": [], "s_end": false, "iu_a_span": [172.66, 174.25], "meta": {"topic": "Frog Story", "type": "Narrative", "language": "阿美語, Amis, Ciwkangan(台東縣長光社區)", "speaker": "嚴敏珠, Minzhu, female, None", "collected": "2003-06-01", "revised": "2013-1-16", "video": "Amis_Nr-frog_minzhu.mp3"}, "file": "Amis_Ciwkangan/Amis_Nr-frog_minzhu", "num": 109}], [110, {"ori": [], "gloss": [["..", "", ""], ["pakayni", "after", "之後"], ["tuya", "that.OBL", "那個.斜格"], ["ira", "EXIST", "存在"], ["ku", "NOM", "主格"], ["ekung", "owl", "貓頭鷹"], ["ma-sadak,\\", "AF-exit", "主焦-出來"]], "free": [], "s_end": false, "iu_a_span": [174.25, 175.82], "meta": {"topic": "Frog Story", "type": "Narrative", "language": "阿美語, Amis, Ciwkangan(台東縣長光社區)", "speaker": "嚴敏珠, Minzhu, female, None", "collected": "2003-06-01", "revised": "2013-1-16", "video": "Amis_Nr-frog_minzhu.mp3"}, "file": "Amis_Ciwkangan/Amis_Nr-frog_minzhu", "num": 110}], [111, {"ori": [], "gloss": [["..", "", ""], ["ma-talaw", "AF-afraid", "主焦-害怕"], ["mi-limek,\\", "AF-hide", "主焦-躲"]], "free": ["#e After the owl came out, the child was scared and hid himself.", "#c 那個小孩從貓頭鷹出來之後就害怕地躲起來。"], "s_end": true, "iu_a_span": [175.82, 177.48], "meta": {"topic": "Frog Story", "type": "Narrative", "language": "阿美語, Amis, Ciwkangan(台東縣長光社區)", "speaker": "嚴敏珠, Minzhu, female, None", "collected": "2003-06-01", "revised": "2013-1-16", "video": "Amis_Nr-frog_minzhu.mp3"}, "s_a_span": [172.66, 177.48], "file": "Amis_Ciwkangan/Amis_Nr-frog_minzhu", "num": 111}], [112, {"ori": [], "gloss": [["..", "", ""], ["c<um>ikay=tu,\\", "<AF>run=PFV", "<主焦>跑=完成"]], "free": [], "s_end": false, "iu_a_span": [177.48, 178.95], "meta": {"topic": "Frog Story", "type": "Narrative", "language": "阿美語, Amis, Ciwkangan(台東縣長光社區)", "speaker": "嚴敏珠, Minzhu, female, None", "collected": "2003-06-01", "revised": "2013-1-16", "video": "Amis_Nr-frog_minzhu.mp3"}, "file": "Amis_Ciwkangan/Amis_Nr-frog_minzhu", "num": 112}], [113, {"ori": [], "gloss": [["..", "", ""], ["ma-siday", "AF-forget", "主焦-忘記"], ["tu", "OBL", "斜格"], ["ta-tusa,\\", "Ca-two", "Ca重疊-二"]], "free": [], "s_end": false, "iu_a_span": [178.95, 180.76], "meta": {"topic": "Frog Story", "type": "Narrative", "language": "阿美語, Amis, Ciwkangan(台東縣長光社區)", "speaker": "嚴敏珠, Minzhu, female, None", "collected": "2003-06-01", "revised": "2013-1-16", "video": "Amis_Nr-frog_minzhu.mp3"}, "file": "Amis_Ciwkangan/Amis_Nr-frog_minzhu", "num": 113}], [114, {"ori": [], "gloss": [["..", "", ""], ["ya", "that", "那個"], ["wacu", "dog", "狗"], ["atu", "CONJ", "連接詞"], ["kaemang-ay", "small-AY", "小-AY"], ["wawa,\\", "child", "小孩"]], "free": ["#e (He) ran away, ignoring the dog and the child.", "#c （他）跑走，忽略狗跟小孩。"], "s_end": true, "iu_a_span": [180.76, 183.03], "meta": {"topic": "Frog Story", "type": "Narrative", "language": "阿美語, Amis, Ciwkangan(台東縣長光社區)", "speaker": "嚴敏珠, Minzhu, female, None", "collected": "2003-06-01", "revised": "2013-1-16", "video": "Amis_Nr-frog_minzhu.mp3"}, "s_a_span": [177.48, 183.03], "file": "Amis_Ciwkangan/Amis_Nr-frog_minzhu", "num": 114}], [115, {"ori": [], "gloss": [["...", "", ""], ["nika,\\", "DM", "DM"]], "free": [], "s_end": false, "iu_a_span": [183.03, 183.89], "meta": {"topic": "Frog Story", "type": "Narrative", "language": "阿美語, Amis, Ciwkangan(台東縣長光社區)", "speaker": "嚴敏珠, Minzhu, female, None", "collected": "2003-06-01", "revised": "2013-1-16", "video": "Amis_Nr-frog_minzhu.mp3"}, "file": "Amis_Ciwkangan/Amis_Nr-frog_minzhu", "num": 115}], [116, {"ori": [], "gloss": [["...", "", ""], ["sa-pi-kilim-an", "SA-PI-look.for-AN", "SA-PI-尋找-AN"], ["kiya", "that.NOM", "那個.主格"], ["wawa,\\", "child", "小孩"]], "free": [], "s_end": false, "iu_a_span": [183.89, 185.95], "meta": {"topic": "Frog Story", "type": "Narrative", "language": "阿美語, Amis, Ciwkangan(台東縣長光社區)", "speaker": "嚴敏珠, Minzhu, female, None", "collected": "2003-06-01", "revised": "2013-1-16", "video": "Amis_Nr-frog_minzhu.mp3"}, "file": "Amis_Ciwkangan/Amis_Nr-frog_minzhu", "num": 116}], [117, {"ori": [], "gloss": [["..", "", ""], ["takula’", "frog", "青蛙"], ["sa", "SA", "SA"], ["nira", "3SG.GEN", "3SG.屬格"], ["i", "DM", "DM"], ["kalic,\\", "climb", "爬"]], "free": [], "s_end": false, "iu_a_span": [185.95, 187.4], "meta": {"topic": "Frog Story", "type": "Narrative", "language": "阿美語, Amis, Ciwkangan(台東縣長光社區)", "speaker": "嚴敏珠, Minzhu, female, None", "collected": "2003-06-01", "revised": "2013-1-16", "video": "Amis_Nr-frog_minzhu.mp3"}, "file": "Amis_Ciwkangan/Amis_Nr-frog_minzhu", "num": 117}], [118, {"ori": [], "gloss": [["..", "", ""], ["sa", "SA", "SA"], ["tu", "OBL", "斜格"], ["ccay", "one", "一"], ["fukeluh,\\", "stone", "石頭"]], "free": ["#e But the child wanted to look for the frog. (He) climbed up a rock.", "#c 但是，那個小孩想去找青蛙，爬上一個石頭。", "#n sa-...-an: want to..."], "s_end": true, "iu_a_span": [187.4, 188.69], "meta": {"topic": "Frog Story", "type": "Narrative", "language": "阿美語, Amis, Ciwkangan(台東縣長光社區)", "speaker": "嚴敏珠, Minzhu, female, None", "collected": "2003-06-01", "revised": "2013-1-16", "video": "Amis_Nr-frog_minzhu.mp3"}, "s_a_span": [183.03, 188.69], "file": "Amis_Ciwkangan/Amis_Nr-frog_minzhu", "num": 118}], [119, {"ori": [], "gloss": [["..", "", ""], ["tatuy-han", "hold-HAN.PF", "抓-HAN.受焦"], ["nira", "3SG.GEN", "3SG.屬格"], ["tiya", "that.OBL", "那個.斜格"], ["kilang,\\", "tree", "樹"]], "free": [], "s_end": false, "iu_a_span": [188.69, 190.57], "meta": {"topic": "Frog Story", "type": "Narrative", "language": "阿美語, Amis, Ciwkangan(台東縣長光社區)", "speaker": "嚴敏珠, Minzhu, female, None", "collected": "2003-06-01", "revised": "2013-1-16", "video": "Amis_Nr-frog_minzhu.mp3"}, "file": "Amis_Ciwkangan/Amis_Nr-frog_minzhu", "num": 119}], [120, {"ori": [], "gloss": [["..", "", ""], ["u", "CN", "CN"], ["kilang", "tree", "樹"], ["kunia==n", "this", "這個"], ["sa,\\", "SA", "SA"]], "free": [], "s_end": false, "iu_a_span": [190.57, 192.72], "meta": {"topic": "Frog Story", "type": "Narrative", "language": "阿美語, Amis, Ciwkangan(台東縣長光社區)", "speaker": "嚴敏珠, Minzhu, female, None", "collected": "2003-06-01", "revised": "2013-1-16", "video": "Amis_Nr-frog_minzhu.mp3"}, "file": "Amis_Ciwkangan/Amis_Nr-frog_minzhu", "num": 120}], [121, {"ori": [], "gloss": [["..", "", ""], ["celi", "call", "呼叫"], ["sa-celi", "SA-call", "SA-呼叫"], ["XX,\\", "", ""]], "free": [], "s_end": false, "iu_a_span": [192.72, 194.1], "meta": {"topic": "Frog Story", "type": "Narrative", "language": "阿美語, Amis, Ciwkangan(台東縣長光社區)", "speaker": "嚴敏珠, Minzhu, female, None", "collected": "2003-06-01", "revised": "2013-1-16", "video": "Amis_Nr-frog_minzhu.mp3"}, "file": "Amis_Ciwkangan/Amis_Nr-frog_minzhu", "num": 121}], [122, {"ori": [], "gloss": [["..", "", ""], ["nenghan", "turn.out", "結果"], ["u,\\", "CN", "CN"]], "free": [], "s_end": false, "iu_a_span": [194.1, 195.18], "meta": {"topic": "Frog Story", "type": "Narrative", "language": "阿美語, Amis, Ciwkangan(台東縣長光社區)", "speaker": "嚴敏珠, Minzhu, female, None", "collected": "2003-06-01", "revised": "2013-1-16", "video": "Amis_Nr-frog_minzhu.mp3"}, "file": "Amis_Ciwkangan/Amis_Nr-frog_minzhu", "num": 122}], [123, {"ori": [], "gloss": [["...", "", ""], ["n", "FIL", "FIL"], ["u==,\\", "CN", "CN"]], "free": [], "s_end": false, "iu_a_span": [195.18, 196.09], "meta": {"topic": "Frog Story", "type": "Narrative", "language": "阿美語, Amis, Ciwkangan(台東縣長光社區)", "speaker": "嚴敏珠, Minzhu, female, None", "collected": "2003-06-01", "revised": "2013-1-16", "video": "Amis_Nr-frog_minzhu.mp3"}, "file": "Amis_Ciwkangan/Amis_Nr-frog_minzhu", "num": 123}], [124, {"ori": [], "gloss": [["...(1.6)", "", ""], ["lunem,\\", "deer", "鹿"]], "free": ["#e He held on to the tree, but the tree turned out to be a deer.", "#c 他抓住那棵樹，但那棵樹結果原來是鹿。"], "s_end": true, "iu_a_span": [196.09, 198.64], "meta": {"topic": "Frog Story", "type": "Narrative", "language": "阿美語, Amis, Ciwkangan(台東縣長光社區)", "speaker": "嚴敏珠, Minzhu, female, None", "collected": "2003-06-01", "revised": "2013-1-16", "video": "Amis_Nr-frog_minzhu.mp3"}, "s_a_span": [188.69, 198.64], "file": "Amis_Ciwkangan/Amis_Nr-frog_minzhu", "num": 124}], [125, {"ori": [], "gloss": [["...", "", ""], ["u", "CN", "CN"], ["lunem", "deer", "鹿"], ["kuya,\\", "that.NOM", "那個.主格"]], "free": [], "s_end": false, "iu_a_span": [198.64, 200.28], "meta": {"topic": "Frog Story", "type": "Narrative", "language": "阿美語, Amis, Ciwkangan(台東縣長光社區)", "speaker": "嚴敏珠, Minzhu, female, None", "collected": "2003-06-01", "revised": "2013-1-16", "video": "Amis_Nr-frog_minzhu.mp3"}, "file": "Amis_Ciwkangan/Amis_Nr-frog_minzhu", "num": 125}], [126, {"ori": [], "gloss": [["...", "", ""], ["nalunem", "deer", "鹿"], ["kuya", "that.NOM", "那個.主格"], ["ma-sadak-ay,\\", "AF-exit-AY", "主焦-出來-AY"]], "free": ["#e What went out was a deer.", "#c 跑出來的是鹿。"], "s_end": true, "iu_a_span": [200.28, 202.98], "meta": {"topic": "Frog Story", "type": "Narrative", "language": "阿美語, Amis, Ciwkangan(台東縣長光社區)", "speaker": "嚴敏珠, Minzhu, female, None", "collected": "2003-06-01", "revised": "2013-1-16", "video": "Amis_Nr-frog_minzhu.mp3"}, "s_a_span": [198.64, 202.98], "file": "Amis_Ciwkangan/Amis_Nr-frog_minzhu", "num": 126}], [127, {"ori": [], "gloss": [["...", "", ""], ["ma-kalic-ay", "PF-climb-FAC", "受焦-爬-FAC"], ["nira,\\", "3SG.GEN", "3SG.屬格"]], "free": [], "s_end": false, "iu_a_span": [202.98, 204.63], "meta": {"topic": "Frog Story", "type": "Narrative", "language": "阿美語, Amis, Ciwkangan(台東縣長光社區)", "speaker": "嚴敏珠, Minzhu, female, None", "collected": "2003-06-01", "revised": "2013-1-16", "video": "Amis_Nr-frog_minzhu.mp3"}, "file": "Amis_Ciwkangan/Amis_Nr-frog_minzhu", "num": 127}], [128, {"ori": [], "gloss": [["..", "", ""], ["ya", "that", "那個"], ["lunem,\\", "deer", "鹿"]], "free": [], "s_end": false, "iu_a_span": [204.63, 205.28], "meta": {"topic": "Frog Story", "type": "Narrative", "language": "阿美語, Amis, Ciwkangan(台東縣長光社區)", "speaker": "嚴敏珠, Minzhu, female, None", "collected": "2003-06-01", "revised": "2013-1-16", "video": "Amis_Nr-frog_minzhu.mp3"}, "file": "Amis_Ciwkangan/Amis_Nr-frog_minzhu", "num": 128}], [129, {"ori": [], "gloss": [["...", "", ""], ["sa-cikay==,\\", "SA-run", "SA-跑"]], "free": [], "s_end": false, "iu_a_span": [205.28, 206.45], "meta": {"topic": "Frog Story", "type": "Narrative", "language": "阿美語, Amis, Ciwkangan(台東縣長光社區)", "speaker": "嚴敏珠, Minzhu, female, None", "collected": "2003-06-01", "revised": "2013-1-16", "video": "Amis_Nr-frog_minzhu.mp3"}, "file": "Amis_Ciwkangan/Amis_Nr-frog_minzhu", "num": 129}], [130, {"ori": [], "gloss": [["..", "", ""], ["sa=tu", "SA=PFV", "SA=完成"], ["kiya", "that.NOM", "那個.主格"], ["lunem.\\", "deer", "鹿"]], "free": ["#e He climbed onto the deer, so the deer kept running.", "#c 他爬在鹿的背上，鹿只好一直跑。"], "s_end": true, "iu_a_span": [206.45, 207.46], "meta": {"topic": "Frog Story", "type": "Narrative", "language": "阿美語, Amis, Ciwkangan(台東縣長光社區)", "speaker": "嚴敏珠, Minzhu, female, None", "collected": "2003-06-01", "revised": "2013-1-16", "video": "Amis_Nr-frog_minzhu.mp3"}, "s_a_span": [202.98, 207.46], "file": "Amis_Ciwkangan/Amis_Nr-frog_minzhu", "num": 130}], [131, {"ori": [], "gloss": [["...", "", ""], ["falah-han", "throw-HAN.PF", "丟-HAN.受焦"], ["nira", "3SG.GEN", "3SG.屬格"], ["kuya", "that.NOM", "那個.主格"], ["wacu==,\\", "dog", "狗"]], "free": [], "s_end": false, "iu_a_span": [207.46, 209.98], "meta": {"topic": "Frog Story", "type": "Narrative", "language": "阿美語, Amis, Ciwkangan(台東縣長光社區)", "speaker": "嚴敏珠, Minzhu, female, None", "collected": "2003-06-01", "revised": "2013-1-16", "video": "Amis_Nr-frog_minzhu.mp3"}, "file": "Amis_Ciwkangan/Amis_Nr-frog_minzhu", "num": 131}], [132, {"ori": [], "gloss": [["..", "", ""], ["atu", "CONJ", "連接詞"], ["ya", "that", "那個"], ["lunem,\\", "deer", "鹿"]], "free": ["#e He didn’t care about the dog and the deer.", "#c 他不理會那隻狗和鹿。", "#n mi-falah-an nira a lalusidan：他丟棄的東西。", "#n ma-falah aku ku riku’：我把衣服丟掉。", "#n sikul：理會。", "#n aka sikul-en：不要理他。", "#n ca’ay ka-sikul nu ina ku wawa：媽媽不理會(沒有照顧)小孩。"], "s_end": true, "iu_a_span": [209.98, 211.09], "meta": {"topic": "Frog Story", "type": "Narrative", "language": "阿美語, Amis, Ciwkangan(台東縣長光社區)", "speaker": "嚴敏珠, Minzhu, female, None", "collected": "2003-06-01", "revised": "2013-1-16", "video": "Amis_Nr-frog_minzhu.mp3"}, "s_a_span": [207.46, 211.09], "file": "Amis_Ciwkangan/Amis_Nr-frog_minzhu", "num": 132}], [133, {"ori": [], "gloss": [["..", "", ""], ["tefad", "fall", "掉落"], ["sa=tu", "SA=PFV", "SA=完成"], ["tiya,\\", "that.OBL", "那個.斜格"]], "free": [], "s_end": false, "iu_a_span": [211.09, 212.7], "meta": {"topic": "Frog Story", "type": "Narrative", "language": "阿美語, Amis, Ciwkangan(台東縣長光社區)", "speaker": "嚴敏珠, Minzhu, female, None", "collected": "2003-06-01", "revised": "2013-1-16", "video": "Amis_Nr-frog_minzhu.mp3"}, "file": "Amis_Ciwkangan/Amis_Nr-frog_minzhu", "num": 133}], [134, {"ori": [], "gloss": [["...(1.1)", "", ""], ["alu’", "stream", "溪"], ["kiya==,\\", "that.NOM", "那個.主格"]], "free": [], "s_end": false, "iu_a_span": [212.7, 214.75], "meta": {"topic": "Frog Story", "type": "Narrative", "language": "阿美語, Amis, Ciwkangan(台東縣長光社區)", "speaker": "嚴敏珠, Minzhu, female, None", "collected": "2003-06-01", "revised": "2013-1-16", "video": "Amis_Nr-frog_minzhu.mp3"}, "file": "Amis_Ciwkangan/Amis_Nr-frog_minzhu", "num": 134}], [135, {"ori": [], "gloss": [["..", "", ""], ["wawa,\\", "child", "小孩"]], "free": [], "s_end": false, "iu_a_span": [214.75, 215.44], "meta": {"topic": "Frog Story", "type": "Narrative", "language": "阿美語, Amis, Ciwkangan(台東縣長光社區)", "speaker": "嚴敏珠, Minzhu, female, None", "collected": "2003-06-01", "revised": "2013-1-16", "video": "Amis_Nr-frog_minzhu.mp3"}, "file": "Amis_Ciwkangan/Amis_Nr-frog_minzhu", "num": 135}], [136, {"ori": [], "gloss": [["..", "", ""], ["atu", "CONJ", "連接詞"], ["ya", "that", "那個"], ["wacu,\\", "dog", "狗"]], "free": ["#e The child and the dog fell into the stream.", "#c 那個小孩跟狗掉落到溪裡。"], "s_end": true, "iu_a_span": [215.44, 216.7], "meta": {"topic": "Frog Story", "type": "Narrative", "language": "阿美語, Amis, Ciwkangan(台東縣長光社區)", "speaker": "嚴敏珠, Minzhu, female, None", "collected": "2003-06-01", "revised": "2013-1-16", "video": "Amis_Nr-frog_minzhu.mp3"}, "s_a_span": [211.09, 216.7], "file": "Amis_Ciwkangan/Amis_Nr-frog_minzhu", "num": 136}], [137, {"ori": [], "gloss": [["...(1.6)", "", ""], ["pakayni", "after", "之後"], ["tuya", "that.OBL", "那個.斜格"], ["tefad", "fall", "掉落"], ["nangra", "3SG.GEN", "3SG.屬格"], ["i,\\", "DM", "DM"]], "free": [], "s_end": false, "iu_a_span": [216.7, 219.67], "meta": {"topic": "Frog Story", "type": "Narrative", "language": "阿美語, Amis, Ciwkangan(台東縣長光社區)", "speaker": "嚴敏珠, Minzhu, female, None", "collected": "2003-06-01", "revised": "2013-1-16", "video": "Amis_Nr-frog_minzhu.mp3"}, "file": "Amis_Ciwkangan/Amis_Nr-frog_minzhu", "num": 137}], [138, {"ori": [], "gloss": [["...", "", ""], ["alu==’", "stream", "溪"], ["sa=tu", "SA=PFV", "SA=完成"], ["tiya", "that.OBL", "那個.斜格"], ["nanum,\\", "water", "水"]], "free": [], "s_end": false, "iu_a_span": [219.67, 221.81], "meta": {"topic": "Frog Story", "type": "Narrative", "language": "阿美語, Amis, Ciwkangan(台東縣長光社區)", "speaker": "嚴敏珠, Minzhu, female, None", "collected": "2003-06-01", "revised": "2013-1-16", "video": "Amis_Nr-frog_minzhu.mp3"}, "file": "Amis_Ciwkangan/Amis_Nr-frog_minzhu", "num": 138}], [139, {"ori": [], "gloss": [["..", "", ""], ["nika,\\", "DM", "DM"]], "free": [], "s_end": false, "iu_a_span": [221.81, 222.42], "meta": {"topic": "Frog Story", "type": "Narrative", "language": "阿美語, Amis, Ciwkangan(台東縣長光社區)", "speaker": "嚴敏珠, Minzhu, female, None", "collected": "2003-06-01", "revised": "2013-1-16", "video": "Amis_Nr-frog_minzhu.mp3"}, "file": "Amis_Ciwkangan/Amis_Nr-frog_minzhu", "num": 139}], [140, {"ori": [], "gloss": [["..", "", ""], ["halafin", "long", "很久"], ["ma-tengil", "PF-hear", "受焦-聽到"], ["niya", "that.GEN", "那個.屬格"], ["wawa", "child", "小孩"], ["ku,\\", "NOM", "主格"]], "free": [], "s_end": false, "iu_a_span": [222.42, 224.56], "meta": {"topic": "Frog Story", "type": "Narrative", "language": "阿美語, Amis, Ciwkangan(台東縣長光社區)", "speaker": "嚴敏珠, Minzhu, female, None", "collected": "2003-06-01", "revised": "2013-1-16", "video": "Amis_Nr-frog_minzhu.mp3"}, "file": "Amis_Ciwkangan/Amis_Nr-frog_minzhu", "num": 140}], [141, {"ori": [], "gloss": [["..", "", ""], ["suni", "sound", "聲音"], ["nu", "GEN", "屬格"], ["takula’,\\", "frog", "青蛙"]], "free": ["#e After they fell into the stream, and after a long time, the child heard the frog’s sound.", "#c 他們掉落到溪裡之後，過了很久，那個小孩聽到了青蛙的聲音。"], "s_end": true, "iu_a_span": [224.56, 226.34], "meta": {"topic": "Frog Story", "type": "Narrative", "language": "阿美語, Amis, Ciwkangan(台東縣長光社區)", "speaker": "嚴敏珠, Minzhu, female, None", "collected": "2003-06-01", "revised": "2013-1-16", "video": "Amis_Nr-frog_minzhu.mp3"}, "s_a_span": [216.7, 226.34], "file": "Amis_Ciwkangan/Amis_Nr-frog_minzhu", "num": 141}], [142, {"ori": [], "gloss": [["...(1.3)", "", ""], ["n", "FIL", "FIL"], ["han", "say.so.PF", "如此說.受焦"], ["nira", "3SG.GEN", "3SG.屬格"], ["kuya", "that.NOM", "那個.主格"], ["wacu,\\", "dog", "狗"]], "free": [], "s_end": false, "iu_a_span": [226.34, 228.82], "meta": {"topic": "Frog Story", "type": "Narrative", "language": "阿美語, Amis, Ciwkangan(台東縣長光社區)", "speaker": "嚴敏珠, Minzhu, female, None", "collected": "2003-06-01", "revised": "2013-1-16", "video": "Amis_Nr-frog_minzhu.mp3"}, "file": "Amis_Ciwkangan/Amis_Nr-frog_minzhu", "num": 142}], [143, {"ori": [], "gloss": [["..", "", ""], ["aka", "NEG", "否定"], ["ka-caciyau,\\", "KA-speak", "KA-講話"]], "free": [], "s_end": false, "iu_a_span": [228.82, 230.02], "meta": {"topic": "Frog Story", "type": "Narrative", "language": "阿美語, Amis, Ciwkangan(台東縣長光社區)", "speaker": "嚴敏珠, Minzhu, female, None", "collected": "2003-06-01", "revised": "2013-1-16", "video": "Amis_Nr-frog_minzhu.mp3"}, "file": "Amis_Ciwkangan/Amis_Nr-frog_minzhu", "num": 143}], [144, {"ori": [], "gloss": [["..", "", ""], ["latek", "possible", "可能"], ["ira", "EXIST", "存在"], ["tini", "here", "這裡"], ["ku", "NOM", "主格"], ["takula’,\\", "frog", "青蛙"]], "free": [], "s_end": false, "iu_a_span": [230.02, 231.89], "meta": {"topic": "Frog Story", "type": "Narrative", "language": "阿美語, Amis, Ciwkangan(台東縣長光社區)", "speaker": "嚴敏珠, Minzhu, female, None", "collected": "2003-06-01", "revised": "2013-1-16", "video": "Amis_Nr-frog_minzhu.mp3"}, "file": "Amis_Ciwkangan/Amis_Nr-frog_minzhu", "num": 144}], [145, {"ori": [], "gloss": [["..", "", ""], ["XX", "", ""], ["ya", "that", "那個"], ["widang", "friend", "朋友"], ["nu", "GEN", "屬格"], ["mita==", "1IPL.POSS", "1IPL.所有格"], ["sa,\\", "SA", "SA"]], "free": ["#e The child said to the dog, 'Don’t speak. Our friend, the frog, might be here.'", "#c 小孩跟狗說：「不要講話，我們的朋友青蛙可能在這裡。」"], "s_end": true, "iu_a_span": [231.89, 233.59], "meta": {"topic": "Frog Story", "type": "Narrative", "language": "阿美語, Amis, Ciwkangan(台東縣長光社區)", "speaker": "嚴敏珠, Minzhu, female, None", "collected": "2003-06-01", "revised": "2013-1-16", "video": "Amis_Nr-frog_minzhu.mp3"}, "s_a_span": [226.34, 233.59], "file": "Amis_Ciwkangan/Amis_Nr-frog_minzhu", "num": 145}], [146, {"ori": [], "gloss": [["..", "", ""], ["na’o==n", "careful", "小心"], ["sa", "SA", "SA"], ["cangra", "3PL.NOM", "3PL.主格"], ["tayra,\\", "go", "去"]], "free": [], "s_end": false, "iu_a_span": [233.59, 235.68], "meta": {"topic": "Frog Story", "type": "Narrative", "language": "阿美語, Amis, Ciwkangan(台東縣長光社區)", "speaker": "嚴敏珠, Minzhu, female, None", "collected": "2003-06-01", "revised": "2013-1-16", "video": "Amis_Nr-frog_minzhu.mp3"}, "file": "Amis_Ciwkangan/Amis_Nr-frog_minzhu", "num": 146}], [147, {"ori": [], "gloss": [["..", "", ""], ["mi-tengil,\\", "AF-hear", "主焦-聽"]], "free": ["#e They listened with care.", "#c 他們很小心的去聽。", "#n na’o==n拉長音表示「很小心」。"], "s_end": true, "iu_a_span": [235.68, 236.32], "meta": {"topic": "Frog Story", "type": "Narrative", "language": "阿美語, Amis, Ciwkangan(台東縣長光社區)", "speaker": "嚴敏珠, Minzhu, female, None", "collected": "2003-06-01", "revised": "2013-1-16", "video": "Amis_Nr-frog_minzhu.mp3"}, "s_a_span": [233.59, 236.32], "file": "Amis_Ciwkangan/Amis_Nr-frog_minzhu", "num": 147}], [148, {"ori": [], "gloss": [["...", "", ""], ["ma==-araw", "PF-see", "受焦-看"], ["nira", "3SG.GEN", "3SG.屬格"], ["kiya,\\", "that.NOM", "那個.主格"]], "free": [], "s_end": false, "iu_a_span": [236.32, 238.17], "meta": {"topic": "Frog Story", "type": "Narrative", "language": "阿美語, Amis, Ciwkangan(台東縣長光社區)", "speaker": "嚴敏珠, Minzhu, female, None", "collected": "2003-06-01", "revised": "2013-1-16", "video": "Amis_Nr-frog_minzhu.mp3"}, "file": "Amis_Ciwkangan/Amis_Nr-frog_minzhu", "num": 148}], [149, {"ori": [], "gloss": [["...", "", ""], ["takula’", "frog", "青蛙"], ["nira", "3SG.GEN", "3SG.屬格"], ["aluma==nay", "many", "很多"], ["a", "LNK", "連詞"], ["takula’", "frog", "青蛙"], ["itira,\\", "there", "那裡"]], "free": [], "s_end": false, "iu_a_span": [238.17, 241.97], "meta": {"topic": "Frog Story", "type": "Narrative", "language": "阿美語, Amis, Ciwkangan(台東縣長光社區)", "speaker": "嚴敏珠, Minzhu, female, None", "collected": "2003-06-01", "revised": "2013-1-16", "video": "Amis_Nr-frog_minzhu.mp3"}, "file": "Amis_Ciwkangan/Amis_Nr-frog_minzhu", "num": 149}], [150, {"ori": [], "gloss": [["..", "", ""], ["ma-lawida==ng,\\", "AF-make.friend", "主焦-做朋友"]], "free": ["#e He saw that the frog had many friends there.", "#c 他看見他那隻青蛙跟很多青蛙做朋友。"], "s_end": true, "iu_a_span": [241.97, 243.29], "meta": {"topic": "Frog Story", "type": "Narrative", "language": "阿美語, Amis, Ciwkangan(台東縣長光社區)", "speaker": "嚴敏珠, Minzhu, female, None", "collected": "2003-06-01", "revised": "2013-1-16", "video": "Amis_Nr-frog_minzhu.mp3"}, "s_a_span": [236.32, 243.29], "file": "Amis_Ciwkangan/Amis_Nr-frog_minzhu", "num": 150}], [151, {"ori": [], "gloss": [["...", "", ""], ["harateng", "think", "想"], ["sa=tu", "SA=PFV", "SA=完成"], ["aya", "INT", "感嘆"], ["ira==,\\", "EXIST", "存在"]], "free": [], "s_end": false, "iu_a_span": [243.29, 245.45], "meta": {"topic": "Frog Story", "type": "Narrative", "language": "阿美語, Amis, Ciwkangan(台東縣長光社區)", "speaker": "嚴敏珠, Minzhu, female, None", "collected": "2003-06-01", "revised": "2013-1-16", "video": "Amis_Nr-frog_minzhu.mp3"}, "file": "Amis_Ciwkangan/Amis_Nr-frog_minzhu", "num": 151}], [152, {"ori": [], "gloss": [["..", "", ""], ["ini", "here", "這裡"], ["kuya", "that.NOM", "那個.主格"], ["takula’,\\", "frog", "青蛙"]], "free": [], "s_end": false, "iu_a_span": [245.45, 246.37], "meta": {"topic": "Frog Story", "type": "Narrative", "language": "阿美語, Amis, Ciwkangan(台東縣長光社區)", "speaker": "嚴敏珠, Minzhu, female, None", "collected": "2003-06-01", "revised": "2013-1-16", "video": "Amis_Nr-frog_minzhu.mp3"}, "file": "Amis_Ciwkangan/Amis_Nr-frog_minzhu", "num": 152}], [153, {"ori": [], "gloss": [["..", "", ""], ["sa", "SA", "SA"], ["nu", "GEN", "屬格"], ["maku", "1SG.POSS", "1SG.所有格"], ["sa,\\", "SA", "SA"]], "free": ["#e '\"Ah, my frog was here,\" he  thought,' I said.", "#c 「『唉呀，原來青蛙在這裡，』他是這樣想的，」我說。"], "s_end": true, "iu_a_span": [246.37, 247.16], "meta": {"topic": "Frog Story", "type": "Narrative", "language": "阿美語, Amis, Ciwkangan(台東縣長光社區)", "speaker": "嚴敏珠, Minzhu, female, None", "collected": "2003-06-01", "revised": "2013-1-16", "video": "Amis_Nr-frog_minzhu.mp3"}, "s_a_span": [243.29, 247.16], "file": "Amis_Ciwkangan/Amis_Nr-frog_minzhu", "num": 153}], [154, {"ori": [], "gloss": [["...", "", ""], ["harafin,\\", "long", "很久"]], "free": [], "s_end": false, "iu_a_span": [247.16, 248.46], "meta": {"topic": "Frog Story", "type": "Narrative", "language": "阿美語, Amis, Ciwkangan(台東縣長光社區)", "speaker": "嚴敏珠, Minzhu, female, None", "collected": "2003-06-01", "revised": "2013-1-16", "video": "Amis_Nr-frog_minzhu.mp3"}, "file": "Amis_Ciwkangan/Amis_Nr-frog_minzhu", "num": 154}], [155, {"ori": [], "gloss": [["...", "", ""], ["ma-araw=tu", "PF-see=PFV", "受焦-看=完成"], ["nira,\\", "3SG.GEN", "3SG.屬格"]], "free": [], "s_end": false, "iu_a_span": [248.46, 249.58], "meta": {"topic": "Frog Story", "type": "Narrative", "language": "阿美語, Amis, Ciwkangan(台東縣長光社區)", "speaker": "嚴敏珠, Minzhu, female, None", "collected": "2003-06-01", "revised": "2013-1-16", "video": "Amis_Nr-frog_minzhu.mp3"}, "file": "Amis_Ciwkangan/Amis_Nr-frog_minzhu", "num": 155}], [156, {"ori": [], "gloss": [["..", "", ""], ["aya", "INT", "感嘆"], ["XX", "", ""], ["kiya", "that.NOM", "那個.主格"], ["takula’,\\", "frog", "青蛙"]], "free": [], "s_end": false, "iu_a_span": [249.58, 251.18], "meta": {"topic": "Frog Story", "type": "Narrative", "language": "阿美語, Amis, Ciwkangan(台東縣長光社區)", "speaker": "嚴敏珠, Minzhu, female, None", "collected": "2003-06-01", "revised": "2013-1-16", "video": "Amis_Nr-frog_minzhu.mp3"}, "file": "Amis_Ciwkangan/Amis_Nr-frog_minzhu", "num": 156}], [157, {"ori": [], "gloss": [["..", "", ""], ["sa", "SA", "SA"], ["nu", "GEN", "屬格"], ["maku==,\\", "1SG.POSS", "1SG.所有格"]], "free": [], "s_end": false, "iu_a_span": [251.18, 251.87], "meta": {"topic": "Frog Story", "type": "Narrative", "language": "阿美語, Amis, Ciwkangan(台東縣長光社區)", "speaker": "嚴敏珠, Minzhu, female, None", "collected": "2003-06-01", "revised": "2013-1-16", "video": "Amis_Nr-frog_minzhu.mp3"}, "file": "Amis_Ciwkangan/Amis_Nr-frog_minzhu", "num": 157}], [158, {"ori": [], "gloss": [["..", "", ""], ["sa", "SA", "SA"], ["ciyau.\\", "speak", "講"]], "free": [], "s_end": false, "iu_a_span": [251.87, 252.29], "meta": {"topic": "Frog Story", "type": "Narrative", "language": "阿美語, Amis, Ciwkangan(台東縣長光社區)", "speaker": "嚴敏珠, Minzhu, female, None", "collected": "2003-06-01", "revised": "2013-1-16", "video": "Amis_Nr-frog_minzhu.mp3"}, "file": "Amis_Ciwkangan/Amis_Nr-frog_minzhu", "num": 158}], [159, {"ori": [], "gloss": [["..", "", ""], ["tekur", "jump", "跳躍"], ["tekur", "jump", "跳躍"], ["sa", "SA", "SA"], ["kuya", "that.NOM", "那個.主格"], ["takula’,\\", "frog", "青蛙"]], "free": [], "s_end": false, "iu_a_span": [252.29, 253.99], "meta": {"topic": "Frog Story", "type": "Narrative", "language": "阿美語, Amis, Ciwkangan(台東縣長光社區)", "speaker": "嚴敏珠, Minzhu, female, None", "collected": "2003-06-01", "revised": "2013-1-16", "video": "Amis_Nr-frog_minzhu.mp3"}, "file": "Amis_Ciwkangan/Amis_Nr-frog_minzhu", "num": 159}], [160, {"ori": [], "gloss": [["..", "", ""], ["mi-ra’or", "AF-approach", "主焦-接近"], ["cingranan,\\", "3SG.OBL", "3SG.斜格"]], "free": ["#e The frog leapt towards them.", "#c 青蛙跳著接近他們。"], "s_end": true, "iu_a_span": [253.99, 255.74], "meta": {"topic": "Frog Story", "type": "Narrative", "language": "阿美語, Amis, Ciwkangan(台東縣長光社區)", "speaker": "嚴敏珠, Minzhu, female, None", "collected": "2003-06-01", "revised": "2013-1-16", "video": "Amis_Nr-frog_minzhu.mp3"}, "s_a_span": [247.16, 255.74], "file": "Amis_Ciwkangan/Amis_Nr-frog_minzhu", "num": 160}], [161, {"ori": [], "gloss": [["...", "", ""], ["ta", "then", "之後"], ["pa-suwal-han=tu", "PA-tell-HAN.PF=PFV", "PA-告訴-HAN.受焦=完成"], ["nira,\\", "3SG.GEN", "3SG.屬格"]], "free": [], "s_end": false, "iu_a_span": [255.74, 257.36], "meta": {"topic": "Frog Story", "type": "Narrative", "language": "阿美語, Amis, Ciwkangan(台東縣長光社區)", "speaker": "嚴敏珠, Minzhu, female, None", "collected": "2003-06-01", "revised": "2013-1-16", "video": "Amis_Nr-frog_minzhu.mp3"}, "file": "Amis_Ciwkangan/Amis_Nr-frog_minzhu", "num": 161}], [162, {"ori": [], "gloss": [["..", "", ""], ["kiya", "that.NOM", "那個.主格"], ["alumanay", "many", "很多"], ["widang", "friend", "朋友"], ["mi-takula’", "AF-frog", "主焦-青蛙"], ["i,\\", "DM", "DM"]], "free": [], "s_end": false, "iu_a_span": [257.36, 259.13], "meta": {"topic": "Frog Story", "type": "Narrative", "language": "阿美語, Amis, Ciwkangan(台東縣長光社區)", "speaker": "嚴敏珠, Minzhu, female, None", "collected": "2003-06-01", "revised": "2013-1-16", "video": "Amis_Nr-frog_minzhu.mp3"}, "file": "Amis_Ciwkangan/Amis_Nr-frog_minzhu", "num": 162}], [163, {"ori": [], "gloss": [["...(0.8)", "", ""], ["mi-nukay=tu", "AF-return=PFV", "主焦-回家=完成"], ["kami==,\\", "1EPL.NOM", "1EPL.主格"]], "free": ["#e Then he told the frog’s friends, ‘We are going home.’", "#c 之後他告訴那些青蛙的朋友，「我們回家了。」"], "s_end": true, "iu_a_span": [259.13, 261.18], "meta": {"topic": "Frog Story", "type": "Narrative", "language": "阿美語, Amis, Ciwkangan(台東縣長光社區)", "speaker": "嚴敏珠, Minzhu, female, None", "collected": "2003-06-01", "revised": "2013-1-16", "video": "Amis_Nr-frog_minzhu.mp3"}, "s_a_span": [255.74, 261.18], "file": "Amis_Ciwkangan/Amis_Nr-frog_minzhu", "num": 163}], [164, {"ori": [], "gloss": [["...", "", ""], ["u==,\\", "CN", "CN"]], "free": [], "s_end": false, "iu_a_span": [261.18, 262.03], "meta": {"topic": "Frog Story", "type": "Narrative", "language": "阿美語, Amis, Ciwkangan(台東縣長光社區)", "speaker": "嚴敏珠, Minzhu, female, None", "collected": "2003-06-01", "revised": "2013-1-16", "video": "Amis_Nr-frog_minzhu.mp3"}, "file": "Amis_Ciwkangan/Amis_Nr-frog_minzhu", "num": 164}], [165, {"ori": [], "gloss": [["..", "", ""], ["widang", "friend", "朋友"], ["nu", "GEN", "屬格"], ["maku", "1SG.POSS", "1SG.所有格"], ["kura", "that.NOM", "那個.主格"], ["takula’,\\", "frog", "青蛙"]], "free": [], "s_end": false, "iu_a_span": [262.03, 263.54], "meta": {"topic": "Frog Story", "type": "Narrative", "language": "阿美語, Amis, Ciwkangan(台東縣長光社區)", "speaker": "嚴敏珠, Minzhu, female, None", "collected": "2003-06-01", "revised": "2013-1-16", "video": "Amis_Nr-frog_minzhu.mp3"}, "file": "Amis_Ciwkangan/Amis_Nr-frog_minzhu", "num": 165}], [166, {"ori": [], "gloss": [["..", "", ""], ["han", "say.so.PF", "如此說.受焦"], ["nira,\\", "3SG.GEN", "3SG.屬格"]], "free": ["#e ‘The frog is my friend,’ said he.", "#c 「這隻青蛙是我的朋友。」"], "s_end": true, "iu_a_span": [263.54, 263.93], "meta": {"topic": "Frog Story", "type": "Narrative", "language": "阿美語, Amis, Ciwkangan(台東縣長光社區)", "speaker": "嚴敏珠, Minzhu, female, None", "collected": "2003-06-01", "revised": "2013-1-16", "video": "Amis_Nr-frog_minzhu.mp3"}, "s_a_span": [261.18, 263.93], "file": "Amis_Ciwkangan/Amis_Nr-frog_minzhu", "num": 166}], [167, {"ori": [], "gloss": [["..", "", ""], ["sanga’ay=tu", "bless=PFV", "祝福=完成"], ["ku", "NOM", "主格"], ["namu==,\\", "2PL.POSS", "2PL.所有格"]], "free": [], "s_end": false, "iu_a_span": [263.93, 265.53], "meta": {"topic": "Frog Story", "type": "Narrative", "language": "阿美語, Amis, Ciwkangan(台東縣長光社區)", "speaker": "嚴敏珠, Minzhu, female, None", "collected": "2003-06-01", "revised": "2013-1-16", "video": "Amis_Nr-frog_minzhu.mp3"}, "file": "Amis_Ciwkangan/Amis_Nr-frog_minzhu", "num": 167}], [168, {"ori": [], "gloss": [["..", "", ""], ["han", "say.so.PF", "如此說.受焦"], ["nira", "3SG.GEN", "3SG.屬格"], ["a", "LNK", "連詞"], ["mi-licay", "AF-ask", "主焦-問"], ["kiya", "that.NOM", "那個.主格"], ["takula’,\\", "frog", "青蛙"]], "free": ["#e ‘Take care,’ he said to the frogs.", "#c 「你們多保重，」他跟那些青蛙說。"], "s_end": true, "iu_a_span": [265.53, 267.3], "meta": {"topic": "Frog Story", "type": "Narrative", "language": "阿美語, Amis, Ciwkangan(台東縣長光社區)", "speaker": "嚴敏珠, Minzhu, female, None", "collected": "2003-06-01", "revised": "2013-1-16", "video": "Amis_Nr-frog_minzhu.mp3"}, "s_a_span": [263.93, 267.3], "file": "Amis_Ciwkangan/Amis_Nr-frog_minzhu", "num": 168}], [169, {"ori": [], "gloss": [["...(0.9)", "", ""], ["liya==s", "leave", "離開"], ["sa=tu", "SA=PFV", "SA=完成"], ["cingra,\\", "3SG.NOM", "3SG.主格"]], "free": [], "s_end": false, "iu_a_span": [267.3, 269.44], "meta": {"topic": "Frog Story", "type": "Narrative", "language": "阿美語, Amis, Ciwkangan(台東縣長光社區)", "speaker": "嚴敏珠, Minzhu, female, None", "collected": "2003-06-01", "revised": "2013-1-16", "video": "Amis_Nr-frog_minzhu.mp3"}, "file": "Amis_Ciwkangan/Amis_Nr-frog_minzhu", "num": 169}], [170, {"ori": [], "gloss": [["..", "", ""], ["atu", "CONJ", "連接詞"], ["wacu", "dog", "狗"], ["ningra,\\", "3SG.POSS", "3SG.所有格"]], "free": [], "s_end": false, "iu_a_span": [269.44, 270.39], "meta": {"topic": "Frog Story", "type": "Narrative", "language": "阿美語, Amis, Ciwkangan(台東縣長光社區)", "speaker": "嚴敏珠, Minzhu, female, None", "collected": "2003-06-01", "revised": "2013-1-16", "video": "Amis_Nr-frog_minzhu.mp3"}, "file": "Amis_Ciwkangan/Amis_Nr-frog_minzhu", "num": 170}], [171, {"ori": [], "gloss": [["..", "", ""], ["atu", "CONJ", "連接詞"], ["tiya", "that.OBL", "那個.斜格"], ["takula’", "frog", "青蛙"], ["ta-tulu.\\", "Ca-three", "Ca重疊-三"]], "free": ["#e He, the dog, and the frog left.", "#c 他跟狗跟青蛙，三個就離開了。"], "s_end": true, "iu_a_span": [270.39, 271.82], "meta": {"topic": "Frog Story", "type": "Narrative", "language": "阿美語, Amis, Ciwkangan(台東縣長光社區)", "speaker": "嚴敏珠, Minzhu, female, None", "collected": "2003-06-01", "revised": "2013-1-16", "video": "Amis_Nr-frog_minzhu.mp3"}, "s_a_span": [267.3, 271.82], "file": "Amis_Ciwkangan/Amis_Nr-frog_minzhu", "num": 171}]], "meta": {"topic": "Frog Story", "type": "Narrative", "language": "阿美語, Amis, Ciwkangan(台東縣長光社區)", "speaker": "嚴敏珠, Minzhu, female, None", "collected": "2003-06-01", "revised": "2013-1-16", "video": "Amis_Nr-frog_minzhu.mp3"}}