{"glosses": [[1, {"ori": [], "gloss": [["u", "CN", "CN"], ["sa-suwal-en", "Ca-speak-PF", "Ca重疊-說-受焦"], ["aku,\\", "1SG.GEN", "1SG.屬格"]], "free": [], "s_end": false, "iu_a_span": [8.22, 9.47], "meta": {"topic": "Peanut", "type": "Narrative", "language": "阿美語, Amis, Ciwkangan (長光)", "speaker": "李金妹, Panay, female, 1949-12-28", "collected": "2003-04-04", "revised": "None", "video": "Amis_Nr-peanut_panay.mp3"}, "file": "Amis_Ciwkangan/Amis_Nr-peanut_panay", "num": 1}], [2, {"ori": [], "gloss": [["..", "", ""], ["tuninian", "this.OBL", "這個.斜格"], ["u==,\\", "CN", "CN"]], "free": [], "s_end": false, "iu_a_span": [9.47, 11.22], "meta": {"topic": "Peanut", "type": "Narrative", "language": "阿美語, Amis, Ciwkangan (長光)", "speaker": "李金妹, Panay, female, 1949-12-28", "collected": "2003-04-04", "revised": "None", "video": "Amis_Nr-peanut_panay.mp3"}, "file": "Amis_Ciwkangan/Amis_Nr-peanut_panay", "num": 2}], [3, {"ori": [], "gloss": [["...", "", ""], ["kudasing,\\", "peanut", "花生"]], "free": [], "s_end": false, "iu_a_span": [11.22, 12.55], "meta": {"topic": "Peanut", "type": "Narrative", "language": "阿美語, Amis, Ciwkangan (長光)", "speaker": "李金妹, Panay, female, 1949-12-28", "collected": "2003-04-04", "revised": "None", "video": "Amis_Nr-peanut_panay.mp3"}, "file": "Amis_Ciwkangan/Amis_Nr-peanut_panay", "num": 3}], [4, {"ori": [], "gloss": [["...", "", ""], ["sanay", "so-called", "所謂"], ["a==,\\", "LNK", "連詞"]], "free": [], "s_end": false, "iu_a_span": [12.55, 13.94], "meta": {"topic": "Peanut", "type": "Narrative", "language": "阿美語, Amis, Ciwkangan (長光)", "speaker": "李金妹, Panay, female, 1949-12-28", "collected": "2003-04-04", "revised": "None", "video": "Amis_Nr-peanut_panay.mp3"}, "file": "Amis_Ciwkangan/Amis_Nr-peanut_panay", "num": 4}], [5, {"ori": [], "gloss": [["..", "", ""], ["suwal.\\", "speech", "話"]], "free": ["#e I will talk about peanuts.", "#c 我要說的是有關花生的說法。"], "s_end": true, "iu_a_span": [13.94, 14.61], "meta": {"topic": "Peanut", "type": "Narrative", "language": "阿美語, Amis, Ciwkangan (長光)", "speaker": "李金妹, Panay, female, 1949-12-28", "collected": "2003-04-04", "revised": "None", "video": "Amis_Nr-peanut_panay.mp3"}, "s_a_span": [8.22, 14.61], "file": "Amis_Ciwkangan/Amis_Nr-peanut_panay", "num": 5}], [6, {"ori": [], "gloss": [["...(1.5)", "", ""], ["yo==,\\", "DM", "DM"]], "free": [], "s_end": false, "iu_a_span": [14.61, 17.03], "meta": {"topic": "Peanut", "type": "Narrative", "language": "阿美語, Amis, Ciwkangan (長光)", "speaker": "李金妹, Panay, female, 1949-12-28", "collected": "2003-04-04", "revised": "None", "video": "Amis_Nr-peanut_panay.mp3"}, "file": "Amis_Ciwkangan/Amis_Nr-peanut_panay", "num": 6}], [7, {"ori": [], "gloss": [["..", "", ""], ["ira", "EXIST", "存在"], ["ku,\\", "NOM", "主格"]], "free": [], "s_end": false, "iu_a_span": [17.03, 17.52], "meta": {"topic": "Peanut", "type": "Narrative", "language": "阿美語, Amis, Ciwkangan (長光)", "speaker": "李金妹, Panay, female, 1949-12-28", "collected": "2003-04-04", "revised": "None", "video": "Amis_Nr-peanut_panay.mp3"}, "file": "Amis_Ciwkangan/Amis_Nr-peanut_panay", "num": 7}], [8, {"ori": [], "gloss": [["..", "", ""], ["ccay", "one", "一"], ["a", "LNK", "連詞"], ["rumi’ad,\\", "day", "天"]], "free": [], "s_end": false, "iu_a_span": [17.52, 18.57], "meta": {"topic": "Peanut", "type": "Narrative", "language": "阿美語, Amis, Ciwkangan (長光)", "speaker": "李金妹, Panay, female, 1949-12-28", "collected": "2003-04-04", "revised": "None", "video": "Amis_Nr-peanut_panay.mp3"}, "file": "Amis_Ciwkangan/Amis_Nr-peanut_panay", "num": 8}], [9, {"ori": [], "gloss": [["..", "", ""], ["ira", "EXIST", "存在"], ["ku==,\\", "NOM", "主格"]], "free": [], "s_end": false, "iu_a_span": [18.57, 19.36], "meta": {"topic": "Peanut", "type": "Narrative", "language": "阿美語, Amis, Ciwkangan (長光)", "speaker": "李金妹, Panay, female, 1949-12-28", "collected": "2003-04-04", "revised": "None", "video": "Amis_Nr-peanut_panay.mp3"}, "file": "Amis_Ciwkangan/Amis_Nr-peanut_panay", "num": 9}], [10, {"ori": [], "gloss": [["..", "", ""], ["ta-tusa-ay", "Ca-two-AY", "Ca重疊-二-AY"], ["mala-ramud-ay", "become-couple-AY", "成為-伴侶-AY"], ["a==,\\", "LNK", "連詞"]], "free": [], "s_end": false, "iu_a_span": [19.36, 21.64], "meta": {"topic": "Peanut", "type": "Narrative", "language": "阿美語, Amis, Ciwkangan (長光)", "speaker": "李金妹, Panay, female, 1949-12-28", "collected": "2003-04-04", "revised": "None", "video": "Amis_Nr-peanut_panay.mp3"}, "file": "Amis_Ciwkangan/Amis_Nr-peanut_panay", "num": 10}], [11, {"ori": [], "gloss": [["...", "", ""], ["ma-tu’as-ay=tu,\\", "AF-old-AY=PFV", "主焦-老-AY=完成"]], "free": ["#e One day, there was a couple. (They) were old.", "#c 有一天，有兩夫婦，年紀很大了。"], "s_end": true, "iu_a_span": [21.64, 23.22], "meta": {"topic": "Peanut", "type": "Narrative", "language": "阿美語, Amis, Ciwkangan (長光)", "speaker": "李金妹, Panay, female, 1949-12-28", "collected": "2003-04-04", "revised": "None", "video": "Amis_Nr-peanut_panay.mp3"}, "s_a_span": [14.61, 23.22], "file": "Amis_Ciwkangan/Amis_Nr-peanut_panay", "num": 11}], [12, {"ori": [], "gloss": [["...", "", ""], ["tayni", "AF.come", "主焦.來"], ["i==,\\", "LOC", "處格"]], "free": [], "s_end": false, "iu_a_span": [23.22, 24.7], "meta": {"topic": "Peanut", "type": "Narrative", "language": "阿美語, Amis, Ciwkangan (長光)", "speaker": "李金妹, Panay, female, 1949-12-28", "collected": "2003-04-04", "revised": "None", "video": "Amis_Nr-peanut_panay.mp3"}, "file": "Amis_Ciwkangan/Amis_Nr-peanut_panay", "num": 12}], [13, {"ori": [], "gloss": [["..", "", ""], ["lutuk,\\", "mountain", "山"]], "free": [], "s_end": false, "iu_a_span": [24.7, 25.14], "meta": {"topic": "Peanut", "type": "Narrative", "language": "阿美語, Amis, Ciwkangan (長光)", "speaker": "李金妹, Panay, female, 1949-12-28", "collected": "2003-04-04", "revised": "None", "video": "Amis_Nr-peanut_panay.mp3"}, "file": "Amis_Ciwkangan/Amis_Nr-peanut_panay", "num": 13}], [14, {"ori": [], "gloss": [["..", "", ""], ["i==,\\", "LOC", "處格"]], "free": [], "s_end": false, "iu_a_span": [25.14, 26.0], "meta": {"topic": "Peanut", "type": "Narrative", "language": "阿美語, Amis, Ciwkangan (長光)", "speaker": "李金妹, Panay, female, 1949-12-28", "collected": "2003-04-04", "revised": "None", "video": "Amis_Nr-peanut_panay.mp3"}, "file": "Amis_Ciwkangan/Amis_Nr-peanut_panay", "num": 14}], [15, {"ori": [], "gloss": [["..", "", ""], ["pala’", "field", "田"], ["a", "LNK", "連詞"], ["mi==-,\\", "AF-", "主焦-"]], "free": [], "s_end": false, "iu_a_span": [26.0, 27.16], "meta": {"topic": "Peanut", "type": "Narrative", "language": "阿美語, Amis, Ciwkangan (長光)", "speaker": "李金妹, Panay, female, 1949-12-28", "collected": "2003-04-04", "revised": "None", "video": "Amis_Nr-peanut_panay.mp3"}, "file": "Amis_Ciwkangan/Amis_Nr-peanut_panay", "num": 15}], [16, {"ori": [], "gloss": [["...", "", ""], ["pitau", "hoe", "鋤"], ["tu==,\\", "OBL", "斜格"]], "free": [], "s_end": false, "iu_a_span": [27.16, 28.95], "meta": {"topic": "Peanut", "type": "Narrative", "language": "阿美語, Amis, Ciwkangan (長光)", "speaker": "李金妹, Panay, female, 1949-12-28", "collected": "2003-04-04", "revised": "None", "video": "Amis_Nr-peanut_panay.mp3"}, "file": "Amis_Ciwkangan/Amis_Nr-peanut_panay", "num": 16}], [17, {"ori": [], "gloss": [["..", "", ""], ["pala’,\\", "field", "田"]], "free": [], "s_end": false, "iu_a_span": [28.95, 29.49], "meta": {"topic": "Peanut", "type": "Narrative", "language": "阿美語, Amis, Ciwkangan (長光)", "speaker": "李金妹, Panay, female, 1949-12-28", "collected": "2003-04-04", "revised": "None", "video": "Amis_Nr-peanut_panay.mp3"}, "file": "Amis_Ciwkangan/Amis_Nr-peanut_panay", "num": 17}], [18, {"ori": [], "gloss": [["...", "", ""], ["pa-luma’,\\", "CAU-house", "使役-房子"]], "free": [], "s_end": false, "iu_a_span": [29.49, 30.68], "meta": {"topic": "Peanut", "type": "Narrative", "language": "阿美語, Amis, Ciwkangan (長光)", "speaker": "李金妹, Panay, female, 1949-12-28", "collected": "2003-04-04", "revised": "None", "video": "Amis_Nr-peanut_panay.mp3"}, "file": "Amis_Ciwkangan/Amis_Nr-peanut_panay", "num": 18}], [19, {"ori": [], "gloss": [["..", "", ""], ["tunini", "this.OBL", "這個.斜格"], ["u==,\\", "CN", "CN"]], "free": [], "s_end": false, "iu_a_span": [30.68, 32.02], "meta": {"topic": "Peanut", "type": "Narrative", "language": "阿美語, Amis, Ciwkangan (長光)", "speaker": "李金妹, Panay, female, 1949-12-28", "collected": "2003-04-04", "revised": "None", "video": "Amis_Nr-peanut_panay.mp3"}, "file": "Amis_Ciwkangan/Amis_Nr-peanut_panay", "num": 19}], [20, {"ori": [], "gloss": [["...", "", ""], ["kudasing.\\", "peanut", "花生"]], "free": ["#e (They) came to the field in the mountain to till the field to grow peanuts.", "#c （他們）來到山上的田裡耕種來種植花生。"], "s_end": true, "iu_a_span": [32.02, 33.51], "meta": {"topic": "Peanut", "type": "Narrative", "language": "阿美語, Amis, Ciwkangan (長光)", "speaker": "李金妹, Panay, female, 1949-12-28", "collected": "2003-04-04", "revised": "None", "video": "Amis_Nr-peanut_panay.mp3"}, "s_a_span": [23.22, 33.51], "file": "Amis_Ciwkangan/Amis_Nr-peanut_panay", "num": 20}], [21, {"ori": [], "gloss": [["..", "", ""], ["ca’", "NEG", "否定"], ["ka-fana’,\\", "KA-know", "KA-知道"]], "free": [], "s_end": false, "iu_a_span": [33.51, 34.31], "meta": {"topic": "Peanut", "type": "Narrative", "language": "阿美語, Amis, Ciwkangan (長光)", "speaker": "李金妹, Panay, female, 1949-12-28", "collected": "2003-04-04", "revised": "None", "video": "Amis_Nr-peanut_panay.mp3"}, "file": "Amis_Ciwkangan/Amis_Nr-peanut_panay", "num": 21}], [22, {"ori": [], "gloss": [["..", "", ""], ["tu", "OBL", "斜格"], ["nika", "NIKA", "NIKA"], ["u", "CN", "CN"], ["kudasing,\\", "peanut", "花生"]], "free": [], "s_end": false, "iu_a_span": [34.31, 35.49], "meta": {"topic": "Peanut", "type": "Narrative", "language": "阿美語, Amis, Ciwkangan (長光)", "speaker": "李金妹, Panay, female, 1949-12-28", "collected": "2003-04-04", "revised": "None", "video": "Amis_Nr-peanut_panay.mp3"}, "file": "Amis_Ciwkangan/Amis_Nr-peanut_panay", "num": 22}], [23, {"ori": [], "gloss": [["..", "", ""], ["ku", "NOM", "主格"], ["ngangan", "name", "名字"], ["nura,\\", "that", "那個"]], "free": [], "s_end": false, "iu_a_span": [35.49, 36.42], "meta": {"topic": "Peanut", "type": "Narrative", "language": "阿美語, Amis, Ciwkangan (長光)", "speaker": "李金妹, Panay, female, 1949-12-28", "collected": "2003-04-04", "revised": "None", "video": "Amis_Nr-peanut_panay.mp3"}, "file": "Amis_Ciwkangan/Amis_Nr-peanut_panay", "num": 23}], [24, {"ori": [], "gloss": [["..", "", ""], ["pa-pa-luma’-an", "Ca-CAU-house-LF", "Ca重疊-使役-房子-處焦"], ["nira.\\", "this.GEN", "這個.屬格"]], "free": ["#e (They) didn’t know ‘kudasing’ was the name of what they were growing.", "#c 他們不知道所要種的東西的名字叫花生。"], "s_end": true, "iu_a_span": [36.42, 37.65], "meta": {"topic": "Peanut", "type": "Narrative", "language": "阿美語, Amis, Ciwkangan (長光)", "speaker": "李金妹, Panay, female, 1949-12-28", "collected": "2003-04-04", "revised": "None", "video": "Amis_Nr-peanut_panay.mp3"}, "s_a_span": [33.51, 37.65], "file": "Amis_Ciwkangan/Amis_Nr-peanut_panay", "num": 24}], [25, {"ori": [], "gloss": [["...", "", ""], ["ya", "that", "那個"], ["matira==,\\", "that.way", "那樣"]], "free": [], "s_end": false, "iu_a_span": [37.65, 39.04], "meta": {"topic": "Peanut", "type": "Narrative", "language": "阿美語, Amis, Ciwkangan (長光)", "speaker": "李金妹, Panay, female, 1949-12-28", "collected": "2003-04-04", "revised": "None", "video": "Amis_Nr-peanut_panay.mp3"}, "file": "Amis_Ciwkangan/Amis_Nr-peanut_panay", "num": 25}], [26, {"ori": [], "gloss": [["..", "", ""], ["cangra", "3PL.NOM", "3PL.主格"], ["mi-pitau,\\", "AF-hoe", "主焦-鋤"]], "free": [], "s_end": false, "iu_a_span": [39.04, 39.92], "meta": {"topic": "Peanut", "type": "Narrative", "language": "阿美語, Amis, Ciwkangan (長光)", "speaker": "李金妹, Panay, female, 1949-12-28", "collected": "2003-04-04", "revised": "None", "video": "Amis_Nr-peanut_panay.mp3"}, "file": "Amis_Ciwkangan/Amis_Nr-peanut_panay", "num": 26}], [27, {"ori": [], "gloss": [["..", "", ""], ["mi==-,\\", "AF-", "主焦-"]], "free": [], "s_end": false, "iu_a_span": [39.92, 40.43], "meta": {"topic": "Peanut", "type": "Narrative", "language": "阿美語, Amis, Ciwkangan (長光)", "speaker": "李金妹, Panay, female, 1949-12-28", "collected": "2003-04-04", "revised": "None", "video": "Amis_Nr-peanut_panay.mp3"}, "file": "Amis_Ciwkangan/Amis_Nr-peanut_panay", "num": 27}], [28, {"ori": [], "gloss": [["..", "", ""], ["pa-luma’,\\", "CAU-house", "使役-房子"]], "free": [], "s_end": false, "iu_a_span": [40.43, 41.15], "meta": {"topic": "Peanut", "type": "Narrative", "language": "阿美語, Amis, Ciwkangan (長光)", "speaker": "李金妹, Panay, female, 1949-12-28", "collected": "2003-04-04", "revised": "None", "video": "Amis_Nr-peanut_panay.mp3"}, "file": "Amis_Ciwkangan/Amis_Nr-peanut_panay", "num": 28}], [29, {"ori": [], "gloss": [["...(1.1)", "", ""], ["ira", "EXIST", "存在"], ["mi==-,\\", "AF-", "主焦-"]], "free": [], "s_end": false, "iu_a_span": [41.15, 43.58], "meta": {"topic": "Peanut", "type": "Narrative", "language": "阿美語, Amis, Ciwkangan (長光)", "speaker": "李金妹, Panay, female, 1949-12-28", "collected": "2003-04-04", "revised": "None", "video": "Amis_Nr-peanut_panay.mp3"}, "file": "Amis_Ciwkangan/Amis_Nr-peanut_panay", "num": 29}], [30, {"ori": [], "gloss": [["..", "", ""], ["tafesiw,\\", "pass", "經過"]], "free": [], "s_end": false, "iu_a_span": [43.58, 44.1], "meta": {"topic": "Peanut", "type": "Narrative", "language": "阿美語, Amis, Ciwkangan (長光)", "speaker": "李金妹, Panay, female, 1949-12-28", "collected": "2003-04-04", "revised": "None", "video": "Amis_Nr-peanut_panay.mp3"}, "file": "Amis_Ciwkangan/Amis_Nr-peanut_panay", "num": 30}], [31, {"ori": [], "gloss": [["..", "", ""], ["ku", "NOM", "主格"], ["ccay,\\", "one", "一"]], "free": [], "s_end": false, "iu_a_span": [44.1, 44.84], "meta": {"topic": "Peanut", "type": "Narrative", "language": "阿美語, Amis, Ciwkangan (長光)", "speaker": "李金妹, Panay, female, 1949-12-28", "collected": "2003-04-04", "revised": "None", "video": "Amis_Nr-peanut_panay.mp3"}, "file": "Amis_Ciwkangan/Amis_Nr-peanut_panay", "num": 31}], [32, {"ori": [], "gloss": [["..", "", ""], ["u", "CN", "CN"], ["taywan=itu.\\", "Taiwanese=PFV", "台灣人=完成"]], "free": ["#e (When) they were hoeing, a Taiwanese passed by.", "#c （當）他們用鋤頭在種植的時候，有一個閩南人經過。"], "s_end": true, "iu_a_span": [44.84, 46.33], "meta": {"topic": "Peanut", "type": "Narrative", "language": "阿美語, Amis, Ciwkangan (長光)", "speaker": "李金妹, Panay, female, 1949-12-28", "collected": "2003-04-04", "revised": "None", "video": "Amis_Nr-peanut_panay.mp3"}, "s_a_span": [37.65, 46.33], "file": "Amis_Ciwkangan/Amis_Nr-peanut_panay", "num": 32}], [33, {"ori": [], "gloss": [["...(1.0)", "", ""], ["watah,\\", "INT", "感嘆"]], "free": [], "s_end": false, "iu_a_span": [46.33, 48.09], "meta": {"topic": "Peanut", "type": "Narrative", "language": "阿美語, Amis, Ciwkangan (長光)", "speaker": "李金妹, Panay, female, 1949-12-28", "collected": "2003-04-04", "revised": "None", "video": "Amis_Nr-peanut_panay.mp3"}, "file": "Amis_Ciwkangan/Amis_Nr-peanut_panay", "num": 33}], [34, {"ori": [], "gloss": [["...", "", ""], ["kura", "that.NOM", "那個.主格"], ["ma-tu’as-ay", "AF-old-AY", "主焦-老-AY"], ["sa", "SA", "SA"], ["kura==,\\", "that.NOM", "那個.主格"]], "free": [], "s_end": false, "iu_a_span": [48.09, 49.95], "meta": {"topic": "Peanut", "type": "Narrative", "language": "阿美語, Amis, Ciwkangan (長光)", "speaker": "李金妹, Panay, female, 1949-12-28", "collected": "2003-04-04", "revised": "None", "video": "Amis_Nr-peanut_panay.mp3"}, "file": "Amis_Ciwkangan/Amis_Nr-peanut_panay", "num": 34}], [35, {"ori": [], "gloss": [["..", "", ""], ["taywan", "Taiwanese", "台灣人"], ["a", "LNK", "連詞"], ["mi-nengneng", "AF-see", "主焦-看"], ["tu", "OBL", "斜格"], ["nika==,\\", "NIKA", "NIKA"]], "free": [], "s_end": false, "iu_a_span": [49.95, 51.63], "meta": {"topic": "Peanut", "type": "Narrative", "language": "阿美語, Amis, Ciwkangan (長光)", "speaker": "李金妹, Panay, female, 1949-12-28", "collected": "2003-04-04", "revised": "None", "video": "Amis_Nr-peanut_panay.mp3"}, "file": "Amis_Ciwkangan/Amis_Nr-peanut_panay", "num": 35}], [36, {"ori": [], "gloss": [["..", "", ""], ["sa-inaneng", "SA-competent", "SA-能幹"], ["sa", "SA", "SA"], ["kuya,\\", "that.NOM", "那個.主格"]], "free": [], "s_end": false, "iu_a_span": [51.63, 52.92], "meta": {"topic": "Peanut", "type": "Narrative", "language": "阿美語, Amis, Ciwkangan (長光)", "speaker": "李金妹, Panay, female, 1949-12-28", "collected": "2003-04-04", "revised": "None", "video": "Amis_Nr-peanut_panay.mp3"}, "file": "Amis_Ciwkangan/Amis_Nr-peanut_panay", "num": 36}], [37, {"ori": [], "gloss": [["..", "", ""], ["ma-tu’as-ay", "AF-old-AY", "主焦-老-AY"], ["a", "LNK", "連詞"], ["ta-tusa,\\", "Ca-two", "Ca重疊-二"]], "free": [], "s_end": false, "iu_a_span": [52.92, 54.07], "meta": {"topic": "Peanut", "type": "Narrative", "language": "阿美語, Amis, Ciwkangan (長光)", "speaker": "李金妹, Panay, female, 1949-12-28", "collected": "2003-04-04", "revised": "None", "video": "Amis_Nr-peanut_panay.mp3"}, "file": "Amis_Ciwkangan/Amis_Nr-peanut_panay", "num": 37}], [38, {"ori": [], "gloss": [["..", "", ""], ["mi-pitau,\\", "AF-hoe", "主焦-鋤"]], "free": [], "s_end": false, "iu_a_span": [54.07, 54.96], "meta": {"topic": "Peanut", "type": "Narrative", "language": "阿美語, Amis, Ciwkangan (長光)", "speaker": "李金妹, Panay, female, 1949-12-28", "collected": "2003-04-04", "revised": "None", "video": "Amis_Nr-peanut_panay.mp3"}, "file": "Amis_Ciwkangan/Amis_Nr-peanut_panay", "num": 38}], [39, {"ori": [], "gloss": [["...", "", ""], ["pa-luma’", "CAU-house", "使役-房子"], ["tuya==,\\", "that.OBL", "那個.斜格"]], "free": [], "s_end": false, "iu_a_span": [54.96, 56.79], "meta": {"topic": "Peanut", "type": "Narrative", "language": "阿美語, Amis, Ciwkangan (長光)", "speaker": "李金妹, Panay, female, 1949-12-28", "collected": "2003-04-04", "revised": "None", "video": "Amis_Nr-peanut_panay.mp3"}, "file": "Amis_Ciwkangan/Amis_Nr-peanut_panay", "num": 39}], [40, {"ori": [], "gloss": [["...", "", ""], ["kudasing", "peanut", "花生"], ["sa.\\", "SA", "SA"]], "free": ["#e ‘Wow, the old people!’ The Taiwanese saw the old couple work hard to grow peanuts.", "#c 「哇塞，這些老人家！」 那個台灣人看到這二位老人家如此能幹的（用鋤頭）種植花生。"], "s_end": true, "iu_a_span": [56.79, 58.23], "meta": {"topic": "Peanut", "type": "Narrative", "language": "阿美語, Amis, Ciwkangan (長光)", "speaker": "李金妹, Panay, female, 1949-12-28", "collected": "2003-04-04", "revised": "None", "video": "Amis_Nr-peanut_panay.mp3"}, "s_a_span": [46.33, 58.23], "file": "Amis_Ciwkangan/Amis_Nr-peanut_panay", "num": 40}], [41, {"ori": [], "gloss": [["...(1.2)", "", ""], ["<L2TkakulacingL2T>", "hardworking", "辛勤"], ["sa", "SA", "SA"], ["kuya==,\\", "that.NOM", "那個.主格"]], "free": [], "s_end": false, "iu_a_span": [58.23, 61.14], "meta": {"topic": "Peanut", "type": "Narrative", "language": "阿美語, Amis, Ciwkangan (長光)", "speaker": "李金妹, Panay, female, 1949-12-28", "collected": "2003-04-04", "revised": "None", "video": "Amis_Nr-peanut_panay.mp3"}, "file": "Amis_Ciwkangan/Amis_Nr-peanut_panay", "num": 41}], [42, {"ori": [], "gloss": [["..", "", ""], ["taywan", "Taiwanese", "台灣人"], ["haw.\\", "INT", "感嘆"]], "free": ["#e The Taiwanese (exclaimed), ‘How hardworking!’", "#c 那閩南人說「ka kulacing（還蠻努力的）」"], "s_end": true, "iu_a_span": [61.14, 61.88], "meta": {"topic": "Peanut", "type": "Narrative", "language": "阿美語, Amis, Ciwkangan (長光)", "speaker": "李金妹, Panay, female, 1949-12-28", "collected": "2003-04-04", "revised": "None", "video": "Amis_Nr-peanut_panay.mp3"}, "s_a_span": [58.23, 61.88], "file": "Amis_Ciwkangan/Amis_Nr-peanut_panay", "num": 42}], [43, {"ori": [], "gloss": [["..", "", ""], ["a", "LNK", "連詞"], ["u==,\\", "CN", "CN"]], "free": [], "s_end": false, "iu_a_span": [61.88, 62.55], "meta": {"topic": "Peanut", "type": "Narrative", "language": "阿美語, Amis, Ciwkangan (長光)", "speaker": "李金妹, Panay, female, 1949-12-28", "collected": "2003-04-04", "revised": "None", "video": "Amis_Nr-peanut_panay.mp3"}, "file": "Amis_Ciwkangan/Amis_Nr-peanut_panay", "num": 43}], [44, {"ori": [], "gloss": [["..", "", ""], ["kudasing", "peanut", "花生"], ["ku==,\\", "NOM", "主格"]], "free": [], "s_end": false, "iu_a_span": [62.55, 63.66], "meta": {"topic": "Peanut", "type": "Narrative", "language": "阿美語, Amis, Ciwkangan (長光)", "speaker": "李金妹, Panay, female, 1949-12-28", "collected": "2003-04-04", "revised": "None", "video": "Amis_Nr-peanut_panay.mp3"}, "file": "Amis_Ciwkangan/Amis_Nr-peanut_panay", "num": 44}], [45, {"ori": [], "gloss": [["..", "", ""], ["kuninian,\\", "this.NOM", "這個.主格"]], "free": [], "s_end": false, "iu_a_span": [63.66, 64.24], "meta": {"topic": "Peanut", "type": "Narrative", "language": "阿美語, Amis, Ciwkangan (長光)", "speaker": "李金妹, Panay, female, 1949-12-28", "collected": "2003-04-04", "revised": "None", "video": "Amis_Nr-peanut_panay.mp3"}, "file": "Amis_Ciwkangan/Amis_Nr-peanut_panay", "num": 45}], [46, {"ori": [], "gloss": [["..", "", ""], ["sa=tu", "SA=PFV", "SA=完成"], ["kuya==,\\", "that.NOM", "那個.主格"]], "free": [], "s_end": false, "iu_a_span": [64.24, 65.43], "meta": {"topic": "Peanut", "type": "Narrative", "language": "阿美語, Amis, Ciwkangan (長光)", "speaker": "李金妹, Panay, female, 1949-12-28", "collected": "2003-04-04", "revised": "None", "video": "Amis_Nr-peanut_panay.mp3"}, "file": "Amis_Ciwkangan/Amis_Nr-peanut_panay", "num": 46}], [47, {"ori": [], "gloss": [["..", "", ""], ["ma-tu’as-ay", "AF-old-AY", "主焦-老-AY"], ["a", "LNK", "連詞"], ["ta-tusa", "Ca-two", "Ca重疊-二"], ["sa,\\", "SA", "SA"]], "free": [], "s_end": false, "iu_a_span": [65.43, 66.99], "meta": {"topic": "Peanut", "type": "Narrative", "language": "阿美語, Amis, Ciwkangan (長光)", "speaker": "李金妹, Panay, female, 1949-12-28", "collected": "2003-04-04", "revised": "None", "video": "Amis_Nr-peanut_panay.mp3"}, "file": "Amis_Ciwkangan/Amis_Nr-peanut_panay", "num": 47}], [48, {"ori": [], "gloss": [["..", "", ""], ["u", "CN", "CN"], ["kudasing,\\", "peanut", "花生"]], "free": ["#e The old couple (thought), ‘Ah, (this is called) Kudasing.’", "#c 那兩位老人家想「喔，原來這叫kudasing喔」。"], "s_end": true, "iu_a_span": [66.99, 67.91], "meta": {"topic": "Peanut", "type": "Narrative", "language": "阿美語, Amis, Ciwkangan (長光)", "speaker": "李金妹, Panay, female, 1949-12-28", "collected": "2003-04-04", "revised": "None", "video": "Amis_Nr-peanut_panay.mp3"}, "s_a_span": [61.88, 67.91], "file": "Amis_Ciwkangan/Amis_Nr-peanut_panay", "num": 48}], [49, {"ori": [], "gloss": [["..", "", ""], ["han=tu", "say.so.PF=PFV", "如此說.受焦=完成"], ["ku", "NOM", "主格"], ["ngangan", "name", "名字"], ["nura==,\\", "that.GEN", "那個.屬格"]], "free": [], "s_end": false, "iu_a_span": [67.91, 69.49], "meta": {"topic": "Peanut", "type": "Narrative", "language": "阿美語, Amis, Ciwkangan (長光)", "speaker": "李金妹, Panay, female, 1949-12-28", "collected": "2003-04-04", "revised": "None", "video": "Amis_Nr-peanut_panay.mp3"}, "file": "Amis_Ciwkangan/Amis_Nr-peanut_panay", "num": 49}], [50, {"ori": [], "gloss": [["..", "", ""], ["kudasing.\\", "peanut", "花生"]], "free": ["#e Peanuts were thus called ‘Kudasing’.", "#c 花生的名字從此就說成kudasing了。"], "s_end": true, "iu_a_span": [69.49, 70.21], "meta": {"topic": "Peanut", "type": "Narrative", "language": "阿美語, Amis, Ciwkangan (長光)", "speaker": "李金妹, Panay, female, 1949-12-28", "collected": "2003-04-04", "revised": "None", "video": "Amis_Nr-peanut_panay.mp3"}, "s_a_span": [67.91, 70.21], "file": "Amis_Ciwkangan/Amis_Nr-peanut_panay", "num": 50}], [51, {"ori": [], "gloss": [["...(0.7)", "", ""], ["<L2TkulacingL2T>", "hardworking", "辛勤"], ["sa", "SA", "SA"], ["ku", "NOM", "主格"], ["taywan", "Taiwanese", "台灣話"], ["haw,\\", "INT", "感嘆"]], "free": [], "s_end": false, "iu_a_span": [70.21, 72.64], "meta": {"topic": "Peanut", "type": "Narrative", "language": "阿美語, Amis, Ciwkangan (長光)", "speaker": "李金妹, Panay, female, 1949-12-28", "collected": "2003-04-04", "revised": "None", "video": "Amis_Nr-peanut_panay.mp3"}, "file": "Amis_Ciwkangan/Amis_Nr-peanut_panay", "num": 51}], [52, {"ori": [], "gloss": [["..", "", ""], ["u", "CN", "CN"], ["<L2TkulacingTL2>,\\", "hardworking", "辛勤"]], "free": [], "s_end": false, "iu_a_span": [72.64, 73.58], "meta": {"topic": "Peanut", "type": "Narrative", "language": "阿美語, Amis, Ciwkangan (長光)", "speaker": "李金妹, Panay, female, 1949-12-28", "collected": "2003-04-04", "revised": "None", "video": "Amis_Nr-peanut_panay.mp3"}, "file": "Amis_Ciwkangan/Amis_Nr-peanut_panay", "num": 52}], [53, {"ori": [], "gloss": [["..", "", ""], ["han", "say.so.PF", "如此說.受焦"], ["nu", "GEN", "屬格"], ["kudasing,\\", "peanut", "花生"]], "free": [], "s_end": false, "iu_a_span": [73.58, 74.46], "meta": {"topic": "Peanut", "type": "Narrative", "language": "阿美語, Amis, Ciwkangan (長光)", "speaker": "李金妹, Panay, female, 1949-12-28", "collected": "2003-04-04", "revised": "None", "video": "Amis_Nr-peanut_panay.mp3"}, "file": "Amis_Ciwkangan/Amis_Nr-peanut_panay", "num": 53}], [54, {"ori": [], "gloss": [["..", "", ""], ["han=tu", "say.so.PF=PFV", "如此說.受焦=完成"], ["ita", "1IPL.GEN", "1IPL.屬格"], ["u", "CN", "CN"], ["pangcah.\\", "Amis", "阿美族"]], "free": [], "s_end": false, "iu_a_span": [74.46, 75.65], "meta": {"topic": "Peanut", "type": "Narrative", "language": "阿美語, Amis, Ciwkangan (長光)", "speaker": "李金妹, Panay, female, 1949-12-28", "collected": "2003-04-04", "revised": "None", "video": "Amis_Nr-peanut_panay.mp3"}, "file": "Amis_Ciwkangan/Amis_Nr-peanut_panay", "num": 54}], [55, {"ori": [], "gloss": [["..", "", ""], ["mi-sa-Amis-ay", "AF-make-Amis-AY", "主焦-做-阿美-AY"], ["kunini", "this.NOM", "這個.主格"], ["u", "CN", "CN"], ["kudasing.\\", "peanut", "花生"]], "free": ["#e ‘Kulacing’ in Taiwanese became the name of peanuts in Amis, ‘kudasing’.", "#c 台灣人的「很努力(kulacing)」就變成了我們阿美族的花生名稱kudasing。"], "s_end": true, "iu_a_span": [75.65, 78.01], "meta": {"topic": "Peanut", "type": "Narrative", "language": "阿美語, Amis, Ciwkangan (長光)", "speaker": "李金妹, Panay, female, 1949-12-28", "collected": "2003-04-04", "revised": "None", "video": "Amis_Nr-peanut_panay.mp3"}, "s_a_span": [70.21, 78.01], "file": "Amis_Ciwkangan/Amis_Nr-peanut_panay", "num": 55}], [56, {"ori": [], "gloss": [["...", "", ""], ["sanay", "so.called", "所謂"], ["ku==,\\", "NOM", "主格"]], "free": [], "s_end": false, "iu_a_span": [78.01, 79.15], "meta": {"topic": "Peanut", "type": "Narrative", "language": "阿美語, Amis, Ciwkangan (長光)", "speaker": "李金妹, Panay, female, 1949-12-28", "collected": "2003-04-04", "revised": "None", "video": "Amis_Nr-peanut_panay.mp3"}, "file": "Amis_Ciwkangan/Amis_Nr-peanut_panay", "num": 56}], [57, {"ori": [], "gloss": [["..", "", ""], ["suwal", "speech", "話"], ["a==,\\", "LNK", "連詞"]], "free": [], "s_end": false, "iu_a_span": [79.15, 79.98], "meta": {"topic": "Peanut", "type": "Narrative", "language": "阿美語, Amis, Ciwkangan (長光)", "speaker": "李金妹, Panay, female, 1949-12-28", "collected": "2003-04-04", "revised": "None", "video": "Amis_Nr-peanut_panay.mp3"}, "file": "Amis_Ciwkangan/Amis_Nr-peanut_panay", "num": 57}], [58, {"ori": [], "gloss": [["..", "", ""], ["ma-tengil,\\", "AF-hear", "主焦-聽"]], "free": [], "s_end": false, "iu_a_span": [79.98, 80.68], "meta": {"topic": "Peanut", "type": "Narrative", "language": "阿美語, Amis, Ciwkangan (長光)", "speaker": "李金妹, Panay, female, 1949-12-28", "collected": "2003-04-04", "revised": "None", "video": "Amis_Nr-peanut_panay.mp3"}, "file": "Amis_Ciwkangan/Amis_Nr-peanut_panay", "num": 58}], [59, {"ori": [], "gloss": [["...", "", ""], ["hatira-ay,\\", "that.way-AY", "那樣-AY"]], "free": ["#e This is what I heard.", "#c 聽到的是如此。"], "s_end": true, "iu_a_span": [80.68, 81.5], "meta": {"topic": "Peanut", "type": "Narrative", "language": "阿美語, Amis, Ciwkangan (長光)", "speaker": "李金妹, Panay, female, 1949-12-28", "collected": "2003-04-04", "revised": "None", "video": "Amis_Nr-peanut_panay.mp3"}, "s_a_span": [78.01, 81.5], "file": "Amis_Ciwkangan/Amis_Nr-peanut_panay", "num": 59}], [60, {"ori": [], "gloss": [["..", "", ""], ["kunini", "this.NOM", "這個.主格"], ["u", "CN", "CN"], ["rayray", "pass.down", "傳承"], ["nu==,\\", "GEN", "屬格"]], "free": [], "s_end": false, "iu_a_span": [81.5, 82.91], "meta": {"topic": "Peanut", "type": "Narrative", "language": "阿美語, Amis, Ciwkangan (長光)", "speaker": "李金妹, Panay, female, 1949-12-28", "collected": "2003-04-04", "revised": "None", "video": "Amis_Nr-peanut_panay.mp3"}, "file": "Amis_Ciwkangan/Amis_Nr-peanut_panay", "num": 60}], [61, {"ori": [], "gloss": [["..", "", ""], ["sa-ka-ira", "IF-KA-EXIST", "工焦-KA-存在"], ["nu==,\\", "GEN", "屬格"]], "free": [], "s_end": false, "iu_a_span": [82.91, 83.95], "meta": {"topic": "Peanut", "type": "Narrative", "language": "阿美語, Amis, Ciwkangan (長光)", "speaker": "李金妹, Panay, female, 1949-12-28", "collected": "2003-04-04", "revised": "None", "video": "Amis_Nr-peanut_panay.mp3"}, "file": "Amis_Ciwkangan/Amis_Nr-peanut_panay", "num": 61}], [62, {"ori": [], "gloss": [["..", "", ""], ["kudasing,\\", "peanut", "花生"]], "free": [], "s_end": false, "iu_a_span": [83.95, 84.85], "meta": {"topic": "Peanut", "type": "Narrative", "language": "阿美語, Amis, Ciwkangan (長光)", "speaker": "李金妹, Panay, female, 1949-12-28", "collected": "2003-04-04", "revised": "None", "video": "Amis_Nr-peanut_panay.mp3"}, "file": "Amis_Ciwkangan/Amis_Nr-peanut_panay", "num": 62}], [63, {"ori": [], "gloss": [["..", "", ""], ["sanay", "so.called", "所謂"], ["a==,\\", "LNK", "連詞"]], "free": [], "s_end": false, "iu_a_span": [84.85, 85.68], "meta": {"topic": "Peanut", "type": "Narrative", "language": "阿美語, Amis, Ciwkangan (長光)", "speaker": "李金妹, Panay, female, 1949-12-28", "collected": "2003-04-04", "revised": "None", "video": "Amis_Nr-peanut_panay.mp3"}, "file": "Amis_Ciwkangan/Amis_Nr-peanut_panay", "num": 63}], [64, {"ori": [], "gloss": [["..", "", ""], ["suwal.\\", "speech", "話"]], "free": ["#e The name ‘kudasing’ is passed down.", "#c 這個有關花生名稱的說法如此傳到現在。"], "s_end": true, "iu_a_span": [85.68, 86.37], "meta": {"topic": "Peanut", "type": "Narrative", "language": "阿美語, Amis, Ciwkangan (長光)", "speaker": "李金妹, Panay, female, 1949-12-28", "collected": "2003-04-04", "revised": "None", "video": "Amis_Nr-peanut_panay.mp3"}, "s_a_span": [81.5, 86.37], "file": "Amis_Ciwkangan/Amis_Nr-peanut_panay", "num": 64}]], "meta": {"topic": "Peanut", "type": "Narrative", "language": "阿美語, Amis, Ciwkangan (長光)", "speaker": "李金妹, Panay, female, 1949-12-28", "collected": "2003-04-04", "revised": "None", "video": "Amis_Nr-peanut_panay.mp3"}}