{"glosses": [[1, {"ori": [], "gloss": [["ira", "EXIST", "存在"], ["ku", "NOM", "主格"], ["ccay", "one", "一"], ["a", "LNK", "連詞"], ["wawa,\\", "child", "小孩"]], "free": [], "s_end": false, "iu_a_span": [0.68, 2.84], "meta": {"topic": "Frog Story", "type": "Narrative", "language": "阿美語, Amis, Ciwkangan(台東縣長光社區)", "speaker": "嚴胡佐妹, Zuomei, female, None", "collected": "2003-06-01", "revised": "2013-1-16", "video": "Amis_Nr-frog_zuomei.mp3"}, "file": "Amis_Ciwkangan/Amis_Nr-frog_zuomei", "num": 1}], [2, {"ori": [], "gloss": [["..", "", ""], ["su’lin", "really", "真的"], ["ma==-ulah,\\", "AF-like", "主焦-喜歡"]], "free": [], "s_end": false, "iu_a_span": [2.84, 4.39], "meta": {"topic": "Frog Story", "type": "Narrative", "language": "阿美語, Amis, Ciwkangan(台東縣長光社區)", "speaker": "嚴胡佐妹, Zuomei, female, None", "collected": "2003-06-01", "revised": "2013-1-16", "video": "Amis_Nr-frog_zuomei.mp3"}, "file": "Amis_Ciwkangan/Amis_Nr-frog_zuomei", "num": 2}], [3, {"ori": [], "gloss": [["..", "", ""], ["cingra", "3SG.NOM", "3SG.主格"], ["tunini", "this.OBL", "這個.斜格"], ["a", "LNK", "連詞"], ["wacu,\\", "dog", "狗"]], "free": [], "s_end": false, "iu_a_span": [4.39, 6.04], "meta": {"topic": "Frog Story", "type": "Narrative", "language": "阿美語, Amis, Ciwkangan(台東縣長光社區)", "speaker": "嚴胡佐妹, Zuomei, female, None", "collected": "2003-06-01", "revised": "2013-1-16", "video": "Amis_Nr-frog_zuomei.mp3"}, "file": "Amis_Ciwkangan/Amis_Nr-frog_zuomei", "num": 3}], [4, {"ori": [], "gloss": [["..", "", ""], ["atu", "and", "跟"], ["u", "CN", "CN"], ["takula’,\\", "frog", "青蛙"]], "free": ["#e There was a child who really liked the dog and the frog.", "#c 有一個小孩，他真的喜歡這隻狗跟青蛙。"], "s_end": true, "iu_a_span": [6.04, 7.42], "meta": {"topic": "Frog Story", "type": "Narrative", "language": "阿美語, Amis, Ciwkangan(台東縣長光社區)", "speaker": "嚴胡佐妹, Zuomei, female, None", "collected": "2003-06-01", "revised": "2013-1-16", "video": "Amis_Nr-frog_zuomei.mp3"}, "s_a_span": [0.68, 7.42], "file": "Amis_Ciwkangan/Amis_Nr-frog_zuomei", "num": 4}], [5, {"ori": [], "gloss": [["..", "", ""], ["su’lin", "really", "真的"], ["mi-ala", "AF-take", "主焦-拿"], ["cingra", "3SG.NOM", "3SG.主格"], ["tuyanan,\\", "that.INVIS.OBL", "那個.不可見.斜格"]], "free": [], "s_end": false, "iu_a_span": [7.42, 9.44], "meta": {"topic": "Frog Story", "type": "Narrative", "language": "阿美語, Amis, Ciwkangan(台東縣長光社區)", "speaker": "嚴胡佐妹, Zuomei, female, None", "collected": "2003-06-01", "revised": "2013-1-16", "video": "Amis_Nr-frog_zuomei.mp3"}, "file": "Amis_Ciwkangan/Amis_Nr-frog_zuomei", "num": 5}], [6, {"ori": [], "gloss": [["..", "", ""], ["a", "LNK", "連詞"], ["takula’,\\", "frog", "青蛙"]], "free": [], "s_end": false, "iu_a_span": [9.44, 10.29], "meta": {"topic": "Frog Story", "type": "Narrative", "language": "阿美語, Amis, Ciwkangan(台東縣長光社區)", "speaker": "嚴胡佐妹, Zuomei, female, None", "collected": "2003-06-01", "revised": "2013-1-16", "video": "Amis_Nr-frog_zuomei.mp3"}, "file": "Amis_Ciwkangan/Amis_Nr-frog_zuomei", "num": 6}], [7, {"ori": [], "gloss": [["..", "", ""], ["paru’-en", "put-PF", "裝-受焦"], ["nira", "3SG.GEN", "3SG.屬格"], ["i,\\", "LOC", "處格"]], "free": [], "s_end": false, "iu_a_span": [10.29, 11.68], "meta": {"topic": "Frog Story", "type": "Narrative", "language": "阿美語, Amis, Ciwkangan(台東縣長光社區)", "speaker": "嚴胡佐妹, Zuomei, female, None", "collected": "2003-06-01", "revised": "2013-1-16", "video": "Amis_Nr-frog_zuomei.mp3"}, "file": "Amis_Ciwkangan/Amis_Nr-frog_zuomei", "num": 7}], [8, {"ori": [], "gloss": [["..", "", ""], ["kureng", "urn", "甕"], ["nira,\\", "3SG.GEN", "3SG.屬格"]], "free": ["#e He really wanted to catch the frog, (so) he put (the frog) in his urn.", "#c 他真的想抓那隻青蛙，所以他（把青蛙）裝在他的甕裡。"], "s_end": true, "iu_a_span": [11.68, 12.75], "meta": {"topic": "Frog Story", "type": "Narrative", "language": "阿美語, Amis, Ciwkangan(台東縣長光社區)", "speaker": "嚴胡佐妹, Zuomei, female, None", "collected": "2003-06-01", "revised": "2013-1-16", "video": "Amis_Nr-frog_zuomei.mp3"}, "s_a_span": [7.42, 12.75], "file": "Amis_Ciwkangan/Amis_Nr-frog_zuomei", "num": 8}], [9, {"ori": [], "gloss": [["...", "", ""], ["ma-nengneng", "PF-see", "受焦-看"], ["nira", "3SG.GEN", "3SG.屬格"], ["kura", "that.VIS.NOM", "那個.可見.主格"], ["takula’,\\", "frog", "青蛙"]], "free": [], "s_end": false, "iu_a_span": [12.75, 14.42], "meta": {"topic": "Frog Story", "type": "Narrative", "language": "阿美語, Amis, Ciwkangan(台東縣長光社區)", "speaker": "嚴胡佐妹, Zuomei, female, None", "collected": "2003-06-01", "revised": "2013-1-16", "video": "Amis_Nr-frog_zuomei.mp3"}, "file": "Amis_Ciwkangan/Amis_Nr-frog_zuomei", "num": 9}], [10, {"ori": [], "gloss": [["..", "", ""], ["su’lin", "really", "真的"], ["a", "LNK", "連詞"], ["lipahak", "happy", "高興"], ["cingra,\\", "3SG.NOM", "3SG.主格"]], "free": ["#e Seeing the frog, he was really happy.", "#c 他看到那隻青蛙，真的他非常高興。"], "s_end": true, "iu_a_span": [14.42, 16.64], "meta": {"topic": "Frog Story", "type": "Narrative", "language": "阿美語, Amis, Ciwkangan(台東縣長光社區)", "speaker": "嚴胡佐妹, Zuomei, female, None", "collected": "2003-06-01", "revised": "2013-1-16", "video": "Amis_Nr-frog_zuomei.mp3"}, "s_a_span": [12.75, 16.64], "file": "Amis_Ciwkangan/Amis_Nr-frog_zuomei", "num": 10}], [11, {"ori": [], "gloss": [["...", "", ""], ["ta,\\", "then", "然後"]], "free": [], "s_end": false, "iu_a_span": [16.64, 17.65], "meta": {"topic": "Frog Story", "type": "Narrative", "language": "阿美語, Amis, Ciwkangan(台東縣長光社區)", "speaker": "嚴胡佐妹, Zuomei, female, None", "collected": "2003-06-01", "revised": "2013-1-16", "video": "Amis_Nr-frog_zuomei.mp3"}, "file": "Amis_Ciwkangan/Amis_Nr-frog_zuomei", "num": 11}], [12, {"ori": [], "gloss": [["..", "", ""], ["ala-han", "take-HAN.PF", "抓-HAN.受焦"], ["nira,\\", "3SG.GEN", "3SG.屬格"]], "free": ["#e He took (the frog).", "#c 他抓起（青蛙）。"], "s_end": true, "iu_a_span": [17.65, 18.53], "meta": {"topic": "Frog Story", "type": "Narrative", "language": "阿美語, Amis, Ciwkangan(台東縣長光社區)", "speaker": "嚴胡佐妹, Zuomei, female, None", "collected": "2003-06-01", "revised": "2013-1-16", "video": "Amis_Nr-frog_zuomei.mp3"}, "s_a_span": [16.64, 18.53], "file": "Amis_Ciwkangan/Amis_Nr-frog_zuomei", "num": 12}], [13, {"ori": [], "gloss": [["..", "", ""], ["paru’-han", "put-HAN.PF", "裝-HAN-受焦"], ["nira", "3SG.GEN", "3SG.屬格"], ["i", "LOC", "處格"], ["kureng,\\", "urn", "甕"]], "free": ["#e He put (it) in the urn.", "#c 他放在甕裡。"], "s_end": true, "iu_a_span": [18.53, 19.93], "meta": {"topic": "Frog Story", "type": "Narrative", "language": "阿美語, Amis, Ciwkangan(台東縣長光社區)", "speaker": "嚴胡佐妹, Zuomei, female, None", "collected": "2003-06-01", "revised": "2013-1-16", "video": "Amis_Nr-frog_zuomei.mp3"}, "s_a_span": [18.53, 19.93], "file": "Amis_Ciwkangan/Amis_Nr-frog_zuomei", "num": 13}], [14, {"ori": [], "gloss": [["..", "", ""], ["ma-paru’", "PF-put", "受焦-裝"], ["nira", "3SG.GEN", "3SG.屬格"], ["i", "LOC", "處格"], ["kureng", "urn", "甕"], ["haw,_", "PART", "語助詞"]], "free": ["#e He put (it) in the urn.", "#c 他裝在甕裡。"], "s_end": true, "iu_a_span": [19.93, 21.72], "meta": {"topic": "Frog Story", "type": "Narrative", "language": "阿美語, Amis, Ciwkangan(台東縣長光社區)", "speaker": "嚴胡佐妹, Zuomei, female, None", "collected": "2003-06-01", "revised": "2013-1-16", "video": "Amis_Nr-frog_zuomei.mp3"}, "s_a_span": [19.93, 21.72], "file": "Amis_Ciwkangan/Amis_Nr-frog_zuomei", "num": 14}], [15, {"ori": [], "gloss": [["..", "", ""], ["ta,\\", "then", "然後"]], "free": [], "s_end": false, "iu_a_span": [21.72, 22.41], "meta": {"topic": "Frog Story", "type": "Narrative", "language": "阿美語, Amis, Ciwkangan(台東縣長光社區)", "speaker": "嚴胡佐妹, Zuomei, female, None", "collected": "2003-06-01", "revised": "2013-1-16", "video": "Amis_Nr-frog_zuomei.mp3"}, "file": "Amis_Ciwkangan/Amis_Nr-frog_zuomei", "num": 15}], [16, {"ori": [], "gloss": [["..", "", ""], ["ma-futi’-aw=tu", "AF-sleep-OPT=PFV", "主焦-睡覺-祈願=完成"], ["sa,\\", "SA", "SA"]], "free": [], "s_end": false, "iu_a_span": [22.41, 23.75], "meta": {"topic": "Frog Story", "type": "Narrative", "language": "阿美語, Amis, Ciwkangan(台東縣長光社區)", "speaker": "嚴胡佐妹, Zuomei, female, None", "collected": "2003-06-01", "revised": "2013-1-16", "video": "Amis_Nr-frog_zuomei.mp3"}, "file": "Amis_Ciwkangan/Amis_Nr-frog_zuomei", "num": 16}], [17, {"ori": [], "gloss": [["..", "", ""], ["ma-futi’", "AF-sleep", "主焦-睡覺"], ["cingra.\\", "3SG.NOM", "3SG.主格"]], "free": ["#e He slept.", "#c 他就睡覺了。"], "s_end": true, "iu_a_span": [23.75, 24.72], "meta": {"topic": "Frog Story", "type": "Narrative", "language": "阿美語, Amis, Ciwkangan(台東縣長光社區)", "speaker": "嚴胡佐妹, Zuomei, female, None", "collected": "2003-06-01", "revised": "2013-1-16", "video": "Amis_Nr-frog_zuomei.mp3"}, "s_a_span": [21.72, 24.72], "file": "Amis_Ciwkangan/Amis_Nr-frog_zuomei", "num": 17}], [18, {"ori": [], "gloss": [["..", "", ""], ["nengneng", "see", "看"], ["l<um>uwad", "<AF>get.up", "<主焦>起床"], ["sa=tu", "SA=PFV", "SA=完成"], ["tu", "OBL", "斜格"], ["dafak", "morning", "早上"], ["cingra,\\", "3SG.NOM", "3SG.主格"]], "free": [], "s_end": false, "iu_a_span": [24.72, 26.97], "meta": {"topic": "Frog Story", "type": "Narrative", "language": "阿美語, Amis, Ciwkangan(台東縣長光社區)", "speaker": "嚴胡佐妹, Zuomei, female, None", "collected": "2003-06-01", "revised": "2013-1-16", "video": "Amis_Nr-frog_zuomei.mp3"}, "file": "Amis_Ciwkangan/Amis_Nr-frog_zuomei", "num": 18}], [19, {"ori": [], "gloss": [["..", "", ""], ["nengneng-han", "see-HAN.PF", "看-HAN.受焦"], ["nira,\\", "3SG.GEN", "3SG.屬格"]], "free": [], "s_end": false, "iu_a_span": [26.97, 27.97], "meta": {"topic": "Frog Story", "type": "Narrative", "language": "阿美語, Amis, Ciwkangan(台東縣長光社區)", "speaker": "嚴胡佐妹, Zuomei, female, None", "collected": "2003-06-01", "revised": "2013-1-16", "video": "Amis_Nr-frog_zuomei.mp3"}, "file": "Amis_Ciwkangan/Amis_Nr-frog_zuomei", "num": 19}], [20, {"ori": [], "gloss": [["..", "", ""], ["awa-ay=tu", "NEG.EXIST-FAC=PFV", "否定.存在-FAC=完成"], ["kuya", "that.INVIS.NOM", "那個.不可見.主格"], ["takula’.\\", "frog", "青蛙"]], "free": [], "s_end": false, "iu_a_span": [27.97, 29.79], "meta": {"topic": "Frog Story", "type": "Narrative", "language": "阿美語, Amis, Ciwkangan(台東縣長光社區)", "speaker": "嚴胡佐妹, Zuomei, female, None", "collected": "2003-06-01", "revised": "2013-1-16", "video": "Amis_Nr-frog_zuomei.mp3"}, "file": "Amis_Ciwkangan/Amis_Nr-frog_zuomei", "num": 20}], [21, {"ori": [], "gloss": [["...", "", ""], ["itiya=tu", "then=PFV", "當時=完成"], ["cingra", "3SG.NOM", "3SG.主格"], ["ma-rarum,\\", "AF-sad", "主焦-難過"]], "free": ["#e He got up in the morning and saw that the frog was gone. He was sad then.", "#c 他早上起床，看到那隻青蛙不見了。當時他非常難過。"], "s_end": true, "iu_a_span": [29.79, 31.53], "meta": {"topic": "Frog Story", "type": "Narrative", "language": "阿美語, Amis, Ciwkangan(台東縣長光社區)", "speaker": "嚴胡佐妹, Zuomei, female, None", "collected": "2003-06-01", "revised": "2013-1-16", "video": "Amis_Nr-frog_zuomei.mp3"}, "s_a_span": [24.72, 31.53], "file": "Amis_Ciwkangan/Amis_Nr-frog_zuomei", "num": 21}], [22, {"ori": [], "gloss": [["..", "", ""], ["i", "LOC", "處格"], ["cuwa=tu", "where=PFV", "哪裡=完成"], ["kiya,\\", "that.INVIS.NOM", "那個.不可見.主格"]], "free": [], "s_end": false, "iu_a_span": [31.53, 32.32], "meta": {"topic": "Frog Story", "type": "Narrative", "language": "阿美語, Amis, Ciwkangan(台東縣長光社區)", "speaker": "嚴胡佐妹, Zuomei, female, None", "collected": "2003-06-01", "revised": "2013-1-16", "video": "Amis_Nr-frog_zuomei.mp3"}, "file": "Amis_Ciwkangan/Amis_Nr-frog_zuomei", "num": 22}], [23, {"ori": [], "gloss": [["..", "", ""], ["mi-teli-an", "PF-put-PF", "受焦-放-受焦"], ["aku", "1SG.GEN", "1SG.屬格"], ["itini", "here", "這裡"], ["tuya", "that.INVIS.OBL", "那個.不可見.斜格"], ["kureng,\\", "urn", "甕"]], "free": [], "s_end": false, "iu_a_span": [32.32, 34.46], "meta": {"topic": "Frog Story", "type": "Narrative", "language": "阿美語, Amis, Ciwkangan(台東縣長光社區)", "speaker": "嚴胡佐妹, Zuomei, female, None", "collected": "2003-06-01", "revised": "2013-1-16", "video": "Amis_Nr-frog_zuomei.mp3"}, "file": "Amis_Ciwkangan/Amis_Nr-frog_zuomei", "num": 23}], [24, {"ori": [], "gloss": [["..", "", ""], ["ya", "that", "那個"], ["takula’.\\", "frog", "青蛙"]], "free": ["#e Where was the frog that I put in the urn?", "#c 我放在甕裡的那一隻青蛙到哪裡去了？"], "s_end": true, "iu_a_span": [34.46, 35.54], "meta": {"topic": "Frog Story", "type": "Narrative", "language": "阿美語, Amis, Ciwkangan(台東縣長光社區)", "speaker": "嚴胡佐妹, Zuomei, female, None", "collected": "2003-06-01", "revised": "2013-1-16", "video": "Amis_Nr-frog_zuomei.mp3"}, "s_a_span": [31.53, 35.54], "file": "Amis_Ciwkangan/Amis_Nr-frog_zuomei", "num": 24}], [25, {"ori": [], "gloss": [["..", "", ""], ["sa", "SA", "SA"], ["ku", "NOM", "主格"], ["rarum", "sad", "傷心"], ["nu", "GEN", "屬格"], ["falucu’,\\", "heart", "心"]], "free": [], "s_end": false, "iu_a_span": [35.54, 36.91], "meta": {"topic": "Frog Story", "type": "Narrative", "language": "阿美語, Amis, Ciwkangan(台東縣長光社區)", "speaker": "嚴胡佐妹, Zuomei, female, None", "collected": "2003-06-01", "revised": "2013-1-16", "video": "Amis_Nr-frog_zuomei.mp3"}, "file": "Amis_Ciwkangan/Amis_Nr-frog_zuomei", "num": 25}], [26, {"ori": [], "gloss": [["..", "", ""], ["nira", "3SG.GEN", "3SG.屬格"], ["itiya,\\", "then", "當時"]], "free": [], "s_end": false, "iu_a_span": [36.91, 37.81], "meta": {"topic": "Frog Story", "type": "Narrative", "language": "阿美語, Amis, Ciwkangan(台東縣長光社區)", "speaker": "嚴胡佐妹, Zuomei, female, None", "collected": "2003-06-01", "revised": "2013-1-16", "video": "Amis_Nr-frog_zuomei.mp3"}, "file": "Amis_Ciwkangan/Amis_Nr-frog_zuomei", "num": 26}], [27, {"ori": [], "gloss": [["..", "", ""], ["mi-kilim", "AF-look.for", "主焦-尋找"], ["tu", "OBL", "斜格"], ["cingra.\\", "3SG.NOM", "3SG.主格"]], "free": ["#e He was so sad that he looked for (the frog).", "#c 當時他如此的傷心，他就去找（青蛙）。", "#n sa ku furaw nira itiya palu-han nira ci-aki：他很生氣，就打了aki。"], "s_end": true, "iu_a_span": [37.81, 39.46], "meta": {"topic": "Frog Story", "type": "Narrative", "language": "阿美語, Amis, Ciwkangan(台東縣長光社區)", "speaker": "嚴胡佐妹, Zuomei, female, None", "collected": "2003-06-01", "revised": "2013-1-16", "video": "Amis_Nr-frog_zuomei.mp3"}, "s_a_span": [35.54, 39.46], "file": "Amis_Ciwkangan/Amis_Nr-frog_zuomei", "num": 27}], [28, {"ori": [], "gloss": [["..", "", ""], ["nengneng=itu", "see=PFV", "看=完成"], ["cingra", "3SG.NOM", "3SG.主格"], ["i", "LOC", "處格"], ["sa-lawac-an,\\", "SA-border-AN", "SA-邊-AN"]], "free": ["#n sa-lawac-an: 指屋子外面四周", "#n sa-lawac-an: 指屋子外面四周"], "s_end": false, "iu_a_span": [39.46, 41.54], "meta": {"topic": "Frog Story", "type": "Narrative", "language": "阿美語, Amis, Ciwkangan(台東縣長光社區)", "speaker": "嚴胡佐妹, Zuomei, female, None", "collected": "2003-06-01", "revised": "2013-1-16", "video": "Amis_Nr-frog_zuomei.mp3"}, "file": "Amis_Ciwkangan/Amis_Nr-frog_zuomei", "num": 28}], [29, {"ori": [], "gloss": [["..", "", ""], ["nengneng-han", "see-HAN.PF", "看-HAN.受焦"], ["nira,\\", "3SG.GEN", "3SG.屬格"]], "free": [], "s_end": false, "iu_a_span": [41.54, 42.29], "meta": {"topic": "Frog Story", "type": "Narrative", "language": "阿美語, Amis, Ciwkangan(台東縣長光社區)", "speaker": "嚴胡佐妹, Zuomei, female, None", "collected": "2003-06-01", "revised": "2013-1-16", "video": "Amis_Nr-frog_zuomei.mp3"}, "file": "Amis_Ciwkangan/Amis_Nr-frog_zuomei", "num": 29}], [30, {"ori": [], "gloss": [["..", "", ""], ["awa", "NEG.EXIST", "否定.存在"], ["ma-tama.\\", "AF-find", "主焦-找到"]], "free": [], "s_end": false, "iu_a_span": [42.29, 43.63], "meta": {"topic": "Frog Story", "type": "Narrative", "language": "阿美語, Amis, Ciwkangan(台東縣長光社區)", "speaker": "嚴胡佐妹, Zuomei, female, None", "collected": "2003-06-01", "revised": "2013-1-16", "video": "Amis_Nr-frog_zuomei.mp3"}, "file": "Amis_Ciwkangan/Amis_Nr-frog_zuomei", "num": 30}], [31, {"ori": [], "gloss": [["..", "", ""], ["itiya=tu", "then=PFV", "當時=完成"], ["mararucu’,\\", "??", "??"]], "free": [], "s_end": false, "iu_a_span": [43.63, 45.35], "meta": {"topic": "Frog Story", "type": "Narrative", "language": "阿美語, Amis, Ciwkangan(台東縣長光社區)", "speaker": "嚴胡佐妹, Zuomei, female, None", "collected": "2003-06-01", "revised": "2013-1-16", "video": "Amis_Nr-frog_zuomei.mp3"}, "file": "Amis_Ciwkangan/Amis_Nr-frog_zuomei", "num": 31}], [32, {"ori": [], "gloss": [["..", "", ""], ["su’lin", "really", "真的"], ["a", "LNK", "連詞"], ["tata’ak,\\", "big", "很大"]], "free": [], "s_end": false, "iu_a_span": [45.35, 46.47], "meta": {"topic": "Frog Story", "type": "Narrative", "language": "阿美語, Amis, Ciwkangan(台東縣長光社區)", "speaker": "嚴胡佐妹, Zuomei, female, None", "collected": "2003-06-01", "revised": "2013-1-16", "video": "Amis_Nr-frog_zuomei.mp3"}, "file": "Amis_Ciwkangan/Amis_Nr-frog_zuomei", "num": 32}], [33, {"ori": [], "gloss": [["..", "", ""], ["a", "LNK", "連詞"], ["latek", "possible", "可能"], ["tayni", "come", "來"], ["i==", "LOC", "處格"], ["lutuk,\\", "mountain", "山上"]], "free": ["#e He started to look around, but didn't find it; perhaps (the frog) went to the mountain.", "#c 他開始在四周觀望，他看了也沒找到，可能去了山上。"], "s_end": true, "iu_a_span": [46.47, 48.68], "meta": {"topic": "Frog Story", "type": "Narrative", "language": "阿美語, Amis, Ciwkangan(台東縣長光社區)", "speaker": "嚴胡佐妹, Zuomei, female, None", "collected": "2003-06-01", "revised": "2013-1-16", "video": "Amis_Nr-frog_zuomei.mp3"}, "s_a_span": [39.46, 48.68], "file": "Amis_Ciwkangan/Amis_Nr-frog_zuomei", "num": 33}], [34, {"ori": [], "gloss": [["..", "", ""], ["i", "LOC", "處格"], ["cuwa-cuwa==,\\", "RED-where", "重疊-哪裡"]], "free": [], "s_end": false, "iu_a_span": [48.68, 49.51], "meta": {"topic": "Frog Story", "type": "Narrative", "language": "阿美語, Amis, Ciwkangan(台東縣長光社區)", "speaker": "嚴胡佐妹, Zuomei, female, None", "collected": "2003-06-01", "revised": "2013-1-16", "video": "Amis_Nr-frog_zuomei.mp3"}, "file": "Amis_Ciwkangan/Amis_Nr-frog_zuomei", "num": 34}], [35, {"ori": [], "gloss": [["..", "", ""], ["kiya", "that.INVIS.NOM", "那個.不可見.主格"], ["sa’an.\\", "say.so", "如此說"]], "free": ["#e ‘Where is it?’, he said.", "#c 究竟在哪裡呢？他這麼說。"], "s_end": true, "iu_a_span": [49.51, 50.12], "meta": {"topic": "Frog Story", "type": "Narrative", "language": "阿美語, Amis, Ciwkangan(台東縣長光社區)", "speaker": "嚴胡佐妹, Zuomei, female, None", "collected": "2003-06-01", "revised": "2013-1-16", "video": "Amis_Nr-frog_zuomei.mp3"}, "s_a_span": [48.68, 50.12], "file": "Amis_Ciwkangan/Amis_Nr-frog_zuomei", "num": 35}], [36, {"ori": [], "gloss": [["..", "", ""], ["su’lin", "really", "真的"], ["tayni=tu", "come=PFV", "來=完成"], ["cingra", "3SG.NOM", "3SG.主格"], ["i", "LOC", "處格"], ["lutuk,\\", "mountain", "山"]], "free": [], "s_end": false, "iu_a_span": [50.12, 52.01], "meta": {"topic": "Frog Story", "type": "Narrative", "language": "阿美語, Amis, Ciwkangan(台東縣長光社區)", "speaker": "嚴胡佐妹, Zuomei, female, None", "collected": "2003-06-01", "revised": "2013-1-16", "video": "Amis_Nr-frog_zuomei.mp3"}, "file": "Amis_Ciwkangan/Amis_Nr-frog_zuomei", "num": 36}], [37, {"ori": [], "gloss": [["..", "", ""], ["a", "LNK", "連詞"], ["mi-kilim,\\", "AF-look.for", "主焦-尋找"]], "free": [], "s_end": false, "iu_a_span": [52.01, 52.85], "meta": {"topic": "Frog Story", "type": "Narrative", "language": "阿美語, Amis, Ciwkangan(台東縣長光社區)", "speaker": "嚴胡佐妹, Zuomei, female, None", "collected": "2003-06-01", "revised": "2013-1-16", "video": "Amis_Nr-frog_zuomei.mp3"}, "file": "Amis_Ciwkangan/Amis_Nr-frog_zuomei", "num": 37}], [38, {"ori": [], "gloss": [["..", "", ""], ["tuyanan", "that.INVIS.OBL", "那個.不可見.斜格"], ["a", "LNK", "連詞"], ["takula’.\\", "frog", "青蛙"]], "free": [], "s_end": false, "iu_a_span": [52.85, 54.4], "meta": {"topic": "Frog Story", "type": "Narrative", "language": "阿美語, Amis, Ciwkangan(台東縣長光社區)", "speaker": "嚴胡佐妹, Zuomei, female, None", "collected": "2003-06-01", "revised": "2013-1-16", "video": "Amis_Nr-frog_zuomei.mp3"}, "file": "Amis_Ciwkangan/Amis_Nr-frog_zuomei", "num": 38}], [39, {"ori": [], "gloss": [["..", "", ""], ["ya", "that", "那個"], ["ka-ulah-an", "KA-like-NMZ", "KA-喜歡-名物化"], ["nira", "3SG.GEN", "3SG.屬格"], ["a", "LNK", "連詞"], ["takula’.\\", "frog", "青蛙"]], "free": ["#e He really came to the mountain to look for the frog, which he liked most.", "#c 他真的來到山上找那隻青蛙，那一隻他最喜歡的青蛙"], "s_end": true, "iu_a_span": [54.4, 56.4], "meta": {"topic": "Frog Story", "type": "Narrative", "language": "阿美語, Amis, Ciwkangan(台東縣長光社區)", "speaker": "嚴胡佐妹, Zuomei, female, None", "collected": "2003-06-01", "revised": "2013-1-16", "video": "Amis_Nr-frog_zuomei.mp3"}, "s_a_span": [50.12, 56.4], "file": "Amis_Ciwkangan/Amis_Nr-frog_zuomei", "num": 39}], [40, {"ori": [], "gloss": [["..", "", ""], ["r<um>akat=tu", "<AF>walk=PFV", "<主焦>走路=完成"], ["cingra", "3SG.NOM", "3SG.主格"], ["tayni,\\", "come", "來"]], "free": [], "s_end": false, "iu_a_span": [56.4, 57.94], "meta": {"topic": "Frog Story", "type": "Narrative", "language": "阿美語, Amis, Ciwkangan(台東縣長光社區)", "speaker": "嚴胡佐妹, Zuomei, female, None", "collected": "2003-06-01", "revised": "2013-1-16", "video": "Amis_Nr-frog_zuomei.mp3"}, "file": "Amis_Ciwkangan/Amis_Nr-frog_zuomei", "num": 40}], [41, {"ori": [], "gloss": [["..", "", ""], ["i", "LOC", "處格"], ["lalan", "road", "路"], ["i", "LOC", "處格"], ["lutu-lutuk-an,\\", "RED-mountain-AN", "重疊-山-AN"]], "free": ["#e He walked on the road to the mountains.", "#c 他開始走往山上的路。", "#n lutu-lutuk-an是「山林」的意思。"], "s_end": true, "iu_a_span": [57.94, 59.57], "meta": {"topic": "Frog Story", "type": "Narrative", "language": "阿美語, Amis, Ciwkangan(台東縣長光社區)", "speaker": "嚴胡佐妹, Zuomei, female, None", "collected": "2003-06-01", "revised": "2013-1-16", "video": "Amis_Nr-frog_zuomei.mp3"}, "s_a_span": [56.4, 59.57], "file": "Amis_Ciwkangan/Amis_Nr-frog_zuomei", "num": 41}], [42, {"ori": [], "gloss": [["..", "", ""], ["su’lin,\\", "really", "真的"]], "free": [], "s_end": false, "iu_a_span": [59.57, 60.36], "meta": {"topic": "Frog Story", "type": "Narrative", "language": "阿美語, Amis, Ciwkangan(台東縣長光社區)", "speaker": "嚴胡佐妹, Zuomei, female, None", "collected": "2003-06-01", "revised": "2013-1-16", "video": "Amis_Nr-frog_zuomei.mp3"}, "file": "Amis_Ciwkangan/Amis_Nr-frog_zuomei", "num": 42}], [43, {"ori": [], "gloss": [["..", "", ""], ["nengneng-han", "see-HAN.PF", "看-HAN.受焦"], ["nira,\\", "3SG.GEN", "3SG.屬格"]], "free": [], "s_end": false, "iu_a_span": [60.36, 61.13], "meta": {"topic": "Frog Story", "type": "Narrative", "language": "阿美語, Amis, Ciwkangan(台東縣長光社區)", "speaker": "嚴胡佐妹, Zuomei, female, None", "collected": "2003-06-01", "revised": "2013-1-16", "video": "Amis_Nr-frog_zuomei.mp3"}, "file": "Amis_Ciwkangan/Amis_Nr-frog_zuomei", "num": 43}], [44, {"ori": [], "gloss": [["..", "", ""], ["a", "LNK", "連詞"], ["latek", "possible", "可能"], ["itini==,\\", "here", "這裡"]], "free": [], "s_end": false, "iu_a_span": [61.13, 62.19], "meta": {"topic": "Frog Story", "type": "Narrative", "language": "阿美語, Amis, Ciwkangan(台東縣長光社區)", "speaker": "嚴胡佐妹, Zuomei, female, None", "collected": "2003-06-01", "revised": "2013-1-16", "video": "Amis_Nr-frog_zuomei.mp3"}, "file": "Amis_Ciwkangan/Amis_Nr-frog_zuomei", "num": 44}], [45, {"ori": [], "gloss": [["..", "", ""], ["i", "LOC", "處格"], ["tepung", "hole", "洞"], ["nuna", "this.GEN", "這個.屬格"], ["suta’.\\", "soil", "土"]], "free": [], "s_end": false, "iu_a_span": [62.19, 63.43], "meta": {"topic": "Frog Story", "type": "Narrative", "language": "阿美語, Amis, Ciwkangan(台東縣長光社區)", "speaker": "嚴胡佐妹, Zuomei, female, None", "collected": "2003-06-01", "revised": "2013-1-16", "video": "Amis_Nr-frog_zuomei.mp3"}, "file": "Amis_Ciwkangan/Amis_Nr-frog_zuomei", "num": 45}], [46, {"ori": [], "gloss": [["..", "", ""], ["unini", "this", "這個"], ["kiya", "that.INVIS.NOM", "那個.不可見.主格"], ["nasa", "NASA", "NASA"], ["ku", "NOM", "主格"], ["harateng", "think", "想"], ["nira,\\", "3SG.GEN", "3SG.屬格"]], "free": ["#e He looked around and he thought that perhaps (the frog) was in the hole on the ground.", "#c 真的他看了之後，可能在這個土堆的洞裡，他覺得就是這樣。", "#n nasa指前面一句。"], "s_end": true, "iu_a_span": [63.43, 66.04], "meta": {"topic": "Frog Story", "type": "Narrative", "language": "阿美語, Amis, Ciwkangan(台東縣長光社區)", "speaker": "嚴胡佐妹, Zuomei, female, None", "collected": "2003-06-01", "revised": "2013-1-16", "video": "Amis_Nr-frog_zuomei.mp3"}, "s_a_span": [59.57, 66.04], "file": "Amis_Ciwkangan/Amis_Nr-frog_zuomei", "num": 46}], [47, {"ori": [], "gloss": [["..", "", ""], ["angang==-han", "call-HAN.PF", "呼喚-HAN.受焦"], ["nira", "3SG.GEN", "3SG.屬格"], ["mi-angang.\\", "AF-call", "主焦-呼喚"]], "free": [], "s_end": false, "iu_a_span": [66.04, 68.48], "meta": {"topic": "Frog Story", "type": "Narrative", "language": "阿美語, Amis, Ciwkangan(台東縣長光社區)", "speaker": "嚴胡佐妹, Zuomei, female, None", "collected": "2003-06-01", "revised": "2013-1-16", "video": "Amis_Nr-frog_zuomei.mp3"}, "file": "Amis_Ciwkangan/Amis_Nr-frog_zuomei", "num": 47}], [48, {"ori": [], "gloss": [["..", "", ""], ["kuyanan", "that.INVIS.NOM", "那個.不可見.主格"], ["a", "LNK", "連詞"], ["takula’,\\", "frog", "青蛙"]], "free": [], "s_end": false, "iu_a_span": [68.48, 69.75], "meta": {"topic": "Frog Story", "type": "Narrative", "language": "阿美語, Amis, Ciwkangan(台東縣長光社區)", "speaker": "嚴胡佐妹, Zuomei, female, None", "collected": "2003-06-01", "revised": "2013-1-16", "video": "Amis_Nr-frog_zuomei.mp3"}, "file": "Amis_Ciwkangan/Amis_Nr-frog_zuomei", "num": 48}], [49, {"ori": [], "gloss": [["..", "", ""], ["nira,\\", "3SG.GEN", "3SG.屬格"]], "free": [], "s_end": false, "iu_a_span": [69.75, 70.32], "meta": {"topic": "Frog Story", "type": "Narrative", "language": "阿美語, Amis, Ciwkangan(台東縣長光社區)", "speaker": "嚴胡佐妹, Zuomei, female, None", "collected": "2003-06-01", "revised": "2013-1-16", "video": "Amis_Nr-frog_zuomei.mp3"}, "file": "Amis_Ciwkangan/Amis_Nr-frog_zuomei", "num": 49}], [50, {"ori": [], "gloss": [["...", "", ""], ["mi==-celi’.\\", "AF-call", "主焦-呼叫"]], "free": ["#n angang是形容呼叫的聲音", "#n angang是形容呼叫的聲音"], "s_end": false, "iu_a_span": [70.32, 72.1], "meta": {"topic": "Frog Story", "type": "Narrative", "language": "阿美語, Amis, Ciwkangan(台東縣長光社區)", "speaker": "嚴胡佐妹, Zuomei, female, None", "collected": "2003-06-01", "revised": "2013-1-16", "video": "Amis_Nr-frog_zuomei.mp3"}, "file": "Amis_Ciwkangan/Amis_Nr-frog_zuomei", "num": 50}], [51, {"ori": [], "gloss": [["..", "", ""], ["nengneng-han", "see-HAN.PF", "看-HAN.受焦"], ["nira,\\", "3SG.GEN", "3SG.屬格"]], "free": [], "s_end": false, "iu_a_span": [72.1, 73.26], "meta": {"topic": "Frog Story", "type": "Narrative", "language": "阿美語, Amis, Ciwkangan(台東縣長光社區)", "speaker": "嚴胡佐妹, Zuomei, female, None", "collected": "2003-06-01", "revised": "2013-1-16", "video": "Amis_Nr-frog_zuomei.mp3"}, "file": "Amis_Ciwkangan/Amis_Nr-frog_zuomei", "num": 51}], [52, {"ori": [], "gloss": [["..", "", ""], ["sadak", "exit", "出來"], ["sa’an,\\", "say.so", "如此說"]], "free": [], "s_end": false, "iu_a_span": [73.26, 74.23], "meta": {"topic": "Frog Story", "type": "Narrative", "language": "阿美語, Amis, Ciwkangan(台東縣長光社區)", "speaker": "嚴胡佐妹, Zuomei, female, None", "collected": "2003-06-01", "revised": "2013-1-16", "video": "Amis_Nr-frog_zuomei.mp3"}, "file": "Amis_Ciwkangan/Amis_Nr-frog_zuomei", "num": 52}], [53, {"ori": [], "gloss": [["..", "", ""], ["uni==ni", "this", "這個"], ["u", "CN", "CN"], ["ku,\\", "FS", "FS"]], "free": [], "s_end": false, "iu_a_span": [74.23, 75.74], "meta": {"topic": "Frog Story", "type": "Narrative", "language": "阿美語, Amis, Ciwkangan(台東縣長光社區)", "speaker": "嚴胡佐妹, Zuomei, female, None", "collected": "2003-06-01", "revised": "2013-1-16", "video": "Amis_Nr-frog_zuomei.mp3"}, "file": "Amis_Ciwkangan/Amis_Nr-frog_zuomei", "num": 53}], [54, {"ori": [], "gloss": [["..", "", ""], ["u", "CN", "CN"], ["kulafaw.\\", "vole", "田鼠"]], "free": ["#e He called the frog, and it turned out that a vole came out.", "#c 他呼叫那隻青蛙，結果出來的是田鼠。"], "s_end": true, "iu_a_span": [75.74, 76.8], "meta": {"topic": "Frog Story", "type": "Narrative", "language": "阿美語, Amis, Ciwkangan(台東縣長光社區)", "speaker": "嚴胡佐妹, Zuomei, female, None", "collected": "2003-06-01", "revised": "2013-1-16", "video": "Amis_Nr-frog_zuomei.mp3"}, "s_a_span": [66.04, 76.8], "file": "Amis_Ciwkangan/Amis_Nr-frog_zuomei", "num": 54}], [55, {"ori": [], "gloss": [["..", "", ""], ["itira", "then", "當時"], ["ka-cekuk", "KA-surprise", "KA-驚嚇"], ["nu", "GEN", "屬格"], ["falucu’", "heart", "心"], ["nira", "3SG.GEN", "3SG.屬格"], ["a,\\", "LNK", "連詞"]], "free": [], "s_end": false, "iu_a_span": [76.8, 79.38], "meta": {"topic": "Frog Story", "type": "Narrative", "language": "阿美語, Amis, Ciwkangan(台東縣長光社區)", "speaker": "嚴胡佐妹, Zuomei, female, None", "collected": "2003-06-01", "revised": "2013-1-16", "video": "Amis_Nr-frog_zuomei.mp3"}, "file": "Amis_Ciwkangan/Amis_Nr-frog_zuomei", "num": 55}], [56, {"ori": [], "gloss": [["..", "", ""], ["mi-nengneng", "AF-see", "主焦-看"], ["tuya", "that.INVIS.OBL", "那個.不可見.斜格"], ["kulafaw,\\", "vole", "田鼠"]], "free": ["#e He was surprised to see the vole.", "#c 他看到那隻田鼠非常驚嚇。"], "s_end": true, "iu_a_span": [79.38, 81.06], "meta": {"topic": "Frog Story", "type": "Narrative", "language": "阿美語, Amis, Ciwkangan(台東縣長光社區)", "speaker": "嚴胡佐妹, Zuomei, female, None", "collected": "2003-06-01", "revised": "2013-1-16", "video": "Amis_Nr-frog_zuomei.mp3"}, "s_a_span": [76.8, 81.06], "file": "Amis_Ciwkangan/Amis_Nr-frog_zuomei", "num": 56}], [57, {"ori": [], "gloss": [["..", "", ""], ["su’lin", "really", "真的"], ["a", "LNK", "連詞"], ["ma-pa-cekuk,\\", "MA-PA-surprise", "MA-PA-驚嚇"]], "free": [], "s_end": false, "iu_a_span": [81.06, 82.85], "meta": {"topic": "Frog Story", "type": "Narrative", "language": "阿美語, Amis, Ciwkangan(台東縣長光社區)", "speaker": "嚴胡佐妹, Zuomei, female, None", "collected": "2003-06-01", "revised": "2013-1-16", "video": "Amis_Nr-frog_zuomei.mp3"}, "file": "Amis_Ciwkangan/Amis_Nr-frog_zuomei", "num": 57}], [58, {"ori": [], "gloss": [["..", "", ""], ["mi-laliw=tu", "AF-run=PFV", "主焦-跑掉=完成"], ["kiya", "that.INVIS.NOM", "那個.不可見.主格"], ["wacu,\\", "dog", "狗"]], "free": [], "s_end": false, "iu_a_span": [82.85, 84.14], "meta": {"topic": "Frog Story", "type": "Narrative", "language": "阿美語, Amis, Ciwkangan(台東縣長光社區)", "speaker": "嚴胡佐妹, Zuomei, female, None", "collected": "2003-06-01", "revised": "2013-1-16", "video": "Amis_Nr-frog_zuomei.mp3"}, "file": "Amis_Ciwkangan/Amis_Nr-frog_zuomei", "num": 58}], [59, {"ori": [], "gloss": [["..", "", ""], ["nira.\\", "3SG.GEN", "3SG.屬格"]], "free": ["#e The dog was frightened and ran away.", "#c 真的那隻狗也驚嚇到跑掉了。"], "s_end": true, "iu_a_span": [84.14, 84.68], "meta": {"topic": "Frog Story", "type": "Narrative", "language": "阿美語, Amis, Ciwkangan(台東縣長光社區)", "speaker": "嚴胡佐妹, Zuomei, female, None", "collected": "2003-06-01", "revised": "2013-1-16", "video": "Amis_Nr-frog_zuomei.mp3"}, "s_a_span": [81.06, 84.68], "file": "Amis_Ciwkangan/Amis_Nr-frog_zuomei", "num": 59}], [60, {"ori": [], "gloss": [["..", "", ""], ["ma-tira,\\", "MA-there", "MA-那裡"]], "free": ["#n ma-tira指 ‘在這個狀況之下’", "#n ma-tira指 ‘在這個狀況之下’"], "s_end": false, "iu_a_span": [84.68, 85.64], "meta": {"topic": "Frog Story", "type": "Narrative", "language": "阿美語, Amis, Ciwkangan(台東縣長光社區)", "speaker": "嚴胡佐妹, Zuomei, female, None", "collected": "2003-06-01", "revised": "2013-1-16", "video": "Amis_Nr-frog_zuomei.mp3"}, "file": "Amis_Ciwkangan/Amis_Nr-frog_zuomei", "num": 60}], [61, {"ori": [], "gloss": [["..", "", ""], ["cakat", "ascend", "上去"], ["sa", "SA", "SA"], ["cingra,\\", "3SG.NOM", "3SG.主格"]], "free": [], "s_end": false, "iu_a_span": [85.64, 86.72], "meta": {"topic": "Frog Story", "type": "Narrative", "language": "阿美語, Amis, Ciwkangan(台東縣長光社區)", "speaker": "嚴胡佐妹, Zuomei, female, None", "collected": "2003-06-01", "revised": "2013-1-16", "video": "Amis_Nr-frog_zuomei.mp3"}, "file": "Amis_Ciwkangan/Amis_Nr-frog_zuomei", "num": 61}], [62, {"ori": [], "gloss": [["..", "", ""], ["maru’", "sit", "坐"], ["tayra", "go", "去"], ["tuya", "that.INVIS.OBL", "那個.不可見.斜格"], ["kilang,\\", "tree", "樹"]], "free": ["#e Under such circumstances, he went up and sat on the wood.", "#c 在這個狀況下，他上去坐在木頭上。"], "s_end": true, "iu_a_span": [86.72, 88.23], "meta": {"topic": "Frog Story", "type": "Narrative", "language": "阿美語, Amis, Ciwkangan(台東縣長光社區)", "speaker": "嚴胡佐妹, Zuomei, female, None", "collected": "2003-06-01", "revised": "2013-1-16", "video": "Amis_Nr-frog_zuomei.mp3"}, "s_a_span": [84.68, 88.23], "file": "Amis_Ciwkangan/Amis_Nr-frog_zuomei", "num": 62}], [63, {"ori": [], "gloss": [["..", "", ""], ["itira", "there.INVIS", "那裡.不可見"], ["tiya", "that.INVIS.OBL", "那個.不可見.斜格"], ["kilang,\\", "tree", "樹"]], "free": [], "s_end": false, "iu_a_span": [88.23, 89.35], "meta": {"topic": "Frog Story", "type": "Narrative", "language": "阿美語, Amis, Ciwkangan(台東縣長光社區)", "speaker": "嚴胡佐妹, Zuomei, female, None", "collected": "2003-06-01", "revised": "2013-1-16", "video": "Amis_Nr-frog_zuomei.mp3"}, "file": "Amis_Ciwkangan/Amis_Nr-frog_zuomei", "num": 63}], [64, {"ori": [], "gloss": [["..", "", ""], ["a", "LNK", "連詞"], ["latek", "possible", "可能"], ["ira==,\\", "EXIST", "存在"]], "free": [], "s_end": false, "iu_a_span": [89.35, 90.2], "meta": {"topic": "Frog Story", "type": "Narrative", "language": "阿美語, Amis, Ciwkangan(台東縣長光社區)", "speaker": "嚴胡佐妹, Zuomei, female, None", "collected": "2003-06-01", "revised": "2013-1-16", "video": "Amis_Nr-frog_zuomei.mp3"}, "file": "Amis_Ciwkangan/Amis_Nr-frog_zuomei", "num": 64}], [65, {"ori": [], "gloss": [["..", "", ""], ["tuna", "this.OBL", "這個.斜格"], ["epung", "hole", "洞"], ["nuya", "that.INVIS.GEN", "那個.不可見.屬格"], ["kilang.\\", "tree", "樹"]], "free": [], "s_end": false, "iu_a_span": [90.2, 91.56], "meta": {"topic": "Frog Story", "type": "Narrative", "language": "阿美語, Amis, Ciwkangan(台東縣長光社區)", "speaker": "嚴胡佐妹, Zuomei, female, None", "collected": "2003-06-01", "revised": "2013-1-16", "video": "Amis_Nr-frog_zuomei.mp3"}, "file": "Amis_Ciwkangan/Amis_Nr-frog_zuomei", "num": 65}], [66, {"ori": [], "gloss": [["...", "", ""], ["oya", "OYA", "OYA"], ["takula’", "frog", "青蛙"], ["aku,\\", "1SG.GEN", "1SG.屬格"]], "free": [], "s_end": false, "iu_a_span": [91.56, 93.24], "meta": {"topic": "Frog Story", "type": "Narrative", "language": "阿美語, Amis, Ciwkangan(台東縣長光社區)", "speaker": "嚴胡佐妹, Zuomei, female, None", "collected": "2003-06-01", "revised": "2013-1-16", "video": "Amis_Nr-frog_zuomei.mp3"}, "file": "Amis_Ciwkangan/Amis_Nr-frog_zuomei", "num": 66}], [67, {"ori": [], "gloss": [["..", "", ""], ["nasa", "NASA", "NASA"], ["ku", "NOM", "主格"], ["falucu’", "heart", "心"], ["nira.\\", "3SG.GEN", "3SG.屬格"]], "free": ["#e Perhaps (the frog) was in the hole of the tree, he thought so.", "#c （青蛙）可能在樹洞裡，他這麼認為。", "#n 這裡的falucu’用harateng也可以。"], "s_end": true, "iu_a_span": [93.24, 94.9], "meta": {"topic": "Frog Story", "type": "Narrative", "language": "阿美語, Amis, Ciwkangan(台東縣長光社區)", "speaker": "嚴胡佐妹, Zuomei, female, None", "collected": "2003-06-01", "revised": "2013-1-16", "video": "Amis_Nr-frog_zuomei.mp3"}, "s_a_span": [88.23, 94.9], "file": "Amis_Ciwkangan/Amis_Nr-frog_zuomei", "num": 67}], [68, {"ori": [], "gloss": [["..", "", ""], ["nengneng==-han", "see-HAN.PF", "看-HAN.受焦"], ["nira", "3SG.GEN", "3SG.屬格"], ["a", "LNK", "連詞"], ["mi-celi’,\\", "AF-call", "主焦-呼喚"]], "free": [], "s_end": false, "iu_a_span": [94.9, 97.0], "meta": {"topic": "Frog Story", "type": "Narrative", "language": "阿美語, Amis, Ciwkangan(台東縣長光社區)", "speaker": "嚴胡佐妹, Zuomei, female, None", "collected": "2003-06-01", "revised": "2013-1-16", "video": "Amis_Nr-frog_zuomei.mp3"}, "file": "Amis_Ciwkangan/Amis_Nr-frog_zuomei", "num": 68}], [69, {"ori": [], "gloss": [["..", "", ""], ["kuya", "that.INVIS.NOM", "那個.不可見.主格"], ["takula’", "frog", "青蛙"], ["nira,\\", "3SG.GEN", "3SG.屬格"]], "free": [], "s_end": false, "iu_a_span": [97.0, 98.16], "meta": {"topic": "Frog Story", "type": "Narrative", "language": "阿美語, Amis, Ciwkangan(台東縣長光社區)", "speaker": "嚴胡佐妹, Zuomei, female, None", "collected": "2003-06-01", "revised": "2013-1-16", "video": "Amis_Nr-frog_zuomei.mp3"}, "file": "Amis_Ciwkangan/Amis_Nr-frog_zuomei", "num": 69}], [70, {"ori": [], "gloss": [["..", "", ""], ["tiya", "that.INVIS.OBL", "那個.不可見.斜格"], ["epung", "hole", "洞"], ["niya", "that.INVIS.GEN", "那個.不可見.屬格"], ["kilang.\\", "tree", "樹"]], "free": ["#e He called the frog; (he called) towards the hole of the tree.", "#c 他呼叫那隻青蛙，對著樹木的洞口（呼叫）。"], "s_end": true, "iu_a_span": [98.16, 99.76], "meta": {"topic": "Frog Story", "type": "Narrative", "language": "阿美語, Amis, Ciwkangan(台東縣長光社區)", "speaker": "嚴胡佐妹, Zuomei, female, None", "collected": "2003-06-01", "revised": "2013-1-16", "video": "Amis_Nr-frog_zuomei.mp3"}, "s_a_span": [94.9, 99.76], "file": "Amis_Ciwkangan/Amis_Nr-frog_zuomei", "num": 70}], [71, {"ori": [], "gloss": [["..", "", ""], ["sadak", "exit", "出來"], ["sa’an,\\", "say.so", "如此說"]], "free": [], "s_end": false, "iu_a_span": [99.76, 100.83], "meta": {"topic": "Frog Story", "type": "Narrative", "language": "阿美語, Amis, Ciwkangan(台東縣長光社區)", "speaker": "嚴胡佐妹, Zuomei, female, None", "collected": "2003-06-01", "revised": "2013-1-16", "video": "Amis_Nr-frog_zuomei.mp3"}, "file": "Amis_Ciwkangan/Amis_Nr-frog_zuomei", "num": 71}], [72, {"ori": [], "gloss": [["..", "", ""], ["tiya", "that.INVIS.OBL", "那個.不可見.斜格"], ["XX,\\", "", ""]], "free": [], "s_end": false, "iu_a_span": [100.83, 101.82], "meta": {"topic": "Frog Story", "type": "Narrative", "language": "阿美語, Amis, Ciwkangan(台東縣長光社區)", "speaker": "嚴胡佐妹, Zuomei, female, None", "collected": "2003-06-01", "revised": "2013-1-16", "video": "Amis_Nr-frog_zuomei.mp3"}, "file": "Amis_Ciwkangan/Amis_Nr-frog_zuomei", "num": 72}], [73, {"ori": [], "gloss": [["...(0.7)", "", ""], ["ya", "that", "那個"], ["mi-celi’-an", "PF-call-PF", "受焦-呼叫-受焦"], ["tiya", "that.INVIS.OBL", "那個.不可見.斜格"], ["epung,\\", "hole", "洞"]], "free": [], "s_end": false, "iu_a_span": [101.82, 104.1], "meta": {"topic": "Frog Story", "type": "Narrative", "language": "阿美語, Amis, Ciwkangan(台東縣長光社區)", "speaker": "嚴胡佐妹, Zuomei, female, None", "collected": "2003-06-01", "revised": "2013-1-16", "video": "Amis_Nr-frog_zuomei.mp3"}, "file": "Amis_Ciwkangan/Amis_Nr-frog_zuomei", "num": 73}], [74, {"ori": [], "gloss": [["..", "", ""], ["nuya", "that.INVIS.GEN", "那個.不可見.屬格"], ["kilang.\\", "tree", "樹"]], "free": [], "s_end": false, "iu_a_span": [104.1, 104.56], "meta": {"topic": "Frog Story", "type": "Narrative", "language": "阿美語, Amis, Ciwkangan(台東縣長光社區)", "speaker": "嚴胡佐妹, Zuomei, female, None", "collected": "2003-06-01", "revised": "2013-1-16", "video": "Amis_Nr-frog_zuomei.mp3"}, "file": "Amis_Ciwkangan/Amis_Nr-frog_zuomei", "num": 74}], [75, {"ori": [], "gloss": [["..", "", ""], ["sadak", "exit", "出來"], ["sa,\\", "SA", "SA"]], "free": [], "s_end": false, "iu_a_span": [104.56, 105.32], "meta": {"topic": "Frog Story", "type": "Narrative", "language": "阿美語, Amis, Ciwkangan(台東縣長光社區)", "speaker": "嚴胡佐妹, Zuomei, female, None", "collected": "2003-06-01", "revised": "2013-1-16", "video": "Amis_Nr-frog_zuomei.mp3"}, "file": "Amis_Ciwkangan/Amis_Nr-frog_zuomei", "num": 75}], [76, {"ori": [], "gloss": [["..", "", ""], ["u", "CN", "CN"], ["anikak.\\", "crow", "烏鴉"]], "free": ["#e He shouted towards the tree hole, but a crow went out.", "#c 他對著樹洞裡呼叫，出來的是烏鴉。"], "s_end": true, "iu_a_span": [105.32, 106.29], "meta": {"topic": "Frog Story", "type": "Narrative", "language": "阿美語, Amis, Ciwkangan(台東縣長光社區)", "speaker": "嚴胡佐妹, Zuomei, female, None", "collected": "2003-06-01", "revised": "2013-1-16", "video": "Amis_Nr-frog_zuomei.mp3"}, "s_a_span": [99.76, 106.29], "file": "Amis_Ciwkangan/Amis_Nr-frog_zuomei", "num": 76}], [77, {"ori": [], "gloss": [["..", "", ""], ["ma-talaw", "AF-scared", "主焦-害怕"], ["cingra,\\", "3SG.NOM", "3SG.主格"]], "free": [], "s_end": false, "iu_a_span": [106.29, 107.36], "meta": {"topic": "Frog Story", "type": "Narrative", "language": "阿美語, Amis, Ciwkangan(台東縣長光社區)", "speaker": "嚴胡佐妹, Zuomei, female, None", "collected": "2003-06-01", "revised": "2013-1-16", "video": "Amis_Nr-frog_zuomei.mp3"}, "file": "Amis_Ciwkangan/Amis_Nr-frog_zuomei", "num": 77}], [78, {"ori": [], "gloss": [["..", "", ""], ["ma-tefad", "AF-fall", "主焦-掉下來"], ["a", "LNK", "連詞"], ["ma-lukelun,\\", "AF-tumble", "主焦-翻滾下來"]], "free": [], "s_end": false, "iu_a_span": [107.36, 108.97], "meta": {"topic": "Frog Story", "type": "Narrative", "language": "阿美語, Amis, Ciwkangan(台東縣長光社區)", "speaker": "嚴胡佐妹, Zuomei, female, None", "collected": "2003-06-01", "revised": "2013-1-16", "video": "Amis_Nr-frog_zuomei.mp3"}, "file": "Amis_Ciwkangan/Amis_Nr-frog_zuomei", "num": 78}], [79, {"ori": [], "gloss": [["...", "", ""], ["a", "LNK", "連詞"], ["i==tira", "there.INVIS", "那裡.不可見"], ["i", "LOC", "處格"], ["suta’", "soil", "土"], ["cingra,\\", "3SG.NOM", "3SG.主格"]], "free": ["#e He was scared and fell down and tumbled onto the ground.", "#c 他很害怕，翻滾著掉下來在地上。"], "s_end": true, "iu_a_span": [108.97, 111.44], "meta": {"topic": "Frog Story", "type": "Narrative", "language": "阿美語, Amis, Ciwkangan(台東縣長光社區)", "speaker": "嚴胡佐妹, Zuomei, female, None", "collected": "2003-06-01", "revised": "2013-1-16", "video": "Amis_Nr-frog_zuomei.mp3"}, "s_a_span": [106.29, 111.44], "file": "Amis_Ciwkangan/Amis_Nr-frog_zuomei", "num": 79}], [80, {"ori": [], "gloss": [["ya", "that", "那個"], ["wacu", "dog", "狗"], ["sa", "SA", "SA"], ["nira", "3SG.GEN", "3SG.屬格"], ["su’lin,\\", "really", "真的"]], "free": [], "s_end": false, "iu_a_span": [111.44, 112.79], "meta": {"topic": "Frog Story", "type": "Narrative", "language": "阿美語, Amis, Ciwkangan(台東縣長光社區)", "speaker": "嚴胡佐妹, Zuomei, female, None", "collected": "2003-06-01", "revised": "2013-1-16", "video": "Amis_Nr-frog_zuomei.mp3"}, "file": "Amis_Ciwkangan/Amis_Nr-frog_zuomei", "num": 80}], [81, {"ori": [], "gloss": [["..", "", ""], ["ma-talaw=tu.\\", "AF-scared=PFV", "主焦-害怕=完成"]], "free": ["#e His dog was scared as well.", "#c 他那隻狗也是非常害怕。"], "s_end": true, "iu_a_span": [112.79, 113.62], "meta": {"topic": "Frog Story", "type": "Narrative", "language": "阿美語, Amis, Ciwkangan(台東縣長光社區)", "speaker": "嚴胡佐妹, Zuomei, female, None", "collected": "2003-06-01", "revised": "2013-1-16", "video": "Amis_Nr-frog_zuomei.mp3"}, "s_a_span": [111.44, 113.62], "file": "Amis_Ciwkangan/Amis_Nr-frog_zuomei", "num": 81}], [82, {"ori": [], "gloss": [["..", "", ""], ["nengneng-han", "see-HAN.PF", "看-HAN.受焦"], ["nira.\\", "3SG.GEN", "3SG.屬格"]], "free": ["#n nengneng-han nira在這裡解釋為「結果......」。", "#n nengneng-han nira在這裡解釋為「結果......」。"], "s_end": false, "iu_a_span": [113.62, 114.63], "meta": {"topic": "Frog Story", "type": "Narrative", "language": "阿美語, Amis, Ciwkangan(台東縣長光社區)", "speaker": "嚴胡佐妹, Zuomei, female, None", "collected": "2003-06-01", "revised": "2013-1-16", "video": "Amis_Nr-frog_zuomei.mp3"}, "file": "Amis_Ciwkangan/Amis_Nr-frog_zuomei", "num": 82}], [83, {"ori": [], "gloss": [["..", "", ""], ["su’lin", "really", "真的"], ["ma-talaw", "AF-scared", "主焦-害怕"], ["tiya", "that.INVIS.OBL", "那個.不可見.斜格"], ["mi==-,\\", "PF-", "受焦-"]], "free": [], "s_end": false, "iu_a_span": [114.63, 116.04], "meta": {"topic": "Frog Story", "type": "Narrative", "language": "阿美語, Amis, Ciwkangan(台東縣長光社區)", "speaker": "嚴胡佐妹, Zuomei, female, None", "collected": "2003-06-01", "revised": "2013-1-16", "video": "Amis_Nr-frog_zuomei.mp3"}, "file": "Amis_Ciwkangan/Amis_Nr-frog_zuomei", "num": 83}], [84, {"ori": [], "gloss": [["..", "", ""], ["angang-an", "call-PF", "呼叫-受焦"], ["nira", "3SG.GEN", "3SG.屬格"], ["a==,\\", "LNK", "連詞"]], "free": [], "s_end": false, "iu_a_span": [116.04, 117.3], "meta": {"topic": "Frog Story", "type": "Narrative", "language": "阿美語, Amis, Ciwkangan(台東縣長光社區)", "speaker": "嚴胡佐妹, Zuomei, female, None", "collected": "2003-06-01", "revised": "2013-1-16", "video": "Amis_Nr-frog_zuomei.mp3"}, "file": "Amis_Ciwkangan/Amis_Nr-frog_zuomei", "num": 84}], [85, {"ori": [], "gloss": [["..", "", ""], ["anikak,\\", "crow", "烏鴉"]], "free": [], "s_end": false, "iu_a_span": [117.3, 118.14], "meta": {"topic": "Frog Story", "type": "Narrative", "language": "阿美語, Amis, Ciwkangan(台東縣長光社區)", "speaker": "嚴胡佐妹, Zuomei, female, None", "collected": "2003-06-01", "revised": "2013-1-16", "video": "Amis_Nr-frog_zuomei.mp3"}, "file": "Amis_Ciwkangan/Amis_Nr-frog_zuomei", "num": 85}], [86, {"ori": [], "gloss": [["..", "", ""], ["ma-talaw", "AF-scared", "主焦-害怕"], ["cangra.\\", "3PL.NOM", "3PL.主格"]], "free": ["#e They were really afraid of the crow that he shouted at.", "#c 他們真的很怕他呼叫的那隻烏鴉。"], "s_end": true, "iu_a_span": [118.14, 119.22], "meta": {"topic": "Frog Story", "type": "Narrative", "language": "阿美語, Amis, Ciwkangan(台東縣長光社區)", "speaker": "嚴胡佐妹, Zuomei, female, None", "collected": "2003-06-01", "revised": "2013-1-16", "video": "Amis_Nr-frog_zuomei.mp3"}, "s_a_span": [113.62, 119.22], "file": "Amis_Ciwkangan/Amis_Nr-frog_zuomei", "num": 86}], [87, {"ori": [], "gloss": [["..", "", ""], ["ka-itini=tu", "KA-here=PFV", "KA-這裡=完成"], ["ku", "NOM", "主格"], ["nga’ay-ay,\\", "good-AY", "好-AY"]], "free": [], "s_end": false, "iu_a_span": [119.22, 120.81], "meta": {"topic": "Frog Story", "type": "Narrative", "language": "阿美語, Amis, Ciwkangan(台東縣長光社區)", "speaker": "嚴胡佐妹, Zuomei, female, None", "collected": "2003-06-01", "revised": "2013-1-16", "video": "Amis_Nr-frog_zuomei.mp3"}, "file": "Amis_Ciwkangan/Amis_Nr-frog_zuomei", "num": 87}], [88, {"ori": [], "gloss": [["..", "", ""], ["tuna", "this.OBL", "這個.斜格"], ["fukeluh,\\", "stone", "石頭"]], "free": ["#e It would be better to stay on the rock.", "#c 倒不如在這個磐石上。"], "s_end": true, "iu_a_span": [120.81, 121.83], "meta": {"topic": "Frog Story", "type": "Narrative", "language": "阿美語, Amis, Ciwkangan(台東縣長光社區)", "speaker": "嚴胡佐妹, Zuomei, female, None", "collected": "2003-06-01", "revised": "2013-1-16", "video": "Amis_Nr-frog_zuomei.mp3"}, "s_a_span": [119.22, 121.83], "file": "Amis_Ciwkangan/Amis_Nr-frog_zuomei", "num": 88}], [89, {"ori": [], "gloss": [["..", "", ""], ["itira", "there.INVIS", "那裡.不可見"], ["kaku,\\", "1SG.NOM", "1SG.主格"]], "free": [], "s_end": false, "iu_a_span": [121.83, 122.63], "meta": {"topic": "Frog Story", "type": "Narrative", "language": "阿美語, Amis, Ciwkangan(台東縣長光社區)", "speaker": "嚴胡佐妹, Zuomei, female, None", "collected": "2003-06-01", "revised": "2013-1-16", "video": "Amis_Nr-frog_zuomei.mp3"}, "file": "Amis_Ciwkangan/Amis_Nr-frog_zuomei", "num": 89}], [90, {"ori": [], "gloss": [["..", "", ""], ["a", "LNK", "連詞"], ["ca’ay", "NEG", "否定"], ["ka-rawis", "KA-hook", "KA-勾住"], ["sa’an_\\", "say.so", "如此說"]], "free": ["#e ‘I couldn’t keep a fast hold on the rock,’ he said.", "#c 我在磐石上又勾不住，他這麼說。"], "s_end": true, "iu_a_span": [122.63, 123.82], "meta": {"topic": "Frog Story", "type": "Narrative", "language": "阿美語, Amis, Ciwkangan(台東縣長光社區)", "speaker": "嚴胡佐妹, Zuomei, female, None", "collected": "2003-06-01", "revised": "2013-1-16", "video": "Amis_Nr-frog_zuomei.mp3"}, "s_a_span": [121.83, 123.82], "file": "Amis_Ciwkangan/Amis_Nr-frog_zuomei", "num": 90}], [91, {"ori": [], "gloss": [["..", "", ""], ["tayra", "go", "去"], ["tuya==,\\", "that.INVIS.OBL", "那個.不可見.斜格"]], "free": [], "s_end": false, "iu_a_span": [123.82, 124.95], "meta": {"topic": "Frog Story", "type": "Narrative", "language": "阿美語, Amis, Ciwkangan(台東縣長光社區)", "speaker": "嚴胡佐妹, Zuomei, female, None", "collected": "2003-06-01", "revised": "2013-1-16", "video": "Amis_Nr-frog_zuomei.mp3"}, "file": "Amis_Ciwkangan/Amis_Nr-frog_zuomei", "num": 91}], [92, {"ori": [], "gloss": [["...", "", ""], ["fukeluh", "stone", "石頭"], ["cingra", "3SG.NOM", "3SG.主格"], ["i==,\\", "DM", "DM"]], "free": [], "s_end": false, "iu_a_span": [124.95, 126.62], "meta": {"topic": "Frog Story", "type": "Narrative", "language": "阿美語, Amis, Ciwkangan(台東縣長光社區)", "speaker": "嚴胡佐妹, Zuomei, female, None", "collected": "2003-06-01", "revised": "2013-1-16", "video": "Amis_Nr-frog_zuomei.mp3"}, "file": "Amis_Ciwkangan/Amis_Nr-frog_zuomei", "num": 92}], [93, {"ori": [], "gloss": [["..", "", ""], ["tuya", "that.INVIS.OBL", "那個.不可見.斜格"], ["a", "LNK", "連詞"], ["t<um>ireng.\\", "<AF>stand", "<主焦>站"]], "free": ["#e (I) would rather stand up.", "#c 倒不如站起來。"], "s_end": true, "iu_a_span": [126.62, 127.69], "meta": {"topic": "Frog Story", "type": "Narrative", "language": "阿美語, Amis, Ciwkangan(台東縣長光社區)", "speaker": "嚴胡佐妹, Zuomei, female, None", "collected": "2003-06-01", "revised": "2013-1-16", "video": "Amis_Nr-frog_zuomei.mp3"}, "s_a_span": [123.82, 127.69], "file": "Amis_Ciwkangan/Amis_Nr-frog_zuomei", "num": 93}], [94, {"ori": [], "gloss": [["..", "", ""], ["su’lin,\\", "really", "真的"]], "free": [], "s_end": false, "iu_a_span": [127.69, 128.28], "meta": {"topic": "Frog Story", "type": "Narrative", "language": "阿美語, Amis, Ciwkangan(台東縣長光社區)", "speaker": "嚴胡佐妹, Zuomei, female, None", "collected": "2003-06-01", "revised": "2013-1-16", "video": "Amis_Nr-frog_zuomei.mp3"}, "file": "Amis_Ciwkangan/Amis_Nr-frog_zuomei", "num": 94}], [95, {"ori": [], "gloss": [["..", "", ""], ["t<um>ireng", "<AF>stand", "<主焦>站"], ["cingra,\\", "3SG.NOM", "3SG.主格"]], "free": [], "s_end": false, "iu_a_span": [128.28, 129.09], "meta": {"topic": "Frog Story", "type": "Narrative", "language": "阿美語, Amis, Ciwkangan(台東縣長光社區)", "speaker": "嚴胡佐妹, Zuomei, female, None", "collected": "2003-06-01", "revised": "2013-1-16", "video": "Amis_Nr-frog_zuomei.mp3"}, "file": "Amis_Ciwkangan/Amis_Nr-frog_zuomei", "num": 95}], [96, {"ori": [], "gloss": [["..", "", ""], ["ma-a==raw", "PF-see", "受焦-看"], ["nira,\\", "3SG.GEN", "3SG.屬格"]], "free": [], "s_end": false, "iu_a_span": [129.09, 130.38], "meta": {"topic": "Frog Story", "type": "Narrative", "language": "阿美語, Amis, Ciwkangan(台東縣長光社區)", "speaker": "嚴胡佐妹, Zuomei, female, None", "collected": "2003-06-01", "revised": "2013-1-16", "video": "Amis_Nr-frog_zuomei.mp3"}, "file": "Amis_Ciwkangan/Amis_Nr-frog_zuomei", "num": 96}], [97, {"ori": [], "gloss": [["..", "", ""], ["kunini", "this.NOM", "這個.主格"], ["siri", "goat", "羊"], ["nu", "GEN", "屬格"], ["lutuk.\\", "mountain", "山"]], "free": ["#e He really stood up, seeing a goat.", "#c 他真的站起來，看到一隻山羊。"], "s_end": true, "iu_a_span": [130.38, 131.88], "meta": {"topic": "Frog Story", "type": "Narrative", "language": "阿美語, Amis, Ciwkangan(台東縣長光社區)", "speaker": "嚴胡佐妹, Zuomei, female, None", "collected": "2003-06-01", "revised": "2013-1-16", "video": "Amis_Nr-frog_zuomei.mp3"}, "s_a_span": [127.69, 131.88], "file": "Amis_Ciwkangan/Amis_Nr-frog_zuomei", "num": 97}], [98, {"ori": [], "gloss": [["...", "", ""], ["itira=hu", "there.INVIS=still", "那裡.不可見=還"], ["ku", "NOM", "主格"], ["ka-talaw,\\", "KA-scared", "KA-害怕"]], "free": [], "s_end": false, "iu_a_span": [131.88, 133.64], "meta": {"topic": "Frog Story", "type": "Narrative", "language": "阿美語, Amis, Ciwkangan(台東縣長光社區)", "speaker": "嚴胡佐妹, Zuomei, female, None", "collected": "2003-06-01", "revised": "2013-1-16", "video": "Amis_Nr-frog_zuomei.mp3"}, "file": "Amis_Ciwkangan/Amis_Nr-frog_zuomei", "num": 98}], [99, {"ori": [], "gloss": [["..", "", ""], ["nu", "GEN", "屬格"], ["falucu’", "heart", "心"], ["nira,\\", "3SG.GEN", "3SG.屬格"]], "free": ["#e He felt scared again.", "#c 再一次，他感到害怕。"], "s_end": true, "iu_a_span": [133.64, 134.76], "meta": {"topic": "Frog Story", "type": "Narrative", "language": "阿美語, Amis, Ciwkangan(台東縣長光社區)", "speaker": "嚴胡佐妹, Zuomei, female, None", "collected": "2003-06-01", "revised": "2013-1-16", "video": "Amis_Nr-frog_zuomei.mp3"}, "s_a_span": [131.88, 134.76], "file": "Amis_Ciwkangan/Amis_Nr-frog_zuomei", "num": 99}], [100, {"ori": [], "gloss": [["..", "", ""], ["c<um>ikay=tu", "<AF>run=PFV", "<主焦>跑=完成"], ["tala==,\\", "towards", "往"]], "free": [], "s_end": false, "iu_a_span": [134.76, 136.49], "meta": {"topic": "Frog Story", "type": "Narrative", "language": "阿美語, Amis, Ciwkangan(台東縣長光社區)", "speaker": "嚴胡佐妹, Zuomei, female, None", "collected": "2003-06-01", "revised": "2013-1-16", "video": "Amis_Nr-frog_zuomei.mp3"}, "file": "Amis_Ciwkangan/Amis_Nr-frog_zuomei", "num": 100}], [101, {"ori": [], "gloss": [["..", "", ""], ["cuwa-cuwa=tu", "RED-where=PFV", "重疊-哪裡=完成"], ["ma-fukil=tu", "AF-not.know=PFV", "主焦-不知道=完成"], ["cingra,\\", "3SG.NOM", "3SG.主格"]], "free": ["#e Running away, he didn’t know where he went.", "#c 快跑地（離開），他不知道往哪一個方向。"], "s_end": true, "iu_a_span": [136.49, 138.39], "meta": {"topic": "Frog Story", "type": "Narrative", "language": "阿美語, Amis, Ciwkangan(台東縣長光社區)", "speaker": "嚴胡佐妹, Zuomei, female, None", "collected": "2003-06-01", "revised": "2013-1-16", "video": "Amis_Nr-frog_zuomei.mp3"}, "s_a_span": [134.76, 138.39], "file": "Amis_Ciwkangan/Amis_Nr-frog_zuomei", "num": 101}], [102, {"ori": [], "gloss": [["..", "", ""], ["hinam-han", "turn.out-HAN.PF", "結果-HAN.受焦"], ["ta", "then", "然後"], ["kefeng", "fall", "掉落"], ["itini", "here", "這裡"], ["i,_", "LOC", "處格"]], "free": [], "s_end": false, "iu_a_span": [138.39, 140.94], "meta": {"topic": "Frog Story", "type": "Narrative", "language": "阿美語, Amis, Ciwkangan(台東縣長光社區)", "speaker": "嚴胡佐妹, Zuomei, female, None", "collected": "2003-06-01", "revised": "2013-1-16", "video": "Amis_Nr-frog_zuomei.mp3"}, "file": "Amis_Ciwkangan/Amis_Nr-frog_zuomei", "num": 102}], [103, {"ori": [], "gloss": [["..", "", ""], ["i", "LOC", "處格"], ["ranum.\\", "water", "水"]], "free": [], "s_end": false, "iu_a_span": [140.94, 141.91], "meta": {"topic": "Frog Story", "type": "Narrative", "language": "阿美語, Amis, Ciwkangan(台東縣長光社區)", "speaker": "嚴胡佐妹, Zuomei, female, None", "collected": "2003-06-01", "revised": "2013-1-16", "video": "Amis_Nr-frog_zuomei.mp3"}, "file": "Amis_Ciwkangan/Amis_Nr-frog_zuomei", "num": 103}], [104, {"ori": [], "gloss": [["..", "", ""], ["itira=tu", "there.INVIS=PFV", "那邊.不可見=完成"], ["cingra,\\", "3SG.NOM", "3SG.主格"]], "free": [], "s_end": false, "iu_a_span": [141.91, 143.02], "meta": {"topic": "Frog Story", "type": "Narrative", "language": "阿美語, Amis, Ciwkangan(台東縣長光社區)", "speaker": "嚴胡佐妹, Zuomei, female, None", "collected": "2003-06-01", "revised": "2013-1-16", "video": "Amis_Nr-frog_zuomei.mp3"}, "file": "Amis_Ciwkangan/Amis_Nr-frog_zuomei", "num": 104}], [105, {"ori": [], "gloss": [["..", "", ""], ["dangu==y", "swim", "游泳"], ["sa=tu,\\", "SA=PFV", "SA=完成"]], "free": [], "s_end": false, "iu_a_span": [143.02, 144.75], "meta": {"topic": "Frog Story", "type": "Narrative", "language": "阿美語, Amis, Ciwkangan(台東縣長光社區)", "speaker": "嚴胡佐妹, Zuomei, female, None", "collected": "2003-06-01", "revised": "2013-1-16", "video": "Amis_Nr-frog_zuomei.mp3"}, "file": "Amis_Ciwkangan/Amis_Nr-frog_zuomei", "num": 105}], [106, {"ori": [], "gloss": [["..", "", ""], ["a", "LNK", "連詞"], ["mi-danguy", "AF-swim", "主焦-游泳"], ["tuni,\\", "this.OBL", "這個.斜格"]], "free": [], "s_end": false, "iu_a_span": [144.75, 145.79], "meta": {"topic": "Frog Story", "type": "Narrative", "language": "阿美語, Amis, Ciwkangan(台東縣長光社區)", "speaker": "嚴胡佐妹, Zuomei, female, None", "collected": "2003-06-01", "revised": "2013-1-16", "video": "Amis_Nr-frog_zuomei.mp3"}, "file": "Amis_Ciwkangan/Amis_Nr-frog_zuomei", "num": 106}], [107, {"ori": [], "gloss": [["..", "", ""], ["ka-talaw", "KA-scared", "KA-害怕"], ["tuyanan,\\", "that.INVIS.OBL", "那個.不可見.斜格"]], "free": [], "s_end": false, "iu_a_span": [145.79, 147.12], "meta": {"topic": "Frog Story", "type": "Narrative", "language": "阿美語, Amis, Ciwkangan(台東縣長光社區)", "speaker": "嚴胡佐妹, Zuomei, female, None", "collected": "2003-06-01", "revised": "2013-1-16", "video": "Amis_Nr-frog_zuomei.mp3"}, "file": "Amis_Ciwkangan/Amis_Nr-frog_zuomei", "num": 107}], [108, {"ori": [], "gloss": [["..", "", ""], ["a", "LNK", "連詞"], ["siri.\\", "goat", "羊"]], "free": ["#e He fell into the water and swam there for fear of the goat.", "#c 結果他掉到水裡，他就在那邊游泳，因為怕那隻山羊。"], "s_end": true, "iu_a_span": [147.12, 147.77], "meta": {"topic": "Frog Story", "type": "Narrative", "language": "阿美語, Amis, Ciwkangan(台東縣長光社區)", "speaker": "嚴胡佐妹, Zuomei, female, None", "collected": "2003-06-01", "revised": "2013-1-16", "video": "Amis_Nr-frog_zuomei.mp3"}, "s_a_span": [138.39, 147.77], "file": "Amis_Ciwkangan/Amis_Nr-frog_zuomei", "num": 108}], [109, {"ori": [], "gloss": [["..", "", ""], ["su’lin", "really", "真的"], ["maan-en,\\", "what-PF", "什麼-受焦"]], "free": [], "s_end": false, "iu_a_span": [147.77, 149.08], "meta": {"topic": "Frog Story", "type": "Narrative", "language": "阿美語, Amis, Ciwkangan(台東縣長光社區)", "speaker": "嚴胡佐妹, Zuomei, female, None", "collected": "2003-06-01", "revised": "2013-1-16", "video": "Amis_Nr-frog_zuomei.mp3"}, "file": "Amis_Ciwkangan/Amis_Nr-frog_zuomei", "num": 109}], [110, {"ori": [], "gloss": [["..", "", ""], ["tala-hekal=tu", "towards-shore=PFV", "往-岸邊=完成"], ["cingra,\\", "3SG.NOM", "3SG.主格"]], "free": [], "s_end": false, "iu_a_span": [149.08, 150.02], "meta": {"topic": "Frog Story", "type": "Narrative", "language": "阿美語, Amis, Ciwkangan(台東縣長光社區)", "speaker": "嚴胡佐妹, Zuomei, female, None", "collected": "2003-06-01", "revised": "2013-1-16", "video": "Amis_Nr-frog_zuomei.mp3"}, "file": "Amis_Ciwkangan/Amis_Nr-frog_zuomei", "num": 110}], [111, {"ori": [], "gloss": [["..", "", ""], ["na", "NA", "NA"], ["mi-danguy,\\", "AF-swim", "主焦-游泳"]], "free": ["#e What could he do? He swam to the shore.", "#c 真的怎麼辦呢？他就游上岸。", "#n tala-hekal；游上岸。"], "s_end": true, "iu_a_span": [150.02, 150.66], "meta": {"topic": "Frog Story", "type": "Narrative", "language": "阿美語, Amis, Ciwkangan(台東縣長光社區)", "speaker": "嚴胡佐妹, Zuomei, female, None", "collected": "2003-06-01", "revised": "2013-1-16", "video": "Amis_Nr-frog_zuomei.mp3"}, "s_a_span": [147.77, 150.66], "file": "Amis_Ciwkangan/Amis_Nr-frog_zuomei", "num": 111}], [112, {"ori": [], "gloss": [["..", "", ""], ["ma-nengneng", "PF-see", "受焦-看"], ["nira", "3SG.GEN", "3SG.屬格"], ["ku", "NOM", "主格"], ["ccay", "one", "一"], ["a,\\", "LNK", "連詞"]], "free": [], "s_end": false, "iu_a_span": [150.66, 152.39], "meta": {"topic": "Frog Story", "type": "Narrative", "language": "阿美語, Amis, Ciwkangan(台東縣長光社區)", "speaker": "嚴胡佐妹, Zuomei, female, None", "collected": "2003-06-01", "revised": "2013-1-16", "video": "Amis_Nr-frog_zuomei.mp3"}, "file": "Amis_Ciwkangan/Amis_Nr-frog_zuomei", "num": 112}], [113, {"ori": [], "gloss": [["..", "", ""], ["kilang.\\", "tree", "樹"]], "free": [], "s_end": false, "iu_a_span": [152.39, 153.18], "meta": {"topic": "Frog Story", "type": "Narrative", "language": "阿美語, Amis, Ciwkangan(台東縣長光社區)", "speaker": "嚴胡佐妹, Zuomei, female, None", "collected": "2003-06-01", "revised": "2013-1-16", "video": "Amis_Nr-frog_zuomei.mp3"}, "file": "Amis_Ciwkangan/Amis_Nr-frog_zuomei", "num": 113}], [114, {"ori": [], "gloss": [["..", "", ""], ["ma-puheday=tu", "AF-rotten=PFV", "主焦-腐朽=完成"], ["a", "LNK", "連詞"], ["kilang,\\", "tree", "樹"]], "free": [], "s_end": false, "iu_a_span": [153.18, 155.04], "meta": {"topic": "Frog Story", "type": "Narrative", "language": "阿美語, Amis, Ciwkangan(台東縣長光社區)", "speaker": "嚴胡佐妹, Zuomei, female, None", "collected": "2003-06-01", "revised": "2013-1-16", "video": "Amis_Nr-frog_zuomei.mp3"}, "file": "Amis_Ciwkangan/Amis_Nr-frog_zuomei", "num": 114}], [115, {"ori": [], "gloss": [["..", "", ""], ["ma-epung", "AF-hole", "主焦-洞"], ["ku", "NOM", "主格"], ["sifu’", "middle", "中間"], ["nira.\\", "3SG.GEN", "3SG.屬格"]], "free": [], "s_end": false, "iu_a_span": [155.04, 156.71], "meta": {"topic": "Frog Story", "type": "Narrative", "language": "阿美語, Amis, Ciwkangan(台東縣長光社區)", "speaker": "嚴胡佐妹, Zuomei, female, None", "collected": "2003-06-01", "revised": "2013-1-16", "video": "Amis_Nr-frog_zuomei.mp3"}, "file": "Amis_Ciwkangan/Amis_Nr-frog_zuomei", "num": 115}], [116, {"ori": [], "gloss": [["..", "", ""], ["a", "LNK", "連詞"], ["latek,\\", "possible", "可能"]], "free": [], "s_end": false, "iu_a_span": [156.71, 157.45], "meta": {"topic": "Frog Story", "type": "Narrative", "language": "阿美語, Amis, Ciwkangan(台東縣長光社區)", "speaker": "嚴胡佐妹, Zuomei, female, None", "collected": "2003-06-01", "revised": "2013-1-16", "video": "Amis_Nr-frog_zuomei.mp3"}, "file": "Amis_Ciwkangan/Amis_Nr-frog_zuomei", "num": 116}], [117, {"ori": [], "gloss": [["..", "", ""], ["itini==,\\", "here", "這裡"]], "free": [], "s_end": false, "iu_a_span": [157.45, 158.29], "meta": {"topic": "Frog Story", "type": "Narrative", "language": "阿美語, Amis, Ciwkangan(台東縣長光社區)", "speaker": "嚴胡佐妹, Zuomei, female, None", "collected": "2003-06-01", "revised": "2013-1-16", "video": "Amis_Nr-frog_zuomei.mp3"}, "file": "Amis_Ciwkangan/Amis_Nr-frog_zuomei", "num": 117}], [118, {"ori": [], "gloss": [["..", "", ""], ["kuya", "that.INVIS.NOM", "那個.不可見.主格"], ["takula’", "frog", "青蛙"], ["aku,\\", "1SG.GEN", "1SG.屬格"]], "free": ["#e He saw a piece of wood, and there was a hole in the middle of the rotten wood. Perhaps my frog was here.", "#c 他看到一塊木頭，已經腐朽的木頭中間有一個洞，我的青蛙可能在這裡。"], "s_end": true, "iu_a_span": [158.29, 159.41], "meta": {"topic": "Frog Story", "type": "Narrative", "language": "阿美語, Amis, Ciwkangan(台東縣長光社區)", "speaker": "嚴胡佐妹, Zuomei, female, None", "collected": "2003-06-01", "revised": "2013-1-16", "video": "Amis_Nr-frog_zuomei.mp3"}, "s_a_span": [150.66, 159.41], "file": "Amis_Ciwkangan/Amis_Nr-frog_zuomei", "num": 118}], [119, {"ori": [], "gloss": [["..", "", ""], ["nasa", "NASA", "NASA"], ["ku==,\\", "NOM", "主格"]], "free": [], "s_end": false, "iu_a_span": [159.41, 160.44], "meta": {"topic": "Frog Story", "type": "Narrative", "language": "阿美語, Amis, Ciwkangan(台東縣長光社區)", "speaker": "嚴胡佐妹, Zuomei, female, None", "collected": "2003-06-01", "revised": "2013-1-16", "video": "Amis_Nr-frog_zuomei.mp3"}, "file": "Amis_Ciwkangan/Amis_Nr-frog_zuomei", "num": 119}], [120, {"ori": [], "gloss": [["..", "", ""], ["hinatala", "expect", "期盼"], ["nira", "3SG.GEN", "3SG.屬格"], ["tu", "OBL", "斜格"], ["ka-raheker,\\", "KA-relieved", "KA-安心"]], "free": [], "s_end": false, "iu_a_span": [160.44, 162.26], "meta": {"topic": "Frog Story", "type": "Narrative", "language": "阿美語, Amis, Ciwkangan(台東縣長光社區)", "speaker": "嚴胡佐妹, Zuomei, female, None", "collected": "2003-06-01", "revised": "2013-1-16", "video": "Amis_Nr-frog_zuomei.mp3"}, "file": "Amis_Ciwkangan/Amis_Nr-frog_zuomei", "num": 120}], [121, {"ori": [], "gloss": [["..", "", ""], ["nira", "3SG.GEN", "3SG.屬格"], ["a", "LNK", "連詞"], ["mi-kilim,\\", "AF-look.for", "主焦-尋找"]], "free": ["#e He felt relieved because he thought that he could find (his frog).", "#c 認為可能那隻青蛙可以找到，期盼的心情就放鬆了。", "#n hinatala kaku (tu rumi’ami’ad) tu ka-ira isu mi-lisu’ takuwanan：我（每天）期盼你來看我。", "#n ira kisu tayni raheker ku falucu’ aku：你來看我，我心情非常高興。", "#n ca’ay tu ka-sasiful ku harateng aku：我的心情不會忐忑不安。"], "s_end": true, "iu_a_span": [162.26, 163.16], "meta": {"topic": "Frog Story", "type": "Narrative", "language": "阿美語, Amis, Ciwkangan(台東縣長光社區)", "speaker": "嚴胡佐妹, Zuomei, female, None", "collected": "2003-06-01", "revised": "2013-1-16", "video": "Amis_Nr-frog_zuomei.mp3"}, "s_a_span": [159.41, 163.16], "file": "Amis_Ciwkangan/Amis_Nr-frog_zuomei", "num": 121}], [122, {"ori": [], "gloss": [["..", "", ""], ["nengneng-han", "see-HAN.PF", "看-HAN.受焦"], ["nira,\\", "3SG.GEN", "3SG.屬格"]], "free": [], "s_end": false, "iu_a_span": [163.16, 163.91], "meta": {"topic": "Frog Story", "type": "Narrative", "language": "阿美語, Amis, Ciwkangan(台東縣長光社區)", "speaker": "嚴胡佐妹, Zuomei, female, None", "collected": "2003-06-01", "revised": "2013-1-16", "video": "Amis_Nr-frog_zuomei.mp3"}, "file": "Amis_Ciwkangan/Amis_Nr-frog_zuomei", "num": 122}], [123, {"ori": [], "gloss": [["...", "", ""], ["ira", "EXIST", "存在"], ["ku", "NOM", "主格"], ["ta-tusa-ay", "Ca-two-AY", "Ca重疊-二-AY"], ["a", "LNK", "連詞"], ["takula’,\\", "frog", "青蛙"]], "free": [], "s_end": false, "iu_a_span": [163.91, 166.01], "meta": {"topic": "Frog Story", "type": "Narrative", "language": "阿美語, Amis, Ciwkangan(台東縣長光社區)", "speaker": "嚴胡佐妹, Zuomei, female, None", "collected": "2003-06-01", "revised": "2013-1-16", "video": "Amis_Nr-frog_zuomei.mp3"}, "file": "Amis_Ciwkangan/Amis_Nr-frog_zuomei", "num": 123}], [124, {"ori": [], "gloss": [["..", "", ""], ["ma-nengneng", "PF-see", "受焦-看"], ["nira,\\", "3SG.GEN", "3SG.屬格"]], "free": ["#e He saw there were two frogs.", "#c 他看到有兩隻青蛙。"], "s_end": true, "iu_a_span": [166.01, 166.81], "meta": {"topic": "Frog Story", "type": "Narrative", "language": "阿美語, Amis, Ciwkangan(台東縣長光社區)", "speaker": "嚴胡佐妹, Zuomei, female, None", "collected": "2003-06-01", "revised": "2013-1-16", "video": "Amis_Nr-frog_zuomei.mp3"}, "s_a_span": [163.16, 166.81], "file": "Amis_Ciwkangan/Amis_Nr-frog_zuomei", "num": 124}], [125, {"ori": [], "gloss": [["..", "", ""], ["i", "LOC", "處格"], ["ini=itu,\\", "here=PFV", "這裡=完成"]], "free": [], "s_end": false, "iu_a_span": [166.81, 168.36], "meta": {"topic": "Frog Story", "type": "Narrative", "language": "阿美語, Amis, Ciwkangan(台東縣長光社區)", "speaker": "嚴胡佐妹, Zuomei, female, None", "collected": "2003-06-01", "revised": "2013-1-16", "video": "Amis_Nr-frog_zuomei.mp3"}, "file": "Amis_Ciwkangan/Amis_Nr-frog_zuomei", "num": 125}], [126, {"ori": [], "gloss": [["..", "", ""], ["sa", "say.so", "如此說"], ["cingra,\\", "3SG.NOM", "3SG.主格"]], "free": ["#e ‘It’s here,’ he said.", "#c 他說：「原來在這裡」。"], "s_end": true, "iu_a_span": [168.36, 169.1], "meta": {"topic": "Frog Story", "type": "Narrative", "language": "阿美語, Amis, Ciwkangan(台東縣長光社區)", "speaker": "嚴胡佐妹, Zuomei, female, None", "collected": "2003-06-01", "revised": "2013-1-16", "video": "Amis_Nr-frog_zuomei.mp3"}, "s_a_span": [166.81, 169.1], "file": "Amis_Ciwkangan/Amis_Nr-frog_zuomei", "num": 126}], [127, {"ori": [], "gloss": [["..", "", ""], ["celi==’-han", "call-HAN.PF", "呼喊-HAN.受焦"], ["nira,\\", "3SG.GEN", "3SG.屬格"]], "free": [], "s_end": false, "iu_a_span": [169.1, 170.07], "meta": {"topic": "Frog Story", "type": "Narrative", "language": "阿美語, Amis, Ciwkangan(台東縣長光社區)", "speaker": "嚴胡佐妹, Zuomei, female, None", "collected": "2003-06-01", "revised": "2013-1-16", "video": "Amis_Nr-frog_zuomei.mp3"}, "file": "Amis_Ciwkangan/Amis_Nr-frog_zuomei", "num": 127}], [128, {"ori": [], "gloss": [["..", "", ""], ["su’lin", "really", "真的"], ["mi-celi’=tu", "AF-call=PFV", "主焦-呼喊=完成"], ["kiya==,\\", "that.INVIS.NOM", "那個.不可見.主格"]], "free": [], "s_end": false, "iu_a_span": [170.07, 172.25], "meta": {"topic": "Frog Story", "type": "Narrative", "language": "阿美語, Amis, Ciwkangan(台東縣長光社區)", "speaker": "嚴胡佐妹, Zuomei, female, None", "collected": "2003-06-01", "revised": "2013-1-16", "video": "Amis_Nr-frog_zuomei.mp3"}, "file": "Amis_Ciwkangan/Amis_Nr-frog_zuomei", "num": 128}], [129, {"ori": [], "gloss": [["...", "", ""], ["takula’", "frog", "青蛙"], ["itini", "here", "這裡"], ["i", "LOC", "處格"], ["cingranan.\\", "3SG.OBL", "3SG.斜格"]], "free": ["#e He called, and the frog also called him.", "#c 他呼叫著，真的那隻青蛙也跟著呼叫他。"], "s_end": true, "iu_a_span": [172.25, 174.31], "meta": {"topic": "Frog Story", "type": "Narrative", "language": "阿美語, Amis, Ciwkangan(台東縣長光社區)", "speaker": "嚴胡佐妹, Zuomei, female, None", "collected": "2003-06-01", "revised": "2013-1-16", "video": "Amis_Nr-frog_zuomei.mp3"}, "s_a_span": [169.1, 174.31], "file": "Amis_Ciwkangan/Amis_Nr-frog_zuomei", "num": 129}], [130, {"ori": [], "gloss": [["..", "", ""], ["nengne==ng,\\", "see", "看"]], "free": [], "s_end": false, "iu_a_span": [174.31, 174.95], "meta": {"topic": "Frog Story", "type": "Narrative", "language": "阿美語, Amis, Ciwkangan(台東縣長光社區)", "speaker": "嚴胡佐妹, Zuomei, female, None", "collected": "2003-06-01", "revised": "2013-1-16", "video": "Amis_Nr-frog_zuomei.mp3"}, "file": "Amis_Ciwkangan/Amis_Nr-frog_zuomei", "num": 130}], [131, {"ori": [], "gloss": [["..", "", ""], ["pa-pi-nengneng", "PA-PI-see", "PA-PI-看"], ["hatu", "HATU", "HATU"], ["nira==,\\", "3SG.GEN", "3SG.屬格"]], "free": [], "s_end": false, "iu_a_span": [174.95, 176.29], "meta": {"topic": "Frog Story", "type": "Narrative", "language": "阿美語, Amis, Ciwkangan(台東縣長光社區)", "speaker": "嚴胡佐妹, Zuomei, female, None", "collected": "2003-06-01", "revised": "2013-1-16", "video": "Amis_Nr-frog_zuomei.mp3"}, "file": "Amis_Ciwkangan/Amis_Nr-frog_zuomei", "num": 131}], [132, {"ori": [], "gloss": [["..", "", ""], ["mi-celi’", "AF-call", "主焦-呼喊"], ["niya==,\\", "that.INVIS.GEN", "那個.不可見.屬格"]], "free": [], "s_end": false, "iu_a_span": [176.29, 177.35], "meta": {"topic": "Frog Story", "type": "Narrative", "language": "阿美語, Amis, Ciwkangan(台東縣長光社區)", "speaker": "嚴胡佐妹, Zuomei, female, None", "collected": "2003-06-01", "revised": "2013-1-16", "video": "Amis_Nr-frog_zuomei.mp3"}, "file": "Amis_Ciwkangan/Amis_Nr-frog_zuomei", "num": 132}], [133, {"ori": [], "gloss": [["..", "", ""], ["takula’", "frog", "青蛙"], ["cingra,\\", "3SG.NOM", "3SG.主格"]], "free": ["#e He kept looking and called the frog.", "#c 他看了又看，呼叫著那隻青蛙。", "#n 陳金龍老師覺得hatu應該是hantu。"], "s_end": true, "iu_a_span": [177.35, 178.55], "meta": {"topic": "Frog Story", "type": "Narrative", "language": "阿美語, Amis, Ciwkangan(台東縣長光社區)", "speaker": "嚴胡佐妹, Zuomei, female, None", "collected": "2003-06-01", "revised": "2013-1-16", "video": "Amis_Nr-frog_zuomei.mp3"}, "s_a_span": [174.31, 178.55], "file": "Amis_Ciwkangan/Amis_Nr-frog_zuomei", "num": 133}], [134, {"ori": [], "gloss": [["..", "", ""], ["nengneng-han", "see-HAN.PF", "看-HAN.受焦"], ["nira,\\", "3SG.GEN", "3SG.屬格"]], "free": [], "s_end": false, "iu_a_span": [178.55, 179.25], "meta": {"topic": "Frog Story", "type": "Narrative", "language": "阿美語, Amis, Ciwkangan(台東縣長光社區)", "speaker": "嚴胡佐妹, Zuomei, female, None", "collected": "2003-06-01", "revised": "2013-1-16", "video": "Amis_Nr-frog_zuomei.mp3"}, "file": "Amis_Ciwkangan/Amis_Nr-frog_zuomei", "num": 134}], [135, {"ori": [], "gloss": [["..", "", ""], ["su’lin,\\", "really", "真的"]], "free": [], "s_end": false, "iu_a_span": [179.25, 179.66], "meta": {"topic": "Frog Story", "type": "Narrative", "language": "阿美語, Amis, Ciwkangan(台東縣長光社區)", "speaker": "嚴胡佐妹, Zuomei, female, None", "collected": "2003-06-01", "revised": "2013-1-16", "video": "Amis_Nr-frog_zuomei.mp3"}, "file": "Amis_Ciwkangan/Amis_Nr-frog_zuomei", "num": 135}], [136, {"ori": [], "gloss": [["..", "", ""], ["adihay=tu", "many=PFV", "很多=完成"], ["ku", "NOM", "主格"], ["wawa", "child", "小孩"], ["nira,\\", "3SG.GEN", "3SG.屬格"]], "free": ["#e There were many children.", "#c 真的很多孩子（小青蛙）。"], "s_end": true, "iu_a_span": [179.66, 181.72], "meta": {"topic": "Frog Story", "type": "Narrative", "language": "阿美語, Amis, Ciwkangan(台東縣長光社區)", "speaker": "嚴胡佐妹, Zuomei, female, None", "collected": "2003-06-01", "revised": "2013-1-16", "video": "Amis_Nr-frog_zuomei.mp3"}, "s_a_span": [178.55, 181.72], "file": "Amis_Ciwkangan/Amis_Nr-frog_zuomei", "num": 136}], [137, {"ori": [], "gloss": [["..", "", ""], ["anca", "or", "或者"], ["o", "O", "O"], ["widang", "friend", "朋友"], ["nira,\\", "3SG.GEN", "3SG.屬格"]], "free": [], "s_end": false, "iu_a_span": [181.72, 182.92], "meta": {"topic": "Frog Story", "type": "Narrative", "language": "阿美語, Amis, Ciwkangan(台東縣長光社區)", "speaker": "嚴胡佐妹, Zuomei, female, None", "collected": "2003-06-01", "revised": "2013-1-16", "video": "Amis_Nr-frog_zuomei.mp3"}, "file": "Amis_Ciwkangan/Amis_Nr-frog_zuomei", "num": 137}], [138, {"ori": [], "gloss": [["..", "", ""], ["hakini", "suspect", "懷疑"], ["sa", "SA", "SA"], ["ku==,\\", "NOM", "主格"]], "free": [], "s_end": false, "iu_a_span": [182.92, 183.98], "meta": {"topic": "Frog Story", "type": "Narrative", "language": "阿美語, Amis, Ciwkangan(台東縣長光社區)", "speaker": "嚴胡佐妹, Zuomei, female, None", "collected": "2003-06-01", "revised": "2013-1-16", "video": "Amis_Nr-frog_zuomei.mp3"}, "file": "Amis_Ciwkangan/Amis_Nr-frog_zuomei", "num": 138}], [139, {"ori": [], "gloss": [["..", "", ""], ["raheker", "relieved", "安心"], ["nu", "GEN", "屬格"], ["falucu’", "heart", "心"], ["nira", "3SG.GEN", "3SG.屬格"], ["nanuyan=tu", "??=PFV", "??=完成"], ["i,\\", "DM", "DM"]], "free": ["#e Or his friends? He felt relieved.", "#c 還是他的朋友呢？他就安心了。", "#n masamaan tu hakini tunian a mi-heca-an：今年會怎樣呢？", "#n masamaan tu tireng nira hakini：不知他的身體如何？"], "s_end": true, "iu_a_span": [183.98, 186.91], "meta": {"topic": "Frog Story", "type": "Narrative", "language": "阿美語, Amis, Ciwkangan(台東縣長光社區)", "speaker": "嚴胡佐妹, Zuomei, female, None", "collected": "2003-06-01", "revised": "2013-1-16", "video": "Amis_Nr-frog_zuomei.mp3"}, "s_a_span": [181.72, 186.91], "file": "Amis_Ciwkangan/Amis_Nr-frog_zuomei", "num": 139}], [140, {"ori": [], "gloss": [["..", "", ""], ["itira=tu", "there.INVIS=PFV", "那裡.不可見=完成"], ["i==,\\", "DM", "DM"]], "free": [], "s_end": false, "iu_a_span": [186.91, 188.58], "meta": {"topic": "Frog Story", "type": "Narrative", "language": "阿美語, Amis, Ciwkangan(台東縣長光社區)", "speaker": "嚴胡佐妹, Zuomei, female, None", "collected": "2003-06-01", "revised": "2013-1-16", "video": "Amis_Nr-frog_zuomei.mp3"}, "file": "Amis_Ciwkangan/Amis_Nr-frog_zuomei", "num": 140}], [141, {"ori": [], "gloss": [["..", "", ""], ["tiya", "that.INVIS.OBL", "那個.不可見.斜格"], ["ka-tefad-an", "KA-fall-NMZ", "KA-掉落-名物化"], ["nira,\\", "3SG.GEN", "3SG.屬格"]], "free": [], "s_end": false, "iu_a_span": [188.58, 189.81], "meta": {"topic": "Frog Story", "type": "Narrative", "language": "阿美語, Amis, Ciwkangan(台東縣長光社區)", "speaker": "嚴胡佐妹, Zuomei, female, None", "collected": "2003-06-01", "revised": "2013-1-16", "video": "Amis_Nr-frog_zuomei.mp3"}, "file": "Amis_Ciwkangan/Amis_Nr-frog_zuomei", "num": 141}], [142, {"ori": [], "gloss": [["..", "", ""], ["a", "LNK", "連詞"], ["tiya", "that.INVIS.OBL", "那個.不可見.斜格"], ["nanum.\\", "water", "水"]], "free": [], "s_end": false, "iu_a_span": [189.81, 190.79], "meta": {"topic": "Frog Story", "type": "Narrative", "language": "阿美語, Amis, Ciwkangan(台東縣長光社區)", "speaker": "嚴胡佐妹, Zuomei, female, None", "collected": "2003-06-01", "revised": "2013-1-16", "video": "Amis_Nr-frog_zuomei.mp3"}, "file": "Amis_Ciwkangan/Amis_Nr-frog_zuomei", "num": 142}], [143, {"ori": [], "gloss": [["..", "", ""], ["itira-en=tu", "there.INVIS-PF=PFV", "那裡.不可見-受焦=完成"], ["nira", "3SG.GEN", "3SG.屬格"], ["a", "LNK", "連詞"], ["pa-lipahak,\\", "CAU-happy", "使役-高興"]], "free": [], "s_end": false, "iu_a_span": [190.79, 192.63], "meta": {"topic": "Frog Story", "type": "Narrative", "language": "阿美語, Amis, Ciwkangan(台東縣長光社區)", "speaker": "嚴胡佐妹, Zuomei, female, None", "collected": "2003-06-01", "revised": "2013-1-16", "video": "Amis_Nr-frog_zuomei.mp3"}, "file": "Amis_Ciwkangan/Amis_Nr-frog_zuomei", "num": 143}], [144, {"ori": [], "gloss": [["..", "", ""], ["kuyanan", "that.INVIS.NOM", "那個.不可見.主格"], ["a,\\", "LNK", "連詞"]], "free": [], "s_end": false, "iu_a_span": [192.63, 193.45], "meta": {"topic": "Frog Story", "type": "Narrative", "language": "阿美語, Amis, Ciwkangan(台東縣長光社區)", "speaker": "嚴胡佐妹, Zuomei, female, None", "collected": "2003-06-01", "revised": "2013-1-16", "video": "Amis_Nr-frog_zuomei.mp3"}, "file": "Amis_Ciwkangan/Amis_Nr-frog_zuomei", "num": 144}], [145, {"ori": [], "gloss": [["..", "", ""], ["takula’.\\", "frog", "青蛙"]], "free": ["#e He made the frog happy there in the water where he fell.", "#c 在他掉落的水裡，他就在那邊讓青蛙快樂。"], "s_end": true, "iu_a_span": [193.45, 194.27], "meta": {"topic": "Frog Story", "type": "Narrative", "language": "阿美語, Amis, Ciwkangan(台東縣長光社區)", "speaker": "嚴胡佐妹, Zuomei, female, None", "collected": "2003-06-01", "revised": "2013-1-16", "video": "Amis_Nr-frog_zuomei.mp3"}, "s_a_span": [186.91, 194.27], "file": "Amis_Ciwkangan/Amis_Nr-frog_zuomei", "num": 145}], [146, {"ori": [], "gloss": [["..", "", ""], ["saka,\\", "so", "所以"]], "free": [], "s_end": false, "iu_a_span": [194.27, 194.64], "meta": {"topic": "Frog Story", "type": "Narrative", "language": "阿美語, Amis, Ciwkangan(台東縣長光社區)", "speaker": "嚴胡佐妹, Zuomei, female, None", "collected": "2003-06-01", "revised": "2013-1-16", "video": "Amis_Nr-frog_zuomei.mp3"}, "file": "Amis_Ciwkangan/Amis_Nr-frog_zuomei", "num": 146}], [147, {"ori": [], "gloss": [["..", "", ""], ["matiniay", "so", "如此"], ["kuniniyan", "this.NOM", "這個.主格"], ["a==,\\", "LNK", "連詞"]], "free": [], "s_end": false, "iu_a_span": [194.64, 196.87], "meta": {"topic": "Frog Story", "type": "Narrative", "language": "阿美語, Amis, Ciwkangan(台東縣長光社區)", "speaker": "嚴胡佐妹, Zuomei, female, None", "collected": "2003-06-01", "revised": "2013-1-16", "video": "Amis_Nr-frog_zuomei.mp3"}, "file": "Amis_Ciwkangan/Amis_Nr-frog_zuomei", "num": 147}], [148, {"ori": [], "gloss": [["..", "", ""], ["sa-suwal-en", "SA-describe-PF", "SA-描述-受焦"], ["aku", "1SG.GEN", "1SG.屬格"], ["anini,\\", "now", "現在"]], "free": [], "s_end": false, "iu_a_span": [196.87, 198.25], "meta": {"topic": "Frog Story", "type": "Narrative", "language": "阿美語, Amis, Ciwkangan(台東縣長光社區)", "speaker": "嚴胡佐妹, Zuomei, female, None", "collected": "2003-06-01", "revised": "2013-1-16", "video": "Amis_Nr-frog_zuomei.mp3"}, "file": "Amis_Ciwkangan/Amis_Nr-frog_zuomei", "num": 148}], [149, {"ori": [], "gloss": [["..", "", ""], ["saka,_", "so", "所以"]], "free": ["#e My description is like this.", "#c 我現在敘述的情形是如此。", "#n sa-suwal-en：所敘述的。"], "s_end": true, "iu_a_span": [198.25, 198.76], "meta": {"topic": "Frog Story", "type": "Narrative", "language": "阿美語, Amis, Ciwkangan(台東縣長光社區)", "speaker": "嚴胡佐妹, Zuomei, female, None", "collected": "2003-06-01", "revised": "2013-1-16", "video": "Amis_Nr-frog_zuomei.mp3"}, "s_a_span": [194.27, 198.76], "file": "Amis_Ciwkangan/Amis_Nr-frog_zuomei", "num": 149}], [150, {"ori": [], "gloss": [["..", "", ""], ["ma-lepun=tu", "AF-finish=PFV", "主焦-結束=完成"], ["ku", "NOM", "主格"], ["sa-suwal-en", "SA-speak-PF", "SA-說-受焦"], ["aku.\\", "1SG.GEN", "1SG.屬格"]], "free": ["#e I’m done.", "#c 我說的結束了/我講完了。"], "s_end": true, "iu_a_span": [198.76, 200.82], "meta": {"topic": "Frog Story", "type": "Narrative", "language": "阿美語, Amis, Ciwkangan(台東縣長光社區)", "speaker": "嚴胡佐妹, Zuomei, female, None", "collected": "2003-06-01", "revised": "2013-1-16", "video": "Amis_Nr-frog_zuomei.mp3"}, "s_a_span": [198.76, 200.82], "file": "Amis_Ciwkangan/Amis_Nr-frog_zuomei", "num": 150}]], "meta": {"topic": "Frog Story", "type": "Narrative", "language": "阿美語, Amis, Ciwkangan(台東縣長光社區)", "speaker": "嚴胡佐妹, Zuomei, female, None", "collected": "2003-06-01", "revised": "2013-1-16", "video": "Amis_Nr-frog_zuomei.mp3"}}