{"glosses": [[1, {"ori": [], "gloss": [["...(2.9)", "", ""], ["uvo", "go.where.AF", "去哪裡.主焦"], ["na", "NOM", "主格"], ["maica", "like.this.AF", "像這樣.主焦"], ["ci,_", "REL", "關係詞"]], "free": [], "s_end": false, "iu_a_span": [2.97, 3.92], "meta": {"topic": "Frog Story 4", "type": "Narrative", "language": "鄒語, Tsou, TapangU", "speaker": "石光將, None, male, None", "collected": "None", "revised": "2013-11-18", "video": "TsouNr-frog-story-shi.mp3"}, "file": "Tsou_TapangU/TsouNr-frog-story-shi", "num": 1}], [2, {"ori": [], "gloss": [["..", "", ""], ["ha'o", "unexpectedly", "竟然"], ["ucia", "intend.PF", "想要.受焦"], ["pa-ehohamo", "CAU-tell.AF", "使役-說.主焦"], ["ta", "OBL", "斜格"], ["mo", "AUX.AF", "助動詞.主焦"], ["mai==ca.\\", "like.this.AF", "像這樣.主焦"]], "free": ["#e Unexpectedly, (they) want me to tell a story.", "#c 他們竟然要我講故事。"], "s_end": true, "iu_a_span": [3.92, 6.22], "meta": {"topic": "Frog Story 4", "type": "Narrative", "language": "鄒語, Tsou, TapangU", "speaker": "石光將, None, male, None", "collected": "None", "revised": "2013-11-18", "video": "TsouNr-frog-story-shi.mp3"}, "s_a_span": [2.97, 6.22], "file": "Tsou_TapangU/TsouNr-frog-story-shi", "num": 2}], [3, {"ori": [], "gloss": [["...(0.9)", "", ""], ["ehng,_", "FIL", "FIL"]], "free": [], "s_end": false, "iu_a_span": [6.22, 7.47], "meta": {"topic": "Frog Story 4", "type": "Narrative", "language": "鄒語, Tsou, TapangU", "speaker": "石光將, None, male, None", "collected": "None", "revised": "2013-11-18", "video": "TsouNr-frog-story-shi.mp3"}, "file": "Tsou_TapangU/TsouNr-frog-story-shi", "num": 3}], [4, {"ori": [], "gloss": [["..", "", ""], ["te-'o", "AUX.FUT-1SG.NOM", "助動詞.未來-1SG.主格"], ["n'a,_", "PROG", "進行貌"]], "free": [], "s_end": false, "iu_a_span": [7.47, 7.94], "meta": {"topic": "Frog Story 4", "type": "Narrative", "language": "鄒語, Tsou, TapangU", "speaker": "石光將, None, male, None", "collected": "None", "revised": "2013-11-18", "video": "TsouNr-frog-story-shi.mp3"}, "file": "Tsou_TapangU/TsouNr-frog-story-shi", "num": 4}], [5, {"ori": [], "gloss": [["..", "", ""], ["ahtu", "ever.AF", "曾經.主焦"], ["n'a", "PROG", "進行貌"], ["ehohamo", "tell.AF", "說.主焦"], ["maitan'e.\\", "now", "現在"]], "free": ["#e Rarely, I will tell a story today.", "#c 我今天難得來講故事。"], "s_end": true, "iu_a_span": [7.94, 8.92], "meta": {"topic": "Frog Story 4", "type": "Narrative", "language": "鄒語, Tsou, TapangU", "speaker": "石光將, None, male, None", "collected": "None", "revised": "2013-11-18", "video": "TsouNr-frog-story-shi.mp3"}, "s_a_span": [6.22, 8.92], "file": "Tsou_TapangU/TsouNr-frog-story-shi", "num": 5}], [6, {"ori": [], "gloss": [["...(1.2)", "", ""], ["ehng==,_", "FIL", "FIL"]], "free": [], "s_end": false, "iu_a_span": [8.92, 10.64], "meta": {"topic": "Frog Story 4", "type": "Narrative", "language": "鄒語, Tsou, TapangU", "speaker": "石光將, None, male, None", "collected": "None", "revised": "2013-11-18", "video": "TsouNr-frog-story-shi.mp3"}, "file": "Tsou_TapangU/TsouNr-frog-story-shi", "num": 6}], [7, {"ori": [], "gloss": [["moso", "AUX.AF", "助動詞.主焦"], ["la", "HAB", "習慣"], ["cihi", "one", "一"], ["ci", "REL", "關係詞"], ["oko,\\", "child", "小孩"]], "free": [], "s_end": false, "iu_a_span": [10.64, 11.79], "meta": {"topic": "Frog Story 4", "type": "Narrative", "language": "鄒語, Tsou, TapangU", "speaker": "石光將, None, male, None", "collected": "None", "revised": "2013-11-18", "video": "TsouNr-frog-story-shi.mp3"}, "file": "Tsou_TapangU/TsouNr-frog-story-shi", "num": 7}], [8, {"ori": [], "gloss": [["...", "", ""], ["ho", "CONJ", "連接詞"], ["mo", "AUX.AF", "助動詞.主焦"], ["con", "one", "一"], ["ci", "REL", "關係詞"], ["av'u", "dog", "狗"], ["moso", "AUX.AF", "助動詞.主焦"], ["la==,\\", "HAB", "習慣"]], "free": [], "s_end": false, "iu_a_span": [11.79, 13.75], "meta": {"topic": "Frog Story 4", "type": "Narrative", "language": "鄒語, Tsou, TapangU", "speaker": "石光將, None, male, None", "collected": "None", "revised": "2013-11-18", "video": "TsouNr-frog-story-shi.mp3"}, "file": "Tsou_TapangU/TsouNr-frog-story-shi", "num": 8}], [9, {"ori": [], "gloss": [["..", "", ""], ["aʉ--", "FS", "FS"], ["aʉt'ʉcʉ", "raise.AF", "養.主焦"], ["to==,\\", "OBL", "斜格"]], "free": [], "s_end": false, "iu_a_span": [13.75, 14.9], "meta": {"topic": "Frog Story 4", "type": "Narrative", "language": "鄒語, Tsou, TapangU", "speaker": "石光將, None, male, None", "collected": "None", "revised": "2013-11-18", "video": "TsouNr-frog-story-shi.mp3"}, "file": "Tsou_TapangU/TsouNr-frog-story-shi", "num": 9}], [10, {"ori": [], "gloss": [["...(1.1)", "", ""], ["aʉt'ʉcʉ", "raise.AF", "養.主焦"], ["to", "OBL", "斜格"], ["mo", "AUX.AF", "助動詞.主焦"], ["conci", "one", "一"], ["fok'unge", "frog", "青蛙"], ["yon", "be.at.AF", "在.主焦"], ["ta'e", "", ""], ["<M", "", ""], ["meihua", "", ""], ["M>", "", ""], ["te-'o", "", ""], ["engha,\\", "", ""]], "free": [], "s_end": false, "iu_a_span": [14.9, 18.7], "meta": {"topic": "Frog Story 4", "type": "Narrative", "language": "鄒語, Tsou, TapangU", "speaker": "石光將, None, male, None", "collected": "None", "revised": "2013-11-18", "video": "TsouNr-frog-story-shi.mp3"}, "file": "Tsou_TapangU/TsouNr-frog-story-shi", "num": 10}], [11, {"ori": [], "gloss": [["..", "", ""], ["<@te", "AUX.FUT", "助動詞.未來"], ["ake'i", "somewhat.AF", "稍微"], ["ʉmnʉ", "good.AF", "好.主焦"], ["ci", "REL", "關係詞"], ["yaei@>", "word", "字"], ["@@@.\\", "", ""]], "free": ["#e A boy and a dog raised a frog. Meihua, I'm somewhat easily moved (to tell a story).", "#c 一個男孩和一隻狗養了一隻青蛙。梅花，我稍微比較好講話。", "#n 梅花是說話者的妻子。"], "s_end": true, "iu_a_span": [18.7, 21.26], "meta": {"topic": "Frog Story 4", "type": "Narrative", "language": "鄒語, Tsou, TapangU", "speaker": "石光將, None, male, None", "collected": "None", "revised": "2013-11-18", "video": "TsouNr-frog-story-shi.mp3"}, "s_a_span": [8.92, 21.26], "file": "Tsou_TapangU/TsouNr-frog-story-shi", "num": 11}], [12, {"ori": [], "gloss": [["...", "", ""], ["i'o", "NOM", "主格"], ["mo", "AUX.AF", "助動詞.主焦"], ["con", "one", "一"], ["ci", "REL", "關係詞"], ["oko", "child", "小孩"], ["ho", "CONJ", "連接詞"], ["i'o", "NOM", "主格"], ["mo,\\", "AUX.AF", "助動詞.主焦"]], "free": [], "s_end": false, "iu_a_span": [21.26, 23.43], "meta": {"topic": "Frog Story 4", "type": "Narrative", "language": "鄒語, Tsou, TapangU", "speaker": "石光將, None, male, None", "collected": "None", "revised": "2013-11-18", "video": "TsouNr-frog-story-shi.mp3"}, "file": "Tsou_TapangU/TsouNr-frog-story-shi", "num": 12}], [13, {"ori": [], "gloss": [["...(0.7)", "", ""], ["eh==,\\", "FIL", "FIL"]], "free": [], "s_end": false, "iu_a_span": [23.43, 24.58], "meta": {"topic": "Frog Story 4", "type": "Narrative", "language": "鄒語, Tsou, TapangU", "speaker": "石光將, None, male, None", "collected": "None", "revised": "2013-11-18", "video": "TsouNr-frog-story-shi.mp3"}, "file": "Tsou_TapangU/TsouNr-frog-story-shi", "num": 13}], [14, {"ori": [], "gloss": [["...", "", ""], ["ieh", "FIL", "FIL"], ["mo", "AUX.AF", "助動詞.主焦"], ["maezo", "also.AF", "也.主焦"], ["aʉt'ʉcʉ", "raise.AF", "養.主焦"], ["ta", "OBL", "斜格"], ["mo", "AUX.AF", "助動詞.主焦"], ["con--,\\", "FS", "FS"]], "free": [], "s_end": false, "iu_a_span": [24.58, 26.64], "meta": {"topic": "Frog Story 4", "type": "Narrative", "language": "鄒語, Tsou, TapangU", "speaker": "石光將, None, male, None", "collected": "None", "revised": "2013-11-18", "video": "TsouNr-frog-story-shi.mp3"}, "file": "Tsou_TapangU/TsouNr-frog-story-shi", "num": 14}], [15, {"ori": [], "gloss": [["...", "", ""], ["coni", "one", "一"], ["ci", "REL", "關係詞"], ["av'u.\\", "dog", "狗"]], "free": ["#e A boy raised a dog.", "#c 一個小孩養了一隻狗。"], "s_end": true, "iu_a_span": [26.64, 27.43], "meta": {"topic": "Frog Story 4", "type": "Narrative", "language": "鄒語, Tsou, TapangU", "speaker": "石光將, None, male, None", "collected": "None", "revised": "2013-11-18", "video": "TsouNr-frog-story-shi.mp3"}, "s_a_span": [21.26, 27.43], "file": "Tsou_TapangU/TsouNr-frog-story-shi", "num": 15}], [16, {"ori": [], "gloss": [["..", "", ""], ["ehm,\\", "DM", "DM"]], "free": [], "s_end": false, "iu_a_span": [27.43, 27.72], "meta": {"topic": "Frog Story 4", "type": "Narrative", "language": "鄒語, Tsou, TapangU", "speaker": "石光將, None, male, None", "collected": "None", "revised": "2013-11-18", "video": "TsouNr-frog-story-shi.mp3"}, "file": "Tsou_TapangU/TsouNr-frog-story-shi", "num": 16}], [17, {"ori": [], "gloss": [["...(0.7)", "", ""], ["ah,\\", "FIL", "FIL"]], "free": [], "s_end": false, "iu_a_span": [27.72, 28.57], "meta": {"topic": "Frog Story 4", "type": "Narrative", "language": "鄒語, Tsou, TapangU", "speaker": "石光將, None, male, None", "collected": "None", "revised": "2013-11-18", "video": "TsouNr-frog-story-shi.mp3"}, "file": "Tsou_TapangU/TsouNr-frog-story-shi", "num": 17}], [18, {"ori": [], "gloss": [["...", "", ""], ["mo==,\\", "AUX.AF", "助動詞.主焦"]], "free": [], "s_end": false, "iu_a_span": [28.57, 29.33], "meta": {"topic": "Frog Story 4", "type": "Narrative", "language": "鄒語, Tsou, TapangU", "speaker": "石光將, None, male, None", "collected": "None", "revised": "2013-11-18", "video": "TsouNr-frog-story-shi.mp3"}, "file": "Tsou_TapangU/TsouNr-frog-story-shi", "num": 18}], [19, {"ori": [], "gloss": [["...", "", ""], ["moso", "AUX.AF", "助動詞.主焦"], ["la==,_", "HAB", "習慣"]], "free": [], "s_end": false, "iu_a_span": [29.33, 30.38], "meta": {"topic": "Frog Story 4", "type": "Narrative", "language": "鄒語, Tsou, TapangU", "speaker": "石光將, None, male, None", "collected": "None", "revised": "2013-11-18", "video": "TsouNr-frog-story-shi.mp3"}, "file": "Tsou_TapangU/TsouNr-frog-story-shi", "num": 19}], [20, {"ori": [], "gloss": [["...", "", ""], ["noepohʉa", "two.together.AF", "兩個一起.主焦"], ["'e", "NOM", "主格"], ["av'u", "dog", "狗"], ["ho", "CONJ", "連接詞"], ["oko,/", "child", "小孩"]], "free": [], "s_end": false, "iu_a_span": [30.38, 32.65], "meta": {"topic": "Frog Story 4", "type": "Narrative", "language": "鄒語, Tsou, TapangU", "speaker": "石光將, None, male, None", "collected": "None", "revised": "2013-11-18", "video": "TsouNr-frog-story-shi.mp3"}, "file": "Tsou_TapangU/TsouNr-frog-story-shi", "num": 20}], [21, {"ori": [], "gloss": [["...(1.0)", "", ""], ["moso", "AUX.AF", "助動詞.主焦"], ["la", "HAB", "習慣"], ["aʉt'ʉcʉ", "raise.AF", "養.主焦"], ["to", "OBL", "斜格"], ["fo'kunge.\\", "frog", "青蛙"]], "free": ["#e The boy and the dog raised a frog together.", "#c 那男孩和狗一起養了一隻青蛙。"], "s_end": true, "iu_a_span": [32.65, 35.22], "meta": {"topic": "Frog Story 4", "type": "Narrative", "language": "鄒語, Tsou, TapangU", "speaker": "石光將, None, male, None", "collected": "None", "revised": "2013-11-18", "video": "TsouNr-frog-story-shi.mp3"}, "s_a_span": [27.43, 35.22], "file": "Tsou_TapangU/TsouNr-frog-story-shi", "num": 21}], [22, {"ori": [], "gloss": [["...(1.4)", "", ""], ["<Xmoso", "AUX.AF", "助動詞.主焦"], ["alʉhiX>", "??", "??"], ["moh=cu", "AUX.AF=PFV", "助動詞.主焦=完成"], ["noana'o", "long", "久"], ["feungna,\\", "night", "晚上"]], "free": [], "s_end": false, "iu_a_span": [35.22, 38.64], "meta": {"topic": "Frog Story 4", "type": "Narrative", "language": "鄒語, Tsou, TapangU", "speaker": "石光將, None, male, None", "collected": "None", "revised": "2013-11-18", "video": "TsouNr-frog-story-shi.mp3"}, "file": "Tsou_TapangU/TsouNr-frog-story-shi", "num": 22}], [23, {"ori": [], "gloss": [["...", "", ""], ["noana'o", "Long", "很久"], ["feungna", "night", "晚"], ["ne", "OBL", "斜格"], ["moso", "AUX.AF", "助動詞.主焦"], ["la", "HAB", "習慣"], ["oengʉtʉ", "sleep.AF", "睡.主焦"], ["manci", "how.come", "怎麼會"], ["s'a,\\", "PART", "PART"]], "free": ["#e One night, it was very late when (people) had slept.", "#c 一天晚上，已經很晚了，（人們）都睡了。"], "s_end": true, "iu_a_span": [38.64, 41.16], "meta": {"topic": "Frog Story 4", "type": "Narrative", "language": "鄒語, Tsou, TapangU", "speaker": "石光將, None, male, None", "collected": "None", "revised": "2013-11-18", "video": "TsouNr-frog-story-shi.mp3"}, "s_a_span": [35.22, 41.16], "file": "Tsou_TapangU/TsouNr-frog-story-shi", "num": 23}], [24, {"ori": [], "gloss": [["...(0.7)", "", ""], ["o-he", "AUX.NAF-3PL.GEN", "助動詞.非主焦-3PL.屬格"], ["la", "HAB", "習慣"], ["'so", "because", "因為"], ["teapha", "put.PF", "放.受焦"], ["to", "OBL", "斜格"], ["pania", "container", "瓶子"], ["to", "OBL", "斜格"], ["mo==,_", "AUX.AF", "助動詞.主焦"]], "free": ["#e Why (did he) put (the frog) in a container?", "#c (他)怎麼會把（青蛙）放進去瓶子裡。"], "s_end": true, "iu_a_span": [41.16, 43.85], "meta": {"topic": "Frog Story 4", "type": "Narrative", "language": "鄒語, Tsou, TapangU", "speaker": "石光將, None, male, None", "collected": "None", "revised": "2013-11-18", "video": "TsouNr-frog-story-shi.mp3"}, "s_a_span": [41.16, 43.85], "file": "Tsou_TapangU/TsouNr-frog-story-shi", "num": 24}], [25, {"ori": [], "gloss": [["...", "", ""], ["to", "OBL", "斜格"], ["mo", "AUX.AF", "助動詞.主焦"], ["c'o", "just", "僅僅"], ["o^ko-si", "child-3SG.GEN", "小孩-3SG.屬格"], ["ongayo", "bottle.neck", "瓶口"], ["to", "OBL", "斜格"], ["mo,\\", "AUX.AF", "助動詞.主焦"]], "free": [], "s_end": false, "iu_a_span": [43.85, 46.29], "meta": {"topic": "Frog Story 4", "type": "Narrative", "language": "鄒語, Tsou, TapangU", "speaker": "石光將, None, male, None", "collected": "None", "revised": "2013-11-18", "video": "TsouNr-frog-story-shi.mp3"}, "file": "Tsou_TapangU/TsouNr-frog-story-shi", "num": 25}], [26, {"ori": [], "gloss": [["..", "", ""], ["i-si==,_", "AUX.NAF-3SG.GEN", "助動詞.非主焦-3SG.屬格"]], "free": ["#e The bottle neck is so small.", "#c 瓶口就只有這麼小而已。"], "s_end": true, "iu_a_span": [46.29, 46.8], "meta": {"topic": "Frog Story 4", "type": "Narrative", "language": "鄒語, Tsou, TapangU", "speaker": "石光將, None, male, None", "collected": "None", "revised": "2013-11-18", "video": "TsouNr-frog-story-shi.mp3"}, "s_a_span": [43.85, 46.8], "file": "Tsou_TapangU/TsouNr-frog-story-shi", "num": 26}], [27, {"ori": [], "gloss": [["...(0.7)", "", ""], ["te-mza", "FUT-1PL.GEN", "未來-1PL.屬格"], ["peelʉi", "can.LF", "能.處格"], ["enca", "say.PF", "說.受焦"], ["hu--,_", "FS", "FS"]], "free": [], "s_end": false, "iu_a_span": [46.8, 48.95], "meta": {"topic": "Frog Story 4", "type": "Narrative", "language": "鄒語, Tsou, TapangU", "speaker": "石光將, None, male, None", "collected": "None", "revised": "2013-11-18", "video": "TsouNr-frog-story-shi.mp3"}, "file": "Tsou_TapangU/TsouNr-frog-story-shi", "num": 27}], [28, {"ori": [], "gloss": [["..", "", ""], ["eh==,\\", "FIL", "FIL"]], "free": [], "s_end": false, "iu_a_span": [48.95, 49.62], "meta": {"topic": "Frog Story 4", "type": "Narrative", "language": "鄒語, Tsou, TapangU", "speaker": "石光將, None, male, None", "collected": "None", "revised": "2013-11-18", "video": "TsouNr-frog-story-shi.mp3"}, "file": "Tsou_TapangU/TsouNr-frog-story-shi", "num": 28}], [29, {"ori": [], "gloss": [["...(1.0)", "", ""], ["te", "FUT", "未來"], ["av'an--", "FS", "FS"], ["av'a", "how.to.say", "怎麼說"], ["no", "OBL", "斜格"], ["kokugo.\\", "PN", "專名"]], "free": ["#e How do (people) say that in Mandarin?", "#c (那個)用國語怎麼說?", "#n kokugo \"國語\"。"], "s_end": true, "iu_a_span": [49.62, 52.26], "meta": {"topic": "Frog Story 4", "type": "Narrative", "language": "鄒語, Tsou, TapangU", "speaker": "石光將, None, male, None", "collected": "None", "revised": "2013-11-18", "video": "TsouNr-frog-story-shi.mp3"}, "s_a_span": [46.8, 52.26], "file": "Tsou_TapangU/TsouNr-frog-story-shi", "num": 29}], [30, {"ori": [], "gloss": [["..", "", ""], ["av'a", "how.to.say", "怎麼說"], ["no", "OBL", "斜格"], ["cou", "PN", "專名"], ["'e", "NOM", "主格"], ["sin--", "FS", "FS"], ["'e", "NOM", "主格"], ["pania.\\", "container", "瓶子"]], "free": ["#e How do (people) describe the bottle in Tsou?", "#c 用鄒語怎麼講那個瓶子是..."], "s_end": true, "iu_a_span": [52.26, 54.04], "meta": {"topic": "Frog Story 4", "type": "Narrative", "language": "鄒語, Tsou, TapangU", "speaker": "石光將, None, male, None", "collected": "None", "revised": "2013-11-18", "video": "TsouNr-frog-story-shi.mp3"}, "s_a_span": [52.26, 54.04], "file": "Tsou_TapangU/TsouNr-frog-story-shi", "num": 30}], [31, {"ori": [], "gloss": [["...", "", ""], ["uN", "FIL", "FIL"], ["i-si", "AUX.NAF-3SG.GEN", "助動詞.非主焦-3SG.屬格"], ["peelʉi,_", "can.LF", "能.處焦"]], "free": [], "s_end": false, "iu_a_span": [54.04, 55.41], "meta": {"topic": "Frog Story 4", "type": "Narrative", "language": "鄒語, Tsou, TapangU", "speaker": "石光將, None, male, None", "collected": "None", "revised": "2013-11-18", "video": "TsouNr-frog-story-shi.mp3"}, "file": "Tsou_TapangU/TsouNr-frog-story-shi", "num": 31}], [32, {"ori": [], "gloss": [["...", "", ""], ["hupaezuma", "see.through.PF", "看穿.受焦"], ["ci", "REL", "關係詞"], ["pania.\\", "bottle", "瓶子"]], "free": ["#e The bottle is the bottle which can be seen through.", "#c 那個瓶子是可以看穿的瓶子。"], "s_end": true, "iu_a_span": [55.41, 56.86], "meta": {"topic": "Frog Story 4", "type": "Narrative", "language": "鄒語, Tsou, TapangU", "speaker": "石光將, None, male, None", "collected": "None", "revised": "2013-11-18", "video": "TsouNr-frog-story-shi.mp3"}, "s_a_span": [54.04, 56.86], "file": "Tsou_TapangU/TsouNr-frog-story-shi", "num": 32}], [33, {"ori": [], "gloss": [["...(1.4)", "", ""], ["eh==", "FIL", "FIL"], ["moh=cu", "AUX.AF=PFV", "助動詞.主焦=完成"], ["oengʉtʉ", "sleep.AF", "睡.主焦"], ["ne", "OBL", "斜格"], ["moso", "AUX.AF", "助動詞.主焦"], ["noana'o", "long", "久"], ["feʉngna,\\", "night", "夜"]], "free": [], "s_end": false, "iu_a_span": [56.86, 60.1], "meta": {"topic": "Frog Story 4", "type": "Narrative", "language": "鄒語, Tsou, TapangU", "speaker": "石光將, None, male, None", "collected": "None", "revised": "2013-11-18", "video": "TsouNr-frog-story-shi.mp3"}, "file": "Tsou_TapangU/TsouNr-frog-story-shi", "num": 33}], [34, {"ori": [], "gloss": [["...(1.0)", "", ""], ["oengʉtʉ", "sleep.AF", "睡.主焦"], ["ne", "OBL", "斜格"], ["moso", "AUX.AF", "助動詞.主焦"], ["noana'o", "long", "久"], ["feʉngna", "evening", "晚上"], ["manci,_", "why", "為何"]], "free": [], "s_end": false, "iu_a_span": [60.1, 62.82], "meta": {"topic": "Frog Story 4", "type": "Narrative", "language": "鄒語, Tsou, TapangU", "speaker": "石光將, None, male, None", "collected": "None", "revised": "2013-11-18", "video": "TsouNr-frog-story-shi.mp3"}, "file": "Tsou_TapangU/TsouNr-frog-story-shi", "num": 34}], [35, {"ori": [], "gloss": [["...(0.7)", "", ""], ["moh=cu", "AUX.AF=PFV", "助動詞.主焦=完成"], ["'so", "because", "因為"], ["maezo", "follow.AF", "跟著.主焦"], ["oengʉtʉ", "sleep.AF", "睡.主焦"], ["si", "NOM", "主格"], ["av'u./", "dog", "狗"]], "free": [], "s_end": false, "iu_a_span": [62.82, 65.08], "meta": {"topic": "Frog Story 4", "type": "Narrative", "language": "鄒語, Tsou, TapangU", "speaker": "石光將, None, male, None", "collected": "None", "revised": "2013-11-18", "video": "TsouNr-frog-story-shi.mp3"}, "file": "Tsou_TapangU/TsouNr-frog-story-shi", "num": 35}], [36, {"ori": [], "gloss": [["...", "", ""], ["i'o", "NOM", "主格"], ["av'u", "dog", "狗"], ["ci", "REL", "關係詞"], ["i-he", "AUX.NAF-3PL.GEN", "助動詞.非主焦-3PL.屬格"], ["aʉt'ʉca,\\", "raise.PF", "養.受焦"]], "free": [], "s_end": false, "iu_a_span": [65.08, 66.54], "meta": {"topic": "Frog Story 4", "type": "Narrative", "language": "鄒語, Tsou, TapangU", "speaker": "石光將, None, male, None", "collected": "None", "revised": "2013-11-18", "video": "TsouNr-frog-story-shi.mp3"}, "file": "Tsou_TapangU/TsouNr-frog-story-shi", "num": 36}], [37, {"ori": [], "gloss": [["...", "", ""], ["i-si", "AUX.NAF-3SG.GEN", "助動詞.非主焦-3SG.屬格"], ["aʉt'ʉca", "raise.PF", "養.受焦"], ["ta", "OBL", "斜格"], ["oko", "child", "小孩"], ["ci", "REL", "關係詞"], ["av'u,\\", "dog", "狗"]], "free": ["#e One evening, (the boy) went to sleep. The dog went to bed with him-- the dog which he raises.", "#c 一天晚上，夜已經很深了，男孩睡了，狗也跟著睡了。就是小孩子所養的狗。", "#n 句中雖然用i-he(3PL.GEN), 由上下文可推指的還是故事中的'男孩'"], "s_end": true, "iu_a_span": [66.54, 68.14], "meta": {"topic": "Frog Story 4", "type": "Narrative", "language": "鄒語, Tsou, TapangU", "speaker": "石光將, None, male, None", "collected": "None", "revised": "2013-11-18", "video": "TsouNr-frog-story-shi.mp3"}, "s_a_span": [56.86, 68.14], "file": "Tsou_TapangU/TsouNr-frog-story-shi", "num": 37}], [38, {"ori": [], "gloss": [["...(1.5)", "", ""], ["manci", "why", "為何"], ["s'a", "PART", "PART"], ["yuyafo", "come.out.AF", "出來.主焦"], ["'o", "NOM", "主格"], ["fo'kunge,\\", "frog", "青蛙"]], "free": ["#e Why did the frog come out?", "#c 那青蛙怎麼會跑出來?"], "s_end": true, "iu_a_span": [68.14, 72.23], "meta": {"topic": "Frog Story 4", "type": "Narrative", "language": "鄒語, Tsou, TapangU", "speaker": "石光將, None, male, None", "collected": "None", "revised": "2013-11-18", "video": "TsouNr-frog-story-shi.mp3"}, "s_a_span": [68.14, 72.23], "file": "Tsou_TapangU/TsouNr-frog-story-shi", "num": 38}], [39, {"ori": [], "gloss": [["..", "", ""], ["moh=cu", "AUX.AF=PFV", "助動詞.主焦=完成"], ["pkaako", "escape.AF", "逃走.主焦"], ["mi", "move.from.AF", "移動從.主焦"], ["to", "OBL", "斜格"], ["ngayo", "mouth", "口"], ["to", "OBL", "斜格"], ["pania", "container", "瓶子"], ["'o==,\\", "NOM", "主格"]], "free": [], "s_end": false, "iu_a_span": [72.23, 75.46], "meta": {"topic": "Frog Story 4", "type": "Narrative", "language": "鄒語, Tsou, TapangU", "speaker": "石光將, None, male, None", "collected": "None", "revised": "2013-11-18", "video": "TsouNr-frog-story-shi.mp3"}, "file": "Tsou_TapangU/TsouNr-frog-story-shi", "num": 39}], [40, {"ori": [], "gloss": [["...", "", ""], ["'o", "NOM", "主格"], ["fo'kunge", "frog", "青蛙"], ["ho", "CONJ", "連接詞"], ["pkaako.\\", "escape.AF", "逃走.主焦"]], "free": ["#e The frog had escaped from the mouth of the container.", "#c 青蛙已經從瓶口跑掉了。"], "s_end": true, "iu_a_span": [75.46, 78.14], "meta": {"topic": "Frog Story 4", "type": "Narrative", "language": "鄒語, Tsou, TapangU", "speaker": "石光將, None, male, None", "collected": "None", "revised": "2013-11-18", "video": "TsouNr-frog-story-shi.mp3"}, "s_a_span": [72.23, 78.14], "file": "Tsou_TapangU/TsouNr-frog-story-shi", "num": 40}], [41, {"ori": [], "gloss": [["...(0.8)", "", ""], ["o-he", "AUX.NAF-3PL.GEN", "助動詞.非主焦-3PL.屬格"], ["cu", "PFV", "完成"], ["'so==,\\", "because", "因為"]], "free": [], "s_end": false, "iu_a_span": [78.14, 79.7], "meta": {"topic": "Frog Story 4", "type": "Narrative", "language": "鄒語, Tsou, TapangU", "speaker": "石光將, None, male, None", "collected": "None", "revised": "2013-11-18", "video": "TsouNr-frog-story-shi.mp3"}, "file": "Tsou_TapangU/TsouNr-frog-story-shi", "num": 41}], [42, {"ori": [], "gloss": [["..", "", ""], ["mi=cu", "AUX.AF=PFV", "助動詞.主焦=完成"], ["'so", "because", "因為"], ["yʉc'ʉ", "rise.AF", "起來.主焦"], ["'e", "NOM", "主格"], ["oko.\\", "child", "小孩"]], "free": ["#e The child rose.", "#c 這小孩起來了。"], "s_end": true, "iu_a_span": [79.7, 81.35], "meta": {"topic": "Frog Story 4", "type": "Narrative", "language": "鄒語, Tsou, TapangU", "speaker": "石光將, None, male, None", "collected": "None", "revised": "2013-11-18", "video": "TsouNr-frog-story-shi.mp3"}, "s_a_span": [78.14, 81.35], "file": "Tsou_TapangU/TsouNr-frog-story-shi", "num": 42}], [43, {"ori": [], "gloss": [["...", "", ""], ["i-he", "AUX.NAF-3PL.GEN", "助動詞.非主焦-3PL.屬格"], ["cu", "PFV", "完成"], ["i-si", "AUX.NAF-3SG.GEN", "助動詞.非主焦-3SG.屬格"], ["cu", "PFV", "完成"], ["ake'a,\\", "somewhat.PF", "稍微"]], "free": [], "s_end": false, "iu_a_span": [81.35, 83.05], "meta": {"topic": "Frog Story 4", "type": "Narrative", "language": "鄒語, Tsou, TapangU", "speaker": "石光將, None, male, None", "collected": "None", "revised": "2013-11-18", "video": "TsouNr-frog-story-shi.mp3"}, "file": "Tsou_TapangU/TsouNr-frog-story-shi", "num": 43}], [44, {"ori": [], "gloss": [["...", "", ""], ["i-si", "AUX.NAF-3SG.GEN", "助動詞.非主焦-3SG.屬格"], ["cu", "PFV", "完成"], ["cohivi", "know.LF", "知道.處焦"], ["ho", "CONJ", "連接詞"], ["mo", "AUX.AF", "助動詞.主焦"], ["pkaako", "escape.AF", "逃走.主焦"], ["av'u", "dog", "狗"], ["i'o", "NOM", "主格"], ["fo'kunge,\\", "frog", "青蛙"]], "free": ["#e And they just somewhat ... He knew that dog, (no, it's) the frog escaped.", "#c 然後他們就稍微... 他已經知道狗....(不，是)青蛙跑掉了。"], "s_end": true, "iu_a_span": [83.05, 86.63], "meta": {"topic": "Frog Story 4", "type": "Narrative", "language": "鄒語, Tsou, TapangU", "speaker": "石光將, None, male, None", "collected": "None", "revised": "2013-11-18", "video": "TsouNr-frog-story-shi.mp3"}, "s_a_span": [81.35, 86.63], "file": "Tsou_TapangU/TsouNr-frog-story-shi", "num": 44}], [45, {"ori": [], "gloss": [["...(1.2)", "", ""], ["mi=cu", "AUX.AF=PFV", "助動詞.主焦=完成"], ["maezo", "also.AF", "也.主焦"], ["nac'o", "be.distressed.AF", "難過.主焦"], ["si", "NOM", "主格"], ["av'u-si", "dog-3SG.GEN", "狗-3SG.屬格"], ["i-si", "AUX.NAF-3SG.GEN", "助動詞.非主焦-3SG.屬格"], ["'so", "because", "因為"], ["aiti", "see.LF", "看.處焦"], ["'o", "NOM", "主格"], ["fo'kunge", "frog", "青蛙"], ["mi=cu", "AUX.AF=PFV", "助動詞.主焦=完成"], ["uk'a", "NEG", "否定"], ["na", "NOM", "主格"], ["'a", "EVI", "知識詞"], ["la-si", "HAB-3SG.GEN", "習慣-3SG.屬格"], ["no", "FIL", "FIL"], ["'so", "because", "因為"], ["na.\\", "FIL", "FIL"]], "free": ["#e The dog felt very sad, because it saw the frog escaped.", "#c 小狗覺得很難過因為青蛙逃走了。"], "s_end": true, "iu_a_span": [86.63, 91.96], "meta": {"topic": "Frog Story 4", "type": "Narrative", "language": "鄒語, Tsou, TapangU", "speaker": "石光將, None, male, None", "collected": "None", "revised": "2013-11-18", "video": "TsouNr-frog-story-shi.mp3"}, "s_a_span": [86.63, 91.96], "file": "Tsou_TapangU/TsouNr-frog-story-shi", "num": 45}], [46, {"ori": [], "gloss": [["..", "", ""], ["na'n==a", "very.PF", "很.受焦"], ["ʉmnʉa", "like.PF", "喜歡.受焦"], ["ta", "OBL", "斜格"], ["av'u", "dog", "狗"], ["'o", "NOM", "主格"], ["fo'kunge.\\", "frog", "青蛙"]], "free": ["#e The dog also liked the frog very much.", "#c 狗也很喜歡那隻青蛙。"], "s_end": true, "iu_a_span": [91.96, 94.54], "meta": {"topic": "Frog Story 4", "type": "Narrative", "language": "鄒語, Tsou, TapangU", "speaker": "石光將, None, male, None", "collected": "None", "revised": "2013-11-18", "video": "TsouNr-frog-story-shi.mp3"}, "s_a_span": [91.96, 94.54], "file": "Tsou_TapangU/TsouNr-frog-story-shi", "num": 46}], [47, {"ori": [], "gloss": [["...", "", ""], ["mi=cu", "AUX.AF=PFV", "助動詞.主焦=完成"], ["nac'o", "be.distressed.AF", "難過.主焦"], ["i=cu", "AUX.NAF=PFV", "助動詞.非主焦=完成"], ["i'poepoha", "two.together.PF", "兩個一起.受焦"], ["i'eima", "look.for.PF", "尋找.受焦"], ["ta", "OBL", "斜格"], ["oko", "child", "小孩"], ["ho", "CONJ", "連接詞"], ["ta", "OBL", "斜格"], ["av'u", "dog", "狗"], ["'o", "NOM", "主格"], ["fo'kunge.\\", "frog", "青蛙"]], "free": ["#e It felt very sad, and went to look for the frog together with the boy.", "#c 小狗很難過，就跟小孩一起找青蛙。"], "s_end": true, "iu_a_span": [94.54, 99.67], "meta": {"topic": "Frog Story 4", "type": "Narrative", "language": "鄒語, Tsou, TapangU", "speaker": "石光將, None, male, None", "collected": "None", "revised": "2013-11-18", "video": "TsouNr-frog-story-shi.mp3"}, "s_a_span": [94.54, 99.67], "file": "Tsou_TapangU/TsouNr-frog-story-shi", "num": 47}], [48, {"ori": [], "gloss": [["...(1.8)", "", ""], ["i-si", "AUX.NAF-3SG.GEN", "助動詞.非主焦"], ["'so", "because", "因為"], ["aka", "always.NAF", "一直.受焦"], ["ucia==.\\", "want.PF", "想要.受焦"]], "free": [], "s_end": false, "iu_a_span": [99.67, 102.84], "meta": {"topic": "Frog Story 4", "type": "Narrative", "language": "鄒語, Tsou, TapangU", "speaker": "石光將, None, male, None", "collected": "None", "revised": "2013-11-18", "video": "TsouNr-frog-story-shi.mp3"}, "file": "Tsou_TapangU/TsouNr-frog-story-shi", "num": 48}], [49, {"ori": [], "gloss": [["..", "", ""], ["ta'totothomʉ-neni", "think-BF", "想-予焦"], ["ta", "OBL", "斜格"], ["av'u", "dog", "狗"], ["'o", "NOM", "主格"], ["fo'kunge", "frog", "青蛙"], ["ho", "CONJ", "連接詞"], ["eainca", "say.PF", "說.受焦"], ["mo", "AUX.AF", "助動詞.主焦"], ["s'a", "PART", "PART"], ["yonenu.\\", "where", "在哪裡"]], "free": ["#e The dog kept on thinking where the frog had gone.", "#c 狗一直在想青蛙跑到哪裡去了。"], "s_end": true, "iu_a_span": [102.84, 106.95], "meta": {"topic": "Frog Story 4", "type": "Narrative", "language": "鄒語, Tsou, TapangU", "speaker": "石光將, None, male, None", "collected": "None", "revised": "2013-11-18", "video": "TsouNr-frog-story-shi.mp3"}, "s_a_span": [99.67, 106.95], "file": "Tsou_TapangU/TsouNr-frog-story-shi", "num": 49}], [50, {"ori": [], "gloss": [["...", "", ""], ["ta'una'na", "think.PF", "以為"], ["moso", "AUX.AF", "助動詞.主焦"], ["yon", "be.at.AF", "在.主焦"], ["ta", "OBL", "斜格"], ["pania.\\", "container", "瓶子"]], "free": ["#e The dog thought that (the) from stayed in the bottle.", "#c 狗心想青蛙本來在瓶子裡。"], "s_end": true, "iu_a_span": [106.95, 108.89], "meta": {"topic": "Frog Story 4", "type": "Narrative", "language": "鄒語, Tsou, TapangU", "speaker": "石光將, None, male, None", "collected": "None", "revised": "2013-11-18", "video": "TsouNr-frog-story-shi.mp3"}, "s_a_span": [106.95, 108.89], "file": "Tsou_TapangU/TsouNr-frog-story-shi", "num": 50}], [51, {"ori": [], "gloss": [["...", "", ""], ["i-si", "AUX.NAF-3SG.GEN", "助動詞.非主焦-3SG.屬格"], ["cu", "PFV", "完成"], ["'so,_", "because", "因為"]], "free": [], "s_end": false, "iu_a_span": [108.89, 110.14], "meta": {"topic": "Frog Story 4", "type": "Narrative", "language": "鄒語, Tsou, TapangU", "speaker": "石光將, None, male, None", "collected": "None", "revised": "2013-11-18", "video": "TsouNr-frog-story-shi.mp3"}, "file": "Tsou_TapangU/TsouNr-frog-story-shi", "num": 51}], [52, {"ori": [], "gloss": [["...(1.6)", "", ""], ["payuoyo", "cause.enter.PF", "使進入.受焦"], ["ta", "OBL", "斜格"], ["pania", "container", "瓶子"], ["ta", "OBL", "斜格"], ["av'u", "dog", "狗"], ["'o", "NOM", "主格"], ["fnguu-si.\\", "head-3SG.GEN", "頭-3SG.屬格"]], "free": ["#e The dog made its head enter into the container.", "#c 狗把頭伸進去瓶子裡。"], "s_end": true, "iu_a_span": [110.14, 114.32], "meta": {"topic": "Frog Story 4", "type": "Narrative", "language": "鄒語, Tsou, TapangU", "speaker": "石光將, None, male, None", "collected": "None", "revised": "2013-11-18", "video": "TsouNr-frog-story-shi.mp3"}, "s_a_span": [108.89, 114.32], "file": "Tsou_TapangU/TsouNr-frog-story-shi", "num": 52}], [53, {"ori": [], "gloss": [["..", "", ""], ["i-si", "AUX.NAF-3SG.GEN", "助動詞.非主焦-3SG.屬格"], ["fnguu-si", "head-3SG.GEN", "頭-3SG.屬格"], ["ho", "CONJ", "連接詞"], ["eainca,\\", "say.PF", "說.受焦"]], "free": [], "s_end": false, "iu_a_span": [114.32, 115.43], "meta": {"topic": "Frog Story 4", "type": "Narrative", "language": "鄒語, Tsou, TapangU", "speaker": "石光將, None, male, None", "collected": "None", "revised": "2013-11-18", "video": "TsouNr-frog-story-shi.mp3"}, "file": "Tsou_TapangU/TsouNr-frog-story-shi", "num": 53}], [54, {"ori": [], "gloss": [["..", "", ""], ["te-'o", "AUX.FUT-1SG.GEN", "助動詞.未來-1SG.屬格"], ["n'a", "PROG", "進行貌"], ["a'ʉmta", "really.PF", "真的.受焦"], ["ala", "eventually.PF", "竟然.受焦"], ["esansana", "find.and.be.sure.PF", "確定尋找一下.受焦"], ["mio", "AUX.AF", "助動詞.主焦"], ["nana", "seem", "好像"], ["aʉmtʉ", "really.AF", "竟然.主焦"], ["alʉ", "eventually.AF", "逃走.主焦"], ["pkaako", "escape.AF", "斜格"], ["ta", "OBL", "瓶子"], ["pania._", "", ""]], "free": ["#e The dog thought that I have to make sure and find whether it was really gone.", "#c 狗想說我想要確定的找一下它是不是真的從瓶子裡跑掉。"], "s_end": true, "iu_a_span": [115.43, 119.34], "meta": {"topic": "Frog Story 4", "type": "Narrative", "language": "鄒語, Tsou, TapangU", "speaker": "石光將, None, male, None", "collected": "None", "revised": "2013-11-18", "video": "TsouNr-frog-story-shi.mp3"}, "s_a_span": [114.32, 119.34], "file": "Tsou_TapangU/TsouNr-frog-story-shi", "num": 54}], [55, {"ori": [], "gloss": [["...(1.4)", "", ""], ["i-si", "AUX.NAF-3SG.GEN", "助動詞.非主焦-3SG.屬格"], ["cu", "PFV", "完成"], ["'so", "because", "因為"], ["hooyoeveni", "insert.BF", "伸入.予焦"], ["ta", "OBL", "斜格"], ["yoni", "be.at.LF", "在.處焦"], ["to", "OBL", "斜格"], ["fo'ku--", "FS", "FS"], ["yoni", "stay.LF", "在.處焦"], ["to", "OBL", "斜格"], ["fo'kunge", "frog", "青蛙"], ["'e==,_", "NOM", "主格"]], "free": [], "s_end": false, "iu_a_span": [119.34, 124.23], "meta": {"topic": "Frog Story 4", "type": "Narrative", "language": "鄒語, Tsou, TapangU", "speaker": "石光將, None, male, None", "collected": "None", "revised": "2013-11-18", "video": "TsouNr-frog-story-shi.mp3"}, "file": "Tsou_TapangU/TsouNr-frog-story-shi", "num": 55}], [56, {"ori": [], "gloss": [["...", "", ""], ["'o", "NOM", "主格"], ["fnguu", "head", "頭"], ["to", "OBL", "斜格"], ["av'u", "dog", "狗"], ["manci", "why", "為什麼"], ["'so", "because", "因為"], ["^cʉnghʉ,/", "stuck.AF", "卡住.主焦"]], "free": ["#e The dog inserted it head into (the container) where the frog (used to) stay.", "#c 狗把頭伸入(原來)青蛙在的(瓶子)裡，沒想到頭卡住了。"], "s_end": true, "iu_a_span": [124.23, 127.36], "meta": {"topic": "Frog Story 4", "type": "Narrative", "language": "鄒語, Tsou, TapangU", "speaker": "石光將, None, male, None", "collected": "None", "revised": "2013-11-18", "video": "TsouNr-frog-story-shi.mp3"}, "s_a_span": [119.34, 127.36], "file": "Tsou_TapangU/TsouNr-frog-story-shi", "num": 56}], [57, {"ori": [], "gloss": [["...(1.2)", "", ""], ["cu", "PFV", "完成"], ["o'tena", "NEG.FUT", "否定.完成"], ["peelʉi", "can.LF", "能.處焦"], ["le--,_", "FS", "FS"]], "free": [], "s_end": false, "iu_a_span": [127.36, 129.84], "meta": {"topic": "Frog Story 4", "type": "Narrative", "language": "鄒語, Tsou, TapangU", "speaker": "石光將, None, male, None", "collected": "None", "revised": "2013-11-18", "video": "TsouNr-frog-story-shi.mp3"}, "file": "Tsou_TapangU/TsouNr-frog-story-shi", "num": 57}], [58, {"ori": [], "gloss": [["...", "", ""], ["o'tena", "NEG.FUT", "否定.未來"], ["peelʉi", "can.LF", "能.處焦"], ["empuisi", "pull.out.LF", "把東西拉出"], ["ta", "OBL", "斜格"], ["fnguu", "head", "頭"], ["ta", "OBL", "斜格"], ["sʉngʉ-si", "neck-3SG.GEN", "脖子-3SG.屬格"], ["yon", "stay.AF", "在.主焦"], ["eh,\\", "FIL", "FIL"]], "free": [], "s_end": false, "iu_a_span": [129.84, 132.88], "meta": {"topic": "Frog Story 4", "type": "Narrative", "language": "鄒語, Tsou, TapangU", "speaker": "石光將, None, male, None", "collected": "None", "revised": "2013-11-18", "video": "TsouNr-frog-story-shi.mp3"}, "file": "Tsou_TapangU/TsouNr-frog-story-shi", "num": 58}], [59, {"ori": [], "gloss": [["...", "", ""], ["i'o", "NOM", "主格"], ["ngayo", "mouth", "嘴"], ["to", "OBL", "斜格"], ["pania", "container", "瓶子"], ["msi--", "FS", "FS"], ["i-si", "AUX.NAF-3SG.GEN", "助動詞.非主焦-3SG.屬格"], ["cu", "PFV", "完成"], ["c'o", "only", "只有"], ["asʉngʉca", "always.PF", "一直.受焦"], ["haahafa", "carry.PF", "帶.受焦"], ["si--,\\", "FS", "FS"]], "free": ["#e The dog can't take pull its head at the neck of the bottle from the mouth of the bottle.", "#c 狗沒有辦法把在瓶頸的頭從瓶口拉出來。"], "s_end": true, "iu_a_span": [132.88, 136.58], "meta": {"topic": "Frog Story 4", "type": "Narrative", "language": "鄒語, Tsou, TapangU", "speaker": "石光將, None, male, None", "collected": "None", "revised": "2013-11-18", "video": "TsouNr-frog-story-shi.mp3"}, "s_a_span": [127.36, 136.58], "file": "Tsou_TapangU/TsouNr-frog-story-shi", "num": 59}], [60, {"ori": [], "gloss": [["...", "", ""], ["i'o", "NOM", "主格"], ["o-si", "AUX.NAF-3SG.GEN", "助動詞.非主焦-3SG.屬格"], ["yoni", "stay.LF", "留.處焦"], ["to", "OBL", "斜格"], ["fo'kunge", "frog", "青蛙"], ["ci", "REL", "關係詞"], ["pania.\\", "bottle", "瓶"]], "free": ["#e It just always carried the bottle where the frog lived.", "#c 牠就隨身帶著青蛙住的那個瓶子。"], "s_end": true, "iu_a_span": [136.58, 138.66], "meta": {"topic": "Frog Story 4", "type": "Narrative", "language": "鄒語, Tsou, TapangU", "speaker": "石光將, None, male, None", "collected": "None", "revised": "2013-11-18", "video": "TsouNr-frog-story-shi.mp3"}, "s_a_span": [136.58, 138.66], "file": "Tsou_TapangU/TsouNr-frog-story-shi", "num": 60}], [61, {"ori": [], "gloss": [["...(1.4)", "", ""], ["eh==", "FIL", "FIL"], ["m--,\\", "FS", "FS"]], "free": [], "s_end": false, "iu_a_span": [138.66, 140.76], "meta": {"topic": "Frog Story 4", "type": "Narrative", "language": "鄒語, Tsou, TapangU", "speaker": "石光將, None, male, None", "collected": "None", "revised": "2013-11-18", "video": "TsouNr-frog-story-shi.mp3"}, "file": "Tsou_TapangU/TsouNr-frog-story-shi", "num": 61}], [62, {"ori": [], "gloss": [["...", "", ""], ["'a", "EVI", "知識詞"], ["i-siz--", "FS", "FS"], ["'a", "EVI", "知識詞"], ["i-si", "AUX.NAF-3SG.GEN", "助動詞.非主焦-3SG.屬格"], ["no", "FIL", "FIL"], ["'so", "because", "因為"], ["peelʉi", "can.LF", "能.處焦"], ["hucaefiza", "see.through.PF", "看穿.受焦"], ["ko'ko", "therefore", "因此"], ["a--,\\", "FS", "FS"]], "free": [], "s_end": false, "iu_a_span": [140.76, 143.56], "meta": {"topic": "Frog Story 4", "type": "Narrative", "language": "鄒語, Tsou, TapangU", "speaker": "石光將, None, male, None", "collected": "None", "revised": "2013-11-18", "video": "TsouNr-frog-story-shi.mp3"}, "file": "Tsou_TapangU/TsouNr-frog-story-shi", "num": 62}], [63, {"ori": [], "gloss": [["..", "", ""], ["eN", "FIL", "FIL"], ["en--,_", "FS", "FS"]], "free": [], "s_end": false, "iu_a_span": [143.56, 144.15], "meta": {"topic": "Frog Story 4", "type": "Narrative", "language": "鄒語, Tsou, TapangU", "speaker": "石光將, None, male, None", "collected": "None", "revised": "2013-11-18", "video": "TsouNr-frog-story-shi.mp3"}, "file": "Tsou_TapangU/TsouNr-frog-story-shi", "num": 63}], [64, {"ori": [], "gloss": [["...", "", ""], ["amcu", "not.yet", "還不會"], ["mo", "AUX.AF", "助動詞.主焦"], ["aʉlʉ", "entirely.AF", "完全.主焦"], ["eainca", "say.PF", "說.受焦"], ["o'te", "NEG", "否定"], ["bohngʉ", "see.AF", "看.主焦"], ["i-si", "AUX.NAF-3SG.GEN", "助動詞.非主焦-3SG.屬格"], ["c'o", "only", "只有"], ["n'a", "PROG", "進行"], ["asngʉca", "always.PF", "一直.受焦"], ["peelʉi", "can.LF", "能.處焦"], ["teolʉi", "see.LF", "看.處焦"], ["'o", "NOM", "主格"], ["i-si", "AUX.NAF-3SG.GEN", "助動詞.非主焦-3Sg.屬格"], ["mia.\\", "walk.PF", "走.受焦"]], "free": ["#e  Because (the container) was transparent, the dog still could see the path it walked.", "#c 因為（瓶子）是可以看穿的，所以牠還不會看不到東西，還是可以看到他所走的路。"], "s_end": true, "iu_a_span": [144.15, 147.44], "meta": {"topic": "Frog Story 4", "type": "Narrative", "language": "鄒語, Tsou, TapangU", "speaker": "石光將, None, male, None", "collected": "None", "revised": "2013-11-18", "video": "TsouNr-frog-story-shi.mp3"}, "s_a_span": [138.66, 147.44], "file": "Tsou_TapangU/TsouNr-frog-story-shi", "num": 64}], [65, {"ori": [], "gloss": [["...", "", ""], ["mi=cu", "AUX.AF=PFV", "助動詞.主焦=完成"], ["cʉng--", "FS", "FS"], ["casngʉcʉ", "always.AF", "一直.主焦"], ["cʉnghʉ", "stuck.AF", "卡住.主焦"], ["ta", "OBL", "斜格"], ["fnguu", "head", "頭"], ["ta", "OBL", "斜格"], ["av'u", "dog", "狗"], ["si", "NOM", "主格"], ["pania", "container", "瓶子"], ["ho,\\", "CONJ", "連接詞"]], "free": ["#e  The dog got its head stuck in the container.", "#c 瓶子一直卡在狗的頭。"], "s_end": true, "iu_a_span": [147.44, 151.39], "meta": {"topic": "Frog Story 4", "type": "Narrative", "language": "鄒語, Tsou, TapangU", "speaker": "石光將, None, male, None", "collected": "None", "revised": "2013-11-18", "video": "TsouNr-frog-story-shi.mp3"}, "s_a_span": [147.44, 151.39], "file": "Tsou_TapangU/TsouNr-frog-story-shi", "num": 65}], [66, {"ori": [], "gloss": [["...", "", ""], ["ho", "CONJ", "連接詞"], ["mo", "AUX.AF", "助動詞.主焦"], ["yuyuso", "two.together", "兩個一起"], ["si==,_", "NOM", "主格"]], "free": [], "s_end": false, "iu_a_span": [151.39, 152.98], "meta": {"topic": "Frog Story 4", "type": "Narrative", "language": "鄒語, Tsou, TapangU", "speaker": "石光將, None, male, None", "collected": "None", "revised": "2013-11-18", "video": "TsouNr-frog-story-shi.mp3"}, "file": "Tsou_TapangU/TsouNr-frog-story-shi", "num": 66}], [67, {"ori": [], "gloss": [["...", "", ""], ["si", "NOM", "主格"], ["oko", "child", "小孩"], ["ho", "CONJ", "連接詞"], ["'i'ima", "look.for.PF", "尋找.受格"], ["'o==,_", "NOM", "主格"]], "free": [], "s_end": false, "iu_a_span": [152.98, 154.63], "meta": {"topic": "Frog Story 4", "type": "Narrative", "language": "鄒語, Tsou, TapangU", "speaker": "石光將, None, male, None", "collected": "None", "revised": "2013-11-18", "video": "TsouNr-frog-story-shi.mp3"}, "file": "Tsou_TapangU/TsouNr-frog-story-shi", "num": 67}], [68, {"ori": [], "gloss": [["..", "", ""], ["o-he", "AUX.NAF-3PL.GEN", "助動詞.非主焦-3PL.屬格"], ["payoa", "get.lost.PF", "遺失.受焦"], ["ci,_", "REL", "關係詞"]], "free": [], "s_end": false, "iu_a_span": [154.63, 155.72], "meta": {"topic": "Frog Story 4", "type": "Narrative", "language": "鄒語, Tsou, TapangU", "speaker": "石光將, None, male, None", "collected": "None", "revised": "2013-11-18", "video": "TsouNr-frog-story-shi.mp3"}, "file": "Tsou_TapangU/TsouNr-frog-story-shi", "num": 68}], [69, {"ori": [], "gloss": [["...(1.0)", "", ""], ["fo'kunge._", "frog", "青蛙"]], "free": ["#e The dog looked for the lost frog together with the boy.", "#c 小狗和小孩一起找青蛙。"], "s_end": true, "iu_a_span": [155.72, 157.75], "meta": {"topic": "Frog Story 4", "type": "Narrative", "language": "鄒語, Tsou, TapangU", "speaker": "石光將, None, male, None", "collected": "None", "revised": "2013-11-18", "video": "TsouNr-frog-story-shi.mp3"}, "s_a_span": [151.39, 157.75], "file": "Tsou_TapangU/TsouNr-frog-story-shi", "num": 69}], [70, {"ori": [], "gloss": [["...(0.7)", "", ""], ["o-he", "AUX.NAF-3PL.GEN", "助動詞.非主焦-3PL.屬格"], ["la", "HAB", "習慣.受焦"], ["aʉt'ʉca", "raise.PF", "關係詞"], ["ci", "REL", "青蛙"], ["fo'kunge", "frog", "非常.主焦"], ["na'no", "very.AF", "難過.主焦"], ["ma'na'nac'o", "be.distressed.AF", "連接詞"], ["ho", "CONJ", "走一走.主焦"], ["mimimio", "walk.everywhere.AF", "斜格"], ["to,_", "", ""]], "free": [], "s_end": false, "iu_a_span": [157.75, 161.65], "meta": {"topic": "Frog Story 4", "type": "Narrative", "language": "鄒語, Tsou, TapangU", "speaker": "石光將, None, male, None", "collected": "None", "revised": "2013-11-18", "video": "TsouNr-frog-story-shi.mp3"}, "file": "Tsou_TapangU/TsouNr-frog-story-shi", "num": 70}], [71, {"ori": [], "gloss": [["...", "", ""], ["fʉengu", "mountain", "山上"], ["ho", "CONJ", "連接詞"], ["bibimi.\\", "find.AF", "找.主焦"]], "free": [], "s_end": false, "iu_a_span": [161.65, 163.79], "meta": {"topic": "Frog Story 4", "type": "Narrative", "language": "鄒語, Tsou, TapangU", "speaker": "石光將, None, male, None", "collected": "None", "revised": "2013-11-18", "video": "TsouNr-frog-story-shi.mp3"}, "file": "Tsou_TapangU/TsouNr-frog-story-shi", "num": 71}], [72, {"ori": [], "gloss": [["...(0.8)", "", ""], ["mimimio", "walk.everywhere.AF", "走一走.主交"], ["to", "OBL", "斜格"], ["fʉengu", "mountain", "山上"], ["ho", "CONJ", "連接詞,尋找.受焦"], ["'i'ima", "look.for.PF", "主格"], ["'o", "NOM", "助動詞.非主焦-3PL.屬格"], ["o-he", "AUX.NAF-3PL.GEN", "習慣"], ["la", "HAB", "飼養.受焦"], ["aʉt'ʉca", "raise.PF", "關係詞"], ["ci", "REL", "山"], ["fo'kunge._", "", ""]], "free": ["#e They went to look for their pet frog in the mountains. They were very distressed (when they thought of their frog.)", "#c (他們想到青蛙)心裡很難過,就在山裡走一走一起尋找他們以前養的青蛙。"], "s_end": true, "iu_a_span": [163.79, 167.61], "meta": {"topic": "Frog Story 4", "type": "Narrative", "language": "鄒語, Tsou, TapangU", "speaker": "石光將, None, male, None", "collected": "None", "revised": "2013-11-18", "video": "TsouNr-frog-story-shi.mp3"}, "s_a_span": [157.75, 167.61], "file": "Tsou_TapangU/TsouNr-frog-story-shi", "num": 72}], [73, {"ori": [], "gloss": [["...(0.7)", "", ""], ["'iama", "EVI", "知識詞"], ["mi=cu", "AUX.AF=PFV", "助動詞.主焦=完成"], ["aʉlʉ==", "entirely.AF", "完全.主焦"], ["uh", "go.AF", "去.主焦"], ["to", "OBL", "斜格"], ["mo", "AUX.AF", "助動詞.主焦"], ["aʉlʉ,\\", "entirely.AF", "完全.主焦"]], "free": [], "s_end": false, "iu_a_span": [167.61, 169.78], "meta": {"topic": "Frog Story 4", "type": "Narrative", "language": "鄒語, Tsou, TapangU", "speaker": "石光將, None, male, None", "collected": "None", "revised": "2013-11-18", "video": "TsouNr-frog-story-shi.mp3"}, "file": "Tsou_TapangU/TsouNr-frog-story-shi", "num": 73}], [74, {"ori": [], "gloss": [["...", "", ""], ["aʉlʉ==", "entirely.AF", "完全.主焦"], ["'e-'evi.\\", "RED-tree", "重複-樹"]], "free": ["#e (They) went to (a place) full of trees.", "#c (他們)走到一個都是樹(的地方)。"], "s_end": true, "iu_a_span": [169.78, 171.46], "meta": {"topic": "Frog Story 4", "type": "Narrative", "language": "鄒語, Tsou, TapangU", "speaker": "石光將, None, male, None", "collected": "None", "revised": "2013-11-18", "video": "TsouNr-frog-story-shi.mp3"}, "s_a_span": [167.61, 171.46], "file": "Tsou_TapangU/TsouNr-frog-story-shi", "num": 74}], [75, {"ori": [], "gloss": [["...(1.0)", "", ""], ["manci", "why", "為何"], ["pan", "EXIST", "存在"], ["to", "OBL", "斜格"], ["i-he", "AUX.NAF-3PL.GEN", "助動詞.非主焦-3PL.屬格"], ["teolʉi", "see.LF", "看.處焦"], ["ci", "REL", "關係詞"], ["mo", "AUX.AF", "助動詞.主焦"], ["tmiehi", "hang.AF", "吊.主焦"], ["to,\\", "OBL", "斜格"]], "free": [], "s_end": false, "iu_a_span": [171.46, 174.87], "meta": {"topic": "Frog Story 4", "type": "Narrative", "language": "鄒語, Tsou, TapangU", "speaker": "石光將, None, male, None", "collected": "None", "revised": "2013-11-18", "video": "TsouNr-frog-story-shi.mp3"}, "file": "Tsou_TapangU/TsouNr-frog-story-shi", "num": 75}], [76, {"ori": [], "gloss": [["...", "", ""], ["to", "OBL", "斜格"], ["evi", "tree", "樹"], ["ci,_", "REL", "關係詞"]], "free": [], "s_end": false, "iu_a_span": [174.87, 175.94], "meta": {"topic": "Frog Story 4", "type": "Narrative", "language": "鄒語, Tsou, TapangU", "speaker": "石光將, None, male, None", "collected": "None", "revised": "2013-11-18", "video": "TsouNr-frog-story-shi.mp3"}, "file": "Tsou_TapangU/TsouNr-frog-story-shi", "num": 76}], [77, {"ori": [], "gloss": [["..", "", ""], ["zou", "INT", "感嘆"], ["cuma,\\", "what", "什麼"]], "free": ["#e They unexpectedly saw (something) hanging on the tree. What is that?", "#c 他們竟然看到有一個東西吊在樹上。是什麼東西?"], "s_end": true, "iu_a_span": [175.94, 176.94], "meta": {"topic": "Frog Story 4", "type": "Narrative", "language": "鄒語, Tsou, TapangU", "speaker": "石光將, None, male, None", "collected": "None", "revised": "2013-11-18", "video": "TsouNr-frog-story-shi.mp3"}, "s_a_span": [171.46, 176.94], "file": "Tsou_TapangU/TsouNr-frog-story-shi", "num": 77}], [78, {"ori": [], "gloss": [["...(2.0)", "", ""], ["ci", "why", "為何"], ["cu==,_", "PFV", "完成"]], "free": [], "s_end": false, "iu_a_span": [176.94, 179.55], "meta": {"topic": "Frog Story 4", "type": "Narrative", "language": "鄒語, Tsou, TapangU", "speaker": "石光將, None, male, None", "collected": "None", "revised": "2013-11-18", "video": "TsouNr-frog-story-shi.mp3"}, "file": "Tsou_TapangU/TsouNr-frog-story-shi", "num": 78}], [79, {"ori": [], "gloss": [["...(0.7)", "", ""], ["taot'ova", "shake.PF", "搖落.受焦"], ["ta,\\", "OBL", "斜格"]], "free": [], "s_end": false, "iu_a_span": [179.55, 181.56], "meta": {"topic": "Frog Story 4", "type": "Narrative", "language": "鄒語, Tsou, TapangU", "speaker": "石光將, None, male, None", "collected": "None", "revised": "2013-11-18", "video": "TsouNr-frog-story-shi.mp3"}, "file": "Tsou_TapangU/TsouNr-frog-story-shi", "num": 79}], [80, {"ori": [], "gloss": [["...(1.7)", "", ""], ["taot'ova", "shake.PF", "搖.受焦"], ["ta", "OBL", "斜格"], ["av'--,_", "FS", "FS"]], "free": [], "s_end": false, "iu_a_span": [181.56, 184.41], "meta": {"topic": "Frog Story 4", "type": "Narrative", "language": "鄒語, Tsou, TapangU", "speaker": "石光將, None, male, None", "collected": "None", "revised": "2013-11-18", "video": "TsouNr-frog-story-shi.mp3"}, "file": "Tsou_TapangU/TsouNr-frog-story-shi", "num": 80}], [81, {"ori": [], "gloss": [["...", "", ""], ["to", "OBL", "斜格"], ["av'u", "tree", "樹"], ["'o", "NOM", "主格"], ["'o", "NOM", "主格"], ["evi", "tree", "樹"], ["manci", "why", "為何"], ["'so", "because", "因為"], ["supeohʉ", "fall.AF", "掉.主焦"], ["'iama,_", "EVI", "知識詞"]], "free": [], "s_end": false, "iu_a_span": [184.41, 187.33], "meta": {"topic": "Frog Story 4", "type": "Narrative", "language": "鄒語, Tsou, TapangU", "speaker": "石光將, None, male, None", "collected": "None", "revised": "2013-11-18", "video": "TsouNr-frog-story-shi.mp3"}, "file": "Tsou_TapangU/TsouNr-frog-story-shi", "num": 81}], [83, {"ori": [], "gloss": [["...(0.9)", "", ""], ["<WHi-si", "AUX.NAF-3SG.GEN", "助動詞.非主焦-3SG.屬格"], ["cuWH>,\\", "PFV", "完成"]], "free": ["#n <WH WH> : whisper sound", "#n &lt;WH WH&gt; : whisper sound"], "s_end": false, "iu_a_span": [188.71, 190.09], "meta": {"topic": "Frog Story 4", "type": "Narrative", "language": "鄒語, Tsou, TapangU", "speaker": "石光將, None, male, None", "collected": "None", "revised": "2013-11-18", "video": "TsouNr-frog-story-shi.mp3"}, "file": "Tsou_TapangU/TsouNr-frog-story-shi", "num": 83}], [84, {"ori": [], "gloss": [["...(1.0)", "", ""], ["tapeoha", "shake.down.PF", "搖落.受焦"], ["'o", "NOM", "主格"], ["ceoyu", "bee", "蜂"], ["mi=cu,_", "AUX.AF=PFV", "助動詞.主焦=完成"]], "free": [], "s_end": false, "iu_a_span": [190.09, 192.61], "meta": {"topic": "Frog Story 4", "type": "Narrative", "language": "鄒語, Tsou, TapangU", "speaker": "石光將, None, male, None", "collected": "None", "revised": "2013-11-18", "video": "TsouNr-frog-story-shi.mp3"}, "file": "Tsou_TapangU/TsouNr-frog-story-shi", "num": 84}], [85, {"ori": [], "gloss": [["...", "", ""], ["m==eobango", "chase.AF", "追.主焦"], ["ta", "OBL", "斜格"], ["av'u,\\", "dog", "狗"]], "free": [], "s_end": false, "iu_a_span": [192.61, 194.04], "meta": {"topic": "Frog Story 4", "type": "Narrative", "language": "鄒語, Tsou, TapangU", "speaker": "石光將, None, male, None", "collected": "None", "revised": "2013-11-18", "video": "TsouNr-frog-story-shi.mp3"}, "file": "Tsou_TapangU/TsouNr-frog-story-shi", "num": 85}], [86, {"ori": [], "gloss": [["...(0.9)", "", ""], ["meobango", "chase.AF", "追.主焦"], ["to", "OBL", "斜格"], ["av'u", "dog", "狗"], ["'o", "NOM", "主格"], ["ceoyu.\\", "bee", "蜂"]], "free": ["#e The bees chased the dog.", "#c 蜂追著狗。"], "s_end": true, "iu_a_span": [194.04, 197.12], "meta": {"topic": "Frog Story 4", "type": "Narrative", "language": "鄒語, Tsou, TapangU", "speaker": "石光將, None, male, None", "collected": "None", "revised": "2013-11-18", "video": "TsouNr-frog-story-shi.mp3"}, "s_a_span": [176.94, 197.12], "file": "Tsou_TapangU/TsouNr-frog-story-shi", "num": 86}], [87, {"ori": [], "gloss": [["...(1.6)", "", ""], ["'a", "EVI", "知識詞"], ["mo", "AUX.AF", "助動詞.主焦"], ["no", "FIL", "FIL"], ["ne", "at.that.time", "斜格"], ["mio", "NOM", "助動詞.主焦"], ["'o", "child", "主格"], ["oko", "AUX.NAF-3SG.GEN", "小孩"], ["i-si", "also.PF", "助動詞.主焦-3SG.屬格"], ["yaeza", "see.LF", "也.受焦"], ["aiti", "NOM", "看.處焦"], ["'o,\\", "", ""]], "free": [], "s_end": false, "iu_a_span": [197.12, 201.36], "meta": {"topic": "Frog Story 4", "type": "Narrative", "language": "鄒語, Tsou, TapangU", "speaker": "石光將, None, male, None", "collected": "None", "revised": "2013-11-18", "video": "TsouNr-frog-story-shi.mp3"}, "file": "Tsou_TapangU/TsouNr-frog-story-shi", "num": 87}], [88, {"ori": [], "gloss": [["...", "", ""], ["pan", "EXIST", "存在"], ["to", "OBL", "斜格"], ["i-si", "AUX.NAF-3SG.GEN", "助動詞.非主焦-3SG.屬格"], ["ai--", "FS", "FS"], ["aiti", "see.LF", "看.處焦"], ["ci", "REL", "關係詞"], ["fo--,\\", "FS", "FS"]], "free": [], "s_end": false, "iu_a_span": [201.36, 203.34], "meta": {"topic": "Frog Story 4", "type": "Narrative", "language": "鄒語, Tsou, TapangU", "speaker": "石光將, None, male, None", "collected": "None", "revised": "2013-11-18", "video": "TsouNr-frog-story-shi.mp3"}, "file": "Tsou_TapangU/TsouNr-frog-story-shi", "num": 88}], [89, {"ori": [], "gloss": [["..", "", ""], ["ci", "REL", "關係詞"], ["feongo.\\", "hole", "洞"]], "free": ["#e At that time, the child also saw.... He saw a hole.", "#c 此時，小孩也看到..他看到一個洞。"], "s_end": true, "iu_a_span": [203.34, 204.23], "meta": {"topic": "Frog Story 4", "type": "Narrative", "language": "鄒語, Tsou, TapangU", "speaker": "石光將, None, male, None", "collected": "None", "revised": "2013-11-18", "video": "TsouNr-frog-story-shi.mp3"}, "s_a_span": [197.12, 204.23], "file": "Tsou_TapangU/TsouNr-frog-story-shi", "num": 89}], [90, {"ori": [], "gloss": [["...", "", ""], ["i", "AUX.NAF", "助動詞.非主焦"], ["ta'una", "think.PF", "想.受焦"], ["mo", "AUX.AF", "助動詞.主焦"], ["s'a", "PART", "PART"], ["noaemonʉ", "be.inside.AF", "在裡面.主焦"], ["to", "OBL", "斜格"], ["feongo", "hole", "洞"], ["f--", "FS", "FS"], ["i'o", "NOM", "主格"], ["fo'kunge", "frog", "青蛙"], ["'iama", "EVI", "知識詞"], ["buhci", "mouse", "老鼠"], ["'o", "NOM", "主格"], ["mo", "AUX.AF", "助動詞.主焦"], ["smoyafo.\\", "move.out.AF", "出去.主焦"]], "free": ["#n 此處應為i-si [AUX.NAF-3SG.GEN]", "#e He thought that the frog was inside the hole. Unexpectedly, it is a mouse that appeared from the hole.", "#c 他以為青蛙在裡面，原來跑出來的是老鼠。", "#n 此處應為i-si [AUX.NAF-3SG.GEN]"], "s_end": true, "iu_a_span": [204.23, 210.1], "meta": {"topic": "Frog Story 4", "type": "Narrative", "language": "鄒語, Tsou, TapangU", "speaker": "石光將, None, male, None", "collected": "None", "revised": "2013-11-18", "video": "TsouNr-frog-story-shi.mp3"}, "s_a_span": [204.23, 210.1], "file": "Tsou_TapangU/TsouNr-frog-story-shi", "num": 90}], [91, {"ori": [], "gloss": [["...(1.6)", "", ""], ["i-si", "AUX.NAF-3SG.GEN", "助動詞.非主焦-3SG.屬格"], ["cu", "PFV", "完成"], ["tapeoha", "shake.down.PF", "搖落.受焦"], ["to", "OBL", "斜格"], ["av'u", "dog", "狗"], ["'o", "NOM", "主格"], ["ceoyu", "bee", "蜂"], ["mi=cu", "AUX.AF=PFV", "助動詞.主焦=完成"], ["maezo", "also.AF", "也.主焦"], ["smoyafo", "move.out.AF", "出去.主焦"], ["'o", "NOM", "主格"], ["buhci", "mouse", "老鼠"], ["ho", "CONJ", "連接詞"], ["maezo,_", "also.AF", "也.主焦"]], "free": [], "s_end": false, "iu_a_span": [210.1, 215.63], "meta": {"topic": "Frog Story 4", "type": "Narrative", "language": "鄒語, Tsou, TapangU", "speaker": "石光將, None, male, None", "collected": "None", "revised": "2013-11-18", "video": "TsouNr-frog-story-shi.mp3"}, "file": "Tsou_TapangU/TsouNr-frog-story-shi", "num": 91}], [92, {"ori": [], "gloss": [["...(0.9)", "", ""], ["toekameosʉ", "escape.AF", "逃.主焦"], ["mi=cu", "AUX.AF=PFV", "助動詞.主焦=完成"], ["cocapo", "climb.AF", "爬.主焦"], ["to", "OBL", "斜格"], ["evi", "tree", "樹"], ["'o._", "NOM", "主格"]], "free": ["#e The dog has shaken down the bee hive. The mouse also moved out and escaped.", "#c 狗把蜂窩搖下來，老鼠也衝出來，也跑掉。"], "s_end": true, "iu_a_span": [215.63, 219.01], "meta": {"topic": "Frog Story 4", "type": "Narrative", "language": "鄒語, Tsou, TapangU", "speaker": "石光將, None, male, None", "collected": "None", "revised": "2013-11-18", "video": "TsouNr-frog-story-shi.mp3"}, "s_a_span": [210.1, 219.01], "file": "Tsou_TapangU/TsouNr-frog-story-shi", "num": 92}], [93, {"ori": [], "gloss": [["..", "", ""], ["i'e", "NOM", "主格"], ["oko", "child", "小孩"], ["ho,\\", "CONJ", "連接詞"]], "free": [], "s_end": false, "iu_a_span": [219.01, 220.8], "meta": {"topic": "Frog Story 4", "type": "Narrative", "language": "鄒語, Tsou, TapangU", "speaker": "石光將, None, male, None", "collected": "None", "revised": "2013-11-18", "video": "TsouNr-frog-story-shi.mp3"}, "file": "Tsou_TapangU/TsouNr-frog-story-shi", "num": 93}], [94, {"ori": [], "gloss": [["..", "", ""], ["mainca", "like.this.", "像這樣"], ["te", "FUT", "未來"], ["totoefʉngʉ", "hide.AF", "藏.主焦"], ["pan", "EXIST", "存在"], ["to", "OBL", "助動詞.非主焦-3SG.屬格"], ["i-si,\\", "", ""]], "free": [], "s_end": false, "iu_a_span": [220.8, 222.46], "meta": {"topic": "Frog Story 4", "type": "Narrative", "language": "鄒語, Tsou, TapangU", "speaker": "石光將, None, male, None", "collected": "None", "revised": "2013-11-18", "video": "TsouNr-frog-story-shi.mp3"}, "file": "Tsou_TapangU/TsouNr-frog-story-shi", "num": 94}], [95, {"ori": [], "gloss": [["..", "", ""], ["i-si", "AUX.NAF-3SG.GEN", "助動詞.非主焦-3SG.屬格"], ["enca", "say.PF", "說.受焦"], ["te", "FUT", "未來"], ["totoefʉngʉ", "hide.AF", "藏.主焦"], ["pan", "EXIST", "存在"], ["to", "OBL", "斜格"], ["i-si", "AUX.NAF-3SG.GEN", "助動詞.非主焦-3SG.屬格"], ["yaeza", "also.PF", "也.受焦"], ["aiti", "see.LF", "看.處焦"], ["to", "OBL", "斜格"], ["evi", "tree", "樹"], ["ci", "REL", "關係詞"], ["feongo.\\", "hole", "洞"]], "free": ["#e The boy climbed the tree to hide (from something). He hided, and saw a tree hole.", "#c 小孩子也爬到樹上想要躲。他躲藏起來，也看到一個樹洞。"], "s_end": true, "iu_a_span": [222.46, 226.21], "meta": {"topic": "Frog Story 4", "type": "Narrative", "language": "鄒語, Tsou, TapangU", "speaker": "石光將, None, male, None", "collected": "None", "revised": "2013-11-18", "video": "TsouNr-frog-story-shi.mp3"}, "s_a_span": [219.01, 226.21], "file": "Tsou_TapangU/TsouNr-frog-story-shi", "num": 95}], [96, {"ori": [], "gloss": [["..", "", ""], ["i-si", "AUX.NAF-3SG.GEN", "助動詞.非主焦-3SG.屬格"], ["cu", "PFV", "完成"], ["aeza", "also.PF", "也.受焦"], ["teʉ'tʉmi", "look.for.LF", "尋找.處焦"], ["mo", "AUX.AF", "助動詞.主焦"], ["nana", "uncertain", "好像"], ["noaemonʉ", "be.inside", "在裡面"], ["na", "FIL", "FIL"], ["'o,\\", "NOM", "主格"]], "free": [], "s_end": false, "iu_a_span": [226.21, 228.78], "meta": {"topic": "Frog Story 4", "type": "Narrative", "language": "鄒語, Tsou, TapangU", "speaker": "石光將, None, male, None", "collected": "None", "revised": "2013-11-18", "video": "TsouNr-frog-story-shi.mp3"}, "file": "Tsou_TapangU/TsouNr-frog-story-shi", "num": 96}], [97, {"ori": [], "gloss": [["...(1.0)", "", ""], ["^'o", "NOM", "主格"], ["fo'kunge", "frog", "青蛙"], ["((CLEAR", "", ""], ["THROAT)).\\", "", ""]], "free": ["#e He also looked for the frog; see if it was in the tree hole.", "#c 他也尋找看看青蛙有沒有在洞裡面。"], "s_end": true, "iu_a_span": [228.78, 231.56], "meta": {"topic": "Frog Story 4", "type": "Narrative", "language": "鄒語, Tsou, TapangU", "speaker": "石光將, None, male, None", "collected": "None", "revised": "2013-11-18", "video": "TsouNr-frog-story-shi.mp3"}, "s_a_span": [226.21, 231.56], "file": "Tsou_TapangU/TsouNr-frog-story-shi", "num": 97}], [98, {"ori": [], "gloss": [["...", "", ""], ["eheN", "FIL", "FIL"], ["ne.mio", "at.that.time", "那時候"], ["mi=cu", "AUX.AF=PFV", "助動詞.主焦=完成"], ["toekameosʉ", "escape.AF", "逃走.主焦"], ["si", "NOM", "主格"], ["av'u", "dog", "狗"], ["'iama", "EVI", "知識詞"], ["i-si,_", "AUX.NAF-3SG.GEN", "助動詞.非主焦-3SG.屬格"]], "free": [], "s_end": false, "iu_a_span": [231.56, 234.59], "meta": {"topic": "Frog Story 4", "type": "Narrative", "language": "鄒語, Tsou, TapangU", "speaker": "石光將, None, male, None", "collected": "None", "revised": "2013-11-18", "video": "TsouNr-frog-story-shi.mp3"}, "file": "Tsou_TapangU/TsouNr-frog-story-shi", "num": 98}], [99, {"ori": [], "gloss": [["..", "", ""], ["peobanga", "chase.PF", "追.受焦"], ["ta", "OBL", "斜格"], ["casngʉca,\\", "always.PF", "一直.受焦"]], "free": [], "s_end": false, "iu_a_span": [234.59, 235.83], "meta": {"topic": "Frog Story 4", "type": "Narrative", "language": "鄒語, Tsou, TapangU", "speaker": "石光將, None, male, None", "collected": "None", "revised": "2013-11-18", "video": "TsouNr-frog-story-shi.mp3"}, "file": "Tsou_TapangU/TsouNr-frog-story-shi", "num": 99}]], "meta": {"topic": "Frog Story 4", "type": "Narrative", "language": "鄒語, Tsou, TapangU", "speaker": "石光將, None, male, None", "collected": "None", "revised": "2013-11-18", "video": "TsouNr-frog-story-shi.mp3"}}