{"glosses": [[1, {"ori": [], "gloss": [["..", "", ""], ["pan", "EXIST", "存在"], ["to", "OBL", "斜格"], ["moso", "AUX.AF", "助動詞.主焦"], ["la==,_", "", ""]], "free": [], "s_end": false, "iu_a_span": [0.15, 1.17], "meta": {"topic": "Pear Story 2", "type": "Narrative", "language": "鄒語, Tsou, TapangU", "speaker": "安榮進, None, male, None", "collected": "None", "revised": "2013-11-18", "video": "TsouNr-pear-An.mp3"}, "file": "Tsou_TapangU/TsouNr-pear-An", "num": 1}], [2, {"ori": [], "gloss": [["...", "", ""], ["eahioa", "work.AF", "工作.主焦"], ["ho,_", "CONJ", "連接詞"]], "free": [], "s_end": false, "iu_a_span": [1.17, 2.65], "meta": {"topic": "Pear Story 2", "type": "Narrative", "language": "鄒語, Tsou, TapangU", "speaker": "安榮進, None, male, None", "collected": "None", "revised": "2013-11-18", "video": "TsouNr-pear-An.mp3"}, "file": "Tsou_TapangU/TsouNr-pear-An", "num": 2}], [3, {"ori": [], "gloss": [["...", "", ""], ["notfʉngʉ,_", "specialize.on.AF", "專注於.主焦"]], "free": [], "s_end": false, "iu_a_span": [2.65, 3.81], "meta": {"topic": "Pear Story 2", "type": "Narrative", "language": "鄒語, Tsou, TapangU", "speaker": "安榮進, None, male, None", "collected": "None", "revised": "2013-11-18", "video": "TsouNr-pear-An.mp3"}, "file": "Tsou_TapangU/TsouNr-pear-An", "num": 3}], [4, {"ori": [], "gloss": [["...", "", ""], ["emʉm'ʉ", "plant/grow.AF", "種植.主焦"], ["to==,_", "OBL", "斜格"]], "free": [], "s_end": false, "iu_a_span": [3.81, 5.3], "meta": {"topic": "Pear Story 2", "type": "Narrative", "language": "鄒語, Tsou, TapangU", "speaker": "安榮進, None, male, None", "collected": "None", "revised": "2013-11-18", "video": "TsouNr-pear-An.mp3"}, "file": "Tsou_TapangU/TsouNr-pear-An", "num": 4}], [5, {"ori": [], "gloss": [["...", "", ""], ["lea,_", "HAB", "習慣"]], "free": [], "s_end": false, "iu_a_span": [5.3, 6.06], "meta": {"topic": "Pear Story 2", "type": "Narrative", "language": "鄒語, Tsou, TapangU", "speaker": "安榮進, None, male, None", "collected": "None", "revised": "2013-11-18", "video": "TsouNr-pear-An.mp3"}, "file": "Tsou_TapangU/TsouNr-pear-An", "num": 5}], [6, {"ori": [], "gloss": [["...", "", ""], ["'o-'oanʉ.\\", "RED-eat", "重疊-吃"]], "free": ["#e There existed one that was working and specialized in the planting of foods.", "#c 有一個人在工作，專注於種植吃的東西。"], "s_end": true, "iu_a_span": [6.06, 7.13], "meta": {"topic": "Pear Story 2", "type": "Narrative", "language": "鄒語, Tsou, TapangU", "speaker": "安榮進, None, male, None", "collected": "None", "revised": "2013-11-18", "video": "TsouNr-pear-An.mp3"}, "s_a_span": [0.15, 7.13], "file": "Tsou_TapangU/TsouNr-pear-An", "num": 6}], [7, {"ori": [], "gloss": [["...", "", ""], ["moso==,_", "AUX.AF", "助動詞.主焦"]], "free": [], "s_end": false, "iu_a_span": [7.13, 8.33], "meta": {"topic": "Pear Story 2", "type": "Narrative", "language": "鄒語, Tsou, TapangU", "speaker": "安榮進, None, male, None", "collected": "None", "revised": "2013-11-18", "video": "TsouNr-pear-An.mp3"}, "file": "Tsou_TapangU/TsouNr-pear-An", "num": 7}], [8, {"ori": [], "gloss": [["...(0.8)", "", ""], ["uh", "go.AF", "去.主焦"], ["to", "OBL", "斜格"], ["la-si==,_", "HAB-3SG.GEN", "習慣-3SG.屬格"]], "free": [], "s_end": false, "iu_a_span": [8.33, 10.48], "meta": {"topic": "Pear Story 2", "type": "Narrative", "language": "鄒語, Tsou, TapangU", "speaker": "安榮進, None, male, None", "collected": "None", "revised": "2013-11-18", "video": "TsouNr-pear-An.mp3"}, "file": "Tsou_TapangU/TsouNr-pear-An", "num": 8}], [9, {"ori": [], "gloss": [["...", "", ""], ["ezoeʉ", "field", "田/果園"], ["'o", "NOM", "主格"], ["mameoi", "old.man", "老人"], ["ho==,_", "CONJ", "連接詞"]], "free": [], "s_end": false, "iu_a_span": [10.48, 12.2], "meta": {"topic": "Pear Story 2", "type": "Narrative", "language": "鄒語, Tsou, TapangU", "speaker": "安榮進, None, male, None", "collected": "None", "revised": "2013-11-18", "video": "TsouNr-pear-An.mp3"}, "file": "Tsou_TapangU/TsouNr-pear-An", "num": 9}], [10, {"ori": [], "gloss": [["...", "", ""], ["toa", "pick.AF", "採.主焦"], ["to", "OBL", "斜格"], ["i-si", "AUX.NAF-3SG.GEN", "助動詞.非主焦-3SG.屬格"], ["mʉ'a", "plant.PF", "種植.受焦"], ["ci,_", "REL", "關係詞"]], "free": [], "s_end": false, "iu_a_span": [12.2, 14.14], "meta": {"topic": "Pear Story 2", "type": "Narrative", "language": "鄒語, Tsou, TapangU", "speaker": "安榮進, None, male, None", "collected": "None", "revised": "2013-11-18", "video": "TsouNr-pear-An.mp3"}, "file": "Tsou_TapangU/TsouNr-pear-An", "num": 10}], [11, {"ori": [], "gloss": [["..", "", ""], ["la", "HAB", "習慣"], ["ana", "eat.PF", "吃.受焦"], ["ci", "REL", "關係詞"], ["macucuma.\\", "things", "東西"]], "free": ["#e That old man went to his field and picked the crops/eaten stuff that he planted.", "#c 老人去他的田裡採他種的可食的作物。"], "s_end": true, "iu_a_span": [14.14, 15.71], "meta": {"topic": "Pear Story 2", "type": "Narrative", "language": "鄒語, Tsou, TapangU", "speaker": "安榮進, None, male, None", "collected": "None", "revised": "2013-11-18", "video": "TsouNr-pear-An.mp3"}, "s_a_span": [7.13, 15.71], "file": "Tsou_TapangU/TsouNr-pear-An", "num": 11}], [12, {"ori": [], "gloss": [["...(1.1)", "", ""], ["mi=cu==,_", "AUX.AF=PFV", "助動詞.主焦=完成"]], "free": [], "s_end": false, "iu_a_span": [15.71, 17.5], "meta": {"topic": "Pear Story 2", "type": "Narrative", "language": "鄒語, Tsou, TapangU", "speaker": "安榮進, None, male, None", "collected": "None", "revised": "2013-11-18", "video": "TsouNr-pear-An.mp3"}, "file": "Tsou_TapangU/TsouNr-pear-An", "num": 12}], [13, {"ori": [], "gloss": [["...(0.8)", "", ""], ["aomomane", "a.while", "一會兒"], ["panto", "EXIST", "存在"], ["mo", "AUX.AF", "助動詞.主焦"], ["esmi", "arrive.AV", "到.主焦"], ["ci==,_", "REL", "關係詞"]], "free": [], "s_end": false, "iu_a_span": [17.5, 20.68], "meta": {"topic": "Pear Story 2", "type": "Narrative", "language": "鄒語, Tsou, TapangU", "speaker": "安榮進, None, male, None", "collected": "None", "revised": "2013-11-18", "video": "TsouNr-pear-An.mp3"}, "file": "Tsou_TapangU/TsouNr-pear-An", "num": 13}], [14, {"ori": [], "gloss": [["...(0.6)", "", ""], ["mo", "AUX.AF", "助動詞.主焦"], ["eakako'", "draw/haul.AF", "牽/拉.主焦"], ["to,_", "OBL", "斜格"]], "free": [], "s_end": false, "iu_a_span": [20.68, 22.62], "meta": {"topic": "Pear Story 2", "type": "Narrative", "language": "鄒語, Tsou, TapangU", "speaker": "安榮進, None, male, None", "collected": "None", "revised": "2013-11-18", "video": "TsouNr-pear-An.mp3"}, "file": "Tsou_TapangU/TsouNr-pear-An", "num": 14}], [15, {"ori": [], "gloss": [["...", "", ""], ["eangi._", "goat", "羊"]], "free": ["#e After a while, there came one that pulled a goat.", "#c 不久，來了一個牽著羊的人。"], "s_end": true, "iu_a_span": [22.62, 23.36], "meta": {"topic": "Pear Story 2", "type": "Narrative", "language": "鄒語, Tsou, TapangU", "speaker": "安榮進, None, male, None", "collected": "None", "revised": "2013-11-18", "video": "TsouNr-pear-An.mp3"}, "s_a_span": [15.71, 23.36], "file": "Tsou_TapangU/TsouNr-pear-An", "num": 15}], [16, {"ori": [], "gloss": [["...(0.7)", "", ""], ["mi=cu==", "AUX.AF=PFV", "助動詞.主焦=完成"], ["eupepeahngʉeʉ", "dialogue.AF", "對話.主焦"], ["eainca,_", "say.PF", "說.受焦"]], "free": [], "s_end": false, "iu_a_span": [23.36, 25.77], "meta": {"topic": "Pear Story 2", "type": "Narrative", "language": "鄒語, Tsou, TapangU", "speaker": "安榮進, None, male, None", "collected": "None", "revised": "2013-11-18", "video": "TsouNr-pear-An.mp3"}, "file": "Tsou_TapangU/TsouNr-pear-An", "num": 16}], [17, {"ori": [], "gloss": [["...", "", ""], ["aveoveoyʉ", "glad.AF", "高興.主焦"], ["ho", "CONJ", "連接詞"], ["mo,_", "AUX.AF", "助動詞.主焦"]], "free": [], "s_end": false, "iu_a_span": [25.77, 27.33], "meta": {"topic": "Pear Story 2", "type": "Narrative", "language": "鄒語, Tsou, TapangU", "speaker": "安榮進, None, male, None", "collected": "None", "revised": "2013-11-18", "video": "TsouNr-pear-An.mp3"}, "file": "Tsou_TapangU/TsouNr-pear-An", "num": 17}], [18, {"ori": [], "gloss": [["..", "", ""], ["na'no", "very.AF", "很.主焦"], ["euho'a", "well.fruited.AF", "結實纍纍.主焦"], ["'e,/", "NOM", "主格"]], "free": [], "s_end": false, "iu_a_span": [27.33, 28.59], "meta": {"topic": "Pear Story 2", "type": "Narrative", "language": "鄒語, Tsou, TapangU", "speaker": "安榮進, None, male, None", "collected": "None", "revised": "2013-11-18", "video": "TsouNr-pear-An.mp3"}, "file": "Tsou_TapangU/TsouNr-pear-An", "num": 18}], [19, {"ori": [], "gloss": [["...", "", ""], ["eh==,_", "DM", "DM"]], "free": [], "s_end": false, "iu_a_span": [28.59, 29.57], "meta": {"topic": "Pear Story 2", "type": "Narrative", "language": "鄒語, Tsou, TapangU", "speaker": "安榮進, None, male, None", "collected": "None", "revised": "2013-11-18", "video": "TsouNr-pear-An.mp3"}, "file": "Tsou_TapangU/TsouNr-pear-An", "num": 19}], [20, {"ori": [], "gloss": [["...", "", ""], ["macucuma-su.\\", "things-2SG.GEN", "東西-2SG.屬格"]], "free": ["#e And he exchanged greetings by saying, “Great! Your crops are well-fruited.", "#c (他)跟（採果的人）打招呼說，真棒，你的作物長的真好。"], "s_end": true, "iu_a_span": [29.57, 30.61], "meta": {"topic": "Pear Story 2", "type": "Narrative", "language": "鄒語, Tsou, TapangU", "speaker": "安榮進, None, male, None", "collected": "None", "revised": "2013-11-18", "video": "TsouNr-pear-An.mp3"}, "s_a_span": [23.36, 30.61], "file": "Tsou_TapangU/TsouNr-pear-An", "num": 20}], [21, {"ori": [], "gloss": [["...(1.0)", "", ""], ["aomane,_", "a.while", "一會兒"]], "free": [], "s_end": false, "iu_a_span": [30.61, 32.28], "meta": {"topic": "Pear Story 2", "type": "Narrative", "language": "鄒語, Tsou, TapangU", "speaker": "安榮進, None, male, None", "collected": "None", "revised": "2013-11-18", "video": "TsouNr-pear-An.mp3"}, "file": "Tsou_TapangU/TsouNr-pear-An", "num": 21}], [22, {"ori": [], "gloss": [["..", "", ""], ["mi=cu==,_", "AUX.AF=PFV", "助動詞.主焦=完成"]], "free": [], "s_end": false, "iu_a_span": [32.28, 32.99], "meta": {"topic": "Pear Story 2", "type": "Narrative", "language": "鄒語, Tsou, TapangU", "speaker": "安榮進, None, male, None", "collected": "None", "revised": "2013-11-18", "video": "TsouNr-pear-An.mp3"}, "file": "Tsou_TapangU/TsouNr-pear-An", "num": 22}], [23, {"ori": [], "gloss": [["...", "", ""], ["eon", "stay.AF", "待在.主焦"], ["to==,\\", "OBL", "斜格"]], "free": [], "s_end": false, "iu_a_span": [32.99, 34.2], "meta": {"topic": "Pear Story 2", "type": "Narrative", "language": "鄒語, Tsou, TapangU", "speaker": "安榮進, None, male, None", "collected": "None", "revised": "2013-11-18", "video": "TsouNr-pear-An.mp3"}, "file": "Tsou_TapangU/TsouNr-pear-An", "num": 23}], [24, {"ori": [], "gloss": [["..", "", ""], ["jidens", "bike", "自行車"], ["'o", "NOM", "主格"], ["oko-si", "child-3SG.GEN", "小孩-3SG.屬格"], ["ho,_", "CONJ", "連接詞"]], "free": [], "s_end": false, "iu_a_span": [34.2, 35.67], "meta": {"topic": "Pear Story 2", "type": "Narrative", "language": "鄒語, Tsou, TapangU", "speaker": "安榮進, None, male, None", "collected": "None", "revised": "2013-11-18", "video": "TsouNr-pear-An.mp3"}, "file": "Tsou_TapangU/TsouNr-pear-An", "num": 24}], [25, {"ori": [], "gloss": [["..", "", ""], ["meecunu.\\", "go.over.AF", "超過.主焦"]], "free": ["#e It was after a while and his child (=the boy) on the bike caught up with him.", "#c 不久，他的小孩在自行車上趕上（他）。"], "s_end": true, "iu_a_span": [35.67, 36.51], "meta": {"topic": "Pear Story 2", "type": "Narrative", "language": "鄒語, Tsou, TapangU", "speaker": "安榮進, None, male, None", "collected": "None", "revised": "2013-11-18", "video": "TsouNr-pear-An.mp3"}, "s_a_span": [30.61, 36.51], "file": "Tsou_TapangU/TsouNr-pear-An", "num": 25}], [26, {"ori": [], "gloss": [["...(0.8)", "", ""], ["mi=cu==,_", "AUX.AF=PFV", "助動詞.主焦=完成"]], "free": [], "s_end": false, "iu_a_span": [36.51, 37.88], "meta": {"topic": "Pear Story 2", "type": "Narrative", "language": "鄒語, Tsou, TapangU", "speaker": "安榮進, None, male, None", "collected": "None", "revised": "2013-11-18", "video": "TsouNr-pear-An.mp3"}, "file": "Tsou_TapangU/TsouNr-pear-An", "num": 26}], [27, {"ori": [], "gloss": [["...", "", ""], ["cono==,_", "one", "一"]], "free": [], "s_end": false, "iu_a_span": [37.88, 38.64], "meta": {"topic": "Pear Story 2", "type": "Narrative", "language": "鄒語, Tsou, TapangU", "speaker": "安榮進, None, male, None", "collected": "None", "revised": "2013-11-18", "video": "TsouNr-pear-An.mp3"}, "file": "Tsou_TapangU/TsouNr-pear-An", "num": 27}], [28, {"ori": [], "gloss": [["...(0.8)", "", ""], ["skaeu", "basket", "籃子"], ["'o", "NOM", "主格"], ["i-si==,_", "AUX.NAF-3SG.GEN", "助動詞.非主焦-3SG.屬格"]], "free": [], "s_end": false, "iu_a_span": [38.64, 40.4], "meta": {"topic": "Pear Story 2", "type": "Narrative", "language": "鄒語, Tsou, TapangU", "speaker": "安榮進, None, male, None", "collected": "None", "revised": "2013-11-18", "video": "TsouNr-pear-An.mp3"}, "file": "Tsou_TapangU/TsouNr-pear-An", "num": 28}], [29, {"ori": [], "gloss": [["..", "", ""], ["sia", "put.PF", "放.受焦"], ["to", "OBL", "斜格"], ["jidensa-si", "bike-3SG.GEN", "自行車-3SG.屬格"], ["ho,_", "CONJ", "連接詞"]], "free": [], "s_end": false, "iu_a_span": [40.4, 41.99], "meta": {"topic": "Pear Story 2", "type": "Narrative", "language": "鄒語, Tsou, TapangU", "speaker": "安榮進, None, male, None", "collected": "None", "revised": "2013-11-18", "video": "TsouNr-pear-An.mp3"}, "file": "Tsou_TapangU/TsouNr-pear-An", "num": 29}], [30, {"ori": [], "gloss": [["...", "", ""], ["maine'e.\\", "get.back.AF", "回去.主焦"]], "free": ["#e And then it was a basket (of the fruit) that he loaded onto his bike and he went home.", "#c 他放一籃水果在他自行車上，回去了。"], "s_end": true, "iu_a_span": [41.99, 43.0], "meta": {"topic": "Pear Story 2", "type": "Narrative", "language": "鄒語, Tsou, TapangU", "speaker": "安榮進, None, male, None", "collected": "None", "revised": "2013-11-18", "video": "TsouNr-pear-An.mp3"}, "s_a_span": [36.51, 43.0], "file": "Tsou_TapangU/TsouNr-pear-An", "num": 30}], [31, {"ori": [], "gloss": [["...(1.0)", "", ""], ["eupteʉlʉ", "come.across.AF", "遇到.主焦"], ["to", "OBL", "斜格"], ["ceonʉ", "road", "路"], ["'o,_", "NOM", "主格"]], "free": [], "s_end": false, "iu_a_span": [43.0, 45.83], "meta": {"topic": "Pear Story 2", "type": "Narrative", "language": "鄒語, Tsou, TapangU", "speaker": "安榮進, None, male, None", "collected": "None", "revised": "2013-11-18", "video": "TsouNr-pear-An.mp3"}, "file": "Tsou_TapangU/TsouNr-pear-An", "num": 31}], [32, {"ori": [], "gloss": [["...", "", ""], ["oko", "child", "小孩"], ["no", "GEN", "屬格"], ["mamespingi", "female", "女"], ["ci", "REL", "關係詞"], ["mo", "AUX.AF", "助動詞.主焦"], ["mae--,_", "FS", "FS"]], "free": [], "s_end": false, "iu_a_span": [45.83, 48.19], "meta": {"topic": "Pear Story 2", "type": "Narrative", "language": "鄒語, Tsou, TapangU", "speaker": "安榮進, None, male, None", "collected": "None", "revised": "2013-11-18", "video": "TsouNr-pear-An.mp3"}, "file": "Tsou_TapangU/TsouNr-pear-An", "num": 32}], [33, {"ori": [], "gloss": [["..", "", ""], ["maezo", "also.AF", "也.主焦"], ["eon", "stay/on.AF", "待.主焦"], ["to", "OBL", "斜格"], ["jidensa.\\", "bike", "自行車"]], "free": ["#e Then on the way, a girl who was also riding a bike was encountered.", "#c 在路上（他）遇到一個也是騎腳踏車的女孩。"], "s_end": true, "iu_a_span": [48.19, 49.59], "meta": {"topic": "Pear Story 2", "type": "Narrative", "language": "鄒語, Tsou, TapangU", "speaker": "安榮進, None, male, None", "collected": "None", "revised": "2013-11-18", "video": "TsouNr-pear-An.mp3"}, "s_a_span": [43.0, 49.59], "file": "Tsou_TapangU/TsouNr-pear-An", "num": 33}], [34, {"ori": [], "gloss": [["...(0.7)", "", ""], ["mo", "AUX.AF", "助動詞.主焦"], ["apemio", "devoted.AF", "專心.主焦"], ["mi'pou", "face.toward.wrong.direction.AF", "臉朝錯邊.主焦"], ["'e", "NOM", "主格"], ["oko", "child", "小孩"], ["no", "OBL", "斜格"], ["hahocngʉ.\\", "male", "男"]], "free": ["#e (Just because) the boy was devoted to side-looking (the girl).", "#c (因為)那男孩太專注臉朝(女孩那)邊。"], "s_end": true, "iu_a_span": [49.59, 52.43], "meta": {"topic": "Pear Story 2", "type": "Narrative", "language": "鄒語, Tsou, TapangU", "speaker": "安榮進, None, male, None", "collected": "None", "revised": "2013-11-18", "video": "TsouNr-pear-An.mp3"}, "s_a_span": [49.59, 52.43], "file": "Tsou_TapangU/TsouNr-pear-An", "num": 34}], [35, {"ori": [], "gloss": [["...", "", ""], ["mo", "AUX.AF", "助動詞.主焦"], ["smotokʉ", "bump_into.AF", "碰到.主焦"], ["to,_", "OBL", "斜格"]], "free": [], "s_end": false, "iu_a_span": [52.43, 54.16], "meta": {"topic": "Pear Story 2", "type": "Narrative", "language": "鄒語, Tsou, TapangU", "speaker": "安榮進, None, male, None", "collected": "None", "revised": "2013-11-18", "video": "TsouNr-pear-An.mp3"}, "file": "Tsou_TapangU/TsouNr-pear-An", "num": 35}], [36, {"ori": [], "gloss": [["...", "", ""], ["fatu", "stone", "石頭"], ["'o,_", "NOM", "主格"]], "free": [], "s_end": false, "iu_a_span": [54.16, 55.32], "meta": {"topic": "Pear Story 2", "type": "Narrative", "language": "鄒語, Tsou, TapangU", "speaker": "安榮進, None, male, None", "collected": "None", "revised": "2013-11-18", "video": "TsouNr-pear-An.mp3"}, "file": "Tsou_TapangU/TsouNr-pear-An", "num": 36}], [37, {"ori": [], "gloss": [["..", "", ""], ["i-si,_", "AUX.NAV-3SG.GEN", "助動詞.非主焦-3SG.屬格"]], "free": [], "s_end": false, "iu_a_span": [55.32, 55.78], "meta": {"topic": "Pear Story 2", "type": "Narrative", "language": "鄒語, Tsou, TapangU", "speaker": "安榮進, None, male, None", "collected": "None", "revised": "2013-11-18", "video": "TsouNr-pear-An.mp3"}, "file": "Tsou_TapangU/TsouNr-pear-An", "num": 37}], [38, {"ori": [], "gloss": [["..", "", ""], ["'o", "NOM", "主格"], ["jidensa-si._", "bike-3SG.GEN", "自行車-3SG.屬格"]], "free": ["#e His bike bumped into a stone.", "#c 他的自行車碰到一塊石頭。"], "s_end": true, "iu_a_span": [55.78, 56.85], "meta": {"topic": "Pear Story 2", "type": "Narrative", "language": "鄒語, Tsou, TapangU", "speaker": "安榮進, None, male, None", "collected": "None", "revised": "2013-11-18", "video": "TsouNr-pear-An.mp3"}, "s_a_span": [52.43, 56.85], "file": "Tsou_TapangU/TsouNr-pear-An", "num": 38}], [39, {"ori": [], "gloss": [["...", "", ""], ["cu", "PFV", "完成"], ["alʉ==,_", "still.AF", "就.主焦"]], "free": [], "s_end": false, "iu_a_span": [56.85, 57.86], "meta": {"topic": "Pear Story 2", "type": "Narrative", "language": "鄒語, Tsou, TapangU", "speaker": "安榮進, None, male, None", "collected": "None", "revised": "2013-11-18", "video": "TsouNr-pear-An.mp3"}, "file": "Tsou_TapangU/TsouNr-pear-An", "num": 39}], [40, {"ori": [], "gloss": [["...(1.2)", "", ""], ["eain,_", "say.PF", "說.受焦"]], "free": ["#n 此處應為eainca", "#n 此處應為eainca"], "s_end": false, "iu_a_span": [57.86, 59.42], "meta": {"topic": "Pear Story 2", "type": "Narrative", "language": "鄒語, Tsou, TapangU", "speaker": "安榮進, None, male, None", "collected": "None", "revised": "2013-11-18", "video": "TsouNr-pear-An.mp3"}, "file": "Tsou_TapangU/TsouNr-pear-An", "num": 40}], [41, {"ori": [], "gloss": [["...", "", ""], ["e'pueu", "fall.on.the.ground.AF", "跌在地上.主焦"], ["ho", "CONJ", "連接詞"], ["mat'at'ango", "on.all.four.legs.AF", "四腳.主焦"], ["maezo,_", "also.AF", "也.主焦"]], "free": ["#e And he fell on all four legs in the ground.", "#c 他跌了個四腳朝天。"], "s_end": true, "iu_a_span": [59.42, 62.18], "meta": {"topic": "Pear Story 2", "type": "Narrative", "language": "鄒語, Tsou, TapangU", "speaker": "安榮進, None, male, None", "collected": "None", "revised": "2013-11-18", "video": "TsouNr-pear-An.mp3"}, "s_a_span": [56.85, 62.18], "file": "Tsou_TapangU/TsouNr-pear-An", "num": 41}], [42, {"ori": [], "gloss": [["...", "", ""], ["miuhu", "spilt.AF", "分開.主焦"], ["'o,_", "NOM", "主格"]], "free": [], "s_end": false, "iu_a_span": [62.18, 63.48], "meta": {"topic": "Pear Story 2", "type": "Narrative", "language": "鄒語, Tsou, TapangU", "speaker": "安榮進, None, male, None", "collected": "None", "revised": "2013-11-18", "video": "TsouNr-pear-An.mp3"}, "file": "Tsou_TapangU/TsouNr-pear-An", "num": 42}], [43, {"ori": [], "gloss": [["...", "", ""], ["i-si", "AUX.NAF-3SG.GEN", "助動詞.非主焦-3SG.屬格"], ["hafa", "carry.PF", "攜帶.受焦"], ["ci==,_", "REL", "關係詞"]], "free": [], "s_end": false, "iu_a_span": [63.48, 64.67], "meta": {"topic": "Pear Story 2", "type": "Narrative", "language": "鄒語, Tsou, TapangU", "speaker": "安榮進, None, male, None", "collected": "None", "revised": "2013-11-18", "video": "TsouNr-pear-An.mp3"}, "file": "Tsou_TapangU/TsouNr-pear-An", "num": 43}], [44, {"ori": [], "gloss": [["...(0.9)", "", ""], ["ci", "REL", "關係詞"], ["'o-'oanʉ.\\", "RED-food", "重疊-食物"]], "free": ["#e And the eating stuff spilled.", "#c 那些可以吃的東西都散開了。", "#n 食物指的是影片中的水果"], "s_end": true, "iu_a_span": [64.67, 66.36], "meta": {"topic": "Pear Story 2", "type": "Narrative", "language": "鄒語, Tsou, TapangU", "speaker": "安榮進, None, male, None", "collected": "None", "revised": "2013-11-18", "video": "TsouNr-pear-An.mp3"}, "s_a_span": [62.18, 66.36], "file": "Tsou_TapangU/TsouNr-pear-An", "num": 44}], [45, {"ori": [], "gloss": [["...(0.9)", "", ""], ["mo,_", "AUX.AF", "助動詞.主焦"]], "free": [], "s_end": false, "iu_a_span": [66.36, 67.65], "meta": {"topic": "Pear Story 2", "type": "Narrative", "language": "鄒語, Tsou, TapangU", "speaker": "安榮進, None, male, None", "collected": "None", "revised": "2013-11-18", "video": "TsouNr-pear-An.mp3"}, "file": "Tsou_TapangU/TsouNr-pear-An", "num": 45}], [46, {"ori": [], "gloss": [["..", "", ""], ["panto", "EXIST", "存在"], ["mo", "AUX.AF", "助動詞.主焦"], ["esmi", "arrive.AF", "關係詞"], ["ci", "REL", "助動詞.主焦"], ["mo", "AUX.AF", "當手足.主焦"], ["nanat'ot'ohaisa", "be.brothers.AF", "關係詞"], ["ci", "REL", "助動詞.主焦"], ["mo", "AUX.AF", "三"], ["tueu.\\", "", ""]], "free": [], "s_end": false, "iu_a_span": [67.65, 70.5], "meta": {"topic": "Pear Story 2", "type": "Narrative", "language": "鄒語, Tsou, TapangU", "speaker": "安榮進, None, male, None", "collected": "None", "revised": "2013-11-18", "video": "TsouNr-pear-An.mp3"}, "file": "Tsou_TapangU/TsouNr-pear-An", "num": 46}], [47, {"ori": [], "gloss": [["...", "", ""], ["i-he", "AUX.NAF-3PL.GEN", "助動詞.主焦-3PL.屬格"], ["cu,_", "PFV", "完成"]], "free": [], "s_end": false, "iu_a_span": [70.5, 71.48], "meta": {"topic": "Pear Story 2", "type": "Narrative", "language": "鄒語, Tsou, TapangU", "speaker": "安榮進, None, male, None", "collected": "None", "revised": "2013-11-18", "video": "TsouNr-pear-An.mp3"}, "file": "Tsou_TapangU/TsouNr-pear-An", "num": 47}], [48, {"ori": [], "gloss": [["..", "", ""], ["eaeza", "also.PF", "又.受焦"], ["to'usni", "help.LV", "幫助.處焦"], ["ho,_", "CONJ", "連接詞"]], "free": [], "s_end": false, "iu_a_span": [71.48, 72.85], "meta": {"topic": "Pear Story 2", "type": "Narrative", "language": "鄒語, Tsou, TapangU", "speaker": "安榮進, None, male, None", "collected": "None", "revised": "2013-11-18", "video": "TsouNr-pear-An.mp3"}, "file": "Tsou_TapangU/TsouNr-pear-An", "num": 48}], [49, {"ori": [], "gloss": [["...(1.6)", "", ""], ["patmʉta", "pick.up.PF", "撿.受焦"], ["'o", "NOM", "主格"], ["mo,/", "AUX.AF", "助動詞.主焦"]], "free": [], "s_end": false, "iu_a_span": [72.85, 75.24], "meta": {"topic": "Pear Story 2", "type": "Narrative", "language": "鄒語, Tsou, TapangU", "speaker": "安榮進, None, male, None", "collected": "None", "revised": "2013-11-18", "video": "TsouNr-pear-An.mp3"}, "file": "Tsou_TapangU/TsouNr-pear-An", "num": 49}], [50, {"ori": [], "gloss": [["..", "", ""], ["su<pe>peohʉ", "<RED>fall.AF", "重疊.掉落.主焦"], ["ci", "REL", "關係詞"], ["la,_", "HAB", "習慣"]], "free": [], "s_end": false, "iu_a_span": [75.24, 76.33], "meta": {"topic": "Pear Story 2", "type": "Narrative", "language": "鄒語, Tsou, TapangU", "speaker": "安榮進, None, male, None", "collected": "None", "revised": "2013-11-18", "video": "TsouNr-pear-An.mp3"}, "file": "Tsou_TapangU/TsouNr-pear-An", "num": 50}], [51, {"ori": [], "gloss": [["..", "", ""], ["oanʉ.\\", "be.food.AF", "當食物.主焦"]], "free": ["#e There arrived three brothers that helped him picked up the spilt fruits.", "#c 三個男孩走過來幫（他）撿起散開的水果。"], "s_end": true, "iu_a_span": [76.33, 76.84], "meta": {"topic": "Pear Story 2", "type": "Narrative", "language": "鄒語, Tsou, TapangU", "speaker": "安榮進, None, male, None", "collected": "None", "revised": "2013-11-18", "video": "TsouNr-pear-An.mp3"}, "s_a_span": [66.36, 76.84], "file": "Tsou_TapangU/TsouNr-pear-An", "num": 51}], [52, {"ori": [], "gloss": [["...", "", ""], ["ho,_", "CONJ", "連接詞"]], "free": [], "s_end": false, "iu_a_span": [76.84, 77.72], "meta": {"topic": "Pear Story 2", "type": "Narrative", "language": "鄒語, Tsou, TapangU", "speaker": "安榮進, None, male, None", "collected": "None", "revised": "2013-11-18", "video": "TsouNr-pear-An.mp3"}, "file": "Tsou_TapangU/TsouNr-pear-An", "num": 52}], [53, {"ori": [], "gloss": [["...", "", ""], ["soip--,_", "FS", "FS"]], "free": [], "s_end": false, "iu_a_span": [77.72, 78.48], "meta": {"topic": "Pear Story 2", "type": "Narrative", "language": "鄒語, Tsou, TapangU", "speaker": "安榮進, None, male, None", "collected": "None", "revised": "2013-11-18", "video": "TsouNr-pear-An.mp3"}, "file": "Tsou_TapangU/TsouNr-pear-An", "num": 53}], [54, {"ori": [], "gloss": [["...", "", ""], ["soo'veia", "put:back.PF", "放回.受焦"], ["to==", "OBL", "斜格"], ["jidensa-si._", "bike-3SG.GEN", "自行車-3SG.屬格"]], "free": ["#e And put them back to his bike.", "#c 把(水果)放回他的自行車。"], "s_end": true, "iu_a_span": [78.48, 80.39], "meta": {"topic": "Pear Story 2", "type": "Narrative", "language": "鄒語, Tsou, TapangU", "speaker": "安榮進, None, male, None", "collected": "None", "revised": "2013-11-18", "video": "TsouNr-pear-An.mp3"}, "s_a_span": [76.84, 80.39], "file": "Tsou_TapangU/TsouNr-pear-An", "num": 54}], [55, {"ori": [], "gloss": [["...(0.8)", "", ""], ["mo", "AUX.AF", "助動詞.主焦"], ["'so==", "because", "因為"], ["smo'co'congo", "pain/hurt.AF", "痛.主焦"], ["'e,_", "NOM", "主格"]], "free": [], "s_end": false, "iu_a_span": [80.39, 82.79], "meta": {"topic": "Pear Story 2", "type": "Narrative", "language": "鄒語, Tsou, TapangU", "speaker": "安榮進, None, male, None", "collected": "None", "revised": "2013-11-18", "video": "TsouNr-pear-An.mp3"}, "file": "Tsou_TapangU/TsouNr-pear-An", "num": 55}], [56, {"ori": [], "gloss": [["...", "", ""], ["'e", "NOM", "主格"], ["oko", "child", "小孩"], ["mi=cu", "AUX.AF=PFV", "助動詞.主焦=完成"], ["c'o,_", "just", "只有"]], "free": [], "s_end": false, "iu_a_span": [82.79, 84.37], "meta": {"topic": "Pear Story 2", "type": "Narrative", "language": "鄒語, Tsou, TapangU", "speaker": "安榮進, None, male, None", "collected": "None", "revised": "2013-11-18", "video": "TsouNr-pear-An.mp3"}, "file": "Tsou_TapangU/TsouNr-pear-An", "num": 56}], [57, {"ori": [], "gloss": [["..", "", ""], ["poe'oha", "push.PF", "推.受焦"], ["'o==", "NOM", "主格"], ["jidensa-si.\\", "bike-GEN", "自行車-屬格"]], "free": ["#e The child felt painful and could just push his bike.", "#c 男孩覺得很痛，只能推著他著自行車。"], "s_end": true, "iu_a_span": [84.37, 86.24], "meta": {"topic": "Pear Story 2", "type": "Narrative", "language": "鄒語, Tsou, TapangU", "speaker": "安榮進, None, male, None", "collected": "None", "revised": "2013-11-18", "video": "TsouNr-pear-An.mp3"}, "s_a_span": [80.39, 86.24], "file": "Tsou_TapangU/TsouNr-pear-An", "num": 57}], [58, {"ori": [], "gloss": [["...(1.0)", "", ""], ["mi=cu", "AUX.AF=PFV", "助動詞.主焦=完成"], ["mo'unu", "go.toward.AF", "朝向.主焦"], ["maita'e", "like.that.AF", "像那樣.主焦"], ["'o", "NOM", "主格"], ["mo,_", "AUX.AF", "助動詞.主焦"]], "free": [], "s_end": false, "iu_a_span": [86.24, 88.58], "meta": {"topic": "Pear Story 2", "type": "Narrative", "language": "鄒語, Tsou, TapangU", "speaker": "安榮進, None, male, None", "collected": "None", "revised": "2013-11-18", "video": "TsouNr-pear-An.mp3"}, "file": "Tsou_TapangU/TsouNr-pear-An", "num": 58}], [59, {"ori": [], "gloss": [["..", "", ""], ["to'usnu", "help.AF", "幫助.主焦"], ["ci", "REL", "關係詞"], ["mo", "AUX.AF", "助動詞.主焦"], ["tueu.\\", "three.AF", "三.主焦"]], "free": ["#e The three went just like that.", "#c 那三個男孩就這樣朝那邊走了。"], "s_end": true, "iu_a_span": [88.58, 89.89], "meta": {"topic": "Pear Story 2", "type": "Narrative", "language": "鄒語, Tsou, TapangU", "speaker": "安榮進, None, male, None", "collected": "None", "revised": "2013-11-18", "video": "TsouNr-pear-An.mp3"}, "s_a_span": [86.24, 89.89], "file": "Tsou_TapangU/TsouNr-pear-An", "num": 59}], [60, {"ori": [], "gloss": [["...", "", ""], ["i-he", "AUX.NAF-3PL.GEN", "助動詞.非主焦-3PL.屬格"], ["aiti", "see.LF", "看.處焦"], ["'o", "NOM", "主格"], ["ceopngu-si", "hat-3SG.屬格", "帽子-3SG.屬格"], ["mo", "AUX.AF", "助動詞.主焦"], ["supeohʉ.\\", "fall.AF", "落下.主焦"]], "free": ["#e They saw his hat fell.", "#c 他們看到他的帽子掉下來。"], "s_end": true, "iu_a_span": [89.89, 92.91], "meta": {"topic": "Pear Story 2", "type": "Narrative", "language": "鄒語, Tsou, TapangU", "speaker": "安榮進, None, male, None", "collected": "None", "revised": "2013-11-18", "video": "TsouNr-pear-An.mp3"}, "s_a_span": [89.89, 92.91], "file": "Tsou_TapangU/TsouNr-pear-An", "num": 60}], [61, {"ori": [], "gloss": [["...(0.6)", "", ""], ["mi=cu==,_", "AUX.AF=PFV", "助動詞.主焦=完成"]], "free": [], "s_end": false, "iu_a_span": [92.91, 94.05], "meta": {"topic": "Pear Story 2", "type": "Narrative", "language": "鄒語, Tsou, TapangU", "speaker": "安榮進, None, male, None", "collected": "None", "revised": "2013-11-18", "video": "TsouNr-pear-An.mp3"}, "file": "Tsou_TapangU/TsouNr-pear-An", "num": 61}], [62, {"ori": [], "gloss": [["...", "", ""], ["meobango", "chase.AF", "追.主焦"], ["'o", "NOM", "主格"], ["mo", "AUX.AF", "助動詞.主焦"], ["cihi", "one.AF", "一.主焦"], ["ho,_", "CONJ", "連接詞"]], "free": [], "s_end": false, "iu_a_span": [94.05, 95.54], "meta": {"topic": "Pear Story 2", "type": "Narrative", "language": "鄒語, Tsou, TapangU", "speaker": "安榮進, None, male, None", "collected": "None", "revised": "2013-11-18", "video": "TsouNr-pear-An.mp3"}, "file": "Tsou_TapangU/TsouNr-pear-An", "num": 62}], [63, {"ori": [], "gloss": [["..", "", ""], ["eovei-neni.\\", "return-BF", "返回-予焦"]], "free": ["#e One of the three chased (the boy) and returned it to the boy.", "#c 其中一個男孩去追（那個男孩）並且還（帽子）給那個男孩"], "s_end": true, "iu_a_span": [95.54, 96.48], "meta": {"topic": "Pear Story 2", "type": "Narrative", "language": "鄒語, Tsou, TapangU", "speaker": "安榮進, None, male, None", "collected": "None", "revised": "2013-11-18", "video": "TsouNr-pear-An.mp3"}, "s_a_span": [92.91, 96.48], "file": "Tsou_TapangU/TsouNr-pear-An", "num": 63}], [64, {"ori": [], "gloss": [["...", "", ""], ["mo", "AUX.AF", "助動詞.主焦"], ["na'no,_", "very.AF", "很.主焦"]], "free": [], "s_end": false, "iu_a_span": [96.48, 97.81], "meta": {"topic": "Pear Story 2", "type": "Narrative", "language": "鄒語, Tsou, TapangU", "speaker": "安榮進, None, male, None", "collected": "None", "revised": "2013-11-18", "video": "TsouNr-pear-An.mp3"}, "file": "Tsou_TapangU/TsouNr-pear-An", "num": 64}], [65, {"ori": [], "gloss": [["...", "", ""], ["kokaekaebʉ", "more.than.happy.AF", "非常高興.主焦"], ["'e,_", "NOM", "主格"]], "free": [], "s_end": false, "iu_a_span": [97.81, 98.89], "meta": {"topic": "Pear Story 2", "type": "Narrative", "language": "鄒語, Tsou, TapangU", "speaker": "安榮進, None, male, None", "collected": "None", "revised": "2013-11-18", "video": "TsouNr-pear-An.mp3"}, "file": "Tsou_TapangU/TsouNr-pear-An", "num": 65}], [66, {"ori": [], "gloss": [["...", "", ""], ["oko", "child", "小孩"], ["ci", "REL", "關係詞"], ["moso", "AUX.AF", "助動詞.主焦"], ["smopcuku.\\", "fall.AF", "跌倒.主焦"]], "free": ["#e The child who fell previously was then very happy.", "#c 之前跌倒的男孩非常高興。"], "s_end": true, "iu_a_span": [98.89, 100.78], "meta": {"topic": "Pear Story 2", "type": "Narrative", "language": "鄒語, Tsou, TapangU", "speaker": "安榮進, None, male, None", "collected": "None", "revised": "2013-11-18", "video": "TsouNr-pear-An.mp3"}, "s_a_span": [96.48, 100.78], "file": "Tsou_TapangU/TsouNr-pear-An", "num": 66}], [67, {"ori": [], "gloss": [["...", "", ""], ["i-si", "AUX.NAF-3SG.GEN", "助動詞.非主焦-3SG.屬格"], ["cu", "PFV", "完成"], ["fii", "give.LV", "給.處焦"], ["to,_", "OBL", "斜格"]], "free": [], "s_end": false, "iu_a_span": [100.78, 102.47], "meta": {"topic": "Pear Story 2", "type": "Narrative", "language": "鄒語, Tsou, TapangU", "speaker": "安榮進, None, male, None", "collected": "None", "revised": "2013-11-18", "video": "TsouNr-pear-An.mp3"}, "file": "Tsou_TapangU/TsouNr-pear-An", "num": 67}], [68, {"ori": [], "gloss": [["...", "", ""], ["i-si", "AUX.NAF-3SG.GEN", "助動詞.非主焦-3SG.屬格"], ["toveuca", "gather/pick.PF", "採.受焦"], ["ci", "REL", "關係詞"], ["mo", "AUX.AF", "助動詞.主焦"], ["tueu", "three", "三"], ["ci,_", "REL", "關係詞"]], "free": [], "s_end": false, "iu_a_span": [102.47, 104.6], "meta": {"topic": "Pear Story 2", "type": "Narrative", "language": "鄒語, Tsou, TapangU", "speaker": "安榮進, None, male, None", "collected": "None", "revised": "2013-11-18", "video": "TsouNr-pear-An.mp3"}, "file": "Tsou_TapangU/TsouNr-pear-An", "num": 68}], [69, {"ori": [], "gloss": [["...", "", ""], ["eh==,_", "DM", "DM"]], "free": [], "s_end": false, "iu_a_span": [104.6, 105.47], "meta": {"topic": "Pear Story 2", "type": "Narrative", "language": "鄒語, Tsou, TapangU", "speaker": "安榮進, None, male, None", "collected": "None", "revised": "2013-11-18", "video": "TsouNr-pear-An.mp3"}, "file": "Tsou_TapangU/TsouNr-pear-An", "num": 69}], [70, {"ori": [], "gloss": [["...", "", ""], ["la", "HAB", "習慣"], ["'o-'oanʉ.\\", "RED-food", "重疊-食物"]], "free": ["#e (The three boys) were given three foods (that were picked.)", "#c 他給（那三個小孩）三個食物(他們採的)。"], "s_end": true, "iu_a_span": [105.47, 106.66], "meta": {"topic": "Pear Story 2", "type": "Narrative", "language": "鄒語, Tsou, TapangU", "speaker": "安榮進, None, male, None", "collected": "None", "revised": "2013-11-18", "video": "TsouNr-pear-An.mp3"}, "s_a_span": [100.78, 106.66], "file": "Tsou_TapangU/TsouNr-pear-An", "num": 70}], [71, {"ori": [], "gloss": [["...", "", ""], ["mi=cu==,_", "AUX.AF=PFV", "助動詞.主焦=完成"]], "free": [], "s_end": false, "iu_a_span": [106.66, 107.83], "meta": {"topic": "Pear Story 2", "type": "Narrative", "language": "鄒語, Tsou, TapangU", "speaker": "安榮進, None, male, None", "collected": "None", "revised": "2013-11-18", "video": "TsouNr-pear-An.mp3"}, "file": "Tsou_TapangU/TsouNr-pear-An", "num": 71}], [72, {"ori": [], "gloss": [["...", "", ""], ["mo'unu", "go.toward.AF", "朝向.主焦"], ["maita'e", "like.that.AF", "像那樣.主焦"], ["'o", "NOM", "主格"], ["mo", "AUX.AF", "助動詞.主焦"], ["tueu", "three.AF", "三.主焦"], ["ci", "REL", "關係詞"], ["'o-'oko.\\", "RED-child", "重疊-小孩"]], "free": ["#e The three went away just like that.", "#c 那三個小孩就那樣走了。"], "s_end": true, "iu_a_span": [107.83, 109.94], "meta": {"topic": "Pear Story 2", "type": "Narrative", "language": "鄒語, Tsou, TapangU", "speaker": "安榮進, None, male, None", "collected": "None", "revised": "2013-11-18", "video": "TsouNr-pear-An.mp3"}, "s_a_span": [106.66, 109.94], "file": "Tsou_TapangU/TsouNr-pear-An", "num": 72}], [73, {"ori": [], "gloss": [["...", "", ""], ["i-si", "AUX.NAF-3SG.GEN", "助動詞.非主焦-3SG.屬格"], ["ouhuhuca", "eat.while.walk.PF", "邊走邊吃.受焦"], ["'o", "NOM", "主格"], ["i-si,_", "AUX.NAF-3SG.GEN", "助動詞.非主焦-3SG.屬格"]], "free": [], "s_end": false, "iu_a_span": [109.94, 112.08], "meta": {"topic": "Pear Story 2", "type": "Narrative", "language": "鄒語, Tsou, TapangU", "speaker": "安榮進, None, male, None", "collected": "None", "revised": "2013-11-18", "video": "TsouNr-pear-An.mp3"}, "file": "Tsou_TapangU/TsouNr-pear-An", "num": 73}], [74, {"ori": [], "gloss": [["...", "", ""], ["a", "DM", "DM"], ["faeni", "give.BF", "給.予焦"], ["ci", "REL", "關係詞"], ["mo", "AUX.AF", "助動詞.主焦"], ["tueu", "three.AF", "三.主焦"], ["ci,/", "REL", "關係詞"]], "free": [], "s_end": false, "iu_a_span": [112.08, 114.14], "meta": {"topic": "Pear Story 2", "type": "Narrative", "language": "鄒語, Tsou, TapangU", "speaker": "安榮進, None, male, None", "collected": "None", "revised": "2013-11-18", "video": "TsouNr-pear-An.mp3"}, "file": "Tsou_TapangU/TsouNr-pear-An", "num": 74}], [75, {"ori": [], "gloss": [["...", "", ""], ["mo", "AUX.AF", "助動詞.主焦"], ["macoconi", "each.one.AF", "每一個.主焦"], ["ci,_", "REL", "關係詞"]], "free": [], "s_end": false, "iu_a_span": [114.14, 115.91], "meta": {"topic": "Pear Story 2", "type": "Narrative", "language": "鄒語, Tsou, TapangU", "speaker": "安榮進, None, male, None", "collected": "None", "revised": "2013-11-18", "video": "TsouNr-pear-An.mp3"}, "file": "Tsou_TapangU/TsouNr-pear-An", "num": 75}], [76, {"ori": [], "gloss": [["...", "", ""], ["la", "HAB", "習慣"], ["'o-'oanʉ.\\", "RED-food", "重疊-食物"]], "free": ["#e while they were walking away, they were eating the food.", "#c 他們離開時，一面吃著那食物。", "#n –si here should be a mistake. –he would be better."], "s_end": true, "iu_a_span": [115.91, 116.9], "meta": {"topic": "Pear Story 2", "type": "Narrative", "language": "鄒語, Tsou, TapangU", "speaker": "安榮進, None, male, None", "collected": "None", "revised": "2013-11-18", "video": "TsouNr-pear-An.mp3"}, "s_a_span": [109.94, 116.9], "file": "Tsou_TapangU/TsouNr-pear-An", "num": 76}], [77, {"ori": [], "gloss": [["...(0.8)", "", ""], ["mi=cu==,_", "AUX.AF=PFV", "助動詞.主焦=完成"]], "free": [], "s_end": false, "iu_a_span": [116.9, 118.34], "meta": {"topic": "Pear Story 2", "type": "Narrative", "language": "鄒語, Tsou, TapangU", "speaker": "安榮進, None, male, None", "collected": "None", "revised": "2013-11-18", "video": "TsouNr-pear-An.mp3"}, "file": "Tsou_TapangU/TsouNr-pear-An", "num": 77}], [78, {"ori": [], "gloss": [["...", "", ""], ["es--,\\", "FS", "FS"]], "free": [], "s_end": false, "iu_a_span": [118.34, 118.98], "meta": {"topic": "Pear Story 2", "type": "Narrative", "language": "鄒語, Tsou, TapangU", "speaker": "安榮進, None, male, None", "collected": "None", "revised": "2013-11-18", "video": "TsouNr-pear-An.mp3"}, "file": "Tsou_TapangU/TsouNr-pear-An", "num": 78}], [79, {"ori": [], "gloss": [["..", "", ""], ["espopaeo", "appear.in.a.sudden.way.AF", "突然出現.主焦"], ["to==,_", "OBL", "斜格"]], "free": [], "s_end": false, "iu_a_span": [118.98, 120.25], "meta": {"topic": "Pear Story 2", "type": "Narrative", "language": "鄒語, Tsou, TapangU", "speaker": "安榮進, None, male, None", "collected": "None", "revised": "2013-11-18", "video": "TsouNr-pear-An.mp3"}, "file": "Tsou_TapangU/TsouNr-pear-An", "num": 79}], [80, {"ori": [], "gloss": [["...(0.7)", "", ""], ["eh==,\\", "DM", "DM"]], "free": [], "s_end": false, "iu_a_span": [120.25, 121.36], "meta": {"topic": "Pear Story 2", "type": "Narrative", "language": "鄒語, Tsou, TapangU", "speaker": "安榮進, None, male, None", "collected": "None", "revised": "2013-11-18", "video": "TsouNr-pear-An.mp3"}, "file": "Tsou_TapangU/TsouNr-pear-An", "num": 80}], [81, {"ori": [], "gloss": [["...(0.7)", "", ""], ["to", "OBL", "斜格"], ["mo", "AUX.AF", "助動詞.主焦"], ["toa", "pick.AF", "採.主焦"], ["to", "OBL", "斜格"], ["i-he", "AUX.NAF-3PL.GEN", "助動詞.非主焦-3PL.屬格"], ["'o-'oanʉ", "RED-be.food-AF", "重疊-做食物-主焦"], ["ci,_", "REL", "關係詞"]], "free": [], "s_end": false, "iu_a_span": [121.36, 124.07], "meta": {"topic": "Pear Story 2", "type": "Narrative", "language": "鄒語, Tsou, TapangU", "speaker": "安榮進, None, male, None", "collected": "None", "revised": "2013-11-18", "video": "TsouNr-pear-An.mp3"}, "file": "Tsou_TapangU/TsouNr-pear-An", "num": 81}], [82, {"ori": [], "gloss": [["...", "", ""], ["mameoi.\\", "old.man", "老人"]], "free": ["#e (The three) all of sudden appeared at the place where the old man gathered fruit.", "#c (那三個小孩)突然出現在老人採集食物那裡。"], "s_end": true, "iu_a_span": [124.07, 124.9], "meta": {"topic": "Pear Story 2", "type": "Narrative", "language": "鄒語, Tsou, TapangU", "speaker": "安榮進, None, male, None", "collected": "None", "revised": "2013-11-18", "video": "TsouNr-pear-An.mp3"}, "s_a_span": [116.9, 124.9], "file": "Tsou_TapangU/TsouNr-pear-An", "num": 82}], [83, {"ori": [], "gloss": [["...(0.8)", "", ""], ["mi=cu", "AUX.AF=PFV", "助動詞.主焦=完成"], ["eu'sipeohʉ", "climb.down.AF", "爬下來.主焦"], ["ho", "CONJ", "連接詞"], ["aiti.\\", "see.LF", "看.處焦"]], "free": [], "s_end": false, "iu_a_span": [124.9, 127.08], "meta": {"topic": "Pear Story 2", "type": "Narrative", "language": "鄒語, Tsou, TapangU", "speaker": "安榮進, None, male, None", "collected": "None", "revised": "2013-11-18", "video": "TsouNr-pear-An.mp3"}, "file": "Tsou_TapangU/TsouNr-pear-An", "num": 83}], [84, {"ori": [], "gloss": [["...", "", ""], ["i-si", "AUX.NAF-3SG.GEN", "助動詞.非主焦-3SG.屬格"], ["eainca", "say.PF", "說.受焦"], ["no", "OBL", "斜格"], ["koe-si", "ear-3SG.GEN", "耳-3SG.屬格"], ["mais'a", "like.this.AF", "向這樣.主焦"], ["no", "OBL", "斜格"], ["moh=cu", "AUX.AF=PFV", "助動詞.主焦=完成"], ["la,_", "HAB", "習慣"]], "free": [], "s_end": false, "iu_a_span": [127.08, 129.22], "meta": {"topic": "Pear Story 2", "type": "Narrative", "language": "鄒語, Tsou, TapangU", "speaker": "安榮進, None, male, None", "collected": "None", "revised": "2013-11-18", "video": "TsouNr-pear-An.mp3"}, "file": "Tsou_TapangU/TsouNr-pear-An", "num": 84}], [85, {"ori": [], "gloss": [["...", "", ""], ["eus--", "FS", "FS"], ["eusno", "two", "二"], ["skaeu", "basket", "籃"], ["o-'u", "AUX.NAF-1SG.GEN", "助動詞.非主焦-1SG.屬格"], ["toveuca.\\", "gather:PF", "採集.受焦"]], "free": ["#e (The old man thought) \"Didn't it make two that I gathered?\"", "#c 那老人想, 我採的不是有兩籃嗎？"], "s_end": true, "iu_a_span": [129.22, 131.54], "meta": {"topic": "Pear Story 2", "type": "Narrative", "language": "鄒語, Tsou, TapangU", "speaker": "安榮進, None, male, None", "collected": "None", "revised": "2013-11-18", "video": "TsouNr-pear-An.mp3"}, "s_a_span": [124.9, 131.54], "file": "Tsou_TapangU/TsouNr-pear-An", "num": 85}], [86, {"ori": [], "gloss": [["...", "", ""], ["manci", "why", "為什麼"], ["mi=cu", "AUX.AF=PFV", "助動詞.主焦=完成"], ["c'o", "only", "只有"], ["anou,/", "alone", "單獨一個"]], "free": [], "s_end": false, "iu_a_span": [131.54, 133.02], "meta": {"topic": "Pear Story 2", "type": "Narrative", "language": "鄒語, Tsou, TapangU", "speaker": "安榮進, None, male, None", "collected": "None", "revised": "2013-11-18", "video": "TsouNr-pear-An.mp3"}, "file": "Tsou_TapangU/TsouNr-pear-An", "num": 86}], [87, {"ori": [], "gloss": [["...", "", ""], ["cono", "one", "一"], ["skaeu", "basket", "籃子"], ["'e", "NOM", "主格"], ["mo", "AUX.AF", "助動詞.主焦"], ["eon", "be/stay.AF", "在/待.主焦"], ["tan'e.\\", "here", "這裡"]], "free": ["#e How come it remains just one basket?", "#c 怎麼只剩下一籃?"], "s_end": true, "iu_a_span": [133.02, 134.78], "meta": {"topic": "Pear Story 2", "type": "Narrative", "language": "鄒語, Tsou, TapangU", "speaker": "安榮進, None, male, None", "collected": "None", "revised": "2013-11-18", "video": "TsouNr-pear-An.mp3"}, "s_a_span": [131.54, 134.78], "file": "Tsou_TapangU/TsouNr-pear-An", "num": 87}], [88, {"ori": [], "gloss": [["...", "", ""], ["ho", "CONJ", "連接詞"], ["uk'a", "not.exist", "沒有"], ["eaeo", "be.inside.AF", "在裡面.主焦"], ["si", "NOM", "主格"], ["mo", "AUX.AV", "助動詞.主焦"], ["coni.\\", "one", "一"]], "free": ["#e And the other one was empty.", "#c 另一個是空的。"], "s_end": true, "iu_a_span": [134.78, 137.09], "meta": {"topic": "Pear Story 2", "type": "Narrative", "language": "鄒語, Tsou, TapangU", "speaker": "安榮進, None, male, None", "collected": "None", "revised": "2013-11-18", "video": "TsouNr-pear-An.mp3"}, "s_a_span": [134.78, 137.09], "file": "Tsou_TapangU/TsouNr-pear-An", "num": 88}], [89, {"ori": [], "gloss": [["...", "", ""], ["i-si", "AUX.NAF-3SG.GEN", "助動詞.非主焦-3SG.屬格"], ["cu==,_", "PFV", "完成"]], "free": [], "s_end": false, "iu_a_span": [137.09, 138.3], "meta": {"topic": "Pear Story 2", "type": "Narrative", "language": "鄒語, Tsou, TapangU", "speaker": "安榮進, None, male, None", "collected": "None", "revised": "2013-11-18", "video": "TsouNr-pear-An.mp3"}, "file": "Tsou_TapangU/TsouNr-pear-An", "num": 89}], [90, {"ori": [], "gloss": [["...", "", ""], ["aoka", "often.PF", "經常.受焦"], ["eu'i'ia", "look.carefully.PF", "仔細看.受焦"], ["'o", "NOM", "主格"], ["mo", "AUX.AF", "助動詞.主焦"], ["esmi", "arrive.AF", "到.主焦"], ["ci", "REL", "關係詞"], ["mo,_", "AUX.AF", "助動詞.主焦"]], "free": [], "s_end": false, "iu_a_span": [138.3, 140.69], "meta": {"topic": "Pear Story 2", "type": "Narrative", "language": "鄒語, Tsou, TapangU", "speaker": "安榮進, None, male, None", "collected": "None", "revised": "2013-11-18", "video": "TsouNr-pear-An.mp3"}, "file": "Tsou_TapangU/TsouNr-pear-An", "num": 90}], [91, {"ori": [], "gloss": [["...", "", ""], ["tueu", "three", "三"], ["ci", "REL", "關係詞"], ["mo,_", "AUX.AF", "助動詞.主焦"]], "free": [], "s_end": false, "iu_a_span": [140.69, 141.84], "meta": {"topic": "Pear Story 2", "type": "Narrative", "language": "鄒語, Tsou, TapangU", "speaker": "安榮進, None, male, None", "collected": "None", "revised": "2013-11-18", "video": "TsouNr-pear-An.mp3"}, "file": "Tsou_TapangU/TsouNr-pear-An", "num": 91}], [92, {"ori": [], "gloss": [["...", "", ""], ["oko", "child", "小孩"], ["no", "OBL", "斜格"], ["hahocngʉ.\\", "male", "男"]], "free": ["#e And he looked carefully at the three boys that arrived/passed.", "#c 而且他仔細看那三個經過的男孩。"], "s_end": true, "iu_a_span": [141.84, 143.16], "meta": {"topic": "Pear Story 2", "type": "Narrative", "language": "鄒語, Tsou, TapangU", "speaker": "安榮進, None, male, None", "collected": "None", "revised": "2013-11-18", "video": "TsouNr-pear-An.mp3"}, "s_a_span": [137.09, 143.16], "file": "Tsou_TapangU/TsouNr-pear-An", "num": 92}], [93, {"ori": [], "gloss": [["...", "", ""], ["mo", "AUX.AF", "助動詞.主焦"], ["'so", "therefore", "因此"], ["acʉhʉ,/", "all.AF", "全部.主焦"]], "free": [], "s_end": false, "iu_a_span": [143.16, 144.55], "meta": {"topic": "Pear Story 2", "type": "Narrative", "language": "鄒語, Tsou, TapangU", "speaker": "安榮進, None, male, None", "collected": "None", "revised": "2013-11-18", "video": "TsouNr-pear-An.mp3"}, "file": "Tsou_TapangU/TsouNr-pear-An", "num": 93}], [94, {"ori": [], "gloss": [["...", "", ""], ["tiatatviei", "hand.picking.AF", "手拿著.主焦"], ["to", "OBL", "斜格"], ["<Xi-heX>,_", "AUX.NAF-3PL.GEN", "助動詞.主焦-3PL.屬格"]], "free": [], "s_end": false, "iu_a_span": [144.55, 146.07], "meta": {"topic": "Pear Story 2", "type": "Narrative", "language": "鄒語, Tsou, TapangU", "speaker": "安榮進, None, male, None", "collected": "None", "revised": "2013-11-18", "video": "TsouNr-pear-An.mp3"}, "file": "Tsou_TapangU/TsouNr-pear-An", "num": 94}], [95, {"ori": [], "gloss": [["...", "", ""], ["ouhuhuca.\\", "eat.while.walk.PF", "邊走邊吃.受焦"]], "free": ["#e (The three boys) all hold.... (and) ate while walking.", "#c （那三個男孩）手上都拿著...邊走邊吃。"], "s_end": true, "iu_a_span": [146.07, 146.93], "meta": {"topic": "Pear Story 2", "type": "Narrative", "language": "鄒語, Tsou, TapangU", "speaker": "安榮進, None, male, None", "collected": "None", "revised": "2013-11-18", "video": "TsouNr-pear-An.mp3"}, "s_a_span": [143.16, 146.93], "file": "Tsou_TapangU/TsouNr-pear-An", "num": 95}], [96, {"ori": [], "gloss": [["...", "", ""], ["mo,_", "AUX.AF", "助動詞.主焦"]], "free": [], "s_end": false, "iu_a_span": [146.93, 147.58], "meta": {"topic": "Pear Story 2", "type": "Narrative", "language": "鄒語, Tsou, TapangU", "speaker": "安榮進, None, male, None", "collected": "None", "revised": "2013-11-18", "video": "TsouNr-pear-An.mp3"}, "file": "Tsou_TapangU/TsouNr-pear-An", "num": 96}], [97, {"ori": [], "gloss": [["...", "", ""], ["hmʉhmʉskʉ", "the.same.AF", "一樣.主焦"], ["to", "OBL", "斜格"], ["i-si,_", "AUX.NAF-3SG.GEN", "助動詞.非主焦-3SG.屬格"]], "free": [], "s_end": false, "iu_a_span": [147.58, 148.91], "meta": {"topic": "Pear Story 2", "type": "Narrative", "language": "鄒語, Tsou, TapangU", "speaker": "安榮進, None, male, None", "collected": "None", "revised": "2013-11-18", "video": "TsouNr-pear-An.mp3"}, "file": "Tsou_TapangU/TsouNr-pear-An", "num": 97}], [98, {"ori": [], "gloss": [["...", "", ""], ["toveuca.\\", "gather.PF", "採集.受焦"]], "free": [], "s_end": false, "iu_a_span": [148.91, 149.67], "meta": {"topic": "Pear Story 2", "type": "Narrative", "language": "鄒語, Tsou, TapangU", "speaker": "安榮進, None, male, None", "collected": "None", "revised": "2013-11-18", "video": "TsouNr-pear-An.mp3"}, "file": "Tsou_TapangU/TsouNr-pear-An", "num": 98}], [99, {"ori": [], "gloss": [["...", "", ""], ["auka", "often.NAF", "經常.非主焦"], ["mi'usni", "go.toward.LF", "朝...走.受焦"], ["ho,_", "CONJ", "連接詞"]], "free": [], "s_end": false, "iu_a_span": [149.67, 151.74], "meta": {"topic": "Pear Story 2", "type": "Narrative", "language": "鄒語, Tsou, TapangU", "speaker": "安榮進, None, male, None", "collected": "None", "revised": "2013-11-18", "video": "TsouNr-pear-An.mp3"}, "file": "Tsou_TapangU/TsouNr-pear-An", "num": 99}]], "meta": {"topic": "Pear Story 2", "type": "Narrative", "language": "鄒語, Tsou, TapangU", "speaker": "安榮進, None, male, None", "collected": "None", "revised": "2013-11-18", "video": "TsouNr-pear-An.mp3"}}