{"glosses": [[1, {"ori": [], "gloss": [["ci", "REL", "關係詞"], ["oko", "child", "小孩"], ["mo", "AUX.AF", "助動詞.主焦"], ["ea==,_", "EXIST", "存在"]], "free": [], "s_end": false, "iu_a_span": [0.03, 1.04], "meta": {"topic": "Frog Story 1", "type": "Narrative", "language": "鄒語, Tsou, TapangU", "speaker": "杜, None, None, None", "collected": "2002-02-00", "revised": "2013-11-18", "video": "TsouNr-frog-story-tu.mp3"}, "file": "Tsou_TapangU/TsouNr-frog-story-tu", "num": 1}], [2, {"ori": [], "gloss": [["...", "", ""], ["aʉt'ʉcʉ", "raise.AF", "養.主焦"], ["ta", "OBL", "斜格"], ["fo'kunge.\\", "frog", "青蛙"]], "free": ["#e A child had a pet frog.", "#c 一個小孩養了一隻青蛙。"], "s_end": true, "iu_a_span": [1.04, 2.89], "meta": {"topic": "Frog Story 1", "type": "Narrative", "language": "鄒語, Tsou, TapangU", "speaker": "杜, None, None, None", "collected": "2002-02-00", "revised": "2013-11-18", "video": "TsouNr-frog-story-tu.mp3"}, "s_a_span": [0.03, 2.89], "file": "Tsou_TapangU/TsouNr-frog-story-tu", "num": 2}], [3, {"ori": [], "gloss": [["...", "", ""], ["i-he", "AUX.NAF-3PL.GEN", "助動詞.非主焦-3SG.屬格"], ["i-si", "AUX.NAF-3SG.GEN", "助動詞.非主焦-3SG.屬格"], ["teapha", "put.into.PF", "裝進.受焦"], ["ta==", "OBL", "斜格"], ["pania", "container", "瓶子"], ["si", "NOM", "主格"], ["fo'kunge.\\", "frog", "青蛙"]], "free": ["#e He put the frog in the container.", "#c 他把青蛙裝進瓶子裡。"], "s_end": true, "iu_a_span": [2.89, 6.19], "meta": {"topic": "Frog Story 1", "type": "Narrative", "language": "鄒語, Tsou, TapangU", "speaker": "杜, None, None, None", "collected": "2002-02-00", "revised": "2013-11-18", "video": "TsouNr-frog-story-tu.mp3"}, "s_a_span": [2.89, 6.19], "file": "Tsou_TapangU/TsouNr-frog-story-tu", "num": 3}], [4, {"ori": [], "gloss": [["...(1.7)", "", ""], ["mi=cu", "AUX.AF=PFV", "助動詞.主焦=完成"], ["oengʉtʉ", "sleep.AF", "睡.主焦"], ["'e", "NOM", "主格"], ["oko", "child", "小孩"], ["no", "OBL", "斜格"], ["mamespingi", "boy", "男"], ["ho", "CONJ", "連接詞"], ["'e", "NOM", "主格"], ["av'u.\\", "dog", "狗"]], "free": ["#e The boy and the dog went to sleep.", "#c 男孩和狗睡了。"], "s_end": true, "iu_a_span": [6.19, 11.1], "meta": {"topic": "Frog Story 1", "type": "Narrative", "language": "鄒語, Tsou, TapangU", "speaker": "杜, None, None, None", "collected": "2002-02-00", "revised": "2013-11-18", "video": "TsouNr-frog-story-tu.mp3"}, "s_a_span": [6.19, 11.1], "file": "Tsou_TapangU/TsouNr-frog-story-tu", "num": 4}], [5, {"ori": [], "gloss": [["...", "", ""], ["'iama", "EVI", "知識詞"], ["mo==", "AUX.AF", "助動詞.主焦"], ["eu--,\\", "FS", "FS"]], "free": [], "s_end": false, "iu_a_span": [11.1, 12.57], "meta": {"topic": "Frog Story 1", "type": "Narrative", "language": "鄒語, Tsou, TapangU", "speaker": "杜, None, None, None", "collected": "2002-02-00", "revised": "2013-11-18", "video": "TsouNr-frog-story-tu.mp3"}, "file": "Tsou_TapangU/TsouNr-frog-story-tu", "num": 5}], [6, {"ori": [], "gloss": [["...", "", ""], ["eh==", "FIL", "FIL"], ["yuyafo", "come.out.AF", "出來.主焦"], ["si", "NOM", "主格"], ["fo'kunge", "frog", "青蛙"], ["ho", "CONJ", "連接詞"], ["mimio.\\", "walk.around.AF", "四處遊蕩.主焦"]], "free": ["#e The frog (jumped) out (of the container) and went away.", "#c 那青蛙(從瓶子裡)出來四處遊蕩。"], "s_end": true, "iu_a_span": [12.57, 15.77], "meta": {"topic": "Frog Story 1", "type": "Narrative", "language": "鄒語, Tsou, TapangU", "speaker": "杜, None, None, None", "collected": "2002-02-00", "revised": "2013-11-18", "video": "TsouNr-frog-story-tu.mp3"}, "s_a_span": [11.1, 15.77], "file": "Tsou_TapangU/TsouNr-frog-story-tu", "num": 6}], [7, {"ori": [], "gloss": [["...(0.7)", "", ""], ["mi=cu", "AUX.AF=PFV", "助動詞.主焦=完成"], ["yʉc'ʉ", "rise.AF", "起來.主焦"], ["'e==", "NOM", "主格"], ["oko", "child", "小孩"], ["ho", "CONJ", "連接詞"], ["'e", "NOM", "主格"], ["av'u.\\", "dog", "狗"]], "free": ["#e The boy and the dog got up.", "#c 小孩和狗起來了。"], "s_end": true, "iu_a_span": [15.77, 19.96], "meta": {"topic": "Frog Story 1", "type": "Narrative", "language": "鄒語, Tsou, TapangU", "speaker": "杜, None, None, None", "collected": "2002-02-00", "revised": "2013-11-18", "video": "TsouNr-frog-story-tu.mp3"}, "s_a_span": [15.77, 19.96], "file": "Tsou_TapangU/TsouNr-frog-story-tu", "num": 7}], [8, {"ori": [], "gloss": [["...(0.7)", "", ""], ["ana", "NEG", "否定"], ["i-he", "AUX.NAF-3PL.GEN", "助動詞.非主焦-3PL.屬格"], ["teolʉ-i", "see-LF", "看-處焦"], ["'o", "NOM", "主格"], ["fo'kunge.\\", "frog", "青蛙"]], "free": ["#e (They) didn't see the frog.", "#c 他們沒看到青蛙。"], "s_end": true, "iu_a_span": [19.96, 22.5], "meta": {"topic": "Frog Story 1", "type": "Narrative", "language": "鄒語, Tsou, TapangU", "speaker": "杜, None, None, None", "collected": "2002-02-00", "revised": "2013-11-18", "video": "TsouNr-frog-story-tu.mp3"}, "s_a_span": [19.96, 22.5], "file": "Tsou_TapangU/TsouNr-frog-story-tu", "num": 8}], [9, {"ori": [], "gloss": [["...(2.1)", "", ""], ["i-he", "AUX.NAF-3PL.GEN", "助動詞.非主焦-3PL.屬格"], ["cu", "PFV", "完成"], ["aka==", "always.NAF", "一直.非主焦"], ["'i'ima,\\", "look.for.PF", "找.受焦"]], "free": [], "s_end": false, "iu_a_span": [22.5, 26.34], "meta": {"topic": "Frog Story 1", "type": "Narrative", "language": "鄒語, Tsou, TapangU", "speaker": "杜, None, None, None", "collected": "2002-02-00", "revised": "2013-11-18", "video": "TsouNr-frog-story-tu.mp3"}, "file": "Tsou_TapangU/TsouNr-frog-story-tu", "num": 9}], [10, {"ori": [], "gloss": [["...", "", ""], ["aoka", "often", "經常"], ["'e", "NOM", "主格"], ["eikikingia.\\", "all.places", "到處"]], "free": ["#e (The boy) has looked for the frog everywhere.", "#c (小孩)到處找青蛙。"], "s_end": true, "iu_a_span": [26.34, 28.31], "meta": {"topic": "Frog Story 1", "type": "Narrative", "language": "鄒語, Tsou, TapangU", "speaker": "杜, None, None, None", "collected": "2002-02-00", "revised": "2013-11-18", "video": "TsouNr-frog-story-tu.mp3"}, "s_a_span": [22.5, 28.31], "file": "Tsou_TapangU/TsouNr-frog-story-tu", "num": 10}], [11, {"ori": [], "gloss": [["...(0.8)", "", ""], ["mi=cu,\\", "AUX.AF=PFV", "助動詞.主焦=完成"]], "free": [], "s_end": false, "iu_a_span": [28.31, 29.72], "meta": {"topic": "Frog Story 1", "type": "Narrative", "language": "鄒語, Tsou, TapangU", "speaker": "杜, None, None, None", "collected": "2002-02-00", "revised": "2013-11-18", "video": "TsouNr-frog-story-tu.mp3"}, "file": "Tsou_TapangU/TsouNr-frog-story-tu", "num": 11}], [12, {"ori": [], "gloss": [["...", "", ""], ["mo", "AUX.AF", "助動詞.主焦"], ["uh", "go.AF", "去.主焦"], ["ta", "OBL", "斜格"], ["enca", "say.PF", "說.受焦"], ["pethʉ'ta", "window", "窗"], ["ho", "CONJ", "連接詞"], ["eoho--", "FS", "FS"], ["eoho'a", "call.PF", "叫.受焦"], ["'e", "NOM", "主格"], ["fo'kunge.\\", "frog", "青蛙"]], "free": ["#e (He) went by the window and called at the frog.", "#c 他走去窗戶叫青蛙。"], "s_end": true, "iu_a_span": [29.72, 34.52], "meta": {"topic": "Frog Story 1", "type": "Narrative", "language": "鄒語, Tsou, TapangU", "speaker": "杜, None, None, None", "collected": "2002-02-00", "revised": "2013-11-18", "video": "TsouNr-frog-story-tu.mp3"}, "s_a_span": [28.31, 34.52], "file": "Tsou_TapangU/TsouNr-frog-story-tu", "num": 12}], [13, {"ori": [], "gloss": [["...(1.4)", "", ""], ["o'a", "NEG", "否定"], ["mo", "AUX.AF", "助動詞.主焦"], ["ahtu", "ever.AF", "曾經.主焦"], ["tmalʉ,\\", "hear.AF", "聽.主焦"]], "free": [], "s_end": false, "iu_a_span": [34.52, 37.33], "meta": {"topic": "Frog Story 1", "type": "Narrative", "language": "鄒語, Tsou, TapangU", "speaker": "杜, None, None, None", "collected": "2002-02-00", "revised": "2013-11-18", "video": "TsouNr-frog-story-tu.mp3"}, "file": "Tsou_TapangU/TsouNr-frog-story-tu", "num": 13}], [14, {"ori": [], "gloss": [["...(1.3)", "", ""], ["mai--", "FS", "FS"], ["maica", "like.AF", "像.主焦"], ["mo,\\", "AUX.AF", "助動詞.主焦"]], "free": [], "s_end": false, "iu_a_span": [37.33, 39.9], "meta": {"topic": "Frog Story 1", "type": "Narrative", "language": "鄒語, Tsou, TapangU", "speaker": "杜, None, None, None", "collected": "2002-02-00", "revised": "2013-11-18", "video": "TsouNr-frog-story-tu.mp3"}, "file": "Tsou_TapangU/TsouNr-frog-story-tu", "num": 14}], [15, {"ori": [], "gloss": [["...", "", ""], ["ou--", "FS", "FS"], ["eh==,_", "FIL", "FIL"]], "free": [], "s_end": false, "iu_a_span": [39.9, 41.09], "meta": {"topic": "Frog Story 1", "type": "Narrative", "language": "鄒語, Tsou, TapangU", "speaker": "杜, None, None, None", "collected": "2002-02-00", "revised": "2013-11-18", "video": "TsouNr-frog-story-tu.mp3"}, "file": "Tsou_TapangU/TsouNr-frog-story-tu", "num": 15}], [16, {"ori": [], "gloss": [["...(1.2)", "", ""], ["i-he", "AUX.NAF-3PL.GEN", "助動詞.非主焦-3PL.屬格"], ["aka", "always.PF", "一直.受焦"], ["'i'ima", "look.for.PF", "尋找.受焦"], ["'e", "NOM", "主格"], ["fo'kunge", "frog", "青蛙"], ["mi-cu", "AUX.AF-PFV", "助動詞.主焦-完成"], ["supeohʉ", "fall.AF", "掉落.主焦"], ["si==", "NOM", "主格"], ["na", "FIL", "FIL"], ["si", "NOM", "主格"], ["av'u.\\", "dog", "狗"]], "free": ["#e They continuously looked for the frog. The dog fell (from the window).", "#c 他們一直找青蛙。狗（從窗戶）掉下去。"], "s_end": true, "iu_a_span": [41.09, 46.17], "meta": {"topic": "Frog Story 1", "type": "Narrative", "language": "鄒語, Tsou, TapangU", "speaker": "杜, None, None, None", "collected": "2002-02-00", "revised": "2013-11-18", "video": "TsouNr-frog-story-tu.mp3"}, "s_a_span": [34.52, 46.17], "file": "Tsou_TapangU/TsouNr-frog-story-tu", "num": 16}], [17, {"ori": [], "gloss": [["...(1.0)", "", ""], ["smof'oyʉ==", "break.AF", "摔破.主焦"], ["si", "NOM", "主格"], ["moso--", "FS", "FS"], ["si", "NOM", "主格"], ["m--", "FS", "FS"], ["si", "NOM", "主格"], ["'o", "NOM", "主格"], ["i-si", "AUX.NAF-3SG.GEN", "助動詞.非主焦-3SG.GEN"], ["yon-i", "stay-LF", "在-處焦"], ["ta", "OBL", "斜格"], ["fo'kunge.\\", "frog", "青蛙"]], "free": ["#e (The container) where the frog had been kept broke.", "#c 養青蛙的(瓶子)摔破了。"], "s_end": true, "iu_a_span": [46.17, 50.83], "meta": {"topic": "Frog Story 1", "type": "Narrative", "language": "鄒語, Tsou, TapangU", "speaker": "杜, None, None, None", "collected": "2002-02-00", "revised": "2013-11-18", "video": "TsouNr-frog-story-tu.mp3"}, "s_a_span": [46.17, 50.83], "file": "Tsou_TapangU/TsouNr-frog-story-tu", "num": 17}], [18, {"ori": [], "gloss": [["...(0.7)", "", ""], ["i-si", "AUX.NAF-3SG.GEN", "助動詞.非主焦-3SG.屬格"], ["cu", "PFV", "完成"], ["ea", "EXIXT", "存在"], ["ta", "OBL", "斜格"], ["oko", "child", "小孩"], ["no", "OBL", "斜格"], ["hahocngʉ", "male", "男"], ["ho.\\", "CONJ", "連接詞"]], "free": [], "s_end": false, "iu_a_span": [50.83, 53.6], "meta": {"topic": "Frog Story 1", "type": "Narrative", "language": "鄒語, Tsou, TapangU", "speaker": "杜, None, None, None", "collected": "2002-02-00", "revised": "2013-11-18", "video": "TsouNr-frog-story-tu.mp3"}, "file": "Tsou_TapangU/TsouNr-frog-story-tu", "num": 18}], [19, {"ori": [], "gloss": [["...(0.7)", "", ""], ["pahas--", "FS", "FS"], ["pasaha", "carry.PF", "帶.受焦"], ["si", "NOM", "主格"], ["av'u", "dog", "狗"], ["ho,_", "CONJ", "連接詞"]], "free": ["#e The boy carried the dog.", "#c 小孩帶著那隻狗。"], "s_end": true, "iu_a_span": [53.6, 55.85], "meta": {"topic": "Frog Story 1", "type": "Narrative", "language": "鄒語, Tsou, TapangU", "speaker": "杜, None, None, None", "collected": "2002-02-00", "revised": "2013-11-18", "video": "TsouNr-frog-story-tu.mp3"}, "s_a_span": [50.83, 55.85], "file": "Tsou_TapangU/TsouNr-frog-story-tu", "num": 19}], [20, {"ori": [], "gloss": [["...(1.2)", "", ""], ["i'vaho", "again.AF", "再.主焦"], ["uh", "go.AF", "去.主焦"], ["ta", "OBL", "斜格"], ["mo", "AUX.AF", "助動詞.主焦"], ["asuhcu", "further.AF", "繼續.主焦"], ["covhi", "faraway.AF", "遠.主焦"], ["ho", "CONJ", "連接詞"], ["'i'ima", "look.for.PF", "尋找.受焦"], ["'e,_", "NOM", "主格"]], "free": [], "s_end": false, "iu_a_span": [55.85, 60.12], "meta": {"topic": "Frog Story 1", "type": "Narrative", "language": "鄒語, Tsou, TapangU", "speaker": "杜, None, None, None", "collected": "2002-02-00", "revised": "2013-11-18", "video": "TsouNr-frog-story-tu.mp3"}, "file": "Tsou_TapangU/TsouNr-frog-story-tu", "num": 20}], [21, {"ori": [], "gloss": [["...", "", ""], ["n--", "FS", "FS"], ["na", "FIL", "FIL"], ["'e", "NOM", "主格"], ["fo'kunge.\\", "frog", "青蛙"]], "free": ["#e They proceeded again to look for the frog.", "#c 他們又繼續去遠一點找青蛙。"], "s_end": true, "iu_a_span": [60.12, 61.43], "meta": {"topic": "Frog Story 1", "type": "Narrative", "language": "鄒語, Tsou, TapangU", "speaker": "杜, None, None, None", "collected": "2002-02-00", "revised": "2013-11-18", "video": "TsouNr-frog-story-tu.mp3"}, "s_a_span": [55.85, 61.43], "file": "Tsou_TapangU/TsouNr-frog-story-tu", "num": 21}], [22, {"ori": [], "gloss": [["...(1.2)", "", ""], ["na", "FIL", "FIL"], ["'e", "NOM", "主格"], ["oko", "child", "小孩"], ["no", "OBL", "斜格"], ["hahocngʉ", "male", "男"], ["mo,\\", "AUX.AF", "助動詞.主焦"]], "free": [], "s_end": false, "iu_a_span": [61.43, 64.39], "meta": {"topic": "Frog Story 1", "type": "Narrative", "language": "鄒語, Tsou, TapangU", "speaker": "杜, None, None, None", "collected": "2002-02-00", "revised": "2013-11-18", "video": "TsouNr-frog-story-tu.mp3"}, "file": "Tsou_TapangU/TsouNr-frog-story-tu", "num": 22}], [23, {"ori": [], "gloss": [["..", "", ""], ["mi'usnu", "face.toward.AF", "朝向.主焦"], ["ta", "OBL", "斜格"], ["ceoa", "ground", "地"], ["ho,\\", "CONJ", "連接詞"]], "free": [], "s_end": false, "iu_a_span": [64.39, 66.0], "meta": {"topic": "Frog Story 1", "type": "Narrative", "language": "鄒語, Tsou, TapangU", "speaker": "杜, None, None, None", "collected": "2002-02-00", "revised": "2013-11-18", "video": "TsouNr-frog-story-tu.mp3"}, "file": "Tsou_TapangU/TsouNr-frog-story-tu", "num": 23}], [24, {"ori": [], "gloss": [["...", "", ""], ["eoho'ʉ.\\", "call.AF", "叫.主焦"]], "free": ["#e The boy called toward the ground.", "#c 男孩對著地面叫。"], "s_end": true, "iu_a_span": [66.0, 66.9], "meta": {"topic": "Frog Story 1", "type": "Narrative", "language": "鄒語, Tsou, TapangU", "speaker": "杜, None, None, None", "collected": "2002-02-00", "revised": "2013-11-18", "video": "TsouNr-frog-story-tu.mp3"}, "s_a_span": [61.43, 66.9], "file": "Tsou_TapangU/TsouNr-frog-story-tu", "num": 24}], [25, {"ori": [], "gloss": [["...", "", ""], ["mi'usnu", "face.toward.AF", "朝向.主焦"], ["ta,_", "OBL", "斜格"]], "free": [], "s_end": false, "iu_a_span": [66.9, 68.03], "meta": {"topic": "Frog Story 1", "type": "Narrative", "language": "鄒語, Tsou, TapangU", "speaker": "杜, None, None, None", "collected": "2002-02-00", "revised": "2013-11-18", "video": "TsouNr-frog-story-tu.mp3"}, "file": "Tsou_TapangU/TsouNr-frog-story-tu", "num": 25}], [26, {"ori": [], "gloss": [["...", "", ""], ["mo", "AUX.AF", "助動詞.主焦"], ["feongo", "hole", "洞"], ["ci", "REL", "關係詞"], ["ceoa", "ground", "地"], ["ho.\\", "CONJ", "連接詞"]], "free": [], "s_end": false, "iu_a_span": [68.03, 69.82], "meta": {"topic": "Frog Story 1", "type": "Narrative", "language": "鄒語, Tsou, TapangU", "speaker": "杜, None, None, None", "collected": "2002-02-00", "revised": "2013-11-18", "video": "TsouNr-frog-story-tu.mp3"}, "file": "Tsou_TapangU/TsouNr-frog-story-tu", "num": 26}], [27, {"ori": [], "gloss": [["...", "", ""], ["eoho'ʉʉ", "call.AF", "叫.主焦"], ["no", "OBL", "斜格"], ["fo'kunge", "frog", "青蛙"], ["i'e", "NOM", "主格"], ["av'u.\\", "dog", "狗"]], "free": ["#e He called the frog through the hole in the ground. And the dog", "#c 他對著地上的洞叫青蛙。而那隻狗.."], "s_end": true, "iu_a_span": [69.82, 72.43], "meta": {"topic": "Frog Story 1", "type": "Narrative", "language": "鄒語, Tsou, TapangU", "speaker": "杜, None, None, None", "collected": "2002-02-00", "revised": "2013-11-18", "video": "TsouNr-frog-story-tu.mp3"}, "s_a_span": [66.9, 72.43], "file": "Tsou_TapangU/TsouNr-frog-story-tu", "num": 27}], [28, {"ori": [], "gloss": [["...", "", ""], ["mo", "AUX.AF", "助動詞.主焦"], ["mi'su--", "FS", "FS"], ["mʉingʉcʉ", "toward.sky.AF", "朝天看.主焦"], ["ta", "OBL", "斜格"], ["evi", "tree", "樹"], ["ho,\\", "CONJ", "連接詞"]], "free": [], "s_end": false, "iu_a_span": [72.43, 74.95], "meta": {"topic": "Frog Story 1", "type": "Narrative", "language": "鄒語, Tsou, TapangU", "speaker": "杜, None, None, None", "collected": "2002-02-00", "revised": "2013-11-18", "video": "TsouNr-frog-story-tu.mp3"}, "file": "Tsou_TapangU/TsouNr-frog-story-tu", "num": 28}], [29, {"ori": [], "gloss": [["..", "", ""], ["eoho'ʉ.\\", "call.AF", "叫.主焦"]], "free": [], "s_end": false, "iu_a_span": [74.95, 75.7], "meta": {"topic": "Frog Story 1", "type": "Narrative", "language": "鄒語, Tsou, TapangU", "speaker": "杜, None, None, None", "collected": "2002-02-00", "revised": "2013-11-18", "video": "TsouNr-frog-story-tu.mp3"}, "file": "Tsou_TapangU/TsouNr-frog-story-tu", "num": 29}], [30, {"ori": [], "gloss": [["...(1.1)", "", ""], ["at'inghi',_", "yet", "但是"]], "free": [], "s_end": false, "iu_a_span": [75.7, 77.47], "meta": {"topic": "Frog Story 1", "type": "Narrative", "language": "鄒語, Tsou, TapangU", "speaker": "杜, None, None, None", "collected": "2002-02-00", "revised": "2013-11-18", "video": "TsouNr-frog-story-tu.mp3"}, "file": "Tsou_TapangU/TsouNr-frog-story-tu", "num": 30}], [31, {"ori": [], "gloss": [["...", "", ""], ["i'e", "NOM", "主格"], ["i-he,_", "AUX.NAF-3PL.GEN", "助動詞.非主焦-3PL.屬格"]], "free": [], "s_end": false, "iu_a_span": [77.47, 78.21], "meta": {"topic": "Frog Story 1", "type": "Narrative", "language": "鄒語, Tsou, TapangU", "speaker": "杜, None, None, None", "collected": "2002-02-00", "revised": "2013-11-18", "video": "TsouNr-frog-story-tu.mp3"}, "file": "Tsou_TapangU/TsouNr-frog-story-tu", "num": 31}], [32, {"ori": [], "gloss": [["...", "", ""], ["i'e", "NOM", "主格"], ["i-si", "AUX.NAF-3SG.GEN", "助動詞.非主焦-3SG.屬格"], ["(COUGH)", "", ""]], "free": [], "s_end": false, "iu_a_span": [78.21, 79.75], "meta": {"topic": "Frog Story 1", "type": "Narrative", "language": "鄒語, Tsou, TapangU", "speaker": "杜, None, None, None", "collected": "2002-02-00", "revised": "2013-11-18", "video": "TsouNr-frog-story-tu.mp3"}, "file": "Tsou_TapangU/TsouNr-frog-story-tu", "num": 32}], [33, {"ori": [], "gloss": [["...(1.2)", "", ""], ["p'o'usni", "move.toward.LF", "朝向"], ["ta", "OBL", "斜格"], ["oko", "child", "小孩"], ["ci", "REL", "關係詞"], ["feongo", "hole", "洞"], ["'iama,\\", "EVI", "知識詞"]], "free": [], "s_end": false, "iu_a_span": [79.75, 83.32], "meta": {"topic": "Frog Story 1", "type": "Narrative", "language": "鄒語, Tsou, TapangU", "speaker": "杜, None, None, None", "collected": "2002-02-00", "revised": "2013-11-18", "video": "TsouNr-frog-story-tu.mp3"}, "file": "Tsou_TapangU/TsouNr-frog-story-tu", "num": 33}], [34, {"ori": [], "gloss": [["...(1.1)", "", ""], ["zou", "DM", "DM"], ["emo", "house", "房子"], ["no", "OBL", "斜格"], ["buhci.\\", "mouse", "老鼠"]], "free": ["#e The child moved toward the hole in the ground, and it was a house of mouse.", "#c 小孩去那個地上的洞，原來那是老鼠的家。"], "s_end": true, "iu_a_span": [83.32, 84.77], "meta": {"topic": "Frog Story 1", "type": "Narrative", "language": "鄒語, Tsou, TapangU", "speaker": "杜, None, None, None", "collected": "2002-02-00", "revised": "2013-11-18", "video": "TsouNr-frog-story-tu.mp3"}, "s_a_span": [72.43, 84.77], "file": "Tsou_TapangU/TsouNr-frog-story-tu", "num": 34}], [35, {"ori": [], "gloss": [["...(0.7)", "", ""], ["na", "FIL", "FIL"], ["i-si", "NAF-3SG.GEN", "非主焦.3SG.屬格"], ["si--", "FS", "FS"], ["soengʉcʉvi", "look.upward.LF", "往上看.處焦"], ["ta", "OBL", "斜格"], ["av'u.\\", "dog", "狗"]], "free": [], "s_end": false, "iu_a_span": [84.77, 88.02], "meta": {"topic": "Frog Story 1", "type": "Narrative", "language": "鄒語, Tsou, TapangU", "speaker": "杜, None, None, None", "collected": "2002-02-00", "revised": "2013-11-18", "video": "TsouNr-frog-story-tu.mp3"}, "file": "Tsou_TapangU/TsouNr-frog-story-tu", "num": 35}], [36, {"ori": [], "gloss": [["...", "", ""], ["zou._", "DM", "DM"]], "free": [], "s_end": false, "iu_a_span": [88.02, 88.8], "meta": {"topic": "Frog Story 1", "type": "Narrative", "language": "鄒語, Tsou, TapangU", "speaker": "杜, None, None, None", "collected": "2002-02-00", "revised": "2013-11-18", "video": "TsouNr-frog-story-tu.mp3"}, "file": "Tsou_TapangU/TsouNr-frog-story-tu", "num": 36}], [37, {"ori": [], "gloss": [["...", "", ""], ["emo", "house", "房子"], ["no", "OBL", "斜格"], ["ceoyu.\\", "bee", "蜂"]], "free": [], "s_end": false, "iu_a_span": [88.8, 90.37], "meta": {"topic": "Frog Story 1", "type": "Narrative", "language": "鄒語, Tsou, TapangU", "speaker": "杜, None, None, None", "collected": "2002-02-00", "revised": "2013-11-18", "video": "TsouNr-frog-story-tu.mp3"}, "file": "Tsou_TapangU/TsouNr-frog-story-tu", "num": 37}], [38, {"ori": [], "gloss": [["...(1.3)", "", ""], ["isi--", "FS", "FS"], ["i-si", "AUX.NAF-3SG.GEN", "助動詞.非主焦-3SG.屬格"], ["taʉt'ova", "shake.PF", "搖.受焦"], ["ta==,_", "OBL", "斜格"]], "free": [], "s_end": false, "iu_a_span": [90.37, 93.52], "meta": {"topic": "Frog Story 1", "type": "Narrative", "language": "鄒語, Tsou, TapangU", "speaker": "杜, None, None, None", "collected": "2002-02-00", "revised": "2013-11-18", "video": "TsouNr-frog-story-tu.mp3"}, "file": "Tsou_TapangU/TsouNr-frog-story-tu", "num": 38}], [39, {"ori": [], "gloss": [["...(1.3)", "", ""], ["na", "FIL", "FIL"], ["ita==,_", "OBL", "斜格"]], "free": [], "s_end": false, "iu_a_span": [93.52, 95.61], "meta": {"topic": "Frog Story 1", "type": "Narrative", "language": "鄒語, Tsou, TapangU", "speaker": "杜, None, None, None", "collected": "2002-02-00", "revised": "2013-11-18", "video": "TsouNr-frog-story-tu.mp3"}, "file": "Tsou_TapangU/TsouNr-frog-story-tu", "num": 39}], [40, {"ori": [], "gloss": [["...(1.4)", "", ""], ["av'u", "dog", "狗"], ["si==,_", "NOM", "主格"]], "free": [], "s_end": false, "iu_a_span": [95.61, 98.03], "meta": {"topic": "Frog Story 1", "type": "Narrative", "language": "鄒語, Tsou, TapangU", "speaker": "杜, None, None, None", "collected": "2002-02-00", "revised": "2013-11-18", "video": "TsouNr-frog-story-tu.mp3"}, "file": "Tsou_TapangU/TsouNr-frog-story-tu", "num": 40}], [41, {"ori": [], "gloss": [["...(1.1)", "", ""], ["evi", "tree", "樹"], ["mi=cu,\\", "AUX.AF=PFV", "助動詞.主焦=完成"]], "free": ["#e What the dog look up toward was a beehive. The dog shook the tree (with the beehive.", "#c 小狗往上看的那個目標是蜂窩。小狗搖那樹。"], "s_end": true, "iu_a_span": [98.03, 100.02], "meta": {"topic": "Frog Story 1", "type": "Narrative", "language": "鄒語, Tsou, TapangU", "speaker": "杜, None, None, None", "collected": "2002-02-00", "revised": "2013-11-18", "video": "TsouNr-frog-story-tu.mp3"}, "s_a_span": [84.77, 100.02], "file": "Tsou_TapangU/TsouNr-frog-story-tu", "num": 41}], [42, {"ori": [], "gloss": [["...", "", ""], ["ac'ohʉ", "partly.separate.AF", "部分分開.AF"], ["si", "NOM", "主格"], ["mo", "house", "房子"], ["no", "OBL", "斜格"], ["ceoyʉ", "bee", "蜂"], ["mi-cu", "AUX.AF-PFV", "助動詞.主焦-完成"], ["aemo'ʉ", "scatter.AF", "分開.主焦"], ["si", "NOM", "主格"], ["ino-si.\\", "mother-3SG.GEN", "母親-3SG.屬格"]], "free": [], "s_end": false, "iu_a_span": [100.02, 103.59], "meta": {"topic": "Frog Story 1", "type": "Narrative", "language": "鄒語, Tsou, TapangU", "speaker": "杜, None, None, None", "collected": "2002-02-00", "revised": "2013-11-18", "video": "TsouNr-frog-story-tu.mp3"}, "file": "Tsou_TapangU/TsouNr-frog-story-tu", "num": 42}], [43, {"ori": [], "gloss": [["...", "", ""], ["na", "FIL", "FIL"], ["'e", "NOM", "主格"], ["oko.\\", "child", "小孩"]], "free": ["#e The beehive partly separated (from the tree). (The bees) scattered.", "#c 蜂窩部分脫離了(樹)。(蜂)四散開來。"], "s_end": true, "iu_a_span": [103.59, 104.98], "meta": {"topic": "Frog Story 1", "type": "Narrative", "language": "鄒語, Tsou, TapangU", "speaker": "杜, None, None, None", "collected": "2002-02-00", "revised": "2013-11-18", "video": "TsouNr-frog-story-tu.mp3"}, "s_a_span": [100.02, 104.98], "file": "Tsou_TapangU/TsouNr-frog-story-tu", "num": 43}], [44, {"ori": [], "gloss": [["..", "", ""], ["mo", "AUX.AF", "助動詞.主焦"], ["capo", "climb.AF", "爬.主焦"], ["ta", "OBL", "斜格"], ["evi", "tree", "樹"], ["ho,\\", "CONJ", "連接詞"]], "free": ["#e The child climbed the tree.", "#c 小孩爬樹。"], "s_end": true, "iu_a_span": [104.98, 106.47], "meta": {"topic": "Frog Story 1", "type": "Narrative", "language": "鄒語, Tsou, TapangU", "speaker": "杜, None, None, None", "collected": "2002-02-00", "revised": "2013-11-18", "video": "TsouNr-frog-story-tu.mp3"}, "s_a_span": [104.98, 106.47], "file": "Tsou_TapangU/TsouNr-frog-story-tu", "num": 44}], [45, {"ori": [], "gloss": [["..", "", ""], ["mo", "AUX.AF", "助動詞.主焦"], ["m'o'usnu", "look.toward.AF", "朝某處看.主焦"], ["ta", "OBL", "斜格"], ["feongo", "hole", "洞"], ["ta", "OBL", "斜格"], ["evi", "tree", "樹"], ["ho,_", "CONJ", "連接詞"]], "free": ["#e (The child) looked toward the hole in the tree.", "#c (小孩)朝樹洞裡看。"], "s_end": true, "iu_a_span": [106.47, 108.25], "meta": {"topic": "Frog Story 1", "type": "Narrative", "language": "鄒語, Tsou, TapangU", "speaker": "杜, None, None, None", "collected": "2002-02-00", "revised": "2013-11-18", "video": "TsouNr-frog-story-tu.mp3"}, "s_a_span": [106.47, 108.25], "file": "Tsou_TapangU/TsouNr-frog-story-tu", "num": 45}], [46, {"ori": [], "gloss": [["...", "", ""], ["ivaha", "again.PF", "再.受焦"], ["eoho'a", "call.PF", "叫.受焦"], ["'o", "NOM", "主格"], ["fo'kunge.\\", "frog", "青蛙"]], "free": ["#e (He) called at the frog again.", "#c (他)又叫了青蛙。"], "s_end": true, "iu_a_span": [108.25, 110.73], "meta": {"topic": "Frog Story 1", "type": "Narrative", "language": "鄒語, Tsou, TapangU", "speaker": "杜, None, None, None", "collected": "2002-02-00", "revised": "2013-11-18", "video": "TsouNr-frog-story-tu.mp3"}, "s_a_span": [108.25, 110.73], "file": "Tsou_TapangU/TsouNr-frog-story-tu", "num": 46}], [47, {"ori": [], "gloss": [["...(1.3)", "", ""], ["'iama", "EVI", "知識詞"], ["mo", "AUX.AF", "助動詞.主焦"], ["ea--", "FS", "FS"], ["nooyo", "inside", "裡面"], ["ci", "REL", "關係詞"], ["puku", "owl", "貓頭鷹"], ["ho,\\", "CONJ", "連接詞"]], "free": ["#e  It was an owl's nest.", "#c 原來貓頭鷹在裡面。"], "s_end": true, "iu_a_span": [110.73, 114.43], "meta": {"topic": "Frog Story 1", "type": "Narrative", "language": "鄒語, Tsou, TapangU", "speaker": "杜, None, None, None", "collected": "2002-02-00", "revised": "2013-11-18", "video": "TsouNr-frog-story-tu.mp3"}, "s_a_span": [110.73, 114.43], "file": "Tsou_TapangU/TsouNr-frog-story-tu", "num": 47}], [48, {"ori": [], "gloss": [["...(1.1)", "", ""], ["mo", "AUX.AF", "助動詞.主焦"], ["yamci", "frighten.AF", "驚嚇.主焦"], ["ho", "CONJ", "連接詞"], ["mo", "AUX.AF", "助動詞.主焦"], ["ea--", "FS", "FS"], ["ea==,_", "EXIST", "存在"]], "free": [], "s_end": false, "iu_a_span": [114.43, 118.26], "meta": {"topic": "Frog Story 1", "type": "Narrative", "language": "鄒語, Tsou, TapangU", "speaker": "杜, None, None, None", "collected": "2002-02-00", "revised": "2013-11-18", "video": "TsouNr-frog-story-tu.mp3"}, "file": "Tsou_TapangU/TsouNr-frog-story-tu", "num": 48}], [49, {"ori": [], "gloss": [["...", "", ""], ["eoho'ʉ", "call.AF", "叫.主焦"], ["no,\\", "OBL", "斜格"]], "free": [], "s_end": false, "iu_a_span": [118.26, 119.53], "meta": {"topic": "Frog Story 1", "type": "Narrative", "language": "鄒語, Tsou, TapangU", "speaker": "杜, None, None, None", "collected": "2002-02-00", "revised": "2013-11-18", "video": "TsouNr-frog-story-tu.mp3"}, "file": "Tsou_TapangU/TsouNr-frog-story-tu", "num": 49}], [50, {"ori": [], "gloss": [["...(0.8)", "", ""], ["fo'kunge", "frog", "青蛙"], ["mi=cu,_", "AUX.AF=PFV", "助動詞.主焦=完成"]], "free": [], "s_end": false, "iu_a_span": [119.53, 121.48], "meta": {"topic": "Frog Story 1", "type": "Narrative", "language": "鄒語, Tsou, TapangU", "speaker": "杜, None, None, None", "collected": "2002-02-00", "revised": "2013-11-18", "video": "TsouNr-frog-story-tu.mp3"}, "file": "Tsou_TapangU/TsouNr-frog-story-tu", "num": 50}], [51, {"ori": [], "gloss": [["..", "", ""], ["smoyafo", "move.out.AF", "出去.主焦"], ["mi=cu", "AUX.AF=PFV", "助動詞.主焦=完成"], ["iachi--", "FS", "FS"], ["<XyamX>ci", "frighten.AF", "驚嚇.主焦"], ["'e,\\", "NOM", "主格"]], "free": [], "s_end": false, "iu_a_span": [121.48, 124.33], "meta": {"topic": "Frog Story 1", "type": "Narrative", "language": "鄒語, Tsou, TapangU", "speaker": "杜, None, None, None", "collected": "2002-02-00", "revised": "2013-11-18", "video": "TsouNr-frog-story-tu.mp3"}, "file": "Tsou_TapangU/TsouNr-frog-story-tu", "num": 51}], [52, {"ori": [], "gloss": [["...", "", ""], ["oko", "child", "小孩"], ["no", "OBL", "斜格"], ["hahocngʉ.\\", "male", "男"]], "free": ["#e (He) got frightened, and called the frog. (The owl) came out. The boy got frightened.", "#c (他)嚇到，叫青蛙。(貓頭鷹)出來，小孩子嚇一跳。"], "s_end": true, "iu_a_span": [124.33, 125.94], "meta": {"topic": "Frog Story 1", "type": "Narrative", "language": "鄒語, Tsou, TapangU", "speaker": "杜, None, None, None", "collected": "2002-02-00", "revised": "2013-11-18", "video": "TsouNr-frog-story-tu.mp3"}, "s_a_span": [114.43, 125.94], "file": "Tsou_TapangU/TsouNr-frog-story-tu", "num": 52}], [53, {"ori": [], "gloss": [["...(0.7)", "", ""], ["na", "FIL", "FIL"], ["'e", "NOM", "主格"], ["av'u", "dog", "狗"], ["i-si", "NAF-3SG.GEN", "非主焦-3SG.屬格"], ["c'o", "just", "只"], ["n'a", "PROG", "進行貌"], ["asʉngʉca,_", "continuously.NAF", "一直的.非主焦"]], "free": [], "s_end": false, "iu_a_span": [125.94, 128.53], "meta": {"topic": "Frog Story 1", "type": "Narrative", "language": "鄒語, Tsou, TapangU", "speaker": "杜, None, None, None", "collected": "2002-02-00", "revised": "2013-11-18", "video": "TsouNr-frog-story-tu.mp3"}, "file": "Tsou_TapangU/TsouNr-frog-story-tu", "num": 53}], [54, {"ori": [], "gloss": [["...", "", ""], ["peobanga", "chase.PF", "追.受焦"], ["ta==,_", "OBL", "斜格"]], "free": [], "s_end": false, "iu_a_span": [128.53, 129.7], "meta": {"topic": "Frog Story 1", "type": "Narrative", "language": "鄒語, Tsou, TapangU", "speaker": "杜, None, None, None", "collected": "2002-02-00", "revised": "2013-11-18", "video": "TsouNr-frog-story-tu.mp3"}, "file": "Tsou_TapangU/TsouNr-frog-story-tu", "num": 54}], [55, {"ori": [], "gloss": [["...(0.7)", "", ""], ["na", "FIL", "FIL"], ["ita", "OBL", "斜格"], ["ceoyu", "bee", "蜂"], ["ci--", "FS", "FS"], ["ci", "REL", "關係詞"], ["i-si==,_", "NAF-3SG.GEN", "非主焦-3SG.屬格"]], "free": [], "s_end": false, "iu_a_span": [129.7, 132.28], "meta": {"topic": "Frog Story 1", "type": "Narrative", "language": "鄒語, Tsou, TapangU", "speaker": "杜, None, None, None", "collected": "2002-02-00", "revised": "2013-11-18", "video": "TsouNr-frog-story-tu.mp3"}, "file": "Tsou_TapangU/TsouNr-frog-story-tu", "num": 55}], [56, {"ori": [], "gloss": [["...", "", ""], ["taup--", "FS", "FS"], ["tapeoha.\\", "shake.down.PF", "搖下.非主焦"]], "free": ["#e  (The beehive) shaken and falling down the ground chased the dog.", "#c 被搖下來的蜂還是一直追狗。"], "s_end": true, "iu_a_span": [132.28, 133.9], "meta": {"topic": "Frog Story 1", "type": "Narrative", "language": "鄒語, Tsou, TapangU", "speaker": "杜, None, None, None", "collected": "2002-02-00", "revised": "2013-11-18", "video": "TsouNr-frog-story-tu.mp3"}, "s_a_span": [125.94, 133.9], "file": "Tsou_TapangU/TsouNr-frog-story-tu", "num": 56}], [57, {"ori": [], "gloss": [["...(1.6)", "", ""], ["na", "FIL", "FIL"], ["i'e,\\", "NOM", "主格"]], "free": [], "s_end": false, "iu_a_span": [133.9, 136.11], "meta": {"topic": "Frog Story 1", "type": "Narrative", "language": "鄒語, Tsou, TapangU", "speaker": "杜, None, None, None", "collected": "2002-02-00", "revised": "2013-11-18", "video": "TsouNr-frog-story-tu.mp3"}, "file": "Tsou_TapangU/TsouNr-frog-story-tu", "num": 57}], [58, {"ori": [], "gloss": [["...", "", ""], ["oko", "child", "小孩"], ["no", "OBL", "斜格"], ["hahocngʉ", "male", "男"], ["i-si,_", "AUX.NAF-3SG.GEN", "助動詞.非主焦-3SG.屬格"]], "free": [], "s_end": false, "iu_a_span": [136.11, 137.92], "meta": {"topic": "Frog Story 1", "type": "Narrative", "language": "鄒語, Tsou, TapangU", "speaker": "杜, None, None, None", "collected": "2002-02-00", "revised": "2013-11-18", "video": "TsouNr-frog-story-tu.mp3"}, "file": "Tsou_TapangU/TsouNr-frog-story-tu", "num": 58}], [59, {"ori": [], "gloss": [["...(0.9)", "", ""], ["peopa--,/", "FS", "FS"]], "free": [], "s_end": false, "iu_a_span": [137.92, 139.29], "meta": {"topic": "Frog Story 1", "type": "Narrative", "language": "鄒語, Tsou, TapangU", "speaker": "杜, None, None, None", "collected": "2002-02-00", "revised": "2013-11-18", "video": "TsouNr-frog-story-tu.mp3"}, "file": "Tsou_TapangU/TsouNr-frog-story-tu", "num": 59}], [60, {"ori": [], "gloss": [["...", "", ""], ["peobanga", "chase.PF", "追.受焦"], ["ta==", "OBL", "斜格"], ["na", "FIL", "FIL"], ["ita==,_", "OBL", "斜格"]], "free": ["#e (The owl) chased the boy.", "#c (貓頭鷹)追那男孩。"], "s_end": true, "iu_a_span": [139.29, 140.94], "meta": {"topic": "Frog Story 1", "type": "Narrative", "language": "鄒語, Tsou, TapangU", "speaker": "杜, None, None, None", "collected": "2002-02-00", "revised": "2013-11-18", "video": "TsouNr-frog-story-tu.mp3"}, "s_a_span": [133.9, 140.94], "file": "Tsou_TapangU/TsouNr-frog-story-tu", "num": 60}], [61, {"ori": [], "gloss": [["...", "", ""], ["puku.\\", "owl", "貓頭鷹"]], "free": [], "s_end": false, "iu_a_span": [140.94, 141.78], "meta": {"topic": "Frog Story 1", "type": "Narrative", "language": "鄒語, Tsou, TapangU", "speaker": "杜, None, None, None", "collected": "2002-02-00", "revised": "2013-11-18", "video": "TsouNr-frog-story-tu.mp3"}, "file": "Tsou_TapangU/TsouNr-frog-story-tu", "num": 61}], [62, {"ori": [], "gloss": [["...", "", ""], ["mi=cu==", "AUX.AF=PFV", "助動詞.主焦=完成"], ["cocapo", "climb.AF", "爬.主焦"], ["ho", "CONJ", "連接詞"], ["ta", "OBL", "斜格"], ["mo==", "AUX.AF", "助動詞.主焦"], ["yuhcuyu", "bulge.AF", "小丘.主焦"], ["ci==,_", "REL", "關係詞"]], "free": [], "s_end": false, "iu_a_span": [141.78, 145.45], "meta": {"topic": "Frog Story 1", "type": "Narrative", "language": "鄒語, Tsou, TapangU", "speaker": "杜, None, None, None", "collected": "2002-02-00", "revised": "2013-11-18", "video": "TsouNr-frog-story-tu.mp3"}, "file": "Tsou_TapangU/TsouNr-frog-story-tu", "num": 62}], [63, {"ori": [], "gloss": [["...(0.9)", "", ""], ["yuhcuyu", "bulge.AF", "小丘.主焦"], ["ho,_", "CONJ", "連接詞"]], "free": ["#e He climbed on a bulge.", "#c 他爬上一個小丘。"], "s_end": true, "iu_a_span": [145.45, 147.76], "meta": {"topic": "Frog Story 1", "type": "Narrative", "language": "鄒語, Tsou, TapangU", "speaker": "杜, None, None, None", "collected": "2002-02-00", "revised": "2013-11-18", "video": "TsouNr-frog-story-tu.mp3"}, "s_a_span": [140.94, 147.76], "file": "Tsou_TapangU/TsouNr-frog-story-tu", "num": 63}], [64, {"ori": [], "gloss": [["...(1.4)", "", ""], ["mo", "AUX.AF", "助動詞.主焦"], ["mici", "intend.AF", "想要.主焦"], ["to", "OBL", "斜格"], ["totoefʉngʉ", "hide.AF", "躲.主焦"], ["ta", "OBL", "斜格"], ["puku", "owl", "貓頭鷹"], ["ho", "CONJ", "連接詞"], ["i-si", "AUX.NAF-3SG.GEN", "助動詞.非主焦-3SG.屬格"], ["aka,_", "always.NAF", "一直.非主焦"]], "free": [], "s_end": false, "iu_a_span": [147.76, 151.6], "meta": {"topic": "Frog Story 1", "type": "Narrative", "language": "鄒語, Tsou, TapangU", "speaker": "杜, None, None, None", "collected": "2002-02-00", "revised": "2013-11-18", "video": "TsouNr-frog-story-tu.mp3"}, "file": "Tsou_TapangU/TsouNr-frog-story-tu", "num": 64}], [65, {"ori": [], "gloss": [["...(1.1)", "", ""], ["peobanga.\\", "chase.PF", "追.受焦"]], "free": ["#e He wanted to hide from the owl which had kept chasing him.", "#c 他想要躲開那一直追他的貓頭鷹"], "s_end": true, "iu_a_span": [151.6, 153.44], "meta": {"topic": "Frog Story 1", "type": "Narrative", "language": "鄒語, Tsou, TapangU", "speaker": "杜, None, None, None", "collected": "2002-02-00", "revised": "2013-11-18", "video": "TsouNr-frog-story-tu.mp3"}, "s_a_span": [147.76, 153.44], "file": "Tsou_TapangU/TsouNr-frog-story-tu", "num": 65}], [66, {"ori": [], "gloss": [["...(1.8)", "", ""], ["mi=cu", "AUX.AF=PFV", "助動詞.主焦=完成"], ["aomane", "a.while", "一會"], ["capo.\\", "climb.AF", "爬.主焦"]], "free": [], "s_end": false, "iu_a_span": [153.44, 156.59], "meta": {"topic": "Frog Story 1", "type": "Narrative", "language": "鄒語, Tsou, TapangU", "speaker": "杜, None, None, None", "collected": "2002-02-00", "revised": "2013-11-18", "video": "TsouNr-frog-story-tu.mp3"}, "file": "Tsou_TapangU/TsouNr-frog-story-tu", "num": 66}], [67, {"ori": [], "gloss": [["...", "", ""], ["i-si", "AUX.AF-PFV", "助動詞.主焦"], ["cu", "PFV", "完成"], ["eaeza,_", "also.PF", "也.受焦"]], "free": [], "s_end": false, "iu_a_span": [156.59, 157.99], "meta": {"topic": "Frog Story 1", "type": "Narrative", "language": "鄒語, Tsou, TapangU", "speaker": "杜, None, None, None", "collected": "2002-02-00", "revised": "2013-11-18", "video": "TsouNr-frog-story-tu.mp3"}, "file": "Tsou_TapangU/TsouNr-frog-story-tu", "num": 67}], [68, {"ori": [], "gloss": [["...", "", ""], ["mi=cu", "AUX.AF=PFV", "助動詞.主焦=完成"], ["i'mi", "come.from.AF", "從.主焦"], ["ta", "OBL", "斜格"], ["mo==", "AUX.AF", "助動詞.主焦"], ["yuhcuyu", "bulge.AF", "突起.主焦"], ["ci,_", "REL", "關係詞"]], "free": [], "s_end": false, "iu_a_span": [157.99, 160.02], "meta": {"topic": "Frog Story 1", "type": "Narrative", "language": "鄒語, Tsou, TapangU", "speaker": "杜, None, None, None", "collected": "2002-02-00", "revised": "2013-11-18", "video": "TsouNr-frog-story-tu.mp3"}, "file": "Tsou_TapangU/TsouNr-frog-story-tu", "num": 68}], [69, {"ori": [], "gloss": [["...", "", ""], ["yuhcuyu", "bulge", "小丘"], ["ho,\\", "CONJ", "連接詞"]], "free": ["#e The boy climbed on something bulging.", "#c 男孩爬上一個小丘。"], "s_end": true, "iu_a_span": [160.02, 161.51], "meta": {"topic": "Frog Story 1", "type": "Narrative", "language": "鄒語, Tsou, TapangU", "speaker": "杜, None, None, None", "collected": "2002-02-00", "revised": "2013-11-18", "video": "TsouNr-frog-story-tu.mp3"}, "s_a_span": [153.44, 161.51], "file": "Tsou_TapangU/TsouNr-frog-story-tu", "num": 69}], [70, {"ori": [], "gloss": [["...", "", ""], ["uh,_", "FIL", "FIL"]], "free": [], "s_end": false, "iu_a_span": [161.51, 162.38], "meta": {"topic": "Frog Story 1", "type": "Narrative", "language": "鄒語, Tsou, TapangU", "speaker": "杜, None, None, None", "collected": "2002-02-00", "revised": "2013-11-18", "video": "TsouNr-frog-story-tu.mp3"}, "file": "Tsou_TapangU/TsouNr-frog-story-tu", "num": 70}], [71, {"ori": [], "gloss": [["...(1.4)", "", ""], ["ho", "CONJ", "連接詞"], ["eoho'a", "call.PF", "叫.受焦"], ["'e==,\\", "NOM", "主格"]], "free": [], "s_end": false, "iu_a_span": [162.38, 164.9], "meta": {"topic": "Frog Story 1", "type": "Narrative", "language": "鄒語, Tsou, TapangU", "speaker": "杜, None, None, None", "collected": "2002-02-00", "revised": "2013-11-18", "video": "TsouNr-frog-story-tu.mp3"}, "file": "Tsou_TapangU/TsouNr-frog-story-tu", "num": 71}], [72, {"ori": [], "gloss": [["...", "", ""], ["eoho'a--", "call.PF", "叫.受焦"], ["eoho'ʉ", "call.AF", "叫.主焦"], ["no", "OBL", "斜格"], ["fo'kunge.\\", "frog", "青蛙"]], "free": ["#e (He) kept on calling for the frog.", "#c 他一直叫那隻青蛙。"], "s_end": true, "iu_a_span": [164.9, 167.43], "meta": {"topic": "Frog Story 1", "type": "Narrative", "language": "鄒語, Tsou, TapangU", "speaker": "杜, None, None, None", "collected": "2002-02-00", "revised": "2013-11-18", "video": "TsouNr-frog-story-tu.mp3"}, "s_a_span": [161.51, 167.43], "file": "Tsou_TapangU/TsouNr-frog-story-tu", "num": 72}], [73, {"ori": [], "gloss": [["'iama", "EVI", "知識詞"], ["'iama==,_", "EVI", "知識詞"]], "free": [], "s_end": false, "iu_a_span": [167.43, 169.57], "meta": {"topic": "Frog Story 1", "type": "Narrative", "language": "鄒語, Tsou, TapangU", "speaker": "杜, None, None, None", "collected": "2002-02-00", "revised": "2013-11-18", "video": "TsouNr-frog-story-tu.mp3"}, "file": "Tsou_TapangU/TsouNr-frog-story-tu", "num": 73}], [74, {"ori": [], "gloss": [["...(1.5)", "", ""], ["'iama", "EVI", "知識詞"], ["zou", "DM", "DM"], ["'ua", "deer", "鹿"], ["'e", "NOM", "主格"], ["i-si", "AUX.NAF-3SG.GEN", "助動詞.非主焦-3SG.屬格"], ["capa", "REL", "關係詞"], ["ci", "AUX.AF", "助動詞.主焦"], ["mo", "bulge.AF", "突起.主焦"], ["yuhcuyu.\\", "", ""]], "free": [], "s_end": false, "iu_a_span": [169.57, 174.02], "meta": {"topic": "Frog Story 1", "type": "Narrative", "language": "鄒語, Tsou, TapangU", "speaker": "杜, None, None, None", "collected": "2002-02-00", "revised": "2013-11-18", "video": "TsouNr-frog-story-tu.mp3"}, "file": "Tsou_TapangU/TsouNr-frog-story-tu", "num": 74}], [75, {"ori": [], "gloss": [["...", "", ""], ["mo", "AUX.AF", "助動詞.主焦"], ["yamci", "frighten.AF", "驚嚇.主焦"], ["'e==", "NOM", "主格"], ["na", "FIL", "FIL"], ["i'e,\\", "NOM", "主格"]], "free": [], "s_end": false, "iu_a_span": [174.02, 175.94], "meta": {"topic": "Frog Story 1", "type": "Narrative", "language": "鄒語, Tsou, TapangU", "speaker": "杜, None, None, None", "collected": "2002-02-00", "revised": "2013-11-18", "video": "TsouNr-frog-story-tu.mp3"}, "file": "Tsou_TapangU/TsouNr-frog-story-tu", "num": 75}], [76, {"ori": [], "gloss": [["...", "", ""], ["'ua", "deer", "鹿"], ["mici", "intend.AF", "想要.主焦"], ["i-si", "AUX.NAF-3SG.GEN", "助動詞.非主焦-3SG.屬格"], ["cu", "PFV", "完成"], ["hafa", "carry.PF", "帶.受焦"], ["smo'unu", "walk.toward.AF", "走向.主焦"], ["maita'e", "come.here.AF", "來這邊.主焦"], ["ho,\\", "CONJ", "連接詞"]], "free": [], "s_end": false, "iu_a_span": [175.94, 178.84], "meta": {"topic": "Frog Story 1", "type": "Narrative", "language": "鄒語, Tsou, TapangU", "speaker": "杜, None, None, None", "collected": "2002-02-00", "revised": "2013-11-18", "video": "TsouNr-frog-story-tu.mp3"}, "file": "Tsou_TapangU/TsouNr-frog-story-tu", "num": 76}], [77, {"ori": [], "gloss": [["...(0.8)", "", ""], ["eh==,\\", "FIL", "FIL"]], "free": [], "s_end": false, "iu_a_span": [178.84, 180.22], "meta": {"topic": "Frog Story 1", "type": "Narrative", "language": "鄒語, Tsou, TapangU", "speaker": "杜, None, None, None", "collected": "2002-02-00", "revised": "2013-11-18", "video": "TsouNr-frog-story-tu.mp3"}, "file": "Tsou_TapangU/TsouNr-frog-story-tu", "num": 77}], [78, {"ori": [], "gloss": [["...(0.8)", "", ""], ["hafa", "carry.PF", "帶.受焦"], ["mo'usnu", "run.to.AF", "跑向.主焦"], ["ta", "OBL", "斜格"], ["mo", "AUX.AF", "助動詞.主焦"], ["tʉ'nʉ.\\", "cliff", "懸崖"]], "free": ["#e The deer got frightened and carried him and ran toward the cliff.", "#c 那隻鹿嚇到了，就帶著他跑向懸崖。"], "s_end": true, "iu_a_span": [180.22, 182.85], "meta": {"topic": "Frog Story 1", "type": "Narrative", "language": "鄒語, Tsou, TapangU", "speaker": "杜, None, None, None", "collected": "2002-02-00", "revised": "2013-11-18", "video": "TsouNr-frog-story-tu.mp3"}, "s_a_span": [167.43, 182.85], "file": "Tsou_TapangU/TsouNr-frog-story-tu", "num": 78}], [79, {"ori": [], "gloss": [["...", "", ""], ["mi-si", "AUX.NAF-3SG.GEN", "助動詞.非主焦-3SG.屬格"], ["cu,_", "PFV", "完成"]], "free": ["#n 助動詞 mi-si 應是講錯，應為i-si。Aux mi-si should be corrected as i-si.", "#n 助動詞 mi-si 應是講錯，應為i-si。Aux mi-si should be corrected as i-si."], "s_end": false, "iu_a_span": [182.85, 184.2], "meta": {"topic": "Frog Story 1", "type": "Narrative", "language": "鄒語, Tsou, TapangU", "speaker": "杜, None, None, None", "collected": "2002-02-00", "revised": "2013-11-18", "video": "TsouNr-frog-story-tu.mp3"}, "file": "Tsou_TapangU/TsouNr-frog-story-tu", "num": 79}], [80, {"ori": [], "gloss": [["...", "", ""], ["tapeoha", "shake.down.PF", "搖下.受焦"], ["'e,\\", "NOM", "主格"]], "free": [], "s_end": false, "iu_a_span": [184.2, 185.48], "meta": {"topic": "Frog Story 1", "type": "Narrative", "language": "鄒語, Tsou, TapangU", "speaker": "杜, None, None, None", "collected": "2002-02-00", "revised": "2013-11-18", "video": "TsouNr-frog-story-tu.mp3"}, "file": "Tsou_TapangU/TsouNr-frog-story-tu", "num": 80}], [81, {"ori": [], "gloss": [["...", "", ""], ["oko", "child", "小孩"], ["ho,\\", "CONJ", "連接詞"]], "free": ["#e The deer shook down the child.", "#c 那鹿把小孩搖下來。"], "s_end": true, "iu_a_span": [185.48, 186.52], "meta": {"topic": "Frog Story 1", "type": "Narrative", "language": "鄒語, Tsou, TapangU", "speaker": "杜, None, None, None", "collected": "2002-02-00", "revised": "2013-11-18", "video": "TsouNr-frog-story-tu.mp3"}, "s_a_span": [182.85, 186.52], "file": "Tsou_TapangU/TsouNr-frog-story-tu", "num": 81}], [82, {"ori": [], "gloss": [["...(0.8)", "", ""], ["mi=cu,_", "AUX.AF=PFV", "助動詞.主焦=完成"]], "free": [], "s_end": false, "iu_a_span": [186.52, 187.88], "meta": {"topic": "Frog Story 1", "type": "Narrative", "language": "鄒語, Tsou, TapangU", "speaker": "杜, None, None, None", "collected": "2002-02-00", "revised": "2013-11-18", "video": "TsouNr-frog-story-tu.mp3"}, "file": "Tsou_TapangU/TsouNr-frog-story-tu", "num": 82}], [83, {"ori": [], "gloss": [["..", "", ""], ["supeohʉ", "fall.AF", "掉落.主焦"], ["'e", "NOM", "主格"], ["oko", "child", "小孩"], ["ho", "CONJ", "連接詞"], ["i'e", "NOM", "主格"], ["av'u,\\", "dog", "狗"]], "free": [], "s_end": false, "iu_a_span": [187.88, 190.35], "meta": {"topic": "Frog Story 1", "type": "Narrative", "language": "鄒語, Tsou, TapangU", "speaker": "杜, None, None, None", "collected": "2002-02-00", "revised": "2013-11-18", "video": "TsouNr-frog-story-tu.mp3"}, "file": "Tsou_TapangU/TsouNr-frog-story-tu", "num": 83}], [84, {"ori": [], "gloss": [["...(0.9)", "", ""], ["'oc'ocic'o", "happen.to", "碰巧"], ["su'", "fall.AF", "掉落.主焦"], ["ta,_", "OBL", "斜格"]], "free": [], "s_end": false, "iu_a_span": [190.35, 192.65], "meta": {"topic": "Frog Story 1", "type": "Narrative", "language": "鄒語, Tsou, TapangU", "speaker": "杜, None, None, None", "collected": "2002-02-00", "revised": "2013-11-18", "video": "TsouNr-frog-story-tu.mp3"}, "file": "Tsou_TapangU/TsouNr-frog-story-tu", "num": 84}], [85, {"ori": [], "gloss": [["...", "", ""], ["mo", "AUX.AF", "助動詞.主焦"], ["ea-chumua.\\", "EXIST-water.AF", "存在-水.主焦"]], "free": ["#e The boy and the dog fell, and happen to fell into the water.", "#c 小孩和狗掉下來，剛好掉到有水的地方。"], "s_end": true, "iu_a_span": [192.65, 194.18], "meta": {"topic": "Frog Story 1", "type": "Narrative", "language": "鄒語, Tsou, TapangU", "speaker": "杜, None, None, None", "collected": "2002-02-00", "revised": "2013-11-18", "video": "TsouNr-frog-story-tu.mp3"}, "s_a_span": [186.52, 194.18], "file": "Tsou_TapangU/TsouNr-frog-story-tu", "num": 85}], [86, {"ori": [], "gloss": [["...(1.6)", "", ""], ["mi=cu", "AUX.AF-PFV", "助動詞.主焦-完成"], ["su'", "fall.AF", "掉落.主焦"], ["ta", "OBL", "斜格"], ["chumu.\\", "", ""]], "free": [], "s_end": false, "iu_a_span": [194.18, 197.07], "meta": {"topic": "Frog Story 1", "type": "Narrative", "language": "鄒語, Tsou, TapangU", "speaker": "杜, None, None, None", "collected": "2002-02-00", "revised": "2013-11-18", "video": "TsouNr-frog-story-tu.mp3"}, "file": "Tsou_TapangU/TsouNr-frog-story-tu", "num": 86}], [87, {"ori": [], "gloss": [["..", "", ""], ["pan", "EXIST", "存在"], ["to", "OBL", "斜格"], ["i-he", "AUX.NAF-3PL.GEN", "助動詞.非主焦-3PL.屬格"], ["talʉi", "hear.LF", "聽.處焦"], ["ci,_", "REL", "關係詞"]], "free": [], "s_end": false, "iu_a_span": [197.07, 198.67], "meta": {"topic": "Frog Story 1", "type": "Narrative", "language": "鄒語, Tsou, TapangU", "speaker": "杜, None, None, None", "collected": "2002-02-00", "revised": "2013-11-18", "video": "TsouNr-frog-story-tu.mp3"}, "file": "Tsou_TapangU/TsouNr-frog-story-tu", "num": 87}], [88, {"ori": [], "gloss": [["...(1.1)", "", ""], ["mo", "AUX.AF", "助動詞.主焦"], ["mais'a", "like.this.AF", "像這樣.主焦"], ["fo'kunge", "frog", "青蛙"], ["i-si", "AUX.NAF-3SG.GEN", "助動詞.非主焦-3SG.屬格"], ["cu==,_", "PFV", "完成"]], "free": ["#e They fell into the water and they heard like the sound of a frog.", "#c 他們掉到水裡聽到像青蛙的（聲音）。"], "s_end": true, "iu_a_span": [198.67, 201.66], "meta": {"topic": "Frog Story 1", "type": "Narrative", "language": "鄒語, Tsou, TapangU", "speaker": "杜, None, None, None", "collected": "2002-02-00", "revised": "2013-11-18", "video": "TsouNr-frog-story-tu.mp3"}, "s_a_span": [194.18, 201.66], "file": "Tsou_TapangU/TsouNr-frog-story-tu", "num": 88}], [89, {"ori": [], "gloss": [["...(0.9)", "", ""], ["potani", "prevent.LF", "阻止.處焦"], ["ta", "OBL", "斜格"], ["oko,_", "child", "小孩"]], "free": [], "s_end": false, "iu_a_span": [201.66, 203.69], "meta": {"topic": "Frog Story 1", "type": "Narrative", "language": "鄒語, Tsou, TapangU", "speaker": "杜, None, None, None", "collected": "2002-02-00", "revised": "2013-11-18", "video": "TsouNr-frog-story-tu.mp3"}, "file": "Tsou_TapangU/TsouNr-frog-story-tu", "num": 89}], [90, {"ori": [], "gloss": [["...", "", ""], ["na", "FIL", "FIL"], ["'e", "NOM", "主格"], ["av'u", "dog", "狗"], ["ho", "CONJ", "連接詞"], ["eainca", "say.PF", "說.受焦"], ["o'te", "NEG", "否定"], ["ptaʉngʉ.\\", "make.noise.AF", "出聲.主焦"]], "free": [], "s_end": false, "iu_a_span": [203.69, 205.97], "meta": {"topic": "Frog Story 1", "type": "Narrative", "language": "鄒語, Tsou, TapangU", "speaker": "杜, None, None, None", "collected": "2002-02-00", "revised": "2013-11-18", "video": "TsouNr-frog-story-tu.mp3"}, "file": "Tsou_TapangU/TsouNr-frog-story-tu", "num": 90}], [91, {"ori": [], "gloss": [["...", "", ""], ["mais'a", "like.this", "這樣"], ["pan", "EXIST", "存在"], ["os-'o", "AUX.NAF-1SG.GEN", "助動詞.非主焦-1SG.屬格"], ["talʉi", "hear.LF", "聽到.處焦"], ["ci", "REL", "關係詞"], ["fo'kunge.\\", "frog", "青蛙"]], "free": ["#e  The boy told the dog not to be noisy. (The boy said): 'I seem to hear a frog (croaking).'", "#c 小孩不准小狗吵，(小孩說)：我好像聽到青蛙（叫）。"], "s_end": true, "iu_a_span": [205.97, 208.49], "meta": {"topic": "Frog Story 1", "type": "Narrative", "language": "鄒語, Tsou, TapangU", "speaker": "杜, None, None, None", "collected": "2002-02-00", "revised": "2013-11-18", "video": "TsouNr-frog-story-tu.mp3"}, "s_a_span": [201.66, 208.49], "file": "Tsou_TapangU/TsouNr-frog-story-tu", "num": 91}], [92, {"ori": [], "gloss": [["...(1.0)", "", ""], ["mo", "AUX.AF", "助動詞.主焦"], ["'oc'ocic'o", "happen.to", "碰巧"], ["ea==", "EXIXT", "存在"], ["enca", "say.PF", "說.受焦"], ["evi,\\", "tree", "樹"]], "free": ["#e A tree happened to be there.", "#c 碰巧有一棵樹。"], "s_end": true, "iu_a_span": [208.49, 211.92], "meta": {"topic": "Frog Story 1", "type": "Narrative", "language": "鄒語, Tsou, TapangU", "speaker": "杜, None, None, None", "collected": "2002-02-00", "revised": "2013-11-18", "video": "TsouNr-frog-story-tu.mp3"}, "s_a_span": [208.49, 211.92], "file": "Tsou_TapangU/TsouNr-frog-story-tu", "num": 92}], [93, {"ori": [], "gloss": [["...", "", ""], ["i-he", "AUX.NAF-3PL.GEN", "助動詞.非主焦-3PL.屬格"], ["cu", "PFV", "完成"], ["eukukuyungva", "look.for.around.PF", "在周圍找尋.受焦"], ["ta==,_", "OBL", "斜格"]], "free": [], "s_end": false, "iu_a_span": [211.92, 213.67], "meta": {"topic": "Frog Story 1", "type": "Narrative", "language": "鄒語, Tsou, TapangU", "speaker": "杜, None, None, None", "collected": "2002-02-00", "revised": "2013-11-18", "video": "TsouNr-frog-story-tu.mp3"}, "file": "Tsou_TapangU/TsouNr-frog-story-tu", "num": 93}], [94, {"ori": [], "gloss": [["...", "", ""], ["na", "FIL", "FIL"], ["ita", "OBL", "斜格"], ["evi.\\", "tree", "樹"]], "free": ["#e They looked for the frog around the tree.", "#c 他們在樹的周圍找青蛙。"], "s_end": true, "iu_a_span": [213.67, 215.19], "meta": {"topic": "Frog Story 1", "type": "Narrative", "language": "鄒語, Tsou, TapangU", "speaker": "杜, None, None, None", "collected": "2002-02-00", "revised": "2013-11-18", "video": "TsouNr-frog-story-tu.mp3"}, "s_a_span": [211.92, 215.19], "file": "Tsou_TapangU/TsouNr-frog-story-tu", "num": 94}], [95, {"ori": [], "gloss": [["...(0.7)", "", ""], ["'iama", "EVI", "知識詞"], ["mo,_", "AUX.AF", "助動詞.主焦"]], "free": [], "s_end": false, "iu_a_span": [215.19, 216.53], "meta": {"topic": "Frog Story 1", "type": "Narrative", "language": "鄒語, Tsou, TapangU", "speaker": "杜, None, None, None", "collected": "2002-02-00", "revised": "2013-11-18", "video": "TsouNr-frog-story-tu.mp3"}, "file": "Tsou_TapangU/TsouNr-frog-story-tu", "num": 95}], [96, {"ori": [], "gloss": [["...(0.8)", "", ""], ["ea-noepohʉ,\\", "EXIST-together.AF", "存在-一起"]], "free": ["#e (The boy suddenly realized that）it was together with (another frogs).", "#c 原來有其他青蛙在一起。"], "s_end": true, "iu_a_span": [216.53, 218.18], "meta": {"topic": "Frog Story 1", "type": "Narrative", "language": "鄒語, Tsou, TapangU", "speaker": "杜, None, None, None", "collected": "2002-02-00", "revised": "2013-11-18", "video": "TsouNr-frog-story-tu.mp3"}, "s_a_span": [215.19, 218.18], "file": "Tsou_TapangU/TsouNr-frog-story-tu", "num": 96}], [97, {"ori": [], "gloss": [["...", "", ""], ["i-he", "AUX.NAF-3PL.GEN", "助動詞.非主焦-3PL.屬格"], ["cu", "PFV", "完成"], ["teolʉi", "see.LF", "看.處焦"], ["'e", "NOM", "主格"], ["fo'kunge.\\", "frog", "青蛙"]], "free": ["#e They saw the frog.", "#c 他們看到青蛙。"], "s_end": true, "iu_a_span": [218.18, 220.1], "meta": {"topic": "Frog Story 1", "type": "Narrative", "language": "鄒語, Tsou, TapangU", "speaker": "杜, None, None, None", "collected": "2002-02-00", "revised": "2013-11-18", "video": "TsouNr-frog-story-tu.mp3"}, "s_a_span": [218.18, 220.1], "file": "Tsou_TapangU/TsouNr-frog-story-tu", "num": 97}], [98, {"ori": [], "gloss": [["..", "", ""], ["'iama", "EVI", "知識詞"], ["mo", "AUX.AF", "助動詞.主焦"], ["ea-noepohʉa.\\", "EXIST-together", "存在-一起"]], "free": ["#e (The frog) was together (with the other frogs).", "#c 那隻青蛙和其他青蛙在一起。"], "s_end": true, "iu_a_span": [220.1, 221.58], "meta": {"topic": "Frog Story 1", "type": "Narrative", "language": "鄒語, Tsou, TapangU", "speaker": "杜, None, None, None", "collected": "2002-02-00", "revised": "2013-11-18", "video": "TsouNr-frog-story-tu.mp3"}, "s_a_span": [220.1, 221.58], "file": "Tsou_TapangU/TsouNr-frog-story-tu", "num": 98}], [99, {"ori": [], "gloss": [["...(0.8)", "", ""], ["mi=cu", "AUX.AF=PFV", "助動詞.主焦=完成"], ["aomane", "a.while", "一會"], ["mi=cu", "AUX.AF=PFV", "助動詞.主焦=完成"], ["maezo,\\", "also.AF", "也"]], "free": [], "s_end": false, "iu_a_span": [221.58, 224.13], "meta": {"topic": "Frog Story 1", "type": "Narrative", "language": "鄒語, Tsou, TapangU", "speaker": "杜, None, None, None", "collected": "2002-02-00", "revised": "2013-11-18", "video": "TsouNr-frog-story-tu.mp3"}, "file": "Tsou_TapangU/TsouNr-frog-story-tu", "num": 99}]], "meta": {"topic": "Frog Story 1", "type": "Narrative", "language": "鄒語, Tsou, TapangU", "speaker": "杜, None, None, None", "collected": "2002-02-00", "revised": "2013-11-18", "video": "TsouNr-frog-story-tu.mp3"}}