{"glosses": [[1, {"ori": [], "gloss": [["mo==", "AUX.AF", "助動詞.主焦"], ["...", "", ""], ["cihi", "one", "一"], ["ci", "REL", "關係詞"], ["oko,_", "child", "小孩"]], "free": [], "s_end": false, "iu_a_span": [0.19, 0.44], "meta": {"topic": "Frog Story 2", "type": "Narrative", "language": "鄒語, Tsou, TapangU", "speaker": "汪幸時, None, male, None", "collected": "None", "revised": "2013-11-18", "video": "Tsou-frog-story-wang-1.mp3"}, "file": "Tsou_TapangU/Tsou-frog-story-wang-1", "num": 1}], [2, {"ori": [], "gloss": [["...", "", ""], ["eh==", "FIL", "FIL"], ["..", "", ""], ["mo", "AUX.AF", "助動詞.主焦"], ["tʉtpʉtʉ", "catch.AF", "捉.主焦"], ["to,_", "OBL", "斜格"]], "free": [], "s_end": false, "iu_a_span": [0.44, 1.53], "meta": {"topic": "Frog Story 2", "type": "Narrative", "language": "鄒語, Tsou, TapangU", "speaker": "汪幸時, None, male, None", "collected": "None", "revised": "2013-11-18", "video": "Tsou-frog-story-wang-1.mp3"}, "file": "Tsou_TapangU/Tsou-frog-story-wang-1", "num": 2}], [3, {"ori": [], "gloss": [["...(1.2)", "", ""], ["fo'kunge.\\", "frog", "青蛙"]], "free": ["#e A child caught a frog.", "#c 一個小孩捉了一隻青蛙。"], "s_end": true, "iu_a_span": [1.53, 2.32], "meta": {"topic": "Frog Story 2", "type": "Narrative", "language": "鄒語, Tsou, TapangU", "speaker": "汪幸時, None, male, None", "collected": "None", "revised": "2013-11-18", "video": "Tsou-frog-story-wang-1.mp3"}, "s_a_span": [0.19, 2.32], "file": "Tsou_TapangU/Tsou-frog-story-wang-1", "num": 3}], [6, {"ori": [], "gloss": [["...(1.8)", "", ""], ["i-si==,_", "AUX.NAF-3SG.GEN", "助動詞.非主焦-3SG.屬格"]], "free": [], "s_end": false, "iu_a_span": [5.3, 7.58], "meta": {"topic": "Frog Story 2", "type": "Narrative", "language": "鄒語, Tsou, TapangU", "speaker": "汪幸時, None, male, None", "collected": "None", "revised": "2013-11-18", "video": "Tsou-frog-story-wang-1.mp3"}, "file": "Tsou_TapangU/Tsou-frog-story-wang-1", "num": 6}], [7, {"ori": [], "gloss": [["...(1.0)", "", ""], ["teapha", "put.into.PF", "裝進.受焦"], ["to,\\", "OBL", "斜格"]], "free": [], "s_end": false, "iu_a_span": [7.58, 9.38], "meta": {"topic": "Frog Story 2", "type": "Narrative", "language": "鄒語, Tsou, TapangU", "speaker": "汪幸時, None, male, None", "collected": "None", "revised": "2013-11-18", "video": "Tsou-frog-story-wang-1.mp3"}, "file": "Tsou_TapangU/Tsou-frog-story-wang-1", "num": 7}], [8, {"ori": [], "gloss": [["...", "", ""], ["pania.\\", "container", "瓶子"]], "free": ["#e He put it in a container.", "#c 他（把牠）裝在一個瓶子裡。"], "s_end": true, "iu_a_span": [9.38, 10.08], "meta": {"topic": "Frog Story 2", "type": "Narrative", "language": "鄒語, Tsou, TapangU", "speaker": "汪幸時, None, male, None", "collected": "None", "revised": "2013-11-18", "video": "Tsou-frog-story-wang-1.mp3"}, "s_a_span": [5.3, 10.08], "file": "Tsou_TapangU/Tsou-frog-story-wang-1", "num": 8}], [9, {"ori": [], "gloss": [["...(1.2)", "", ""], ["uhm==,\\", "FIL", "FIL"]], "free": [], "s_end": false, "iu_a_span": [10.08, 11.75], "meta": {"topic": "Frog Story 2", "type": "Narrative", "language": "鄒語, Tsou, TapangU", "speaker": "汪幸時, None, male, None", "collected": "None", "revised": "2013-11-18", "video": "Tsou-frog-story-wang-1.mp3"}, "file": "Tsou_TapangU/Tsou-frog-story-wang-1", "num": 9}], [10, {"ori": [], "gloss": [["...(0.7)", "", ""], ["mi=cu", "AUX.AF-PFV", "助動詞.主焦-完成"], ["eofona", "evening", "晚上"], ["mi=cu", "AUX.AF=PFV", "助動詞.主焦=完成"], ["oegʉtʉ", "sleep.AF", "睡.主焦"], ["'e", "NOM", "主格"], ["oko.\\", "child", "小孩"]], "free": ["#e At that night, the child went to sleep.", "#c 晚上了，小孩睡了。"], "s_end": true, "iu_a_span": [11.75, 14.38], "meta": {"topic": "Frog Story 2", "type": "Narrative", "language": "鄒語, Tsou, TapangU", "speaker": "汪幸時, None, male, None", "collected": "None", "revised": "2013-11-18", "video": "Tsou-frog-story-wang-1.mp3"}, "s_a_span": [10.08, 14.38], "file": "Tsou_TapangU/Tsou-frog-story-wang-1", "num": 10}], [11, {"ori": [], "gloss": [["...", "", ""], ["ma", "EVI", "知識詞"], ["mo,_", "AUX.AF", "助動詞.主焦"]], "free": [], "s_end": false, "iu_a_span": [14.38, 15.49], "meta": {"topic": "Frog Story 2", "type": "Narrative", "language": "鄒語, Tsou, TapangU", "speaker": "汪幸時, None, male, None", "collected": "None", "revised": "2013-11-18", "video": "Tsou-frog-story-wang-1.mp3"}, "file": "Tsou_TapangU/Tsou-frog-story-wang-1", "num": 11}], [12, {"ori": [], "gloss": [["..", "", ""], ["aasoe,\\", "stealthily.AF", "偷偷的.AF"]], "free": [], "s_end": false, "iu_a_span": [15.49, 16.29], "meta": {"topic": "Frog Story 2", "type": "Narrative", "language": "鄒語, Tsou, TapangU", "speaker": "汪幸時, None, male, None", "collected": "None", "revised": "2013-11-18", "video": "Tsou-frog-story-wang-1.mp3"}, "file": "Tsou_TapangU/Tsou-frog-story-wang-1", "num": 12}], [13, {"ori": [], "gloss": [["...", "", ""], ["eh==,\\", "FIL", "FIL"]], "free": [], "s_end": false, "iu_a_span": [16.29, 17.04], "meta": {"topic": "Frog Story 2", "type": "Narrative", "language": "鄒語, Tsou, TapangU", "speaker": "汪幸時, None, male, None", "collected": "None", "revised": "2013-11-18", "video": "Tsou-frog-story-wang-1.mp3"}, "file": "Tsou_TapangU/Tsou-frog-story-wang-1", "num": 13}], [14, {"ori": [], "gloss": [["...(0.7)", "", ""], ["pkaako", "escape.AF", "逃.主焦"], ["'e,_", "NOM", "主格"]], "free": [], "s_end": false, "iu_a_span": [17.04, 18.5], "meta": {"topic": "Frog Story 2", "type": "Narrative", "language": "鄒語, Tsou, TapangU", "speaker": "汪幸時, None, male, None", "collected": "None", "revised": "2013-11-18", "video": "Tsou-frog-story-wang-1.mp3"}, "file": "Tsou_TapangU/Tsou-frog-story-wang-1", "num": 14}], [15, {"ori": [], "gloss": [["...", "", ""], ["pania.\\", "container", "瓶"]], "free": [], "s_end": false, "iu_a_span": [18.5, 19.28], "meta": {"topic": "Frog Story 2", "type": "Narrative", "language": "鄒語, Tsou, TapangU", "speaker": "汪幸時, None, male, None", "collected": "None", "revised": "2013-11-18", "video": "Tsou-frog-story-wang-1.mp3"}, "file": "Tsou_TapangU/Tsou-frog-story-wang-1", "num": 15}], [16, {"ori": [], "gloss": [["..", "", ""], ["'ia,\\", "EVI", "知識詞"]], "free": [], "s_end": false, "iu_a_span": [19.28, 19.76], "meta": {"topic": "Frog Story 2", "type": "Narrative", "language": "鄒語, Tsou, TapangU", "speaker": "汪幸時, None, male, None", "collected": "None", "revised": "2013-11-18", "video": "Tsou-frog-story-wang-1.mp3"}, "file": "Tsou_TapangU/Tsou-frog-story-wang-1", "num": 16}], [17, {"ori": [], "gloss": [["..", "", ""], ["pkaako", "escape.AF", "逃.主焦"], ["'e==", "NOM", "主格"], ["fo'kunge.\\", "frog", "青蛙"]], "free": ["#e The frog escaped stealthily from the container.", "#c 瓶子..不, 是青蛙偷偷的逃走了。"], "s_end": true, "iu_a_span": [19.76, 21.33], "meta": {"topic": "Frog Story 2", "type": "Narrative", "language": "鄒語, Tsou, TapangU", "speaker": "汪幸時, None, male, None", "collected": "None", "revised": "2013-11-18", "video": "Tsou-frog-story-wang-1.mp3"}, "s_a_span": [14.38, 21.33], "file": "Tsou_TapangU/Tsou-frog-story-wang-1", "num": 17}], [18, {"ori": [], "gloss": [["...(0.9)", "", ""], ["mi=cu", "AUX.AF-PFV", "助動詞.主焦-完成"], ["yʉc'ʉ", "arise.AF", "起來.AF"], ["ne", "OBL", "斜格"], ["mi=cu", "AUX.AF=PFV", "助動詞.主焦=完成"], ["taseona", "morning", "早上"], ["i-he", "AUX.NAF-3PL.GEN", "助動詞.非主焦-3PL.屬格"], ["aiti,\\", "", ""]], "free": ["#e (He) got up in the morning, and see...", "#c 他早上起來看到.."], "s_end": true, "iu_a_span": [21.33, 24.41], "meta": {"topic": "Frog Story 2", "type": "Narrative", "language": "鄒語, Tsou, TapangU", "speaker": "汪幸時, None, male, None", "collected": "None", "revised": "2013-11-18", "video": "Tsou-frog-story-wang-1.mp3"}, "s_a_span": [21.33, 24.41], "file": "Tsou_TapangU/Tsou-frog-story-wang-1", "num": 18}], [19, {"ori": [], "gloss": [["...(0.7)", "", ""], ["eN,", "FIL", "FIL"], ["_", "", ""]], "free": [], "s_end": false, "iu_a_span": [24.41, 25.51], "meta": {"topic": "Frog Story 2", "type": "Narrative", "language": "鄒語, Tsou, TapangU", "speaker": "汪幸時, None, male, None", "collected": "None", "revised": "2013-11-18", "video": "Tsou-frog-story-wang-1.mp3"}, "file": "Tsou_TapangU/Tsou-frog-story-wang-1", "num": 19}], [20, {"ori": [], "gloss": [["...", "", ""], ["'iama", "EVI", "知識詞"], ["pkaako", "escape.AF", "逃.主焦"], ["'o,\\", "NOM", "主格"]], "free": [], "s_end": false, "iu_a_span": [25.51, 26.99], "meta": {"topic": "Frog Story 2", "type": "Narrative", "language": "鄒語, Tsou, TapangU", "speaker": "汪幸時, None, male, None", "collected": "None", "revised": "2013-11-18", "video": "Tsou-frog-story-wang-1.mp3"}, "file": "Tsou_TapangU/Tsou-frog-story-wang-1", "num": 20}], [21, {"ori": [], "gloss": [["eh==", "FIL", "FIL"], ["fo'kunge.\\", "frog", "青蛙"]], "free": ["#e He saw that the frog had escaped.", "#c 他看到青蛙逃走了"], "s_end": true, "iu_a_span": [26.99, 28.32], "meta": {"topic": "Frog Story 2", "type": "Narrative", "language": "鄒語, Tsou, TapangU", "speaker": "汪幸時, None, male, None", "collected": "None", "revised": "2013-11-18", "video": "Tsou-frog-story-wang-1.mp3"}, "s_a_span": [24.41, 28.32], "file": "Tsou_TapangU/Tsou-frog-story-wang-1", "num": 21}], [22, {"ori": [], "gloss": [["...(2.3)", "", ""], ["i-he", "AUX.NAF-3PL.GEN", "助動詞.非主焦-3PL.屬格"], ["cu,_", "PFV", "完成"]], "free": [], "s_end": false, "iu_a_span": [28.32, 31.32], "meta": {"topic": "Frog Story 2", "type": "Narrative", "language": "鄒語, Tsou, TapangU", "speaker": "汪幸時, None, male, None", "collected": "None", "revised": "2013-11-18", "video": "Tsou-frog-story-wang-1.mp3"}, "file": "Tsou_TapangU/Tsou-frog-story-wang-1", "num": 22}], [23, {"ori": [], "gloss": [["...", "", ""], ["eh,\\", "FIL", "FIL"]], "free": [], "s_end": false, "iu_a_span": [31.32, 32.22], "meta": {"topic": "Frog Story 2", "type": "Narrative", "language": "鄒語, Tsou, TapangU", "speaker": "汪幸時, None, male, None", "collected": "None", "revised": "2013-11-18", "video": "Tsou-frog-story-wang-1.mp3"}, "file": "Tsou_TapangU/Tsou-frog-story-wang-1", "num": 23}], [24, {"ori": [], "gloss": [["...(1.2)", "", ""], ["i^'ima,\\", "look.for.PF", "尋找.受焦"]], "free": [], "s_end": false, "iu_a_span": [32.22, 34.06], "meta": {"topic": "Frog Story 2", "type": "Narrative", "language": "鄒語, Tsou, TapangU", "speaker": "汪幸時, None, male, None", "collected": "None", "revised": "2013-11-18", "video": "Tsou-frog-story-wang-1.mp3"}, "file": "Tsou_TapangU/Tsou-frog-story-wang-1", "num": 24}], [25, {"ori": [], "gloss": [["...(2.8)", "", ""], ["i'ima", "look.for.PF", "尋找.受焦"], ["ta", "OBL", "斜格"], ["aemana", "inside", "裡面"], ["ho,_", "CONJ", "連接詞"]], "free": [], "s_end": false, "iu_a_span": [34.06, 38.18], "meta": {"topic": "Frog Story 2", "type": "Narrative", "language": "鄒語, Tsou, TapangU", "speaker": "汪幸時, None, male, None", "collected": "None", "revised": "2013-11-18", "video": "Tsou-frog-story-wang-1.mp3"}, "file": "Tsou_TapangU/Tsou-frog-story-wang-1", "num": 25}], [26, {"ori": [], "gloss": [["...(1.6)", "", ""], ["acʉha", "whole.PF", "全部.受焦"], ["top'op'eni", "spill.over.BF", "把容器翻倒過來.予焦"], ["'e", "NOM", "主格"], ["mo", "AUX.AF", "助動詞.主焦"], ["mav'ov'o", "many.kind.AF", "很多種.主焦"], ["ci", "REL", "關係詞"], ["macucuma", "things", "東西"], ["ho,_", "CONJ", "連接詞"]], "free": ["#e They looked for the frog (everywhere) inside the house. They turned every container over and looked for (the frog).", "#c 他們在房子裡面找, 他把很多容器翻過來找。"], "s_end": true, "iu_a_span": [38.18, 42.74], "meta": {"topic": "Frog Story 2", "type": "Narrative", "language": "鄒語, Tsou, TapangU", "speaker": "汪幸時, None, male, None", "collected": "None", "revised": "2013-11-18", "video": "Tsou-frog-story-wang-1.mp3"}, "s_a_span": [28.32, 42.74], "file": "Tsou_TapangU/Tsou-frog-story-wang-1", "num": 26}], [27, {"ori": [], "gloss": [["...", "", ""], ["i-he", "AUX.NAF-3PL.GEN", "助動詞.受焦-3PL.受格"], ["ta'unano", "think.AF", "以為.主焦"], ["mo", "AUX.AF", "助動詞.主焦"], ["nooyo.\\", "inside", "裡面"]], "free": ["#e He thought (the frog) was inside (of the containers).", "#c 他們以為青蛙在那些容器裡面。"], "s_end": true, "iu_a_span": [42.74, 44.76], "meta": {"topic": "Frog Story 2", "type": "Narrative", "language": "鄒語, Tsou, TapangU", "speaker": "汪幸時, None, male, None", "collected": "None", "revised": "2013-11-18", "video": "Tsou-frog-story-wang-1.mp3"}, "s_a_span": [42.74, 44.76], "file": "Tsou_TapangU/Tsou-frog-story-wang-1", "num": 27}], [28, {"ori": [], "gloss": [["...(0.8)", "", ""], ["eN,\\", "FIL", "FIL"]], "free": [], "s_end": false, "iu_a_span": [44.76, 46.09], "meta": {"topic": "Frog Story 2", "type": "Narrative", "language": "鄒語, Tsou, TapangU", "speaker": "汪幸時, None, male, None", "collected": "None", "revised": "2013-11-18", "video": "Tsou-frog-story-wang-1.mp3"}, "file": "Tsou_TapangU/Tsou-frog-story-wang-1", "num": 28}], [29, {"ori": [], "gloss": [["..", "", ""], ["i-si==,_", "AUX.NAF-3SG.GEN", "助動詞.非主焦-3SG.屬格"]], "free": [], "s_end": false, "iu_a_span": [46.09, 47.03], "meta": {"topic": "Frog Story 2", "type": "Narrative", "language": "鄒語, Tsou, TapangU", "speaker": "汪幸時, None, male, None", "collected": "None", "revised": "2013-11-18", "video": "Tsou-frog-story-wang-1.mp3"}, "file": "Tsou_TapangU/Tsou-frog-story-wang-1", "num": 29}], [30, {"ori": [], "gloss": [["...(1.2)", "", ""], ["yuoeva", "insert.PF", "使進去.主焦"], ["ta", "OBL", "斜格"], ["av'u-si", "dog-3SG.GEN", "狗-3SG.屬格"], ["'e", "NOM", "主格"], ["pania--", "container", "容器"], ["pania", "container", "容器"], ["ci", "REL", "關係詞"], ["o-si", "AUX.NAF-3SG.GEN", "助動詞.非主焦-3SG.屬格"], ["yon-i", "stay-LF", "停留-處焦"], ["to", "frog", "青蛙"], ["fo'kunge.\\", "", ""]], "free": ["#e His dog inserted its head inside the container where the frog had been.", "#c 他的狗把牠的頭塞進原來裝青蛙的瓶子裡面。"], "s_end": true, "iu_a_span": [47.03, 52.18], "meta": {"topic": "Frog Story 2", "type": "Narrative", "language": "鄒語, Tsou, TapangU", "speaker": "汪幸時, None, male, None", "collected": "None", "revised": "2013-11-18", "video": "Tsou-frog-story-wang-1.mp3"}, "s_a_span": [44.76, 52.18], "file": "Tsou_TapangU/Tsou-frog-story-wang-1", "num": 30}], [31, {"ori": [], "gloss": [["...", "", ""], ["'a", "EVI", "知識詞"], ["i-si", "AUX.NAF-3SG.GEN", "助動詞.非主焦-3SG.屬格"], ["teolʉi", "see.LF", "看.LF"], ["na", "NOM", "主格"], ["fo'kunge", "frog", "青蛙"], ["hoci", "if", "如果"], ["n'a--", "FS", "FS"], ["eh", "FIL", "FIL"], ["nooyo.\\", "inside", "裡面"]], "free": ["#e (He) didn't see the frog inside.", "#c 他沒看到青蛙在裡面。"], "s_end": true, "iu_a_span": [52.18, 55.55], "meta": {"topic": "Frog Story 2", "type": "Narrative", "language": "鄒語, Tsou, TapangU", "speaker": "汪幸時, None, male, None", "collected": "None", "revised": "2013-11-18", "video": "Tsou-frog-story-wang-1.mp3"}, "s_a_span": [52.18, 55.55], "file": "Tsou_TapangU/Tsou-frog-story-wang-1", "num": 31}], [32, {"ori": [], "gloss": [["...(0.8)", "", ""], ["eh", "FIL", "FIL"], ["mi=cu", "AUX.AF=PFV", "助動詞.主焦=完成"], ["m'oh'ʉtʉ", "head.out.of.AF", "頭從某處伸出.主焦"], ["ta,_", "OBL", "斜格"]], "free": [], "s_end": false, "iu_a_span": [55.55, 57.8], "meta": {"topic": "Frog Story 2", "type": "Narrative", "language": "鄒語, Tsou, TapangU", "speaker": "汪幸時, None, male, None", "collected": "None", "revised": "2013-11-18", "video": "Tsou-frog-story-wang-1.mp3"}, "file": "Tsou_TapangU/Tsou-frog-story-wang-1", "num": 32}], [33, {"ori": [], "gloss": [["...(2.1)", "", ""], ["pethʉ'ta", "windiow", "窗戶"], ["ho,\\", "CONJ", "連接詞"]], "free": [], "s_end": false, "iu_a_span": [57.8, 60.81], "meta": {"topic": "Frog Story 2", "type": "Narrative", "language": "鄒語, Tsou, TapangU", "speaker": "汪幸時, None, male, None", "collected": "None", "revised": "2013-11-18", "video": "Tsou-frog-story-wang-1.mp3"}, "file": "Tsou_TapangU/Tsou-frog-story-wang-1", "num": 33}], [34, {"ori": [], "gloss": [["...(1.8)", "", ""], ["eoho'a", "call.PF", "叫.受焦"], ["'o", "NOM", "主格"], ["fo'kunge.\\", "frog", "青蛙"]], "free": ["#e He headed out of the window and called the frog.", "#c 他把頭往窗外伸呼叫這隻青蛙。"], "s_end": true, "iu_a_span": [60.81, 64.13], "meta": {"topic": "Frog Story 2", "type": "Narrative", "language": "鄒語, Tsou, TapangU", "speaker": "汪幸時, None, male, None", "collected": "None", "revised": "2013-11-18", "video": "Tsou-frog-story-wang-1.mp3"}, "s_a_span": [55.55, 64.13], "file": "Tsou_TapangU/Tsou-frog-story-wang-1", "num": 34}], [35, {"ori": [], "gloss": [["...(1.3)", "", ""], ["um==,\\", "FIL", "FIL"]], "free": [], "s_end": false, "iu_a_span": [64.13, 65.89], "meta": {"topic": "Frog Story 2", "type": "Narrative", "language": "鄒語, Tsou, TapangU", "speaker": "汪幸時, None, male, None", "collected": "None", "revised": "2013-11-18", "video": "Tsou-frog-story-wang-1.mp3"}, "file": "Tsou_TapangU/Tsou-frog-story-wang-1", "num": 35}], [36, {"ori": [], "gloss": [["...(1.9)", "", ""], ["moso", "AUX.AF", "助動詞.主焦"], ["maezo,\\", "also.AF", "也.主焦"]], "free": [], "s_end": false, "iu_a_span": [65.89, 68.75], "meta": {"topic": "Frog Story 2", "type": "Narrative", "language": "鄒語, Tsou, TapangU", "speaker": "汪幸時, None, male, None", "collected": "None", "revised": "2013-11-18", "video": "Tsou-frog-story-wang-1.mp3"}, "file": "Tsou_TapangU/Tsou-frog-story-wang-1", "num": 36}], [37, {"ori": [], "gloss": [["..", "", ""], ["eh,\\", "FIL", "FIL"]], "free": [], "s_end": false, "iu_a_span": [68.75, 69.41], "meta": {"topic": "Frog Story 2", "type": "Narrative", "language": "鄒語, Tsou, TapangU", "speaker": "汪幸時, None, male, None", "collected": "None", "revised": "2013-11-18", "video": "Tsou-frog-story-wang-1.mp3"}, "file": "Tsou_TapangU/Tsou-frog-story-wang-1", "num": 37}], [38, {"ori": [], "gloss": [["..", "", ""], ["m'oh'ʉtʉ", "head.out.of.AF", "頭從某處伸出.主焦"], ["'e", "NOM", "主格"], ["av'u", "dog", "狗"], ["ho,_", "when", "當"]], "free": [], "s_end": false, "iu_a_span": [69.41, 70.83], "meta": {"topic": "Frog Story 2", "type": "Narrative", "language": "鄒語, Tsou, TapangU", "speaker": "汪幸時, None, male, None", "collected": "None", "revised": "2013-11-18", "video": "Tsou-frog-story-wang-1.mp3"}, "file": "Tsou_TapangU/Tsou-frog-story-wang-1", "num": 38}], [39, {"ori": [], "gloss": [["...", "", ""], ["m--", "FS", "FS"], ["XXX", "", ""], ["to", "OBL", "斜格"], ["pania", "bottle", "瓶子"], ["'o", "NOM", "主格"], ["fnguu-si.\\", "head-3SG.GEN", "頭-3SG.屬格"]], "free": ["#e The dog whose head had been inserted inside the container also headed out.", "#c 狗也跟著往外伸出頭, 牠的頭是在瓶子裡"], "s_end": true, "iu_a_span": [70.83, 73.42], "meta": {"topic": "Frog Story 2", "type": "Narrative", "language": "鄒語, Tsou, TapangU", "speaker": "汪幸時, None, male, None", "collected": "None", "revised": "2013-11-18", "video": "Tsou-frog-story-wang-1.mp3"}, "s_a_span": [64.13, 73.42], "file": "Tsou_TapangU/Tsou-frog-story-wang-1", "num": 39}], [40, {"ori": [], "gloss": [["...", "", ""], ["uh,\\", "FIL", "FIL"]], "free": [], "s_end": false, "iu_a_span": [73.42, 74.62], "meta": {"topic": "Frog Story 2", "type": "Narrative", "language": "鄒語, Tsou, TapangU", "speaker": "汪幸時, None, male, None", "collected": "None", "revised": "2013-11-18", "video": "Tsou-frog-story-wang-1.mp3"}, "file": "Tsou_TapangU/Tsou-frog-story-wang-1", "num": 40}], [41, {"ori": [], "gloss": [["...", "", ""], ["mo", "AUX.AF", "助動詞.主焦"], ["supeohʉ", "fall.AF", "掉落.主焦"], ["ta", "OBL", "斜格"], ["pethu'ta", "window", "窗戶"], ["'e,\\", "NOM", "主格"]], "free": [], "s_end": false, "iu_a_span": [74.62, 76.77], "meta": {"topic": "Frog Story 2", "type": "Narrative", "language": "鄒語, Tsou, TapangU", "speaker": "汪幸時, None, male, None", "collected": "None", "revised": "2013-11-18", "video": "Tsou-frog-story-wang-1.mp3"}, "file": "Tsou_TapangU/Tsou-frog-story-wang-1", "num": 41}], [42, {"ori": [], "gloss": [["..", "", ""], ["fo'kunge.\\", "frog", "青蛙"]], "free": ["#e The frog fell by the window.", "#c 青蛙從窗戶掉下去。", "#n 這句說者指的應該是'e av'u (狗)。"], "s_end": true, "iu_a_span": [76.77, 77.37], "meta": {"topic": "Frog Story 2", "type": "Narrative", "language": "鄒語, Tsou, TapangU", "speaker": "汪幸時, None, male, None", "collected": "None", "revised": "2013-11-18", "video": "Tsou-frog-story-wang-1.mp3"}, "s_a_span": [73.42, 77.37], "file": "Tsou_TapangU/Tsou-frog-story-wang-1", "num": 42}], [43, {"ori": [], "gloss": [["...(0.7)", "", ""], ["mi=cu,\\", "AUX.AF=PFV", "助動詞.主焦=完成"]], "free": [], "s_end": false, "iu_a_span": [77.37, 78.87], "meta": {"topic": "Frog Story 2", "type": "Narrative", "language": "鄒語, Tsou, TapangU", "speaker": "汪幸時, None, male, None", "collected": "None", "revised": "2013-11-18", "video": "Tsou-frog-story-wang-1.mp3"}, "file": "Tsou_TapangU/Tsou-frog-story-wang-1", "num": 43}], [44, {"ori": [], "gloss": [["...(1.0)", "", ""], ["eh", "FIL", "FIL"], ["uh", "go.AF", "去.主焦"], ["ta==", "OBL", "斜格"], ["peohna-si", "under-3SG.GEN", "在底下-3SG.屬格"], ["'e", "NOM", "主格"], ["oko", "child", "小孩"], ["ho,\\", "CONJ", "連接詞"]], "free": [], "s_end": false, "iu_a_span": [78.87, 81.92], "meta": {"topic": "Frog Story 2", "type": "Narrative", "language": "鄒語, Tsou, TapangU", "speaker": "汪幸時, None, male, None", "collected": "None", "revised": "2013-11-18", "video": "Tsou-frog-story-wang-1.mp3"}, "file": "Tsou_TapangU/Tsou-frog-story-wang-1", "num": 44}], [45, {"ori": [], "gloss": [["...", "", ""], ["eh==", "FIL", "FIL"], ["pasaha", "hold.PF", "抱起.受焦"], ["'e==,\\", "NOM", "主格"]], "free": [], "s_end": false, "iu_a_span": [81.92, 83.75], "meta": {"topic": "Frog Story 2", "type": "Narrative", "language": "鄒語, Tsou, TapangU", "speaker": "汪幸時, None, male, None", "collected": "None", "revised": "2013-11-18", "video": "Tsou-frog-story-wang-1.mp3"}, "file": "Tsou_TapangU/Tsou-frog-story-wang-1", "num": 45}], [46, {"ori": [], "gloss": [["..", "", ""], ["av'u.\\", "dog", "狗"]], "free": ["#e The boy went underneath the window and held the dog.", "#c 男孩去窗戶底下抱起狗。"], "s_end": true, "iu_a_span": [83.75, 84.42], "meta": {"topic": "Frog Story 2", "type": "Narrative", "language": "鄒語, Tsou, TapangU", "speaker": "汪幸時, None, male, None", "collected": "None", "revised": "2013-11-18", "video": "Tsou-frog-story-wang-1.mp3"}, "s_a_span": [77.37, 84.42], "file": "Tsou_TapangU/Tsou-frog-story-wang-1", "num": 46}], [47, {"ori": [], "gloss": [["...(0.7)", "", ""], ["mi=cu", "AUX.AF-PFV", "助動詞.主焦-PFV"], ["yuyuso", "two.together.AF", "兩個一起.主焦"], ["'e", "NOM", "主格"], ["av'u", "dog", "狗"], ["ho,_", "CONJ", "連接詞"]], "free": [], "s_end": false, "iu_a_span": [84.42, 86.59], "meta": {"topic": "Frog Story 2", "type": "Narrative", "language": "鄒語, Tsou, TapangU", "speaker": "汪幸時, None, male, None", "collected": "None", "revised": "2013-11-18", "video": "Tsou-frog-story-wang-1.mp3"}, "file": "Tsou_TapangU/Tsou-frog-story-wang-1", "num": 47}], [48, {"ori": [], "gloss": [["..", "", ""], ["i-he", "AUX.NAF-3PL.GEN", "助動詞.非主焦-3PL.屬格"], ["cu", "PFV", "完成"], ["aoka", "always.PF", "一直.受焦"], ["eoho'a", "call.PF", "叫.受焦"], ["'o", "NOM", "主格"], ["fo'kunge.\\", "frog", "青蛙"]], "free": ["#e (The child) together with the dog, repeatedly called the frog.", "#c 小孩跟狗在一起, 一直叫青蛙。"], "s_end": true, "iu_a_span": [86.59, 88.82], "meta": {"topic": "Frog Story 2", "type": "Narrative", "language": "鄒語, Tsou, TapangU", "speaker": "汪幸時, None, male, None", "collected": "None", "revised": "2013-11-18", "video": "Tsou-frog-story-wang-1.mp3"}, "s_a_span": [84.42, 88.82], "file": "Tsou_TapangU/Tsou-frog-story-wang-1", "num": 48}], [49, {"ori": [], "gloss": [["...(0.6)", "", ""], ["eh,\\", "FIL", "FIL"]], "free": [], "s_end": false, "iu_a_span": [88.82, 89.83], "meta": {"topic": "Frog Story 2", "type": "Narrative", "language": "鄒語, Tsou, TapangU", "speaker": "汪幸時, None, male, None", "collected": "None", "revised": "2013-11-18", "video": "Tsou-frog-story-wang-1.mp3"}, "file": "Tsou_TapangU/Tsou-frog-story-wang-1", "num": 49}], [50, {"ori": [], "gloss": [["...", "", ""], ["eh", "FIL", "FIL"], ["i--", "FS", "FS"], ["in--", "FS", "FS"], ["ipopoha,_", "two.together.PF", "兩個一起.受焦"]], "free": [], "s_end": false, "iu_a_span": [89.83, 91.8], "meta": {"topic": "Frog Story 2", "type": "Narrative", "language": "鄒語, Tsou, TapangU", "speaker": "汪幸時, None, male, None", "collected": "None", "revised": "2013-11-18", "video": "Tsou-frog-story-wang-1.mp3"}, "file": "Tsou_TapangU/Tsou-frog-story-wang-1", "num": 50}], [51, {"ori": [], "gloss": [["..", "", ""], ["i'ima.\\", "look.for.PF", "找.受焦"]], "free": ["#e They went to look for (the frog) together.", "#c 他們兩個一起去找青蛙。"], "s_end": true, "iu_a_span": [91.8, 92.54], "meta": {"topic": "Frog Story 2", "type": "Narrative", "language": "鄒語, Tsou, TapangU", "speaker": "汪幸時, None, male, None", "collected": "None", "revised": "2013-11-18", "video": "Tsou-frog-story-wang-1.mp3"}, "s_a_span": [88.82, 92.54], "file": "Tsou_TapangU/Tsou-frog-story-wang-1", "num": 51}], [52, {"ori": [], "gloss": [["...(1.5)", "", ""], ["um,_", "FIL", "FIL"]], "free": [], "s_end": false, "iu_a_span": [92.54, 94.44], "meta": {"topic": "Frog Story 2", "type": "Narrative", "language": "鄒語, Tsou, TapangU", "speaker": "汪幸時, None, male, None", "collected": "None", "revised": "2013-11-18", "video": "Tsou-frog-story-wang-1.mp3"}, "file": "Tsou_TapangU/Tsou-frog-story-wang-1", "num": 52}], [53, {"ori": [], "gloss": [["...", "", ""], ["nemio", "at.that.time", "那時候"], ["mo", "AUX.AF", "助動詞.主焦"], ["m'ooyo", "insert.into.AF", "往裡伸.主焦"], ["to,_", "OBL", "斜格"]], "free": [], "s_end": false, "iu_a_span": [94.44, 96.45], "meta": {"topic": "Frog Story 2", "type": "Narrative", "language": "鄒語, Tsou, TapangU", "speaker": "汪幸時, None, male, None", "collected": "None", "revised": "2013-11-18", "video": "Tsou-frog-story-wang-1.mp3"}, "file": "Tsou_TapangU/Tsou-frog-story-wang-1", "num": 53}], [54, {"ori": [], "gloss": [["...(0.8)", "", ""], ["na", "FIL", "FIL"], ["ito==,_", "OBL", "斜格"]], "free": [], "s_end": false, "iu_a_span": [96.45, 97.99], "meta": {"topic": "Frog Story 2", "type": "Narrative", "language": "鄒語, Tsou, TapangU", "speaker": "汪幸時, None, male, None", "collected": "None", "revised": "2013-11-18", "video": "Tsou-frog-story-wang-1.mp3"}, "file": "Tsou_TapangU/Tsou-frog-story-wang-1", "num": 54}], [55, {"ori": [], "gloss": [["...", "", ""], ["feongo", "hole", "洞"], ["'o,\\", "NOM", "主格"]], "free": [], "s_end": false, "iu_a_span": [97.99, 99.32], "meta": {"topic": "Frog Story 2", "type": "Narrative", "language": "鄒語, Tsou, TapangU", "speaker": "汪幸時, None, male, None", "collected": "None", "revised": "2013-11-18", "video": "Tsou-frog-story-wang-1.mp3"}, "file": "Tsou_TapangU/Tsou-frog-story-wang-1", "num": 55}], [56, {"ori": [], "gloss": [["...(1.1)", "", ""], ["oko", "child", "小孩"], ["ho,\\", "CONJ", "連接詞"]], "free": [], "s_end": false, "iu_a_span": [99.32, 101.2], "meta": {"topic": "Frog Story 2", "type": "Narrative", "language": "鄒語, Tsou, TapangU", "speaker": "汪幸時, None, male, None", "collected": "None", "revised": "2013-11-18", "video": "Tsou-frog-story-wang-1.mp3"}, "file": "Tsou_TapangU/Tsou-frog-story-wang-1", "num": 56}], [57, {"ori": [], "gloss": [["...(0.8)", "", ""], ["eh==", "FIL", "FIL"], ["na", "FIL", "FIL"], ["iho", "CONJ", "連接詞"], ["teʉ'tʉmi", "look.for.LF", "尋找.處焦"], ["'o", "NOM", "主格"], ["fo'kunge.\\", "frog", "青蛙"]], "free": ["#e At that time, the child headed into the hole and looked for the frog.", "#c 那時候, 小孩頭伸進去洞裡找青蛙。"], "s_end": true, "iu_a_span": [101.2, 104.26], "meta": {"topic": "Frog Story 2", "type": "Narrative", "language": "鄒語, Tsou, TapangU", "speaker": "汪幸時, None, male, None", "collected": "None", "revised": "2013-11-18", "video": "Tsou-frog-story-wang-1.mp3"}, "s_a_span": [92.54, 104.26], "file": "Tsou_TapangU/Tsou-frog-story-wang-1", "num": 57}], [58, {"ori": [], "gloss": [["...", "", ""], ["mo==--,\\", "FS", "FS"]], "free": [], "s_end": false, "iu_a_span": [104.26, 105.24], "meta": {"topic": "Frog Story 2", "type": "Narrative", "language": "鄒語, Tsou, TapangU", "speaker": "汪幸時, None, male, None", "collected": "None", "revised": "2013-11-18", "video": "Tsou-frog-story-wang-1.mp3"}, "file": "Tsou_TapangU/Tsou-frog-story-wang-1", "num": 58}], [59, {"ori": [], "gloss": [["...(1.0)", "", ""], ["eh==,\\", "FIL", "FIL"]], "free": [], "s_end": false, "iu_a_span": [105.24, 106.69], "meta": {"topic": "Frog Story 2", "type": "Narrative", "language": "鄒語, Tsou, TapangU", "speaker": "汪幸時, None, male, None", "collected": "None", "revised": "2013-11-18", "video": "Tsou-frog-story-wang-1.mp3"}, "file": "Tsou_TapangU/Tsou-frog-story-wang-1", "num": 59}], [60, {"ori": [], "gloss": [["...", "", ""], ["m'oyafo", "move.out.AF", "往外伸.主焦"], ["si==,\\", "OBL", "斜格"]], "free": [], "s_end": false, "iu_a_span": [106.69, 108.26], "meta": {"topic": "Frog Story 2", "type": "Narrative", "language": "鄒語, Tsou, TapangU", "speaker": "汪幸時, None, male, None", "collected": "None", "revised": "2013-11-18", "video": "Tsou-frog-story-wang-1.mp3"}, "file": "Tsou_TapangU/Tsou-frog-story-wang-1", "num": 60}], [61, {"ori": [], "gloss": [["..", "", ""], ["eh==,\\", "FIL", "FIL"]], "free": [], "s_end": false, "iu_a_span": [108.26, 108.97], "meta": {"topic": "Frog Story 2", "type": "Narrative", "language": "鄒語, Tsou, TapangU", "speaker": "汪幸時, None, male, None", "collected": "None", "revised": "2013-11-18", "video": "Tsou-frog-story-wang-1.mp3"}, "file": "Tsou_TapangU/Tsou-frog-story-wang-1", "num": 61}], [62, {"ori": [], "gloss": [["...", "", ""], ["buhci", "mouse", "老鼠"], ["ceoa", "ground", "地"], ["ho,\\", "CONJ", "連接詞"]], "free": ["#e A mouse came out from the ground.", "#c 一隻老鼠從地裡往外伸出(身體)。"], "s_end": true, "iu_a_span": [108.97, 110.4], "meta": {"topic": "Frog Story 2", "type": "Narrative", "language": "鄒語, Tsou, TapangU", "speaker": "汪幸時, None, male, None", "collected": "None", "revised": "2013-11-18", "video": "Tsou-frog-story-wang-1.mp3"}, "s_a_span": [104.26, 110.4], "file": "Tsou_TapangU/Tsou-frog-story-wang-1", "num": 62}], [63, {"ori": [], "gloss": [["...(0.7)", "", ""], ["eh==,\\", "FIL", "FIL"]], "free": [], "s_end": false, "iu_a_span": [110.4, 111.63], "meta": {"topic": "Frog Story 2", "type": "Narrative", "language": "鄒語, Tsou, TapangU", "speaker": "汪幸時, None, male, None", "collected": "None", "revised": "2013-11-18", "video": "Tsou-frog-story-wang-1.mp3"}, "file": "Tsou_TapangU/Tsou-frog-story-wang-1", "num": 63}], [64, {"ori": [], "gloss": [["...", "", ""], ["na", "FIL", "FIL"], ["iho,\\", "CONJ", "CONJ"]], "free": [], "s_end": false, "iu_a_span": [111.63, 112.65], "meta": {"topic": "Frog Story 2", "type": "Narrative", "language": "鄒語, Tsou, TapangU", "speaker": "汪幸時, None, male, None", "collected": "None", "revised": "2013-11-18", "video": "Tsou-frog-story-wang-1.mp3"}, "file": "Tsou_TapangU/Tsou-frog-story-wang-1", "num": 64}], [65, {"ori": [], "gloss": [["...", "", ""], ["yu'hanga", "hate.PF", "討厭.受焦"], ["'e", "NOM", "主格"], ["oko.\\", "child", "小孩"]], "free": ["#e (The mouse) did not like the child.", "#c 那老鼠討厭那小孩。"], "s_end": true, "iu_a_span": [112.65, 114.16], "meta": {"topic": "Frog Story 2", "type": "Narrative", "language": "鄒語, Tsou, TapangU", "speaker": "汪幸時, None, male, None", "collected": "None", "revised": "2013-11-18", "video": "Tsou-frog-story-wang-1.mp3"}, "s_a_span": [110.4, 114.16], "file": "Tsou_TapangU/Tsou-frog-story-wang-1", "num": 65}], [66, {"ori": [], "gloss": [["...", "", ""], ["eh", "FIL", "FIL"], ["i'o", "NOM", "主格"], ["av'u", "dog", "狗"], ["i-si,\\", "AUX.NAF-3SG.GEN", "助動詞.非主焦-3SG.屬格"]], "free": [], "s_end": false, "iu_a_span": [114.16, 116.31], "meta": {"topic": "Frog Story 2", "type": "Narrative", "language": "鄒語, Tsou, TapangU", "speaker": "汪幸時, None, male, None", "collected": "None", "revised": "2013-11-18", "video": "Tsou-frog-story-wang-1.mp3"}, "file": "Tsou_TapangU/Tsou-frog-story-wang-1", "num": 66}], [67, {"ori": [], "gloss": [["...", "", ""], ["eh==,_", "FIL", "FIL"]], "free": [], "s_end": false, "iu_a_span": [116.31, 117.34], "meta": {"topic": "Frog Story 2", "type": "Narrative", "language": "鄒語, Tsou, TapangU", "speaker": "汪幸時, None, male, None", "collected": "None", "revised": "2013-11-18", "video": "Tsou-frog-story-wang-1.mp3"}, "file": "Tsou_TapangU/Tsou-frog-story-wang-1", "num": 67}], [68, {"ori": [], "gloss": [["...", "", ""], ["aiti", "see.LF", "看.處焦"], ["'o", "NOM", "主格"], ["ceoyu", "bee", "蜂"], ["ci", "REL", "關係詞"], ["mo", "AUX.AF", "助動詞.主焦"], ["tmiehi.\\", "hang.AF", "吊掛.主焦"]], "free": [], "s_end": false, "iu_a_span": [117.34, 119.89], "meta": {"topic": "Frog Story 2", "type": "Narrative", "language": "鄒語, Tsou, TapangU", "speaker": "汪幸時, None, male, None", "collected": "None", "revised": "2013-11-18", "video": "Tsou-frog-story-wang-1.mp3"}, "file": "Tsou_TapangU/Tsou-frog-story-wang-1", "num": 68}], [69, {"ori": [], "gloss": [["...", "", ""], ["i-si", "AUX.NAF-3SG.GEN", "助動詞.非主焦-3SG.屬格"], ["cu,_", "PFV", "完成"]], "free": [], "s_end": false, "iu_a_span": [119.89, 121.17], "meta": {"topic": "Frog Story 2", "type": "Narrative", "language": "鄒語, Tsou, TapangU", "speaker": "汪幸時, None, male, None", "collected": "None", "revised": "2013-11-18", "video": "Tsou-frog-story-wang-1.mp3"}, "file": "Tsou_TapangU/Tsou-frog-story-wang-1", "num": 69}], [70, {"ori": [], "gloss": [["...", "", ""], ["^taʉza", "shake.PF", "搖.受焦"], ["'e", "NOM", "主格"], ["ceoyu.\\", "bee", "蜂"]], "free": ["#e The dog saw a bee(hive) hanging (down) and shook it.", "#c 狗看見吊掛在樹上的蜂窩就搖那蜂窩。"], "s_end": true, "iu_a_span": [121.17, 122.74], "meta": {"topic": "Frog Story 2", "type": "Narrative", "language": "鄒語, Tsou, TapangU", "speaker": "汪幸時, None, male, None", "collected": "None", "revised": "2013-11-18", "video": "Tsou-frog-story-wang-1.mp3"}, "s_a_span": [114.16, 122.74], "file": "Tsou_TapangU/Tsou-frog-story-wang-1", "num": 70}], [71, {"ori": [], "gloss": [["...", "", ""], ["taʉza", "shake.PF", "搖.受焦"], ["ta", "OBL", "斜格"], ["av'u", "dog", "狗"], ["eh", "FIL", "FIL"], ["ceoyu", "bee", "蜂"], ["ho,\\", "CONJ", "連接詞"]], "free": [], "s_end": false, "iu_a_span": [122.74, 124.85], "meta": {"topic": "Frog Story 2", "type": "Narrative", "language": "鄒語, Tsou, TapangU", "speaker": "汪幸時, None, male, None", "collected": "None", "revised": "2013-11-18", "video": "Tsou-frog-story-wang-1.mp3"}, "file": "Tsou_TapangU/Tsou-frog-story-wang-1", "num": 71}], [72, {"ori": [], "gloss": [["...", "", ""], ["i-si", "AUX.NAF-3SG.GEN", "助動詞.非主焦-3SG.屬格"], ["cu,_", "PFV", "完成"]], "free": [], "s_end": false, "iu_a_span": [124.85, 126.19], "meta": {"topic": "Frog Story 2", "type": "Narrative", "language": "鄒語, Tsou, TapangU", "speaker": "汪幸時, None, male, None", "collected": "None", "revised": "2013-11-18", "video": "Tsou-frog-story-wang-1.mp3"}, "file": "Tsou_TapangU/Tsou-frog-story-wang-1", "num": 72}], [73, {"ori": [], "gloss": [["..", "", ""], ["tapeoha,\\", "make.fall.PF", "使掉下.受焦"]], "free": [], "s_end": false, "iu_a_span": [126.19, 127.14], "meta": {"topic": "Frog Story 2", "type": "Narrative", "language": "鄒語, Tsou, TapangU", "speaker": "汪幸時, None, male, None", "collected": "None", "revised": "2013-11-18", "video": "Tsou-frog-story-wang-1.mp3"}, "file": "Tsou_TapangU/Tsou-frog-story-wang-1", "num": 73}], [74, {"ori": [], "gloss": [["...(1.3)", "", ""], ["e==m,_", "FIL", "FIL"]], "free": [], "s_end": false, "iu_a_span": [127.14, 128.87], "meta": {"topic": "Frog Story 2", "type": "Narrative", "language": "鄒語, Tsou, TapangU", "speaker": "汪幸時, None, male, None", "collected": "None", "revised": "2013-11-18", "video": "Tsou-frog-story-wang-1.mp3"}, "file": "Tsou_TapangU/Tsou-frog-story-wang-1", "num": 74}], [75, {"ori": [], "gloss": [["..", "", ""], ["i'e", "NOM", "主格"], ["oko", "child", "小孩"], ["mo", "AUX.AF", "助動詞.主焦"], ["capo", "climb.AF", "爬.主焦"], ["ta", "OBL", "斜格"], ["evi", "tree", "樹"], ["ho", "CONJ", "連接詞"], ["m'ooyo", "insert.into.AF", "往裡伸.主焦"], ["to,_", "OBL", "斜格"]], "free": [], "s_end": false, "iu_a_span": [128.87, 131.6], "meta": {"topic": "Frog Story 2", "type": "Narrative", "language": "鄒語, Tsou, TapangU", "speaker": "汪幸時, None, male, None", "collected": "None", "revised": "2013-11-18", "video": "Tsou-frog-story-wang-1.mp3"}, "file": "Tsou_TapangU/Tsou-frog-story-wang-1", "num": 75}], [76, {"ori": [], "gloss": [["...", "", ""], ["eN", "FIL", "FIL"], ["feongo", "hole", "洞"], ["to", "OBL", "斜格"], ["evi", "tree", "樹"], ["ho,\\", "CONJ", "連接詞"]], "free": [], "s_end": false, "iu_a_span": [131.6, 133.43], "meta": {"topic": "Frog Story 2", "type": "Narrative", "language": "鄒語, Tsou, TapangU", "speaker": "汪幸時, None, male, None", "collected": "None", "revised": "2013-11-18", "video": "Tsou-frog-story-wang-1.mp3"}, "file": "Tsou_TapangU/Tsou-frog-story-wang-1", "num": 76}], [77, {"ori": [], "gloss": [["...", "", ""], ["i'ima", "look.for.PF", "尋找.受焦"], ["'o,\\", "NOM", "主格"]], "free": [], "s_end": false, "iu_a_span": [133.43, 134.34], "meta": {"topic": "Frog Story 2", "type": "Narrative", "language": "鄒語, Tsou, TapangU", "speaker": "汪幸時, None, male, None", "collected": "None", "revised": "2013-11-18", "video": "Tsou-frog-story-wang-1.mp3"}, "file": "Tsou_TapangU/Tsou-frog-story-wang-1", "num": 77}], [78, {"ori": [], "gloss": [["..", "", ""], ["fo'kunge.\\", "frog", "青蛙"]], "free": ["#e The child climbed a tree and looked for the frog inside a hole.", "#c 小孩爬上那棵樹，把頭伸進樹洞裡找青蛙。"], "s_end": true, "iu_a_span": [134.34, 135.09], "meta": {"topic": "Frog Story 2", "type": "Narrative", "language": "鄒語, Tsou, TapangU", "speaker": "汪幸時, None, male, None", "collected": "None", "revised": "2013-11-18", "video": "Tsou-frog-story-wang-1.mp3"}, "s_a_span": [122.74, 135.09], "file": "Tsou_TapangU/Tsou-frog-story-wang-1", "num": 78}], [79, {"ori": [], "gloss": [["...(3.7)", "", ""], ["nemio", "at.that", "那時候"], ["'e,\\", "thime", "主格"]], "free": [], "s_end": false, "iu_a_span": [135.09, 139.56], "meta": {"topic": "Frog Story 2", "type": "Narrative", "language": "鄒語, Tsou, TapangU", "speaker": "汪幸時, None, male, None", "collected": "None", "revised": "2013-11-18", "video": "Tsou-frog-story-wang-1.mp3"}, "file": "Tsou_TapangU/Tsou-frog-story-wang-1", "num": 79}], [80, {"ori": [], "gloss": [["...", "", ""], ["ne", "FIL", "FIL"], ["'e", "NOM", "主格"], ["oko,\\", "child", "小孩"]], "free": [], "s_end": false, "iu_a_span": [139.56, 141.1], "meta": {"topic": "Frog Story 2", "type": "Narrative", "language": "鄒語, Tsou, TapangU", "speaker": "汪幸時, None, male, None", "collected": "None", "revised": "2013-11-18", "video": "Tsou-frog-story-wang-1.mp3"}, "file": "Tsou_TapangU/Tsou-frog-story-wang-1", "num": 80}], [81, {"ori": [], "gloss": [["...(0.9)", "", ""], ["eh==", "FIL", "FIL"], ["ne", "OBL", "斜格"], ["mo", "AUX.AF", "助動詞.主焦"], ["m'ooyo", "insert.into.AF", "往裡伸.主焦"], ["to", "OBL", "斜格"], ["feongo,\\", "hole", "洞"]], "free": ["#e When the child inserted (his head) into the hole,", "#c 那時候這個小孩（頭）伸進洞裡面。"], "s_end": true, "iu_a_span": [141.1, 143.73], "meta": {"topic": "Frog Story 2", "type": "Narrative", "language": "鄒語, Tsou, TapangU", "speaker": "汪幸時, None, male, None", "collected": "None", "revised": "2013-11-18", "video": "Tsou-frog-story-wang-1.mp3"}, "s_a_span": [135.09, 143.73], "file": "Tsou_TapangU/Tsou-frog-story-wang-1", "num": 81}], [82, {"ori": [], "gloss": [["..", "", ""], ["'iama", "EVI", "知識詞"], ["mo", "AUX.AF", "助動詞.主焦"], ["nooyo", "inside", "裡面"], ["'o,\\", "NOM", "主格"]], "free": [], "s_end": false, "iu_a_span": [143.73, 145.13], "meta": {"topic": "Frog Story 2", "type": "Narrative", "language": "鄒語, Tsou, TapangU", "speaker": "汪幸時, None, male, None", "collected": "None", "revised": "2013-11-18", "video": "Tsou-frog-story-wang-1.mp3"}, "file": "Tsou_TapangU/Tsou-frog-story-wang-1", "num": 82}], [83, {"ori": [], "gloss": [["...", "", ""], ["na", "FIL", "FIL"], ["i'o", "NOM", "主格"], ["puku.\\", "owl", "貓頭鷹"]], "free": ["#e (It was) an owl (inside the tree).", "#c 原來那個貓頭鷹在樹洞裡面。"], "s_end": true, "iu_a_span": [145.13, 146.26], "meta": {"topic": "Frog Story 2", "type": "Narrative", "language": "鄒語, Tsou, TapangU", "speaker": "汪幸時, None, male, None", "collected": "None", "revised": "2013-11-18", "video": "Tsou-frog-story-wang-1.mp3"}, "s_a_span": [143.73, 146.26], "file": "Tsou_TapangU/Tsou-frog-story-wang-1", "num": 83}], [84, {"ori": [], "gloss": [["...(0.8)", "", ""], ["um.\\", "FIL", "FIL"]], "free": [], "s_end": false, "iu_a_span": [146.26, 147.48], "meta": {"topic": "Frog Story 2", "type": "Narrative", "language": "鄒語, Tsou, TapangU", "speaker": "汪幸時, None, male, None", "collected": "None", "revised": "2013-11-18", "video": "Tsou-frog-story-wang-1.mp3"}, "file": "Tsou_TapangU/Tsou-frog-story-wang-1", "num": 84}], [85, {"ori": [], "gloss": [["...(0.7)", "", ""], ["mo", "AUX.AF", "助動詞.主焦"], ["yamci", "frighten.AF", "驚嚇.主焦"], ["'e", "NOM", "主格"], ["oko", "child", "小孩"], ["ho,\\", "CONJ", "連接詞"]], "free": [], "s_end": false, "iu_a_span": [147.48, 149.52], "meta": {"topic": "Frog Story 2", "type": "Narrative", "language": "鄒語, Tsou, TapangU", "speaker": "汪幸時, None, male, None", "collected": "None", "revised": "2013-11-18", "video": "Tsou-frog-story-wang-1.mp3"}, "file": "Tsou_TapangU/Tsou-frog-story-wang-1", "num": 85}], [86, {"ori": [], "gloss": [["...", "", ""], ["oh,\\", "FIL", "FIL"]], "free": [], "s_end": false, "iu_a_span": [149.52, 150.12], "meta": {"topic": "Frog Story 2", "type": "Narrative", "language": "鄒語, Tsou, TapangU", "speaker": "汪幸時, None, male, None", "collected": "None", "revised": "2013-11-18", "video": "Tsou-frog-story-wang-1.mp3"}, "file": "Tsou_TapangU/Tsou-frog-story-wang-1", "num": 86}], [87, {"ori": [], "gloss": [["...", "", ""], ["na", "FIL", "FIL"], ["iho==", "CONJ", "連接詞"], ["supeohʉ.\\", "fall.AF", "掉落.主焦"]], "free": [], "s_end": false, "iu_a_span": [150.12, 151.67], "meta": {"topic": "Frog Story 2", "type": "Narrative", "language": "鄒語, Tsou, TapangU", "speaker": "汪幸時, None, male, None", "collected": "None", "revised": "2013-11-18", "video": "Tsou-frog-story-wang-1.mp3"}, "file": "Tsou_TapangU/Tsou-frog-story-wang-1", "num": 87}], [88, {"ori": [], "gloss": [["...", "", ""], ["supeohʉ", "fall.AF", "掉落.主焦"], ["ta", "OBL", "斜格"], ["evi.\\", "tree", "樹"]], "free": ["#e The child got frightened and fell down.", "#c 小孩嚇到了從樹上掉下來。"], "s_end": true, "iu_a_span": [151.67, 152.96], "meta": {"topic": "Frog Story 2", "type": "Narrative", "language": "鄒語, Tsou, TapangU", "speaker": "汪幸時, None, male, None", "collected": "None", "revised": "2013-11-18", "video": "Tsou-frog-story-wang-1.mp3"}, "s_a_span": [146.26, 152.96], "file": "Tsou_TapangU/Tsou-frog-story-wang-1", "num": 88}], [89, {"ori": [], "gloss": [["...(0.8)", "", ""], ["eN==,_", "FIL", "FIL"]], "free": [], "s_end": false, "iu_a_span": [152.96, 154.21], "meta": {"topic": "Frog Story 2", "type": "Narrative", "language": "鄒語, Tsou, TapangU", "speaker": "汪幸時, None, male, None", "collected": "None", "revised": "2013-11-18", "video": "Tsou-frog-story-wang-1.mp3"}, "file": "Tsou_TapangU/Tsou-frog-story-wang-1", "num": 89}], [90, {"ori": [], "gloss": [["...", "", ""], ["maica", "like.AF", "像.主焦"], ["ho", "when", "當"], ["i-si", "AUX.NAF-3SG.GEN", "助動詞.非主焦-3SG.屬格"], ["taʉza", "shake.PF", "搖.受焦"], ["to,_", "OBL", "斜格"]], "free": [], "s_end": false, "iu_a_span": [154.21, 155.93], "meta": {"topic": "Frog Story 2", "type": "Narrative", "language": "鄒語, Tsou, TapangU", "speaker": "汪幸時, None, male, None", "collected": "None", "revised": "2013-11-18", "video": "Tsou-frog-story-wang-1.mp3"}, "file": "Tsou_TapangU/Tsou-frog-story-wang-1", "num": 90}], [91, {"ori": [], "gloss": [["...", "", ""], ["av'u", "dog", "狗"], ["'o,_", "NOM", "主格"]], "free": [], "s_end": false, "iu_a_span": [155.93, 157.05], "meta": {"topic": "Frog Story 2", "type": "Narrative", "language": "鄒語, Tsou, TapangU", "speaker": "汪幸時, None, male, None", "collected": "None", "revised": "2013-11-18", "video": "Tsou-frog-story-wang-1.mp3"}, "file": "Tsou_TapangU/Tsou-frog-story-wang-1", "num": 91}], [92, {"ori": [], "gloss": [["...", "", ""], ["na", "FIL", "FIL"], ["i'o", "NOM", "主格"], ["ceoyu,\\", "bee", "蜂"]], "free": [], "s_end": false, "iu_a_span": [157.05, 158.16], "meta": {"topic": "Frog Story 2", "type": "Narrative", "language": "鄒語, Tsou, TapangU", "speaker": "汪幸時, None, male, None", "collected": "None", "revised": "2013-11-18", "video": "Tsou-frog-story-wang-1.mp3"}, "file": "Tsou_TapangU/Tsou-frog-story-wang-1", "num": 92}], [93, {"ori": [], "gloss": [["...", "", ""], ["'a", "EVI", "知識詞"], ["i-si", "NAF-3SG.GEN", "非主焦-3SG.屬格"], ["ta-peoha", "with.hand-fall.PF", "用手-掉落.受焦"], ["ho", "CONJ", "連接詞"], ["mi=cu", "AUX.AF=PFV", "助動詞.主焦=完成"], ["mee--,_", "FS", "FS"]], "free": [], "s_end": false, "iu_a_span": [158.16, 160.51], "meta": {"topic": "Frog Story 2", "type": "Narrative", "language": "鄒語, Tsou, TapangU", "speaker": "汪幸時, None, male, None", "collected": "None", "revised": "2013-11-18", "video": "Tsou-frog-story-wang-1.mp3"}, "file": "Tsou_TapangU/Tsou-frog-story-wang-1", "num": 93}], [94, {"ori": [], "gloss": [["...", "", ""], ["aemo'", "scatter.AF", "散開.主焦"], ["ʉ", "", ""], ["'e,\\", "NOM", "主格"]], "free": [], "s_end": false, "iu_a_span": [160.51, 161.59], "meta": {"topic": "Frog Story 2", "type": "Narrative", "language": "鄒語, Tsou, TapangU", "speaker": "汪幸時, None, male, None", "collected": "None", "revised": "2013-11-18", "video": "Tsou-frog-story-wang-1.mp3"}, "file": "Tsou_TapangU/Tsou-frog-story-wang-1", "num": 94}], [95, {"ori": [], "gloss": [["...", "", ""], ["ceoyu", "bee", "蜂"], ["ho", "CONJ", "連接詞"], ["meobango", "chase.AF", "追.主焦"], ["ta,\\", "OBL", "斜格"]], "free": [], "s_end": false, "iu_a_span": [161.59, 163.46], "meta": {"topic": "Frog Story 2", "type": "Narrative", "language": "鄒語, Tsou, TapangU", "speaker": "汪幸時, None, male, None", "collected": "None", "revised": "2013-11-18", "video": "Tsou-frog-story-wang-1.mp3"}, "file": "Tsou_TapangU/Tsou-frog-story-wang-1", "num": 95}], [96, {"ori": [], "gloss": [["...", "", ""], ["i-si", "AUX.NAF-3SG.GEN", "助動詞.非主焦-3SG.屬格"], ["cu", "PFV", "完成"], ["peobanga", "chase.PF", "追.受焦"], ["'e", "NOM", "主格"], ["av'u.\\", "dog", "狗"]], "free": ["#e The dog shook the (beehive) and caused (the beehive) fall. The bees scattered and chased the dog.", "#c 狗搖蜂窩，把(蜂窩)(搖了)掉下來，蜂四散飛，追那隻狗。"], "s_end": true, "iu_a_span": [163.46, 164.82], "meta": {"topic": "Frog Story 2", "type": "Narrative", "language": "鄒語, Tsou, TapangU", "speaker": "汪幸時, None, male, None", "collected": "None", "revised": "2013-11-18", "video": "Tsou-frog-story-wang-1.mp3"}, "s_a_span": [152.96, 164.82], "file": "Tsou_TapangU/Tsou-frog-story-wang-1", "num": 96}], [97, {"ori": [], "gloss": [["...(1.2)", "", ""], ["um.\\", "FIL", "FIL"]], "free": [], "s_end": false, "iu_a_span": [164.82, 166.45], "meta": {"topic": "Frog Story 2", "type": "Narrative", "language": "鄒語, Tsou, TapangU", "speaker": "汪幸時, None, male, None", "collected": "None", "revised": "2013-11-18", "video": "Tsou-frog-story-wang-1.mp3"}, "file": "Tsou_TapangU/Tsou-frog-story-wang-1", "num": 97}], [98, {"ori": [], "gloss": [["...", "", ""], ["i-si", "AUX.NAF-3SG.GEN", "助動詞.非主焦-3SG.屬格"], ["yu'hanga", "hate.PF", "討厭.受焦"], ["to,\\", "OBL", "斜格"]], "free": [], "s_end": false, "iu_a_span": [166.45, 168.08], "meta": {"topic": "Frog Story 2", "type": "Narrative", "language": "鄒語, Tsou, TapangU", "speaker": "汪幸時, None, male, None", "collected": "None", "revised": "2013-11-18", "video": "Tsou-frog-story-wang-1.mp3"}, "file": "Tsou_TapangU/Tsou-frog-story-wang-1", "num": 98}], [99, {"ori": [], "gloss": [["...", "", ""], ["puku", "owl", "貓頭鷹"], ["'e", "NOM", "主格"], ["oko.\\", "child", "小孩"]], "free": ["#e The owl hated the child.", "#c 貓頭鷹討厭那小孩。"], "s_end": true, "iu_a_span": [168.08, 169.5], "meta": {"topic": "Frog Story 2", "type": "Narrative", "language": "鄒語, Tsou, TapangU", "speaker": "汪幸時, None, male, None", "collected": "None", "revised": "2013-11-18", "video": "Tsou-frog-story-wang-1.mp3"}, "s_a_span": [164.82, 169.5], "file": "Tsou_TapangU/Tsou-frog-story-wang-1", "num": 99}]], "meta": {"topic": "Frog Story 2", "type": "Narrative", "language": "鄒語, Tsou, TapangU", "speaker": "汪幸時, None, male, None", "collected": "None", "revised": "2013-11-18", "video": "Tsou-frog-story-wang-1.mp3"}}