{"glosses": [[1, {"ori": [], "gloss": [["...(1.4)", "", ""], ["W:", "", ""], ["'o", "NOM", "主格"], ["vcongʉ-si", "spouse-3SG.GEN", "配偶-3SG.屬格"], ["to", "OBL", "屬格"], ["ha-", "FS", "FS"], ["hanako", "PN", "PN"], ["ci", "REL", "關係詞"], ["i-he", "AUX.NAF-3Pl.GEN", "助動詞.非主焦-3Pl.屬格"], ["ne==,\\", "OBL", "斜格"]], "free": [], "s_end": false, "iu_a_span": [1.4, 3.23], "meta": {"topic": "Typhoon", "type": "Conversation", "language": "鄒語, Tsou, TapangU", "speaker": "安寶妹, None, female, None", "collected": "None", "revised": "2014-7-20", "video": "TsouConv-typhoon.mp3"}, "file": "Tsou_TapangU/TsouConv-typhoon", "num": 1}], [2, {"ori": [], "gloss": [["..", "", ""], ["spukunu.\\", "PN", "PN"]], "free": [], "s_end": false, "iu_a_span": [3.31, 3.97], "meta": {"topic": "Typhoon", "type": "Conversation", "language": "鄒語, Tsou, TapangU", "speaker": "安寶妹, None, female, None", "collected": "None", "revised": "2014-7-20", "video": "TsouConv-typhoon.mp3"}, "file": "Tsou_TapangU/TsouConv-typhoon", "num": 2}], [3, {"ori": [], "gloss": [["..", "", ""], ["ne", "OBL", "斜格"], ["noana'o", "before", "以前"], ["au--,\\", "FS", "FS"]], "free": ["#e In the past, Hanako's husband was in Spukunu.", "#c 以前hanako的先生在Spukunu那裡。"], "s_end": true, "iu_a_span": [4.03, 5.28], "meta": {"topic": "Typhoon", "type": "Conversation", "language": "鄒語, Tsou, TapangU", "speaker": "安寶妹, None, female, None", "collected": "None", "revised": "2014-7-20", "video": "TsouConv-typhoon.mp3"}, "s_a_span": [1.4, 5.28], "file": "Tsou_TapangU/TsouConv-typhoon", "num": 3}], [4, {"ori": [], "gloss": [["...(0.8)", "", ""], ["'a--", "EVI", "知識詞"], ["'a", "EVI", "知識詞"], ["moso", "AUX.AF", "助動詞.主焦"], ["la", "HAB", "習慣"], ["no", "FIL", "FIL"], ["maezo", "also.AF", "也.主焦"], ["fiho", "follow.AF", "跟著.主焦"], ["uh", "go.AF", "去.主焦"], ["ne'e,\\", "there", "那邊"]], "free": [], "s_end": false, "iu_a_span": [6.11, 7.88], "meta": {"topic": "Typhoon", "type": "Conversation", "language": "鄒語, Tsou, TapangU", "speaker": "安寶妹, None, female, None", "collected": "None", "revised": "2014-7-20", "video": "TsouConv-typhoon.mp3"}, "file": "Tsou_TapangU/TsouConv-typhoon", "num": 4}], [5, {"ori": [], "gloss": [["...", "", ""], ["moso", "AUX.AF", "助動詞.主焦"], ["la", "HAB", "習慣"], ["ehtothomʉ.\\", "wrestle.AF", "摔角.主焦"]], "free": ["#e In the war, people there also followed (to fight).", "#c 以前戰爭的時候，那邊的人也有跟著去(打仗)", "#n 表面字意為摔角打鬥，但在此指以前戰爭的時候。"], "s_end": true, "iu_a_span": [8.55, 9.24], "meta": {"topic": "Typhoon", "type": "Conversation", "language": "鄒語, Tsou, TapangU", "speaker": "安寶妹, None, female, None", "collected": "None", "revised": "2014-7-20", "video": "TsouConv-typhoon.mp3"}, "s_a_span": [6.11, 9.24], "file": "Tsou_TapangU/TsouConv-typhoon", "num": 5}], [6, {"ori": [], "gloss": [["...(0.7)", "", ""], ["eh--", "FS", "FS"], ["uh--", "FS", "FS"], ["ho", "when", "當"], ["la", "HAB", "習慣"], ["uh", "go.AF", "去.主焦"], ["ne'e", "there", "那裡"], ["la-si", "HAB-3SG.GEN", "習慣-3SG.屬格"], ["acnia", "definitely.AF", "必定"], ["engha", "say.PF", "講.受焦"], ["XXX,_", "", ""]], "free": ["#e Every time I went there, he definitely told (such a story).", "#c 我每次去那邊他每次必定都講(這件事)。"], "s_end": true, "iu_a_span": [9.85, 12.72], "meta": {"topic": "Typhoon", "type": "Conversation", "language": "鄒語, Tsou, TapangU", "speaker": "安寶妹, None, female, None", "collected": "None", "revised": "2014-7-20", "video": "TsouConv-typhoon.mp3"}, "s_a_span": [9.85, 12.72], "file": "Tsou_TapangU/TsouConv-typhoon", "num": 6}], [7, {"ori": [], "gloss": [["...", "", ""], ["X", "", ""], ["zou", "DM", "DM"], ["mai", "like.AF", "像.主焦"], ["ho", "CONJ", "連接詞"], ["la", "HAB", "習慣"], ["'a", "EVI", "知識詞"], ["'so", "because", "因為"], ["no", "FIL", "FIL"], ["eainca", "say.PF", "說.受焦"], ["ntoho", "AUX.NFAC", "助動詞.非事實"], ["la", "HAB", "習慣"], ["mici==", "want.AF", "想要.主焦"], ["X,\\", "", ""]], "free": [], "s_end": false, "iu_a_span": [12.81, 16.44], "meta": {"topic": "Typhoon", "type": "Conversation", "language": "鄒語, Tsou, TapangU", "speaker": "安寶妹, None, female, None", "collected": "None", "revised": "2014-7-20", "video": "TsouConv-typhoon.mp3"}, "file": "Tsou_TapangU/TsouConv-typhoon", "num": 7}], [8, {"ori": [], "gloss": [["...(0.8)", "", ""], ["m'ene", "ask.for.AF", "索取.主焦"], ["ne", "OBL", "斜格"], ["maaya", "Japan", "日本"], ["no", "OBL", "斜格"], ["na", "FIL", "FIL"], ["ino", "OBL", "OBL"], ["peisu.\\", "money", "錢"]], "free": ["#e For example, they had been considering to ask for money from Japan.", "#c 比方說， 他們曾經曾經想要向日本要錢。", "#n '他們'指那時去南洋參加戰爭的人。"], "s_end": true, "iu_a_span": [16.86, 19.0], "meta": {"topic": "Typhoon", "type": "Conversation", "language": "鄒語, Tsou, TapangU", "speaker": "安寶妹, None, female, None", "collected": "None", "revised": "2014-7-20", "video": "TsouConv-typhoon.mp3"}, "s_a_span": [12.81, 19.0], "file": "Tsou_TapangU/TsouConv-typhoon", "num": 8}], [9, {"ori": [], "gloss": [["...", "", ""], ["S:", "", ""], ["ia", "EVI", "知識詞"], ["zou.\\", "yes", "對"]], "free": [], "s_end": false, "iu_a_span": [19.24, 19.74], "meta": {"topic": "Typhoon", "type": "Conversation", "language": "鄒語, Tsou, TapangU", "speaker": "安寶妹, None, female, None", "collected": "None", "revised": "2014-7-20", "video": "TsouConv-typhoon.mp3"}, "file": "Tsou_TapangU/TsouConv-typhoon", "num": 9}], [10, {"ori": [], "gloss": [["...", "", ""], ["honci", "if", "如果"], ["eainca==,_", "say.PF", "說.PF"]], "free": [], "s_end": false, "iu_a_span": [20.42, 21.17], "meta": {"topic": "Typhoon", "type": "Conversation", "language": "鄒語, Tsou, TapangU", "speaker": "安寶妹, None, female, None", "collected": "None", "revised": "2014-7-20", "video": "TsouConv-typhoon.mp3"}, "file": "Tsou_TapangU/TsouConv-typhoon", "num": 10}], [11, {"ori": [], "gloss": [["...", "", ""], ["'a", "EVI", "知識詞"], ["la", "HAB", "習慣"], ["e--", "FS", "FS"], ["eh==,_", "FIL", "FIL"]], "free": [], "s_end": false, "iu_a_span": [21.66, 23.13], "meta": {"topic": "Typhoon", "type": "Conversation", "language": "鄒語, Tsou, TapangU", "speaker": "安寶妹, None, female, None", "collected": "None", "revised": "2014-7-20", "video": "TsouConv-typhoon.mp3"}, "file": "Tsou_TapangU/TsouConv-typhoon", "num": 11}], [12, {"ori": [], "gloss": [["..", "", ""], ["si", "3SG.GEN", "3SG..屬格"], ["av'a", "how.to.say.PF", "怎麼說.PV"], ["no,\\", "OBL", "斜格"]], "free": ["#e Yes. If.... How should we say...?", "#c 對. 如果說... 該怎麼說....?", "#n 這裡的si 應該是講成有la比較好，如：la-si [HAB-3SG]"], "s_end": true, "iu_a_span": [23.62, 24.06], "meta": {"topic": "Typhoon", "type": "Conversation", "language": "鄒語, Tsou, TapangU", "speaker": "安寶妹, None, female, None", "collected": "None", "revised": "2014-7-20", "video": "TsouConv-typhoon.mp3"}, "s_a_span": [19.24, 24.06], "file": "Tsou_TapangU/TsouConv-typhoon", "num": 12}], [13, {"ori": [], "gloss": [["G:", "", ""], ["o'a", "NEG", "否定"], ["i-he", "AUX.NAV-3PL.GEN", "助動詞.非主焦-3PL.屬格"], ["no", "FIL", "FIL"], ["fii._", "give.LF", "給.處焦"]], "free": ["#e They didn't give (them money)?", "#c 他們沒有給(錢)嗎？"], "s_end": true, "iu_a_span": [24.08, 24.81], "meta": {"topic": "Typhoon", "type": "Conversation", "language": "鄒語, Tsou, TapangU", "speaker": "安寶妹, None, female, None", "collected": "None", "revised": "2014-7-20", "video": "TsouConv-typhoon.mp3"}, "s_a_span": [24.08, 24.81], "file": "Tsou_TapangU/TsouConv-typhoon", "num": 13}], [14, {"ori": [], "gloss": [["...(0.7)", "", ""], ["W:", "", ""], ["eh==,\\", "FIL", "FIL"]], "free": [], "s_end": false, "iu_a_span": [25.6, 26.22], "meta": {"topic": "Typhoon", "type": "Conversation", "language": "鄒語, Tsou, TapangU", "speaker": "安寶妹, None, female, None", "collected": "None", "revised": "2014-7-20", "video": "TsouConv-typhoon.mp3"}, "file": "Tsou_TapangU/TsouConv-typhoon", "num": 14}], [15, {"ori": [], "gloss": [["...(1.9)", "", ""], ["bochi==o", "know.AF", "知道.主焦"], ["[i-he", "AUX.NAF-3PL.GEN", "助動詞.非主焦-3PL.屬格"], ["nana]", "reported", "據說"], ["fii", "give.LF", "給.處焦"], ["ho,\\", "CONJ", "連接詞"]], "free": ["#e It is heard that they gave some.", "#c 據說他們給了。"], "s_end": true, "iu_a_span": [28.2, 30.69], "meta": {"topic": "Typhoon", "type": "Conversation", "language": "鄒語, Tsou, TapangU", "speaker": "安寶妹, None, female, None", "collected": "None", "revised": "2014-7-20", "video": "TsouConv-typhoon.mp3"}, "s_a_span": [25.6, 30.69], "file": "Tsou_TapangU/TsouConv-typhoon", "num": 15}], [16, {"ori": [], "gloss": [["S:", "", ""], ["['a", "EVI", "知識詞"], ["o-he", "AUX.NAF-3PL.GEN", "助動詞.非主焦-3PL.屬格"], ["acʉha--],\\", "all.PF", "全部.受焦"]], "free": [], "s_end": false, "iu_a_span": [29.41, 30.09], "meta": {"topic": "Typhoon", "type": "Conversation", "language": "鄒語, Tsou, TapangU", "speaker": "安寶妹, None, female, None", "collected": "None", "revised": "2014-7-20", "video": "TsouConv-typhoon.mp3"}, "file": "Tsou_TapangU/TsouConv-typhoon", "num": 16}], [17, {"ori": [], "gloss": [["...", "", ""], ["'a", "EVI", "知識詞"], ["o-he", "AUX.NAF-3PL.GEN", "助動詞.非主焦-3PL.屬格"], ["[[acʉha]],_", "all.PF", "全部.受焦"]], "free": [], "s_end": false, "iu_a_span": [30.79, 31.7], "meta": {"topic": "Typhoon", "type": "Conversation", "language": "鄒語, Tsou, TapangU", "speaker": "安寶妹, None, female, None", "collected": "None", "revised": "2014-7-20", "video": "TsouConv-typhoon.mp3"}, "file": "Tsou_TapangU/TsouConv-typhoon", "num": 17}], [18, {"ori": [], "gloss": [["W:", "", ""], ["[[nenusi]]", "perhaps", "不曉得;或許"], ["no", "OBL", "斜格"], ["mo", "AUX.AF", "助動詞.主焦"], ["yu--", "FS", "FS"], ["yungefi", "complain.sth.insufficient.AF", "嫌少;嫌不夠.主焦"], ["ho,\\", "CONJ", "連接詞"]], "free": [], "s_end": false, "iu_a_span": [31.26, 33.29], "meta": {"topic": "Typhoon", "type": "Conversation", "language": "鄒語, Tsou, TapangU", "speaker": "安寶妹, None, female, None", "collected": "None", "revised": "2014-7-20", "video": "TsouConv-typhoon.mp3"}, "file": "Tsou_TapangU/TsouConv-typhoon", "num": 18}], [19, {"ori": [], "gloss": [["..", "", ""], ["G:", "", ""], ["[oh].\\", "BC", "BC"]], "free": [], "s_end": false, "iu_a_span": [33.35, 33.66], "meta": {"topic": "Typhoon", "type": "Conversation", "language": "鄒語, Tsou, TapangU", "speaker": "安寶妹, None, female, None", "collected": "None", "revised": "2014-7-20", "video": "TsouConv-typhoon.mp3"}, "file": "Tsou_TapangU/TsouConv-typhoon", "num": 19}], [20, {"ori": [], "gloss": [["S:", "", ""], ["[ia].\\", "EVI", "知識詞"]], "free": [], "s_end": false, "iu_a_span": [33.47, 33.7], "meta": {"topic": "Typhoon", "type": "Conversation", "language": "鄒語, Tsou, TapangU", "speaker": "安寶妹, None, female, None", "collected": "None", "revised": "2014-7-20", "video": "TsouConv-typhoon.mp3"}, "file": "Tsou_TapangU/TsouConv-typhoon", "num": 20}], [21, {"ori": [], "gloss": [["..", "", ""], ["W:", "", ""], ["mo", "AUX.AF", "助動詞.主焦"], ["n'a", "PROG", "進行貌"], ["ako,_", "continuously.AF", "持續地.主焦"]], "free": [], "s_end": false, "iu_a_span": [33.8, 34.41], "meta": {"topic": "Typhoon", "type": "Conversation", "language": "鄒語, Tsou, TapangU", "speaker": "安寶妹, None, female, None", "collected": "None", "revised": "2014-7-20", "video": "TsouConv-typhoon.mp3"}, "file": "Tsou_TapangU/TsouConv-typhoon", "num": 21}], [22, {"ori": [], "gloss": [["..", "", ""], ["la", "HAB", "習慣"], ["unto.\\", "exercise.AF", "運動.主焦"]], "free": ["#e Perhaps they complained the money insufficient, so they still keep on exercising.", "#c 不曉得他們到底是不是嫌不夠，他們還在不斷的運動當中。"], "s_end": true, "iu_a_span": [34.71, 35.56], "meta": {"topic": "Typhoon", "type": "Conversation", "language": "鄒語, Tsou, TapangU", "speaker": "安寶妹, None, female, None", "collected": "None", "revised": "2014-7-20", "video": "TsouConv-typhoon.mp3"}, "s_a_span": [29.41, 35.56], "file": "Tsou_TapangU/TsouConv-typhoon", "num": 22}], [23, {"ori": [], "gloss": [["...(1.1)", "", ""], ["W:", "", ""], ["ahoi", "start.AF", "開始.主焦"], ["ne", "OBL", "斜格"], ["auyu-si", "first-SI", "最初-SI"], ["ne", "OBL", "斜格"], ["an--", "FS", "FS"], ["ancu", "not.yet", "尚未"], ["ho", "when", "當"], ["la", "HAB", "習慣"], ["XXX", "", ""], ["moso", "XX", "XX"], ["la,\\", "AUX.AF", "助動詞.主焦"]], "free": [], "s_end": false, "iu_a_span": [36.66, 38.58], "meta": {"topic": "Typhoon", "type": "Conversation", "language": "鄒語, Tsou, TapangU", "speaker": "安寶妹, None, female, None", "collected": "None", "revised": "2014-7-20", "video": "TsouConv-typhoon.mp3"}, "file": "Tsou_TapangU/TsouConv-typhoon", "num": 23}], [24, {"ori": [], "gloss": [["..", "", ""], ["ahoi", "start.AF", "開始.主焦"], ["to", "OBL", "斜格"], ["moso==,_", "AUX.AF", "助動詞.主焦"]], "free": [], "s_end": false, "iu_a_span": [38.77, 39.5], "meta": {"topic": "Typhoon", "type": "Conversation", "language": "鄒語, Tsou, TapangU", "speaker": "安寶妹, None, female, None", "collected": "None", "revised": "2014-7-20", "video": "TsouConv-typhoon.mp3"}, "file": "Tsou_TapangU/TsouConv-typhoon", "num": 24}], [25, {"ori": [], "gloss": [["..", "", ""], ["eh--", "FIL", "FIL"], ["maezo", "also.AF", "也.主焦"], ["yuyafo", "come.out.AF", "出來.主焦"], ["ho==", "CONJ", "連接詞"], ["unto", "exercise.AF", "運動.主焦"], ["no", "OBL", "斜格"], ["enca", "say.PF", "說.受焦"], ["te", "FUT", "未來"], ["XX", "", ""], ["m'eovei.\\", "ask.for.return.AF", "要回來;索回.主焦"]], "free": ["#e In the beginning, when XXX had not been proposed, (people there) also stood out for the activity of asking for (the compensation money).", "#c 最初, 還沒有說XXX,...曾經 剛開始的時候, （那邊的人）也出來參加討錢的活動。"], "s_end": true, "iu_a_span": [39.76, 42.88], "meta": {"topic": "Typhoon", "type": "Conversation", "language": "鄒語, Tsou, TapangU", "speaker": "安寶妹, None, female, None", "collected": "None", "revised": "2014-7-20", "video": "TsouConv-typhoon.mp3"}, "s_a_span": [36.66, 42.88], "file": "Tsou_TapangU/TsouConv-typhoon", "num": 25}], [26, {"ori": [], "gloss": [["..", "", ""], ["S:", "", ""], ["oh==.\\", "BC", "BC"]], "free": [], "s_end": false, "iu_a_span": [43.25, 43.79], "meta": {"topic": "Typhoon", "type": "Conversation", "language": "鄒語, Tsou, TapangU", "speaker": "安寶妹, None, female, None", "collected": "None", "revised": "2014-7-20", "video": "TsouConv-typhoon.mp3"}, "file": "Tsou_TapangU/TsouConv-typhoon", "num": 26}], [27, {"ori": [], "gloss": [["..", "", ""], ["W:", "", ""], ["la-si", "HAB-3SG.GEN", "習慣-3SG.屬格"], ["[acnia", "definiately.PF", "必定.受焦"], ["engha", "say.PF", "說.受焦"], ["enivo]._", "this", "這個"]], "free": ["#e He always talks about this.", "#c 他每次都講這個。"], "s_end": true, "iu_a_span": [43.82, 44.86], "meta": {"topic": "Typhoon", "type": "Conversation", "language": "鄒語, Tsou, TapangU", "speaker": "安寶妹, None, female, None", "collected": "None", "revised": "2014-7-20", "video": "TsouConv-typhoon.mp3"}, "s_a_span": [43.25, 44.86], "file": "Tsou_TapangU/TsouConv-typhoon", "num": 27}], [28, {"ori": [], "gloss": [["..", "", ""], ["S:", "", ""], ["oh", "DM", "DM"], ["[[ma", "EVI", "知識詞"], ["mo", "AUX.AF", "助動詞.主焦"], ["asonʉ", "probable.AF", "可能.主焦"], ["yungefi]].\\", "grudge.against.insufficiency.AF", "嫌少.主焦"]], "free": ["#e (They) may possibly consider it is not enough.", "#c 可能是嫌少。"], "s_end": true, "iu_a_span": [44.9, 46.65], "meta": {"topic": "Typhoon", "type": "Conversation", "language": "鄒語, Tsou, TapangU", "speaker": "安寶妹, None, female, None", "collected": "None", "revised": "2014-7-20", "video": "TsouConv-typhoon.mp3"}, "s_a_span": [44.9, 46.65], "file": "Tsou_TapangU/TsouConv-typhoon", "num": 28}], [29, {"ori": [], "gloss": [["G:", "", ""], ["[[XXXXX]]", "", ""]], "free": [], "s_end": false, "iu_a_span": [45.31, 46.53], "meta": {"topic": "Typhoon", "type": "Conversation", "language": "鄒語, Tsou, TapangU", "speaker": "安寶妹, None, female, None", "collected": "None", "revised": "2014-7-20", "video": "TsouConv-typhoon.mp3"}, "file": "Tsou_TapangU/TsouConv-typhoon", "num": 29}], [30, {"ori": [], "gloss": [["..", "", ""], ["ake'a", "slightly.PF", "稍微.受焦"], ["n'a", "PROG", "進行貌"], ["fii", "give.LF", "給.受焦"], ["[@@].\\", "", ""]], "free": ["#e (Just) give slightly more money...", "#c 稍微再給一點。"], "s_end": true, "iu_a_span": [46.63, 48.24], "meta": {"topic": "Typhoon", "type": "Conversation", "language": "鄒語, Tsou, TapangU", "speaker": "安寶妹, None, female, None", "collected": "None", "revised": "2014-7-20", "video": "TsouConv-typhoon.mp3"}, "s_a_span": [45.31, 48.24], "file": "Tsou_TapangU/TsouConv-typhoon", "num": 30}], [31, {"ori": [], "gloss": [["S:", "", ""], ["[<L2MYingkaidoyolaL2M>].\\", "there.should.be", "應該都有啦"]], "free": ["#e (They) should have got (such money).", "#c 應該都有(拿到錢)。"], "s_end": true, "iu_a_span": [47.69, 48.29], "meta": {"topic": "Typhoon", "type": "Conversation", "language": "鄒語, Tsou, TapangU", "speaker": "安寶妹, None, female, None", "collected": "None", "revised": "2014-7-20", "video": "TsouConv-typhoon.mp3"}, "s_a_span": [47.69, 48.29], "file": "Tsou_TapangU/TsouConv-typhoon", "num": 31}], [32, {"ori": [], "gloss": [["...(2.3)", "", ""], ["S:", "", ""], ["inia", "past", "以前"], ["no==", "OBL", "斜格"], ["'o", "NOM", "主格"], ["nia", "past", "過去"], ["[no==,]_", "OBL", "斜格"]], "free": ["#e In the past, the....", "#c 以前的那個...."], "s_end": true, "iu_a_span": [50.69, 52.25], "meta": {"topic": "Typhoon", "type": "Conversation", "language": "鄒語, Tsou, TapangU", "speaker": "安寶妹, None, female, None", "collected": "None", "revised": "2014-7-20", "video": "TsouConv-typhoon.mp3"}, "s_a_span": [50.69, 52.25], "file": "Tsou_TapangU/TsouConv-typhoon", "num": 32}], [33, {"ori": [], "gloss": [["G:", "", ""], ["[i'o", "NOM", "主格"], ["i'o]", "NOM", "主格"], ["m--", "FS", "FS"], ["i'o", "NOM", "主格"], ["moso", "AUX.AF", "助動詞.主焦"], ["mcoi", "die.AF", "死.主焦"], ["ua", "EVI", "知識詞"], ["ohke", "AUX.PF", "助動詞.受焦"], ["cu", "PFV", "完成"], ["fii._", "give.LF", "給.處焦"]], "free": ["#e For those dead, they gave (the money) indeed.", "#c 那時候死的是有給啦。", "#n 指世界大戰時陣亡的。"], "s_end": true, "iu_a_span": [51.83, 54.72], "meta": {"topic": "Typhoon", "type": "Conversation", "language": "鄒語, Tsou, TapangU", "speaker": "安寶妹, None, female, None", "collected": "None", "revised": "2014-7-20", "video": "TsouConv-typhoon.mp3"}, "s_a_span": [51.83, 54.72], "file": "Tsou_TapangU/TsouConv-typhoon", "num": 33}], [34, {"ori": [], "gloss": [["...(1.0)", "", ""], ["mo", "AUX.AF", "助動詞.主焦"], ["c'o", "only", "只有"], ["'so", "hence", "因此"], ["at'ingi", "but", "但是"], ["kakutia.\\", "few;little.AF", "少.主焦"]], "free": ["#e But (the money was) little.", "#c 但是只有很少。"], "s_end": true, "iu_a_span": [55.88, 57.05], "meta": {"topic": "Typhoon", "type": "Conversation", "language": "鄒語, Tsou, TapangU", "speaker": "安寶妹, None, female, None", "collected": "None", "revised": "2014-7-20", "video": "TsouConv-typhoon.mp3"}, "s_a_span": [55.88, 57.05], "file": "Tsou_TapangU/TsouConv-typhoon", "num": 34}], [35, {"ori": [], "gloss": [["..", "", ""], ["S:", "", ""], ["'o", "NOM", "主格"], ["a'ʉmtʉ--", "really.AF", "真的.主焦"], ["'o", "NOM", "主格"], ["a'ʉmtʉ", "really.AF", "真的.主焦"], ["alʉ", "really.AF", "真的.主焦"], ["ak'i--", "slightly.AF", "稍微.主焦"], ["eh", "FIL", "FIL"], ["<L2MwodechinwaikongL2M>,\\", "my.real.grandpa", "我的親外公"]], "free": [], "s_end": false, "iu_a_span": [57.38, 60.24], "meta": {"topic": "Typhoon", "type": "Conversation", "language": "鄒語, Tsou, TapangU", "speaker": "安寶妹, None, female, None", "collected": "None", "revised": "2014-7-20", "video": "TsouConv-typhoon.mp3"}, "file": "Tsou_TapangU/TsouConv-typhoon", "num": 35}], [36, {"ori": [], "gloss": [["W:", "", ""], ["eh,\\", "BC", "BC"]], "free": [], "s_end": false, "iu_a_span": [60.29, 60.63], "meta": {"topic": "Typhoon", "type": "Conversation", "language": "鄒語, Tsou, TapangU", "speaker": "安寶妹, None, female, None", "collected": "None", "revised": "2014-7-20", "video": "TsouConv-typhoon.mp3"}, "file": "Tsou_TapangU/TsouConv-typhoon", "num": 36}], [37, {"ori": [], "gloss": [["..", "", ""], ["S:", "", ""], ["'a", "EVI", "知識詞"], ["o-he", "AUX.NAF-3PL.GEN", "助動詞.非主焦-3PL.屬格"], ["cu", "PFV", "完成"], ["acʉha,\\", "all.PF", "全部.受焦"]], "free": ["#e My real grandfathers, they are all....", "#c 我的爺爺，他們已經全部。"], "s_end": true, "iu_a_span": [60.69, 61.73], "meta": {"topic": "Typhoon", "type": "Conversation", "language": "鄒語, Tsou, TapangU", "speaker": "安寶妹, None, female, None", "collected": "None", "revised": "2014-7-20", "video": "TsouConv-typhoon.mp3"}, "s_a_span": [57.38, 61.73], "file": "Tsou_TapangU/TsouConv-typhoon", "num": 37}], [38, {"ori": [], "gloss": [["...", "", ""], ["W:", "", ""], ["oh,\\", "BC", "BC"]], "free": [], "s_end": false, "iu_a_span": [62.4, 62.73], "meta": {"topic": "Typhoon", "type": "Conversation", "language": "鄒語, Tsou, TapangU", "speaker": "安寶妹, None, female, None", "collected": "None", "revised": "2014-7-20", "video": "TsouConv-typhoon.mp3"}, "file": "Tsou_TapangU/TsouConv-typhoon", "num": 38}], [39, {"ori": [], "gloss": [["...", "", ""], ["S:", "", ""], ["moso", "AUX.NAF", "助動詞.主焦"], ["maeo==", "take.AF", "拿.主焦"], ["amo-'u,\\", "father-1SG.GEN", "父親-1SG.主格"]], "free": [], "s_end": false, "iu_a_span": [63.63, 65.46], "meta": {"topic": "Typhoon", "type": "Conversation", "language": "鄒語, Tsou, TapangU", "speaker": "安寶妹, None, female, None", "collected": "None", "revised": "2014-7-20", "video": "TsouConv-typhoon.mp3"}, "file": "Tsou_TapangU/TsouConv-typhoon", "num": 39}], [40, {"ori": [], "gloss": [["..", "", ""], ["si", "3SG.GEN", "3SG.屬格"], ["no", "FIL", "FIL"], ["hafa", "carry.PF", "帶.受焦"], ["uh", "go.AF", "去.主焦"], ["to", "OBL", "母-一"], ["ino-coni", "mother-one", "連接詞"], ["ho", "CONJ", "斜格"], ["ito", "OBL", "姑/姨"], ["ba'i.\\", "grandmother", "祖母"]], "free": ["#e My father also brought (the money) to my aunt and grandmother.", "#c 我的爸爸也有拿去給我的姑姑和祖母。", "#n IU40開頭應為'a i-si [EVI AUX.NAF-3SG.GEN]。", "#n ino-coni 為 \"姑姑/阿姨\" 之親屬稱謂語。"], "s_end": true, "iu_a_span": [65.79, 68.13], "meta": {"topic": "Typhoon", "type": "Conversation", "language": "鄒語, Tsou, TapangU", "speaker": "安寶妹, None, female, None", "collected": "None", "revised": "2014-7-20", "video": "TsouConv-typhoon.mp3"}, "s_a_span": [62.4, 68.13], "file": "Tsou_TapangU/TsouConv-typhoon", "num": 40}], [41, {"ori": [], "gloss": [["...(1.1)", "", ""], ["W:", "", ""], ["mo--", "AUX.AF", "助動詞.主焦"], ["moso", "AUX.AF", "助動詞.主焦"], ["ak'i", "somewhat.AF", "稍微.主焦"], ["man'i./", "many/much.AF", "多.主焦"]], "free": ["#e Is (the money) much?", "#c (錢)有沒有多一點？"], "s_end": true, "iu_a_span": [69.28, 70.13], "meta": {"topic": "Typhoon", "type": "Conversation", "language": "鄒語, Tsou, TapangU", "speaker": "安寶妹, None, female, None", "collected": "None", "revised": "2014-7-20", "video": "TsouConv-typhoon.mp3"}, "s_a_span": [69.28, 70.13], "file": "Tsou_TapangU/TsouConv-typhoon", "num": 41}], [42, {"ori": [], "gloss": [["...(0.7)", "", ""], ["G:", "", ""], ["na", "NOM", "主格"], ["a'o,/", "1SG", "1SG"]], "free": ["#e Me?", "#c 我嗎？"], "s_end": true, "iu_a_span": [70.86, 71.19], "meta": {"topic": "Typhoon", "type": "Conversation", "language": "鄒語, Tsou, TapangU", "speaker": "安寶妹, None, female, None", "collected": "None", "revised": "2014-7-20", "video": "TsouConv-typhoon.mp3"}, "s_a_span": [70.86, 71.19], "file": "Tsou_TapangU/TsouConv-typhoon", "num": 42}], [43, {"ori": [], "gloss": [["..", "", ""], ["W:", "", ""], ["zou./", "yes", "對"]], "free": ["#e Yes.", "#c 對。"], "s_end": true, "iu_a_span": [71.3, 71.52], "meta": {"topic": "Typhoon", "type": "Conversation", "language": "鄒語, Tsou, TapangU", "speaker": "安寶妹, None, female, None", "collected": "None", "revised": "2014-7-20", "video": "TsouConv-typhoon.mp3"}, "s_a_span": [71.3, 71.52], "file": "Tsou_TapangU/TsouConv-typhoon", "num": 43}], [44, {"ori": [], "gloss": [["...", "", ""], ["G:", "", ""], ["eh", "FIL", "FIL"], ["mo-'u", "AUX.AF-1SG.NOM", "助動詞.主焦-1SG.主格"], ["maeo", "take.AF", "拿.主焦"], ["to", "OBL", "斜格"], ["hookiyu.\\", "salary", "薪水"]], "free": ["#e I got salary (in the war).", "#c 我是領薪水的。"], "s_end": true, "iu_a_span": [71.88, 73.23], "meta": {"topic": "Typhoon", "type": "Conversation", "language": "鄒語, Tsou, TapangU", "speaker": "安寶妹, None, female, None", "collected": "None", "revised": "2014-7-20", "video": "TsouConv-typhoon.mp3"}, "s_a_span": [71.88, 73.23], "file": "Tsou_TapangU/TsouConv-typhoon", "num": 44}], [45, {"ori": [], "gloss": [["...", "", ""], ["W:", "", ""], ["hookiyu", "salary", "薪水"], ["eh", "FIL", "FIL"], ["zou", "EVI", "知識詞"], ["na", "NOM", "主格"], ["nia,\\", "past", "過去"]], "free": [], "s_end": false, "iu_a_span": [73.4, 74.79], "meta": {"topic": "Typhoon", "type": "Conversation", "language": "鄒語, Tsou, TapangU", "speaker": "安寶妹, None, female, None", "collected": "None", "revised": "2014-7-20", "video": "TsouConv-typhoon.mp3"}, "file": "Tsou_TapangU/TsouConv-typhoon", "num": 45}], [46, {"ori": [], "gloss": [["..", "", ""], ["XX", "", ""], ["na", "NOM", "主格"], ["nia", "past", "過去"], ["hookiyu", "salary", "薪水"], ["ho", "when", "當"], ["moso", "AUX.AF", "助動詞.主焦"], ["la", "HAB", "習慣"], ["heitai,\\", "as.solider.AF", "當兵"]], "free": ["#e Salary, yes, (he got) salary when he was a solider.", "#c 薪水，對，他是拿那時當兵的薪水。"], "s_end": true, "iu_a_span": [75.15, 76.83], "meta": {"topic": "Typhoon", "type": "Conversation", "language": "鄒語, Tsou, TapangU", "speaker": "安寶妹, None, female, None", "collected": "None", "revised": "2014-7-20", "video": "TsouConv-typhoon.mp3"}, "s_a_span": [73.4, 76.83], "file": "Tsou_TapangU/TsouConv-typhoon", "num": 46}], [47, {"ori": [], "gloss": [["..", "", ""], ["G:", "", ""], ["zou.\\", "yes", "對"]], "free": [], "s_end": false, "iu_a_span": [77.02, 77.25], "meta": {"topic": "Typhoon", "type": "Conversation", "language": "鄒語, Tsou, TapangU", "speaker": "安寶妹, None, female, None", "collected": "None", "revised": "2014-7-20", "video": "TsouConv-typhoon.mp3"}, "file": "Tsou_TapangU/TsouConv-typhoon", "num": 47}], [48, {"ori": [], "gloss": [["..", "", ""], ["S:", "", ""], ["oh.\\", "BC", "BC"]], "free": [], "s_end": false, "iu_a_span": [77.33, 77.59], "meta": {"topic": "Typhoon", "type": "Conversation", "language": "鄒語, Tsou, TapangU", "speaker": "安寶妹, None, female, None", "collected": "None", "revised": "2014-7-20", "video": "TsouConv-typhoon.mp3"}, "file": "Tsou_TapangU/TsouConv-typhoon", "num": 48}], [49, {"ori": [], "gloss": [["...(1.1)", "", ""], ["G:", "", ""], ["'a", "NEG", "否定"], ["mi-cu", "AUX.AF-PFV", "助動詞.主焦-完成"], ["na'no", "very.AF", "很.主焦"], ["man'i==,/", "many", "多"]], "free": [], "s_end": false, "iu_a_span": [78.76, 79.9], "meta": {"topic": "Typhoon", "type": "Conversation", "language": "鄒語, Tsou, TapangU", "speaker": "安寶妹, None, female, None", "collected": "None", "revised": "2014-7-20", "video": "TsouConv-typhoon.mp3"}, "file": "Tsou_TapangU/TsouConv-typhoon", "num": 49}], [50, {"ori": [], "gloss": [["...(1.7)", "", ""], ["totuiha,\\", "three.years", "三年"]], "free": [], "s_end": false, "iu_a_span": [81.6, 82.26], "meta": {"topic": "Typhoon", "type": "Conversation", "language": "鄒語, Tsou, TapangU", "speaker": "安寶妹, None, female, None", "collected": "None", "revised": "2014-7-20", "video": "TsouConv-typhoon.mp3"}, "file": "Tsou_TapangU/TsouConv-typhoon", "num": 50}], [51, {"ori": [], "gloss": [["...(0.9)", "", ""], ["c'o", "only", "只有"], ["<L2JnanamangosenyenL2J>", "seventy.five.thousand.Japanese.Yen", "七-萬-五-千-元"], ["@@.\\", "", ""]], "free": ["#e Not so much, there was only 75,000 Japanese Yens for 3 years.", "#c 那沒有很多啦，三年才七萬五千元。"], "s_end": true, "iu_a_span": [83.2, 84.79], "meta": {"topic": "Typhoon", "type": "Conversation", "language": "鄒語, Tsou, TapangU", "speaker": "安寶妹, None, female, None", "collected": "None", "revised": "2014-7-20", "video": "TsouConv-typhoon.mp3"}, "s_a_span": [77.02, 84.79], "file": "Tsou_TapangU/TsouConv-typhoon", "num": 51}], [52, {"ori": [], "gloss": [["...(1.1)", "", ""], ["S:", "", ""], ["mo-su", "AUX.AF-2SG.NOM", "助動詞.主焦-2SG.主格"], ["s'a--", "PART", "PART"], ["mo-su", "AUX.AF-2SG.NOM", "助動詞.主焦-2SG.主格"], ["totuiha", "three.year", "三年"], ["ho", "CONJ", "連接詞"], ["mo-su==,_", "AUX.AF-2SG", "助動詞.主焦-2SG.主格"]], "free": ["#e For three years, you were...", "#c 你是...你是三年在..."], "s_end": true, "iu_a_span": [85.94, 87.5], "meta": {"topic": "Typhoon", "type": "Conversation", "language": "鄒語, Tsou, TapangU", "speaker": "安寶妹, None, female, None", "collected": "None", "revised": "2014-7-20", "video": "TsouConv-typhoon.mp3"}, "s_a_span": [85.94, 87.5], "file": "Tsou_TapangU/TsouConv-typhoon", "num": 52}], [53, {"ori": [], "gloss": [["..", "", ""], ["G:", "", ""], ["mi-'o", "AUX.AF-1SG.NOM", "助動詞.主焦-1SG.主格"], ["yone'e.\\", "stay.there.AF", "在那裡.主焦"]], "free": ["#e I was there.", "#c 我在那裡。"], "s_end": true, "iu_a_span": [87.79, 88.67], "meta": {"topic": "Typhoon", "type": "Conversation", "language": "鄒語, Tsou, TapangU", "speaker": "安寶妹, None, female, None", "collected": "None", "revised": "2014-7-20", "video": "TsouConv-typhoon.mp3"}, "s_a_span": [87.79, 88.67], "file": "Tsou_TapangU/TsouConv-typhoon", "num": 53}], [54, {"ori": [], "gloss": [["..", "", ""], ["W:", "", ""], ["te", "FUT", "未來"], ["n'a", "PROG", "進行貌"], ["peela", "can.PF", "能.受焦"], ["eainca", "say.PF", "說.受焦"], ["ak'a", "somewhat", "稍微.受焦"], ["ao'pova", "pacify.PF", "安撫.受焦"], ["@@@.\\", "", ""]], "free": ["#e (That money) was somewhat able to pacify (you).", "#c 還算是有稍微安撫的意思。"], "s_end": true, "iu_a_span": [88.91, 92.51], "meta": {"topic": "Typhoon", "type": "Conversation", "language": "鄒語, Tsou, TapangU", "speaker": "安寶妹, None, female, None", "collected": "None", "revised": "2014-7-20", "video": "TsouConv-typhoon.mp3"}, "s_a_span": [88.91, 92.51], "file": "Tsou_TapangU/TsouConv-typhoon", "num": 54}], [55, {"ori": [], "gloss": [["..", "", ""], ["S:", "", ""], ["maka", "at.least.PF", "起碼.受焦"], ["ake'a", "somewhat.PF", "稍微.受焦"], ["[ao'po'pova].\\", "pacify.PF", "安撫.受焦"]], "free": ["#e (The money/The Japanese government had to somewhat pacify (you) at least.", "#c 起碼稍微安撫一下。"], "s_end": true, "iu_a_span": [92.54, 93.58], "meta": {"topic": "Typhoon", "type": "Conversation", "language": "鄒語, Tsou, TapangU", "speaker": "安寶妹, None, female, None", "collected": "None", "revised": "2014-7-20", "video": "TsouConv-typhoon.mp3"}, "s_a_span": [92.54, 93.58], "file": "Tsou_TapangU/TsouConv-typhoon", "num": 55}], [56, {"ori": [], "gloss": [["G:", "", ""], ["[ci", "why", "什麼"], ["mio]", "AUX.AF", "助動詞.主焦"], ["no", "FIL", "FIL"], ["kuzo._", "bad.AF", "不好.主焦"]], "free": ["#e It's not so bad.", "#c 這樣也沒什麼不好。", "#n ci = manci 'why'"], "s_end": true, "iu_a_span": [93.19, 94.26], "meta": {"topic": "Typhoon", "type": "Conversation", "language": "鄒語, Tsou, TapangU", "speaker": "安寶妹, None, female, None", "collected": "None", "revised": "2014-7-20", "video": "TsouConv-typhoon.mp3"}, "s_a_span": [93.19, 94.26], "file": "Tsou_TapangU/TsouConv-typhoon", "num": 56}], [57, {"ori": [], "gloss": [["..", "", ""], ["W:", "", ""], ["zou._", "yes", "對"]], "free": [], "s_end": false, "iu_a_span": [94.51, 94.8], "meta": {"topic": "Typhoon", "type": "Conversation", "language": "鄒語, Tsou, TapangU", "speaker": "安寶妹, None, female, None", "collected": "None", "revised": "2014-7-20", "video": "TsouConv-typhoon.mp3"}, "file": "Tsou_TapangU/TsouConv-typhoon", "num": 57}], [58, {"ori": [], "gloss": [["...", "", ""], ["S:", "", ""], ["'a", "NEG", "否定"], ["mo-su", "AUX.AF-2SG.NOM", "助動詞.主焦-2SG.主格"], ["s'a", "PART", "PART"], ["no", "FIL", "FIL"], ["nia--", "past", "以前"], ["o-he", "AUX.NAF-3PL.GEN", "助動詞.非主焦-3PL.屬格"], ["niate", "almost", "差一點"], ["auni", "eliminate.LF", "幹掉.受焦"], ["no==", "OBL", "斜格"], ["ang--", "FS", "FS"], ["angumu.\\", "western.people", "西洋人"]], "free": ["#e Weren't you almost killed by western people?", "#c 你不是差一點被洋人幹掉啊？"], "s_end": true, "iu_a_span": [95.29, 98.25], "meta": {"topic": "Typhoon", "type": "Conversation", "language": "鄒語, Tsou, TapangU", "speaker": "安寶妹, None, female, None", "collected": "None", "revised": "2014-7-20", "video": "TsouConv-typhoon.mp3"}, "s_a_span": [94.51, 98.25], "file": "Tsou_TapangU/TsouConv-typhoon", "num": 58}], [59, {"ori": [], "gloss": [["...", "", ""], ["W:", "", ""], ["anna'o", "by.natural", "原本就"], ["uk'a", "NEG", "否定"], ["ci", "REL", "關係詞"], ["mo", "AUX.AF", "助動詞.主焦"], ["'so", "therefore", "因此"], ["ahtu", "ever.AF", "曾經.主焦"], ["<L2JmokaluL2J>", "take.advantage", "佔到便宜"], ["ho", "CONJ", "連接詞"], ["mo", "AUX.AF", "助動詞.主焦"], ["yu-'susuyu<@mo@>.\\", "REC-fight.AF", "交互-打鬥.主焦"]], "free": ["#e In a war, by nature no one really takes advantage.", "#c 戰爭原本就沒有人真正佔到便宜。", "#n anna'o = anana'o essentially; by nature"], "s_end": true, "iu_a_span": [98.91, 101.72], "meta": {"topic": "Typhoon", "type": "Conversation", "language": "鄒語, Tsou, TapangU", "speaker": "安寶妹, None, female, None", "collected": "None", "revised": "2014-7-20", "video": "TsouConv-typhoon.mp3"}, "s_a_span": [98.91, 101.72], "file": "Tsou_TapangU/TsouConv-typhoon", "num": 59}], [60, {"ori": [], "gloss": [["...(1.5)", "", ""], ["S:", "", ""], ["o-su", "AUX.NAF-2SG.GEN", "助動詞.非主焦-2SG.屬格"], ["s'a", "PART", "PART"], ["eainca", "say.PF", "說.受焦"], ["ak'i", "grandfather", "祖父"], ["eno", "FIL", "FIL"], ["su,_", "2SG", "2SG"]], "free": [], "s_end": false, "iu_a_span": [103.32, 104.55], "meta": {"topic": "Typhoon", "type": "Conversation", "language": "鄒語, Tsou, TapangU", "speaker": "安寶妹, None, female, None", "collected": "None", "revised": "2014-7-20", "video": "TsouConv-typhoon.mp3"}, "file": "Tsou_TapangU/TsouConv-typhoon", "num": 60}], [61, {"ori": [], "gloss": [["...", "", ""], ["nte", "HYP", "假設"], ["cu", "PFV", "完成"], ["c'o,_", "just", "就"]], "free": [], "s_end": false, "iu_a_span": [105.15, 105.75], "meta": {"topic": "Typhoon", "type": "Conversation", "language": "鄒語, Tsou, TapangU", "speaker": "安寶妹, None, female, None", "collected": "None", "revised": "2014-7-20", "video": "TsouConv-typhoon.mp3"}, "file": "Tsou_TapangU/TsouConv-typhoon", "num": 61}], [62, {"ori": [], "gloss": [["...(1.1)", "", ""], ["nte", "HYP", "假設"], ["cu", "PFV", "完成"], ["c'o", "only", "只有"], ["nte", "HYP", "假設"], ["cu", "PFV", "完成"], ["c'o", "only", "只有"], ["aʉmta", "really.PF", "真的.受焦"], ["auni", "killed.LF", "幹掉.處焦"], ["no--,_", "FS", "FS"]], "free": [], "s_end": false, "iu_a_span": [106.94, 108.95], "meta": {"topic": "Typhoon", "type": "Conversation", "language": "鄒語, Tsou, TapangU", "speaker": "安寶妹, None, female, None", "collected": "None", "revised": "2014-7-20", "video": "TsouConv-typhoon.mp3"}, "file": "Tsou_TapangU/TsouConv-typhoon", "num": 62}], [63, {"ori": [], "gloss": [["...", "", ""], ["no", "OBL", "斜格"], ["amelika", "American", "美國人"], ["honci-mu", "if-2PL.NOM", "如果-2PL.主格"], ["honci", "if", "如果"], ["c'u", "PFV", "完成"], ["te", "FUT", "未來"], ["<L2JmakeL2J>.\\", "lose", "失敗"]], "free": ["#e Grandfather, have you ever said that, if you had really failed, you would almost have been killed by the Americans?", "#c Ak'i (外公)你不是有講過說，如果說你們失敗的話，你們幾乎要被美國人幹掉了？", "#n te cu c'o 幾乎要"], "s_end": true, "iu_a_span": [109.11, 111.01], "meta": {"topic": "Typhoon", "type": "Conversation", "language": "鄒語, Tsou, TapangU", "speaker": "安寶妹, None, female, None", "collected": "None", "revised": "2014-7-20", "video": "TsouConv-typhoon.mp3"}, "s_a_span": [103.32, 111.01], "file": "Tsou_TapangU/TsouConv-typhoon", "num": 63}], [64, {"ori": [], "gloss": [["...(1.0)", "", ""], ["G:", "", ""], ["ma", "EVI", "知識詞"], ["o'a", "NEG", "否定"], ["te", "FUT", "未來"], ["cu", "PFV", "完成"], ["c'o", "only", "只有"], ["ah--", "FS", "FS"], ["'ana", "NEG", "否定"], ["te", "FUT", "未來"], ["s'a", "PART", "PART"], ["mako,\\", "at.least.AF", "僅僅.主焦"]], "free": ["#n 'ana te s'a 已經不要", "#n 'ana te s'a 已經不要"], "s_end": false, "iu_a_span": [112.09, 114.4], "meta": {"topic": "Typhoon", "type": "Conversation", "language": "鄒語, Tsou, TapangU", "speaker": "安寶妹, None, female, None", "collected": "None", "revised": "2014-7-20", "video": "TsouConv-typhoon.mp3"}, "file": "Tsou_TapangU/TsouConv-typhoon", "num": 64}], [65, {"ori": [], "gloss": [["..", "", ""], ["<L2MyikeyueiL2M>", "one.month", "一個月"], ["honci-mza", "if-1PL.NOM", "如果-1PL.主格"], ["ako", "all.along.AF", "一直.主焦"], ["ma'nao", "linger.AF", "逗留.主焦"], ["i-si", "AUX.NAF-3SG.GEN", "助動詞.非主焦-3SG.屬格"], ["cu", "PFV", "完成"], ["atpʉta", "beat.PF", "打敗.受焦"], ["'o", "NOM", "主格"], ["maaya.\\", "Japanese", "日本人"]], "free": ["#e If we had kept lingering there, Japanese would have been beaten within one month.", "#c 如果我們一直逗留在那邊，不到一個月日本人已經被打敗了。"], "s_end": true, "iu_a_span": [114.48, 117.21], "meta": {"topic": "Typhoon", "type": "Conversation", "language": "鄒語, Tsou, TapangU", "speaker": "安寶妹, None, female, None", "collected": "None", "revised": "2014-7-20", "video": "TsouConv-typhoon.mp3"}, "s_a_span": [112.09, 117.21], "file": "Tsou_TapangU/TsouConv-typhoon", "num": 65}], [66, {"ori": [], "gloss": [["...(0.8)", "", ""], ["n'a", "PROG", "進行貌"], ["eansoua.\\", "have.life.AF", "活.主焦"]], "free": [], "s_end": false, "iu_a_span": [118.1, 119.0], "meta": {"topic": "Typhoon", "type": "Conversation", "language": "鄒語, Tsou, TapangU", "speaker": "安寶妹, None, female, None", "collected": "None", "revised": "2014-7-20", "video": "TsouConv-typhoon.mp3"}, "file": "Tsou_TapangU/TsouConv-typhoon", "num": 66}], [67, {"ori": [], "gloss": [["..", "", ""], ["W:", "", ""], ["oh.\\", "BC", "BC"]], "free": ["#e We are still alive.", "#c 我們還活著。", "#n Nsou N. 氣，氣息，生命。", "#n IU66開頭應有 mi-mza [AUX.AF-1PL.NOM]。"], "s_end": true, "iu_a_span": [119.2, 119.59], "meta": {"topic": "Typhoon", "type": "Conversation", "language": "鄒語, Tsou, TapangU", "speaker": "安寶妹, None, female, None", "collected": "None", "revised": "2014-7-20", "video": "TsouConv-typhoon.mp3"}, "s_a_span": [118.1, 119.59], "file": "Tsou_TapangU/TsouConv-typhoon", "num": 67}], [68, {"ori": [], "gloss": [["...(4.8)", "", ""], ["W:", "", ""], ["ma", "EVI", "知識詞"], ["asonʉ", "probable.AF", "可能.主焦"], ["ancu", "not.yet", "還不會"], ["ntoho", "NFAC", "非事實"], ["tes-eupngʉ", "fight-finish.AF", "戰-完.主焦"], ["honci", "if", "如果"], ["ntoho", "NFAC", "非事實"], ["o'te==,_", "NEG", "否定"]], "free": [], "s_end": false, "iu_a_span": [124.45, 126.72], "meta": {"topic": "Typhoon", "type": "Conversation", "language": "鄒語, Tsou, TapangU", "speaker": "安寶妹, None, female, None", "collected": "None", "revised": "2014-7-20", "video": "TsouConv-typhoon.mp3"}, "file": "Tsou_TapangU/TsouConv-typhoon", "num": 68}], [69, {"ori": [], "gloss": [["...(1.2)", "", ""], ["cu", "PFV", "完成"], ["atpʉta", "defeat.PF", "打敗.受焦"], ["'o", "NOM", "主格"], ["maaya.\\", "Japanese", "日本人"]], "free": ["#e If the Japanese were not defeated at that time, the war would have not yet finished.", "#c 如果那個時候還沒有把日本人打敗的話，戰爭還沒有結束。"], "s_end": true, "iu_a_span": [127.98, 129.16], "meta": {"topic": "Typhoon", "type": "Conversation", "language": "鄒語, Tsou, TapangU", "speaker": "安寶妹, None, female, None", "collected": "None", "revised": "2014-7-20", "video": "TsouConv-typhoon.mp3"}, "s_a_span": [124.45, 129.16], "file": "Tsou_TapangU/TsouConv-typhoon", "num": 69}], [70, {"ori": [], "gloss": [["...(1.1)", "", ""], ["G:", "", ""], ["zou", "yes", "對"], ["'a", "EVI", "知識詞"], ["i-si", "AUX.NAF-3SG.GEN", "助動詞.非主焦-3SG.屬格"], ["cu", "PFV", "完成"], ["no==", "FIL", "FIL"], ["taipuya", "knock.down.PF", "扳倒.受焦"], ["'o", "NOM", "主格"], ["maaya", "Japanese", "日本人"], ["mi-cu,_", "AUX.AF-PFV", "助動詞.主焦-完成"]], "free": ["#e Yes, (at that time) Japanese had been knocked down.", "#c 對啊，那時候已經把日本人扳倒了。"], "s_end": true, "iu_a_span": [130.39, 133.08], "meta": {"topic": "Typhoon", "type": "Conversation", "language": "鄒語, Tsou, TapangU", "speaker": "安寶妹, None, female, None", "collected": "None", "revised": "2014-7-20", "video": "TsouConv-typhoon.mp3"}, "s_a_span": [130.39, 133.08], "file": "Tsou_TapangU/TsouConv-typhoon", "num": 70}], [71, {"ori": [], "gloss": [["...", "", ""], ["W:", "", ""], ["pa-maine'e?_", "CAU-return.AF", "使役-回家.主焦"]], "free": ["#e (So, they) let you go home?", "#c 讓你們回家嗎？（是不是就這樣子給你們回家？）"], "s_end": true, "iu_a_span": [133.59, 134.18], "meta": {"topic": "Typhoon", "type": "Conversation", "language": "鄒語, Tsou, TapangU", "speaker": "安寶妹, None, female, None", "collected": "None", "revised": "2014-7-20", "video": "TsouConv-typhoon.mp3"}, "s_a_span": [133.59, 134.18], "file": "Tsou_TapangU/TsouConv-typhoon", "num": 71}], [72, {"ori": [], "gloss": [["..", "", ""], ["G:", "", ""], ["o'tena", "NEG", "否定"], ["ehtothomʉ.\\", "wrestle.AF", "打鬥.主焦"]], "free": ["#e There was no war.", "#c 已經沒有作戰了。"], "s_end": true, "iu_a_span": [134.24, 135.26], "meta": {"topic": "Typhoon", "type": "Conversation", "language": "鄒語, Tsou, TapangU", "speaker": "安寶妹, None, female, None", "collected": "None", "revised": "2014-7-20", "video": "TsouConv-typhoon.mp3"}, "s_a_span": [134.24, 135.26], "file": "Tsou_TapangU/TsouConv-typhoon", "num": 72}], [73, {"ori": [], "gloss": [["..", "", ""], ["W:", "", ""], ["zou.\\", "yes", "對"]], "free": [], "s_end": false, "iu_a_span": [135.45, 135.69], "meta": {"topic": "Typhoon", "type": "Conversation", "language": "鄒語, Tsou, TapangU", "speaker": "安寶妹, None, female, None", "collected": "None", "revised": "2014-7-20", "video": "TsouConv-typhoon.mp3"}, "file": "Tsou_TapangU/TsouConv-typhoon", "num": 73}], [74, {"ori": [], "gloss": [["...", "", ""], ["G:", "", ""], ["@@.\\", "", ""]], "free": [], "s_end": false, "iu_a_span": [136.03, 136.3], "meta": {"topic": "Typhoon", "type": "Conversation", "language": "鄒語, Tsou, TapangU", "speaker": "安寶妹, None, female, None", "collected": "None", "revised": "2014-7-20", "video": "TsouConv-typhoon.mp3"}, "file": "Tsou_TapangU/TsouConv-typhoon", "num": 74}], [75, {"ori": [], "gloss": [["...(0.7)", "", ""], ["S:", "", ""], ["'a", "EVI", "知識詞"], ["mo-mu", "AUX.AF-2PL.NOM", "助動詞.主焦-2PL.主格"], ["s'a", "PART", "PART"], ["anana'o", "by_nature", "本來就"], ["zua", "deliberate", "存心"], ["<L2JmakeL2J>?_", "lose", "失敗"]], "free": ["#e Didn't you deliberately intend to lose?", "#c 你們是不是原本就存心失敗？"], "s_end": true, "iu_a_span": [137.0, 138.7], "meta": {"topic": "Typhoon", "type": "Conversation", "language": "鄒語, Tsou, TapangU", "speaker": "安寶妹, None, female, None", "collected": "None", "revised": "2014-7-20", "video": "TsouConv-typhoon.mp3"}, "s_a_span": [135.45, 138.7], "file": "Tsou_TapangU/TsouConv-typhoon", "num": 75}], [76, {"ori": [], "gloss": [["..", "", ""], ["W,G,S:", "", ""], ["@@@@", "", ""]], "free": [], "s_end": false, "iu_a_span": [138.87, 141.41], "meta": {"topic": "Typhoon", "type": "Conversation", "language": "鄒語, Tsou, TapangU", "speaker": "安寶妹, None, female, None", "collected": "None", "revised": "2014-7-20", "video": "TsouConv-typhoon.mp3"}, "file": "Tsou_TapangU/TsouConv-typhoon", "num": 76}], [77, {"ori": [], "gloss": [["..", "", ""], ["W:", "", ""], ["tiate", "almost.AF", "差一點.主焦"], ["atpʉtʉ.\\", "win.AF", "打贏.主焦"]], "free": ["#e (You) almost won.", "#c 差一點就打贏了。", "#n speaker's slip of tongue. tiate should be niate 'almost'."], "s_end": true, "iu_a_span": [141.45, 142.41], "meta": {"topic": "Typhoon", "type": "Conversation", "language": "鄒語, Tsou, TapangU", "speaker": "安寶妹, None, female, None", "collected": "None", "revised": "2014-7-20", "video": "TsouConv-typhoon.mp3"}, "s_a_span": [138.87, 142.41], "file": "Tsou_TapangU/TsouConv-typhoon", "num": 77}], [78, {"ori": [], "gloss": [["..", "", ""], ["W,G,S:", "", ""], ["@@@@@", "", ""]], "free": [], "s_end": false, "iu_a_span": [142.44, 144.1], "meta": {"topic": "Typhoon", "type": "Conversation", "language": "鄒語, Tsou, TapangU", "speaker": "安寶妹, None, female, None", "collected": "None", "revised": "2014-7-20", "video": "TsouConv-typhoon.mp3"}, "file": "Tsou_TapangU/TsouConv-typhoon", "num": 78}], [79, {"ori": [], "gloss": [["...(0.9)", "", ""], ["W:", "", ""], ["h'unano", "especially", "特別"], ["biteuyunu", "stand.together.AF", "站在一起.主焦"], ["ho", "CONJ", "連接詞"], ["ako", "always.AF", "一直.主焦"], ["suyumo", "invade.AF", "侵略.主焦"], ["'o", "NOM", "主格"], ["maaya,_", "PN", "專名"]], "free": ["#e Especially, Japanese joined force and continuously invaded (other countries).", "#c 特別是,日本人合力一直侵略(別人)。"], "s_end": true, "iu_a_span": [145.05, 147.11], "meta": {"topic": "Typhoon", "type": "Conversation", "language": "鄒語, Tsou, TapangU", "speaker": "安寶妹, None, female, None", "collected": "None", "revised": "2014-7-20", "video": "TsouConv-typhoon.mp3"}, "s_a_span": [142.44, 147.11], "file": "Tsou_TapangU/TsouConv-typhoon", "num": 79}], [80, {"ori": [], "gloss": [["S:", "", ""], ["@@@", "", ""]], "free": [], "s_end": false, "iu_a_span": [147.14, 147.65], "meta": {"topic": "Typhoon", "type": "Conversation", "language": "鄒語, Tsou, TapangU", "speaker": "安寶妹, None, female, None", "collected": "None", "revised": "2014-7-20", "video": "TsouConv-typhoon.mp3"}, "file": "Tsou_TapangU/TsouConv-typhoon", "num": 80}], [81, {"ori": [], "gloss": [["..", "", ""], ["W:", "", ""], ["ne.mio.\\", "at.that.time", "那時候"]], "free": [], "s_end": false, "iu_a_span": [147.99, 148.77], "meta": {"topic": "Typhoon", "type": "Conversation", "language": "鄒語, Tsou, TapangU", "speaker": "安寶妹, None, female, None", "collected": "None", "revised": "2014-7-20", "video": "TsouConv-typhoon.mp3"}, "file": "Tsou_TapangU/TsouConv-typhoon", "num": 81}], [82, {"ori": [], "gloss": [["..", "", ""], ["S:", "", ""], ["zou,", "yes,", "對"], ["[c'o", "only", "只有"], ["maica", "like.this.AF", "像這樣.主焦"], ["hia", "how", "如此"], ["oko]-si.\\", "child-SI", "小孩-SI"]], "free": ["#e Yes, just a small (country).", "#c 對啊，就這麼小的（國家）。"], "s_end": true, "iu_a_span": [148.82, 150.02], "meta": {"topic": "Typhoon", "type": "Conversation", "language": "鄒語, Tsou, TapangU", "speaker": "安寶妹, None, female, None", "collected": "None", "revised": "2014-7-20", "video": "TsouConv-typhoon.mp3"}, "s_a_span": [147.14, 150.02], "file": "Tsou_TapangU/TsouConv-typhoon", "num": 82}], [83, {"ori": [], "gloss": [["W:", "", ""], ["[suyumo-he],_", "invade.AF-HE", "侵略.主焦-HE"]], "free": ["#e To our surprise, (they) invaded (other countries)", "#c 反而去侵略（人家）。", "#n V+he 表示反而的意思"], "s_end": true, "iu_a_span": [149.16, 150.02], "meta": {"topic": "Typhoon", "type": "Conversation", "language": "鄒語, Tsou, TapangU", "speaker": "安寶妹, None, female, None", "collected": "None", "revised": "2014-7-20", "video": "TsouConv-typhoon.mp3"}, "s_a_span": [149.16, 150.02], "file": "Tsou_TapangU/TsouConv-typhoon", "num": 83}], [84, {"ori": [], "gloss": [["...(0.7)", "", ""], ["W:", "", ""], ["[[une", "go.AF", "去.主焦"], ["<L2JcoocengL2J>]]", "PN", "PN"], ["ne", "OBL", "斜格"], ["ap--,\\", "FS", "FS"]], "free": ["#n une = uh ne 'go.AF + OBL'", "#n une = uh ne 'go.AF + OBL'"], "s_end": false, "iu_a_span": [150.75, 152.66], "meta": {"topic": "Typhoon", "type": "Conversation", "language": "鄒語, Tsou, TapangU", "speaker": "安寶妹, None, female, None", "collected": "None", "revised": "2014-7-20", "video": "TsouConv-typhoon.mp3"}, "file": "Tsou_TapangU/TsouConv-typhoon", "num": 84}], [85, {"ori": [], "gloss": [["S:", "", ""], ["[[c'o", "only", "只有"], ["maica", "like.this.AF", "像這樣.主焦"], ["hia", "how", "如此"], ["oko-si]].\\", "child-SI", "小孩-SI"]], "free": ["#e A country so small.", "#c 這麼小的國家。"], "s_end": true, "iu_a_span": [150.82, 152.18], "meta": {"topic": "Typhoon", "type": "Conversation", "language": "鄒語, Tsou, TapangU", "speaker": "安寶妹, None, female, None", "collected": "None", "revised": "2014-7-20", "video": "TsouConv-typhoon.mp3"}, "s_a_span": [150.75, 152.18], "file": "Tsou_TapangU/TsouConv-typhoon", "num": 85}], [86, {"ori": [], "gloss": [["..", "", ""], ["ne", "OBL", "斜格"], ["apihana", "the.other.side.of.water", "對岸"], ["o-he", "AUX.NAF-3PL.GEN", "助動詞.非主焦-3PL.屬格"], ["eae--", "also", "也"], ["taivang.\\", "PN", "PN"]], "free": ["#n eae = eaeza 'also.PF' '也.受焦'", "#n eae = eaeza 'also.PF' '也.受焦'"], "s_end": false, "iu_a_span": [152.9, 154.65], "meta": {"topic": "Typhoon", "type": "Conversation", "language": "鄒語, Tsou, TapangU", "speaker": "安寶妹, None, female, None", "collected": "None", "revised": "2014-7-20", "video": "TsouConv-typhoon.mp3"}, "file": "Tsou_TapangU/TsouConv-typhoon", "num": 86}], [87, {"ori": [], "gloss": [["...", "", ""], ["su--", "FS", "FS"], ["su'uni", "invade.LV", "侵略到.處焦"], ["ne==,_", "OBL", "斜格"]], "free": [], "s_end": false, "iu_a_span": [154.9, 156.12], "meta": {"topic": "Typhoon", "type": "Conversation", "language": "鄒語, Tsou, TapangU", "speaker": "安寶妹, None, female, None", "collected": "None", "revised": "2014-7-20", "video": "TsouConv-typhoon.mp3"}, "file": "Tsou_TapangU/TsouConv-typhoon", "num": 87}], [88, {"ori": [], "gloss": [["...", "", ""], ["@", "", ""], ["<L2MnanyangshanL2M>", "PN", "PN"], ["ho", "CONJ", "連接詞"], ["ucia", "intend.PF", "想要.受焦"], ["suyumi.\\", "invade.LV", "侵略.處焦"]], "free": ["#e (Japanese) wanted to invade (the areas) Korea, the other side of the Taiwan Strait, Taiwan and Nanyang.", "#c (日本人) 想要侵略從朝鮮到對岸，台灣，到南洋。"], "s_end": true, "iu_a_span": [156.66, 158.2], "meta": {"topic": "Typhoon", "type": "Conversation", "language": "鄒語, Tsou, TapangU", "speaker": "安寶妹, None, female, None", "collected": "None", "revised": "2014-7-20", "video": "TsouConv-typhoon.mp3"}, "s_a_span": [152.9, 158.2], "file": "Tsou_TapangU/TsouConv-typhoon", "num": 88}], [89, {"ori": [], "gloss": [["..", "", ""], ["S:", "", ""], ["'so", "hence", "因此"], ["a'ʉmta", "really.PF", "真正的.受焦"], ["tau--", "FS", "FS"], ["taunanavʉ", "admire.AF", "佩服.主焦"], ["na==,\\", "NOM", "主格"]], "free": [], "s_end": false, "iu_a_span": [158.39, 159.55], "meta": {"topic": "Typhoon", "type": "Conversation", "language": "鄒語, Tsou, TapangU", "speaker": "安寶妹, None, female, None", "collected": "None", "revised": "2014-7-20", "video": "TsouConv-typhoon.mp3"}, "file": "Tsou_TapangU/TsouConv-typhoon", "num": 89}], [90, {"ori": [], "gloss": [["..", "", ""], ["na", "NOM", "主格"], ["nia", "past", "過去"], ["cou", "Cou.people", "鄒人"], ["ne.mio", "at.that.time", "那時候"], ["'a,_", "EVI", "知識詞"]], "free": ["#e Cou people at that time should be highly respected.", "#c 很欽佩當時的鄒人。"], "s_end": true, "iu_a_span": [159.61, 161.22], "meta": {"topic": "Typhoon", "type": "Conversation", "language": "鄒語, Tsou, TapangU", "speaker": "安寶妹, None, female, None", "collected": "None", "revised": "2014-7-20", "video": "TsouConv-typhoon.mp3"}, "s_a_span": [158.39, 161.22], "file": "Tsou_TapangU/TsouConv-typhoon", "num": 90}], [91, {"ori": [], "gloss": [["..", "", ""], ["'a", "EVI", "知識詞"], ["s'a", "PART", "PART"], ["anouc'o", "only", "只有"], ["cou'a'toana", "we.Tsou", "我們鄒人"], ["'a", "EVI", "知識詞"], ["s'a", "PART", "PART"], ["no", "FIL", "FIL"], ["counecovhi", "other.aborigines", "別的地方的原住民"], ["eh,/", "DM", "DM"]], "free": ["#n 'a s'a no 'It should be.' '應該是'", "#n 'a s'a no 'It should be.' '應該是'"], "s_end": false, "iu_a_span": [161.29, 163.43], "meta": {"topic": "Typhoon", "type": "Conversation", "language": "鄒語, Tsou, TapangU", "speaker": "安寶妹, None, female, None", "collected": "None", "revised": "2014-7-20", "video": "TsouConv-typhoon.mp3"}, "file": "Tsou_TapangU/TsouConv-typhoon", "num": 91}], [92, {"ori": [], "gloss": [["...", "", ""], ["[moso", "AUX.AF", "助動詞.主焦"], ["maezo", "also.AF", "也.主焦"], ["botngonʉ].\\", "many.AF", "很多人.主焦"]], "free": ["#e Not only we Tsou, but there were also a lot of aborignes from other places.", "#c 不僅只是我們鄒人，別的地方的原住民應該也有很多。"], "s_end": true, "iu_a_span": [163.75, 164.97], "meta": {"topic": "Typhoon", "type": "Conversation", "language": "鄒語, Tsou, TapangU", "speaker": "安寶妹, None, female, None", "collected": "None", "revised": "2014-7-20", "video": "TsouConv-typhoon.mp3"}, "s_a_span": [161.29, 164.97], "file": "Tsou_TapangU/TsouConv-typhoon", "num": 92}], [93, {"ori": [], "gloss": [["G:", "", ""], ["[acʉcʉhʉ--],\\", "all.AF", "全部.主焦"]], "free": [], "s_end": false, "iu_a_span": [164.63, 164.98], "meta": {"topic": "Typhoon", "type": "Conversation", "language": "鄒語, Tsou, TapangU", "speaker": "安寶妹, None, female, None", "collected": "None", "revised": "2014-7-20", "video": "TsouConv-typhoon.mp3"}, "file": "Tsou_TapangU/TsouConv-typhoon", "num": 93}], [94, {"ori": [], "gloss": [["W:", "", ""], ["[zou].\\", "yes", "是"]], "free": [], "s_end": false, "iu_a_span": [165.01, 165.21], "meta": {"topic": "Typhoon", "type": "Conversation", "language": "鄒語, Tsou, TapangU", "speaker": "安寶妹, None, female, None", "collected": "None", "revised": "2014-7-20", "video": "TsouConv-typhoon.mp3"}, "file": "Tsou_TapangU/TsouConv-typhoon", "num": 94}], [95, {"ori": [], "gloss": [["...", "", ""], ["acʉcʉhʉ", "all.AF", "全部.主焦"], ["'o", "NOM", "主格"], ["moso", "AUX.AF", "助動詞.主焦"], ["afu'u", "at.least.AF", "反正.主焦"], ["cou", "aborignes", "原住民"], ["[ta", "OBL", "斜格"], ["taivang].\\", "PN", "PN"]], "free": ["#e At least all the aborigines in Taiwan.", "#c 反正就是全台灣的原住民。"], "s_end": true, "iu_a_span": [165.48, 167.49], "meta": {"topic": "Typhoon", "type": "Conversation", "language": "鄒語, Tsou, TapangU", "speaker": "安寶妹, None, female, None", "collected": "None", "revised": "2014-7-20", "video": "TsouConv-typhoon.mp3"}, "s_a_span": [164.63, 167.49], "file": "Tsou_TapangU/TsouConv-typhoon", "num": 95}], [96, {"ori": [], "gloss": [["W,S:", "", ""], ["[cou", "people", "人"], ["ta", "OBL", "斜格"], ["taivang].\\", "PN", "PN"]], "free": [], "s_end": false, "iu_a_span": [166.61, 167.42], "meta": {"topic": "Typhoon", "type": "Conversation", "language": "鄒語, Tsou, TapangU", "speaker": "安寶妹, None, female, None", "collected": "None", "revised": "2014-7-20", "video": "TsouConv-typhoon.mp3"}, "file": "Tsou_TapangU/TsouConv-typhoon", "num": 96}], [97, {"ori": [], "gloss": [["...(0.7)", "", ""], ["S:", "", ""], ["acʉhʉ", "all.AF", "全部.主焦"], ["iachi", "self.AF", "自己.主焦"], ["'a", "EVI", "知識詞"], ["te--", "FS", "FS"], ["'ana", "NEG", "否定"], ["s'a", "PART", "PART"], ["aoko", "always", "一直"], ["maica", "like.this", "像這樣"], ["ci", "REL", "關係詞"], ["<L2JseisingL2J>", "like.this", "像這樣"], ["maitan'e", "??", "??"], ["s--,\\", "like.this", "像這樣"]], "free": [], "s_end": false, "iu_a_span": [168.23, 171.45], "meta": {"topic": "Typhoon", "type": "Conversation", "language": "鄒語, Tsou, TapangU", "speaker": "安寶妹, None, female, None", "collected": "None", "revised": "2014-7-20", "video": "TsouConv-typhoon.mp3"}, "file": "Tsou_TapangU/TsouConv-typhoon", "num": 97}], [98, {"ori": [], "gloss": [["...", "", ""], ["sen--", "FS", "FS"], ["<L2JseisicuL2J>.\\", "??", "??"]], "free": ["#e All people themselves don't always 'seisicu'.", "#c 全部自己不用在一直seising... seisicu。"], "s_end": true, "iu_a_span": [171.93, 172.69], "meta": {"topic": "Typhoon", "type": "Conversation", "language": "鄒語, Tsou, TapangU", "speaker": "安寶妹, None, female, None", "collected": "None", "revised": "2014-7-20", "video": "TsouConv-typhoon.mp3"}, "s_a_span": [166.61, 172.69], "file": "Tsou_TapangU/TsouConv-typhoon", "num": 98}], [99, {"ori": [], "gloss": [["...(0.9)", "", ""], ["la-he", "HAB-3PL.GEN", "習慣-3PL.屬格"], ["enca", "say.PF", "說.受焦"], ["te-'o--", "FUT-1SG", "未來-1SG"], ["te--", "FUT", "未來"], ["te-'o", "FUT-1SG", "未來-1SG"], ["te-'o==,\\", "FUT-1SG", "未來-1SG"]], "free": [], "s_end": false, "iu_a_span": [173.64, 175.44], "meta": {"topic": "Typhoon", "type": "Conversation", "language": "鄒語, Tsou, TapangU", "speaker": "安寶妹, None, female, None", "collected": "None", "revised": "2014-7-20", "video": "TsouConv-typhoon.mp3"}, "file": "Tsou_TapangU/TsouConv-typhoon", "num": 99}]], "meta": {"topic": "Typhoon", "type": "Conversation", "language": "鄒語, Tsou, TapangU", "speaker": "安寶妹, None, female, None", "collected": "None", "revised": "2014-7-20", "video": "TsouConv-typhoon.mp3"}}