{"glosses": [[1, {"ori": [], "gloss": [["tiku==", "DM", "DM"], ["su", "ACC", "受格"], ["sunga'", "before", "以前"], ["ga,_", "TOP", "主題"]], "free": ["#n 汶水泰雅不同村之間有b/v, c/s等發音上的差異。清安村發音人較年輕一輩的詞彙已無b和c的音，但較年長的發音人的部分詞彙仍保留b和c的音。此篇語料係依照發音人的發音而給予標記。", "#n 汶水泰雅不同村之間有b/v, c/s等發音上的差異。清安村發音人較年輕一輩的詞彙已無b和c的音，但較年長的發音人的部分詞彙仍保留b和c的音。此篇語料係依照發音人的發音而給予標記。"], "s_end": false, "iu_a_span": [0.99, 3.08], "meta": {"topic": "Daily Life 1", "type": "Narrative", "language": "泰雅語, Atayal, Mayrinax", "speaker": "劉春香, Iwan, female, None", "collected": "2011-04-01", "revised": "2013-1-25", "video": "AtaNr-dailylife1_Iwan.mp3"}, "file": "Atayal_Mayrinax/AtaNr-dailylife1_Iwan", "num": 1}], [2, {"ori": [], "gloss": [["...", "", ""], ["ga,_", "TOP", "主題"]], "free": [], "s_end": false, "iu_a_span": [3.08, 4.1], "meta": {"topic": "Daily Life 1", "type": "Narrative", "language": "泰雅語, Atayal, Mayrinax", "speaker": "劉春香, Iwan, female, None", "collected": "2011-04-01", "revised": "2013-1-25", "video": "AtaNr-dailylife1_Iwan.mp3"}, "file": "Atayal_Mayrinax/AtaNr-dailylife1_Iwan", "num": 2}], [3, {"ori": [], "gloss": [["...", "", ""], ["ka'asi", "be.like.IRR", "如同.非實現"], ["nku", "GEN", "屬格"], ["sami", "1PL.NOM", "1PL.主格"], ["ka", "LNK", "連詞"], ["maki'", "AF.live", "主焦.在"], ["i,_", "LOC", "處格"]], "free": [], "s_end": false, "iu_a_span": [4.1, 6.53], "meta": {"topic": "Daily Life 1", "type": "Narrative", "language": "泰雅語, Atayal, Mayrinax", "speaker": "劉春香, Iwan, female, None", "collected": "2011-04-01", "revised": "2013-1-25", "video": "AtaNr-dailylife1_Iwan.mp3"}, "file": "Atayal_Mayrinax/AtaNr-dailylife1_Iwan", "num": 3}], [4, {"ori": [], "gloss": [["...", "", ""], ["i", "LOC", "處格"], ["imuwag", "house", "家"], ["ka", "LNK", "連詞"], ["ka-kanairin", "RED-female", "重疊-女人"], ["ga,\\", "TOP", "主題"]], "free": [], "s_end": false, "iu_a_span": [6.53, 9.68], "meta": {"topic": "Daily Life 1", "type": "Narrative", "language": "泰雅語, Atayal, Mayrinax", "speaker": "劉春香, Iwan, female, None", "collected": "2011-04-01", "revised": "2013-1-25", "video": "AtaNr-dailylife1_Iwan.mp3"}, "file": "Atayal_Mayrinax/AtaNr-dailylife1_Iwan", "num": 4}], [5, {"ori": [], "gloss": [["...(1.7)", "", ""], ["su", "ACC", "受格"], ["sunga'", "before", "以前"], ["yu,\\", "Part", "語助詞"]], "free": [], "s_end": false, "iu_a_span": [9.68, 12.35], "meta": {"topic": "Daily Life 1", "type": "Narrative", "language": "泰雅語, Atayal, Mayrinax", "speaker": "劉春香, Iwan, female, None", "collected": "2011-04-01", "revised": "2013-1-25", "video": "AtaNr-dailylife1_Iwan.mp3"}, "file": "Atayal_Mayrinax/AtaNr-dailylife1_Iwan", "num": 5}], [6, {"ori": [], "gloss": [["..", "", ""], ["bali", "NEG", "否定"], ["<L2siyencL2>--,\\", "now", "現在"]], "free": [], "s_end": false, "iu_a_span": [12.35, 13.17], "meta": {"topic": "Daily Life 1", "type": "Narrative", "language": "泰雅語, Atayal, Mayrinax", "speaker": "劉春香, Iwan, female, None", "collected": "2011-04-01", "revised": "2013-1-25", "video": "AtaNr-dailylife1_Iwan.mp3"}, "file": "Atayal_Mayrinax/AtaNr-dailylife1_Iwan", "num": 6}], [7, {"ori": [], "gloss": [["..", "", ""], ["bali", "NEG", "否定"], ["sukani", "now", "現在"], ["la.\\", "Part", "語助詞"]], "free": ["#e Before, not like now, women like us used to live in the house.", "#c 以前，不像現在，我們婦女都住家裡。", "#n suku hani 為現在，sukani 是簡略的口語說法。"], "s_end": true, "iu_a_span": [13.17, 14.3], "meta": {"topic": "Daily Life 1", "type": "Narrative", "language": "泰雅語, Atayal, Mayrinax", "speaker": "劉春香, Iwan, female, None", "collected": "2011-04-01", "revised": "2013-1-25", "video": "AtaNr-dailylife1_Iwan.mp3"}, "s_a_span": [0.99, 14.3], "file": "Atayal_Mayrinax/AtaNr-dailylife1_Iwan", "num": 7}], [8, {"ori": [], "gloss": [["...", "", ""], ["ga", "TOP", "主題"], ["usu", "customarily", "通常會"], ["i,_", "LNK", "連詞"]], "free": ["#n 此處usu應為mutux '通常會'，為口誤。", "#n 此處usu應為mutux '通常會'，為口誤。"], "s_end": false, "iu_a_span": [14.3, 15.79], "meta": {"topic": "Daily Life 1", "type": "Narrative", "language": "泰雅語, Atayal, Mayrinax", "speaker": "劉春香, Iwan, female, None", "collected": "2011-04-01", "revised": "2013-1-25", "video": "AtaNr-dailylife1_Iwan.mp3"}, "file": "Atayal_Mayrinax/AtaNr-dailylife1_Iwan", "num": 8}], [9, {"ori": [], "gloss": [["...(0.7)", "", ""], ["i,_", "LNK", "連詞"]], "free": [], "s_end": false, "iu_a_span": [15.79, 17.2], "meta": {"topic": "Daily Life 1", "type": "Narrative", "language": "泰雅語, Atayal, Mayrinax", "speaker": "劉春香, Iwan, female, None", "collected": "2011-04-01", "revised": "2013-1-25", "video": "AtaNr-dailylife1_Iwan.mp3"}, "file": "Atayal_Mayrinax/AtaNr-dailylife1_Iwan", "num": 9}], [10, {"ori": [], "gloss": [["...", "", ""], ["n<um>aga'", "<AF>prepare", "準備"], ["pahapuy.\\", "cook", "作飯"]], "free": [], "s_end": false, "iu_a_span": [17.2, 19.3], "meta": {"topic": "Daily Life 1", "type": "Narrative", "language": "泰雅語, Atayal, Mayrinax", "speaker": "劉春香, Iwan, female, None", "collected": "2011-04-01", "revised": "2013-1-25", "video": "AtaNr-dailylife1_Iwan.mp3"}, "file": "Atayal_Mayrinax/AtaNr-dailylife1_Iwan", "num": 10}], [11, {"ori": [], "gloss": [["...(0.9)", "", ""], ["ru,_", "CONJ", "且"]], "free": [], "s_end": false, "iu_a_span": [19.3, 20.7], "meta": {"topic": "Daily Life 1", "type": "Narrative", "language": "泰雅語, Atayal, Mayrinax", "speaker": "劉春香, Iwan, female, None", "collected": "2011-04-01", "revised": "2013-1-25", "video": "AtaNr-dailylife1_Iwan.mp3"}, "file": "Atayal_Mayrinax/AtaNr-dailylife1_Iwan", "num": 11}], [12, {"ori": [], "gloss": [["...(0.8)", "", ""], ["ma-lahang", "AF-care", "主焦-照顧"], ["su", "ACC", "受格"], ["ulaqi'.\\", "child", "小孩"]], "free": ["#e (We) will cook and take care of the child.", "#c (我們)會作飯並照顧小孩。"], "s_end": true, "iu_a_span": [20.7, 23.42], "meta": {"topic": "Daily Life 1", "type": "Narrative", "language": "泰雅語, Atayal, Mayrinax", "speaker": "劉春香, Iwan, female, None", "collected": "2011-04-01", "revised": "2013-1-25", "video": "AtaNr-dailylife1_Iwan.mp3"}, "s_a_span": [14.3, 23.42], "file": "Atayal_Mayrinax/AtaNr-dailylife1_Iwan", "num": 12}], [13, {"ori": [], "gloss": [["...(0.8)", "", ""], ["ru", "CONJ", "且"], ["m-usa'", "AF-go", "主焦-去"], ["i", "LOC", "處格"], ["ragiyax", "mountain", "山"], ["ku,_", "NOM", "主格"]], "free": [], "s_end": false, "iu_a_span": [23.42, 26.03], "meta": {"topic": "Daily Life 1", "type": "Narrative", "language": "泰雅語, Atayal, Mayrinax", "speaker": "劉春香, Iwan, female, None", "collected": "2011-04-01", "revised": "2013-1-25", "video": "AtaNr-dailylife1_Iwan.mp3"}, "file": "Atayal_Mayrinax/AtaNr-dailylife1_Iwan", "num": 13}], [14, {"ori": [], "gloss": [["..", "", ""], ["ta-tamalung", "RED-mail", "重疊-男人"], ["i", "LNK", "連詞"], ["m-usa’", "AF-go", "主焦-去"], ["i,_", "LOC", "處格"]], "free": [], "s_end": false, "iu_a_span": [26.03, 27.84], "meta": {"topic": "Daily Life 1", "type": "Narrative", "language": "泰雅語, Atayal, Mayrinax", "speaker": "劉春香, Iwan, female, None", "collected": "2011-04-01", "revised": "2013-1-25", "video": "AtaNr-dailylife1_Iwan.mp3"}, "file": "Atayal_Mayrinax/AtaNr-dailylife1_Iwan", "num": 14}], [15, {"ori": [], "gloss": [["...", "", ""], ["s<um>ku'", "<AF>lay.trap", "<主焦>放陷阱"], ["su,_", "ACC", "受格"]], "free": [], "s_end": false, "iu_a_span": [27.84, 29.51], "meta": {"topic": "Daily Life 1", "type": "Narrative", "language": "泰雅語, Atayal, Mayrinax", "speaker": "劉春香, Iwan, female, None", "collected": "2011-04-01", "revised": "2013-1-25", "video": "AtaNr-dailylife1_Iwan.mp3"}, "file": "Atayal_Mayrinax/AtaNr-dailylife1_Iwan", "num": 15}], [16, {"ori": [], "gloss": [["..", "", ""], ["wahi", "rope", "索"], ["naha'", "3PL.NOM", "3PL.主格"], ["ga,_", "TOP", "主題"]], "free": ["#e And men go to the mountains to lay traps with ropes.", "#c 而男人則上山放繩製的陷阱。", "#n tamalung 澤敖利說法，maliku’ 汶水說法"], "s_end": true, "iu_a_span": [29.51, 31.11], "meta": {"topic": "Daily Life 1", "type": "Narrative", "language": "泰雅語, Atayal, Mayrinax", "speaker": "劉春香, Iwan, female, None", "collected": "2011-04-01", "revised": "2013-1-25", "video": "AtaNr-dailylife1_Iwan.mp3"}, "s_a_span": [23.42, 31.11], "file": "Atayal_Mayrinax/AtaNr-dailylife1_Iwan", "num": 16}], [17, {"ori": [], "gloss": [["...", "", ""], ["nanu'", "DM", "DM"], ["u,_", "FIL", "FIL"]], "free": [], "s_end": false, "iu_a_span": [31.11, 32.53], "meta": {"topic": "Daily Life 1", "type": "Narrative", "language": "泰雅語, Atayal, Mayrinax", "speaker": "劉春香, Iwan, female, None", "collected": "2011-04-01", "revised": "2013-1-25", "video": "AtaNr-dailylife1_Iwan.mp3"}, "file": "Atayal_Mayrinax/AtaNr-dailylife1_Iwan", "num": 17}], [18, {"ori": [], "gloss": [["...(1.0)", "", ""], ["q<um>lasay", "<AF>arrange.thread", "<主焦>整經"], ["ru,_", "CONJ", "且"]], "free": [], "s_end": false, "iu_a_span": [32.53, 34.97], "meta": {"topic": "Daily Life 1", "type": "Narrative", "language": "泰雅語, Atayal, Mayrinax", "speaker": "劉春香, Iwan, female, None", "collected": "2011-04-01", "revised": "2013-1-25", "video": "AtaNr-dailylife1_Iwan.mp3"}, "file": "Atayal_Mayrinax/AtaNr-dailylife1_Iwan", "num": 18}], [19, {"ori": [], "gloss": [["..", "", ""], ["manu--,_", "FS", "FS"]], "free": [], "s_end": false, "iu_a_span": [34.97, 35.7], "meta": {"topic": "Daily Life 1", "type": "Narrative", "language": "泰雅語, Atayal, Mayrinax", "speaker": "劉春香, Iwan, female, None", "collected": "2011-04-01", "revised": "2013-1-25", "video": "AtaNr-dailylife1_Iwan.mp3"}, "file": "Atayal_Mayrinax/AtaNr-dailylife1_Iwan", "num": 19}], [20, {"ori": [], "gloss": [["..", "", ""], ["ka,_", "KA", "KA"]], "free": ["#n 19和20兩IU應為同一詞manuka' ‘繞線’。", "#n 19和20兩IU應為同一詞manuka' ‘繞線’。"], "s_end": false, "iu_a_span": [35.7, 36.43], "meta": {"topic": "Daily Life 1", "type": "Narrative", "language": "泰雅語, Atayal, Mayrinax", "speaker": "劉春香, Iwan, female, None", "collected": "2011-04-01", "revised": "2013-1-25", "video": "AtaNr-dailylife1_Iwan.mp3"}, "file": "Atayal_Mayrinax/AtaNr-dailylife1_Iwan", "num": 20}], [21, {"ori": [], "gloss": [["...(0.8)", "", ""], ["t<um>inun.\\", "<AF>weave", "<主焦>編織"]], "free": ["#e (We) arrange and circle the thread and then weave.", "#c (我們)整經、繞線，然後編織。"], "s_end": true, "iu_a_span": [36.43, 38.71], "meta": {"topic": "Daily Life 1", "type": "Narrative", "language": "泰雅語, Atayal, Mayrinax", "speaker": "劉春香, Iwan, female, None", "collected": "2011-04-01", "revised": "2013-1-25", "video": "AtaNr-dailylife1_Iwan.mp3"}, "s_a_span": [31.11, 38.71], "file": "Atayal_Mayrinax/AtaNr-dailylife1_Iwan", "num": 21}], [22, {"ori": [], "gloss": [["...(0.9)", "", ""], ["ru,_", "CONJ", "且"]], "free": [], "s_end": false, "iu_a_span": [38.71, 39.75], "meta": {"topic": "Daily Life 1", "type": "Narrative", "language": "泰雅語, Atayal, Mayrinax", "speaker": "劉春香, Iwan, female, None", "collected": "2011-04-01", "revised": "2013-1-25", "video": "AtaNr-dailylife1_Iwan.mp3"}, "file": "Atayal_Mayrinax/AtaNr-dailylife1_Iwan", "num": 22}], [23, {"ori": [], "gloss": [["...", "", ""], ["i", "LOC", "處格"], ["ukah", "NEG", "否定"], ["ku", "NOM", "主格"], ["buwax", "rice", "米"], ["naha'", "3PL.NOM", "3PL.主格"], ["la", "PART", "語助詞"], ["ga,_", "TOP", "主題"]], "free": ["#n 汶水泰雅口語語料中會有語助詞和其他功能詞(主題標記、連接詞、主格)等連讀的現象（lga, lru, lgi, lku, etc.）。目前將此類例子拆解為兩個單位標記。", "#n 汶水泰雅口語語料中會有語助詞和其他功能詞(主題標記、連接詞、主格)等連讀的現象（lga, lru, lgi, lku, etc.）。目前將此類例子拆解為兩個單位標記。"], "s_end": false, "iu_a_span": [39.75, 42.44], "meta": {"topic": "Daily Life 1", "type": "Narrative", "language": "泰雅語, Atayal, Mayrinax", "speaker": "劉春香, Iwan, female, None", "collected": "2011-04-01", "revised": "2013-1-25", "video": "AtaNr-dailylife1_Iwan.mp3"}, "file": "Atayal_Mayrinax/AtaNr-dailylife1_Iwan", "num": 23}], [24, {"ori": [], "gloss": [["..", "", ""], ["ukah", "NEG", "否定"], ["ku", "NOM", "主格"], ["tal-an", "see-LF", "看-處焦"], ["ru", "CONJ", "且"], ["ukah", "NEG", "否定"], ["ku", "NOM", "主格"], ["buwax", "rice", "米"], ["naha'", "3PL.NOM", "3PL.主格"], ["ga,_", "TOP", "主題"]], "free": [], "s_end": false, "iu_a_span": [42.44, 45.07], "meta": {"topic": "Daily Life 1", "type": "Narrative", "language": "泰雅語, Atayal, Mayrinax", "speaker": "劉春香, Iwan, female, None", "collected": "2011-04-01", "revised": "2013-1-25", "video": "AtaNr-dailylife1_Iwan.mp3"}, "file": "Atayal_Mayrinax/AtaNr-dailylife1_Iwan", "num": 24}], [25, {"ori": [], "gloss": [["...(0.8)", "", ""], ["s<um>xu',_", "<AF>pound", "<主焦>搗米"]], "free": ["#e And when seeing there is no rice, we pound rice .", "#c 如果看到沒有米了，我們就會搗米。", "#n 此處的ukah應為 ukas，可能為發音人使用習慣不同。"], "s_end": true, "iu_a_span": [45.07, 47.16], "meta": {"topic": "Daily Life 1", "type": "Narrative", "language": "泰雅語, Atayal, Mayrinax", "speaker": "劉春香, Iwan, female, None", "collected": "2011-04-01", "revised": "2013-1-25", "video": "AtaNr-dailylife1_Iwan.mp3"}, "s_a_span": [38.71, 47.16], "file": "Atayal_Mayrinax/AtaNr-dailylife1_Iwan", "num": 25}], [26, {"ori": [], "gloss": [["...(0.7)", "", ""], ["ini'", "NEG", "否定"], ["na-iy", "wait-PF", "等-受焦"], ["ku,_", "NOM", "主格"]], "free": [], "s_end": false, "iu_a_span": [47.16, 49.0], "meta": {"topic": "Daily Life 1", "type": "Narrative", "language": "泰雅語, Atayal, Mayrinax", "speaker": "劉春香, Iwan, female, None", "collected": "2011-04-01", "revised": "2013-1-25", "video": "AtaNr-dailylife1_Iwan.mp3"}, "file": "Atayal_Mayrinax/AtaNr-dailylife1_Iwan", "num": 26}], [27, {"ori": [], "gloss": [["..", "", ""], ["tamalung", "male", "男人"], ["gi,_", "CONJ", "因為"]], "free": [], "s_end": false, "iu_a_span": [49.0, 49.96], "meta": {"topic": "Daily Life 1", "type": "Narrative", "language": "泰雅語, Atayal, Mayrinax", "speaker": "劉春香, Iwan, female, None", "collected": "2011-04-01", "revised": "2013-1-25", "video": "AtaNr-dailylife1_Iwan.mp3"}, "file": "Atayal_Mayrinax/AtaNr-dailylife1_Iwan", "num": 27}], [28, {"ori": [], "gloss": [["..", "", ""], ["kiya", "EXIST", "存在"], ["nanak", "self", "自己"], ["ku,_", "NOM", "主格"]], "free": [], "s_end": false, "iu_a_span": [49.96, 51.16], "meta": {"topic": "Daily Life 1", "type": "Narrative", "language": "泰雅語, Atayal, Mayrinax", "speaker": "劉春香, Iwan, female, None", "collected": "2011-04-01", "revised": "2013-1-25", "video": "AtaNr-dailylife1_Iwan.mp3"}, "file": "Atayal_Mayrinax/AtaNr-dailylife1_Iwan", "num": 28}], [29, {"ori": [], "gloss": [["...", "", ""], ["waw", "work", "工作"], ["naha'", "3PL.NOM", "3PL.主格"], ["m-usa'", "AF-go", "主焦.去"], ["i,_", "LOC", "處格"]], "free": [], "s_end": false, "iu_a_span": [51.16, 53.34], "meta": {"topic": "Daily Life 1", "type": "Narrative", "language": "泰雅語, Atayal, Mayrinax", "speaker": "劉春香, Iwan, female, None", "collected": "2011-04-01", "revised": "2013-1-25", "video": "AtaNr-dailylife1_Iwan.mp3"}, "file": "Atayal_Mayrinax/AtaNr-dailylife1_Iwan", "num": 29}], [30, {"ori": [], "gloss": [["...(0.7)", "", ""], ["i,_", "LOC", "處格"]], "free": [], "s_end": false, "iu_a_span": [53.34, 55.08], "meta": {"topic": "Daily Life 1", "type": "Narrative", "language": "泰雅語, Atayal, Mayrinax", "speaker": "劉春香, Iwan, female, None", "collected": "2011-04-01", "revised": "2013-1-25", "video": "AtaNr-dailylife1_Iwan.mp3"}, "file": "Atayal_Mayrinax/AtaNr-dailylife1_Iwan", "num": 30}], [31, {"ori": [], "gloss": [["...(1.3)", "", ""], ["ragiyax.\\", "mountain", "山"]], "free": ["#e We don't wait for men because they have their own work in the mountains.", "#c 不能等男人(來搗米)，因為他們自己在山上有工作。", "#n IU26中的ini na-iy 是口語的省略，完整說法為ini naga'-iy 不能等待。"], "s_end": true, "iu_a_span": [55.08, 57.12], "meta": {"topic": "Daily Life 1", "type": "Narrative", "language": "泰雅語, Atayal, Mayrinax", "speaker": "劉春香, Iwan, female, None", "collected": "2011-04-01", "revised": "2013-1-25", "video": "AtaNr-dailylife1_Iwan.mp3"}, "s_a_span": [47.16, 57.12], "file": "Atayal_Mayrinax/AtaNr-dailylife1_Iwan", "num": 31}], [32, {"ori": [], "gloss": [["...", "", ""], ["m-usa'", "AF-go", "主焦-去"], ["i", "LNK", "連詞"], ["s<um>ku'", "<AF>lay.trap", "<主焦>放陷阱"], ["sku==,_", "ACC", "受格"]], "free": [], "s_end": false, "iu_a_span": [57.12, 59.1], "meta": {"topic": "Daily Life 1", "type": "Narrative", "language": "泰雅語, Atayal, Mayrinax", "speaker": "劉春香, Iwan, female, None", "collected": "2011-04-01", "revised": "2013-1-25", "video": "AtaNr-dailylife1_Iwan.mp3"}, "file": "Atayal_Mayrinax/AtaNr-dailylife1_Iwan", "num": 32}], [33, {"ori": [], "gloss": [["..", "", ""], ["su", "ACC", "處格"], ["wahi", "rope", "索"], ["naha'.\\", "3PL.NOM", "3PL.主格"]], "free": ["#e They go to lay traps made with ropes.", "#c 他們去放索製的陷阱。"], "s_end": true, "iu_a_span": [59.1, 60.33], "meta": {"topic": "Daily Life 1", "type": "Narrative", "language": "泰雅語, Atayal, Mayrinax", "speaker": "劉春香, Iwan, female, None", "collected": "2011-04-01", "revised": "2013-1-25", "video": "AtaNr-dailylife1_Iwan.mp3"}, "s_a_span": [57.12, 60.33], "file": "Atayal_Mayrinax/AtaNr-dailylife1_Iwan", "num": 33}], [34, {"ori": [], "gloss": [["...(0.8)", "", ""], ["ru", "CONJ", "且"], ["nanu'", "what", "什麼"], ["na-un", "wait-PF", "等-受焦"], ["ru==", "CONJ", "且"], ["i,_", "LOC", "處格"]], "free": [], "s_end": false, "iu_a_span": [60.33, 63.33], "meta": {"topic": "Daily Life 1", "type": "Narrative", "language": "泰雅語, Atayal, Mayrinax", "speaker": "劉春香, Iwan, female, None", "collected": "2011-04-01", "revised": "2013-1-25", "video": "AtaNr-dailylife1_Iwan.mp3"}, "file": "Atayal_Mayrinax/AtaNr-dailylife1_Iwan", "num": 34}], [35, {"ori": [], "gloss": [["...(0.7)", "", ""], ["i", "LOC", "處格"], ["m-uwah", "AF-come", "主焦-來"], ["la", "PART", "語助詞"], ["ga,_", "TOP", "主題"]], "free": [], "s_end": false, "iu_a_span": [63.33, 65.19], "meta": {"topic": "Daily Life 1", "type": "Narrative", "language": "泰雅語, Atayal, Mayrinax", "speaker": "劉春香, Iwan, female, None", "collected": "2011-04-01", "revised": "2013-1-25", "video": "AtaNr-dailylife1_Iwan.mp3"}, "file": "Atayal_Mayrinax/AtaNr-dailylife1_Iwan", "num": 35}], [36, {"ori": [], "gloss": [["...", "", ""], ["nanu'", "what", "什麼"], ["na--,\\", "FS", "FS"]], "free": [], "s_end": false, "iu_a_span": [65.19, 66.24], "meta": {"topic": "Daily Life 1", "type": "Narrative", "language": "泰雅語, Atayal, Mayrinax", "speaker": "劉春香, Iwan, female, None", "collected": "2011-04-01", "revised": "2013-1-25", "video": "AtaNr-dailylife1_Iwan.mp3"}, "file": "Atayal_Mayrinax/AtaNr-dailylife1_Iwan", "num": 36}], [37, {"ori": [], "gloss": [["..", "", ""], ["i", "LOC", "處格"], ["naun", "what", "什麼"], ["i,_", "LOC", "處格"]], "free": ["#e And they come back.", "#c 他們回來。"], "s_end": true, "iu_a_span": [66.24, 67.75], "meta": {"topic": "Daily Life 1", "type": "Narrative", "language": "泰雅語, Atayal, Mayrinax", "speaker": "劉春香, Iwan, female, None", "collected": "2011-04-01", "revised": "2013-1-25", "video": "AtaNr-dailylife1_Iwan.mp3"}, "s_a_span": [60.33, 67.75], "file": "Atayal_Mayrinax/AtaNr-dailylife1_Iwan", "num": 37}], [38, {"ori": [], "gloss": [["...", "", ""], ["i,_", "LOC", "處格"]], "free": [], "s_end": false, "iu_a_span": [67.75, 69.87], "meta": {"topic": "Daily Life 1", "type": "Narrative", "language": "泰雅語, Atayal, Mayrinax", "speaker": "劉春香, Iwan, female, None", "collected": "2011-04-01", "revised": "2013-1-25", "video": "AtaNr-dailylife1_Iwan.mp3"}, "file": "Atayal_Mayrinax/AtaNr-dailylife1_Iwan", "num": 38}], [39, {"ori": [], "gloss": [["...(1.5)", "", ""], ["ungi'-an", "forget-LF", "忘記-處焦"], ["la.\\", "Part", "語助詞"]], "free": ["#e (I) forgot.", "#c (我)忘了。", "#n 發音人突然不知道要接什麼，此句與敘述內容並無直接關係。"], "s_end": true, "iu_a_span": [69.87, 72.59], "meta": {"topic": "Daily Life 1", "type": "Narrative", "language": "泰雅語, Atayal, Mayrinax", "speaker": "劉春香, Iwan, female, None", "collected": "2011-04-01", "revised": "2013-1-25", "video": "AtaNr-dailylife1_Iwan.mp3"}, "s_a_span": [67.75, 72.59], "file": "Atayal_Mayrinax/AtaNr-dailylife1_Iwan", "num": 39}], [40, {"ori": [], "gloss": [["..", "", ""], ["@@.\\", "", ""]], "free": [], "s_end": false, "iu_a_span": [72.59, 72.89], "meta": {"topic": "Daily Life 1", "type": "Narrative", "language": "泰雅語, Atayal, Mayrinax", "speaker": "劉春香, Iwan, female, None", "collected": "2011-04-01", "revised": "2013-1-25", "video": "AtaNr-dailylife1_Iwan.mp3"}, "file": "Atayal_Mayrinax/AtaNr-dailylife1_Iwan", "num": 40}], [41, {"ori": [], "gloss": [["...(0.8)", "", ""], ["na--", "FS", "FS"], ["na-un", "prepare-PF", "等-受焦"], ["pahapuy,\\", "cook", "作飯"]], "free": ["#n 此處naun pahapuy原為’等著做飯’，引申為’準備做飯’", "#n 此處naun pahapuy原為’等著做飯’，引申為’準備做飯’"], "s_end": false, "iu_a_span": [72.89, 75.42], "meta": {"topic": "Daily Life 1", "type": "Narrative", "language": "泰雅語, Atayal, Mayrinax", "speaker": "劉春香, Iwan, female, None", "collected": "2011-04-01", "revised": "2013-1-25", "video": "AtaNr-dailylife1_Iwan.mp3"}, "file": "Atayal_Mayrinax/AtaNr-dailylife1_Iwan", "num": 41}], [42, {"ori": [], "gloss": [["...", "", ""], ["ru", "CONJ", "且"], ["si-tahuk", "BF-cook", "惠焦-煮"], ["su", "ACC", "受格"], ["raramat,\\", "dish", "菜"]], "free": ["#e We prepare to cook some dishes (for them).", "#c 我們準備(為他們)作菜。"], "s_end": true, "iu_a_span": [75.42, 78.67], "meta": {"topic": "Daily Life 1", "type": "Narrative", "language": "泰雅語, Atayal, Mayrinax", "speaker": "劉春香, Iwan, female, None", "collected": "2011-04-01", "revised": "2013-1-25", "video": "AtaNr-dailylife1_Iwan.mp3"}, "s_a_span": [72.59, 78.67], "file": "Atayal_Mayrinax/AtaNr-dailylife1_Iwan", "num": 42}], [43, {"ori": [], "gloss": [["..", "", ""], ["ru", "CONJ", "且"], ["tal-an", "see-LF", "看-處焦"], ["ru", "CONJ", "且"], ["payux", "many", "很多"], ["ku,_", "NOM", "主格"]], "free": [], "s_end": false, "iu_a_span": [78.67, 80.92], "meta": {"topic": "Daily Life 1", "type": "Narrative", "language": "泰雅語, Atayal, Mayrinax", "speaker": "劉春香, Iwan, female, None", "collected": "2011-04-01", "revised": "2013-1-25", "video": "AtaNr-dailylife1_Iwan.mp3"}, "file": "Atayal_Mayrinax/AtaNr-dailylife1_Iwan", "num": 43}], [44, {"ori": [], "gloss": [["...", "", ""], ["s<in>bu'", "<Prf.PF>shoot", "<完成.受焦>射"], ["naha'", "3PL.NOM", "3PL.主格"], ["ka,_", "LNK", "連詞"]], "free": [], "s_end": false, "iu_a_span": [80.92, 83.01], "meta": {"topic": "Daily Life 1", "type": "Narrative", "language": "泰雅語, Atayal, Mayrinax", "speaker": "劉春香, Iwan, female, None", "collected": "2011-04-01", "revised": "2013-1-25", "video": "AtaNr-dailylife1_Iwan.mp3"}, "file": "Atayal_Mayrinax/AtaNr-dailylife1_Iwan", "num": 44}], [45, {"ori": [], "gloss": [["..", "", ""], ["para'", "Formosan.Reeve’s.muntjac", "山羌"], ["waywak,_", "boar", "山豬"]], "free": ["#n 此處waywak為澤傲利方言的山豬講法，Matu’uwal為講vawwak。", "#n 此處waywak為澤傲利方言的山豬講法，Matu’uwal為講vawwak。"], "s_end": false, "iu_a_span": [83.01, 84.81], "meta": {"topic": "Daily Life 1", "type": "Narrative", "language": "泰雅語, Atayal, Mayrinax", "speaker": "劉春香, Iwan, female, None", "collected": "2011-04-01", "revised": "2013-1-25", "video": "AtaNr-dailylife1_Iwan.mp3"}, "file": "Atayal_Mayrinax/AtaNr-dailylife1_Iwan", "num": 45}], [46, {"ori": [], "gloss": [["...", "", ""], ["la", "Part", "助"], ["ga,_", "TOP", "主題"]], "free": [], "s_end": false, "iu_a_span": [84.81, 85.74], "meta": {"topic": "Daily Life 1", "type": "Narrative", "language": "泰雅語, Atayal, Mayrinax", "speaker": "劉春香, Iwan, female, None", "collected": "2011-04-01", "revised": "2013-1-25", "video": "AtaNr-dailylife1_Iwan.mp3"}, "file": "Atayal_Mayrinax/AtaNr-dailylife1_Iwan", "num": 46}], [47, {"ori": [], "gloss": [["..", "", ""], ["paqas-un", "happy-PF", "開心-受焦"], ["nku", "GEN", "屬格"], ["kanayril", "femail", "女人"], ["la", "PART", "語助詞"], ["ga,_", "TOP", "主題"]], "free": ["#e Seeing so many animals they shot like muntjac and boar, women are so happy.", "#c 看到他們射回那麼多獵物，有山羌和山豬，婦女們很開心。", "#n waywak 澤敖利的說法，bauwak 汶水的說法"], "s_end": true, "iu_a_span": [85.74, 87.63], "meta": {"topic": "Daily Life 1", "type": "Narrative", "language": "泰雅語, Atayal, Mayrinax", "speaker": "劉春香, Iwan, female, None", "collected": "2011-04-01", "revised": "2013-1-25", "video": "AtaNr-dailylife1_Iwan.mp3"}, "s_a_span": [78.67, 87.63], "file": "Atayal_Mayrinax/AtaNr-dailylife1_Iwan", "num": 47}], [48, {"ori": [], "gloss": [["...", "", ""], ["gi", "because", "因為"], ["su", "ACC", "受格"], ["sunga", "before", "以前"], ["ga", "TOP", "主題"], ["usu", "will", "會"], ["i", "LNK", "連詞"], ["ma-quwaw", "AF-alcohol", "主焦-酒"], ["su", "ACC", "受格"], ["quwaw", "alcohol", "酒"], ["na", "GEN", "屬格"], ["itaan", "Atayal", "泰雅"], ["ru,_", "CONJ", "且"]], "free": [], "s_end": false, "iu_a_span": [87.63, 92.16], "meta": {"topic": "Daily Life 1", "type": "Narrative", "language": "泰雅語, Atayal, Mayrinax", "speaker": "劉春香, Iwan, female, None", "collected": "2011-04-01", "revised": "2013-1-25", "video": "AtaNr-dailylife1_Iwan.mp3"}, "file": "Atayal_Mayrinax/AtaNr-dailylife1_Iwan", "num": 48}], [49, {"ori": [], "gloss": [["...", "", ""], ["si-'agan", "IF-take", "工焦-拿"], ["su", "ACC", "受格"], ["quwaw", "wine", "酒"], ["na", "GEN", "屬格"], ["itaal", "Atayal", "泰雅"], ["ru,_", "CONJ", "且"]], "free": [], "s_end": false, "iu_a_span": [92.16, 95.01], "meta": {"topic": "Daily Life 1", "type": "Narrative", "language": "泰雅語, Atayal, Mayrinax", "speaker": "劉春香, Iwan, female, None", "collected": "2011-04-01", "revised": "2013-1-25", "video": "AtaNr-dailylife1_Iwan.mp3"}, "file": "Atayal_Mayrinax/AtaNr-dailylife1_Iwan", "num": 49}], [50, {"ori": [], "gloss": [["...", "", ""], ["si-bai", "BF-give", "惠焦-給"], ["naha'", "3PL.NOM", "3PL.主格"], ["gi,_", "CONJ", "因為"]], "free": ["#e Because (we) used to brew Atayal wine (rice wine), and we give them wine.", "#c 因為以前會釀糯米酒，我們給他們糯米酒。"], "s_end": true, "iu_a_span": [95.01, 96.75], "meta": {"topic": "Daily Life 1", "type": "Narrative", "language": "泰雅語, Atayal, Mayrinax", "speaker": "劉春香, Iwan, female, None", "collected": "2011-04-01", "revised": "2013-1-25", "video": "AtaNr-dailylife1_Iwan.mp3"}, "s_a_span": [87.63, 96.75], "file": "Atayal_Mayrinax/AtaNr-dailylife1_Iwan", "num": 50}], [51, {"ori": [], "gloss": [["..", "", ""], ["saq--", "FS", "FS"], ["saqaqasan", "Ca-happy-LOC", "Ca重疊-開心-處焦"], ["gi,_", "CONJ", "因為"]], "free": [], "s_end": false, "iu_a_span": [96.75, 98.58], "meta": {"topic": "Daily Life 1", "type": "Narrative", "language": "泰雅語, Atayal, Mayrinax", "speaker": "劉春香, Iwan, female, None", "collected": "2011-04-01", "revised": "2013-1-25", "video": "AtaNr-dailylife1_Iwan.mp3"}, "file": "Atayal_Mayrinax/AtaNr-dailylife1_Iwan", "num": 51}], [52, {"ori": [], "gloss": [["...", "", ""], ["gi", "CONJ", "因為"], ["payux", "many", "很多"], ["ku,_", "NOM", "主格"]], "free": [], "s_end": false, "iu_a_span": [98.58, 100.5], "meta": {"topic": "Daily Life 1", "type": "Narrative", "language": "泰雅語, Atayal, Mayrinax", "speaker": "劉春香, Iwan, female, None", "collected": "2011-04-01", "revised": "2013-1-25", "video": "AtaNr-dailylife1_Iwan.mp3"}, "file": "Atayal_Mayrinax/AtaNr-dailylife1_Iwan", "num": 52}], [53, {"ori": [], "gloss": [["..", "", ""], ["t<in>ruwiq", "<PF>hang", "<受焦>吊"], ["naha'.\\", "3PL.NOM", "3PL.主格"]], "free": ["#e because they are happy for getting so many (hanged) animals.", "#c 因為他們吊到很多獵物，很開心。"], "s_end": true, "iu_a_span": [100.5, 101.71], "meta": {"topic": "Daily Life 1", "type": "Narrative", "language": "泰雅語, Atayal, Mayrinax", "speaker": "劉春香, Iwan, female, None", "collected": "2011-04-01", "revised": "2013-1-25", "video": "AtaNr-dailylife1_Iwan.mp3"}, "s_a_span": [96.75, 101.71], "file": "Atayal_Mayrinax/AtaNr-dailylife1_Iwan", "num": 53}], [54, {"ori": [], "gloss": [["...(0.7)", "", ""], ["ru", "CONJ", "且"], ["nanu'", "DM", "DM"], ["u,_", "FIL", "FIL"]], "free": [], "s_end": false, "iu_a_span": [101.71, 103.7], "meta": {"topic": "Daily Life 1", "type": "Narrative", "language": "泰雅語, Atayal, Mayrinax", "speaker": "劉春香, Iwan, female, None", "collected": "2011-04-01", "revised": "2013-1-25", "video": "AtaNr-dailylife1_Iwan.mp3"}, "file": "Atayal_Mayrinax/AtaNr-dailylife1_Iwan", "num": 54}], [55, {"ori": [], "gloss": [["...", "", ""], ["i,_", "LNK", "連詞"]], "free": [], "s_end": false, "iu_a_span": [103.7, 105.02], "meta": {"topic": "Daily Life 1", "type": "Narrative", "language": "泰雅語, Atayal, Mayrinax", "speaker": "劉春香, Iwan, female, None", "collected": "2011-04-01", "revised": "2013-1-25", "video": "AtaNr-dailylife1_Iwan.mp3"}, "file": "Atayal_Mayrinax/AtaNr-dailylife1_Iwan", "num": 55}], [56, {"ori": [], "gloss": [["...", "", ""], ["taqaru'", "finish", "完成"], ["i", "LNK", "連詞"], ["naha'", "3PL.NOM", "3PL.主格"], ["i,_", "LNK", "連詞"]], "free": [], "s_end": false, "iu_a_span": [105.02, 107.49], "meta": {"topic": "Daily Life 1", "type": "Narrative", "language": "泰雅語, Atayal, Mayrinax", "speaker": "劉春香, Iwan, female, None", "collected": "2011-04-01", "revised": "2013-1-25", "video": "AtaNr-dailylife1_Iwan.mp3"}, "file": "Atayal_Mayrinax/AtaNr-dailylife1_Iwan", "num": 56}], [57, {"ori": [], "gloss": [["...", "", ""], ["paqas-i,_", "happy-PF", "開心-受焦"]], "free": [], "s_end": false, "iu_a_span": [107.49, 108.71], "meta": {"topic": "Daily Life 1", "type": "Narrative", "language": "泰雅語, Atayal, Mayrinax", "speaker": "劉春香, Iwan, female, None", "collected": "2011-04-01", "revised": "2013-1-25", "video": "AtaNr-dailylife1_Iwan.mp3"}, "file": "Atayal_Mayrinax/AtaNr-dailylife1_Iwan", "num": 57}], [58, {"ori": [], "gloss": [["...", "", ""], ["suku-un", "distribute-PF", "分-受焦"], ["la", "PART", "語助詞"], ["ku,_", "NOM", "主格"]], "free": [], "s_end": false, "iu_a_span": [108.71, 110.51], "meta": {"topic": "Daily Life 1", "type": "Narrative", "language": "泰雅語, Atayal, Mayrinax", "speaker": "劉春香, Iwan, female, None", "collected": "2011-04-01", "revised": "2013-1-25", "video": "AtaNr-dailylife1_Iwan.mp3"}, "file": "Atayal_Mayrinax/AtaNr-dailylife1_Iwan", "num": 58}], [59, {"ori": [], "gloss": [["...", "", ""], ["t<in>ruwiq", "<Prf.PF>hang", "<完成.受焦>吊"], ["naha'", "3PL.NOM", "3PL.主格"], ["la", "PART", "語助詞"], ["ga", "TOP", "主題"], ["nanu',_", "what", "什麼"]], "free": ["#e After drinking the wine, they are happy, and they distribute the game they got.", "#c 他們喝完後很開心，並把吊到的獵物分好。"], "s_end": true, "iu_a_span": [110.51, 113.01], "meta": {"topic": "Daily Life 1", "type": "Narrative", "language": "泰雅語, Atayal, Mayrinax", "speaker": "劉春香, Iwan, female, None", "collected": "2011-04-01", "revised": "2013-1-25", "video": "AtaNr-dailylife1_Iwan.mp3"}, "s_a_span": [101.71, 113.01], "file": "Atayal_Mayrinax/AtaNr-dailylife1_Iwan", "num": 59}], [60, {"ori": [], "gloss": [["...(1.0)", "", ""], ["u,_", "FIL", "FIL"]], "free": [], "s_end": false, "iu_a_span": [113.01, 114.67], "meta": {"topic": "Daily Life 1", "type": "Narrative", "language": "泰雅語, Atayal, Mayrinax", "speaker": "劉春香, Iwan, female, None", "collected": "2011-04-01", "revised": "2013-1-25", "video": "AtaNr-dailylife1_Iwan.mp3"}, "file": "Atayal_Mayrinax/AtaNr-dailylife1_Iwan", "num": 60}], [61, {"ori": [], "gloss": [["..", "", ""], ["mana-balaiq", "MANA-good", "MANA-好"], ["mapa-tisan", "AF.REC-talk", "主焦.相互-說話"], ["la", "PART", "語助詞"], ["ru,_", "CONJ", "且"]], "free": ["#n 詞綴mana- 將balaiq 轉化為表mapatisan之manner “好好的聊天”。目前不確定該如何標記。", "#n matisan為聊天的主焦形式，mapatisan為互相聊天，目前將mapa標記為”主焦.相互”。", "#n 詞綴mana- 將balaiq 轉化為表mapatisan之manner “好好的聊天”。目前不確定該如何標記。", "#n matisan為聊天的主焦形式，mapatisan為互相聊天，目前將mapa標記為”主焦.相互”。"], "s_end": false, "iu_a_span": [114.67, 116.86], "meta": {"topic": "Daily Life 1", "type": "Narrative", "language": "泰雅語, Atayal, Mayrinax", "speaker": "劉春香, Iwan, female, None", "collected": "2011-04-01", "revised": "2013-1-25", "video": "AtaNr-dailylife1_Iwan.mp3"}, "file": "Atayal_Mayrinax/AtaNr-dailylife1_Iwan", "num": 61}], [62, {"ori": [], "gloss": [["...", "", ""], ["nanu'", "what", "什麼"], ["ma-nabuwag", "AF-drink", "主焦-喝"], ["su", "ACC", "受格"], ["quwaw,_", "wine", "酒"]], "free": ["#e They chat and drink wine.", "#c 他們聊天、喝酒。"], "s_end": true, "iu_a_span": [116.86, 119.51], "meta": {"topic": "Daily Life 1", "type": "Narrative", "language": "泰雅語, Atayal, Mayrinax", "speaker": "劉春香, Iwan, female, None", "collected": "2011-04-01", "revised": "2013-1-25", "video": "AtaNr-dailylife1_Iwan.mp3"}, "s_a_span": [113.01, 119.51], "file": "Atayal_Mayrinax/AtaNr-dailylife1_Iwan", "num": 62}], [63, {"ori": [], "gloss": [["...", "", ""], ["ru", "CONJ", "且"], ["mahananu',\\", "sometimes", "有時候"]], "free": [], "s_end": false, "iu_a_span": [119.51, 121.48], "meta": {"topic": "Daily Life 1", "type": "Narrative", "language": "泰雅語, Atayal, Mayrinax", "speaker": "劉春香, Iwan, female, None", "collected": "2011-04-01", "revised": "2013-1-25", "video": "AtaNr-dailylife1_Iwan.mp3"}, "file": "Atayal_Mayrinax/AtaNr-dailylife1_Iwan", "num": 63}], [64, {"ori": [], "gloss": [["..", "", ""], ["ga,_", "TOP", "主題"]], "free": [], "s_end": false, "iu_a_span": [121.48, 122.1], "meta": {"topic": "Daily Life 1", "type": "Narrative", "language": "泰雅語, Atayal, Mayrinax", "speaker": "劉春香, Iwan, female, None", "collected": "2011-04-01", "revised": "2013-1-25", "video": "AtaNr-dailylife1_Iwan.mp3"}, "file": "Atayal_Mayrinax/AtaNr-dailylife1_Iwan", "num": 64}], [65, {"ori": [], "gloss": [["..", "", ""], ["saing", "two", "兩"], ["su", "ACC", "受格"], ["i,_", "LNK", "連詞"]], "free": ["#e And sometimes, the two...", "#c 有時候，兩個...", "#n 此句語意不完整，下文並未繼續發展。"], "s_end": true, "iu_a_span": [122.1, 123.67], "meta": {"topic": "Daily Life 1", "type": "Narrative", "language": "泰雅語, Atayal, Mayrinax", "speaker": "劉春香, Iwan, female, None", "collected": "2011-04-01", "revised": "2013-1-25", "video": "AtaNr-dailylife1_Iwan.mp3"}, "s_a_span": [119.51, 123.67], "file": "Atayal_Mayrinax/AtaNr-dailylife1_Iwan", "num": 65}], [66, {"ori": [], "gloss": [["...(1.2)", "", ""], ["taqaru'", "finish", "完成"], ["la", "PART", "語助詞"], ["ga,_", "TOP", "主題"]], "free": [], "s_end": false, "iu_a_span": [123.67, 126.09], "meta": {"topic": "Daily Life 1", "type": "Narrative", "language": "泰雅語, Atayal, Mayrinax", "speaker": "劉春香, Iwan, female, None", "collected": "2011-04-01", "revised": "2013-1-25", "video": "AtaNr-dailylife1_Iwan.mp3"}, "file": "Atayal_Mayrinax/AtaNr-dailylife1_Iwan", "num": 66}], [67, {"ori": [], "gloss": [["...(2.1)", "", ""], ["nanu'", "what", "什麼"], ["u", "FIL", "FIL"], ["mapa-tisan", "AF.REC-talk", "主焦.相互-說話"], ["la", "PART", "語助詞"], ["ru,_", "CONJ", "且"]], "free": ["#e After finishing (distributing the game), they chat with each other.", "#c 完成後，他們互相聊天。"], "s_end": true, "iu_a_span": [126.09, 129.98], "meta": {"topic": "Daily Life 1", "type": "Narrative", "language": "泰雅語, Atayal, Mayrinax", "speaker": "劉春香, Iwan, female, None", "collected": "2011-04-01", "revised": "2013-1-25", "video": "AtaNr-dailylife1_Iwan.mp3"}, "s_a_span": [123.67, 129.98], "file": "Atayal_Mayrinax/AtaNr-dailylife1_Iwan", "num": 67}], [68, {"ori": [], "gloss": [["...(1.1)", "", ""], ["yani", "that", "那樣"], ["la", "PART", "語助詞"], ["nanuwan", "what", "什麼"], ["la", "PART", "語助詞"], ["pi.\\", "Q", "疑問"]], "free": ["#e That is all. What else?", "#c 就那樣了。還有什麼嗎？"], "s_end": true, "iu_a_span": [129.98, 132.42], "meta": {"topic": "Daily Life 1", "type": "Narrative", "language": "泰雅語, Atayal, Mayrinax", "speaker": "劉春香, Iwan, female, None", "collected": "2011-04-01", "revised": "2013-1-25", "video": "AtaNr-dailylife1_Iwan.mp3"}, "s_a_span": [129.98, 132.42], "file": "Atayal_Mayrinax/AtaNr-dailylife1_Iwan", "num": 68}], [69, {"ori": [], "gloss": [["...(1.0)", "", ""], ["ru", "CONJ", "且"], ["t<um>inun", "<AF>weave", "<主焦>織布"], ["i,_", "LOC", "處格"]], "free": [], "s_end": false, "iu_a_span": [132.42, 135.21], "meta": {"topic": "Daily Life 1", "type": "Narrative", "language": "泰雅語, Atayal, Mayrinax", "speaker": "劉春香, Iwan, female, None", "collected": "2011-04-01", "revised": "2013-1-25", "video": "AtaNr-dailylife1_Iwan.mp3"}, "file": "Atayal_Mayrinax/AtaNr-dailylife1_Iwan", "num": 69}], [70, {"ori": [], "gloss": [["...", "", ""], ["mahananu'", "sometimes", "有時候"], ["ga,_", "TOP", "主題"]], "free": ["#e Weaving and sometimes...", "#c 織布以及有時候..."], "s_end": true, "iu_a_span": [135.21, 136.83], "meta": {"topic": "Daily Life 1", "type": "Narrative", "language": "泰雅語, Atayal, Mayrinax", "speaker": "劉春香, Iwan, female, None", "collected": "2011-04-01", "revised": "2013-1-25", "video": "AtaNr-dailylife1_Iwan.mp3"}, "s_a_span": [132.42, 136.83], "file": "Atayal_Mayrinax/AtaNr-dailylife1_Iwan", "num": 70}], [71, {"ori": [], "gloss": [["...(2.2)", "", ""], ["kina-an=mu", "say-LF=1SG.GEN", "說-處焦=1SG.屬格"], ["sawni", "then", "剛才"], ["la", "PART", "語助詞"], ["m-usa'", "AF-go", "主焦.去"], ["ragiyax", "mountain", "山"], ["naha'", "3PL.NOM", "3PL.主格"], ["c<um>bu'", "<AF>shoot", "<主焦>射"], ["cu,_", "ACC", "受格"]], "free": [], "s_end": false, "iu_a_span": [136.83, 142.19], "meta": {"topic": "Daily Life 1", "type": "Narrative", "language": "泰雅語, Atayal, Mayrinax", "speaker": "劉春香, Iwan, female, None", "collected": "2011-04-01", "revised": "2013-1-25", "video": "AtaNr-dailylife1_Iwan.mp3"}, "file": "Atayal_Mayrinax/AtaNr-dailylife1_Iwan", "num": 71}], [72, {"ori": [], "gloss": [["...", "", ""], ["cu,_", "ACC", "受格"]], "free": [], "s_end": false, "iu_a_span": [142.19, 144.0], "meta": {"topic": "Daily Life 1", "type": "Narrative", "language": "泰雅語, Atayal, Mayrinax", "speaker": "劉春香, Iwan, female, None", "collected": "2011-04-01", "revised": "2013-1-25", "video": "AtaNr-dailylife1_Iwan.mp3"}, "file": "Atayal_Mayrinax/AtaNr-dailylife1_Iwan", "num": 72}], [73, {"ori": [], "gloss": [["...", "", ""], ["qasinu", "game", "獵物"], ["ga", "TOP", "主題"], ["nanu'", "what", "什麼"], ["t<um>inun", "<AF>weave", "<主焦>編織"], ["sami", "1PL.NOM", "1PL.主格"], ["tu--,_", "FS", "FS"]], "free": [], "s_end": false, "iu_a_span": [144.0, 146.99], "meta": {"topic": "Daily Life 1", "type": "Narrative", "language": "泰雅語, Atayal, Mayrinax", "speaker": "劉春香, Iwan, female, None", "collected": "2011-04-01", "revised": "2013-1-25", "video": "AtaNr-dailylife1_Iwan.mp3"}, "file": "Atayal_Mayrinax/AtaNr-dailylife1_Iwan", "num": 73}], [74, {"ori": [], "gloss": [["..", "", ""], ["t<um>inun", "<AF>weave", "<主焦>編織"], ["ru,_", "CONJ", "且"]], "free": [], "s_end": false, "iu_a_span": [146.99, 148.12], "meta": {"topic": "Daily Life 1", "type": "Narrative", "language": "泰雅語, Atayal, Mayrinax", "speaker": "劉春香, Iwan, female, None", "collected": "2011-04-01", "revised": "2013-1-25", "video": "AtaNr-dailylife1_Iwan.mp3"}, "file": "Atayal_Mayrinax/AtaNr-dailylife1_Iwan", "num": 74}], [75, {"ori": [], "gloss": [["...", "", ""], ["q<um>lasai,\\", "<AF>arrange.thread", "<主焦>整經"]], "free": [], "s_end": false, "iu_a_span": [148.12, 149.82], "meta": {"topic": "Daily Life 1", "type": "Narrative", "language": "泰雅語, Atayal, Mayrinax", "speaker": "劉春香, Iwan, female, None", "collected": "2011-04-01", "revised": "2013-1-25", "video": "AtaNr-dailylife1_Iwan.mp3"}, "file": "Atayal_Mayrinax/AtaNr-dailylife1_Iwan", "num": 75}], [76, {"ori": [], "gloss": [["...(1.9)", "", ""], ["ru", "CONJ", "且"], ["muwah", "AF.come", "主焦.來"], ["la", "PART", "語助詞"], ["ga", "TOP", "主題"], ["si-pahapuy.\\", "BF-cook", "惠焦-作飯"]], "free": ["#e I just talked about their going to the mountains to shoot animals, and we weave and arrange threads; when men come back, we cook for them.", "#c 我剛剛說的他們去山上打獵，然後我們織布、整經，等他們回來我們就做飯。"], "s_end": true, "iu_a_span": [149.82, 154.0], "meta": {"topic": "Daily Life 1", "type": "Narrative", "language": "泰雅語, Atayal, Mayrinax", "speaker": "劉春香, Iwan, female, None", "collected": "2011-04-01", "revised": "2013-1-25", "video": "AtaNr-dailylife1_Iwan.mp3"}, "s_a_span": [136.83, 154.0], "file": "Atayal_Mayrinax/AtaNr-dailylife1_Iwan", "num": 76}], [77, {"ori": [], "gloss": [["...(1.2)", "", ""], ["cu,_", "ACC", "受格"]], "free": [], "s_end": false, "iu_a_span": [154.0, 155.44], "meta": {"topic": "Daily Life 1", "type": "Narrative", "language": "泰雅語, Atayal, Mayrinax", "speaker": "劉春香, Iwan, female, None", "collected": "2011-04-01", "revised": "2013-1-25", "video": "AtaNr-dailylife1_Iwan.mp3"}, "file": "Atayal_Mayrinax/AtaNr-dailylife1_Iwan", "num": 77}], [78, {"ori": [], "gloss": [["...", "", ""], ["yani", "that", "那樣"], ["la.\\", "Part", "語助詞"]], "free": [], "s_end": false, "iu_a_span": [155.44, 156.82], "meta": {"topic": "Daily Life 1", "type": "Narrative", "language": "泰雅語, Atayal, Mayrinax", "speaker": "劉春香, Iwan, female, None", "collected": "2011-04-01", "revised": "2013-1-25", "video": "AtaNr-dailylife1_Iwan.mp3"}, "file": "Atayal_Mayrinax/AtaNr-dailylife1_Iwan", "num": 78}], [79, {"ori": [], "gloss": [["...", "", ""], ["nanuwan", "what", "什麼"], ["la", "PART", "語助詞"], ["pi.\\", "QUES", "疑問"]], "free": ["#e That is all. What else?", "#c 就那樣了。還有什麼嗎？"], "s_end": true, "iu_a_span": [156.82, 158.0], "meta": {"topic": "Daily Life 1", "type": "Narrative", "language": "泰雅語, Atayal, Mayrinax", "speaker": "劉春香, Iwan, female, None", "collected": "2011-04-01", "revised": "2013-1-25", "video": "AtaNr-dailylife1_Iwan.mp3"}, "s_a_span": [154.0, 158.0], "file": "Atayal_Mayrinax/AtaNr-dailylife1_Iwan", "num": 79}]], "meta": {"topic": "Daily Life 1", "type": "Narrative", "language": "泰雅語, Atayal, Mayrinax", "speaker": "劉春香, Iwan, female, None", "collected": "2011-04-01", "revised": "2013-1-25", "video": "AtaNr-dailylife1_Iwan.mp3"}}