{"glosses": [[1, {"ori": [], "gloss": [["...", "", ""], ["panqu'an-ay=mu", "describe-LF=1SG.GEN", "敘述-處焦=1SG.屬格"], ["tikay", "some", "一些"], ["ku", "NOM", "主格"], ["gaga'", "custom", "習俗"], ["nku", "GEN", "屬格"], ["ita'", "1PL.NEU", "1PL.中性格"], ["ka", "LNK", "連詞"], ["itaal", "PN", "專名"], ["i", "LNK", "連詞"], ["m-usa'", "AF-go", "主焦去"], ["i,_", "LNK", "連詞"]], "free": [], "s_end": false, "iu_a_span": [1.87, 6.8], "meta": {"topic": "Proposal", "type": "Narrative", "language": "泰雅語, Atayal, Mayrinax", "speaker": "劉建和, Takun, male, 1946-07-01", "collected": "2011-04-01", "revised": "2013-1-18", "video": "AtaNr-proposal_Takun.mp3"}, "file": "Atayal_Mayrinax/AtaNr-proposal_Takun", "num": 1}], [2, {"ori": [], "gloss": [["...(1.5)", "", ""], ["t<um>ayi'", "<AF>propose", "<主焦>提親"], ["ma-na-'aring", "AF-NA-start", "主焦-NA-開始"], ["ga,\\", "TOP", "主題"]], "free": [], "s_end": false, "iu_a_span": [6.8, 10.48], "meta": {"topic": "Proposal", "type": "Narrative", "language": "泰雅語, Atayal, Mayrinax", "speaker": "劉建和, Takun, male, 1946-07-01", "collected": "2011-04-01", "revised": "2013-1-18", "video": "AtaNr-proposal_Takun.mp3"}, "file": "Atayal_Mayrinax/AtaNr-proposal_Takun", "num": 2}], [3, {"ori": [], "gloss": [["...(0.8)", "", ""], ["magalpu,_", "ten", "十歲"]], "free": [], "s_end": false, "iu_a_span": [10.48, 12.35], "meta": {"topic": "Proposal", "type": "Narrative", "language": "泰雅語, Atayal, Mayrinax", "speaker": "劉建和, Takun, male, 1946-07-01", "collected": "2011-04-01", "revised": "2013-1-18", "video": "AtaNr-proposal_Takun.mp3"}, "file": "Atayal_Mayrinax/AtaNr-proposal_Takun", "num": 3}], [4, {"ori": [], "gloss": [["..", "", ""], ["su", "ACC", "受格"], ["kaal", "year", "年"], ["ku", "NOM", "主格"], ["ulaqi'", "child", "小孩"], ["la", "PART", "語助詞"], ["ga,\\", "TOP", "主題"]], "free": ["#n 汶水泰雅口語語料中會有語助詞和其他功能詞(主題標記、連接詞、主格)等連讀的現象（lga, lru, lgi, lku, etc.）。目前將此類例子拆解為兩個單位標記。", "#n 汶水泰雅不同村之間有b/v, c/s等發音上的差異。清安村發音人較年輕一輩的詞彙已無b和c的音，但較年長的發音人的部分詞彙仍保留b和c的音。此篇語料係依照發音人的發音而給予標記。", "#n 汶水泰雅口語語料中會有語助詞和其他功能詞(主題標記、連接詞、主格)等連讀的現象（lga, lru, lgi, lku, etc.）。目前將此類例子拆解為兩個單位標記。", "#n 汶水泰雅不同村之間有b/v, c/s等發音上的差異。清安村發音人較年輕一輩的詞彙已無b和c的音，但較年長的發音人的部分詞彙仍保留b和c的音。此篇語料係依照發音人的發音而給予標記。"], "s_end": false, "iu_a_span": [12.35, 14.42], "meta": {"topic": "Proposal", "type": "Narrative", "language": "泰雅語, Atayal, Mayrinax", "speaker": "劉建和, Takun, male, 1946-07-01", "collected": "2011-04-01", "revised": "2013-1-18", "video": "AtaNr-proposal_Takun.mp3"}, "file": "Atayal_Mayrinax/AtaNr-proposal_Takun", "num": 4}], [5, {"ori": [], "gloss": [["...(2.1)", "", ""], ["ga,\\", "TOP", "主題"]], "free": ["#e I'll describe some of the Atayal customs about making proposals for marriage, which usually starts when a child gets to ten years old.", "#c 我來敘述一些關於我們泰雅人去娶親的習俗，是等小孩到了十歲大就要開始準備的。"], "s_end": true, "iu_a_span": [14.42, 16.99], "meta": {"topic": "Proposal", "type": "Narrative", "language": "泰雅語, Atayal, Mayrinax", "speaker": "劉建和, Takun, male, 1946-07-01", "collected": "2011-04-01", "revised": "2013-1-18", "video": "AtaNr-proposal_Takun.mp3"}, "s_a_span": [1.87, 16.99], "file": "Atayal_Mayrinax/AtaNr-proposal_Takun", "num": 5}], [6, {"ori": [], "gloss": [["...(1.0)", "", ""], ["tuliq", "get.up", "起身"], ["ku", "NOM", "主格"], ["yava'", "father", "爸爸"], ["ru,\\", "CONJ", "連接詞"]], "free": [], "s_end": false, "iu_a_span": [16.99, 19.79], "meta": {"topic": "Proposal", "type": "Narrative", "language": "泰雅語, Atayal, Mayrinax", "speaker": "劉建和, Takun, male, 1946-07-01", "collected": "2011-04-01", "revised": "2013-1-18", "video": "AtaNr-proposal_Takun.mp3"}, "file": "Atayal_Mayrinax/AtaNr-proposal_Takun", "num": 6}], [7, {"ori": [], "gloss": [["...(0.8)", "", ""], ["nku", "GEN", "屬格"], ["kanayril", "woman", "女人"], ["yaya'", "mother", "媽媽"], ["nku", "GEN", "屬格"], ["kanayril,\\", "woman", "女人"]], "free": [], "s_end": false, "iu_a_span": [19.79, 23.14], "meta": {"topic": "Proposal", "type": "Narrative", "language": "泰雅語, Atayal, Mayrinax", "speaker": "劉建和, Takun, male, 1946-07-01", "collected": "2011-04-01", "revised": "2013-1-18", "video": "AtaNr-proposal_Takun.mp3"}, "file": "Atayal_Mayrinax/AtaNr-proposal_Takun", "num": 7}], [8, {"ori": [], "gloss": [["...(1.4)", "", ""], ["tam--", "FS", "FS"]], "free": [], "s_end": false, "iu_a_span": [23.14, 24.74], "meta": {"topic": "Proposal", "type": "Narrative", "language": "泰雅語, Atayal, Mayrinax", "speaker": "劉建和, Takun, male, 1946-07-01", "collected": "2011-04-01", "revised": "2013-1-18", "video": "AtaNr-proposal_Takun.mp3"}, "file": "Atayal_Mayrinax/AtaNr-proposal_Takun", "num": 8}], [9, {"ori": [], "gloss": [["..", "", ""], ["yava'", "father", "爸爸"], ["nku", "GEN", "屬格"], ["tamalung,_", "man", "男人"]], "free": [], "s_end": false, "iu_a_span": [24.74, 26.59], "meta": {"topic": "Proposal", "type": "Narrative", "language": "泰雅語, Atayal, Mayrinax", "speaker": "劉建和, Takun, male, 1946-07-01", "collected": "2011-04-01", "revised": "2013-1-18", "video": "AtaNr-proposal_Takun.mp3"}, "file": "Atayal_Mayrinax/AtaNr-proposal_Takun", "num": 9}], [10, {"ori": [], "gloss": [["...(1.1)", "", ""], ["yaya", "mother", "媽媽"], ["nku", "GEN", "屬格"], ["ulaqi'", "child", "小孩"], ["na", "GEN", "屬格"], ["tamalung,\\", "man", "男人"]], "free": [], "s_end": false, "iu_a_span": [26.59, 30.2], "meta": {"topic": "Proposal", "type": "Narrative", "language": "泰雅語, Atayal, Mayrinax", "speaker": "劉建和, Takun, male, 1946-07-01", "collected": "2011-04-01", "revised": "2013-1-18", "video": "AtaNr-proposal_Takun.mp3"}, "file": "Atayal_Mayrinax/AtaNr-proposal_Takun", "num": 10}], [11, {"ori": [], "gloss": [["...(1.4)", "", ""], ["mapatisal", "REC.AF.talk", "互相.主格-說話"], ["la", "PART", "語助詞"], ["ru==,_", "CONJ", "連接詞"]], "free": ["#e The boy's parents and the girl's parents would set out to talk to each other.", "#c 男孩的父母和女孩的父母會互相聊天。"], "s_end": true, "iu_a_span": [30.2, 33.96], "meta": {"topic": "Proposal", "type": "Narrative", "language": "泰雅語, Atayal, Mayrinax", "speaker": "劉建和, Takun, male, 1946-07-01", "collected": "2011-04-01", "revised": "2013-1-18", "video": "AtaNr-proposal_Takun.mp3"}, "s_a_span": [16.99, 33.96], "file": "Atayal_Mayrinax/AtaNr-proposal_Takun", "num": 11}], [12, {"ori": [], "gloss": [["...(1.9)", "", ""], ["il--", "FS", "FS"], ["kia", "EXIST", "存在"], ["ku", "NOM", "主格"], ["ulaqi'=mu", "child=1SG.GEN", "小孩=1SG.屬格"], ["na", "GEN", "屬格"], ["kanayril", "woman", "女人"], ["maha", "say", "說"], ["ku,_", "NOM", "主格"]], "free": [], "s_end": false, "iu_a_span": [33.96, 39.05], "meta": {"topic": "Proposal", "type": "Narrative", "language": "泰雅語, Atayal, Mayrinax", "speaker": "劉建和, Takun, male, 1946-07-01", "collected": "2011-04-01", "revised": "2013-1-18", "video": "AtaNr-proposal_Takun.mp3"}, "file": "Atayal_Mayrinax/AtaNr-proposal_Takun", "num": 12}], [13, {"ori": [], "gloss": [["..", "", ""], ["kinsaxa'-an", "side-LF", "一方-處焦"], ["kia", "EXIST", "存在"], ["ku", "NOM", "主格"], ["ulaqi'=mu", "child=1SG.GEN", "小孩=1SG.屬格"], ["na", "GEN", "屬格"], ["mak--,_", "FS", "FS"]], "free": [], "s_end": false, "iu_a_span": [39.05, 41.72], "meta": {"topic": "Proposal", "type": "Narrative", "language": "泰雅語, Atayal, Mayrinax", "speaker": "劉建和, Takun, male, 1946-07-01", "collected": "2011-04-01", "revised": "2013-1-18", "video": "AtaNr-proposal_Takun.mp3"}, "file": "Atayal_Mayrinax/AtaNr-proposal_Takun", "num": 13}], [14, {"ori": [], "gloss": [["..", "", ""], ["maliku", "man", "男人"], ["maha", "say", "說"], ["ini'=nha'", "NEG=3PL.GEN", "否定"], ["tal-i", "see-LF", "3PL.GEN"], ["su,_", "ACC", "看-處焦"]], "free": ["#n maliku 和 tamalung 為苗栗地區Mayrinax兩方言對\"男人\"的不同說法。前者為Matu'uwal的用法，後者為Matu'au(即清安村所稱的澤傲利方言)的用法。", "#n maliku 和 tamalung 為苗栗地區Mayrinax兩方言對\"男人\"的不同說法。前者為Matu'uwal的用法，後者為Matu'au(即清安村所稱的澤傲利方言)的用法。"], "s_end": false, "iu_a_span": [41.72, 43.93], "meta": {"topic": "Proposal", "type": "Narrative", "language": "泰雅語, Atayal, Mayrinax", "speaker": "劉建和, Takun, male, 1946-07-01", "collected": "2011-04-01", "revised": "2013-1-18", "video": "AtaNr-proposal_Takun.mp3"}, "file": "Atayal_Mayrinax/AtaNr-proposal_Takun", "num": 14}], [15, {"ori": [], "gloss": [["...(1.1)", "", ""], ["su,_", "ACC", "受格"]], "free": [], "s_end": false, "iu_a_span": [43.93, 45.22], "meta": {"topic": "Proposal", "type": "Narrative", "language": "泰雅語, Atayal, Mayrinax", "speaker": "劉建和, Takun, male, 1946-07-01", "collected": "2011-04-01", "revised": "2013-1-18", "video": "AtaNr-proposal_Takun.mp3"}, "file": "Atayal_Mayrinax/AtaNr-proposal_Takun", "num": 15}], [16, {"ori": [], "gloss": [["...", "", ""], ["piya'", "how.many", "多少"], ["su", "ACC", "受格"], ["kaal", "year", "年"], ["uwi.\\", "too", "也"]], "free": [], "s_end": false, "iu_a_span": [45.22, 47.11], "meta": {"topic": "Proposal", "type": "Narrative", "language": "泰雅語, Atayal, Mayrinax", "speaker": "劉建和, Takun, male, 1946-07-01", "collected": "2011-04-01", "revised": "2013-1-18", "video": "AtaNr-proposal_Takun.mp3"}, "file": "Atayal_Mayrinax/AtaNr-proposal_Takun", "num": 16}], [17, {"ori": [], "gloss": [["..", "", ""], ["<L2MhuancenL2M>,_", "anyway", "反正"]], "free": [], "s_end": false, "iu_a_span": [47.11, 48.0], "meta": {"topic": "Proposal", "type": "Narrative", "language": "泰雅語, Atayal, Mayrinax", "speaker": "劉建和, Takun, male, 1946-07-01", "collected": "2011-04-01", "revised": "2013-1-18", "video": "AtaNr-proposal_Takun.mp3"}, "file": "Atayal_Mayrinax/AtaNr-proposal_Takun", "num": 17}], [18, {"ori": [], "gloss": [["...(0.9)", "", ""], ["i", "LNK", "連詞"], ["m-aska'", "AF-resemble", "主焦-相像"], ["la", "PART", "語助詞"], ["ga,_", "TOP", "主題"]], "free": ["#n maska'原指\"相像\"之意，此處可解釋為\"歲數接近\"。", "#n maska'原指\"相像\"之意，此處可解釋為\"歲數接近\"。"], "s_end": false, "iu_a_span": [48.0, 50.29], "meta": {"topic": "Proposal", "type": "Narrative", "language": "泰雅語, Atayal, Mayrinax", "speaker": "劉建和, Takun, male, 1946-07-01", "collected": "2011-04-01", "revised": "2013-1-18", "video": "AtaNr-proposal_Takun.mp3"}, "file": "Atayal_Mayrinax/AtaNr-proposal_Takun", "num": 18}], [19, {"ori": [], "gloss": [["...(0.9)", "", ""], ["i", "LNK", "連詞"], ["suqun-aw=ta'", "unite-PF=1PL.GEN", "結合-受焦=1PL.屬格"], ["la", "PART", "語助詞"], ["ku", "NOM", "主格"], ["maha", "say", "說"], ["ma-kaal", "AF-talk", "主焦-講話"], ["ru,\\", "CONJ", "連接詞"]], "free": ["#e (The family of one side) says we have a girl, and the (family of the) other side says we have a boy. Without considering their age, as long as there is no big difference, they can get married.", "#c (一方)說我們有一個女孩，一方說我們有一個男孩，也不看他們的年齡，只要差不多，就可以結婚。"], "s_end": true, "iu_a_span": [50.29, 53.77], "meta": {"topic": "Proposal", "type": "Narrative", "language": "泰雅語, Atayal, Mayrinax", "speaker": "劉建和, Takun, male, 1946-07-01", "collected": "2011-04-01", "revised": "2013-1-18", "video": "AtaNr-proposal_Takun.mp3"}, "s_a_span": [33.96, 53.77], "file": "Atayal_Mayrinax/AtaNr-proposal_Takun", "num": 19}], [20, {"ori": [], "gloss": [["...(1.2)", "", ""], ["vali=nha'", "NEG=3PL.GEN", "否定=3PL.屬格"], ["si-kaal", "BF-talk", "惠焦-說"], ["sku", "ACC", "受格"], ["ulaqi'", "child", "小孩"], ["ku,_", "NOM", "主格"]], "free": [], "s_end": false, "iu_a_span": [53.77, 57.31], "meta": {"topic": "Proposal", "type": "Narrative", "language": "泰雅語, Atayal, Mayrinax", "speaker": "劉建和, Takun, male, 1946-07-01", "collected": "2011-04-01", "revised": "2013-1-18", "video": "AtaNr-proposal_Takun.mp3"}, "file": "Atayal_Mayrinax/AtaNr-proposal_Takun", "num": 20}], [21, {"ori": [], "gloss": [["...(1.2)", "", ""], ["ku", "NOM", "主格"], ["t<um>ayi'", "<AF>propose", "<主焦>提親"], ["han.\\", "PART", "語助詞"]], "free": [], "s_end": false, "iu_a_span": [57.31, 59.55], "meta": {"topic": "Proposal", "type": "Narrative", "language": "泰雅語, Atayal, Mayrinax", "speaker": "劉建和, Takun, male, 1946-07-01", "collected": "2011-04-01", "revised": "2013-1-18", "video": "AtaNr-proposal_Takun.mp3"}, "file": "Atayal_Mayrinax/AtaNr-proposal_Takun", "num": 21}], [22, {"ori": [], "gloss": [["...(1.6)", "", ""], ["nanu'", "DM", "DM"], ["yaku", "NOM", "主格"], ["navakis", "old.man", "老人家"], ["ku", "NOM", "主格"], ["s<um>pung", "<AF>measure", "<主焦>衡量"], ["ru,_", "CONJ", "連接詞"]], "free": ["#n spung 原意為\"衡量\"，此處延伸作\"決定\"之意。", "#n spung 原意為\"衡量\"，此處延伸作\"決定\"之意。"], "s_end": false, "iu_a_span": [59.55, 63.5], "meta": {"topic": "Proposal", "type": "Narrative", "language": "泰雅語, Atayal, Mayrinax", "speaker": "劉建和, Takun, male, 1946-07-01", "collected": "2011-04-01", "revised": "2013-1-18", "video": "AtaNr-proposal_Takun.mp3"}, "file": "Atayal_Mayrinax/AtaNr-proposal_Takun", "num": 22}], [23, {"ori": [], "gloss": [["...(1.6)", "", ""], ["tuliq,\\", "get.up", "起身"]], "free": [], "s_end": false, "iu_a_span": [63.5, 65.62], "meta": {"topic": "Proposal", "type": "Narrative", "language": "泰雅語, Atayal, Mayrinax", "speaker": "劉建和, Takun, male, 1946-07-01", "collected": "2011-04-01", "revised": "2013-1-18", "video": "AtaNr-proposal_Takun.mp3"}, "file": "Atayal_Mayrinax/AtaNr-proposal_Takun", "num": 23}], [24, {"ori": [], "gloss": [["...(0.7)", "", ""], ["m-usa'", "AF-go", "主焦.去"], ["vay", "really", "真的"], ["i", "LNK", "連詞"], ["s<um>atu'", "<AF>send", "<主焦>送"], ["su", "ACC", "受格"], ["kavahniq.\\", "bird", "小鳥"]], "free": ["#e They won't tell the child about the marriage, and it is the elders who decide and set out to propose.", "#c 他們不會告訴小孩婚嫁的事，是由老人家決定並開始去提親。", "#n sumatu su kabahniq 原指送出小鳥，此處引申為男方帶禮物去女方家裡提親"], "s_end": true, "iu_a_span": [65.62, 68.88], "meta": {"topic": "Proposal", "type": "Narrative", "language": "泰雅語, Atayal, Mayrinax", "speaker": "劉建和, Takun, male, 1946-07-01", "collected": "2011-04-01", "revised": "2013-1-18", "video": "AtaNr-proposal_Takun.mp3"}, "s_a_span": [53.77, 68.88], "file": "Atayal_Mayrinax/AtaNr-proposal_Takun", "num": 24}], [25, {"ori": [], "gloss": [["...(1.7)", "", ""], ["ku==", "NOM", "主格"], ["ulaqi'", "child", "小孩"], ["na", "GEN", "屬格"], ["tama--", "FS--", "FS"], ["yava'", "father", "爸爸"], ["nku", "GEN", "屬格"], ["ulaqi'", "child", "小孩"], ["na", "GEN", "屬格"], ["tamalung", "man", "男人"], ["ini'", "NEG", "否定"], ["ras-i", "bring-PF", "帶-受焦"], ["ku", "NOM", "主格"], ["ulaqi'", "child", "小孩"], ["mi.\\", "PART", "語助詞"]], "free": ["#e The boy's father does not take the boy (when going to propose).", "#c 男孩的父親(去提親時)不會帶著男孩。"], "s_end": true, "iu_a_span": [68.88, 75.67], "meta": {"topic": "Proposal", "type": "Narrative", "language": "泰雅語, Atayal, Mayrinax", "speaker": "劉建和, Takun, male, 1946-07-01", "collected": "2011-04-01", "revised": "2013-1-18", "video": "AtaNr-proposal_Takun.mp3"}, "s_a_span": [68.88, 75.67], "file": "Atayal_Mayrinax/AtaNr-proposal_Takun", "num": 25}], [26, {"ori": [], "gloss": [["...(1.8)", "", ""], ["m-usa'", "AF-go", "主焦.去"], ["ru==", "CONJ", "連接詞"], ["m-aki", "AF-stay", "主焦-在"], ["raniq", "road", "路"], ["ru,\\", "and", "且"]], "free": [], "s_end": false, "iu_a_span": [75.67, 79.81], "meta": {"topic": "Proposal", "type": "Narrative", "language": "泰雅語, Atayal, Mayrinax", "speaker": "劉建和, Takun, male, 1946-07-01", "collected": "2011-04-01", "revised": "2013-1-18", "video": "AtaNr-proposal_Takun.mp3"}, "file": "Atayal_Mayrinax/AtaNr-proposal_Takun", "num": 26}], [27, {"ori": [], "gloss": [["...(1.4)", "", ""], ["siri==q", "bird.cry", "鳥叫"], ["maha", "AF.say", "主焦.說"], ["aruwa", "go", "去"], ["i", "LOC", "處格"], ["k<um>alax", "<AF>cut.downward", "主焦.下切"], ["ku", "NOM", "主格"], ["sisiliq", "bird", "西西利鳥"], ["ga", "TOP", "主題"], ["mavuinah,\\", "AF.return", "主焦.折返"]], "free": [], "s_end": false, "iu_a_span": [79.81, 85.51], "meta": {"topic": "Proposal", "type": "Narrative", "language": "泰雅語, Atayal, Mayrinax", "speaker": "劉建和, Takun, male, 1946-07-01", "collected": "2011-04-01", "revised": "2013-1-18", "video": "AtaNr-proposal_Takun.mp3"}, "file": "Atayal_Mayrinax/AtaNr-proposal_Takun", "num": 27}], [28, {"ori": [], "gloss": [["...", "", ""], ["ini'", "NEG", "否定"], ["i,_", "LNK", "連詞"]], "free": [], "s_end": false, "iu_a_span": [85.51, 86.89], "meta": {"topic": "Proposal", "type": "Narrative", "language": "泰雅語, Atayal, Mayrinax", "speaker": "劉建和, Takun, male, 1946-07-01", "collected": "2011-04-01", "revised": "2013-1-18", "video": "AtaNr-proposal_Takun.mp3"}, "file": "Atayal_Mayrinax/AtaNr-proposal_Takun", "num": 28}], [29, {"ori": [], "gloss": [["...", "", ""], ["usal.\\", "go", "走"]], "free": ["#e When hearing the cry of Sisiliq bird on half of the way and seeing it fiercefully flying downward right blocking the way, we will not go any further.", "#c 半路上如果聽到西西利鳥叫聲很急促，並往我們前進的路前方由上往下急飛，我們就不繼續前進。", "#n Sililiq應該是畫眉鳥的一種，是泰雅神話中的西西利鳥。"], "s_end": true, "iu_a_span": [86.89, 88.21], "meta": {"topic": "Proposal", "type": "Narrative", "language": "泰雅語, Atayal, Mayrinax", "speaker": "劉建和, Takun, male, 1946-07-01", "collected": "2011-04-01", "revised": "2013-1-18", "video": "AtaNr-proposal_Takun.mp3"}, "s_a_span": [75.67, 88.21], "file": "Atayal_Mayrinax/AtaNr-proposal_Takun", "num": 29}], [30, {"ori": [], "gloss": [["...(1.4)", "", ""], ["i", "LNK", "連詞"], ["ukas", "NEG", "否定"], ["ku", "NOM", "主格"], ["sisiliq", "bird", "鳥"], ["ka", "LNK", "連詞"], ["aruwa", "go", "去"], ["asi", "only", "只"], ["kulax==", "cut.downward", "下切"], ["la", "PART", "語助詞"], ["ga,_", "TOP", "主題"]], "free": [], "s_end": false, "iu_a_span": [88.21, 93.1], "meta": {"topic": "Proposal", "type": "Narrative", "language": "泰雅語, Atayal, Mayrinax", "speaker": "劉建和, Takun, male, 1946-07-01", "collected": "2011-04-01", "revised": "2013-1-18", "video": "AtaNr-proposal_Takun.mp3"}, "file": "Atayal_Mayrinax/AtaNr-proposal_Takun", "num": 30}], [31, {"ori": [], "gloss": [["..", "", ""], ["m-usa'", "AF-go", "主焦.去"], ["ru", "CONJ", "連接詞"], ["tayhuk", "arrive", "到"], ["imuwag", "home", "家裡"], ["ga,_", "TOP", "主題"]], "free": ["#e If there is no Sisiliq bird fiercefully flying downward, we will go and arrive at (the girl's) house.", "#c 如果沒有Sililiq鳥急飛下來，我們就會前往(女方)家中。"], "s_end": true, "iu_a_span": [93.1, 95.0], "meta": {"topic": "Proposal", "type": "Narrative", "language": "泰雅語, Atayal, Mayrinax", "speaker": "劉建和, Takun, male, 1946-07-01", "collected": "2011-04-01", "revised": "2013-1-18", "video": "AtaNr-proposal_Takun.mp3"}, "s_a_span": [88.21, 95.0], "file": "Atayal_Mayrinax/AtaNr-proposal_Takun", "num": 31}], [32, {"ori": [], "gloss": [["...(1.9)", "", ""], ["luqing-un", "hide-PF", "藏-受焦"], ["s--", "FS", "FS"], ["i,_", "LOC", "處格"]], "free": [], "s_end": false, "iu_a_span": [95.0, 98.9], "meta": {"topic": "Proposal", "type": "Narrative", "language": "泰雅語, Atayal, Mayrinax", "speaker": "劉建和, Takun, male, 1946-07-01", "collected": "2011-04-01", "revised": "2013-1-18", "video": "AtaNr-proposal_Takun.mp3"}, "file": "Atayal_Mayrinax/AtaNr-proposal_Takun", "num": 32}], [33, {"ori": [], "gloss": [["...(0.8)", "", ""], ["mutux", "customarily", "通常會"], ["m-aras", "AF-bring", "主焦-帶"], ["t<in>mami'-an", "<PFV>preserved-LF", "<完成>醃-處焦"], ["maras", "AF.bring", "主焦.帶"], ["su,_", "ACC", "受格"]], "free": ["#n mutux 發音老師翻譯為\"會\"，表一事件的發生有習慣性和目的性。此篇文本中mutux常表一動作、事件在婚禮習俗中通常會如此進行，因此中文譯為\"通常會\"，英文譯為\"customarily\"。", "#n mutux musa vari i Payan 'Payan通常會去苗栗(為常發生、有目的、且次數多)'。", "#n mutux 發音老師翻譯為\"會\"，表一事件的發生有習慣性和目的性。此篇文本中mutux常表一動作、事件在婚禮習俗中通常會如此進行，因此中文譯為\"通常會\"，英文譯為\"customarily\"。", "#n mutux musa vari i Payan 'Payan通常會去苗栗(為常發生、有目的、且次數多)'。"], "s_end": false, "iu_a_span": [98.9, 102.03], "meta": {"topic": "Proposal", "type": "Narrative", "language": "泰雅語, Atayal, Mayrinax", "speaker": "劉建和, Takun, male, 1946-07-01", "collected": "2011-04-01", "revised": "2013-1-18", "video": "AtaNr-proposal_Takun.mp3"}, "file": "Atayal_Mayrinax/AtaNr-proposal_Takun", "num": 33}], [34, {"ori": [], "gloss": [["..", "", ""], ["tinnaviq", "rice.cake", "麻糬"], ["ru,\\", "CONJ", "連接詞"]], "free": [], "s_end": false, "iu_a_span": [102.03, 103.26], "meta": {"topic": "Proposal", "type": "Narrative", "language": "泰雅語, Atayal, Mayrinax", "speaker": "劉建和, Takun, male, 1946-07-01", "collected": "2011-04-01", "revised": "2013-1-18", "video": "AtaNr-proposal_Takun.mp3"}, "file": "Atayal_Mayrinax/AtaNr-proposal_Takun", "num": 34}], [35, {"ori": [], "gloss": [["...(0.8)", "", ""], ["si-quwi'", "IF-hang", "工焦-掛"], ["i", "LOC", "處格"], ["quwi'-ani", "hang-LF", "掛-處焦"], ["i", "LOC", "處格"], ["vavawiq", "above", "上面"], ["ki", "PART", "語助詞"], ["gi,_", "CONJ", "連接詞"]], "free": [], "s_end": false, "iu_a_span": [103.26, 106.88], "meta": {"topic": "Proposal", "type": "Narrative", "language": "泰雅語, Atayal, Mayrinax", "speaker": "劉建和, Takun, male, 1946-07-01", "collected": "2011-04-01", "revised": "2013-1-18", "video": "AtaNr-proposal_Takun.mp3"}, "file": "Atayal_Mayrinax/AtaNr-proposal_Takun", "num": 35}], [36, {"ori": [], "gloss": [["...", "", ""], ["na-niq-un", "Ca-eat-PF", "Ca重疊-吃-受焦"], ["na", "GEN", "屬格"], ["xuwil", "dog", "狗"], ["mutux", "customarily", "通常會"], ["maha", "AF.say", "主焦.說"], ["ku", "NOM", "主格"], ["navakis", "old.man", "老人家"], ["sunga'.\\", "before", "以前"]], "free": ["#e The elders used to say that it is customary to bring preserved meat and rice cake and one would hang them on the tree in case the dog would eat them.", "#c 以前的老人家都會說，通常會帶醃肉和麻糬去，要掛在樹上，才不會被狗吃掉。"], "s_end": true, "iu_a_span": [106.88, 110.41], "meta": {"topic": "Proposal", "type": "Narrative", "language": "泰雅語, Atayal, Mayrinax", "speaker": "劉建和, Takun, male, 1946-07-01", "collected": "2011-04-01", "revised": "2013-1-18", "video": "AtaNr-proposal_Takun.mp3"}, "s_a_span": [95.0, 110.41], "file": "Atayal_Mayrinax/AtaNr-proposal_Takun", "num": 36}], [37, {"ori": [], "gloss": [["...(1.9)", "", ""], ["si-quwi'=nha'", "IF-hang=3PL.GEN", "工焦-掛=3PL.屬格"], ["vavawiq,\\", "above", "上面"]], "free": [], "s_end": false, "iu_a_span": [110.41, 113.72], "meta": {"topic": "Proposal", "type": "Narrative", "language": "泰雅語, Atayal, Mayrinax", "speaker": "劉建和, Takun, male, 1946-07-01", "collected": "2011-04-01", "revised": "2013-1-18", "video": "AtaNr-proposal_Takun.mp3"}, "file": "Atayal_Mayrinax/AtaNr-proposal_Takun", "num": 37}], [38, {"ori": [], "gloss": [["..", "", ""], ["kahuniq", "tree", "樹"], ["ru", "CONJ", "連接詞"], ["m-usa'", "AF-go", "主焦-去"], ["ru", "CONJ", "連接詞"], ["m-usa'", "AF-go", "主焦-去"], ["i", "LNK", "連詞"], ["t<um>ayi'.\\", "<AF>marry", "<主焦>提親"]], "free": ["#e They hang the things on the tree and go to talk about the marriage.", "#c 把東西掛在樹上後，就去談親事。"], "s_end": true, "iu_a_span": [113.72, 116.73], "meta": {"topic": "Proposal", "type": "Narrative", "language": "泰雅語, Atayal, Mayrinax", "speaker": "劉建和, Takun, male, 1946-07-01", "collected": "2011-04-01", "revised": "2013-1-18", "video": "AtaNr-proposal_Takun.mp3"}, "s_a_span": [110.41, 116.73], "file": "Atayal_Mayrinax/AtaNr-proposal_Takun", "num": 38}], [39, {"ori": [], "gloss": [["...(1.2)", "", ""], ["t<um>ayi'", "<AF>propose", "<主焦>提親"], ["ru==", "CONJ", "連接詞"], ["ma-yayihung", "AF-use.difficult.language", "主焦-用深奧的語言"], ["makaal,\\", "AF.talk", "主焦.談話"]], "free": ["#e They discuss about the marriage in a difficult, elegant way.", "#c 他們用深奧的語言談婚事。", "#n yayihung 用比較深難的語言對話，用文言文講話，是雙方較量家族成員程度、知識水平等的過程，如果相談甚歡，就會接受提親者的敬酒。"], "s_end": true, "iu_a_span": [116.73, 121.2], "meta": {"topic": "Proposal", "type": "Narrative", "language": "泰雅語, Atayal, Mayrinax", "speaker": "劉建和, Takun, male, 1946-07-01", "collected": "2011-04-01", "revised": "2013-1-18", "video": "AtaNr-proposal_Takun.mp3"}, "s_a_span": [116.73, 121.2], "file": "Atayal_Mayrinax/AtaNr-proposal_Takun", "num": 39}], [40, {"ori": [], "gloss": [["...(2.0)", "", ""], ["ini'", "NEG", "否定"], ["siwaal", "agree", "答應"], ["la", "PART", "語助詞"], ["ga,_", "TOP", "主題"]], "free": [], "s_end": false, "iu_a_span": [121.2, 124.62], "meta": {"topic": "Proposal", "type": "Narrative", "language": "泰雅語, Atayal, Mayrinax", "speaker": "劉建和, Takun, male, 1946-07-01", "collected": "2011-04-01", "revised": "2013-1-18", "video": "AtaNr-proposal_Takun.mp3"}, "file": "Atayal_Mayrinax/AtaNr-proposal_Takun", "num": 40}], [41, {"ori": [], "gloss": [["...(1.8)", "", ""], ["naws-un", "in.passing-PF", "順道-受焦"], ["lawwi", "more", "再"], ["ku==", "NOM", "主格"], ["na-niq-un", "Ca-eat-PF", "Ca重疊-吃-受焦"], ["niq-un", "eat-PF", "吃-受焦"], ["raniq", "road", "路"], ["ru", "CONJ", "連接詞"], ["m-uwah", "AF-come", "主焦-來"], ["imuwag.\\", "house", "房屋"]], "free": ["#e If they don't agree, they would bring the food back and eat them on the way home.", "#c 如果不答應，就順道把剛剛掛上去的東西再次拿下來，在回家的路上吃掉。"], "s_end": true, "iu_a_span": [124.62, 130.21], "meta": {"topic": "Proposal", "type": "Narrative", "language": "泰雅語, Atayal, Mayrinax", "speaker": "劉建和, Takun, male, 1946-07-01", "collected": "2011-04-01", "revised": "2013-1-18", "video": "AtaNr-proposal_Takun.mp3"}, "s_a_span": [121.2, 130.21], "file": "Atayal_Mayrinax/AtaNr-proposal_Takun", "num": 41}], [42, {"ori": [], "gloss": [["...(0.9)", "", ""], ["i==,_", "LNK", "連詞"]], "free": [], "s_end": false, "iu_a_span": [130.21, 131.89], "meta": {"topic": "Proposal", "type": "Narrative", "language": "泰雅語, Atayal, Mayrinax", "speaker": "劉建和, Takun, male, 1946-07-01", "collected": "2011-04-01", "revised": "2013-1-18", "video": "AtaNr-proposal_Takun.mp3"}, "file": "Atayal_Mayrinax/AtaNr-proposal_Takun", "num": 42}], [43, {"ori": [], "gloss": [["...(1.1)", "", ""], ["i", "LNK", "連詞"], ["maka-magalpu", "pass-ten", "過-十"], ["ga", "TOP", "主題"], ["maka-mapitu’", "pass-seven", "過-七"], ["ga", "TOP", "主題"], ["m-usa'", "AF-go", "主焦.去"], ["lawwi,\\", "more", "再"]], "free": [], "s_end": false, "iu_a_span": [131.89, 136.54], "meta": {"topic": "Proposal", "type": "Narrative", "language": "泰雅語, Atayal, Mayrinax", "speaker": "劉建和, Takun, male, 1946-07-01", "collected": "2011-04-01", "revised": "2013-1-18", "video": "AtaNr-proposal_Takun.mp3"}, "file": "Atayal_Mayrinax/AtaNr-proposal_Takun", "num": 43}], [44, {"ori": [], "gloss": [["...(2.4)", "", ""], ["m-usa'", "AF-go", "主焦-去"], ["lawwi", "more", "再"], ["i,_", "LNK", "連詞"]], "free": [], "s_end": false, "iu_a_span": [136.54, 140.26], "meta": {"topic": "Proposal", "type": "Narrative", "language": "泰雅語, Atayal, Mayrinax", "speaker": "劉建和, Takun, male, 1946-07-01", "collected": "2011-04-01", "revised": "2013-1-18", "video": "AtaNr-proposal_Takun.mp3"}, "file": "Atayal_Mayrinax/AtaNr-proposal_Takun", "num": 44}], [45, {"ori": [], "gloss": [["...(1.8)", "", ""], ["t<um>ayi',\\", "<AF>propose", "<主焦>提親"]], "free": ["#e After ten or seven days, they will go for the proposal again.", "#c 又經過十天或七天，他們會再去提親。"], "s_end": true, "iu_a_span": [140.26, 142.92], "meta": {"topic": "Proposal", "type": "Narrative", "language": "泰雅語, Atayal, Mayrinax", "speaker": "劉建和, Takun, male, 1946-07-01", "collected": "2011-04-01", "revised": "2013-1-18", "video": "AtaNr-proposal_Takun.mp3"}, "s_a_span": [130.21, 142.92], "file": "Atayal_Mayrinax/AtaNr-proposal_Takun", "num": 45}], [46, {"ori": [], "gloss": [["...(1.7)", "", ""], ["mahananu'", "sometimes", "有時候"], ["ga,_", "TOP", "主題"]], "free": [], "s_end": false, "iu_a_span": [142.92, 145.89], "meta": {"topic": "Proposal", "type": "Narrative", "language": "泰雅語, Atayal, Mayrinax", "speaker": "劉建和, Takun, male, 1946-07-01", "collected": "2011-04-01", "revised": "2013-1-18", "video": "AtaNr-proposal_Takun.mp3"}, "file": "Atayal_Mayrinax/AtaNr-proposal_Takun", "num": 46}], [47, {"ori": [], "gloss": [["...(1.1)", "", ""], ["ini'", "NEG", "否定"], ["siwaal", "agree", "答應"], ["ku", "NOM", "主格"], ["yaya'", "mother", "媽媽"], ["ga,_", "", ""]], "free": [], "s_end": false, "iu_a_span": [145.89, 148.86], "meta": {"topic": "Proposal", "type": "Narrative", "language": "泰雅語, Atayal, Mayrinax", "speaker": "劉建和, Takun, male, 1946-07-01", "collected": "2011-04-01", "revised": "2013-1-18", "video": "AtaNr-proposal_Takun.mp3"}, "file": "Atayal_Mayrinax/AtaNr-proposal_Takun", "num": 47}], [48, {"ori": [], "gloss": [["..", "", ""], ["luqing-un=nha", "hide-PF=3PL.GEN", "藏-受焦=3PL.屬格"], ["ku", "NOM", "主格"], ["ulaqi'.\\", "child", "小孩"]], "free": [], "s_end": false, "iu_a_span": [148.86, 150.73], "meta": {"topic": "Proposal", "type": "Narrative", "language": "泰雅語, Atayal, Mayrinax", "speaker": "劉建和, Takun, male, 1946-07-01", "collected": "2011-04-01", "revised": "2013-1-18", "video": "AtaNr-proposal_Takun.mp3"}, "file": "Atayal_Mayrinax/AtaNr-proposal_Takun", "num": 48}], [49, {"ori": [], "gloss": [["...(2.3)", "", ""], ["ru,_", "CONJ", "連接詞"]], "free": [], "s_end": false, "iu_a_span": [150.73, 153.69], "meta": {"topic": "Proposal", "type": "Narrative", "language": "泰雅語, Atayal, Mayrinax", "speaker": "劉建和, Takun, male, 1946-07-01", "collected": "2011-04-01", "revised": "2013-1-18", "video": "AtaNr-proposal_Takun.mp3"}, "file": "Atayal_Mayrinax/AtaNr-proposal_Takun", "num": 49}], [50, {"ori": [], "gloss": [["...(1.6)", "", ""], ["yaku", "DM", "DM"], ["yava'", "father", "爸爸"], ["ku", "NOM", "主格"], ["paspung-un=nha", "measure-PF=3PL.GEN", "衡量-受焦"], ["mi.\\", "PART", "3PL.屬格"]], "free": ["#e If the mother does not agree, they would hide the child and let the father decide.", "#c 如果母親不答應，他們會先把小孩藏起來，讓父親決定。"], "s_end": true, "iu_a_span": [153.69, 157.3], "meta": {"topic": "Proposal", "type": "Narrative", "language": "泰雅語, Atayal, Mayrinax", "speaker": "劉建和, Takun, male, 1946-07-01", "collected": "2011-04-01", "revised": "2013-1-18", "video": "AtaNr-proposal_Takun.mp3"}, "s_a_span": [142.92, 157.3], "file": "Atayal_Mayrinax/AtaNr-proposal_Takun", "num": 50}], [51, {"ori": [], "gloss": [["...(2.0)", "", ""], ["ru", "CONJ", "連接詞"], ["ini'", "NEG", "否定"], ["siwaal", "agree", "答應"], ["lawwi,_", "more", "再"]], "free": [], "s_end": false, "iu_a_span": [157.3, 161.13], "meta": {"topic": "Proposal", "type": "Narrative", "language": "泰雅語, Atayal, Mayrinax", "speaker": "劉建和, Takun, male, 1946-07-01", "collected": "2011-04-01", "revised": "2013-1-18", "video": "AtaNr-proposal_Takun.mp3"}, "file": "Atayal_Mayrinax/AtaNr-proposal_Takun", "num": 51}], [52, {"ori": [], "gloss": [["...(2.3)", "", ""], ["ma-vuwiynah", "AF-return", "主焦-折返"], ["lawwi,_", "more", "再"]], "free": [], "s_end": false, "iu_a_span": [161.13, 164.76], "meta": {"topic": "Proposal", "type": "Narrative", "language": "泰雅語, Atayal, Mayrinax", "speaker": "劉建和, Takun, male, 1946-07-01", "collected": "2011-04-01", "revised": "2013-1-18", "video": "AtaNr-proposal_Takun.mp3"}, "file": "Atayal_Mayrinax/AtaNr-proposal_Takun", "num": 52}], [53, {"ori": [], "gloss": [["...(1.7)", "", ""], ["'i'", "LNK", "連詞"], ["ki'i", "probably", "可能"], ["maka-magalpuw", "AF.pass-ten", "主焦.經過-十"], ["lawwi", "more", "再"], ["ga'", "TOP", "主題"], ["m-usa'", "AF-go", "主焦.去"], ["lawwi", "again", "再次"], ["'i',_", "LNK", "連詞"]], "free": [], "s_end": false, "iu_a_span": [164.76, 169.51], "meta": {"topic": "Proposal", "type": "Narrative", "language": "泰雅語, Atayal, Mayrinax", "speaker": "劉建和, Takun, male, 1946-07-01", "collected": "2011-04-01", "revised": "2013-1-18", "video": "AtaNr-proposal_Takun.mp3"}, "file": "Atayal_Mayrinax/AtaNr-proposal_Takun", "num": 53}], [54, {"ori": [], "gloss": [["...", "", ""], ["hal-an=nha", "go-LF=3PL.GEN", "去-處焦=3PL.屬格"], ["k<um>aal", "<AF>talk", "<主焦>說"], ["ku", "NOM", "主格"], ["tumuk", "chief", "頭目"], ["nku,_", "GEN", "屬格"]], "free": [], "s_end": false, "iu_a_span": [169.51, 172.28], "meta": {"topic": "Proposal", "type": "Narrative", "language": "泰雅語, Atayal, Mayrinax", "speaker": "劉建和, Takun, male, 1946-07-01", "collected": "2011-04-01", "revised": "2013-1-18", "video": "AtaNr-proposal_Takun.mp3"}, "file": "Atayal_Mayrinax/AtaNr-proposal_Takun", "num": 54}], [55, {"ori": [], "gloss": [["...(0.9)", "", ""], ["qutux", "this", "這個"], ["su", "ACC", "受格"], ["qalang", "tribe", "部落"], ["maha", "say", "說"], ["u,\\", "FIL", "FIL"]], "free": [], "s_end": false, "iu_a_span": [172.28, 174.73], "meta": {"topic": "Proposal", "type": "Narrative", "language": "泰雅語, Atayal, Mayrinax", "speaker": "劉建和, Takun, male, 1946-07-01", "collected": "2011-04-01", "revised": "2013-1-18", "video": "AtaNr-proposal_Takun.mp3"}, "file": "Atayal_Mayrinax/AtaNr-proposal_Takun", "num": 55}], [56, {"ori": [], "gloss": [["...(1.7)", "", ""], ["hal-ay=ta'", "go-LF=1PL.GEN", "去-處焦=1PL.屬格"], ["tikay", "some", "一下"], ["suwa'", "why", "為什麼"], ["vay", "really", "真的"], ["ka", "LNK", "連詞"], ["muwani", "like.this", "這樣"], ["ka", "LNK", "連詞"], ["ini'", "NEG", "否定"], ["siwaal", "agree", "答應"], ["ini'", "NEG", "否定"], ["kia", "EXIST", "存在"], ["a", "NOM", "主格"], ["aqih=nha'", "bad=3PL.GEN", "不好=3PL.屬格"], ["maha", "say", "說"], ["ru.\\", "CONJ", "連接詞"]], "free": ["#e If they still don't agree, they would return and go tell the chief after ten days and say: \"Let's go ask the chief why they do not agree or is there anything they don't like of us.\".", "#c 如果對方不答應，他們會回來，大約十天後再去告訴部落頭目，然後說：\"我們去問頭目 為什麼對方不同意，是不是有他們不喜歡的地方。\"。"], "s_end": true, "iu_a_span": [174.73, 181.87], "meta": {"topic": "Proposal", "type": "Narrative", "language": "泰雅語, Atayal, Mayrinax", "speaker": "劉建和, Takun, male, 1946-07-01", "collected": "2011-04-01", "revised": "2013-1-18", "video": "AtaNr-proposal_Takun.mp3"}, "s_a_span": [157.3, 181.87], "file": "Atayal_Mayrinax/AtaNr-proposal_Takun", "num": 56}], [57, {"ori": [], "gloss": [["...(2.4)", "", ""], ["m-usa'", "AF-go", "主焦.去"], ["i,_", "LOC", "處格"]], "free": [], "s_end": false, "iu_a_span": [181.87, 185.3], "meta": {"topic": "Proposal", "type": "Narrative", "language": "泰雅語, Atayal, Mayrinax", "speaker": "劉建和, Takun, male, 1946-07-01", "collected": "2011-04-01", "revised": "2013-1-18", "video": "AtaNr-proposal_Takun.mp3"}, "file": "Atayal_Mayrinax/AtaNr-proposal_Takun", "num": 57}], [58, {"ori": [], "gloss": [["...", "", ""], ["ras-un", "bring-PF", "帶-受焦"], ["nku", "GEN", "屬格"], ["tumuk", "chief", "頭目"], ["ru,_", "and", "且"]], "free": [], "s_end": false, "iu_a_span": [185.3, 187.36], "meta": {"topic": "Proposal", "type": "Narrative", "language": "泰雅語, Atayal, Mayrinax", "speaker": "劉建和, Takun, male, 1946-07-01", "collected": "2011-04-01", "revised": "2013-1-18", "video": "AtaNr-proposal_Takun.mp3"}, "file": "Atayal_Mayrinax/AtaNr-proposal_Takun", "num": 58}], [59, {"ori": [], "gloss": [["...(1.5)", "", ""], ["m-usa'", "AF-go", "主焦.去"], ["i", "LNK", "連詞"], ["panqaquu’", "describe", "敘述"], ["ru==", "CONJ", "連接詞"], ["i,\\", "LNK", "連詞"]], "free": ["#e The chief would take them there and keeps persuading.", "#c 頭目就帶他們去而且一直講。"], "s_end": true, "iu_a_span": [187.36, 192.38], "meta": {"topic": "Proposal", "type": "Narrative", "language": "泰雅語, Atayal, Mayrinax", "speaker": "劉建和, Takun, male, 1946-07-01", "collected": "2011-04-01", "revised": "2013-1-18", "video": "AtaNr-proposal_Takun.mp3"}, "s_a_span": [181.87, 192.38], "file": "Atayal_Mayrinax/AtaNr-proposal_Takun", "num": 59}], [60, {"ori": [], "gloss": [["...(2.4)", "", ""], ["s<um>iwaal", "<AF>agree", "<主焦>答應"], ["la", "PART", "語助詞"], ["ga,_", "TOP", "主題"]], "free": [], "s_end": false, "iu_a_span": [192.38, 196.18], "meta": {"topic": "Proposal", "type": "Narrative", "language": "泰雅語, Atayal, Mayrinax", "speaker": "劉建和, Takun, male, 1946-07-01", "collected": "2011-04-01", "revised": "2013-1-18", "video": "AtaNr-proposal_Takun.mp3"}, "file": "Atayal_Mayrinax/AtaNr-proposal_Takun", "num": 60}], [61, {"ori": [], "gloss": [["...(1.5)", "", ""], ["tuliq", "get.up", "起身"], ["ku", "NOM", "主格"], ["tumuk", "chief", "頭目"], ["ka,_", "LNK", "連詞"]], "free": [], "s_end": false, "iu_a_span": [196.18, 198.97], "meta": {"topic": "Proposal", "type": "Narrative", "language": "泰雅語, Atayal, Mayrinax", "speaker": "劉建和, Takun, male, 1946-07-01", "collected": "2011-04-01", "revised": "2013-1-18", "video": "AtaNr-proposal_Takun.mp3"}, "file": "Atayal_Mayrinax/AtaNr-proposal_Takun", "num": 61}], [62, {"ori": [], "gloss": [["...(1.9)", "", ""], ["vaiq-an=nia'", "give-LF=3SG.GEN", "給-處焦=3SG.屬格"], ["qutux", "one", "一"], ["samiyan", "cup", "杯子"], ["su,_", "ACC", "受格"]], "free": [], "s_end": false, "iu_a_span": [198.97, 201.8], "meta": {"topic": "Proposal", "type": "Narrative", "language": "泰雅語, Atayal, Mayrinax", "speaker": "劉建和, Takun, male, 1946-07-01", "collected": "2011-04-01", "revised": "2013-1-18", "video": "AtaNr-proposal_Takun.mp3"}, "file": "Atayal_Mayrinax/AtaNr-proposal_Takun", "num": 62}], [63, {"ori": [], "gloss": [["...", "", ""], ["quwaw", "wine", "酒"], ["ku", "NOM", "主格"], ["yava'", "father", "爸爸"], ["nku", "GEN", "屬格"], ["ulaqi'", "child", "小孩"], ["na", "GEN", "屬格"], ["kanayril,\\", "woman", "女人"]], "free": ["#e When they agree, the leader gives the girl's father a cup of wine.", "#c 同意後，頭目給女孩的爸爸一杯酒。", "#n samiyan \"杯子\" 是澤敖利(Matu'au)的說法，汶水稱 qahi'。"], "s_end": true, "iu_a_span": [201.8, 205.2], "meta": {"topic": "Proposal", "type": "Narrative", "language": "泰雅語, Atayal, Mayrinax", "speaker": "劉建和, Takun, male, 1946-07-01", "collected": "2011-04-01", "revised": "2013-1-18", "video": "AtaNr-proposal_Takun.mp3"}, "s_a_span": [192.38, 205.2], "file": "Atayal_Mayrinax/AtaNr-proposal_Takun", "num": 63}], [64, {"ori": [], "gloss": [["...(1.4)", "", ""], ["nuvug-un=nia'", "drink-PF=3SG.GEN", "喝-受焦=3SG.屬格"], ["la", "PART", "語助詞"], ["ga',\\", "TOP", "主題"]], "free": [], "s_end": false, "iu_a_span": [205.2, 207.97], "meta": {"topic": "Proposal", "type": "Narrative", "language": "泰雅語, Atayal, Mayrinax", "speaker": "劉建和, Takun, male, 1946-07-01", "collected": "2011-04-01", "revised": "2013-1-18", "video": "AtaNr-proposal_Takun.mp3"}, "file": "Atayal_Mayrinax/AtaNr-proposal_Takun", "num": 64}], [65, {"ori": [], "gloss": [["...(1.2)", "", ""], ["gau", "??", "??"], ["aras", "bring", "帶"], ["a,\\", "NOM", "主格"]], "free": [], "s_end": false, "iu_a_span": [207.97, 210.78], "meta": {"topic": "Proposal", "type": "Narrative", "language": "泰雅語, Atayal, Mayrinax", "speaker": "劉建和, Takun, male, 1946-07-01", "collected": "2011-04-01", "revised": "2013-1-18", "video": "AtaNr-proposal_Takun.mp3"}, "file": "Atayal_Mayrinax/AtaNr-proposal_Takun", "num": 65}], [66, {"ori": [], "gloss": [["...(1.3)", "", ""], ["tawkan", "basket", "背籃"], ["qinuwi'", "hang", "掛"], ["i,_", "LOC", "處格"]], "free": [], "s_end": false, "iu_a_span": [210.78, 213.49], "meta": {"topic": "Proposal", "type": "Narrative", "language": "泰雅語, Atayal, Mayrinax", "speaker": "劉建和, Takun, male, 1946-07-01", "collected": "2011-04-01", "revised": "2013-1-18", "video": "AtaNr-proposal_Takun.mp3"}, "file": "Atayal_Mayrinax/AtaNr-proposal_Takun", "num": 66}], [67, {"ori": [], "gloss": [["...(1.4)", "", ""], ["tanux", "outside", "外面"], ["la", "PART", "語助詞"], ["san", "call.PF", "稱作.處焦"], ["ras-un", "bring-PF", "帶-受焦"], ["vali", "NEG", "否定"], ["vaq-un", "know-PF", "知道-受焦"], ["nku", "GEN", "屬格"], ["ulaqi'", "child", "小孩"], ["na", "GEN", "屬格"], ["kanayril", "woman", "女人"], ["su,_", "ACC", "受格"]], "free": [], "s_end": false, "iu_a_span": [213.49, 219.0], "meta": {"topic": "Proposal", "type": "Narrative", "language": "泰雅語, Atayal, Mayrinax", "speaker": "劉建和, Takun, male, 1946-07-01", "collected": "2011-04-01", "revised": "2013-1-18", "video": "AtaNr-proposal_Takun.mp3"}, "file": "Atayal_Mayrinax/AtaNr-proposal_Takun", "num": 67}], [68, {"ori": [], "gloss": [["...(2.0)", "", ""], ["m-usa'", "AF-go", "主焦-去"], ["t<um>ayi'", "<AF>propose", "<主焦>提親"], ["mi.\\", "PART", "語助詞"]], "free": ["#e (If the father) drinks the wine, the chief will ask someone to bring in the basket hung outside, and the girl still doesn't know that someone is coming to propose.", "#c 如果爸爸喝了酒，頭目就叫人把掛在外面的背籃帶進來，而女孩卻還不知道有人來娶親。"], "s_end": true, "iu_a_span": [219.0, 222.2], "meta": {"topic": "Proposal", "type": "Narrative", "language": "泰雅語, Atayal, Mayrinax", "speaker": "劉建和, Takun, male, 1946-07-01", "collected": "2011-04-01", "revised": "2013-1-18", "video": "AtaNr-proposal_Takun.mp3"}, "s_a_span": [205.2, 222.2], "file": "Atayal_Mayrinax/AtaNr-proposal_Takun", "num": 68}], [69, {"ori": [], "gloss": [["...(1.2)", "", ""], ["nanu'", "DM", "DM"], ["ma-navuwag", "AF-drink.wine", "主焦-喝酒"], ["ku", "NOM", "主格"], ["yava',_", "father", "爸爸"]], "free": [], "s_end": false, "iu_a_span": [222.2, 224.88], "meta": {"topic": "Proposal", "type": "Narrative", "language": "泰雅語, Atayal, Mayrinax", "speaker": "劉建和, Takun, male, 1946-07-01", "collected": "2011-04-01", "revised": "2013-1-18", "video": "AtaNr-proposal_Takun.mp3"}, "file": "Atayal_Mayrinax/AtaNr-proposal_Takun", "num": 69}], [70, {"ori": [], "gloss": [["...(2.0)", "", ""], ["mahananu'", "sometimes", "有時候"], ["ga", "TOP", "主題"], ["i,_", "LNK", "連詞"]], "free": [], "s_end": false, "iu_a_span": [224.88, 227.03], "meta": {"topic": "Proposal", "type": "Narrative", "language": "泰雅語, Atayal, Mayrinax", "speaker": "劉建和, Takun, male, 1946-07-01", "collected": "2011-04-01", "revised": "2013-1-18", "video": "AtaNr-proposal_Takun.mp3"}, "file": "Atayal_Mayrinax/AtaNr-proposal_Takun", "num": 70}], [71, {"ori": [], "gloss": [["...", "", ""], ["qaat", "NEG", "否定"], ["kisiliq", "like", "喜歡"], ["nku", "GEN", "屬格"], ["yaya'", "mother", "媽媽"], ["ga,\\", "", ""]], "free": [], "s_end": false, "iu_a_span": [227.03, 230.05], "meta": {"topic": "Proposal", "type": "Narrative", "language": "泰雅語, Atayal, Mayrinax", "speaker": "劉建和, Takun, male, 1946-07-01", "collected": "2011-04-01", "revised": "2013-1-18", "video": "AtaNr-proposal_Takun.mp3"}, "file": "Atayal_Mayrinax/AtaNr-proposal_Takun", "num": 71}], [72, {"ori": [], "gloss": [["...", "", ""], ["mutux", "customarily", "通常會"], ["i,_", "LNK", "連詞"]], "free": [], "s_end": false, "iu_a_span": [230.05, 231.88], "meta": {"topic": "Proposal", "type": "Narrative", "language": "泰雅語, Atayal, Mayrinax", "speaker": "劉建和, Takun, male, 1946-07-01", "collected": "2011-04-01", "revised": "2013-1-18", "video": "AtaNr-proposal_Takun.mp3"}, "file": "Atayal_Mayrinax/AtaNr-proposal_Takun", "num": 72}], [73, {"ori": [], "gloss": [["...(1.3)", "", ""], ["aruwa", "go", "去"], ["magiyai", "AF.leave", "主焦.離開"], ["gi", "CONJ", "連接詞"], ["ini'", "NEG", "否定"], ["vay", "really", "真的"], ["kas'ang", "argue", "頂撞"], ["su", "ACC", "受格"], ["tamalung", "man", "男人"], ["ku", "NOM", "主格"], ["kanayril", "woman", "女人"], ["sunga'", "past", "過去"], ["kais-un=naha", "fear-PF=3PL.GEN", "懼怕-受焦=3PL.屬格"], ["ku", "NOM", "主格"], ["tamalung.\\", "man", "男人"]], "free": ["#e (Though) the father drinks the wine, if the mother doesn't like it, she would not participate in the drinking because women did not dare to argue against their husbands before.", "#c (儘管)爸爸喝了酒，如果媽媽不喜歡，他會離開(不參與喝酒)。因為以前的女人不敢頂撞自己的丈夫。"], "s_end": true, "iu_a_span": [231.88, 238.78], "meta": {"topic": "Proposal", "type": "Narrative", "language": "泰雅語, Atayal, Mayrinax", "speaker": "劉建和, Takun, male, 1946-07-01", "collected": "2011-04-01", "revised": "2013-1-18", "video": "AtaNr-proposal_Takun.mp3"}, "s_a_span": [222.2, 238.78], "file": "Atayal_Mayrinax/AtaNr-proposal_Takun", "num": 73}], [74, {"ori": [], "gloss": [["...(2.5)", "", ""], ["nas--", "FS", "FS"]], "free": [], "s_end": false, "iu_a_span": [238.78, 241.52], "meta": {"topic": "Proposal", "type": "Narrative", "language": "泰雅語, Atayal, Mayrinax", "speaker": "劉建和, Takun, male, 1946-07-01", "collected": "2011-04-01", "revised": "2013-1-18", "video": "AtaNr-proposal_Takun.mp3"}, "file": "Atayal_Mayrinax/AtaNr-proposal_Takun", "num": 74}], [75, {"ori": [], "gloss": [["..", "", ""], ["kiyum-un", "look.for-PF", "尋找-受焦"], ["nku,\\", "GEN", "屬格"]], "free": [], "s_end": false, "iu_a_span": [241.52, 243.11], "meta": {"topic": "Proposal", "type": "Narrative", "language": "泰雅語, Atayal, Mayrinax", "speaker": "劉建和, Takun, male, 1946-07-01", "collected": "2011-04-01", "revised": "2013-1-18", "video": "AtaNr-proposal_Takun.mp3"}, "file": "Atayal_Mayrinax/AtaNr-proposal_Takun", "num": 75}], [76, {"ori": [], "gloss": [["...", "", ""], ["ivuwi", "come.over", "過來"], ["ga", "TOP", "主題"], ["u,_", "FIL", "FIL"]], "free": [], "s_end": false, "iu_a_span": [243.11, 244.82], "meta": {"topic": "Proposal", "type": "Narrative", "language": "泰雅語, Atayal, Mayrinax", "speaker": "劉建和, Takun, male, 1946-07-01", "collected": "2011-04-01", "revised": "2013-1-18", "video": "AtaNr-proposal_Takun.mp3"}, "file": "Atayal_Mayrinax/AtaNr-proposal_Takun", "num": 76}], [77, {"ori": [], "gloss": [["..", "", ""], ["uwah", "come", "來"], ["i", "LNK", "連詞"], ["ma-navuwag", "AF-drink.wine", "主焦.喝酒"], ["san", "say.PF", "說.受焦"], ["nku,_", "GEN", "屬格"]], "free": [], "s_end": false, "iu_a_span": [244.82, 246.81], "meta": {"topic": "Proposal", "type": "Narrative", "language": "泰雅語, Atayal, Mayrinax", "speaker": "劉建和, Takun, male, 1946-07-01", "collected": "2011-04-01", "revised": "2013-1-18", "video": "AtaNr-proposal_Takun.mp3"}, "file": "Atayal_Mayrinax/AtaNr-proposal_Takun", "num": 77}], [78, {"ori": [], "gloss": [["..", "", ""], ["tamalung=nia'", "husband=3SG.GEN", "丈夫"], ["la", "PART", "3SG.屬格"], ["ga", "TOP", "語助詞"], ["m-uwah", "AF-come", "主題"], ["la.\\", "PART", "主焦.來"]], "free": ["#e The husband would look for his wife and ask her to come over for a drink, then she would come.", "#c 丈夫找太太，叫她過來喝杯酒，她才會過來。"], "s_end": true, "iu_a_span": [246.81, 248.79], "meta": {"topic": "Proposal", "type": "Narrative", "language": "泰雅語, Atayal, Mayrinax", "speaker": "劉建和, Takun, male, 1946-07-01", "collected": "2011-04-01", "revised": "2013-1-18", "video": "AtaNr-proposal_Takun.mp3"}, "s_a_span": [238.78, 248.79], "file": "Atayal_Mayrinax/AtaNr-proposal_Takun", "num": 78}], [79, {"ori": [], "gloss": [["...(1.5)", "", ""], ["m-usa'", "AF-go", "主焦-去"], ["s<um>atu'", "<AF>send", "<主焦>送"], ["kavahniq", "bird", "鳥"], ["ku", "NOM", "主格"], ["yani", "that", "那個"], ["han", "PART", "語助詞"], ["ru,\\", "CONJ", "連接詞"]], "free": [], "s_end": false, "iu_a_span": [248.79, 252.51], "meta": {"topic": "Proposal", "type": "Narrative", "language": "泰雅語, Atayal, Mayrinax", "speaker": "劉建和, Takun, male, 1946-07-01", "collected": "2011-04-01", "revised": "2013-1-18", "video": "AtaNr-proposal_Takun.mp3"}, "file": "Atayal_Mayrinax/AtaNr-proposal_Takun", "num": 79}], [80, {"ori": [], "gloss": [["...(1.4)", "", ""], ["m-uwah", "AF-come", "主焦-來"], ["la", "PART", "語助詞"], ["ru,_", "CONJ", "連接詞"]], "free": [], "s_end": false, "iu_a_span": [252.51, 254.73], "meta": {"topic": "Proposal", "type": "Narrative", "language": "泰雅語, Atayal, Mayrinax", "speaker": "劉建和, Takun, male, 1946-07-01", "collected": "2011-04-01", "revised": "2013-1-18", "video": "AtaNr-proposal_Takun.mp3"}, "file": "Atayal_Mayrinax/AtaNr-proposal_Takun", "num": 80}], [81, {"ori": [], "gloss": [["..", "", ""], ["s<um>ku'", "<AF>put", "<主焦>放"], ["su", "ACC", "受格"], ["riax,\\", "date", "日期"]], "free": ["#e Then they will come to send gifts and decide on the date.", "#c 然後他們來送聘禮，並決定日期。", "#n sumku'原意為\"放下\"，此處延伸為\"決定\"之意。"], "s_end": true, "iu_a_span": [254.73, 256.33], "meta": {"topic": "Proposal", "type": "Narrative", "language": "泰雅語, Atayal, Mayrinax", "speaker": "劉建和, Takun, male, 1946-07-01", "collected": "2011-04-01", "revised": "2013-1-18", "video": "AtaNr-proposal_Takun.mp3"}, "s_a_span": [248.79, 256.33], "file": "Atayal_Mayrinax/AtaNr-proposal_Takun", "num": 81}], [82, {"ori": [], "gloss": [["...(1.2)", "", ""], ["s<um>ku'", "<AF>put", "<主焦>放"], ["su", "ACC", "受格"], ["riax", "date", "日期"], ["ru", "CONJ", "連接詞"], ["mus-,\\", "FS", "FS"]], "free": [], "s_end": false, "iu_a_span": [256.33, 259.1], "meta": {"topic": "Proposal", "type": "Narrative", "language": "泰雅語, Atayal, Mayrinax", "speaker": "劉建和, Takun, male, 1946-07-01", "collected": "2011-04-01", "revised": "2013-1-18", "video": "AtaNr-proposal_Takun.mp3"}, "file": "Atayal_Mayrinax/AtaNr-proposal_Takun", "num": 82}], [83, {"ori": [], "gloss": [["...(1.9)", "", ""], ["maka-piya'", "pass-how.many", "經過-多少"], ["maha", "say", "說"], ["ini'", "NEG", "否定"], ["kusa'", "go", "去"], ["maha", "COMP", "補語詞"], ["<L2MciyuecihaoL2M>", "date", "幾月幾號"], ["gi", "CONJ", "連接詞"], ["vali", "NEG", "否定"], ["kia'", "EXIST", "存在"], ["a", "NOM", "主格"], ["viru", "paper", "紙"], ["nku'", "GEN", "屬格"], ["itaal", "PN", "專名"], ["sunga',\\", "before", "以前"]], "free": ["#e When deciding on the date, we would not refer to the exact date because the Atayal people didn't have calendars before.", "#c 去定日期時，我們不說幾月幾號，因為以前泰雅人沒有日曆。", "#n viru原指\"紙\"，亦可作動詞\"寫字\"，此處因上下文關係譯為日曆。"], "s_end": true, "iu_a_span": [259.1, 266.76], "meta": {"topic": "Proposal", "type": "Narrative", "language": "泰雅語, Atayal, Mayrinax", "speaker": "劉建和, Takun, male, 1946-07-01", "collected": "2011-04-01", "revised": "2013-1-18", "video": "AtaNr-proposal_Takun.mp3"}, "s_a_span": [256.33, 266.76], "file": "Atayal_Mayrinax/AtaNr-proposal_Takun", "num": 83}], [84, {"ori": [], "gloss": [["...(1.7)", "", ""], ["asi=naha'", "only=3PL.GEN", "只=3PL.屬格"], ["i", "LNK", "連詞"], ["sapung-i", "measure-PF", "衡量-受焦"], ["nku,_", "GEN", "屬格"]], "free": ["#n 此處asi有\"只能/只有\"之意(因無日曆因此只能這麼作)。", "#n 此處asi有\"只能/只有\"之意(因無日曆因此只能這麼作)。"], "s_end": false, "iu_a_span": [266.76, 270.95], "meta": {"topic": "Proposal", "type": "Narrative", "language": "泰雅語, Atayal, Mayrinax", "speaker": "劉建和, Takun, male, 1946-07-01", "collected": "2011-04-01", "revised": "2013-1-18", "video": "AtaNr-proposal_Takun.mp3"}, "file": "Atayal_Mayrinax/AtaNr-proposal_Takun", "num": 84}], [85, {"ori": [], "gloss": [["...(1.1)", "", ""], ["riax", "day", "日子"], ["ma-qilaap", "AF-sleep", "主焦-睡覺"], ["ru", "CONJ", "連接詞"], ["tihuway", "wake.up", "起床"], ["ga", "TOP", "主題"], ["qutux", "one", "一"], ["su", "ACC", "受格"], ["riax", "day", "天"], ["maha", "AF.say", "主焦.說"], ["ku,_", "NOM", "主格"]], "free": [], "s_end": false, "iu_a_span": [270.95, 276.28], "meta": {"topic": "Proposal", "type": "Narrative", "language": "泰雅語, Atayal, Mayrinax", "speaker": "劉建和, Takun, male, 1946-07-01", "collected": "2011-04-01", "revised": "2013-1-18", "video": "AtaNr-proposal_Takun.mp3"}, "file": "Atayal_Mayrinax/AtaNr-proposal_Takun", "num": 85}], [86, {"ori": [], "gloss": [["...(1.0)", "", ""], ["lalapg-an=naha'", "count-LF=3PL.GEN", "計算-處焦=3PL.屬格"], ["sunga'", "before", "以前"], ["ru,_", "CONJ", "連接詞"]], "free": ["#e We could only measure the time between going to sleep and waking up as a day and counted days in this way.", "#c 我們只能用睡覺、起床當做一天，來算日子。"], "s_end": true, "iu_a_span": [276.28, 278.88], "meta": {"topic": "Proposal", "type": "Narrative", "language": "泰雅語, Atayal, Mayrinax", "speaker": "劉建和, Takun, male, 1946-07-01", "collected": "2011-04-01", "revised": "2013-1-18", "video": "AtaNr-proposal_Takun.mp3"}, "s_a_span": [266.76, 278.88], "file": "Atayal_Mayrinax/AtaNr-proposal_Takun", "num": 86}], [87, {"ori": [], "gloss": [["...(2.2)", "", ""], ["m-usa'", "AF-go", "主焦-去"], ["t<um>ayi'", "<AF>propose", "<主焦>提親"], ["ru,_", "CONJ", "連接詞"]], "free": [], "s_end": false, "iu_a_span": [278.88, 282.5], "meta": {"topic": "Proposal", "type": "Narrative", "language": "泰雅語, Atayal, Mayrinax", "speaker": "劉建和, Takun, male, 1946-07-01", "collected": "2011-04-01", "revised": "2013-1-18", "video": "AtaNr-proposal_Takun.mp3"}, "file": "Atayal_Mayrinax/AtaNr-proposal_Takun", "num": 87}], [88, {"ori": [], "gloss": [["...(2.0)", "", ""], ["ga", "TOP", "主題"], ["vaq-un", "know-PF", "知道-受焦"], ["hayhay", "a.bit", "一點點"], ["nku", "GEN", "屬格"], ["ulaqi'", "child", "小孩"], ["na", "GEN", "屬格"], ["kanayril", "woman", "女人"], ["la.\\", "PART", "語助詞"]], "free": ["#e After the proposal, the girl would then know a bit about the marriage.", "#c 在去提親之後，女孩大概知道一些有關婚姻、提親的事。"], "s_end": true, "iu_a_span": [282.5, 287.59], "meta": {"topic": "Proposal", "type": "Narrative", "language": "泰雅語, Atayal, Mayrinax", "speaker": "劉建和, Takun, male, 1946-07-01", "collected": "2011-04-01", "revised": "2013-1-18", "video": "AtaNr-proposal_Takun.mp3"}, "s_a_span": [278.88, 287.59], "file": "Atayal_Mayrinax/AtaNr-proposal_Takun", "num": 88}], [89, {"ori": [], "gloss": [["...(2.6)", "", ""], ["ga'", "TOP", "主題"], ["vali", "NEG", "否定"], ["mak-sawbih", "REC-near", "互相-近"], ["ku", "NOM", "主格"], ["'ulaqi'", "child", "小孩"], ["na", "GEN", "屬格"], ["tamalung", "man", "男人"], ["kinku", "and", "和"], ["ulaqi'", "child", "小孩"], ["na", "GEN", "屬格"], ["tama--,_", "FS", "FS"]], "free": [], "s_end": false, "iu_a_span": [287.59, 294.43], "meta": {"topic": "Proposal", "type": "Narrative", "language": "泰雅語, Atayal, Mayrinax", "speaker": "劉建和, Takun, male, 1946-07-01", "collected": "2011-04-01", "revised": "2013-1-18", "video": "AtaNr-proposal_Takun.mp3"}, "file": "Atayal_Mayrinax/AtaNr-proposal_Takun", "num": 89}], [90, {"ori": [], "gloss": [["..", "", ""], ["na", "GEN", "屬格"], ["kanayril,_", "woman", "女人"]], "free": [], "s_end": false, "iu_a_span": [294.43, 295.7], "meta": {"topic": "Proposal", "type": "Narrative", "language": "泰雅語, Atayal, Mayrinax", "speaker": "劉建和, Takun, male, 1946-07-01", "collected": "2011-04-01", "revised": "2013-1-18", "video": "AtaNr-proposal_Takun.mp3"}, "file": "Atayal_Mayrinax/AtaNr-proposal_Takun", "num": 90}], [91, {"ori": [], "gloss": [["...", "", ""], ["gi", "CONJ", "連接詞"], ["<L2MhenpaoshoL2M>", "very.conservative", "很保守"], ["vay", "really", "真的"], ["su", "ACC", "過去"], ["sunga'", "past", "真的"], ["vay", "really", "語助詞"], ["mi.\\", "", ""]], "free": ["#e The boy and the girl could not get close to each other because we were very conservative in the past.", "#c 男孩和女孩不能互相靠近，因為以前很保守。"], "s_end": true, "iu_a_span": [295.7, 298.89], "meta": {"topic": "Proposal", "type": "Narrative", "language": "泰雅語, Atayal, Mayrinax", "speaker": "劉建和, Takun, male, 1946-07-01", "collected": "2011-04-01", "revised": "2013-1-18", "video": "AtaNr-proposal_Takun.mp3"}, "s_a_span": [287.59, 298.89], "file": "Atayal_Mayrinax/AtaNr-proposal_Takun", "num": 91}], [92, {"ori": [], "gloss": [["...(2.0)", "", ""], ["ru,\\", "CONJ", "連接詞"]], "free": [], "s_end": false, "iu_a_span": [298.89, 301.14], "meta": {"topic": "Proposal", "type": "Narrative", "language": "泰雅語, Atayal, Mayrinax", "speaker": "劉建和, Takun, male, 1946-07-01", "collected": "2011-04-01", "revised": "2013-1-18", "video": "AtaNr-proposal_Takun.mp3"}, "file": "Atayal_Mayrinax/AtaNr-proposal_Takun", "num": 92}], [93, {"ori": [], "gloss": [["...(1.9)", "", ""], ["ma-navuwag", "AF-drink.wine", "主焦.喝酒"], ["lawwi", "more", "再"], ["ru,/", "CONJ", "連接詞"]], "free": [], "s_end": false, "iu_a_span": [301.14, 305.5], "meta": {"topic": "Proposal", "type": "Narrative", "language": "泰雅語, Atayal, Mayrinax", "speaker": "劉建和, Takun, male, 1946-07-01", "collected": "2011-04-01", "revised": "2013-1-18", "video": "AtaNr-proposal_Takun.mp3"}, "file": "Atayal_Mayrinax/AtaNr-proposal_Takun", "num": 93}], [94, {"ori": [], "gloss": [["...(1.0)", "", ""], ["mahananu", "sometimes", "有時候"], ["maka-qutux", "pass-one", "主焦.經過-一"], ["maka-rusa'", "pass-two", "主焦.經過-二"], ["ma-nabuwag.\\", "AF-drink.wine", "主焦.喝酒"]], "free": [], "s_end": false, "iu_a_span": [305.5, 309.68], "meta": {"topic": "Proposal", "type": "Narrative", "language": "泰雅語, Atayal, Mayrinax", "speaker": "劉建和, Takun, male, 1946-07-01", "collected": "2011-04-01", "revised": "2013-1-18", "video": "AtaNr-proposal_Takun.mp3"}, "file": "Atayal_Mayrinax/AtaNr-proposal_Takun", "num": 94}], [95, {"ori": [], "gloss": [["...(1.5)", "", ""], ["m-uwah", "AF-come", "主焦-來"], ["imuwag", "home", "家"], ["ru',_", "CONJ", "連接詞"]], "free": ["#e The family would drink again and sometimes keep drinking for one or two days and then come home.", "#c 然後再次喝酒，有時候喝一天、兩天，然後回家。"], "s_end": true, "iu_a_span": [309.68, 312.41], "meta": {"topic": "Proposal", "type": "Narrative", "language": "泰雅語, Atayal, Mayrinax", "speaker": "劉建和, Takun, male, 1946-07-01", "collected": "2011-04-01", "revised": "2013-1-18", "video": "AtaNr-proposal_Takun.mp3"}, "s_a_span": [298.89, 312.41], "file": "Atayal_Mayrinax/AtaNr-proposal_Takun", "num": 95}], [96, {"ori": [], "gloss": [["...(2.5)", "", ""], ["i,_", "LNK", "連詞"]], "free": [], "s_end": false, "iu_a_span": [312.41, 315.6], "meta": {"topic": "Proposal", "type": "Narrative", "language": "泰雅語, Atayal, Mayrinax", "speaker": "劉建和, Takun, male, 1946-07-01", "collected": "2011-04-01", "revised": "2013-1-18", "video": "AtaNr-proposal_Takun.mp3"}, "file": "Atayal_Mayrinax/AtaNr-proposal_Takun", "num": 96}], [97, {"ori": [], "gloss": [["...(1.2)", "", ""], ["sku'-un=naha’", "put-PF=3PL.GEN", "放-受焦=3PL.屬格"], ["ku", "NOM", "主格"], ["kai'", "word", "話"], ["maha", "say", "說"], ["u,_", "FIL", "FIL"]], "free": [], "s_end": false, "iu_a_span": [315.6, 318.72], "meta": {"topic": "Proposal", "type": "Narrative", "language": "泰雅語, Atayal, Mayrinax", "speaker": "劉建和, Takun, male, 1946-07-01", "collected": "2011-04-01", "revised": "2013-1-18", "video": "AtaNr-proposal_Takun.mp3"}, "file": "Atayal_Mayrinax/AtaNr-proposal_Takun", "num": 97}], [98, {"ori": [], "gloss": [["...(1.5)", "", ""], ["sku'-aw=ta'", "put-PF=1PL.GEN", "放-受焦=1PL.屬格"], ["sku", "NOM", "主格"], ["k<um>iloh", "<AF>harvest", "<主焦>收割"], ["la", "PART", "語助詞"], ["ga,\\", "TOP", "主題"]], "free": [], "s_end": false, "iu_a_span": [318.72, 322.4], "meta": {"topic": "Proposal", "type": "Narrative", "language": "泰雅語, Atayal, Mayrinax", "speaker": "劉建和, Takun, male, 1946-07-01", "collected": "2011-04-01", "revised": "2013-1-18", "video": "AtaNr-proposal_Takun.mp3"}, "file": "Atayal_Mayrinax/AtaNr-proposal_Takun", "num": 98}], [99, {"ori": [], "gloss": [["...(1.1)", "", ""], ["a,_", "FIL", "FIL"]], "free": [], "s_end": false, "iu_a_span": [322.4, 324.26], "meta": {"topic": "Proposal", "type": "Narrative", "language": "泰雅語, Atayal, Mayrinax", "speaker": "劉建和, Takun, male, 1946-07-01", "collected": "2011-04-01", "revised": "2013-1-18", "video": "AtaNr-proposal_Takun.mp3"}, "file": "Atayal_Mayrinax/AtaNr-proposal_Takun", "num": 99}]], "meta": {"topic": "Proposal", "type": "Narrative", "language": "泰雅語, Atayal, Mayrinax", "speaker": "劉建和, Takun, male, 1946-07-01", "collected": "2011-04-01", "revised": "2013-1-18", "video": "AtaNr-proposal_Takun.mp3"}}