{"glosses": [[1, {"ori": [], "gloss": [["kala--", "FS", "FS"]], "free": [], "s_end": false, "iu_a_span": [1.02, 1.4], "meta": {"topic": "Moving 1", "type": "Narrative", "language": "泰雅語, Atayal, Mayrinax (汶水)", "speaker": "劉建和, Takun, male, 1946-07-01", "collected": "2011-04-01", "revised": "2014-2-27", "video": "AtaNr-moving_Takun.mp3"}, "file": "Atayal_Mayrinax/AtaNr-moving_Takun", "num": 1}], [2, {"ori": [], "gloss": [["..", "", ""], ["panqu'an-ay=mu", "describe-LF=1SG.GEN", "敘述-處焦=1SG.屬格"], ["ku'==,_", "NOM", "主格"]], "free": [], "s_end": false, "iu_a_span": [1.4, 2.97], "meta": {"topic": "Moving 1", "type": "Narrative", "language": "泰雅語, Atayal, Mayrinax (汶水)", "speaker": "劉建和, Takun, male, 1946-07-01", "collected": "2011-04-01", "revised": "2014-2-27", "video": "AtaNr-moving_Takun.mp3"}, "file": "Atayal_Mayrinax/AtaNr-moving_Takun", "num": 2}], [3, {"ori": [], "gloss": [["..", "", ""], ["g<in>-gamil-an", "<PFV>RED-radicate-LF", "<完成>重疊-生根-處焦"], ["nku'", "GEN", "屬格"], ["na-navakis", "Ca-elder", "Ca重疊-年長者"], ["sunga'.\\", "past", "過去"]], "free": ["#e I'll describe the origins of our ancestors in the past.", "#c 我來敘述以前祖先的起源。", "#n gingamilan詞根為gamil，指植物生根、抓住土壤。主焦形式為 g<um>amil。", "#n nanavakis 原意為\"年長者\"，此處應指\"泰雅族人的祖先\"。", "#n 汶水泰雅不同村之間有b/v, c/s等發音上的差異。清安村發音人較年輕一輩的詞彙已無b和c的音，但較年長的發音人的部分詞彙仍保留b和c的音。此篇語料係依照發音人的發音而給予標記。"], "s_end": true, "iu_a_span": [2.97, 5.56], "meta": {"topic": "Moving 1", "type": "Narrative", "language": "泰雅語, Atayal, Mayrinax (汶水)", "speaker": "劉建和, Takun, male, 1946-07-01", "collected": "2011-04-01", "revised": "2014-2-27", "video": "AtaNr-moving_Takun.mp3"}, "s_a_span": [1.02, 5.56], "file": "Atayal_Mayrinax/AtaNr-moving_Takun", "num": 3}], [4, {"ori": [], "gloss": [["...(1.7)", "", ""], ["tiku==", "DM", "DM"], ["g<in>-gamil-an=ta'", "<PFV>RED-redicate-LF=1IPL.GEN", "<完成>重疊-生根-處焦=1IPL.屬格"], ["ka,_", "LNK", "連詞"]], "free": [], "s_end": false, "iu_a_span": [5.56, 9.53], "meta": {"topic": "Moving 1", "type": "Narrative", "language": "泰雅語, Atayal, Mayrinax (汶水)", "speaker": "劉建和, Takun, male, 1946-07-01", "collected": "2011-04-01", "revised": "2014-2-27", "video": "AtaNr-moving_Takun.mp3"}, "file": "Atayal_Mayrinax/AtaNr-moving_Takun", "num": 4}], [5, {"ori": [], "gloss": [["...", "", ""], ["navakis", "elder", "年長者"], ["sunga'", "past", "過去"], ["ga,/", "TOP", "主題"]], "free": [], "s_end": false, "iu_a_span": [9.53, 11.43], "meta": {"topic": "Moving 1", "type": "Narrative", "language": "泰雅語, Atayal, Mayrinax (汶水)", "speaker": "劉建和, Takun, male, 1946-07-01", "collected": "2011-04-01", "revised": "2014-2-27", "video": "AtaNr-moving_Takun.mp3"}, "file": "Atayal_Mayrinax/AtaNr-moving_Takun", "num": 5}], [6, {"ori": [], "gloss": [["...(0.9)", "", ""], ["m<in>kahul", "<PFV>come.from", "<完成>來自"], ["kia", "LOC", "處格"], ["pa^pak", "PN", "專名"], ["ru,_", "CONJ", "連接詞"]], "free": ["#n 此句kia'為表處所，後接表處所名詞，和表存在的kia'句法表現不同。", "#n 此句kia'為表處所，後接表處所名詞，和表存在的kia'句法表現不同。"], "s_end": false, "iu_a_span": [11.43, 14.17], "meta": {"topic": "Moving 1", "type": "Narrative", "language": "泰雅語, Atayal, Mayrinax (汶水)", "speaker": "劉建和, Takun, male, 1946-07-01", "collected": "2011-04-01", "revised": "2014-2-27", "video": "AtaNr-moving_Takun.mp3"}, "file": "Atayal_Mayrinax/AtaNr-moving_Takun", "num": 6}], [7, {"ori": [], "gloss": [["..", "", ""], ["m<in>sa'a'utu'=ta'", "<PFV>aggregate=1EPL.NOM", "<完成>聚集=1EPL.NOM"], ["kia", "LOC", "處格"], ["kahavag", "all", "所有"], ["ka,_", "LNK", "連詞"]], "free": [], "s_end": false, "iu_a_span": [14.17, 16.95], "meta": {"topic": "Moving 1", "type": "Narrative", "language": "泰雅語, Atayal, Mayrinax (汶水)", "speaker": "劉建和, Takun, male, 1946-07-01", "collected": "2011-04-01", "revised": "2014-2-27", "video": "AtaNr-moving_Takun.mp3"}, "file": "Atayal_Mayrinax/AtaNr-moving_Takun", "num": 7}], [8, {"ori": [], "gloss": [["...(1.2)", "", ""], ["ka'", "LNK", "連詞"], ["a'iani", "originally", "原本"], ["runi", "here", "這裡"], ["i", "LOC", "處格"], ["taiwan.\\", "PN", "地名"]], "free": ["#e The origin of our ancestors in the past was from the Papak Mountain, and those who were originally here in Taiwan had all been aggregated there.", "#c 我們祖先的起源來自大霸尖山，原本住在台灣的人們都曾經聚集在那裏。", "#n 此處原本住在台灣的人，應指所有原住民，但亦可指泛泰雅族人。"], "s_end": true, "iu_a_span": [16.95, 20.33], "meta": {"topic": "Moving 1", "type": "Narrative", "language": "泰雅語, Atayal, Mayrinax (汶水)", "speaker": "劉建和, Takun, male, 1946-07-01", "collected": "2011-04-01", "revised": "2014-2-27", "video": "AtaNr-moving_Takun.mp3"}, "s_a_span": [5.56, 20.33], "file": "Atayal_Mayrinax/AtaNr-moving_Takun", "num": 8}], [9, {"ori": [], "gloss": [["...(0.8)", "", ""], ["tuliq", "get.up", "起身"], ["ru,_", "CONJ", "連接詞"]], "free": ["#n tuliq原意為\"起身\"，此處有\"突然間\"的語意。", "#n tuliq原意為\"起身\"，此處有\"突然間\"的語意。"], "s_end": false, "iu_a_span": [20.33, 22.21], "meta": {"topic": "Moving 1", "type": "Narrative", "language": "泰雅語, Atayal, Mayrinax (汶水)", "speaker": "劉建和, Takun, male, 1946-07-01", "collected": "2011-04-01", "revised": "2014-2-27", "video": "AtaNr-moving_Takun.mp3"}, "file": "Atayal_Mayrinax/AtaNr-moving_Takun", "num": 9}], [10, {"ori": [], "gloss": [["...(1.4)", "", ""], ["wah-an", "come-LF", "來-處焦"], ["na", "GEN", "屬格"], ["vayhu", "typhoon", "颱風"], ["la.\\", "PART", "語助詞"]], "free": [], "s_end": false, "iu_a_span": [22.21, 25.07], "meta": {"topic": "Moving 1", "type": "Narrative", "language": "泰雅語, Atayal, Mayrinax (汶水)", "speaker": "劉建和, Takun, male, 1946-07-01", "collected": "2011-04-01", "revised": "2014-2-27", "video": "AtaNr-moving_Takun.mp3"}, "file": "Atayal_Mayrinax/AtaNr-moving_Takun", "num": 10}], [11, {"ori": [], "gloss": [["...(1.2)", "", ""], ["wah-an", "come-LF", "來-處焦"], ["na", "GEN", "屬格"], ["vayhu", "typhoon", "颱風"], ["ru,_", "CONJ", "連接詞"]], "free": [], "s_end": false, "iu_a_span": [25.07, 27.58], "meta": {"topic": "Moving 1", "type": "Narrative", "language": "泰雅語, Atayal, Mayrinax (汶水)", "speaker": "劉建和, Takun, male, 1946-07-01", "collected": "2011-04-01", "revised": "2014-2-27", "video": "AtaNr-moving_Takun.mp3"}, "file": "Atayal_Mayrinax/AtaNr-moving_Takun", "num": 11}], [12, {"ori": [], "gloss": [["..", "", ""], ["siluhey", "collapse", "崩塌"], ["ku,_", "NOM", "主格"]], "free": [], "s_end": false, "iu_a_span": [27.58, 29.19], "meta": {"topic": "Moving 1", "type": "Narrative", "language": "泰雅語, Atayal, Mayrinax (汶水)", "speaker": "劉建和, Takun, male, 1946-07-01", "collected": "2011-04-01", "revised": "2014-2-27", "video": "AtaNr-moving_Takun.mp3"}, "file": "Atayal_Mayrinax/AtaNr-moving_Takun", "num": 12}], [13, {"ori": [], "gloss": [["...", "", ""], ["papak", "PN", "專名"], ["ru.\\", "CONJ", "連接詞"]], "free": ["#e Suddenly, a typhoon came, and after that the Papak mountain collapsed.", "#c 突然間，風災就來了，然後風災來了之後大霸尖山就倒塌了。"], "s_end": true, "iu_a_span": [29.19, 30.58], "meta": {"topic": "Moving 1", "type": "Narrative", "language": "泰雅語, Atayal, Mayrinax (汶水)", "speaker": "劉建和, Takun, male, 1946-07-01", "collected": "2011-04-01", "revised": "2014-2-27", "video": "AtaNr-moving_Takun.mp3"}, "s_a_span": [20.33, 30.58], "file": "Atayal_Mayrinax/AtaNr-moving_Takun", "num": 13}], [14, {"ori": [], "gloss": [["..", "", ""], ["ma-sugagai", "AF-divergence", "主焦-分開"], ["k<um>iyum", "<AF>look.for", "<主焦>尋找"], ["su", "ACC", "受格"], ["na-niq-un", "RED-eat-PF", "重疊-吃-受焦"], ["kahavag", "all", "全部"], ["ku,_", "NOM", "主格"]], "free": [], "s_end": false, "iu_a_span": [30.58, 33.6], "meta": {"topic": "Moving 1", "type": "Narrative", "language": "泰雅語, Atayal, Mayrinax (汶水)", "speaker": "劉建和, Takun, male, 1946-07-01", "collected": "2011-04-01", "revised": "2014-2-27", "video": "AtaNr-moving_Takun.mp3"}, "file": "Atayal_Mayrinax/AtaNr-moving_Takun", "num": 14}], [15, {"ori": [], "gloss": [["...(0.9)", "", ""], ["itaal", "PN", "專名"], ["runi", "here", "這裡"], ["taiwan", "PN", "地名"], ["ru,_", "CONJ", "連接詞"]], "free": ["#e All the people originally living here in Taiwan then separated to look for food.", "#c 原本住在台灣的人們就分開去尋找食物。", "#n itaal 原專指泰雅族人，但因此處為敘述起源之說，宜翻譯為原住民。"], "s_end": true, "iu_a_span": [33.6, 36.28], "meta": {"topic": "Moving 1", "type": "Narrative", "language": "泰雅語, Atayal, Mayrinax (汶水)", "speaker": "劉建和, Takun, male, 1946-07-01", "collected": "2011-04-01", "revised": "2014-2-27", "video": "AtaNr-moving_Takun.mp3"}, "s_a_span": [30.58, 36.28], "file": "Atayal_Mayrinax/AtaNr-moving_Takun", "num": 15}], [16, {"ori": [], "gloss": [["...(1.2)", "", ""], ["aruwa", "go", "去"], ["y<um>iax", "<AF>go.downward", "<主焦>往下"], ["tigi,_", "toward", "向"]], "free": ["#n yumiax應指\"下山\"的動作。", "#n yumiax應指\"下山\"的動作。"], "s_end": false, "iu_a_span": [36.28, 38.68], "meta": {"topic": "Moving 1", "type": "Narrative", "language": "泰雅語, Atayal, Mayrinax (汶水)", "speaker": "劉建和, Takun, male, 1946-07-01", "collected": "2011-04-01", "revised": "2014-2-27", "video": "AtaNr-moving_Takun.mp3"}, "file": "Atayal_Mayrinax/AtaNr-moving_Takun", "num": 16}], [17, {"ori": [], "gloss": [["..", "", ""], ["karinku", "PN", "地名"], ["ku", "NOM", "主格"], ["ruma'", "some", "一些"], ["mu-wah", "AF-come", "主焦-來"], ["tigi,_", "toward", "向"]], "free": [], "s_end": false, "iu_a_span": [38.68, 40.75], "meta": {"topic": "Moving 1", "type": "Narrative", "language": "泰雅語, Atayal, Mayrinax (汶水)", "speaker": "劉建和, Takun, male, 1946-07-01", "collected": "2011-04-01", "revised": "2014-2-27", "video": "AtaNr-moving_Takun.mp3"}, "file": "Atayal_Mayrinax/AtaNr-moving_Takun", "num": 17}], [18, {"ori": [], "gloss": [["...", "", ""], ["<L2MtaoyuanL2M>", "PN", "地名"], ["ku", "NOM", "主格"], ["ruma'", "some", "一些"], ["mu-wah", "AF-come", "主焦-來"], ["tigi", "toward", "向"], ["vari", "PN", "地名"], ["ku", "NOM", "主格"], ["ruma'", "some", "一些"], ["m-usa", "AF-go", "主焦-去"], ["<L2MnantouL2M>", "PN", "地名"], ["ku", "NOM", "主格"], ["ruma'.\\", "some", "一些"]], "free": ["#e Some went downward to Hualien; some came to Taoyuan; some came to Miaoli; some went to Nantou.", "#c 有些人往下到了花蓮；有些人來到桃園；有些人來到苗栗；有些人去到了南投。"], "s_end": true, "iu_a_span": [40.75, 45.47], "meta": {"topic": "Moving 1", "type": "Narrative", "language": "泰雅語, Atayal, Mayrinax (汶水)", "speaker": "劉建和, Takun, male, 1946-07-01", "collected": "2011-04-01", "revised": "2014-2-27", "video": "AtaNr-moving_Takun.mp3"}, "s_a_span": [36.28, 45.47], "file": "Atayal_Mayrinax/AtaNr-moving_Takun", "num": 18}], [19, {"ori": [], "gloss": [["...", "", ""], ["<L2MsuoyiL2M>,_", "so", "所以"]], "free": [], "s_end": false, "iu_a_span": [45.47, 46.65], "meta": {"topic": "Moving 1", "type": "Narrative", "language": "泰雅語, Atayal, Mayrinax (汶水)", "speaker": "劉建和, Takun, male, 1946-07-01", "collected": "2011-04-01", "revised": "2014-2-27", "video": "AtaNr-moving_Takun.mp3"}, "file": "Atayal_Mayrinax/AtaNr-moving_Takun", "num": 19}], [20, {"ori": [], "gloss": [["...(0.8)", "", ""], ["tiku==", "DM", "DM"], ["hani", "now", "現在"], ["la", "PART", "語助詞"], ["ga", "TOP", "主題"], ["ini'", "NEG", "否定"], ["paska'", "resemble", "相像"], ["kahavag", "all", "所有"], ["na'-aring", "NA-start", "NA-開始"], ["kia", "then", "那時"], ["i==ni'", "NEG", "否定"], ["paska'", "resemble", "相像"], ["ku,_", "NOM", "主格"]], "free": ["#n 此句kia'表\"那時\"，和存在句以及表處所之用法不同。因此有三種語法功能不同的kia':(1) kia' 存在; (2) kia' 處所; (3)kia' 那時。", "#n 此句kia'表\"那時\"，和存在句以及表處所之用法不同。因此有三種語法功能不同的kia':(1) kia' 存在; (2) kia' 處所; (3)kia' 那時。"], "s_end": false, "iu_a_span": [46.65, 51.46], "meta": {"topic": "Moving 1", "type": "Narrative", "language": "泰雅語, Atayal, Mayrinax (汶水)", "speaker": "劉建和, Takun, male, 1946-07-01", "collected": "2011-04-01", "revised": "2014-2-27", "video": "AtaNr-moving_Takun.mp3"}, "file": "Atayal_Mayrinax/AtaNr-moving_Takun", "num": 20}], [21, {"ori": [], "gloss": [["...(0.8)", "", ""], ["kai'=ta'", "language=1IPL.GEN", "語言=1EPL.屬格"], ["ka", "LNK", "連詞"], ["itaa==l", "PN", "專名"], ["X", "", ""], ["la", "X", "??"], ["ru,\\", "PART", "PART"]], "free": ["#e So, now we are all different from each other. Our languages of the Atayal people have all become different since then.", "#c 所以現在大家彼此都不同了。自從那時候泰雅族的語言就都彼此不相像了。"], "s_end": true, "iu_a_span": [51.46, 54.79], "meta": {"topic": "Moving 1", "type": "Narrative", "language": "泰雅語, Atayal, Mayrinax (汶水)", "speaker": "劉建和, Takun, male, 1946-07-01", "collected": "2011-04-01", "revised": "2014-2-27", "video": "AtaNr-moving_Takun.mp3"}, "s_a_span": [45.47, 54.79], "file": "Atayal_Mayrinax/AtaNr-moving_Takun", "num": 21}], [22, {"ori": [], "gloss": [["...(0.9)", "", ""], ["tiku==,_", "DM", "DM"]], "free": [], "s_end": false, "iu_a_span": [54.79, 56.64], "meta": {"topic": "Moving 1", "type": "Narrative", "language": "泰雅語, Atayal, Mayrinax (汶水)", "speaker": "劉建和, Takun, male, 1946-07-01", "collected": "2011-04-01", "revised": "2014-2-27", "video": "AtaNr-moving_Takun.mp3"}, "file": "Atayal_Mayrinax/AtaNr-moving_Takun", "num": 22}], [23, {"ori": [], "gloss": [["...", "", ""], ["mu-vaq", "AF-arrive.by.coming.downward", "主焦-下到"], ["runi", "here", "這裡"], ["i==,_", "LOC", "處格"]], "free": ["#n 此句muvaq為\"下到\"之意，表動作的方式為\"往下\"且有\"到達\"目的地。IU16之yumiax則是只有表動作\"往下\"。", "#n 此句muvaq為\"下到\"之意，表動作的方式為\"往下\"且有\"到達\"目的地。IU16之yumiax則是只有表動作\"往下\"。"], "s_end": false, "iu_a_span": [56.64, 58.49], "meta": {"topic": "Moving 1", "type": "Narrative", "language": "泰雅語, Atayal, Mayrinax (汶水)", "speaker": "劉建和, Takun, male, 1946-07-01", "collected": "2011-04-01", "revised": "2014-2-27", "video": "AtaNr-moving_Takun.mp3"}, "file": "Atayal_Mayrinax/AtaNr-moving_Takun", "num": 23}], [24, {"ori": [], "gloss": [["..", "", ""], ["vari", "PN", "地名"], ["hani", "here", "這裡"], ["ga,_", "TOP", "主題"]], "free": [], "s_end": false, "iu_a_span": [58.49, 59.88], "meta": {"topic": "Moving 1", "type": "Narrative", "language": "泰雅語, Atayal, Mayrinax (汶水)", "speaker": "劉建和, Takun, male, 1946-07-01", "collected": "2011-04-01", "revised": "2014-2-27", "video": "AtaNr-moving_Takun.mp3"}, "file": "Atayal_Mayrinax/AtaNr-moving_Takun", "num": 24}], [25, {"ori": [], "gloss": [["...(1.3)", "", ""], ["<L2MtaiyazuL2M>", "PN", "專名"], ["sal-un", "call-PF", "稱作-受焦"], ["ku", "NOM", "主格"], ["minuka--", "FS", "FS"]], "free": [], "s_end": false, "iu_a_span": [59.88, 62.98], "meta": {"topic": "Moving 1", "type": "Narrative", "language": "泰雅語, Atayal, Mayrinax (汶水)", "speaker": "劉建和, Takun, male, 1946-07-01", "collected": "2011-04-01", "revised": "2014-2-27", "video": "AtaNr-moving_Takun.mp3"}, "file": "Atayal_Mayrinax/AtaNr-moving_Takun", "num": 25}], [26, {"ori": [], "gloss": [["...", "", ""], ["mu-vaq", "AF-come.downward", "主焦-下到"], ["vari", "PN", "地名"], ["ga", "TOP", "主題"], ["aqih", "bad", "壞"], ["gi,_", "CONJ", "連接詞"]], "free": [], "s_end": false, "iu_a_span": [62.98, 64.91], "meta": {"topic": "Moving 1", "type": "Narrative", "language": "泰雅語, Atayal, Mayrinax (汶水)", "speaker": "劉建和, Takun, male, 1946-07-01", "collected": "2011-04-01", "revised": "2014-2-27", "video": "AtaNr-moving_Takun.mp3"}, "file": "Atayal_Mayrinax/AtaNr-moving_Takun", "num": 26}], [27, {"ori": [], "gloss": [["..", "", ""], ["qais-un", "separate-PF", "分隔-受焦"], ["ragiax", "mountain", "山脈"], ["la", "PART", "語助詞"], ["ga,_", "TOP", "主題"]], "free": [], "s_end": false, "iu_a_span": [64.91, 66.43], "meta": {"topic": "Moving 1", "type": "Narrative", "language": "泰雅語, Atayal, Mayrinax (汶水)", "speaker": "劉建和, Takun, male, 1946-07-01", "collected": "2011-04-01", "revised": "2014-2-27", "video": "AtaNr-moving_Takun.mp3"}, "file": "Atayal_Mayrinax/AtaNr-moving_Takun", "num": 27}], [28, {"ori": [], "gloss": [["..", "", ""], ["ini'", "NEG", "否定"], ["paska'", "resemble", "相像"], ["ku", "NOM", "主隔"], ["hanaang", "accent", "腔調"], ["na", "GEN", "屬格"], ["ka--", "FS", "FS"], ["kai'", "language", "語言"], ["la", "PART", "語助詞"], ["gi,_", "CONJ", "連接詞"]], "free": ["#e Those who came downward to Miaoli here are called the Atayal people. Since we are separated by the mountains from each other, unfortunately, the accents of our languages do not resemble each other.", "#c 下到苗栗這裡的，就稱做為泰雅族。但是因為被山脈隔開，語言的腔調就彼此不相像。"], "s_end": true, "iu_a_span": [66.43, 69.11], "meta": {"topic": "Moving 1", "type": "Narrative", "language": "泰雅語, Atayal, Mayrinax (汶水)", "speaker": "劉建和, Takun, male, 1946-07-01", "collected": "2011-04-01", "revised": "2014-2-27", "video": "AtaNr-moving_Takun.mp3"}, "s_a_span": [54.79, 69.11], "file": "Atayal_Mayrinax/AtaNr-moving_Takun", "num": 28}], [29, {"ori": [], "gloss": [["...", "", ""], ["vali", "NEG", "否定"], ["asi", "be.like", "如同"], ["nku==,_", "GEN", "屬格"]], "free": [], "s_end": false, "iu_a_span": [69.11, 71.1], "meta": {"topic": "Moving 1", "type": "Narrative", "language": "泰雅語, Atayal, Mayrinax (汶水)", "speaker": "劉建和, Takun, male, 1946-07-01", "collected": "2011-04-01", "revised": "2014-2-27", "video": "AtaNr-moving_Takun.mp3"}, "file": "Atayal_Mayrinax/AtaNr-moving_Takun", "num": 29}], [30, {"ori": [], "gloss": [["...", "", ""], ["<L2J", "", ""], ["zitai", "era", "時代"], ["L2J>", "", ""], ["sku", "LOC", "處格"], ["hani", "now", "現在"], ["m-aglu", "AF-aggregate", "主焦-聚集"], ["karari'ax", "everyday", "每天"], ["ru,_", "CONJ", "連接詞"]], "free": [], "s_end": false, "iu_a_span": [71.1, 74.43], "meta": {"topic": "Moving 1", "type": "Narrative", "language": "泰雅語, Atayal, Mayrinax (汶水)", "speaker": "劉建和, Takun, male, 1946-07-01", "collected": "2011-04-01", "revised": "2014-2-27", "video": "AtaNr-moving_Takun.mp3"}, "file": "Atayal_Mayrinax/AtaNr-moving_Takun", "num": 30}], [31, {"ori": [], "gloss": [["...(1.4)", "", ""], ["ru", "CONJ", "連接詞"], ["m-aska'", "AF-resemble", "主焦-相像"], ["ku", "NOM", "主格"], ["kai’", "language", "語言"], ["kia", "EXIST", "存在"], ["ku", "some", "一些"], ["ruma'", "TOP", "主題"], ["ga,_", "", ""]], "free": [], "s_end": false, "iu_a_span": [74.43, 78.0], "meta": {"topic": "Moving 1", "type": "Narrative", "language": "泰雅語, Atayal, Mayrinax (汶水)", "speaker": "劉建和, Takun, male, 1946-07-01", "collected": "2011-04-01", "revised": "2014-2-27", "video": "AtaNr-moving_Takun.mp3"}, "file": "Atayal_Mayrinax/AtaNr-moving_Takun", "num": 31}], [32, {"ori": [], "gloss": [["..", "", ""], ["imu^liq", "heavy", "重"], ["ku", "NOM", "主格"], ["hanaang", "accent", "腔調"], ["na", "GEN", "屬格"], ["kai’._", "language", "語言"]], "free": [], "s_end": false, "iu_a_span": [78.0, 79.92], "meta": {"topic": "Moving 1", "type": "Narrative", "language": "泰雅語, Atayal, Mayrinax (汶水)", "speaker": "劉建和, Takun, male, 1946-07-01", "collected": "2011-04-01", "revised": "2014-2-27", "video": "AtaNr-moving_Takun.mp3"}, "file": "Atayal_Mayrinax/AtaNr-moving_Takun", "num": 32}], [33, {"ori": [], "gloss": [["..", "", ""], ["kia", "EXIST", "存在"], ["ku", "NOM", "主格"], ["ruma'", "some", "一些"], ["ga,_", "TOP", "主題"]], "free": [], "s_end": false, "iu_a_span": [79.92, 80.9], "meta": {"topic": "Moving 1", "type": "Narrative", "language": "泰雅語, Atayal, Mayrinax (汶水)", "speaker": "劉建和, Takun, male, 1946-07-01", "collected": "2011-04-01", "revised": "2014-2-27", "video": "AtaNr-moving_Takun.mp3"}, "file": "Atayal_Mayrinax/AtaNr-moving_Takun", "num": 33}], [34, {"ori": [], "gloss": [["...(1.6)", "", ""], ["ga", "TOP", "主題"], ["mahuay", "moderate", "柔和"], ["ku", "NOM", "主格"], ["kai’=nha'", "language=3PL.GEN", "語言"], ["ru,_", "CONJ", "3PL.屬格"]], "free": ["#e It wasn't like the modern era when we gather around everyday, so that the languages resemble each other. (Because being separated by mountains,) there are some people with heavy accents, and there are those whose language sounds moderate.", "#c 不像現在的時代每天聚集在一起，語言才會彼此相向。（因為被山脈隔開）有一些人語言的腔調比較重，有些人他們的語言腔調比較溫和謙遜。"], "s_end": true, "iu_a_span": [80.9, 84.6], "meta": {"topic": "Moving 1", "type": "Narrative", "language": "泰雅語, Atayal, Mayrinax (汶水)", "speaker": "劉建和, Takun, male, 1946-07-01", "collected": "2011-04-01", "revised": "2014-2-27", "video": "AtaNr-moving_Takun.mp3"}, "s_a_span": [69.11, 84.6], "file": "Atayal_Mayrinax/AtaNr-moving_Takun", "num": 34}], [35, {"ori": [], "gloss": [["...(2.1)", "", ""], ["kia", "EXIST", "存在"], ["ku", "NOM", "主格"], ["san", "call.PF", "稱作.受焦"], ["mha", "COMP", "補語詞"], ["matu'au,/", "PN", "專名"]], "free": [], "s_end": false, "iu_a_span": [84.6, 88.39], "meta": {"topic": "Moving 1", "type": "Narrative", "language": "泰雅語, Atayal, Mayrinax (汶水)", "speaker": "劉建和, Takun, male, 1946-07-01", "collected": "2011-04-01", "revised": "2014-2-27", "video": "AtaNr-moving_Takun.mp3"}, "file": "Atayal_Mayrinax/AtaNr-moving_Takun", "num": 35}], [36, {"ori": [], "gloss": [["..", "", ""], ["kia", "EXIST", "存在"], ["ku", "NOM", "主格"], ["san", "call.PF", "稱作.受焦"], ["mha", "say", "說"], ["matu'uwal.\\", "PN", "專名"]], "free": ["#e There are those who are (whose language is) called Matu'au, and there are those who are (whose language is) called Matu'uwal.", "#c 有些人（的語言）就稱作Matu'au，有些人（的語言）就稱做Matu'uwal。", "#n 在苗栗山區的泰雅族有稱作Matu'au和Matu'uwal的由來是，前者族人回話時說\"是/好\"講\"'au\"，後者則是說\"'uwal\"。因此Matu'au和Matu'uwal字面上意思為\"說'au為是/好\"的人以及\"說'uwal為是/好\"的人\"。", "#n 此處腔調重的族群指的是Matu'uwal(即清安村、此篇語料發音人的方言)，由於該方言保留較多的喉塞音，因此聽起來較艱澀難懂。Matu'au的方言(清安村族人稱其為\"澤敖利\")則是較少喉塞音，因此聽起來較滑順、溫和。"], "s_end": true, "iu_a_span": [88.39, 90.16], "meta": {"topic": "Moving 1", "type": "Narrative", "language": "泰雅語, Atayal, Mayrinax (汶水)", "speaker": "劉建和, Takun, male, 1946-07-01", "collected": "2011-04-01", "revised": "2014-2-27", "video": "AtaNr-moving_Takun.mp3"}, "s_a_span": [84.6, 90.16], "file": "Atayal_Mayrinax/AtaNr-moving_Takun", "num": 36}], [37, {"ori": [], "gloss": [["...(1.2)", "", ""], ["ru'", "CONJ", "連接詞"]], "free": [], "s_end": false, "iu_a_span": [90.16, 91.87], "meta": {"topic": "Moving 1", "type": "Narrative", "language": "泰雅語, Atayal, Mayrinax (汶水)", "speaker": "劉建和, Takun, male, 1946-07-01", "collected": "2011-04-01", "revised": "2014-2-27", "video": "AtaNr-moving_Takun.mp3"}, "file": "Atayal_Mayrinax/AtaNr-moving_Takun", "num": 37}], [38, {"ori": [], "gloss": [["..", "", ""], ["tiku", "DM", "DM"], ["sami", "1EPL.NEU", "1EPL.中性格"], ["ka==,_", "LNK", "連詞"]], "free": [], "s_end": false, "iu_a_span": [91.87, 93.23], "meta": {"topic": "Moving 1", "type": "Narrative", "language": "泰雅語, Atayal, Mayrinax (汶水)", "speaker": "劉建和, Takun, male, 1946-07-01", "collected": "2011-04-01", "revised": "2014-2-27", "video": "AtaNr-moving_Takun.mp3"}, "file": "Atayal_Mayrinax/AtaNr-moving_Takun", "num": 38}], [39, {"ori": [], "gloss": [["...", "", ""], ["mavatu'an", "PN", "地名"], ["hani", "here", "這裡"], ["hiya'", "3SG.NEU", "3SG.中性格"], ["ga,/", "TOP", "主題"]], "free": [], "s_end": false, "iu_a_span": [93.23, 95.32], "meta": {"topic": "Moving 1", "type": "Narrative", "language": "泰雅語, Atayal, Mayrinax (汶水)", "speaker": "劉建和, Takun, male, 1946-07-01", "collected": "2011-04-01", "revised": "2014-2-27", "video": "AtaNr-moving_Takun.mp3"}, "file": "Atayal_Mayrinax/AtaNr-moving_Takun", "num": 39}], [40, {"ori": [], "gloss": [["...(1.3)", "", ""], ["na-'aring", "NA-start", "NA-開始"], ["sami", "1EPL.NEU", "1EPL.NEU"], ["i==,_", "LOC", "處格"]], "free": [], "s_end": false, "iu_a_span": [95.32, 98.0], "meta": {"topic": "Moving 1", "type": "Narrative", "language": "泰雅語, Atayal, Mayrinax (汶水)", "speaker": "劉建和, Takun, male, 1946-07-01", "collected": "2011-04-01", "revised": "2014-2-27", "video": "AtaNr-moving_Takun.mp3"}, "file": "Atayal_Mayrinax/AtaNr-moving_Takun", "num": 40}], [41, {"ori": [], "gloss": [["..", "", ""], ["kia", "EXIST", "存在"], ["mu-wah", "AF-come", "主焦-來"], ["ru", "CONJ", "連接詞"], ["ukas", "NEG", "否定詞"], ["vay", "really", "真的"], ["na-niq-un.\\", "RED-eat-PF", "重疊-吃-受焦"]], "free": ["#e As for us, the people of Mavatu'an here, since we had come, there really wasn't any food.", "#c 而我們在Mavatu'an這裡，自從我們來了之後就真的都沒有食物。"], "s_end": true, "iu_a_span": [98.0, 100.29], "meta": {"topic": "Moving 1", "type": "Narrative", "language": "泰雅語, Atayal, Mayrinax (汶水)", "speaker": "劉建和, Takun, male, 1946-07-01", "collected": "2011-04-01", "revised": "2014-2-27", "video": "AtaNr-moving_Takun.mp3"}, "s_a_span": [90.16, 100.29], "file": "Atayal_Mayrinax/AtaNr-moving_Takun", "num": 41}], [42, {"ori": [], "gloss": [["..", "", ""], ["asi", "only", "只"], ["paglu", "aggregate", "聚集"], ["kina,\\", "with", "KINA"]], "free": ["#n 此句發音人表示kina為\"跟/和\"之意。", "#n 此句發音人表示kina為\"跟/和\"之意。"], "s_end": false, "iu_a_span": [100.29, 101.98], "meta": {"topic": "Moving 1", "type": "Narrative", "language": "泰雅語, Atayal, Mayrinax (汶水)", "speaker": "劉建和, Takun, male, 1946-07-01", "collected": "2011-04-01", "revised": "2014-2-27", "video": "AtaNr-moving_Takun.mp3"}, "file": "Atayal_Mayrinax/AtaNr-moving_Takun", "num": 42}], [43, {"ori": [], "gloss": [["...", "", ""], ["^qasinu", "beast", "野獸"], ["gi,_", "CONJ", "連接詞"]], "free": [], "s_end": false, "iu_a_span": [101.98, 103.73], "meta": {"topic": "Moving 1", "type": "Narrative", "language": "泰雅語, Atayal, Mayrinax (汶水)", "speaker": "劉建和, Takun, male, 1946-07-01", "collected": "2011-04-01", "revised": "2014-2-27", "video": "AtaNr-moving_Takun.mp3"}, "file": "Atayal_Mayrinax/AtaNr-moving_Takun", "num": 43}], [44, {"ori": [], "gloss": [["...", "", ""], ["kia--", "FS", "FS"]], "free": [], "s_end": false, "iu_a_span": [103.73, 104.32], "meta": {"topic": "Moving 1", "type": "Narrative", "language": "泰雅語, Atayal, Mayrinax (汶水)", "speaker": "劉建和, Takun, male, 1946-07-01", "collected": "2011-04-01", "revised": "2014-2-27", "video": "AtaNr-moving_Takun.mp3"}, "file": "Atayal_Mayrinax/AtaNr-moving_Takun", "num": 44}], [45, {"ori": [], "gloss": [["...", "", ""], ["ukas", "NEG", "否定"], ["a==,_", "NOM", "主格"]], "free": [], "s_end": false, "iu_a_span": [104.32, 105.63], "meta": {"topic": "Moving 1", "type": "Narrative", "language": "泰雅語, Atayal, Mayrinax (汶水)", "speaker": "劉建和, Takun, male, 1946-07-01", "collected": "2011-04-01", "revised": "2014-2-27", "video": "AtaNr-moving_Takun.mp3"}, "file": "Atayal_Mayrinax/AtaNr-moving_Takun", "num": 45}], [46, {"ori": [], "gloss": [["...(0.8)", "", ""], ["^patus", "gun", "槍"], ["sunga'", "past", "過去"], ["gi,_", "CONJ", "連接詞"]], "free": [], "s_end": false, "iu_a_span": [105.63, 107.96], "meta": {"topic": "Moving 1", "type": "Narrative", "language": "泰雅語, Atayal, Mayrinax (汶水)", "speaker": "劉建和, Takun, male, 1946-07-01", "collected": "2011-04-01", "revised": "2014-2-27", "video": "AtaNr-moving_Takun.mp3"}, "file": "Atayal_Mayrinax/AtaNr-moving_Takun", "num": 46}], [47, {"ori": [], "gloss": [["...", "", ""], ["vali", "NEG", "否定"], ["kia", "EXIST", "存在"], ["a==,_", "NOM", "主格"]], "free": [], "s_end": false, "iu_a_span": [107.96, 109.91], "meta": {"topic": "Moving 1", "type": "Narrative", "language": "泰雅語, Atayal, Mayrinax (汶水)", "speaker": "劉建和, Takun, male, 1946-07-01", "collected": "2011-04-01", "revised": "2014-2-27", "video": "AtaNr-moving_Takun.mp3"}, "file": "Atayal_Mayrinax/AtaNr-moving_Takun", "num": 47}], [48, {"ori": [], "gloss": [["...(1.4)", "", ""], ["qavuli'", "gun.powder", "火藥"], ["uwi", "also", "也"], ["X._", "", ""]], "free": ["#e We had no choice but stay together with the beasts because there were no guns in the past, and no gun powder either.", "#c 只能和野獸在一起，因為以前沒有槍，也沒有火藥。"], "s_end": true, "iu_a_span": [109.91, 112.46], "meta": {"topic": "Moving 1", "type": "Narrative", "language": "泰雅語, Atayal, Mayrinax (汶水)", "speaker": "劉建和, Takun, male, 1946-07-01", "collected": "2011-04-01", "revised": "2014-2-27", "video": "AtaNr-moving_Takun.mp3"}, "s_a_span": [100.29, 112.46], "file": "Atayal_Mayrinax/AtaNr-moving_Takun", "num": 48}], [49, {"ori": [], "gloss": [["...(1.1)", "", ""], ["nanak", "only", "單獨"], ["ku", "NOM", "主格"], ["puting", "hunting.knife", "獵刀"], ["^takis", "hunting.knife", "獵刀"], ["vay", "really", "真的"], ["ku,_", "NOM", "主格"]], "free": ["#n 此句有兩種獵刀說法，前者puting為澤傲利方言(Matu'au)的說法，後者takis為Matu'uwal方言的說法。", "#n 此句有兩種獵刀說法，前者puting為澤傲利方言(Matu'au)的說法，後者takis為Matu'uwal方言的說法。"], "s_end": false, "iu_a_span": [112.46, 115.85], "meta": {"topic": "Moving 1", "type": "Narrative", "language": "泰雅語, Atayal, Mayrinax (汶水)", "speaker": "劉建和, Takun, male, 1946-07-01", "collected": "2011-04-01", "revised": "2014-2-27", "video": "AtaNr-moving_Takun.mp3"}, "file": "Atayal_Mayrinax/AtaNr-moving_Takun", "num": 49}], [50, {"ori": [], "gloss": [["...(0.8)", "", ""], ["ras-un=mian", "bring-PF=1EPL.GEN", "攜帶-受焦=1EPL.屬格"], ["ru,_", "CONJ", "連接詞"]], "free": ["#e What we brought were really only the hunting knives.", "#c 我們所攜帶的真的只有獵刀。"], "s_end": true, "iu_a_span": [115.85, 117.96], "meta": {"topic": "Moving 1", "type": "Narrative", "language": "泰雅語, Atayal, Mayrinax (汶水)", "speaker": "劉建和, Takun, male, 1946-07-01", "collected": "2011-04-01", "revised": "2014-2-27", "video": "AtaNr-moving_Takun.mp3"}, "s_a_span": [112.46, 117.96], "file": "Atayal_Mayrinax/AtaNr-moving_Takun", "num": 50}], [51, {"ori": [], "gloss": [["...(2.1)", "", ""], ["ini^wan", "same", "相同"], ["na", "GEN", "屬格"], ["qasinu", "beast", "野獸"], ["k<in>qiyanux=mian", "<PFV>life=1EPL.GEN", "<完成>生活=1EPL.屬格"], ["sunga'", "past", "過去"], ["i--", "FS", "FS"]], "free": ["#e Our lives in the past were the same as those of the beasts.", "#c 我們過去的生活就和野獸一樣。"], "s_end": true, "iu_a_span": [117.96, 122.73], "meta": {"topic": "Moving 1", "type": "Narrative", "language": "泰雅語, Atayal, Mayrinax (汶水)", "speaker": "劉建和, Takun, male, 1946-07-01", "collected": "2011-04-01", "revised": "2014-2-27", "video": "AtaNr-moving_Takun.mp3"}, "s_a_span": [117.96, 122.73], "file": "Atayal_Mayrinax/AtaNr-moving_Takun", "num": 51}], [52, {"ori": [], "gloss": [["..", "", ""], ["tal-an", "see-LF", "看見-處焦"], ["qutux", "one", "一"], ["qasinu", "beast", "野獸"], ["ga,_", "TOP", "主題"]], "free": [], "s_end": false, "iu_a_span": [122.73, 124.31], "meta": {"topic": "Moving 1", "type": "Narrative", "language": "泰雅語, Atayal, Mayrinax (汶水)", "speaker": "劉建和, Takun, male, 1946-07-01", "collected": "2011-04-01", "revised": "2014-2-27", "video": "AtaNr-moving_Takun.mp3"}, "file": "Atayal_Mayrinax/AtaNr-moving_Takun", "num": 52}], [53, {"ori": [], "gloss": [["..", "", ""], ["tuting-un", "beat-PF", "打-受焦"], ["ru,_", "CONJ", "連接詞"]], "free": [], "s_end": false, "iu_a_span": [124.31, 125.77], "meta": {"topic": "Moving 1", "type": "Narrative", "language": "泰雅語, Atayal, Mayrinax (汶水)", "speaker": "劉建和, Takun, male, 1946-07-01", "collected": "2011-04-01", "revised": "2014-2-27", "video": "AtaNr-moving_Takun.mp3"}, "file": "Atayal_Mayrinax/AtaNr-moving_Takun", "num": 53}], [54, {"ori": [], "gloss": [["...(0.9)", "", ""], ["nanu", "DM", "DM"], ["yani", "that", "那個"], ["ku==,\\", "NOM", "主格"]], "free": [], "s_end": false, "iu_a_span": [125.77, 127.88], "meta": {"topic": "Moving 1", "type": "Narrative", "language": "泰雅語, Atayal, Mayrinax (汶水)", "speaker": "劉建和, Takun, male, 1946-07-01", "collected": "2011-04-01", "revised": "2014-2-27", "video": "AtaNr-moving_Takun.mp3"}, "file": "Atayal_Mayrinax/AtaNr-moving_Takun", "num": 54}], [55, {"ori": [], "gloss": [["...", "", ""], ["si-qiyanux", "IF-life", "工焦-生活"], ["nku,\\", "GEN", "屬格"]], "free": [], "s_end": false, "iu_a_span": [127.88, 129.97], "meta": {"topic": "Moving 1", "type": "Narrative", "language": "泰雅語, Atayal, Mayrinax (汶水)", "speaker": "劉建和, Takun, male, 1946-07-01", "collected": "2011-04-01", "revised": "2014-2-27", "video": "AtaNr-moving_Takun.mp3"}, "file": "Atayal_Mayrinax/AtaNr-moving_Takun", "num": 55}], [56, {"ori": [], "gloss": [["..", "", ""], ["sami", "1EPL.NEU", "1EPL.中性格"], ["ka", "LNK", "連詞"], ["itaal", "PN", "專名"], ["hani.\\", "here", "這裡"]], "free": ["#e If we saw a beast, we beat it, and that was what we, the Atayal people here, depended on when living.", "#c 如果看到一隻野獸，就把牠打死，我們這裡的泰雅族人就是靠這個維生。"], "s_end": true, "iu_a_span": [129.97, 131.35], "meta": {"topic": "Moving 1", "type": "Narrative", "language": "泰雅語, Atayal, Mayrinax (汶水)", "speaker": "劉建和, Takun, male, 1946-07-01", "collected": "2011-04-01", "revised": "2014-2-27", "video": "AtaNr-moving_Takun.mp3"}, "s_a_span": [122.73, 131.35], "file": "Atayal_Mayrinax/AtaNr-moving_Takun", "num": 56}], [57, {"ori": [], "gloss": [["...(1.0)", "", ""], ["ru==,/", "CONJ", "連接詞"]], "free": [], "s_end": false, "iu_a_span": [131.35, 133.67], "meta": {"topic": "Moving 1", "type": "Narrative", "language": "泰雅語, Atayal, Mayrinax (汶水)", "speaker": "劉建和, Takun, male, 1946-07-01", "collected": "2011-04-01", "revised": "2014-2-27", "video": "AtaNr-moving_Takun.mp3"}, "file": "Atayal_Mayrinax/AtaNr-moving_Takun", "num": 57}], [58, {"ori": [], "gloss": [["...(0.9)", "", ""], ["ma-qahquwaw=sami", "AF-go.downhill=1EPL.NOM", "主焦-下坡=1EPL.主格"], ["ru", "CONJ", "連接詞"], ["mu-wah=sami", "AF-come=1EPL.NOM", "主焦-來=1EPL.主格"], ["i==", "LOC", "處格"], ["yahu", "bottom", "下面"], ["na", "GEN", "屬格"], ["pa==pak", "PN", "地名"], ["la", "PART", "語助詞"], ["ru.\\", "CONJ", "連接詞"]], "free": ["#e We went downhill and came to the foot of the Papak Mountain.", "#c 我們下坡然後就來到大霸尖山的下面。", "#n 此句maqahaquaw為\"順勢下坡\"之意，和yumiax\"往下\"不同。"], "s_end": true, "iu_a_span": [133.67, 138.26], "meta": {"topic": "Moving 1", "type": "Narrative", "language": "泰雅語, Atayal, Mayrinax (汶水)", "speaker": "劉建和, Takun, male, 1946-07-01", "collected": "2011-04-01", "revised": "2014-2-27", "video": "AtaNr-moving_Takun.mp3"}, "s_a_span": [131.35, 138.26], "file": "Atayal_Mayrinax/AtaNr-moving_Takun", "num": 58}], [59, {"ori": [], "gloss": [["...(2.1)", "", ""], ["ru", "CONJ", "連接詞"], ["l<um>uag", "<AF>find", "<主焦>找到"], ["tikay", "a.little", "一點"], ["su", "ACC", "受格"], ["gag^hap", "seed", "種子"], ["na==,_", "GEN", "屬格"]], "free": [], "s_end": false, "iu_a_span": [138.26, 142.68], "meta": {"topic": "Moving 1", "type": "Narrative", "language": "泰雅語, Atayal, Mayrinax (汶水)", "speaker": "劉建和, Takun, male, 1946-07-01", "collected": "2011-04-01", "revised": "2014-2-27", "video": "AtaNr-moving_Takun.mp3"}, "file": "Atayal_Mayrinax/AtaNr-moving_Takun", "num": 59}], [60, {"ori": [], "gloss": [["...(2.2)", "", ""], ["na", "GEN", "屬格"], ["^pati'", "rice", "稻子"], ["la", "PART", "語助詞"], ["ku==,_", "NOM", "主格"]], "free": ["#n 此句la ku亦可解釋為單一的言談標記lku，但因後有主格論元itaal，此處將其分開標記。", "#n 此句la ku亦可解釋為單一的言談標記lku，但因後有主格論元itaal，此處將其分開標記。"], "s_end": false, "iu_a_span": [142.68, 146.79], "meta": {"topic": "Moving 1", "type": "Narrative", "language": "泰雅語, Atayal, Mayrinax (汶水)", "speaker": "劉建和, Takun, male, 1946-07-01", "collected": "2011-04-01", "revised": "2014-2-27", "video": "AtaNr-moving_Takun.mp3"}, "file": "Atayal_Mayrinax/AtaNr-moving_Takun", "num": 60}], [61, {"ori": [], "gloss": [["...(1.0)", "", ""], ["itaal.\\", "PN", "專名"]], "free": ["#e The Atayal people found some rice seeds.", "#c 泰雅人找到了一些稻米的種子。"], "s_end": true, "iu_a_span": [146.79, 148.24], "meta": {"topic": "Moving 1", "type": "Narrative", "language": "泰雅語, Atayal, Mayrinax (汶水)", "speaker": "劉建和, Takun, male, 1946-07-01", "collected": "2011-04-01", "revised": "2014-2-27", "video": "AtaNr-moving_Takun.mp3"}, "s_a_span": [138.26, 148.24], "file": "Atayal_Mayrinax/AtaNr-moving_Takun", "num": 61}], [62, {"ori": [], "gloss": [["..", "", ""], ["ki'i", "probably", "可能"], ["v<in>uway", "<PF>give", "<受焦>給"], ["vay", "really", "真的"], ["nku", "GEN", "屬格"], ["kamisama'", "God", "上帝"], ["ku==,_", "NOM", "主格"]], "free": [], "s_end": false, "iu_a_span": [148.24, 150.87], "meta": {"topic": "Moving 1", "type": "Narrative", "language": "泰雅語, Atayal, Mayrinax (汶水)", "speaker": "劉建和, Takun, male, 1946-07-01", "collected": "2011-04-01", "revised": "2014-2-27", "video": "AtaNr-moving_Takun.mp3"}, "file": "Atayal_Mayrinax/AtaNr-moving_Takun", "num": 62}], [63, {"ori": [], "gloss": [["..", "", ""], ["yani", "that", "那個"], ["su", "ACC", "受格"], ["kaqiyanux", "life", "生活"], ["ru.\\", "CONJ", "連接詞"]], "free": ["#e That's probably God's gift, so that we can live on in that way.", "#c 大概是上帝的賞賜，那樣才能過活。"], "s_end": true, "iu_a_span": [150.87, 152.6], "meta": {"topic": "Moving 1", "type": "Narrative", "language": "泰雅語, Atayal, Mayrinax (汶水)", "speaker": "劉建和, Takun, male, 1946-07-01", "collected": "2011-04-01", "revised": "2014-2-27", "video": "AtaNr-moving_Takun.mp3"}, "s_a_span": [148.24, 152.6], "file": "Atayal_Mayrinax/AtaNr-moving_Takun", "num": 63}], [64, {"ori": [], "gloss": [["...", "", ""], ["ta-'aring-un", "TA-start-PF", "TA-開始-受焦"], ["kia", "then", "那時"], ["t<um>uvux.\\", "<AF>sow", "<主焦>播種"]], "free": ["#e From then on we have sowed.", "#c 從那時候開始就播種。"], "s_end": true, "iu_a_span": [152.6, 154.95], "meta": {"topic": "Moving 1", "type": "Narrative", "language": "泰雅語, Atayal, Mayrinax (汶水)", "speaker": "劉建和, Takun, male, 1946-07-01", "collected": "2011-04-01", "revised": "2014-2-27", "video": "AtaNr-moving_Takun.mp3"}, "s_a_span": [152.6, 154.95], "file": "Atayal_Mayrinax/AtaNr-moving_Takun", "num": 64}], [65, {"ori": [], "gloss": [["...(1.8)", "", ""], ["i-kia", "I-EXIST", "I-存在"], ["tikay", "a.little", "一點"], ["ku", "NOM", "主格"], ["i-rarawq", "I-short", "I-矮"], ["na", "GEN", "屬格"], ["kahuniq", "tree", "樹"], ["ga", "TOP", "主題"], ["pinang-un", "cultivate-PF", "開墾-受焦"], ["ru,_", "CONJ", "連接詞"]], "free": [], "s_end": false, "iu_a_span": [154.95, 160.83], "meta": {"topic": "Moving 1", "type": "Narrative", "language": "泰雅語, Atayal, Mayrinax (汶水)", "speaker": "劉建和, Takun, male, 1946-07-01", "collected": "2011-04-01", "revised": "2014-2-27", "video": "AtaNr-moving_Takun.mp3"}, "file": "Atayal_Mayrinax/AtaNr-moving_Takun", "num": 65}], [66, {"ori": [], "gloss": [["...(1.6)", "", ""], ["ru", "CONJ", "連接詞"], ["tuvux-an", "sow-LF", "播種-處焦"], ["tikay", "a.little", "一點"], ["vali", "NEG", "否定"], ["kituwa'", "much", "很多"], ["ska'", "just.enough", "剛好足夠"], ["suvalay", "really", "真的"], ["tahunak-an._", "sit-LF", "坐-受焦"]], "free": ["#e If there were some areas with short trees, we cultivated them, and sowed a little bit in some areas that were not large but were really just large enough for one to sit on.", "#c 如果有一些樹長得較矮的地方，就拿來開墾，然後播一點種，範圍不大，剛好可以坐下。"], "s_end": true, "iu_a_span": [160.83, 166.24], "meta": {"topic": "Moving 1", "type": "Narrative", "language": "泰雅語, Atayal, Mayrinax (汶水)", "speaker": "劉建和, Takun, male, 1946-07-01", "collected": "2011-04-01", "revised": "2014-2-27", "video": "AtaNr-moving_Takun.mp3"}, "s_a_span": [154.95, 166.24], "file": "Atayal_Mayrinax/AtaNr-moving_Takun", "num": 66}], [67, {"ori": [], "gloss": [["...", "", ""], ["t<um>uvux", "<AF>sow", "<主焦>播種"], ["ku", "NOM", "主格"], ["ka-knayril", "Ca-woman", "Ca重疊"], ["la", "PART", "語助詞"], ["ga,/", "TOP", "主題"]], "free": ["#e The women sowed.", "#c 女人們播種。"], "s_end": true, "iu_a_span": [166.24, 168.71], "meta": {"topic": "Moving 1", "type": "Narrative", "language": "泰雅語, Atayal, Mayrinax (汶水)", "speaker": "劉建和, Takun, male, 1946-07-01", "collected": "2011-04-01", "revised": "2014-2-27", "video": "AtaNr-moving_Takun.mp3"}, "s_a_span": [166.24, 168.71], "file": "Atayal_Mayrinax/AtaNr-moving_Takun", "num": 67}], [68, {"ori": [], "gloss": [["...(2.2)", "", ""], ["ga", "TOP", "主題"], ["m-usa'", "AF-go", "主焦-去"], ["i==,_", "LNK", "連詞"]], "free": [], "s_end": false, "iu_a_span": [168.71, 172.01], "meta": {"topic": "Moving 1", "type": "Narrative", "language": "泰雅語, Atayal, Mayrinax (汶水)", "speaker": "劉建和, Takun, male, 1946-07-01", "collected": "2011-04-01", "revised": "2014-2-27", "video": "AtaNr-moving_Takun.mp3"}, "file": "Atayal_Mayrinax/AtaNr-moving_Takun", "num": 68}], [69, {"ori": [], "gloss": [["..", "", ""], ["q<um>aluap", "<AF>hunt", "<主焦>打獵"], ["ku==,_", "NOM", "主格"]], "free": [], "s_end": false, "iu_a_span": [172.01, 173.42], "meta": {"topic": "Moving 1", "type": "Narrative", "language": "泰雅語, Atayal, Mayrinax (汶水)", "speaker": "劉建和, Takun, male, 1946-07-01", "collected": "2011-04-01", "revised": "2014-2-27", "video": "AtaNr-moving_Takun.mp3"}, "file": "Atayal_Mayrinax/AtaNr-moving_Takun", "num": 69}], [70, {"ori": [], "gloss": [["...(2.2)", "", ""], ["ku==,_", "NOM", "主格"]], "free": [], "s_end": false, "iu_a_span": [173.42, 176.39], "meta": {"topic": "Moving 1", "type": "Narrative", "language": "泰雅語, Atayal, Mayrinax (汶水)", "speaker": "劉建和, Takun, male, 1946-07-01", "collected": "2011-04-01", "revised": "2014-2-27", "video": "AtaNr-moving_Takun.mp3"}, "file": "Atayal_Mayrinax/AtaNr-moving_Takun", "num": 70}], [71, {"ori": [], "gloss": [["...", "", ""], ["tamalung", "man", "男人"], ["hiya'", "3SG.NEU", "3SG.中性格"], ["ru._", "CONJ", "連接詞"]], "free": ["#e The men went hunting.", "#c 男人們去打獵。"], "s_end": true, "iu_a_span": [176.39, 177.95], "meta": {"topic": "Moving 1", "type": "Narrative", "language": "泰雅語, Atayal, Mayrinax (汶水)", "speaker": "劉建和, Takun, male, 1946-07-01", "collected": "2011-04-01", "revised": "2014-2-27", "video": "AtaNr-moving_Takun.mp3"}, "s_a_span": [168.71, 177.95], "file": "Atayal_Mayrinax/AtaNr-moving_Takun", "num": 71}], [72, {"ori": [], "gloss": [["...(2.0)", "", ""], ["ukas", "NEG", "否定"], ["a", "NOM", "主格"], ["^timu'", "salt", "鹽"], ["^sunga'._", "past", "過去"]], "free": ["#e There was no salt in the past.", "#c 以前沒有鹽。"], "s_end": true, "iu_a_span": [177.95, 181.45], "meta": {"topic": "Moving 1", "type": "Narrative", "language": "泰雅語, Atayal, Mayrinax (汶水)", "speaker": "劉建和, Takun, male, 1946-07-01", "collected": "2011-04-01", "revised": "2014-2-27", "video": "AtaNr-moving_Takun.mp3"}, "s_a_span": [177.95, 181.45], "file": "Atayal_Mayrinax/AtaNr-moving_Takun", "num": 72}], [73, {"ori": [], "gloss": [["...(0.7)", "", ""], ["nanuan", "what", "什麼"], ["ku", "NOM", "主格"], ["timu'", "salt", "鹽"], ["sunga'", "past", "過去"], ["pisa.\\", "PART", "語助詞"]], "free": ["#e What do we have as salt in the past?", "#c 以前的鹽巴是什麼呢?"], "s_end": true, "iu_a_span": [181.45, 183.88], "meta": {"topic": "Moving 1", "type": "Narrative", "language": "泰雅語, Atayal, Mayrinax (汶水)", "speaker": "劉建和, Takun, male, 1946-07-01", "collected": "2011-04-01", "revised": "2014-2-27", "video": "AtaNr-moving_Takun.mp3"}, "s_a_span": [181.45, 183.88], "file": "Atayal_Mayrinax/AtaNr-moving_Takun", "num": 73}], [74, {"ori": [], "gloss": [["...(0.9)", "", ""], ["tiku,\\", "DM", "DM"]], "free": [], "s_end": false, "iu_a_span": [183.88, 185.25], "meta": {"topic": "Moving 1", "type": "Narrative", "language": "泰雅語, Atayal, Mayrinax (汶水)", "speaker": "劉建和, Takun, male, 1946-07-01", "collected": "2011-04-01", "revised": "2014-2-27", "video": "AtaNr-moving_Takun.mp3"}, "file": "Atayal_Mayrinax/AtaNr-moving_Takun", "num": 74}], [75, {"ori": [], "gloss": [["...", "", ""], ["pa--", "FS", "FS"]], "free": [], "s_end": false, "iu_a_span": [185.25, 185.81], "meta": {"topic": "Moving 1", "type": "Narrative", "language": "泰雅語, Atayal, Mayrinax (汶水)", "speaker": "劉建和, Takun, male, 1946-07-01", "collected": "2011-04-01", "revised": "2014-2-27", "video": "AtaNr-moving_Takun.mp3"}, "file": "Atayal_Mayrinax/AtaNr-moving_Takun", "num": 75}], [76, {"ori": [], "gloss": [["...", "", ""], ["pa-na-qali'", "PA-NA-bark", "PA-NA-樹皮"], ["su==,_", "ACC", "受格"]], "free": ["#n qali'指\"樹皮\"，panaqali'則為\"剝皮\"之意。目前不確定此處pa-是否為\"非實現\"標記。亦不確定na-是否和na-'aring的前綴相同。", "#n qali'指\"樹皮\"，panaqali'則為\"剝皮\"之意。目前不確定此處pa-是否為\"非實現\"標記。亦不確定na-是否和na-'aring的前綴相同。"], "s_end": false, "iu_a_span": [185.81, 187.26], "meta": {"topic": "Moving 1", "type": "Narrative", "language": "泰雅語, Atayal, Mayrinax (汶水)", "speaker": "劉建和, Takun, male, 1946-07-01", "collected": "2011-04-01", "revised": "2014-2-27", "video": "AtaNr-moving_Takun.mp3"}, "file": "Atayal_Mayrinax/AtaNr-moving_Takun", "num": 76}], [77, {"ori": [], "gloss": [["..", "", ""], ["qali'", "bark", "樹皮"], ["na", "GEN", "屬格"], ["kahuniq", "tree", "樹"], ["ka", "LNK", "連詞"], ["ta-timu'", "TA-salt", "TA-鹽"], ["rakus", "camphor.tree", "樟樹"], ["ga,_", "TOP", "主題"]], "free": [], "s_end": false, "iu_a_span": [187.26, 190.1], "meta": {"topic": "Moving 1", "type": "Narrative", "language": "泰雅語, Atayal, Mayrinax (汶水)", "speaker": "劉建和, Takun, male, 1946-07-01", "collected": "2011-04-01", "revised": "2014-2-27", "video": "AtaNr-moving_Takun.mp3"}, "file": "Atayal_Mayrinax/AtaNr-moving_Takun", "num": 77}], [78, {"ori": [], "gloss": [["..", "", ""], ["i-samama'ah", "I-sour", "I-酸"], ["tikay", "a.little", "一點"], ["la", "PART", "PART"], ["ga,_", "TOP", "TOP"]], "free": [], "s_end": false, "iu_a_span": [190.1, 191.94], "meta": {"topic": "Moving 1", "type": "Narrative", "language": "泰雅語, Atayal, Mayrinax (汶水)", "speaker": "劉建和, Takun, male, 1946-07-01", "collected": "2011-04-01", "revised": "2014-2-27", "video": "AtaNr-moving_Takun.mp3"}, "file": "Atayal_Mayrinax/AtaNr-moving_Takun", "num": 78}], [79, {"ori": [], "gloss": [["...(0.7)", "", ""], ["yani", "that", "那個"], ["a", "NOM", "主格"], ["timu'", "salt", "鹽"], ["ru", "CONJ", "連接詞"], ["<XkitkuX>", "DM", "DM"], ["pring", "Rhus.javanica", "羅氏鹽膚木"], ["ga,_", "TOP", "主題"]], "free": [], "s_end": false, "iu_a_span": [191.94, 195.7], "meta": {"topic": "Moving 1", "type": "Narrative", "language": "泰雅語, Atayal, Mayrinax (汶水)", "speaker": "劉建和, Takun, male, 1946-07-01", "collected": "2011-04-01", "revised": "2014-2-27", "video": "AtaNr-moving_Takun.mp3"}, "file": "Atayal_Mayrinax/AtaNr-moving_Takun", "num": 79}], [80, {"ori": [], "gloss": [["...(0.8)", "", ""], ["vuway=nia'", "fruit=3SG.GEN", "果實=3SG.屬格"], ["ga", "TOP", "主題"], ["al-an", "take-LF", "拿-處焦"], ["su", "ACC", "受格"], ["timu'.\\", "salt", "鹽"]], "free": ["#e For the bark of trees that was salty, like that of the camphor trees, if it was a little sour, we made it into salt. For the Rhus javanica tree, its fruits were taken as salt.", "#c 樹皮如果有鹹味，像是樟樹，如果有點酸酸的，那個就當作鹽巴。羅氏鹽膚木的果實也拿來當作鹽巴。"], "s_end": true, "iu_a_span": [195.7, 198.49], "meta": {"topic": "Moving 1", "type": "Narrative", "language": "泰雅語, Atayal, Mayrinax (汶水)", "speaker": "劉建和, Takun, male, 1946-07-01", "collected": "2011-04-01", "revised": "2014-2-27", "video": "AtaNr-moving_Takun.mp3"}, "s_a_span": [183.88, 198.49], "file": "Atayal_Mayrinax/AtaNr-moving_Takun", "num": 80}], [81, {"ori": [], "gloss": [["...(1.8)", "", ""], ["ru==,_", "CONJ", "連接詞"]], "free": [], "s_end": false, "iu_a_span": [198.49, 201.11], "meta": {"topic": "Moving 1", "type": "Narrative", "language": "泰雅語, Atayal, Mayrinax (汶水)", "speaker": "劉建和, Takun, male, 1946-07-01", "collected": "2011-04-01", "revised": "2014-2-27", "video": "AtaNr-moving_Takun.mp3"}, "file": "Atayal_Mayrinax/AtaNr-moving_Takun", "num": 81}], [82, {"ori": [], "gloss": [["...(1.3)", "", ""], ["maqaq--", "FS", "FS"]], "free": [], "s_end": false, "iu_a_span": [201.11, 202.78], "meta": {"topic": "Moving 1", "type": "Narrative", "language": "泰雅語, Atayal, Mayrinax (汶水)", "speaker": "劉建和, Takun, male, 1946-07-01", "collected": "2011-04-01", "revised": "2014-2-27", "video": "AtaNr-moving_Takun.mp3"}, "file": "Atayal_Mayrinax/AtaNr-moving_Takun", "num": 82}], [83, {"ori": [], "gloss": [["..", "", ""], ["mu-wah", "AF-come", "主焦-來"], ["lawwi", "more", "再"], ["ma-qahquwaw", "AF-go.down.hill", "主焦-下坡"], ["lawwi", "more", "再"], ["ru==,/", "CONJ", "連接詞"]], "free": [], "s_end": false, "iu_a_span": [202.78, 205.84], "meta": {"topic": "Moving 1", "type": "Narrative", "language": "泰雅語, Atayal, Mayrinax (汶水)", "speaker": "劉建和, Takun, male, 1946-07-01", "collected": "2011-04-01", "revised": "2014-2-27", "video": "AtaNr-moving_Takun.mp3"}, "file": "Atayal_Mayrinax/AtaNr-moving_Takun", "num": 83}], [84, {"ori": [], "gloss": [["...(0.8)", "", ""], ["puah", "arrive", "到達"], ["mha", "COMP", "補語詞"], ["vay", "really", "真的"], ["i", "LOC", "處格"], ["mavatu'an", "PN", "地名"], ["la.\\", "PART", "語助詞"]], "free": ["#e As they came down hill a little more, they arrived at Mavatu'an.", "#c 再往下坡就到了Mavatu'an。", "#n puah為擬聲詞，形容一下子就到達了某處(類似：嘩！一聲就到了)。"], "s_end": true, "iu_a_span": [205.84, 208.5], "meta": {"topic": "Moving 1", "type": "Narrative", "language": "泰雅語, Atayal, Mayrinax (汶水)", "speaker": "劉建和, Takun, male, 1946-07-01", "collected": "2011-04-01", "revised": "2014-2-27", "video": "AtaNr-moving_Takun.mp3"}, "s_a_span": [198.49, 208.5], "file": "Atayal_Mayrinax/AtaNr-moving_Takun", "num": 84}], [85, {"ori": [], "gloss": [["...(1.5)", "", ""], ["ru.\\", "CONJ", "連接詞"]], "free": [], "s_end": false, "iu_a_span": [208.5, 210.43], "meta": {"topic": "Moving 1", "type": "Narrative", "language": "泰雅語, Atayal, Mayrinax (汶水)", "speaker": "劉建和, Takun, male, 1946-07-01", "collected": "2011-04-01", "revised": "2014-2-27", "video": "AtaNr-moving_Takun.mp3"}, "file": "Atayal_Mayrinax/AtaNr-moving_Takun", "num": 85}], [86, {"ori": [], "gloss": [["..", "", ""], ["mu-wah", "AF-come", "主焦-來"], ["ku", "NOM", "主格"], ["gipun", "PN", "專名"], ["la", "DM", "DM"], ["yani", "that", "那個"], ["ku,_", "NOM", "主格"]], "free": [], "s_end": false, "iu_a_span": [210.43, 212.79], "meta": {"topic": "Moving 1", "type": "Narrative", "language": "泰雅語, Atayal, Mayrinax (汶水)", "speaker": "劉建和, Takun, male, 1946-07-01", "collected": "2011-04-01", "revised": "2014-2-27", "video": "AtaNr-moving_Takun.mp3"}, "file": "Atayal_Mayrinax/AtaNr-moving_Takun", "num": 86}], [87, {"ori": [], "gloss": [["...(1.4)", "", ""], ["maymal", "fifty", "五十"], ["su", "LOC", "處格"], ["kaa==l", "year", "年"], ["ru,_", "CONJ", "連接詞"]], "free": [], "s_end": false, "iu_a_span": [212.79, 216.01], "meta": {"topic": "Moving 1", "type": "Narrative", "language": "泰雅語, Atayal, Mayrinax (汶水)", "speaker": "劉建和, Takun, male, 1946-07-01", "collected": "2011-04-01", "revised": "2014-2-27", "video": "AtaNr-moving_Takun.mp3"}, "file": "Atayal_Mayrinax/AtaNr-moving_Takun", "num": 87}], [88, {"ori": [], "gloss": [["...(0.7)", "", ""], ["masiya--", "FS", "FS"], ["ma^tupagal", "sixty", "六十"], ["su", "LOC", "處格"], ["kaal", "year", "年"], ["ma-siyaw", "AF-exceed", "主焦-超過"], ["larua?/", "PART", "PART"]], "free": ["#n 此句larua譯為\"是嗎?\"，因陳述時反問旁邊的人而使用。", "#n 此句larua譯為\"是嗎?\"，因陳述時反問旁邊的人而使用。"], "s_end": false, "iu_a_span": [216.01, 219.17], "meta": {"topic": "Moving 1", "type": "Narrative", "language": "泰雅語, Atayal, Mayrinax (汶水)", "speaker": "劉建和, Takun, male, 1946-07-01", "collected": "2011-04-01", "revised": "2014-2-27", "video": "AtaNr-moving_Takun.mp3"}, "file": "Atayal_Mayrinax/AtaNr-moving_Takun", "num": 88}], [89, {"ori": [], "gloss": [["...", "", ""], ["ku", "NOM", "主格"], ["gipun", "PN", "專名"], ["hani", "this", "這個"], ["ru,\\", "CONJ", "連接詞"]], "free": ["#e And the Japanese came. Were the Japanese here over sixty years?", "#c 然後日本人就來了。日本人在這有超過六十年嗎?"], "s_end": true, "iu_a_span": [219.17, 220.91], "meta": {"topic": "Moving 1", "type": "Narrative", "language": "泰雅語, Atayal, Mayrinax (汶水)", "speaker": "劉建和, Takun, male, 1946-07-01", "collected": "2011-04-01", "revised": "2014-2-27", "video": "AtaNr-moving_Takun.mp3"}, "s_a_span": [208.5, 220.91], "file": "Atayal_Mayrinax/AtaNr-moving_Takun", "num": 89}], [90, {"ori": [], "gloss": [["...(2.1)", "", ""], ["ki'i=nia'", "probably=3SG.GEN", "可能=3SG.屬格"], ["tal-an", "see-LF", "看-處焦"], ["ru", "CONJ", "連接詞"], ["kia", "EXIST", "存在"], ["suquliq", "person", "人"], ["ka", "LNK", "連詞"], ["suguhiloq", "smoke", "冒煙"], ["i==", "LOC", "處格"], ["ragiax", "mountain", "山脈"], ["ru,_", "CONJ", "連接詞"]], "free": [], "s_end": false, "iu_a_span": [220.91, 227.31], "meta": {"topic": "Moving 1", "type": "Narrative", "language": "泰雅語, Atayal, Mayrinax (汶水)", "speaker": "劉建和, Takun, male, 1946-07-01", "collected": "2011-04-01", "revised": "2014-2-27", "video": "AtaNr-moving_Takun.mp3"}, "file": "Atayal_Mayrinax/AtaNr-moving_Takun", "num": 90}], [91, {"ori": [], "gloss": [["...(1.5)", "", ""], ["tu'-un=nia'", "force-PF=3SG.GEN", "迫使-受焦=3SG.屬格"], ["ku", "NOM", "主格"], ["gipun", "PN", "專名"], ["mha", "COMP", "補語詞"], ["hal-i", "go-PF.IMP", "去-受焦.祈使"], ["mag-an", "take-LF", "拿-處焦"], ["ru,_", "CONJ", "連接詞"]], "free": [], "s_end": false, "iu_a_span": [227.31, 231.43], "meta": {"topic": "Moving 1", "type": "Narrative", "language": "泰雅語, Atayal, Mayrinax (汶水)", "speaker": "劉建和, Takun, male, 1946-07-01", "collected": "2011-04-01", "revised": "2014-2-27", "video": "AtaNr-moving_Takun.mp3"}, "file": "Atayal_Mayrinax/AtaNr-moving_Takun", "num": 91}], [92, {"ori": [], "gloss": [["..", "", ""], ["pasivaq-ay=ta'", "teach-LF=1IPL.NOM", "教導-處焦=1IPL.主格"], ["su==,_", "ACC", "受格"]], "free": [], "s_end": false, "iu_a_span": [231.43, 232.71], "meta": {"topic": "Moving 1", "type": "Narrative", "language": "泰雅語, Atayal, Mayrinax (汶水)", "speaker": "劉建和, Takun, male, 1946-07-01", "collected": "2011-04-01", "revised": "2014-2-27", "video": "AtaNr-moving_Takun.mp3"}, "file": "Atayal_Mayrinax/AtaNr-moving_Takun", "num": 92}], [93, {"ori": [], "gloss": [["pa-ptawwaw", "IRR-work", "非實現-工作"], ["mha,\\", "say", "說"]], "free": [], "s_end": false, "iu_a_span": [232.71, 233.97], "meta": {"topic": "Moving 1", "type": "Narrative", "language": "泰雅語, Atayal, Mayrinax (汶水)", "speaker": "劉建和, Takun, male, 1946-07-01", "collected": "2011-04-01", "revised": "2014-2-27", "video": "AtaNr-moving_Takun.mp3"}, "file": "Atayal_Mayrinax/AtaNr-moving_Takun", "num": 93}], [94, {"ori": [], "gloss": [["...", "", ""], ["ku", "NOM", "主格"], ["gipun", "PN", "專名"], ["ru,\\", "CONJ", "連接詞"]], "free": ["#e They probably saw there were people making smoke in the mountains, and said \"Go take them!\" \"Let's teach them how to work!\" said the Japanese.", "#c 他們大概看到山上有人在生煙，就說：\"去帶他們！\" 日本人就說：\"我們來教他們工作吧！\""], "s_end": true, "iu_a_span": [233.97, 235.55], "meta": {"topic": "Moving 1", "type": "Narrative", "language": "泰雅語, Atayal, Mayrinax (汶水)", "speaker": "劉建和, Takun, male, 1946-07-01", "collected": "2011-04-01", "revised": "2014-2-27", "video": "AtaNr-moving_Takun.mp3"}, "s_a_span": [220.91, 235.55], "file": "Atayal_Mayrinax/AtaNr-moving_Takun", "num": 94}], [95, {"ori": [], "gloss": [["...(1.7)", "", ""], ["ru,\\", "CONJ", "連接詞"]], "free": [], "s_end": false, "iu_a_span": [235.55, 237.67], "meta": {"topic": "Moving 1", "type": "Narrative", "language": "泰雅語, Atayal, Mayrinax (汶水)", "speaker": "劉建和, Takun, male, 1946-07-01", "collected": "2011-04-01", "revised": "2014-2-27", "video": "AtaNr-moving_Takun.mp3"}, "file": "Atayal_Mayrinax/AtaNr-moving_Takun", "num": 95}], [96, {"ori": [], "gloss": [["...", "", ""], ["pasivaq-an=sami=nia'", "teach-LF=1EPL.NOM=3SG.GEN", "教導-受焦=1EPL.主格=3SG.屬格"], ["su,_", "ACC", "受格"]], "free": [], "s_end": false, "iu_a_span": [237.67, 239.92], "meta": {"topic": "Moving 1", "type": "Narrative", "language": "泰雅語, Atayal, Mayrinax (汶水)", "speaker": "劉建和, Takun, male, 1946-07-01", "collected": "2011-04-01", "revised": "2014-2-27", "video": "AtaNr-moving_Takun.mp3"}, "file": "Atayal_Mayrinax/AtaNr-moving_Takun", "num": 96}], [97, {"ori": [], "gloss": [["..", "", ""], ["patwaw-an", "work-LF", "工作-處焦"], ["la", "PART", "語助詞"], ["ru,_", "CONJ", "連接詞"]], "free": ["#e Then, they taught us the way of working.", "#c 然後，他們便教導了我們工作的方式。", "#n 此處nia'指日本。", "#n patwaw-an為\"工作的方式\"。"], "s_end": true, "iu_a_span": [239.92, 241.48], "meta": {"topic": "Moving 1", "type": "Narrative", "language": "泰雅語, Atayal, Mayrinax (汶水)", "speaker": "劉建和, Takun, male, 1946-07-01", "collected": "2011-04-01", "revised": "2014-2-27", "video": "AtaNr-moving_Takun.mp3"}, "s_a_span": [235.55, 241.48], "file": "Atayal_Mayrinax/AtaNr-moving_Takun", "num": 97}], [98, {"ori": [], "gloss": [["...", "", ""], ["k<um>aay=sami", "<AF>dig=1EPL.NOM", "<主焦>挖=1EPL.主格"], ["su", "ACC", "受格"], ["slaq", "field", "田"], ["la._", "PART", "語助詞"]], "free": ["#e We dug some fields.", "#c 我們就挖田。"], "s_end": true, "iu_a_span": [241.48, 243.76], "meta": {"topic": "Moving 1", "type": "Narrative", "language": "泰雅語, Atayal, Mayrinax (汶水)", "speaker": "劉建和, Takun, male, 1946-07-01", "collected": "2011-04-01", "revised": "2014-2-27", "video": "AtaNr-moving_Takun.mp3"}, "s_a_span": [241.48, 243.76], "file": "Atayal_Mayrinax/AtaNr-moving_Takun", "num": 98}], [99, {"ori": [], "gloss": [["...(1.9)", "", ""], ["ku,_", "FIL", "FIL"]], "free": [], "s_end": false, "iu_a_span": [243.76, 246.08], "meta": {"topic": "Moving 1", "type": "Narrative", "language": "泰雅語, Atayal, Mayrinax (汶水)", "speaker": "劉建和, Takun, male, 1946-07-01", "collected": "2011-04-01", "revised": "2014-2-27", "video": "AtaNr-moving_Takun.mp3"}, "file": "Atayal_Mayrinax/AtaNr-moving_Takun", "num": 99}]], "meta": {"topic": "Moving 1", "type": "Narrative", "language": "泰雅語, Atayal, Mayrinax (汶水)", "speaker": "劉建和, Takun, male, 1946-07-01", "collected": "2011-04-01", "revised": "2014-2-27", "video": "AtaNr-moving_Takun.mp3"}}