{"glosses": [[1, {"ori": [], "gloss": [["tangi,\\", "today", "今天"]], "free": [], "s_end": false, "iu_a_span": [22.14, 22.64], "meta": {"topic": "Pear Story", "type": "Narrative", "language": "噶瑪蘭語, Kavalan, Pear Story", "speaker": "潘金妹, Imuy, female, 1952-10-25", "collected": "2003-05-30", "revised": "None", "video": "KavNr-pear_imuy.mp3"}, "file": "Kavalan_Xinshe/KavNr-pear_imuy", "num": 1}], [2, {"ori": [], "gloss": [["..", "", ""], ["tita-an-ku,\\", "see-LF-1SG.GEN", "看-處焦-1SG.屬格"]], "free": [], "s_end": false, "iu_a_span": [22.64, 23.43], "meta": {"topic": "Pear Story", "type": "Narrative", "language": "噶瑪蘭語, Kavalan, Pear Story", "speaker": "潘金妹, Imuy, female, 1952-10-25", "collected": "2003-05-30", "revised": "None", "video": "KavNr-pear_imuy.mp3"}, "file": "Kavalan_Xinshe/KavNr-pear_imuy", "num": 2}], [3, {"ori": [], "gloss": [["..", "", ""], ["‘nay", "that", "那個"], ["wani==.\\", "DM", "DM"]], "free": [], "s_end": false, "iu_a_span": [null, null], "meta": {"topic": "Pear Story", "type": "Narrative", "language": "噶瑪蘭語, Kavalan, Pear Story", "speaker": "潘金妹, Imuy, female, 1952-10-25", "collected": "2003-05-30", "revised": "None", "video": "KavNr-pear_imuy.mp3"}, "file": "Kavalan_Xinshe/KavNr-pear_imuy", "num": 3}], [4, {"ori": [], "gloss": [["...", "", ""], ["qi-byabas=ay,\\", "pick-guava=REL", "摘-芭樂=關係詞"]], "free": [], "s_end": false, "iu_a_span": [23.43, 24.34], "meta": {"topic": "Pear Story", "type": "Narrative", "language": "噶瑪蘭語, Kavalan, Pear Story", "speaker": "潘金妹, Imuy, female, 1952-10-25", "collected": "2003-05-30", "revised": "None", "video": "KavNr-pear_imuy.mp3"}, "file": "Kavalan_Xinshe/KavNr-pear_imuy", "num": 4}], [5, {"ori": [], "gloss": [["..", "", ""], ["lazat", "person", "人"], ["a", "LNK", "連詞"], ["yau", "that", "那個"], ["ta-,\\", "LOC-", "處格-"]], "free": [], "s_end": false, "iu_a_span": [25.86, 27.07], "meta": {"topic": "Pear Story", "type": "Narrative", "language": "噶瑪蘭語, Kavalan, Pear Story", "speaker": "潘金妹, Imuy, female, 1952-10-25", "collected": "2003-05-30", "revised": "None", "video": "KavNr-pear_imuy.mp3"}, "file": "Kavalan_Xinshe/KavNr-pear_imuy", "num": 5}], [6, {"ori": [], "gloss": [["..", "", ""], ["ta-iza-an", "LOC-somewhere-LOC", "處格-某處-處格"], ["u.\\", "PART", "語助詞"]], "free": ["#e I just saw a person who was picking guavas somewhere.", "#c 我剛剛看到採芭樂的人在那邊。", "#n qi-pais 採貝類 to pick shells", "#n qi-paRin 撿木材, 砍樹 to pick small pieces of wood, cut trees #n qi-qabing 撿/採海菜 to pick seaweeds #n qi-tiRu 撿雞蛋 to pick eggs #n qi-byabas aiku 我採芭樂 I am going to pick guavas."], "s_end": true, "iu_a_span": [27.07, 28.28], "meta": {"topic": "Pear Story", "type": "Narrative", "language": "噶瑪蘭語, Kavalan, Pear Story", "speaker": "潘金妹, Imuy, female, 1952-10-25", "collected": "2003-05-30", "revised": "None", "video": "KavNr-pear_imuy.mp3"}, "s_a_span": [22.14, 28.28], "file": "Kavalan_Xinshe/KavNr-pear_imuy", "num": 6}], [8, {"ori": [], "gloss": [["..", "", ""], ["pa,\\", "FS", "FS"]], "free": [], "s_end": false, "iu_a_span": [29.65, 30.15], "meta": {"topic": "Pear Story", "type": "Narrative", "language": "噶瑪蘭語, Kavalan, Pear Story", "speaker": "潘金妹, Imuy, female, 1952-10-25", "collected": "2003-05-30", "revised": "None", "video": "KavNr-pear_imuy.mp3"}, "file": "Kavalan_Xinshe/KavNr-pear_imuy", "num": 8}], [9, {"ori": [], "gloss": [["...", "", ""], ["ta-bunguR-an-na", "LOC-trunk-LOC-3SG.GEN", "處格-樹幹-處格-3SG.屬格"], ["na==,\\", "GEN.", "屬格"]], "free": [], "s_end": false, "iu_a_span": [30.15, 31.45], "meta": {"topic": "Pear Story", "type": "Narrative", "language": "噶瑪蘭語, Kavalan, Pear Story", "speaker": "潘金妹, Imuy, female, 1952-10-25", "collected": "2003-05-30", "revised": "None", "video": "KavNr-pear_imuy.mp3"}, "file": "Kavalan_Xinshe/KavNr-pear_imuy", "num": 9}], [10, {"ori": [], "gloss": [["..", "", ""], ["byabas", "guava", "芭樂"], ["a", "LNK", "連詞"], ["yau,\\", "that", "那個"]], "free": [], "s_end": false, "iu_a_span": [31.45, 32.38], "meta": {"topic": "Pear Story", "type": "Narrative", "language": "噶瑪蘭語, Kavalan, Pear Story", "speaker": "潘金妹, Imuy, female, 1952-10-25", "collected": "2003-05-30", "revised": "None", "video": "KavNr-pear_imuy.mp3"}, "file": "Kavalan_Xinshe/KavNr-pear_imuy", "num": 10}], [11, {"ori": [], "gloss": [["..", "", ""], ["qi,\\", "FS", "FS"]], "free": [], "s_end": false, "iu_a_span": [32.38, 32.77], "meta": {"topic": "Pear Story", "type": "Narrative", "language": "噶瑪蘭語, Kavalan, Pear Story", "speaker": "潘金妹, Imuy, female, 1952-10-25", "collected": "2003-05-30", "revised": "None", "video": "KavNr-pear_imuy.mp3"}, "file": "Kavalan_Xinshe/KavNr-pear_imuy", "num": 11}], [12, {"ori": [], "gloss": [["..", "", ""], ["qi-byabas,\\", "pick-guava", "摘-芭樂"]], "free": [], "s_end": false, "iu_a_span": [32.77, 33.62], "meta": {"topic": "Pear Story", "type": "Narrative", "language": "噶瑪蘭語, Kavalan, Pear Story", "speaker": "潘金妹, Imuy, female, 1952-10-25", "collected": "2003-05-30", "revised": "None", "video": "KavNr-pear_imuy.mp3"}, "file": "Kavalan_Xinshe/KavNr-pear_imuy", "num": 12}], [13, {"ori": [], "gloss": [["..", "", ""], ["‘nay==,_", "that", "那個"]], "free": ["#e At a guava tree.", "#c 在芭樂樹那邊。"], "s_end": true, "iu_a_span": [33.62, 34.34], "meta": {"topic": "Pear Story", "type": "Narrative", "language": "噶瑪蘭語, Kavalan, Pear Story", "speaker": "潘金妹, Imuy, female, 1952-10-25", "collected": "2003-05-30", "revised": "None", "video": "KavNr-pear_imuy.mp3"}, "s_a_span": [28.28, 34.34], "file": "Kavalan_Xinshe/KavNr-pear_imuy", "num": 13}], [14, {"ori": [], "gloss": [["...", "", ""], ["lazat", "person", "人"], ["‘nay,\\", "that", "那個"]], "free": [], "s_end": false, "iu_a_span": [34.34, 35.46], "meta": {"topic": "Pear Story", "type": "Narrative", "language": "噶瑪蘭語, Kavalan, Pear Story", "speaker": "潘金妹, Imuy, female, 1952-10-25", "collected": "2003-05-30", "revised": "None", "video": "KavNr-pear_imuy.mp3"}, "file": "Kavalan_Xinshe/KavNr-pear_imuy", "num": 14}], [15, {"ori": [], "gloss": [["..", "", ""], ["nani.\\", "DM", "DM"]], "free": [], "s_end": false, "iu_a_span": [null, null], "meta": {"topic": "Pear Story", "type": "Narrative", "language": "噶瑪蘭語, Kavalan, Pear Story", "speaker": "潘金妹, Imuy, female, 1952-10-25", "collected": "2003-05-30", "revised": "None", "video": "KavNr-pear_imuy.mp3"}, "file": "Kavalan_Xinshe/KavNr-pear_imuy", "num": 15}], [16, {"ori": [], "gloss": [["...", "", ""], ["kyala-an-na=ti,\\", "pick-LF-3SG.GEN=PFV", "撿-處焦-3SG.屬格=完成"]], "free": [], "s_end": false, "iu_a_span": [35.46, 36.05], "meta": {"topic": "Pear Story", "type": "Narrative", "language": "噶瑪蘭語, Kavalan, Pear Story", "speaker": "潘金妹, Imuy, female, 1952-10-25", "collected": "2003-05-30", "revised": "None", "video": "KavNr-pear_imuy.mp3"}, "file": "Kavalan_Xinshe/KavNr-pear_imuy", "num": 16}], [17, {"ori": [], "gloss": [["...", "", ""], ["‘nay,\\", "that", "那個"]], "free": [], "s_end": false, "iu_a_span": [37.44, 37.91], "meta": {"topic": "Pear Story", "type": "Narrative", "language": "噶瑪蘭語, Kavalan, Pear Story", "speaker": "潘金妹, Imuy, female, 1952-10-25", "collected": "2003-05-30", "revised": "None", "video": "KavNr-pear_imuy.mp3"}, "file": "Kavalan_Xinshe/KavNr-pear_imuy", "num": 17}], [18, {"ori": [], "gloss": [["..", "", ""], ["byabas", "guava", "芭樂"], ["a", "LNK", "連詞"], ["yau,\\", "that", "那個"]], "free": ["#e That person picked guavas.", "#c 那個人採芭樂。"], "s_end": true, "iu_a_span": [37.91, 38.95], "meta": {"topic": "Pear Story", "type": "Narrative", "language": "噶瑪蘭語, Kavalan, Pear Story", "speaker": "潘金妹, Imuy, female, 1952-10-25", "collected": "2003-05-30", "revised": "None", "video": "KavNr-pear_imuy.mp3"}, "s_a_span": [33.62, 38.95], "file": "Kavalan_Xinshe/KavNr-pear_imuy", "num": 18}], [19, {"ori": [], "gloss": [["...", "", ""], ["pizi-an-na", "put-LF-3SG.GEN", "放-處焦-3SG.屬格"], ["ta-,\\", "LOC-", "處格-"]], "free": [], "s_end": false, "iu_a_span": [38.95, 40.17], "meta": {"topic": "Pear Story", "type": "Narrative", "language": "噶瑪蘭語, Kavalan, Pear Story", "speaker": "潘金妹, Imuy, female, 1952-10-25", "collected": "2003-05-30", "revised": "None", "video": "KavNr-pear_imuy.mp3"}, "file": "Kavalan_Xinshe/KavNr-pear_imuy", "num": 19}], [20, {"ori": [], "gloss": [["..", "", ""], ["qibi-an,\\", "basket-LOC", "籃子-處格"]], "free": [], "s_end": false, "iu_a_span": [40.17, 41.24], "meta": {"topic": "Pear Story", "type": "Narrative", "language": "噶瑪蘭語, Kavalan, Pear Story", "speaker": "潘金妹, Imuy, female, 1952-10-25", "collected": "2003-05-30", "revised": "None", "video": "KavNr-pear_imuy.mp3"}, "file": "Kavalan_Xinshe/KavNr-pear_imuy", "num": 20}], [21, {"ori": [], "gloss": [["..", "", ""], ["nani.\\", "DM", "DM"]], "free": ["#e He put (them) in a big basket.", "#c 他(把芭樂)放在大籃子裡。", "#n datepuz 甜 sweet #n datepuz byabas a yau 那個芭樂很甜 That guava is very sweet.", "#n nengi qan-an ni-qan-an-na byabas ‘nay 他吃的那個芭樂很甜 The guava he ate is very sweet.", "#n nengi qan-an byabas ‘nay (重音) 那個芭樂很好吃 (輕音) 那個芭樂可以吃 That guava is very sweet. That guava is edible.", "#n nengi qan-an-na byabas ‘nay = nengi q<m>an tu byabas ‘nay 他可以吃那個芭樂 He can eat that guava."], "s_end": true, "iu_a_span": [41.24, 41.9], "meta": {"topic": "Pear Story", "type": "Narrative", "language": "噶瑪蘭語, Kavalan, Pear Story", "speaker": "潘金妹, Imuy, female, 1952-10-25", "collected": "2003-05-30", "revised": "None", "video": "KavNr-pear_imuy.mp3"}, "s_a_span": [37.91, 41.9], "file": "Kavalan_Xinshe/KavNr-pear_imuy", "num": 21}], [22, {"ori": [], "gloss": [["...", "", ""], ["ala-an-na,\\", "take-LF-3SG.GEN", "拿-處焦-3SG.屬格"]], "free": [], "s_end": false, "iu_a_span": [41.9, 43.25], "meta": {"topic": "Pear Story", "type": "Narrative", "language": "噶瑪蘭語, Kavalan, Pear Story", "speaker": "潘金妹, Imuy, female, 1952-10-25", "collected": "2003-05-30", "revised": "None", "video": "KavNr-pear_imuy.mp3"}, "file": "Kavalan_Xinshe/KavNr-pear_imuy", "num": 22}], [23, {"ori": [], "gloss": [["..", "", ""], ["pun", "finish", "完成"], ["k<m>yala", "<AF>pick.up", "<主焦>撿"], ["na,\\", "FS", "FS"]], "free": [], "s_end": false, "iu_a_span": [43.25, 44.11], "meta": {"topic": "Pear Story", "type": "Narrative", "language": "噶瑪蘭語, Kavalan, Pear Story", "speaker": "潘金妹, Imuy, female, 1952-10-25", "collected": "2003-05-30", "revised": "None", "video": "KavNr-pear_imuy.mp3"}, "file": "Kavalan_Xinshe/KavNr-pear_imuy", "num": 23}], [24, {"ori": [], "gloss": [["..", "", ""], ["ala-an-na=ti", "take-LF-3SG.GEN=PFV", "拿-處焦-3SG.屬格=完成"], ["na.\\", "GEN", "屬格"]], "free": ["#e He finished picking (the guavas).", "#c 撿完了芭樂。", "#n pun=ti kyala 撿完了", "#n ni-kyala-an na lazat a yau byabas 那個人撿的芭樂 the guavas picked by that man"], "s_end": true, "iu_a_span": [44.11, 45.05], "meta": {"topic": "Pear Story", "type": "Narrative", "language": "噶瑪蘭語, Kavalan, Pear Story", "speaker": "潘金妹, Imuy, female, 1952-10-25", "collected": "2003-05-30", "revised": "None", "video": "KavNr-pear_imuy.mp3"}, "s_a_span": [41.24, 45.05], "file": "Kavalan_Xinshe/KavNr-pear_imuy", "num": 24}], [25, {"ori": [], "gloss": [["...", "", ""], ["sunis", "child", "孩子"], ["a", "LNK", "連詞"], ["yau.\\", "that", "那個"]], "free": [], "s_end": false, "iu_a_span": [45.05, 46.02], "meta": {"topic": "Pear Story", "type": "Narrative", "language": "噶瑪蘭語, Kavalan, Pear Story", "speaker": "潘金妹, Imuy, female, 1952-10-25", "collected": "2003-05-30", "revised": "None", "video": "KavNr-pear_imuy.mp3"}, "file": "Kavalan_Xinshe/KavNr-pear_imuy", "num": 25}], [26, {"ori": [], "gloss": [["...", "", ""], ["m-zaqis", "AF-take", "主焦-乘坐"], ["pa==-,\\", "CAU-", "使役-"]], "free": [], "s_end": false, "iu_a_span": [46.02, 47.25], "meta": {"topic": "Pear Story", "type": "Narrative", "language": "噶瑪蘭語, Kavalan, Pear Story", "speaker": "潘金妹, Imuy, female, 1952-10-25", "collected": "2003-05-30", "revised": "None", "video": "KavNr-pear_imuy.mp3"}, "file": "Kavalan_Xinshe/KavNr-pear_imuy", "num": 26}], [27, {"ori": [], "gloss": [["..", "", ""], ["zaqis", "take", "乘坐"], ["ta==-,\\", "LOC-", "處格-"]], "free": [], "s_end": false, "iu_a_span": [47.25, 48.04], "meta": {"topic": "Pear Story", "type": "Narrative", "language": "噶瑪蘭語, Kavalan, Pear Story", "speaker": "潘金妹, Imuy, female, 1952-10-25", "collected": "2003-05-30", "revised": "None", "video": "KavNr-pear_imuy.mp3"}, "file": "Kavalan_Xinshe/KavNr-pear_imuy", "num": 27}], [28, {"ori": [], "gloss": [["..", "", ""], ["zitinsya-an.\\", "bicycle-LOC", "腳踏車-處格"]], "free": [], "s_end": false, "iu_a_span": [null, null], "meta": {"topic": "Pear Story", "type": "Narrative", "language": "噶瑪蘭語, Kavalan, Pear Story", "speaker": "潘金妹, Imuy, female, 1952-10-25", "collected": "2003-05-30", "revised": "None", "video": "KavNr-pear_imuy.mp3"}, "file": "Kavalan_Xinshe/KavNr-pear_imuy", "num": 28}], [29, {"ori": [], "gloss": [["...", "", ""], ["‘nay", "that", "那個"], ["ni-kyala-an", "PFV-pick-NMZ", "完成-撿-名物化"], ["na,\\", "GEN", "屬格"]], "free": [], "s_end": false, "iu_a_span": [48.04, 48.92], "meta": {"topic": "Pear Story", "type": "Narrative", "language": "噶瑪蘭語, Kavalan, Pear Story", "speaker": "潘金妹, Imuy, female, 1952-10-25", "collected": "2003-05-30", "revised": "None", "video": "KavNr-pear_imuy.mp3"}, "file": "Kavalan_Xinshe/KavNr-pear_imuy", "num": 29}], [30, {"ori": [], "gloss": [["..", "", ""], ["tama-na,\\", "father-3SG.GEN", "父親-3SG.屬格"]], "free": [], "s_end": false, "iu_a_span": [50.21, 50.81], "meta": {"topic": "Pear Story", "type": "Narrative", "language": "噶瑪蘭語, Kavalan, Pear Story", "speaker": "潘金妹, Imuy, female, 1952-10-25", "collected": "2003-05-30", "revised": "None", "video": "KavNr-pear_imuy.mp3"}, "file": "Kavalan_Xinshe/KavNr-pear_imuy", "num": 30}], [31, {"ori": [], "gloss": [["..", "", ""], ["tu", "OBL", "斜格"], ["byabas,\\", "guava", "芭樂"]], "free": [], "s_end": false, "iu_a_span": [50.81, 51.55], "meta": {"topic": "Pear Story", "type": "Narrative", "language": "噶瑪蘭語, Kavalan, Pear Story", "speaker": "潘金妹, Imuy, female, 1952-10-25", "collected": "2003-05-30", "revised": "None", "video": "KavNr-pear_imuy.mp3"}, "file": "Kavalan_Xinshe/KavNr-pear_imuy", "num": 31}], [32, {"ori": [], "gloss": [["..", "", ""], ["ta-bunguR-an", "LOC-trunk-LOC", "處格-樹幹-處格"], ["na", "GEN", "屬格"], ["paRin.\\", "tree", "樹"]], "free": ["#e He put onto the bicycle the guavas picked by his father around the trunk.", "#c 把那些他爸爸在樹幹那邊撿的芭樂放在腳踏車上。"], "s_end": true, "iu_a_span": [51.55, 52.8], "meta": {"topic": "Pear Story", "type": "Narrative", "language": "噶瑪蘭語, Kavalan, Pear Story", "speaker": "潘金妹, Imuy, female, 1952-10-25", "collected": "2003-05-30", "revised": "None", "video": "KavNr-pear_imuy.mp3"}, "s_a_span": [44.11, 52.8], "file": "Kavalan_Xinshe/KavNr-pear_imuy", "num": 32}], [33, {"ori": [], "gloss": [["...", "", ""], ["‘nay,\\", "that", "那個"]], "free": [], "s_end": false, "iu_a_span": [52.8, 53.9], "meta": {"topic": "Pear Story", "type": "Narrative", "language": "噶瑪蘭語, Kavalan, Pear Story", "speaker": "潘金妹, Imuy, female, 1952-10-25", "collected": "2003-05-30", "revised": "None", "video": "KavNr-pear_imuy.mp3"}, "file": "Kavalan_Xinshe/KavNr-pear_imuy", "num": 33}], [34, {"ori": [], "gloss": [["..", "", ""], ["ala-an-na", "take-LF-3SG.GEN", "拿-處焦-3SG.屬格"], ["pa-tanan", "CAU-return", "使役-回來"], ["nani.\\", "DM", "DM"]], "free": [], "s_end": false, "iu_a_span": [53.9, 55.51], "meta": {"topic": "Pear Story", "type": "Narrative", "language": "噶瑪蘭語, Kavalan, Pear Story", "speaker": "潘金妹, Imuy, female, 1952-10-25", "collected": "2003-05-30", "revised": "None", "video": "KavNr-pear_imuy.mp3"}, "file": "Kavalan_Xinshe/KavNr-pear_imuy", "num": 34}], [35, {"ori": [], "gloss": [["...", "", ""], ["tangi", "today", "今天"], ["nani,\\", "DM", "DM"]], "free": [], "s_end": false, "iu_a_span": [55.51, 56.68], "meta": {"topic": "Pear Story", "type": "Narrative", "language": "噶瑪蘭語, Kavalan, Pear Story", "speaker": "潘金妹, Imuy, female, 1952-10-25", "collected": "2003-05-30", "revised": "None", "video": "KavNr-pear_imuy.mp3"}, "file": "Kavalan_Xinshe/KavNr-pear_imuy", "num": 35}], [36, {"ori": [], "gloss": [["...", "", ""], ["suRaw=ti,\\", "fall=PFV", "跌倒=完成"]], "free": [], "s_end": false, "iu_a_span": [56.68, 57.44], "meta": {"topic": "Pear Story", "type": "Narrative", "language": "噶瑪蘭語, Kavalan, Pear Story", "speaker": "潘金妹, Imuy, female, 1952-10-25", "collected": "2003-05-30", "revised": "None", "video": "KavNr-pear_imuy.mp3"}, "file": "Kavalan_Xinshe/KavNr-pear_imuy", "num": 36}], [37, {"ori": [], "gloss": [["..", "", ""], ["ta-pataz-an", "LOC-halfway-LOC", "處格-半路-處格"], ["na", "GEN", "屬格"], ["lazan,\\", "road", "路"]], "free": [], "s_end": false, "iu_a_span": [57.44, 58.85], "meta": {"topic": "Pear Story", "type": "Narrative", "language": "噶瑪蘭語, Kavalan, Pear Story", "speaker": "潘金妹, Imuy, female, 1952-10-25", "collected": "2003-05-30", "revised": "None", "video": "KavNr-pear_imuy.mp3"}, "file": "Kavalan_Xinshe/KavNr-pear_imuy", "num": 37}], [38, {"ori": [], "gloss": [["..", "", ""], ["‘nay", "that", "那個"], ["sunis", "child", "小孩"], ["a", "LNK", "連詞"], ["yau.\\", "that", "那個"]], "free": ["#e The child fell halfway.", "#c 小孩在半路跌倒了。"], "s_end": true, "iu_a_span": [58.85, 60.17], "meta": {"topic": "Pear Story", "type": "Narrative", "language": "噶瑪蘭語, Kavalan, Pear Story", "speaker": "潘金妹, Imuy, female, 1952-10-25", "collected": "2003-05-30", "revised": "None", "video": "KavNr-pear_imuy.mp3"}, "s_a_span": [51.55, 60.17], "file": "Kavalan_Xinshe/KavNr-pear_imuy", "num": 38}], [39, {"ori": [], "gloss": [["...", "", ""], ["m-luzit=ti,\\", "AF-hurt=PFV", "主焦-受傷=完成"]], "free": [], "s_end": false, "iu_a_span": [60.17, 61.4], "meta": {"topic": "Pear Story", "type": "Narrative", "language": "噶瑪蘭語, Kavalan, Pear Story", "speaker": "潘金妹, Imuy, female, 1952-10-25", "collected": "2003-05-30", "revised": "None", "video": "KavNr-pear_imuy.mp3"}, "file": "Kavalan_Xinshe/KavNr-pear_imuy", "num": 39}], [40, {"ori": [], "gloss": [["..", "", ""], ["zapan", "foot", "腳"], ["na,\\", "GEN", "屬格"]], "free": [], "s_end": false, "iu_a_span": [61.4, 62.31], "meta": {"topic": "Pear Story", "type": "Narrative", "language": "噶瑪蘭語, Kavalan, Pear Story", "speaker": "潘金妹, Imuy, female, 1952-10-25", "collected": "2003-05-30", "revised": "None", "video": "KavNr-pear_imuy.mp3"}, "file": "Kavalan_Xinshe/KavNr-pear_imuy", "num": 40}], [41, {"ori": [], "gloss": [["..", "", ""], ["sunis", "child", "小孩"], ["a", "LNK", "連詞"], ["yau", "that", "那個"], ["nani.\\", "DM", "DM"]], "free": ["#e The child’s feet were hurt.", "#c 小孩的腳受傷了。"], "s_end": true, "iu_a_span": [62.31, 63.39], "meta": {"topic": "Pear Story", "type": "Narrative", "language": "噶瑪蘭語, Kavalan, Pear Story", "speaker": "潘金妹, Imuy, female, 1952-10-25", "collected": "2003-05-30", "revised": "None", "video": "KavNr-pear_imuy.mp3"}, "s_a_span": [58.85, 63.39], "file": "Kavalan_Xinshe/KavNr-pear_imuy", "num": 41}], [42, {"ori": [], "gloss": [["...", "", ""], ["yau=ti", "EXIST=PFV", "存在=完成"], ["ya==,\\", "NOM", "主格"]], "free": [], "s_end": false, "iu_a_span": [63.39, 64.38], "meta": {"topic": "Pear Story", "type": "Narrative", "language": "噶瑪蘭語, Kavalan, Pear Story", "speaker": "潘金妹, Imuy, female, 1952-10-25", "collected": "2003-05-30", "revised": "None", "video": "KavNr-pear_imuy.mp3"}, "file": "Kavalan_Xinshe/KavNr-pear_imuy", "num": 42}], [43, {"ori": [], "gloss": [["..", "", ""], ["kaput-na.\\", "friend-3SG.GEN", "朋友-3SG.屬格"]], "free": [], "s_end": false, "iu_a_span": [64.38, 65.39], "meta": {"topic": "Pear Story", "type": "Narrative", "language": "噶瑪蘭語, Kavalan, Pear Story", "speaker": "潘金妹, Imuy, female, 1952-10-25", "collected": "2003-05-30", "revised": "None", "video": "KavNr-pear_imuy.mp3"}, "file": "Kavalan_Xinshe/KavNr-pear_imuy", "num": 43}], [44, {"ori": [], "gloss": [["...", "", ""], ["mangmu,\\", "AF.help", "主焦.幫助"]], "free": [], "s_end": false, "iu_a_span": [65.39, 66.61], "meta": {"topic": "Pear Story", "type": "Narrative", "language": "噶瑪蘭語, Kavalan, Pear Story", "speaker": "潘金妹, Imuy, female, 1952-10-25", "collected": "2003-05-30", "revised": "None", "video": "KavNr-pear_imuy.mp3"}, "file": "Kavalan_Xinshe/KavNr-pear_imuy", "num": 44}], [45, {"ori": [], "gloss": [["..", "", ""], ["timaizipna,_", "3SG.OBL", "3SG.斜格"]], "free": [], "s_end": false, "iu_a_span": [66.61, 67.76], "meta": {"topic": "Pear Story", "type": "Narrative", "language": "噶瑪蘭語, Kavalan, Pear Story", "speaker": "潘金妹, Imuy, female, 1952-10-25", "collected": "2003-05-30", "revised": "None", "video": "KavNr-pear_imuy.mp3"}, "file": "Kavalan_Xinshe/KavNr-pear_imuy", "num": 45}], [46, {"ori": [], "gloss": [["..", "", ""], ["ni==-,\\", "PFV-", "完成-"]], "free": [], "s_end": false, "iu_a_span": [67.76, 68.72], "meta": {"topic": "Pear Story", "type": "Narrative", "language": "噶瑪蘭語, Kavalan, Pear Story", "speaker": "潘金妹, Imuy, female, 1952-10-25", "collected": "2003-05-30", "revised": "None", "video": "KavNr-pear_imuy.mp3"}, "file": "Kavalan_Xinshe/KavNr-pear_imuy", "num": 46}], [47, {"ori": [], "gloss": [["..", "", ""], ["k<m>yala", "<AF>pick", "<主焦>撿"], ["tu==.\\", "OBL", "斜格"]], "free": [], "s_end": false, "iu_a_span": [68.72, 69.85], "meta": {"topic": "Pear Story", "type": "Narrative", "language": "噶瑪蘭語, Kavalan, Pear Story", "speaker": "潘金妹, Imuy, female, 1952-10-25", "collected": "2003-05-30", "revised": "None", "video": "KavNr-pear_imuy.mp3"}, "file": "Kavalan_Xinshe/KavNr-pear_imuy", "num": 47}], [48, {"ori": [], "gloss": [["...", "", ""], ["ni-qa-tabuq-an-na", "PFV-QA-spill-NMZ-3SG.GEN", "完成-QA-散落-名物化-3SG.屬格"], ["na,\\", "GEN", "屬格"]], "free": [], "s_end": false, "iu_a_span": [69.85, 71.31], "meta": {"topic": "Pear Story", "type": "Narrative", "language": "噶瑪蘭語, Kavalan, Pear Story", "speaker": "潘金妹, Imuy, female, 1952-10-25", "collected": "2003-05-30", "revised": "None", "video": "KavNr-pear_imuy.mp3"}, "file": "Kavalan_Xinshe/KavNr-pear_imuy", "num": 48}], [49, {"ori": [], "gloss": [["..", "", ""], ["byabas", "guava", "芭樂"], ["a", "LNK", "連詞"], ["yau,\\", "that", "那個"]], "free": [], "s_end": false, "iu_a_span": [71.31, 72.02], "meta": {"topic": "Pear Story", "type": "Narrative", "language": "噶瑪蘭語, Kavalan, Pear Story", "speaker": "潘金妹, Imuy, female, 1952-10-25", "collected": "2003-05-30", "revised": "None", "video": "KavNr-pear_imuy.mp3"}, "file": "Kavalan_Xinshe/KavNr-pear_imuy", "num": 49}], [50, {"ori": [], "gloss": [["..", "", ""], ["ta-lazan-an.\\", "LOC-road-LOC", "處格-路-處格"]], "free": ["#e His friends came to help him pick up the guavas that were scattered all over the road.", "#c 他的朋友來幫他撿起散落一地的芭樂。"], "s_end": true, "iu_a_span": [72.02, 72.96], "meta": {"topic": "Pear Story", "type": "Narrative", "language": "噶瑪蘭語, Kavalan, Pear Story", "speaker": "潘金妹, Imuy, female, 1952-10-25", "collected": "2003-05-30", "revised": "None", "video": "KavNr-pear_imuy.mp3"}, "s_a_span": [62.31, 72.96], "file": "Kavalan_Xinshe/KavNr-pear_imuy", "num": 50}], [51, {"ori": [], "gloss": [["...", "", ""], ["qalisinpu-an-na=ti", "gather-LF-3PL.GEN=PFV", "集中-處焦-3PL.屬格=完成"], ["ta==-,\\", "LOC-", "處格-"]], "free": [], "s_end": false, "iu_a_span": [72.96, 74.78], "meta": {"topic": "Pear Story", "type": "Narrative", "language": "噶瑪蘭語, Kavalan, Pear Story", "speaker": "潘金妹, Imuy, female, 1952-10-25", "collected": "2003-05-30", "revised": "None", "video": "KavNr-pear_imuy.mp3"}, "file": "Kavalan_Xinshe/KavNr-pear_imuy", "num": 51}], [52, {"ori": [], "gloss": [["..", "", ""], ["qibi-an,\\", "basket-LOC", "籃子-處格"]], "free": [], "s_end": false, "iu_a_span": [74.78, 75.37], "meta": {"topic": "Pear Story", "type": "Narrative", "language": "噶瑪蘭語, Kavalan, Pear Story", "speaker": "潘金妹, Imuy, female, 1952-10-25", "collected": "2003-05-30", "revised": "None", "video": "KavNr-pear_imuy.mp3"}, "file": "Kavalan_Xinshe/KavNr-pear_imuy", "num": 52}], [53, {"ori": [], "gloss": [["..", "", ""], ["‘nay", "that", "那個"], ["‘nay==,\\", "that", "那個"]], "free": [], "s_end": false, "iu_a_span": [75.37, 76.11], "meta": {"topic": "Pear Story", "type": "Narrative", "language": "噶瑪蘭語, Kavalan, Pear Story", "speaker": "潘金妹, Imuy, female, 1952-10-25", "collected": "2003-05-30", "revised": "None", "video": "KavNr-pear_imuy.mp3"}, "file": "Kavalan_Xinshe/KavNr-pear_imuy", "num": 53}], [54, {"ori": [], "gloss": [["..", "", ""], ["ta", "FS", "FS"], ["‘nay", "that", "那個"], ["byabas", "guava", "芭樂"], ["a", "LNK", "連詞"], ["yau", "that", "那個"], ["nani.\\", "DM", "DM"]], "free": ["#e They put the guavas into the basket.", "#c 他們把芭樂集中放在籃子裡。"], "s_end": true, "iu_a_span": [76.11, 77.65], "meta": {"topic": "Pear Story", "type": "Narrative", "language": "噶瑪蘭語, Kavalan, Pear Story", "speaker": "潘金妹, Imuy, female, 1952-10-25", "collected": "2003-05-30", "revised": "None", "video": "KavNr-pear_imuy.mp3"}, "s_a_span": [72.02, 77.65], "file": "Kavalan_Xinshe/KavNr-pear_imuy", "num": 54}], [55, {"ori": [], "gloss": [["...(0.8)", "", ""], ["pa-zaqis-an-na", "CAU-take-LF-3PL.GEN", "使役-乘坐-處焦-3PL.屬格"], ["uman,\\", "again", "再"]], "free": ["#e They put (the guavas onto the bicycle) again.", "#c 他們再把芭樂放在腳踏車上。"], "s_end": true, "iu_a_span": [77.65, 79.71], "meta": {"topic": "Pear Story", "type": "Narrative", "language": "噶瑪蘭語, Kavalan, Pear Story", "speaker": "潘金妹, Imuy, female, 1952-10-25", "collected": "2003-05-30", "revised": "None", "video": "KavNr-pear_imuy.mp3"}, "s_a_span": [76.11, 79.71], "file": "Kavalan_Xinshe/KavNr-pear_imuy", "num": 55}], [56, {"ori": [], "gloss": [["..", "", ""], ["t<m>anan,\\", "<AF>return", "<主焦>回來"]], "free": ["#e (He) returned.", "#c (他)回來。"], "s_end": true, "iu_a_span": [79.71, 80.37], "meta": {"topic": "Pear Story", "type": "Narrative", "language": "噶瑪蘭語, Kavalan, Pear Story", "speaker": "潘金妹, Imuy, female, 1952-10-25", "collected": "2003-05-30", "revised": "None", "video": "KavNr-pear_imuy.mp3"}, "s_a_span": [77.65, 80.37], "file": "Kavalan_Xinshe/KavNr-pear_imuy", "num": 56}], [57, {"ori": [], "gloss": [["..", "", ""], ["kalingun-an-na=ti", "forget-LF-3SG.GEN=PFV", "忘記-處焦-3SG.屬格=完成"], ["ya==,_", "NOM", "主格"]], "free": [], "s_end": false, "iu_a_span": [80.37, 81.66], "meta": {"topic": "Pear Story", "type": "Narrative", "language": "噶瑪蘭語, Kavalan, Pear Story", "speaker": "潘金妹, Imuy, female, 1952-10-25", "collected": "2003-05-30", "revised": "None", "video": "KavNr-pear_imuy.mp3"}, "file": "Kavalan_Xinshe/KavNr-pear_imuy", "num": 57}], [58, {"ori": [], "gloss": [["...", "", ""], ["‘nay", "that", "那個"], ["qubu-na,\\", "hat-3SG.GEN", "帽子-3SG.屬格"]], "free": [], "s_end": false, "iu_a_span": [81.66, 82.91], "meta": {"topic": "Pear Story", "type": "Narrative", "language": "噶瑪蘭語, Kavalan, Pear Story", "speaker": "潘金妹, Imuy, female, 1952-10-25", "collected": "2003-05-30", "revised": "None", "video": "KavNr-pear_imuy.mp3"}, "file": "Kavalan_Xinshe/KavNr-pear_imuy", "num": 58}], [59, {"ori": [], "gloss": [["..", "", ""], ["na", "GEN", "屬格"], ["sunis", "child", "小孩"], ["a", "LNK", "連詞"], ["yau,\\", "that", "那個"]], "free": ["#e The child forgot his hat.", "#c 小孩忘了他的帽子。"], "s_end": true, "iu_a_span": [82.91, 83.82], "meta": {"topic": "Pear Story", "type": "Narrative", "language": "噶瑪蘭語, Kavalan, Pear Story", "speaker": "潘金妹, Imuy, female, 1952-10-25", "collected": "2003-05-30", "revised": "None", "video": "KavNr-pear_imuy.mp3"}, "s_a_span": [79.71, 83.82], "file": "Kavalan_Xinshe/KavNr-pear_imuy", "num": 59}], [60, {"ori": [], "gloss": [["..", "", ""], ["ala-an", "take-LF", "拿-處焦"], ["na", "GEN", "屬格"], ["kaput-na,\\", "friend-3SG.GEN", "朋友-3SG.屬格"]], "free": [], "s_end": false, "iu_a_span": [83.82, 84.99], "meta": {"topic": "Pear Story", "type": "Narrative", "language": "噶瑪蘭語, Kavalan, Pear Story", "speaker": "潘金妹, Imuy, female, 1952-10-25", "collected": "2003-05-30", "revised": "None", "video": "KavNr-pear_imuy.mp3"}, "file": "Kavalan_Xinshe/KavNr-pear_imuy", "num": 60}], [61, {"ori": [], "gloss": [["..", "", ""], ["bula.\\", "give", "給"]], "free": [], "s_end": false, "iu_a_span": [84.99, 85.49], "meta": {"topic": "Pear Story", "type": "Narrative", "language": "噶瑪蘭語, Kavalan, Pear Story", "speaker": "潘金妹, Imuy, female, 1952-10-25", "collected": "2003-05-30", "revised": "None", "video": "KavNr-pear_imuy.mp3"}, "file": "Kavalan_Xinshe/KavNr-pear_imuy", "num": 61}], [62, {"ori": [], "gloss": [["...", "", ""], ["tu==,\\", "OBL", "斜格"]], "free": [], "s_end": false, "iu_a_span": [85.49, 86.43], "meta": {"topic": "Pear Story", "type": "Narrative", "language": "噶瑪蘭語, Kavalan, Pear Story", "speaker": "潘金妹, Imuy, female, 1952-10-25", "collected": "2003-05-30", "revised": "None", "video": "KavNr-pear_imuy.mp3"}, "file": "Kavalan_Xinshe/KavNr-pear_imuy", "num": 62}], [63, {"ori": [], "gloss": [["..", "", ""], ["qubu,\\", "hat", "帽子"]], "free": [], "s_end": false, "iu_a_span": [86.43, 86.96], "meta": {"topic": "Pear Story", "type": "Narrative", "language": "噶瑪蘭語, Kavalan, Pear Story", "speaker": "潘金妹, Imuy, female, 1952-10-25", "collected": "2003-05-30", "revised": "None", "video": "KavNr-pear_imuy.mp3"}, "file": "Kavalan_Xinshe/KavNr-pear_imuy", "num": 63}], [64, {"ori": [], "gloss": [["..", "", ""], ["‘nay", "that", "那個"], ["kaput-na,\\", "friend-3SG.GEN", "朋友-3SG.屬格"]], "free": [], "s_end": false, "iu_a_span": [86.96, 88.17], "meta": {"topic": "Pear Story", "type": "Narrative", "language": "噶瑪蘭語, Kavalan, Pear Story", "speaker": "潘金妹, Imuy, female, 1952-10-25", "collected": "2003-05-30", "revised": "None", "video": "KavNr-pear_imuy.mp3"}, "file": "Kavalan_Xinshe/KavNr-pear_imuy", "num": 64}], [65, {"ori": [], "gloss": [["..", "", ""], ["‘nay", "that", "那個"], ["m-suRaw=ay", "AF-fall=REL", "主焦-跌倒=關係詞"], ["sunis", "child", "小孩"], ["a", "LNK", "連詞"], ["yau,\\", "that", "那個"]], "free": [], "s_end": false, "iu_a_span": [88.17, 89.86], "meta": {"topic": "Pear Story", "type": "Narrative", "language": "噶瑪蘭語, Kavalan, Pear Story", "speaker": "潘金妹, Imuy, female, 1952-10-25", "collected": "2003-05-30", "revised": "None", "video": "KavNr-pear_imuy.mp3"}, "file": "Kavalan_Xinshe/KavNr-pear_imuy", "num": 65}], [66, {"ori": [], "gloss": [["..", "", ""], ["nani.\\", "DM", "DM"]], "free": ["#e His friends gave the hat to the child who fell.", "#c 他的朋友把帽子拿給那個跌倒的小孩。"], "s_end": true, "iu_a_span": [89.86, 90.42], "meta": {"topic": "Pear Story", "type": "Narrative", "language": "噶瑪蘭語, Kavalan, Pear Story", "speaker": "潘金妹, Imuy, female, 1952-10-25", "collected": "2003-05-30", "revised": "None", "video": "KavNr-pear_imuy.mp3"}, "s_a_span": [82.91, 90.42], "file": "Kavalan_Xinshe/KavNr-pear_imuy", "num": 66}], [67, {"ori": [], "gloss": [["...", "", ""], ["wiya=ti,\\", "leave=PFV", "離開=完成"]], "free": [], "s_end": false, "iu_a_span": [90.42, 91.93], "meta": {"topic": "Pear Story", "type": "Narrative", "language": "噶瑪蘭語, Kavalan, Pear Story", "speaker": "潘金妹, Imuy, female, 1952-10-25", "collected": "2003-05-30", "revised": "None", "video": "KavNr-pear_imuy.mp3"}, "file": "Kavalan_Xinshe/KavNr-pear_imuy", "num": 67}], [68, {"ori": [], "gloss": [["..", "", ""], ["t<m>anan,\\", "<AF>return", "<主焦>回"]], "free": [], "s_end": false, "iu_a_span": [91.93, 92.54], "meta": {"topic": "Pear Story", "type": "Narrative", "language": "噶瑪蘭語, Kavalan, Pear Story", "speaker": "潘金妹, Imuy, female, 1952-10-25", "collected": "2003-05-30", "revised": "None", "video": "KavNr-pear_imuy.mp3"}, "file": "Kavalan_Xinshe/KavNr-pear_imuy", "num": 68}], [69, {"ori": [], "gloss": [["..", "", ""], ["sunis", "child", "小孩"], ["a", "LNK", "連詞"], ["yau,\\", "that", "那個"]], "free": ["#e The child went back.", "#c 小孩回去。"], "s_end": true, "iu_a_span": [92.54, 93.41], "meta": {"topic": "Pear Story", "type": "Narrative", "language": "噶瑪蘭語, Kavalan, Pear Story", "speaker": "潘金妹, Imuy, female, 1952-10-25", "collected": "2003-05-30", "revised": "None", "video": "KavNr-pear_imuy.mp3"}, "s_a_span": [89.86, 93.41], "file": "Kavalan_Xinshe/KavNr-pear_imuy", "num": 69}], [70, {"ori": [], "gloss": [["..", "", ""], ["yau=ti", "EXIST=PFV", "存在=完成"], ["‘nay", "that", "那個"], ["kin-tulu=ay,\\", "CLF.HUM-three=REL", "人量詞-三=關係詞"]], "free": [], "s_end": false, "iu_a_span": [93.41, 94.97], "meta": {"topic": "Pear Story", "type": "Narrative", "language": "噶瑪蘭語, Kavalan, Pear Story", "speaker": "潘金妹, Imuy, female, 1952-10-25", "collected": "2003-05-30", "revised": "None", "video": "KavNr-pear_imuy.mp3"}, "file": "Kavalan_Xinshe/KavNr-pear_imuy", "num": 70}], [71, {"ori": [], "gloss": [["...", "", ""], ["yau=ti", "EXIST=PFV", "存在=完成"], ["q<m>an,\\", "<AF>eat", "<主焦>吃"]], "free": [], "s_end": false, "iu_a_span": [94.97, 96.07], "meta": {"topic": "Pear Story", "type": "Narrative", "language": "噶瑪蘭語, Kavalan, Pear Story", "speaker": "潘金妹, Imuy, female, 1952-10-25", "collected": "2003-05-30", "revised": "None", "video": "KavNr-pear_imuy.mp3"}, "file": "Kavalan_Xinshe/KavNr-pear_imuy", "num": 71}], [72, {"ori": [], "gloss": [["..", "", ""], ["tu", "OBL", "斜格"], ["byabas", "guava", "芭樂"], ["a", "LNK", "連詞"], ["yau,\\", "that", "那個"]], "free": ["#e There were three people who were eating guavas.", "#c 有三個人在吃芭樂。"], "s_end": true, "iu_a_span": [96.07, 97.17], "meta": {"topic": "Pear Story", "type": "Narrative", "language": "噶瑪蘭語, Kavalan, Pear Story", "speaker": "潘金妹, Imuy, female, 1952-10-25", "collected": "2003-05-30", "revised": "None", "video": "KavNr-pear_imuy.mp3"}, "s_a_span": [92.54, 97.17], "file": "Kavalan_Xinshe/KavNr-pear_imuy", "num": 72}], [73, {"ori": [], "gloss": [["...", "", ""], ["wiya=ti", "leave=PFV", "離開=完成"], ["pasazi", "toward.here", "過來"], ["ta-.\\", "LOC-", "處格-"]], "free": [], "s_end": false, "iu_a_span": [97.17, 98.77], "meta": {"topic": "Pear Story", "type": "Narrative", "language": "噶瑪蘭語, Kavalan, Pear Story", "speaker": "潘金妹, Imuy, female, 1952-10-25", "collected": "2003-05-30", "revised": "None", "video": "KavNr-pear_imuy.mp3"}, "file": "Kavalan_Xinshe/KavNr-pear_imuy", "num": 73}], [74, {"ori": [], "gloss": [["...(0.9)", "", ""], ["ta-tibuR,\\", "LOC-south", "處格-南"]], "free": [], "s_end": false, "iu_a_span": [98.77, 100.27], "meta": {"topic": "Pear Story", "type": "Narrative", "language": "噶瑪蘭語, Kavalan, Pear Story", "speaker": "潘金妹, Imuy, female, 1952-10-25", "collected": "2003-05-30", "revised": "None", "video": "KavNr-pear_imuy.mp3"}, "file": "Kavalan_Xinshe/KavNr-pear_imuy", "num": 74}], [75, {"ori": [], "gloss": [["..", "", ""], ["sayza", "maybe", "可能"], ["s<m>aqay,\\", "<AF>walk", "<主焦>走"]], "free": [], "s_end": false, "iu_a_span": [100.27, 101.36], "meta": {"topic": "Pear Story", "type": "Narrative", "language": "噶瑪蘭語, Kavalan, Pear Story", "speaker": "潘金妹, Imuy, female, 1952-10-25", "collected": "2003-05-30", "revised": "None", "video": "KavNr-pear_imuy.mp3"}, "file": "Kavalan_Xinshe/KavNr-pear_imuy", "num": 75}], [76, {"ori": [], "gloss": [["..", "", ""], ["‘nay", "that", "那個"], ["kin-tulu=ay,\\", "CLF.HUM-three=REL", "人量詞-三=關係詞"]], "free": [], "s_end": false, "iu_a_span": [101.36, 102.31], "meta": {"topic": "Pear Story", "type": "Narrative", "language": "噶瑪蘭語, Kavalan, Pear Story", "speaker": "潘金妹, Imuy, female, 1952-10-25", "collected": "2003-05-30", "revised": "None", "video": "KavNr-pear_imuy.mp3"}, "file": "Kavalan_Xinshe/KavNr-pear_imuy", "num": 76}], [77, {"ori": [], "gloss": [["..", "", ""], ["sunis", "child", "小孩"], ["a", "LNK", "連詞"], ["yau.\\", "that", "那個"]], "free": [], "s_end": false, "iu_a_span": [102.31, 103.29], "meta": {"topic": "Pear Story", "type": "Narrative", "language": "噶瑪蘭語, Kavalan, Pear Story", "speaker": "潘金妹, Imuy, female, 1952-10-25", "collected": "2003-05-30", "revised": "None", "video": "KavNr-pear_imuy.mp3"}, "file": "Kavalan_Xinshe/KavNr-pear_imuy", "num": 77}], [78, {"ori": [], "gloss": [["...", "", ""], ["nani.\\", "DM", "DM"]], "free": ["#e The three children went towards the south.", "#c 那三個小孩往南走。"], "s_end": true, "iu_a_span": [103.29, 104.42], "meta": {"topic": "Pear Story", "type": "Narrative", "language": "噶瑪蘭語, Kavalan, Pear Story", "speaker": "潘金妹, Imuy, female, 1952-10-25", "collected": "2003-05-30", "revised": "None", "video": "KavNr-pear_imuy.mp3"}, "s_a_span": [96.07, 104.42], "file": "Kavalan_Xinshe/KavNr-pear_imuy", "num": 78}], [79, {"ori": [], "gloss": [["...", "", ""], ["t<m>anan=ti,\\", "<AF>return=PFV", "<主焦>回=完成"]], "free": [], "s_end": false, "iu_a_span": [104.42, 106.02], "meta": {"topic": "Pear Story", "type": "Narrative", "language": "噶瑪蘭語, Kavalan, Pear Story", "speaker": "潘金妹, Imuy, female, 1952-10-25", "collected": "2003-05-30", "revised": "None", "video": "KavNr-pear_imuy.mp3"}, "file": "Kavalan_Xinshe/KavNr-pear_imuy", "num": 79}], [80, {"ori": [], "gloss": [["...", "", ""], ["‘nay==,\\", "that", "那個"]], "free": [], "s_end": false, "iu_a_span": [106.02, 106.96], "meta": {"topic": "Pear Story", "type": "Narrative", "language": "噶瑪蘭語, Kavalan, Pear Story", "speaker": "潘金妹, Imuy, female, 1952-10-25", "collected": "2003-05-30", "revised": "None", "video": "KavNr-pear_imuy.mp3"}, "file": "Kavalan_Xinshe/KavNr-pear_imuy", "num": 80}], [81, {"ori": [], "gloss": [["..", "", ""], ["sunis", "child", "小孩"], ["‘nay", "that", "那個"], ["m-niz.\\", "AF-all", "主焦-全部"]], "free": ["#e All the children went back.", "#c 所有的小孩都回去了。"], "s_end": true, "iu_a_span": [106.96, 108.37], "meta": {"topic": "Pear Story", "type": "Narrative", "language": "噶瑪蘭語, Kavalan, Pear Story", "speaker": "潘金妹, Imuy, female, 1952-10-25", "collected": "2003-05-30", "revised": "None", "video": "KavNr-pear_imuy.mp3"}, "s_a_span": [103.29, 108.37], "file": "Kavalan_Xinshe/KavNr-pear_imuy", "num": 81}], [82, {"ori": [], "gloss": [["...", "", ""], ["tu==,\\", "DM", "DM"]], "free": [], "s_end": false, "iu_a_span": [108.37, 109.4], "meta": {"topic": "Pear Story", "type": "Narrative", "language": "噶瑪蘭語, Kavalan, Pear Story", "speaker": "潘金妹, Imuy, female, 1952-10-25", "collected": "2003-05-30", "revised": "None", "video": "KavNr-pear_imuy.mp3"}, "file": "Kavalan_Xinshe/KavNr-pear_imuy", "num": 82}], [83, {"ori": [], "gloss": [["..", "", ""], ["maseq=ti,\\", "AF.arrive=PFV", "主焦.到達=完成"]], "free": [], "s_end": false, "iu_a_span": [109.4, 110.35], "meta": {"topic": "Pear Story", "type": "Narrative", "language": "噶瑪蘭語, Kavalan, Pear Story", "speaker": "潘金妹, Imuy, female, 1952-10-25", "collected": "2003-05-30", "revised": "None", "video": "KavNr-pear_imuy.mp3"}, "file": "Kavalan_Xinshe/KavNr-pear_imuy", "num": 83}], [84, {"ori": [], "gloss": [["..", "", ""], ["ta==-,\\", "LOC-", "處格-"]], "free": [], "s_end": false, "iu_a_span": [110.35, 110.91], "meta": {"topic": "Pear Story", "type": "Narrative", "language": "噶瑪蘭語, Kavalan, Pear Story", "speaker": "潘金妹, Imuy, female, 1952-10-25", "collected": "2003-05-30", "revised": "None", "video": "KavNr-pear_imuy.mp3"}, "file": "Kavalan_Xinshe/KavNr-pear_imuy", "num": 84}], [85, {"ori": [], "gloss": [["..", "", ""], ["iza-an,\\", "somewhere-LOC", "某處-處格"]], "free": ["#e To somewhere.", "#c 到某處。"], "s_end": true, "iu_a_span": [110.91, 111.44], "meta": {"topic": "Pear Story", "type": "Narrative", "language": "噶瑪蘭語, Kavalan, Pear Story", "speaker": "潘金妹, Imuy, female, 1952-10-25", "collected": "2003-05-30", "revised": "None", "video": "KavNr-pear_imuy.mp3"}, "s_a_span": [106.96, 111.44], "file": "Kavalan_Xinshe/KavNr-pear_imuy", "num": 85}], [86, {"ori": [], "gloss": [["..", "", ""], ["ta-lepaw-an-na.\\", "LOC-house-LOC-3PL.GEN", "處格-家-處格-3PL.屬格"]], "free": [], "s_end": false, "iu_a_span": [111.44, 112.51], "meta": {"topic": "Pear Story", "type": "Narrative", "language": "噶瑪蘭語, Kavalan, Pear Story", "speaker": "潘金妹, Imuy, female, 1952-10-25", "collected": "2003-05-30", "revised": "None", "video": "KavNr-pear_imuy.mp3"}, "file": "Kavalan_Xinshe/KavNr-pear_imuy", "num": 86}], [87, {"ori": [], "gloss": [["...", "", ""], ["sayza,\\", "maybe", "可能"]], "free": [], "s_end": false, "iu_a_span": [112.51, 113.4], "meta": {"topic": "Pear Story", "type": "Narrative", "language": "噶瑪蘭語, Kavalan, Pear Story", "speaker": "潘金妹, Imuy, female, 1952-10-25", "collected": "2003-05-30", "revised": "None", "video": "KavNr-pear_imuy.mp3"}, "file": "Kavalan_Xinshe/KavNr-pear_imuy", "num": 87}], [88, {"ori": [], "gloss": [["..", "", ""], ["‘nay", "that", "那個"], ["sunis", "child", "小孩"], ["‘nay", "that", "那個"], ["Rayngu-an-ku=ti,\\", "not.know-LF-1SG.GEN=PFV", "不知道-處焦-1SG.屬格=完成"]], "free": ["#e Perhaps to their home. I don’t know.", "#c 或許到家裡. 我不知道。"], "s_end": true, "iu_a_span": [113.4, 115.0], "meta": {"topic": "Pear Story", "type": "Narrative", "language": "噶瑪蘭語, Kavalan, Pear Story", "speaker": "潘金妹, Imuy, female, 1952-10-25", "collected": "2003-05-30", "revised": "None", "video": "KavNr-pear_imuy.mp3"}, "s_a_span": [110.91, 115.0], "file": "Kavalan_Xinshe/KavNr-pear_imuy", "num": 88}], [89, {"ori": [], "gloss": [["..", "", ""], ["mai=ti", "NEG=PFV", "否定=完成"], ["nayau", "that.way", "那樣"], ["ma,\\", "only", "只"]], "free": [], "s_end": false, "iu_a_span": [115.0, 115.94], "meta": {"topic": "Pear Story", "type": "Narrative", "language": "噶瑪蘭語, Kavalan, Pear Story", "speaker": "潘金妹, Imuy, female, 1952-10-25", "collected": "2003-05-30", "revised": "None", "video": "KavNr-pear_imuy.mp3"}, "file": "Kavalan_Xinshe/KavNr-pear_imuy", "num": 89}], [90, {"ori": [], "gloss": [["..", "", ""], ["sikawma-an,\\", "speak-NMZ", "講-名物化"]], "free": ["#e That’s all.", "#c 沒了，就這樣。"], "s_end": true, "iu_a_span": [115.94, 116.63], "meta": {"topic": "Pear Story", "type": "Narrative", "language": "噶瑪蘭語, Kavalan, Pear Story", "speaker": "潘金妹, Imuy, female, 1952-10-25", "collected": "2003-05-30", "revised": "None", "video": "KavNr-pear_imuy.mp3"}, "s_a_span": [113.4, 116.63], "file": "Kavalan_Xinshe/KavNr-pear_imuy", "num": 90}], [91, {"ori": [], "gloss": [["..", "", ""], ["<L2MmeiyouL2M>", "NEG", "否定"], ["<L2MlaL2M>.\\", "PART", "語助詞"]], "free": ["#e That’s all.", "#c 沒有啦。"], "s_end": true, "iu_a_span": [116.63, 117.53], "meta": {"topic": "Pear Story", "type": "Narrative", "language": "噶瑪蘭語, Kavalan, Pear Story", "speaker": "潘金妹, Imuy, female, 1952-10-25", "collected": "2003-05-30", "revised": "None", "video": "KavNr-pear_imuy.mp3"}, "s_a_span": [115.94, 117.53], "file": "Kavalan_Xinshe/KavNr-pear_imuy", "num": 91}]], "meta": {"topic": "Pear Story", "type": "Narrative", "language": "噶瑪蘭語, Kavalan, Pear Story", "speaker": "潘金妹, Imuy, female, 1952-10-25", "collected": "2003-05-30", "revised": "None", "video": "KavNr-pear_imuy.mp3"}}