{"glosses": [[1, {"ori": [], "gloss": [["...(6.3)", "", ""], ["sanu=pa=iku", "say=FUT=1SG.NOM", "說=未來=1SG.主格"], ["tu==", "OBL", "斜格"], ["zana", "3PL.POSS", "3PL.所有格"], ["baq-baqi", "RED-ancestor", "重疊-祖先"], ["XXX", "", ""], ["aimu", "2PL.NOM", "2PL.NOM"], ["sunis", "child", "小孩"], ["zau.\\", "this", "這個"]], "free": ["#e I am going to tell you, children, a story about our ancestors.", "#c 我要跟你們這些小孩說我們祖先的故事。"], "s_end": true, "iu_a_span": [6.32, 15.05], "meta": {"topic": "Ancestors", "type": "Narrative", "language": "噶瑪蘭語, Kavalan, Xinshe(新社)", "speaker": "林阿份, Ngengi, female, 1941-07-04", "collected": "2004-11-03", "revised": "2014-1-16", "video": "KavNr-ancestor_ngengi.mp3"}, "s_a_span": [6.32, 15.05], "file": "Kavalan_Xinshe/KavNr-ancestor_ngengi", "num": 1}], [2, {"ori": [], "gloss": [["..", "", ""], ["masang", "before", "從前"], ["baq-baqi-ta", "RED-ancestor-1IPL.GEN", "重疊-祖先-1IPL.屬格"], ["na", "GEN", "屬格"], ["kebalan", "Kavalan", "噶瑪蘭"], ["baqi-ku", "ancestor-1SG.GEN", "祖先-1SG.屬格"], ["zini", "from", "從"], ["ta-gilan-an.\\", "LOC-PN-LOC", "處格-宜蘭-處格"]], "free": ["#e Long time ago, our Kavalan ancestors came from Yi-lan.", "#c 從前我們噶瑪蘭的祖先從宜蘭來。"], "s_end": true, "iu_a_span": [15.05, 22.23], "meta": {"topic": "Ancestors", "type": "Narrative", "language": "噶瑪蘭語, Kavalan, Xinshe(新社)", "speaker": "林阿份, Ngengi, female, 1941-07-04", "collected": "2004-11-03", "revised": "2014-1-16", "video": "KavNr-ancestor_ngengi.mp3"}, "s_a_span": [15.05, 22.23], "file": "Kavalan_Xinshe/KavNr-ancestor_ngengi", "num": 2}], [3, {"ori": [], "gloss": [["..", "", ""], ["sadamuan", "county", "縣市"], ["qaniau", "3PL.NOM", "3PL.主格"], ["ta-", "FS", "FS"], ["ta-gilan-an", "LOC-PN-LOC", "處格-宜蘭-處格"], ["nani.\\", "DM", "DM"]], "free": ["#e They (came from) the county Yi-lan.", "#c 他們從宜蘭縣過來。"], "s_end": true, "iu_a_span": [22.23, 28.16], "meta": {"topic": "Ancestors", "type": "Narrative", "language": "噶瑪蘭語, Kavalan, Xinshe(新社)", "speaker": "林阿份, Ngengi, female, 1941-07-04", "collected": "2004-11-03", "revised": "2014-1-16", "video": "KavNr-ancestor_ngengi.mp3"}, "s_a_span": [22.23, 28.16], "file": "Kavalan_Xinshe/KavNr-ancestor_ngengi", "num": 3}], [4, {"ori": [], "gloss": [["..", "", ""], ["yau=ti", "EXIST=PFV", "存在=完成"], ["ta-gilan-an", "LOC-PN-LOC", "處格-宜蘭-處格"], ["m-RaytaRun", "AF-cultivate", "主焦-開墾"], ["tu", "OBL", "斜格"], ["zna.\\", "rice.paddy", "水田"]], "free": [], "s_end": false, "iu_a_span": [28.16, 32.49], "meta": {"topic": "Ancestors", "type": "Narrative", "language": "噶瑪蘭語, Kavalan, Xinshe(新社)", "speaker": "林阿份, Ngengi, female, 1941-07-04", "collected": "2004-11-03", "revised": "2014-1-16", "video": "KavNr-ancestor_ngengi.mp3"}, "file": "Kavalan_Xinshe/KavNr-ancestor_ngengi", "num": 4}], [5, {"ori": [], "gloss": [["..", "", ""], ["q<em>uway", "<AF>cultivate", "<主焦>耕種"], ["tu", "OBL", "斜格"], ["zna", "rice.paddy", "水田"], ["ya", "NOM", "主格"], ["baq-baqi-an.\\", "RED-ancestors-AN", "重疊-祖先-AN"]], "free": ["#e ‘In Yi-lan ancestors cultivated fields of rice and planted rice.", "#c 在宜蘭祖先開墾水田, 耕種水田。"], "s_end": true, "iu_a_span": [32.49, 36.46], "meta": {"topic": "Ancestors", "type": "Narrative", "language": "噶瑪蘭語, Kavalan, Xinshe(新社)", "speaker": "林阿份, Ngengi, female, 1941-07-04", "collected": "2004-11-03", "revised": "2014-1-16", "video": "KavNr-ancestor_ngengi.mp3"}, "s_a_span": [28.16, 36.46], "file": "Kavalan_Xinshe/KavNr-ancestor_ngengi", "num": 5}], [6, {"ori": [], "gloss": [["..", "", ""], ["Runanay", "man", "男人"], ["matiw", "AF.go", "主焦.去"], ["Ri-bawut.\\", "catch-fish", "抓-魚"]], "free": [], "s_end": false, "iu_a_span": [36.46, 38.86], "meta": {"topic": "Ancestors", "type": "Narrative", "language": "噶瑪蘭語, Kavalan, Xinshe(新社)", "speaker": "林阿份, Ngengi, female, 1941-07-04", "collected": "2004-11-03", "revised": "2014-1-16", "video": "KavNr-ancestor_ngengi.mp3"}, "file": "Kavalan_Xinshe/KavNr-ancestor_ngengi", "num": 6}], [7, {"ori": [], "gloss": [["..", "", ""], ["s<em>alaw", "<AF>hunt", "<主焦>打獵"], ["tu", "OBL", "斜格"], ["tu==", "OBL", "斜格"], ["sa-pa-qan-an", "FUT-CAU-eat-NMZ", "未來-使役-吃-名物化"], ["tu", "OBL", "斜格"], ["su-", "FS", "FS"], ["tu", "OBL", "斜格"], ["sunis-na", "child-3PL.GEN", "小孩-3PL.屬格"], ["baq-baqi-na", "RED-elder-3PL.GEN", "重疊-老人-3PL.屬格"], ["m-niz.\\", "AF-all", "主焦-全部"]], "free": ["#e Men went fishing and hunting for food for all children and elders.", "#c 男人去捕魚打獵好讓老人小孩都有東西吃。"], "s_end": true, "iu_a_span": [38.86, 46.1], "meta": {"topic": "Ancestors", "type": "Narrative", "language": "噶瑪蘭語, Kavalan, Xinshe(新社)", "speaker": "林阿份, Ngengi, female, 1941-07-04", "collected": "2004-11-03", "revised": "2014-1-16", "video": "KavNr-ancestor_ngengi.mp3"}, "s_a_span": [36.46, 46.1], "file": "Kavalan_Xinshe/KavNr-ancestor_ngengi", "num": 7}], [8, {"ori": [], "gloss": [["..", "", ""], ["nayaw", "this.way", "這樣"], ["waway", "way.of.life", "生活方式"], ["na", "GEN", "屬格"], ["kebalan", "Kavalan", "噶瑪蘭"], ["ta-gilan-an.\\", "LOC-PN-LOC", "處格-宜蘭-處格"]], "free": ["#e And this is Kavalans’ way of life in Yi-lan.", "#c 這就是噶瑪蘭人在宜蘭的生活方式。"], "s_end": true, "iu_a_span": [46.1, 48.82], "meta": {"topic": "Ancestors", "type": "Narrative", "language": "噶瑪蘭語, Kavalan, Xinshe(新社)", "speaker": "林阿份, Ngengi, female, 1941-07-04", "collected": "2004-11-03", "revised": "2014-1-16", "video": "KavNr-ancestor_ngengi.mp3"}, "s_a_span": [46.1, 48.82], "file": "Kavalan_Xinshe/KavNr-ancestor_ngengi", "num": 8}], [9, {"ori": [], "gloss": [["..", "", ""], ["tu", "DM", "DM"], ["masang", "before", "從前"], ["mai", "NEG", "否定"], ["tu", "OBL", "斜格"], ["lazan", "road", "路"], ["ta-", "FS", "FS"], ["ta-kalinku.\\", "LOC-PN", "處格-花蓮"]], "free": [], "s_end": false, "iu_a_span": [48.82, 54.7], "meta": {"topic": "Ancestors", "type": "Narrative", "language": "噶瑪蘭語, Kavalan, Xinshe(新社)", "speaker": "林阿份, Ngengi, female, 1941-07-04", "collected": "2004-11-03", "revised": "2014-1-16", "video": "KavNr-ancestor_ngengi.mp3"}, "file": "Kavalan_Xinshe/KavNr-ancestor_ngengi", "num": 9}], [10, {"ori": [], "gloss": [["...(0.8)", "", ""], ["tangi", "now", "現在"], ["nani", "DM", "DM"], ["<L2MsuhuakongluL2M>", "PN", "蘇花公路"], ["zin-na", "say-3SG.GEN", "說-3SG.屬格"], ["nangan-na", "name-3SG.GEN", "名字-3SG.屬格"], ["lazan", "road", "路"], ["'nay", "that", "那個"], ["masang.\\", "before", "從前"]], "free": ["#e And in the past, there were no roads in Hualien, and now they say Su-hua Road, the name of that road.", "#c 從前花蓮都沒有路, 現在他們說蘇花公路, 就是那條路的名字。"], "s_end": true, "iu_a_span": [54.7, 60.13], "meta": {"topic": "Ancestors", "type": "Narrative", "language": "噶瑪蘭語, Kavalan, Xinshe(新社)", "speaker": "林阿份, Ngengi, female, 1941-07-04", "collected": "2004-11-03", "revised": "2014-1-16", "video": "KavNr-ancestor_ngengi.mp3"}, "s_a_span": [48.82, 60.13], "file": "Kavalan_Xinshe/KavNr-ancestor_ngengi", "num": 10}], [11, {"ori": [], "gloss": [["...", "", ""], ["baq-", "FS", "FS"], ["baq-baqi", "RED-ancestor", "重疊-祖先"], ["na", "GEN", "屬格"], ["kebalan", "Kavalan", "噶瑪蘭"], ["baq-baqi-ta.\\", "RED-ancestor-1IPL.GEN", "重疊-祖先-1IPL.屬格"]], "free": [], "s_end": false, "iu_a_span": [60.13, 64.59], "meta": {"topic": "Ancestors", "type": "Narrative", "language": "噶瑪蘭語, Kavalan, Xinshe(新社)", "speaker": "林阿份, Ngengi, female, 1941-07-04", "collected": "2004-11-03", "revised": "2014-1-16", "video": "KavNr-ancestor_ngengi.mp3"}, "file": "Kavalan_Xinshe/KavNr-ancestor_ngengi", "num": 11}], [12, {"ori": [], "gloss": [["..", "", ""], ["ya", "FIL", "FIL"], ["s<em>angi", "<AF>boraden", "<主焦>開拓"], ["tu", "OBL", "斜格"], ["lazan", "road", "路"], ["sa", "to", "到"], ["sa", "to", "到"], ["kalinku.\\", "Hualien", "花蓮"]], "free": ["#e Our Kavalan ancestors broadened the road to Hualien.", "#c 噶瑪蘭的祖先開拓通往花蓮的道路。"], "s_end": true, "iu_a_span": [64.59, 67.87], "meta": {"topic": "Ancestors", "type": "Narrative", "language": "噶瑪蘭語, Kavalan, Xinshe(新社)", "speaker": "林阿份, Ngengi, female, 1941-07-04", "collected": "2004-11-03", "revised": "2014-1-16", "video": "KavNr-ancestor_ngengi.mp3"}, "s_a_span": [60.13, 67.87], "file": "Kavalan_Xinshe/KavNr-ancestor_ngengi", "num": 12}], [13, {"ori": [], "gloss": [["..", "", ""], ["nayau", "that.way", "那樣"], ["satuRin", "brave", "勇敢"], ["qenasianem-an-na", "think-LF-3PL.GEN", "覺得-處焦-3PL.屬格"], ["baq-baqi", "RED-ancestor", "重疊-祖先"], ["na", "GEN", "屬格"], ["kebalan", "Kavalan", "噶瑪蘭"], ["zaka._", "??", "??"]], "free": ["#e So they considered Kavalan ancestors brave.", "#c 人們覺得噶瑪蘭的祖先很勇敢。"], "s_end": true, "iu_a_span": [67.87, 72.67], "meta": {"topic": "Ancestors", "type": "Narrative", "language": "噶瑪蘭語, Kavalan, Xinshe(新社)", "speaker": "林阿份, Ngengi, female, 1941-07-04", "collected": "2004-11-03", "revised": "2014-1-16", "video": "KavNr-ancestor_ngengi.mp3"}, "s_a_span": [67.87, 72.67], "file": "Kavalan_Xinshe/KavNr-ancestor_ngengi", "num": 13}], [14, {"ori": [], "gloss": [["..", "", ""], ["tu", "DM", "DM"], ["nayau", "that.way", "那樣"], ["XX", "", ""], ["Ru-pun=pa=ti", "FUT-finish=FUT=PFV", "未來-完工=未來=完成"], ["sayza", "perhaps", "也許"], ["nani", "DM", "DM"], ["yau=ti", "EXIST=PFV", "存在=完成"], ["lazan", "road", "路"], ["sa", "to", "到"], ["<L2MhualienL2M>.\\", "Hualien", "花蓮"]], "free": ["#e Perhaps, (the road) was going to be finished, and then there was a road to Hualien.", "#c 可能快要完工了, 然後就有了到花蓮的路。"], "s_end": true, "iu_a_span": [72.67, 77.48], "meta": {"topic": "Ancestors", "type": "Narrative", "language": "噶瑪蘭語, Kavalan, Xinshe(新社)", "speaker": "林阿份, Ngengi, female, 1941-07-04", "collected": "2004-11-03", "revised": "2014-1-16", "video": "KavNr-ancestor_ngengi.mp3"}, "s_a_span": [72.67, 77.48], "file": "Kavalan_Xinshe/KavNr-ancestor_ngengi", "num": 14}], [15, {"ori": [], "gloss": [["..", "", ""], ["XXX", "", ""], ["masang", "before", "從前"], ["yau", "EXIST", "存在"], ["ta-gilan-an", "LOC-PN-LOC", "處格-宜蘭-處格"], ["ya", "FIL", "FIL"], ["ya", "FIL", "FIL"], ["damu", "village", "村莊"], ["na", "GEN", "屬格"], ["baqian", "male.ancestors", "男祖先"], ["bai-bai", "RED-female.ancestor", "重疊-女祖先"], ["bai-bai-ta.\\", "RED-felmale.ancestor-1IPL.GEN", "重疊-女祖先-1IPL.屬格"]], "free": ["#e In the past, our ancestors’ village was in Yilan.", "#c 從前我們祖先的村莊是在宜蘭。"], "s_end": true, "iu_a_span": [77.48, 86.53], "meta": {"topic": "Ancestors", "type": "Narrative", "language": "噶瑪蘭語, Kavalan, Xinshe(新社)", "speaker": "林阿份, Ngengi, female, 1941-07-04", "collected": "2004-11-03", "revised": "2014-1-16", "video": "KavNr-ancestor_ngengi.mp3"}, "s_a_span": [77.48, 86.53], "file": "Kavalan_Xinshe/KavNr-ancestor_ngengi", "num": 15}], [16, {"ori": [], "gloss": [["..", "", ""], ["nani", "DM", "DM"], ["tu.\\", "DM", "DM"]], "free": [], "s_end": false, "iu_a_span": [86.53, 88.08], "meta": {"topic": "Ancestors", "type": "Narrative", "language": "噶瑪蘭語, Kavalan, Xinshe(新社)", "speaker": "林阿份, Ngengi, female, 1941-07-04", "collected": "2004-11-03", "revised": "2014-1-16", "video": "KavNr-ancestor_ngengi.mp3"}, "file": "Kavalan_Xinshe/KavNr-ancestor_ngengi", "num": 16}], [17, {"ori": [], "gloss": [["...(0.9)", "", ""], ["buRau=ti.\\", "move=PFV", "搬家=完成"]], "free": [], "s_end": false, "iu_a_span": [88.08, 90.34], "meta": {"topic": "Ancestors", "type": "Narrative", "language": "噶瑪蘭語, Kavalan, Xinshe(新社)", "speaker": "林阿份, Ngengi, female, 1941-07-04", "collected": "2004-11-03", "revised": "2014-1-16", "video": "KavNr-ancestor_ngengi.mp3"}, "file": "Kavalan_Xinshe/KavNr-ancestor_ngengi", "num": 17}], [18, {"ori": [], "gloss": [["...(1.3)", "", ""], ["pasa", "towards", "朝"], ["kalinku", "PN", "花蓮"], ["pasa,_", "towards", "朝"]], "free": [], "s_end": false, "iu_a_span": [90.34, 93.79], "meta": {"topic": "Ancestors", "type": "Narrative", "language": "噶瑪蘭語, Kavalan, Xinshe(新社)", "speaker": "林阿份, Ngengi, female, 1941-07-04", "collected": "2004-11-03", "revised": "2014-1-16", "video": "KavNr-ancestor_ngengi.mp3"}, "file": "Kavalan_Xinshe/KavNr-ancestor_ngengi", "num": 18}], [19, {"ori": [], "gloss": [["...(1.0)", "", ""], ["e", "FIL", "FIL"], ["mataling", "AF.change", "主焦.換"], ["sa", "to", "到"], ["pateRung-an", "PN-LOC", "新社-處格"], ["ya", "NOM", "主格"], ["ya", "NOM", "主格"], ["baq-baqi-ku.\\", "RED-ancestors-1SG.GEN", "重疊-祖先-1SG.屬格"]], "free": ["#e My ancestors moved towards Hualien, and then changed to Xin-she.", "#c 我的祖先搬往花蓮,然後又換到新社。"], "s_end": true, "iu_a_span": [93.79, 100.51], "meta": {"topic": "Ancestors", "type": "Narrative", "language": "噶瑪蘭語, Kavalan, Xinshe(新社)", "speaker": "林阿份, Ngengi, female, 1941-07-04", "collected": "2004-11-03", "revised": "2014-1-16", "video": "KavNr-ancestor_ngengi.mp3"}, "s_a_span": [86.53, 100.51], "file": "Kavalan_Xinshe/KavNr-ancestor_ngengi", "num": 19}], [20, {"ori": [], "gloss": [["..", "", ""], ["baq-baqi-ta", "RED-ancestor-1IPL.GEN", "重疊-祖先-1IPL.屬格"], ["m-niz", "AF-all", "主焦-全部"], ["Raw.\\", "INT", "感嘆"]], "free": [], "s_end": false, "iu_a_span": [100.51, 102.17], "meta": {"topic": "Ancestors", "type": "Narrative", "language": "噶瑪蘭語, Kavalan, Xinshe(新社)", "speaker": "林阿份, Ngengi, female, 1941-07-04", "collected": "2004-11-03", "revised": "2014-1-16", "video": "KavNr-ancestor_ngengi.mp3"}, "file": "Kavalan_Xinshe/KavNr-ancestor_ngengi", "num": 20}], [21, {"ori": [], "gloss": [["..", "", ""], ["tu", "DM", "DM"], ["yau=ti", "EXIST=PFV", "存在"], ["ta-pateRung-an.\\", "LOC-PN-LOC", "處格-新社-處格"]], "free": [], "s_end": false, "iu_a_span": [102.17, 104.07], "meta": {"topic": "Ancestors", "type": "Narrative", "language": "噶瑪蘭語, Kavalan, Xinshe(新社)", "speaker": "林阿份, Ngengi, female, 1941-07-04", "collected": "2004-11-03", "revised": "2014-1-16", "video": "KavNr-ancestor_ngengi.mp3"}, "file": "Kavalan_Xinshe/KavNr-ancestor_ngengi", "num": 21}], [22, {"ori": [], "gloss": [["...(1.6)", "", ""], ["RaytaRun", "develop", "開墾"], ["tu", "OBL", "斜格"], ["zna", "rice.paddy", "水田"], ["sayza./", "perhaps", "也許"]], "free": ["#e Perhaps our ancestors all develped fields of rice in Xinshe.", "#c 也許我們的祖先們都在新社開墾水田。"], "s_end": true, "iu_a_span": [104.07, 108.01], "meta": {"topic": "Ancestors", "type": "Narrative", "language": "噶瑪蘭語, Kavalan, Xinshe(新社)", "speaker": "林阿份, Ngengi, female, 1941-07-04", "collected": "2004-11-03", "revised": "2014-1-16", "video": "KavNr-ancestor_ngengi.mp3"}, "s_a_span": [100.51, 108.01], "file": "Kavalan_Xinshe/KavNr-ancestor_ngengi", "num": 22}], [23, {"ori": [], "gloss": [["...(0.8)", "", ""], ["q<em>uway", "<AF>cultivate", "<主焦>耕種"], ["tu", "OBL", "斜格"], ["zna,_", "rice.paddy", "水田"]], "free": [], "s_end": false, "iu_a_span": [108.01, 109.8], "meta": {"topic": "Ancestors", "type": "Narrative", "language": "噶瑪蘭語, Kavalan, Xinshe(新社)", "speaker": "林阿份, Ngengi, female, 1941-07-04", "collected": "2004-11-03", "revised": "2014-1-16", "video": "KavNr-ancestor_ngengi.mp3"}, "file": "Kavalan_Xinshe/KavNr-ancestor_ngengi", "num": 23}], [24, {"ori": [], "gloss": [["..", "", ""], ["ta-pateRung-an", "LOC-PN-LOC", "處格-新社-處格"], ["ya", "NOM", "主格"], ["baq-baqi-ta", "RED-ancestor-1IPL.GEN", "重疊-祖先-1IPL.屬格"], ["masang", "before", "從前"], ["nani.\\", "DM", "DM"]], "free": ["#e In the past, our ancestors cultivated fields of rice in Xinshe.", "#c 從前我們的祖先在新社耕種水田。"], "s_end": true, "iu_a_span": [109.8, 113.9], "meta": {"topic": "Ancestors", "type": "Narrative", "language": "噶瑪蘭語, Kavalan, Xinshe(新社)", "speaker": "林阿份, Ngengi, female, 1941-07-04", "collected": "2004-11-03", "revised": "2014-1-16", "video": "KavNr-ancestor_ngengi.mp3"}, "s_a_span": [108.01, 113.9], "file": "Kavalan_Xinshe/KavNr-ancestor_ngengi", "num": 24}], [25, {"ori": [], "gloss": [["..", "", ""], ["Ri-bawut", "catch-fish", "抓-魚"], ["matiw", "AF.go", "主焦.去"], ["s<m>alau", "<AF>hunt", "<主焦>打獵"], ["ya", "NOM", "主格"], ["baq-baqi", "RED-ancestor", "重疊-祖先"], ["masang.\\", "before", "從前"]], "free": ["#e In the past, (our) ancestors went fishing and hunting.", "#c 從前祖先們去捕魚打獵。"], "s_end": true, "iu_a_span": [113.9, 118.59], "meta": {"topic": "Ancestors", "type": "Narrative", "language": "噶瑪蘭語, Kavalan, Xinshe(新社)", "speaker": "林阿份, Ngengi, female, 1941-07-04", "collected": "2004-11-03", "revised": "2014-1-16", "video": "KavNr-ancestor_ngengi.mp3"}, "s_a_span": [113.9, 118.59], "file": "Kavalan_Xinshe/KavNr-ancestor_ngengi", "num": 25}], [26, {"ori": [], "gloss": [["..", "", ""], ["nayau", "that.way", "那樣"], ["qena-laluna", "QENA-competent", "QENA-能幹"], ["na", "GEN", "屬格"], ["baq-baqi-ta", "RED-ancestor-1IPL.GEN", "重疊-祖先-1IPL.屬格"], ["masang.\\", "before", "從前"]], "free": ["#e Our ancestors were very competent in the past.", "#c 我們從前的祖先是非常能幹的。"], "s_end": true, "iu_a_span": [118.59, 122.2], "meta": {"topic": "Ancestors", "type": "Narrative", "language": "噶瑪蘭語, Kavalan, Xinshe(新社)", "speaker": "林阿份, Ngengi, female, 1941-07-04", "collected": "2004-11-03", "revised": "2014-1-16", "video": "KavNr-ancestor_ngengi.mp3"}, "s_a_span": [118.59, 122.2], "file": "Kavalan_Xinshe/KavNr-ancestor_ngengi", "num": 26}], [27, {"ori": [], "gloss": [["..", "", ""], ["ta==,_", "LOC", "處格"]], "free": [], "s_end": false, "iu_a_span": [122.2, 123.86], "meta": {"topic": "Ancestors", "type": "Narrative", "language": "噶瑪蘭語, Kavalan, Xinshe(新社)", "speaker": "林阿份, Ngengi, female, 1941-07-04", "collected": "2004-11-03", "revised": "2014-1-16", "video": "KavNr-ancestor_ngengi.mp3"}, "file": "Kavalan_Xinshe/KavNr-ancestor_ngengi", "num": 27}], [28, {"ori": [], "gloss": [["...(1.1)", "", ""], ["ta-pateRung-an", "LOC-PN-LOC", "處格-新社-處格"], ["ya==,_", "FIL", "FIL"]], "free": [], "s_end": false, "iu_a_span": [123.86, 126.75], "meta": {"topic": "Ancestors", "type": "Narrative", "language": "噶瑪蘭語, Kavalan, Xinshe(新社)", "speaker": "林阿份, Ngengi, female, 1941-07-04", "collected": "2004-11-03", "revised": "2014-1-16", "video": "KavNr-ancestor_ngengi.mp3"}, "file": "Kavalan_Xinshe/KavNr-ancestor_ngengi", "num": 28}], [29, {"ori": [], "gloss": [["...(1.3)", "", ""], ["sa-qudu-an-na", "FUT-nurture-NMZ-3PL.GEN", "未來-養育-名物化-3PL.屬格"], ["tu", "OBL", "斜格"], ["sunis", "child", "小孩"], ["'nay", "that", "那個"], ["sayza", "perhaps", "也許"], ["nani.\\", "DM", "DM"]], "free": ["#e Perhaps (it was how) they nurtured (their) children in Xinshe.", "#c 也許他們在新社就是這樣養小孩的。"], "s_end": true, "iu_a_span": [126.75, 130.43], "meta": {"topic": "Ancestors", "type": "Narrative", "language": "噶瑪蘭語, Kavalan, Xinshe(新社)", "speaker": "林阿份, Ngengi, female, 1941-07-04", "collected": "2004-11-03", "revised": "2014-1-16", "video": "KavNr-ancestor_ngengi.mp3"}, "s_a_span": [122.2, 130.43], "file": "Kavalan_Xinshe/KavNr-ancestor_ngengi", "num": 29}], [30, {"ori": [], "gloss": [["...(0.8)", "", ""], ["yau=ti", "EXIST=PFV", "存在=完成"], ["ta", "LOC", "處格"], ["ta==", "LOC", "處格"], ["si-", "FS", "FS"], ["ta-pateRung-an", "LOC-PN-LOC", "處格-新社-處格"], ["nazaw", "this.way", "這樣"], ["u==,_", "INT", "感嘆"]], "free": [], "s_end": false, "iu_a_span": [130.43, 135.93], "meta": {"topic": "Ancestors", "type": "Narrative", "language": "噶瑪蘭語, Kavalan, Xinshe(新社)", "speaker": "林阿份, Ngengi, female, 1941-07-04", "collected": "2004-11-03", "revised": "2014-1-16", "video": "KavNr-ancestor_ngengi.mp3"}, "file": "Kavalan_Xinshe/KavNr-ancestor_ngengi", "num": 30}], [31, {"ori": [], "gloss": [["...(0.9)", "", ""], ["lisin", "superstition", "迷信"], ["na", "GEN", "屬格"], ["saiza", "SAIZA", "SAIZA"], ["na==", "GEN", "屬格"], ["na", "GEN", "屬格"], ["izau", "this", "這個"], ["na", "GEN", "屬格"], ["bai-baibudan.\\", "RED-female.ancestor", "重疊-女祖先"]], "free": ["#e There existed in Xinshe some superstitions of (our) ancestors.", "#c 在新社我們的祖先有一些迷信。"], "s_end": true, "iu_a_span": [135.93, 141.01], "meta": {"topic": "Ancestors", "type": "Narrative", "language": "噶瑪蘭語, Kavalan, Xinshe(新社)", "speaker": "林阿份, Ngengi, female, 1941-07-04", "collected": "2004-11-03", "revised": "2014-1-16", "video": "KavNr-ancestor_ngengi.mp3"}, "s_a_span": [130.43, 141.01], "file": "Kavalan_Xinshe/KavNr-ancestor_ngengi", "num": 31}], [32, {"ori": [], "gloss": [["...(0.7)", "", ""], ["m.\\", "FIL", "FIL"]], "free": [], "s_end": false, "iu_a_span": [141.01, 142.05], "meta": {"topic": "Ancestors", "type": "Narrative", "language": "噶瑪蘭語, Kavalan, Xinshe(新社)", "speaker": "林阿份, Ngengi, female, 1941-07-04", "collected": "2004-11-03", "revised": "2014-1-16", "video": "KavNr-ancestor_ngengi.mp3"}, "file": "Kavalan_Xinshe/KavNr-ancestor_ngengi", "num": 32}], [33, {"ori": [], "gloss": [["...(0.7)", "", ""], ["dada-", "FS", "FS"], ["dalusa=ti", "half=PFV", "一半=完成"], ["tasaw", "year", "年"], ["zin-na", "say-3SG.GEN", "說-3SG.屬格"], ["nani.\\", "DM", "DM"]], "free": ["#e They said it’s been half a year.", "#c 他們說已經半年了。", "#n dalusa=ti zanum  水的一半‘half of the water’"], "s_end": true, "iu_a_span": [142.05, 145.49], "meta": {"topic": "Ancestors", "type": "Narrative", "language": "噶瑪蘭語, Kavalan, Xinshe(新社)", "speaker": "林阿份, Ngengi, female, 1941-07-04", "collected": "2004-11-03", "revised": "2014-1-16", "video": "KavNr-ancestor_ngengi.mp3"}, "s_a_span": [141.01, 145.49], "file": "Kavalan_Xinshe/KavNr-ancestor_ngengi", "num": 33}], [34, {"ori": [], "gloss": [["..", "", ""], ["matiw=ti", "AF.go=PFV", "主焦.去=完成"], ["i==zau.\\", "this", "這個"]], "free": [], "s_end": false, "iu_a_span": [145.49, 149.05], "meta": {"topic": "Ancestors", "type": "Narrative", "language": "噶瑪蘭語, Kavalan, Xinshe(新社)", "speaker": "林阿份, Ngengi, female, 1941-07-04", "collected": "2004-11-03", "revised": "2014-1-16", "video": "KavNr-ancestor_ngengi.mp3"}, "file": "Kavalan_Xinshe/KavNr-ancestor_ngengi", "num": 34}], [35, {"ori": [], "gloss": [["...(1.3)", "", ""], ["sa-", "FS", "FS"], ["sa-lazin=pa=ita", "to-seashore=FUT=1IPL.NOM", "到-海邊=未來=1IPL.主格"], ["zin-na", "say-3PL.GEN", "說-3PL.屬格"], ["sazpu'matiw", "??", "??"], ["baqi-an.\\", "AF.go", "主焦.去"]], "free": [], "s_end": false, "iu_a_span": [149.05, 154.77], "meta": {"topic": "Ancestors", "type": "Narrative", "language": "噶瑪蘭語, Kavalan, Xinshe(新社)", "speaker": "林阿份, Ngengi, female, 1941-07-04", "collected": "2004-11-03", "revised": "2014-1-16", "video": "KavNr-ancestor_ngengi.mp3"}, "file": "Kavalan_Xinshe/KavNr-ancestor_ngengi", "num": 35}], [36, {"ori": [], "gloss": [["..", "", ""], ["tu", "DM", "DM"], ["qatiw-an", "go-LF", "去-處焦"], ["Ri-bawut.\\", "catch-fish", "抓-魚"]], "free": ["#e Our ancestors said ‘We are going to the seashore.’ And they went fishing.", "#c 祖先說「我們要去海邊」, 然後就捕魚去了。"], "s_end": true, "iu_a_span": [154.77, 156.28], "meta": {"topic": "Ancestors", "type": "Narrative", "language": "噶瑪蘭語, Kavalan, Xinshe(新社)", "speaker": "林阿份, Ngengi, female, 1941-07-04", "collected": "2004-11-03", "revised": "2014-1-16", "video": "KavNr-ancestor_ngengi.mp3"}, "s_a_span": [145.49, 156.28], "file": "Kavalan_Xinshe/KavNr-ancestor_ngengi", "num": 36}], [37, {"ori": [], "gloss": [["..", "", ""], ["t<em>ayta", "<AF>see", "<主焦>看"], ["tu", "OBL", "斜格"], ["paRin", "tree", "樹"], ["tu", "OBL", "斜格"], ["tebaRi-ay.\\", "red-REL", "紅-關係詞"]], "free": [], "s_end": false, "iu_a_span": [156.28, 159.81], "meta": {"topic": "Ancestors", "type": "Narrative", "language": "噶瑪蘭語, Kavalan, Xinshe(新社)", "speaker": "林阿份, Ngengi, female, 1941-07-04", "collected": "2004-11-03", "revised": "2014-1-16", "video": "KavNr-ancestor_ngengi.mp3"}, "file": "Kavalan_Xinshe/KavNr-ancestor_ngengi", "num": 37}], [38, {"ori": [], "gloss": [["...(0.7)", "", ""], ["'nay", "that", "那個"], ["napas", "PN", "樹名"], ["zin-ta,_", "say-1IPL.GEN", "說-1IPL.屬格"]], "free": [], "s_end": false, "iu_a_span": [159.81, 161.5], "meta": {"topic": "Ancestors", "type": "Narrative", "language": "噶瑪蘭語, Kavalan, Xinshe(新社)", "speaker": "林阿份, Ngengi, female, 1941-07-04", "collected": "2004-11-03", "revised": "2014-1-16", "video": "KavNr-ancestor_ngengi.mp3"}, "file": "Kavalan_Xinshe/KavNr-ancestor_ngengi", "num": 38}], [39, {"ori": [], "gloss": [["..", "", ""], ["saRa-", "FS", "FS"], ["sa-mulay=ti", "SA-flower=PFV", "SA-花=完成"], ["napas", "PN", "樹名"], ["zin-na", "say-3PL.GEN", "說-3PL.屬格"], ["nani.\\", "DM", "DM"]], "free": ["#e They said ‘we saw the tree, the red flowers of Napas tree. They’ve blossomed.’", "#c 他們說「我們看到樹, Napas樹的紅葉,已經開花了」。"], "s_end": true, "iu_a_span": [161.5, 163.94], "meta": {"topic": "Ancestors", "type": "Narrative", "language": "噶瑪蘭語, Kavalan, Xinshe(新社)", "speaker": "林阿份, Ngengi, female, 1941-07-04", "collected": "2004-11-03", "revised": "2014-1-16", "video": "KavNr-ancestor_ngengi.mp3"}, "s_a_span": [156.28, 163.94], "file": "Kavalan_Xinshe/KavNr-ancestor_ngengi", "num": 39}], [40, {"ori": [], "gloss": [["..", "", ""], ["XXX", "", ""], ["s<m>angi=ti", "<AF>do=PFV", "<主焦>做=完成"], ["tu", "OBL", "斜格"], ["iza", "something", "某事"], ["ya", "FIL", "FIL"], ["ya==", "FIL", "FIL"], ["baq-baqi-an.\\", "RED-elder-AN", "重疊-老人-AN"]], "free": [], "s_end": false, "iu_a_span": [163.94, 169.61], "meta": {"topic": "Ancestors", "type": "Narrative", "language": "噶瑪蘭語, Kavalan, Xinshe(新社)", "speaker": "林阿份, Ngengi, female, 1941-07-04", "collected": "2004-11-03", "revised": "2014-1-16", "video": "KavNr-ancestor_ngengi.mp3"}, "file": "Kavalan_Xinshe/KavNr-ancestor_ngengi", "num": 40}], [41, {"ori": [], "gloss": [["..", "", ""], ["tu", "OBL", "斜格"], ["bawat", "boat", "船"], ["saiza", "SAIZA", "SAIZA"], ["ipaz", "raft", "竹筏"], ["saiza", "SAIZA", "SAIZA"], ["na", "GEN", "屬格"], ["ba-baqi-an", "RED-elder-AN", "重疊-老人-AN"], ["nani.\\", "DM", "DM"]], "free": ["#e The elders took raft and boat.", "#c 老人們搭竹筏和船。", "#n baqi-an: 老人 old man", "#n baq-baqi-an: 老人們 old men", "#n sunis: 小孩  child", "#n sun-sunis zau: 這些小孩 these children", "#n si-su-sunis: 帶小孩們 take children", "#n mazmun sunis: 很多小孩 many children", "#n mawza sudad: 很多書 many books"], "s_end": true, "iu_a_span": [169.61, 174.0], "meta": {"topic": "Ancestors", "type": "Narrative", "language": "噶瑪蘭語, Kavalan, Xinshe(新社)", "speaker": "林阿份, Ngengi, female, 1941-07-04", "collected": "2004-11-03", "revised": "2014-1-16", "video": "KavNr-ancestor_ngengi.mp3"}, "s_a_span": [163.94, 174.0], "file": "Kavalan_Xinshe/KavNr-ancestor_ngengi", "num": 41}], [42, {"ori": [], "gloss": [["..", "", ""], ["nayau=ti", "that.way=PFV", "那樣=完成"], ["qi-bawut-an-na,_", "catch-fish-LF-3PL.GEN", "抓-魚-處焦-3PL.屬格"]], "free": [], "s_end": false, "iu_a_span": [174.0, 175.84], "meta": {"topic": "Ancestors", "type": "Narrative", "language": "噶瑪蘭語, Kavalan, Xinshe(新社)", "speaker": "林阿份, Ngengi, female, 1941-07-04", "collected": "2004-11-03", "revised": "2014-1-16", "video": "KavNr-ancestor_ngengi.mp3"}, "file": "Kavalan_Xinshe/KavNr-ancestor_ngengi", "num": 42}], [43, {"ori": [], "gloss": [["...(0.7)", "", ""], ["na", "GEN", "屬格"], ["pa-saqut-an-na", "CAU-move-LF-3PL.GEN", "使役-搬-處焦-3PL.屬格"], ["tu", "OBL", "斜格"], ["sun-sunis", "RED-child", "重疊-小孩"], ["m-niz.\\", "AF-all", "主焦-全部"]], "free": ["#e In that way, they caught fish and had all the children move (rafts and boats).", "#c 那樣(赤桐花開花後),他們去捕魚,叫所有的小孩搬(竹筏&船)。"], "s_end": true, "iu_a_span": [175.84, 180.25], "meta": {"topic": "Ancestors", "type": "Narrative", "language": "噶瑪蘭語, Kavalan, Xinshe(新社)", "speaker": "林阿份, Ngengi, female, 1941-07-04", "collected": "2004-11-03", "revised": "2014-1-16", "video": "KavNr-ancestor_ngengi.mp3"}, "s_a_span": [174.0, 180.25], "file": "Kavalan_Xinshe/KavNr-ancestor_ngengi", "num": 43}], [44, {"ori": [], "gloss": [["...(1.2)", "", ""], ["zuma", "in.addition", "另外"], ["nani,\\", "DM", "DM"]], "free": [], "s_end": false, "iu_a_span": [180.25, 182.11], "meta": {"topic": "Ancestors", "type": "Narrative", "language": "噶瑪蘭語, Kavalan, Xinshe(新社)", "speaker": "林阿份, Ngengi, female, 1941-07-04", "collected": "2004-11-03", "revised": "2014-1-16", "video": "KavNr-ancestor_ngengi.mp3"}, "file": "Kavalan_Xinshe/KavNr-ancestor_ngengi", "num": 44}], [45, {"ori": [], "gloss": [["...(0.7)", "", ""], ["baibudan", "female.elder", "女性長輩"], ["e,_", "FIL", "FIL"]], "free": [], "s_end": false, "iu_a_span": [182.11, 184.31], "meta": {"topic": "Ancestors", "type": "Narrative", "language": "噶瑪蘭語, Kavalan, Xinshe(新社)", "speaker": "林阿份, Ngengi, female, 1941-07-04", "collected": "2004-11-03", "revised": "2014-1-16", "video": "KavNr-ancestor_ngengi.mp3"}, "file": "Kavalan_Xinshe/KavNr-ancestor_ngengi", "num": 45}], [46, {"ori": [], "gloss": [["...(0.7)", "", ""], ["u", "INT", "感嘆"], ["sa-isi=pa=ita=ti", "SA-wine.made.from.glutinous.rice=FUT=1IPL.NOM=PFV", "SA-糯米酒=未來=1IPL.主格=完成"], ["tangi._", "now", "現在"]], "free": ["#e In addition, female elders were going to make wine from glutinous rice.", "#c 另外,女生老人要釀糯米酒了。"], "s_end": true, "iu_a_span": [184.31, 186.84], "meta": {"topic": "Ancestors", "type": "Narrative", "language": "噶瑪蘭語, Kavalan, Xinshe(新社)", "speaker": "林阿份, Ngengi, female, 1941-07-04", "collected": "2004-11-03", "revised": "2014-1-16", "video": "KavNr-ancestor_ngengi.mp3"}, "s_a_span": [180.25, 186.84], "file": "Kavalan_Xinshe/KavNr-ancestor_ngengi", "num": 46}], [47, {"ori": [], "gloss": [["..", "", ""], ["wa", "FIL", "FIL"], ["zusa=pa=ti", "two=FUT=PFV", "二=未來=完成"], ["tasaw", "year", "年"], ["zin-na", "say-3PL.GEN", "說-3PL.屬格"], ["baibudan.\\", "female.elder", "女性長輩"]], "free": ["#e ‘Now, it is going to be the second year’, said the female elders.", "#c 現在要邁入第二年了, 老人這麼說。"], "s_end": true, "iu_a_span": [186.84, 190.6], "meta": {"topic": "Ancestors", "type": "Narrative", "language": "噶瑪蘭語, Kavalan, Xinshe(新社)", "speaker": "林阿份, Ngengi, female, 1941-07-04", "collected": "2004-11-03", "revised": "2014-1-16", "video": "KavNr-ancestor_ngengi.mp3"}, "s_a_span": [186.84, 190.6], "file": "Kavalan_Xinshe/KavNr-ancestor_ngengi", "num": 47}], [48, {"ori": [], "gloss": [["..", "", ""], ["tu", "DM", "DM"], ["sa-isi=ti", "SA-wine.made.from.glutinous.rice=PFV", "SA-糯米酒=完成"], ["e", "FIL", "FIL"], ["sa-", "FS", "FS"], ["e", "FIL", "FIL"], ["mulmuz=ti", "steam=PFV", "蒸=完成"], ["tu", "OBL", "斜格"], ["nuzung", "glutinous.rice", "糯米飯"], ["sa-isi=ti.\\", "SA-wine.made.from.glutinous.rice=PFV", "SA-糯米酒=完成"]], "free": ["#e (We) were to make wine from glutinous rice, (so we) steamed glutinous rice.", "#c (我們)要釀糯米酒了,(所以)蒸糯米。", "#n isi: 糯米酒 wine made from polished glutinous rice", "#n snapwaR: 糯米 polished glutinous rice"], "s_end": true, "iu_a_span": [190.6, 196.44], "meta": {"topic": "Ancestors", "type": "Narrative", "language": "噶瑪蘭語, Kavalan, Xinshe(新社)", "speaker": "林阿份, Ngengi, female, 1941-07-04", "collected": "2004-11-03", "revised": "2014-1-16", "video": "KavNr-ancestor_ngengi.mp3"}, "s_a_span": [190.6, 196.44], "file": "Kavalan_Xinshe/KavNr-ancestor_ngengi", "num": 48}], [49, {"ori": [], "gloss": [["..", "", ""], ["t<em>uzus=ti", "<AF>arrive=PFV", "<主焦>到=完成"], ["ya", "NOM", "主格"], ["tasaw.\\", "year", "年"]], "free": [], "s_end": false, "iu_a_span": [196.44, 199.02], "meta": {"topic": "Ancestors", "type": "Narrative", "language": "噶瑪蘭語, Kavalan, Xinshe(新社)", "speaker": "林阿份, Ngengi, female, 1941-07-04", "collected": "2004-11-03", "revised": "2014-1-16", "video": "KavNr-ancestor_ngengi.mp3"}, "file": "Kavalan_Xinshe/KavNr-ancestor_ngengi", "num": 49}], [50, {"ori": [], "gloss": [["..", "", ""], ["qa-ngid=ti=ita", "FUT-want=PFV=1IPL.NOM", "未來-要=完成=1IPL.主格"], ["paskua", "new.year", "過年"], ["zin-na", "say-3PL.GEN", "說-3PL.屬格"], ["nani.\\", "DM", "DM"]], "free": ["#e New year was coming soon and we were to have New Year, said they.", "#c 過年了,我們快過年了, 他們說。", "#n qaseq-an-ku: 我到的地方 the place where I went to", "#n maseq=ti=isu: 你到了嗎? Have you arrived?", "#n qaseq-an-ku lepaw-na: 我到他家 I went to his house", "#n maseq=ti=iku ta-lepaw-an-na: 我到他家了 I have arrived at his house", "#n qaseq=ti=iku ta-lepaw-an-na: 我會到他家 I will go to his house", "#n qa-ngid=ti=ita qan satutu: 快吃中餐了 We are about to have lunch"], "s_end": true, "iu_a_span": [199.02, 202.4], "meta": {"topic": "Ancestors", "type": "Narrative", "language": "噶瑪蘭語, Kavalan, Xinshe(新社)", "speaker": "林阿份, Ngengi, female, 1941-07-04", "collected": "2004-11-03", "revised": "2014-1-16", "video": "KavNr-ancestor_ngengi.mp3"}, "s_a_span": [196.44, 202.4], "file": "Kavalan_Xinshe/KavNr-ancestor_ngengi", "num": 50}], [51, {"ori": [], "gloss": [["..", "", ""], ["maqenu", "indeed", "真的"], ["sa-isi=ti", "SA-wine.made.from.glutinous.rice=PFV", "SA-糯米酒=完成"], ["a", "FIL", "FIL"], ["a,_", "FIL", "FIL"]], "free": [], "s_end": false, "iu_a_span": [202.4, 205.68], "meta": {"topic": "Ancestors", "type": "Narrative", "language": "噶瑪蘭語, Kavalan, Xinshe(新社)", "speaker": "林阿份, Ngengi, female, 1941-07-04", "collected": "2004-11-03", "revised": "2014-1-16", "video": "KavNr-ancestor_ngengi.mp3"}, "file": "Kavalan_Xinshe/KavNr-ancestor_ngengi", "num": 51}], [52, {"ori": [], "gloss": [["..", "", ""], ["tangan-an-na=ti", "open-LF-3PL.GEN=PFV", "打開-處焦-3PL.GEN=完成"], ["tu", "OBL", "斜格"], ["isi", "wine.made.from.glutinous.rice", "糯米酒"], ["bai-baibudan", "RED-female.elder", "重疊-女性長輩"], ["masang", "before", "從前"], ["saiza.\\", "SAIZA", "SAIZA"]], "free": ["#e The female elder really opened (the can of) the wine made from glutinous rice.", "#c 老人們真的打開了糯米酒(的罐子)。"], "s_end": true, "iu_a_span": [205.68, 209.06], "meta": {"topic": "Ancestors", "type": "Narrative", "language": "噶瑪蘭語, Kavalan, Xinshe(新社)", "speaker": "林阿份, Ngengi, female, 1941-07-04", "collected": "2004-11-03", "revised": "2014-1-16", "video": "KavNr-ancestor_ngengi.mp3"}, "s_a_span": [202.4, 209.06], "file": "Kavalan_Xinshe/KavNr-ancestor_ngengi", "num": 52}], [53, {"ori": [], "gloss": [["..", "", ""], ["palilin=pa=ita", "worship=FUT=1IPL.NOM", "祭祖=未來=1IPL.主格"], ["zin-na", "say-3PL.GEN", "說-3PL.屬格"], ["maqenu,_", "indeed", "真的"]], "free": ["#e ‘We are going to worship our ancestors,’ they said.", "#c 我們要祭祖,他們說。", "#n m-lilin=palilin"], "s_end": true, "iu_a_span": [209.06, 211.69], "meta": {"topic": "Ancestors", "type": "Narrative", "language": "噶瑪蘭語, Kavalan, Xinshe(新社)", "speaker": "林阿份, Ngengi, female, 1941-07-04", "collected": "2004-11-03", "revised": "2014-1-16", "video": "KavNr-ancestor_ngengi.mp3"}, "s_a_span": [209.06, 211.69], "file": "Kavalan_Xinshe/KavNr-ancestor_ngengi", "num": 53}], [54, {"ori": [], "gloss": [["...(0.8)", "", ""], ["m-lilin=ti", "AF-worship=PFV", "主焦-祭祖=完成"], ["baibudan", "female.elder", "女性長輩"], ["masang", "at.that.time", "那時"], ["nani", "DM", "DM"], ["nayau", "that.way", "那樣"], ["XX.\\", "", ""]], "free": ["#e Female elders worshipped ancestors at that time.", "#c 女老人家當時就祭祖,那樣。"], "s_end": true, "iu_a_span": [211.69, 215.64], "meta": {"topic": "Ancestors", "type": "Narrative", "language": "噶瑪蘭語, Kavalan, Xinshe(新社)", "speaker": "林阿份, Ngengi, female, 1941-07-04", "collected": "2004-11-03", "revised": "2014-1-16", "video": "KavNr-ancestor_ngengi.mp3"}, "s_a_span": [211.69, 215.64], "file": "Kavalan_Xinshe/KavNr-ancestor_ngengi", "num": 54}], [55, {"ori": [], "gloss": [["..", "", ""], ["iza-an-ta", "do.sth-LF-1IPL.GEN", "做某事-處焦-1IPL.屬格"], ["na", "GEN", "屬格"], ["kebalan", "Kavalan", "噶瑪蘭"], ["nayauna", "before", "從前"], ["paskua", "New.year", "過年"], ["aita", "1IPL.NOM", "1IPL.主格"], ["kebalan", "Kavalan", "噶瑪蘭"], ["ya,_", "FIL", "FIL"]], "free": [], "s_end": false, "iu_a_span": [215.64, 220.0], "meta": {"topic": "Ancestors", "type": "Narrative", "language": "噶瑪蘭語, Kavalan, Xinshe(新社)", "speaker": "林阿份, Ngengi, female, 1941-07-04", "collected": "2004-11-03", "revised": "2014-1-16", "video": "KavNr-ancestor_ngengi.mp3"}, "file": "Kavalan_Xinshe/KavNr-ancestor_ngengi", "num": 55}], [56, {"ori": [], "gloss": [["..", "", ""], ["ya", "FIL", "FIL"], ["m-lilin-ay.\\", "AF-worship-REL", "主焦-祭祖-關係詞"]], "free": [], "s_end": false, "iu_a_span": [220.0, 221.64], "meta": {"topic": "Ancestors", "type": "Narrative", "language": "噶瑪蘭語, Kavalan, Xinshe(新社)", "speaker": "林阿份, Ngengi, female, 1941-07-04", "collected": "2004-11-03", "revised": "2014-1-16", "video": "KavNr-ancestor_ngengi.mp3"}, "file": "Kavalan_Xinshe/KavNr-ancestor_ngengi", "num": 56}], [57, {"ori": [], "gloss": [["..", "", ""], ["ya", "FIL", "FIL"], ["izau", "this", "這個"], ["tu==", "OBL", "斜格"], ["zana", "3PL.POSS", "3PL.所有格"], ["bab-", "FS", "FS"], ["zana", "3PL.POSS", "3PL.所有格"], ["bai-baibudan", "RED-female.elder", "重疊-女性長輩"], ["masang", "before", "從前"], ["nayau", "that.way", "那樣"], ["lalas-na", "thing-3PL.GEN", "事情-3PL.屬格"], ["nani.\\", "DM", "DM"]], "free": ["#e These things were what female elder had to do before New Year.", "#c 那樣的事情是我們婦女過年前做的事情。"], "s_end": true, "iu_a_span": [221.64, 229.5], "meta": {"topic": "Ancestors", "type": "Narrative", "language": "噶瑪蘭語, Kavalan, Xinshe(新社)", "speaker": "林阿份, Ngengi, female, 1941-07-04", "collected": "2004-11-03", "revised": "2014-1-16", "video": "KavNr-ancestor_ngengi.mp3"}, "s_a_span": [215.64, 229.5], "file": "Kavalan_Xinshe/KavNr-ancestor_ngengi", "num": 57}], [58, {"ori": [], "gloss": [["...(0.7)", "", ""], ["yau", "EXIST", "存在"], ["a", "NOM", "主格"], ["sunis", "child", "小孩"], ["a,_", "FIL", "FIL"]], "free": [], "s_end": false, "iu_a_span": [229.5, 232.39], "meta": {"topic": "Ancestors", "type": "Narrative", "language": "噶瑪蘭語, Kavalan, Xinshe(新社)", "speaker": "林阿份, Ngengi, female, 1941-07-04", "collected": "2004-11-03", "revised": "2014-1-16", "video": "KavNr-ancestor_ngengi.mp3"}, "file": "Kavalan_Xinshe/KavNr-ancestor_ngengi", "num": 58}], [59, {"ori": [], "gloss": [["..", "", ""], ["inging=ti=ita", "free=PFV=1IPL.NOM", "空閒=完成=1IPL.主格"], ["zin-na", "say-3PL.GEN", "說-3PL.屬格"], ["sayza", "perhaps", "也許"], ["na", "GEN", "屬格"], ["na", "GEN", "屬格"], ["baq-baqi", "RED-elder", "重疊-老人"], ["sun-sunis", "RED-child", "重疊-小孩"], ["nani.\\", "DM", "DM"]], "free": ["#e There were children. …We had free time, said male elders and children.", "#c 有小孩…我們都有空閒, 老人和小孩說。", "#n mai tu lalas: 沒事(i.e. 有空) available", "#n mai tu lawal: 沒空 busy; no time to do (sth else)"], "s_end": true, "iu_a_span": [232.39, 238.29], "meta": {"topic": "Ancestors", "type": "Narrative", "language": "噶瑪蘭語, Kavalan, Xinshe(新社)", "speaker": "林阿份, Ngengi, female, 1941-07-04", "collected": "2004-11-03", "revised": "2014-1-16", "video": "KavNr-ancestor_ngengi.mp3"}, "s_a_span": [229.5, 238.29], "file": "Kavalan_Xinshe/KavNr-ancestor_ngengi", "num": 59}], [60, {"ori": [], "gloss": [["...(0.9)", "", ""], ["u", "INT", "感嘆"], ["qatiw=pa=ita", "go=FUT=1IPL.NOM", "去=未來=1IPL.主格"], ["sa", "to", "到"], ["lazin", "sea", "海邊"], ["zin-na", "say-3PL.GEN", "說-3PL.屬格"], ["qa-qaqa-ay", "RED-elder.sibling-REL", "重疊-兄姊-關係詞"], ["nani.\\", "DM", "DM"]], "free": ["#e ’We will go to the sea,’ said the older children.", "#c 我們要去海邊,比較大的小孩說。"], "s_end": true, "iu_a_span": [238.29, 242.49], "meta": {"topic": "Ancestors", "type": "Narrative", "language": "噶瑪蘭語, Kavalan, Xinshe(新社)", "speaker": "林阿份, Ngengi, female, 1941-07-04", "collected": "2004-11-03", "revised": "2014-1-16", "video": "KavNr-ancestor_ngengi.mp3"}, "s_a_span": [238.29, 242.49], "file": "Kavalan_Xinshe/KavNr-ancestor_ngengi", "num": 60}], [61, {"ori": [], "gloss": [["...(1.2)", "", ""], ["tu", "DM", "DM"], ["maqenu", "indeed", "真的"], ["siaungzus", "pick.food.at.seaside", "pick.food.at.seaside"], ["qatiw=pa=ita", "go=FUT=1IPL.NOM", "去=未來=1IPL.主格"], ["sa", "to", "到"], ["lazin.\\", "sea", "海邊"]], "free": [], "s_end": false, "iu_a_span": [242.49, 246.27], "meta": {"topic": "Ancestors", "type": "Narrative", "language": "噶瑪蘭語, Kavalan, Xinshe(新社)", "speaker": "林阿份, Ngengi, female, 1941-07-04", "collected": "2004-11-03", "revised": "2014-1-16", "video": "KavNr-ancestor_ngengi.mp3"}, "file": "Kavalan_Xinshe/KavNr-ancestor_ngengi", "num": 61}], [62, {"ori": [], "gloss": [["..", "", ""], ["pa-", "FS", "FS"], ["pazing=pa=ita", "shoot.fish=FUT=1IPL.NOM", "射魚=未來=1IPL.主格"], ["zin-na", "say-3PL.GEN", "說-3PL.屬格"], ["tu,_", "DM", "DM"]], "free": [], "s_end": false, "iu_a_span": [246.27, 248.75], "meta": {"topic": "Ancestors", "type": "Narrative", "language": "噶瑪蘭語, Kavalan, Xinshe(新社)", "speaker": "林阿份, Ngengi, female, 1941-07-04", "collected": "2004-11-03", "revised": "2014-1-16", "video": "KavNr-ancestor_ngengi.mp3"}, "file": "Kavalan_Xinshe/KavNr-ancestor_ngengi", "num": 62}], [63, {"ori": [], "gloss": [["...(0.8)", "", ""], ["matiw=ti", "go=PFV", "去=完成"], ["masusulun", "AF.together", "主焦.一起"], ["mai", "NEG", "否定"], ["paqenanem", "alone", "單獨"], ["mai", "NEG", "否定"], ["kin-ausa", "CLF.HUM-two", "人量詞-二"], ["Raw.\\", "INT", "感嘆"]], "free": ["#e Going together, not alone and not in two.", "#c 一起去,不是單獨一個人,也不是兩個人。"], "s_end": true, "iu_a_span": [248.75, 253.76], "meta": {"topic": "Ancestors", "type": "Narrative", "language": "噶瑪蘭語, Kavalan, Xinshe(新社)", "speaker": "林阿份, Ngengi, female, 1941-07-04", "collected": "2004-11-03", "revised": "2014-1-16", "video": "KavNr-ancestor_ngengi.mp3"}, "s_a_span": [242.49, 253.76], "file": "Kavalan_Xinshe/KavNr-ancestor_ngengi", "num": 63}], [64, {"ori": [], "gloss": [["..", "", ""], ["masusulun", "AF.together", "主焦.一起"], ["kin-tulu", "CLF.HUM-three", "人量詞-三"], ["sayza", "perhaps", "也許"], ["kin-sepat", "CLF.HUM-four", "人量詞-四"], ["saiza", "maybe", "可能"], ["kin-lima", "CLF.HUM-five", "人量詞-五"], ["tu", "DM", "DM"], ["wiya=ti", "leave=PFV", "離開=完成"], ["sa", "to", "到"], ["lazin.\\", "seaside", "海邊"]], "free": ["#e Going to the sea together in three, four or five.", "#c 三個,四個,五個人一起去海邊。"], "s_end": true, "iu_a_span": [253.76, 259.2], "meta": {"topic": "Ancestors", "type": "Narrative", "language": "噶瑪蘭語, Kavalan, Xinshe(新社)", "speaker": "林阿份, Ngengi, female, 1941-07-04", "collected": "2004-11-03", "revised": "2014-1-16", "video": "KavNr-ancestor_ngengi.mp3"}, "s_a_span": [253.76, 259.2], "file": "Kavalan_Xinshe/KavNr-ancestor_ngengi", "num": 64}], [65, {"ori": [], "gloss": [["..", "", ""], ["pazing", "shoot.fish", "射魚"], ["tu", "OBL", "斜格"], ["bawut", "fish", "魚"], ["sayza./", "perhaps", "也許"]], "free": [], "s_end": false, "iu_a_span": [259.2, 261.09], "meta": {"topic": "Ancestors", "type": "Narrative", "language": "噶瑪蘭語, Kavalan, Xinshe(新社)", "speaker": "林阿份, Ngengi, female, 1941-07-04", "collected": "2004-11-03", "revised": "2014-1-16", "video": "KavNr-ancestor_ngengi.mp3"}, "file": "Kavalan_Xinshe/KavNr-ancestor_ngengi", "num": 65}], [66, {"ori": [], "gloss": [["..", "", ""], ["qi-qaiR", "catch-holiotis.diversicolor.supertexta", "抓-九孔"], ["sayza./", "perhaps", "也許"]], "free": [], "s_end": false, "iu_a_span": [261.09, 262.88], "meta": {"topic": "Ancestors", "type": "Narrative", "language": "噶瑪蘭語, Kavalan, Xinshe(新社)", "speaker": "林阿份, Ngengi, female, 1941-07-04", "collected": "2004-11-03", "revised": "2014-1-16", "video": "KavNr-ancestor_ngengi.mp3"}, "file": "Kavalan_Xinshe/KavNr-ancestor_ngengi", "num": 66}], [67, {"ori": [], "gloss": [["..", "", ""], ["XXX", "", ""], ["qi-qabus", "catch-lobster", "抓-龍蝦"], ["sayza./", "perhaps", "也許"]], "free": [], "s_end": false, "iu_a_span": [262.88, 265.9], "meta": {"topic": "Ancestors", "type": "Narrative", "language": "噶瑪蘭語, Kavalan, Xinshe(新社)", "speaker": "林阿份, Ngengi, female, 1941-07-04", "collected": "2004-11-03", "revised": "2014-1-16", "video": "KavNr-ancestor_ngengi.mp3"}, "file": "Kavalan_Xinshe/KavNr-ancestor_ngengi", "num": 67}], [68, {"ori": [], "gloss": [["..", "", ""], ["ya==", "NOM", "主格"], ["Runanay", "man", "男人"], ["matiw", "AF.go", "主焦.去"], ["sa", "to", "到"], ["lazin", "sea", "海邊"], ["nani.\\", "DM", "DM"]], "free": ["#e Men went to the sea to shoot fish, catch holiotis.diversicolor.supertexta and lobsters.", "#c 男人到海邊射魚,抓九孔和龍蝦。"], "s_end": true, "iu_a_span": [265.9, 269.33], "meta": {"topic": "Ancestors", "type": "Narrative", "language": "噶瑪蘭語, Kavalan, Xinshe(新社)", "speaker": "林阿份, Ngengi, female, 1941-07-04", "collected": "2004-11-03", "revised": "2014-1-16", "video": "KavNr-ancestor_ngengi.mp3"}, "s_a_span": [259.2, 269.33], "file": "Kavalan_Xinshe/KavNr-ancestor_ngengi", "num": 68}], [69, {"ori": [], "gloss": [["..", "", ""], ["tutu=ti,_", "noon=PFV", "中午=完成"]], "free": [], "s_end": false, "iu_a_span": [269.33, 270.77], "meta": {"topic": "Ancestors", "type": "Narrative", "language": "噶瑪蘭語, Kavalan, Xinshe(新社)", "speaker": "林阿份, Ngengi, female, 1941-07-04", "collected": "2004-11-03", "revised": "2014-1-16", "video": "KavNr-ancestor_ngengi.mp3"}, "file": "Kavalan_Xinshe/KavNr-ancestor_ngengi", "num": 69}], [70, {"ori": [], "gloss": [["...(0.8)", "", ""], ["mai", "NEG", "否定"], ["m-lawung", "AF-stingy", "主焦-吝嗇"], ["tu", "OBL", "斜格"], ["ni-kuay-an-na.\\", "PFV-get-NMZ-3PL.GEN", "完成-收穫-名物化-3PL.屬格"]], "free": ["#e It’s noon and they were not stingy with what they’ve got.", "#c 中午了,他們對於他們所收穫得並不吝嗇。", "#n m-lawung aiku: 我很小氣 I’m stingy.", "#n * lawung-an-ku", "#n * qa-lawung-an-ku", "#n kuay: 耕田; 收穫 till/cultivate the land, harvest"], "s_end": true, "iu_a_span": [270.77, 273.19], "meta": {"topic": "Ancestors", "type": "Narrative", "language": "噶瑪蘭語, Kavalan, Xinshe(新社)", "speaker": "林阿份, Ngengi, female, 1941-07-04", "collected": "2004-11-03", "revised": "2014-1-16", "video": "KavNr-ancestor_ngengi.mp3"}, "s_a_span": [269.33, 273.19], "file": "Kavalan_Xinshe/KavNr-ancestor_ngengi", "num": 70}], [71, {"ori": [], "gloss": [["...(0.8)", "", ""], ["temaq-an-na", "grill-LF-3PL.GEN", "烤-處焦-3PL.屬格"], ["bawut-na", "fish-3PL.GEN", "魚-3PL.屬格"], ["saiza.\\", "SAIZA", "SAIZA"]], "free": ["#e They grilled their fish.", "#c 他們烤魚。"], "s_end": true, "iu_a_span": [273.19, 276.12], "meta": {"topic": "Ancestors", "type": "Narrative", "language": "噶瑪蘭語, Kavalan, Xinshe(新社)", "speaker": "林阿份, Ngengi, female, 1941-07-04", "collected": "2004-11-03", "revised": "2014-1-16", "video": "KavNr-ancestor_ngengi.mp3"}, "s_a_span": [273.19, 276.12], "file": "Kavalan_Xinshe/KavNr-ancestor_ngengi", "num": 71}], [72, {"ori": [], "gloss": [["...(0.7)", "", ""], ["nayau", "that.way", "那樣"], ["qabus", "lobster", "龍蝦"], ["Ramaz-an-na", "boil-LF-3PL.GEN", "煮-處焦-3PL.屬格"], ["qaiR", "holiotis.diversicolor.supertexta", "九孔"], ["Ramaz-an-na.\\", "boil-LF-3PL.GEN", "煮-處焦-3PL.屬格"]], "free": ["#e Lobsters, they boiled; holiotis.diversicolor.supertexta, they boiled.", "#c 龍蝦,用煮的,九孔,用煮的。"], "s_end": true, "iu_a_span": [276.12, 280.53], "meta": {"topic": "Ancestors", "type": "Narrative", "language": "噶瑪蘭語, Kavalan, Xinshe(新社)", "speaker": "林阿份, Ngengi, female, 1941-07-04", "collected": "2004-11-03", "revised": "2014-1-16", "video": "KavNr-ancestor_ngengi.mp3"}, "s_a_span": [276.12, 280.53], "file": "Kavalan_Xinshe/KavNr-ancestor_ngengi", "num": 72}], [73, {"ori": [], "gloss": [["...(1.1)", "", ""], ["sa-kaput-an", "FUT-accompany-NMZ", "未來-一起-名物化"], ["Raw", "INT", "感嘆"], ["mai", "NEG", "否定"], ["tu", "OBL", "斜格"], ["qa-", "FS", "FS"], ["sim-qalawung", "SIM-stingy", "相互-吝嗇"], ["m-ni==z.\\", "AF-all", "主焦-全部"]], "free": [], "s_end": false, "iu_a_span": [280.53, 285.58], "meta": {"topic": "Ancestors", "type": "Narrative", "language": "噶瑪蘭語, Kavalan, Xinshe(新社)", "speaker": "林阿份, Ngengi, female, 1941-07-04", "collected": "2004-11-03", "revised": "2014-1-16", "video": "KavNr-ancestor_ngengi.mp3"}, "file": "Kavalan_Xinshe/KavNr-ancestor_ngengi", "num": 73}], [74, {"ori": [], "gloss": [["..", "", ""], ["ya==", "FIL", "FIL"], ["sa-kaput-an", "FUT-accompany-NMZ", "未來-一起-名物化"], ["ya", "FIL", "FIL"], ["sa", "to", "到"], ["lazin", "sea", "海邊"], ["nayau", "that.way", "那樣"], ["wawai", "behavior", "行為"], ["na", "GEN", "屬格"], ["Runanay.\\", "man", "男人"]], "free": ["#e The men going together were not stingy to each other with all the things.", "#c 一起去的男人不對彼此吝嗇所有的東西。"], "s_end": true, "iu_a_span": [285.58, 290.25], "meta": {"topic": "Ancestors", "type": "Narrative", "language": "噶瑪蘭語, Kavalan, Xinshe(新社)", "speaker": "林阿份, Ngengi, female, 1941-07-04", "collected": "2004-11-03", "revised": "2014-1-16", "video": "KavNr-ancestor_ngengi.mp3"}, "s_a_span": [280.53, 290.25], "file": "Kavalan_Xinshe/KavNr-ancestor_ngengi", "num": 74}], [75, {"ori": [], "gloss": [["...(0.7)", "", ""], ["matiw", "AF.go", "主焦.去"], ["sa", "to", "到"], ["lazin", "sea", "海邊"], ["mai", "NEG", "否定"], ["mwazas", "bring", "帶"], ["tu", "OBL", "斜格"], ["tamun./", "meal", "菜"]], "free": ["#e (They) went to the sea without bring any meals.", "#c (他們)去海邊不帶菜。"], "s_end": true, "iu_a_span": [290.25, 292.93], "meta": {"topic": "Ancestors", "type": "Narrative", "language": "噶瑪蘭語, Kavalan, Xinshe(新社)", "speaker": "林阿份, Ngengi, female, 1941-07-04", "collected": "2004-11-03", "revised": "2014-1-16", "video": "KavNr-ancestor_ngengi.mp3"}, "s_a_span": [290.25, 292.93], "file": "Kavalan_Xinshe/KavNr-ancestor_ngengi", "num": 75}], [76, {"ori": [], "gloss": [["..", "", ""], ["wama", "only", "只有"], ["saiza", "SAIZA", "SAIZA"], ["'may", "rice", "飯"], ["siri'.\\", "pepper", "辣椒"]], "free": [], "s_end": false, "iu_a_span": [292.93, 296.27], "meta": {"topic": "Ancestors", "type": "Narrative", "language": "噶瑪蘭語, Kavalan, Xinshe(新社)", "speaker": "林阿份, Ngengi, female, 1941-07-04", "collected": "2004-11-03", "revised": "2014-1-16", "video": "KavNr-ancestor_ngengi.mp3"}, "file": "Kavalan_Xinshe/KavNr-ancestor_ngengi", "num": 76}], [77, {"ori": [], "gloss": [["...(1.5)", "", ""], ["ya", "FIL", "FIL"], ["mian", "salt", "鹽"], ["ya", "FIL", "FIL"], ["XX", "", ""], ["na", "GEN", "屬格"], ["na", "GEN", "屬格"], ["Runanay.\\", "man", "男人"]], "free": ["#e only rice, pepper, and salt.", "#c 只有飯,辣椒和鹽。"], "s_end": true, "iu_a_span": [296.27, 301.62], "meta": {"topic": "Ancestors", "type": "Narrative", "language": "噶瑪蘭語, Kavalan, Xinshe(新社)", "speaker": "林阿份, Ngengi, female, 1941-07-04", "collected": "2004-11-03", "revised": "2014-1-16", "video": "KavNr-ancestor_ngengi.mp3"}, "s_a_span": [292.93, 301.62], "file": "Kavalan_Xinshe/KavNr-ancestor_ngengi", "num": 77}], [78, {"ori": [], "gloss": [["...(1.1)", "", ""], ["aimi", "1EPL.NOM", "1EPL.主格"], ["tazungan", "female", "女生"], ["nani,_", "DM", "DM"]], "free": [], "s_end": false, "iu_a_span": [301.62, 304.38], "meta": {"topic": "Ancestors", "type": "Narrative", "language": "噶瑪蘭語, Kavalan, Xinshe(新社)", "speaker": "林阿份, Ngengi, female, 1941-07-04", "collected": "2004-11-03", "revised": "2014-1-16", "video": "KavNr-ancestor_ngengi.mp3"}, "file": "Kavalan_Xinshe/KavNr-ancestor_ngengi", "num": 78}], [79, {"ori": [], "gloss": [["...(0.9)", "", ""], ["a==", "INT", "感嘆"], ["qatiw=pa=ita", "go=FUT=1IPL.NOM", "去=未來=1IPL.主格"], ["sianguzus", "pick.food.at.seaside", "撿海邊的食物"], ["tina", "mother", "媽媽"], ["tina,_", "mother", "媽媽"]], "free": [], "s_end": false, "iu_a_span": [304.38, 308.26], "meta": {"topic": "Ancestors", "type": "Narrative", "language": "噶瑪蘭語, Kavalan, Xinshe(新社)", "speaker": "林阿份, Ngengi, female, 1941-07-04", "collected": "2004-11-03", "revised": "2014-1-16", "video": "KavNr-ancestor_ngengi.mp3"}, "file": "Kavalan_Xinshe/KavNr-ancestor_ngengi", "num": 79}], [80, {"ori": [], "gloss": [["..", "", ""], ["zin-na", "say-3SG.GEN", "說-3SG.屬格"], ["tina-ku", "mother-1SG.GEN", "媽媽-1SG.屬格"], ["masang", "before", "從前"], ["nani", "DM", "DM"], ["maqenu.\\", "indeed", "真的"]], "free": ["#e We females went to pick food at the seaside, my mother said in the past.", "#c 我們女生去撿海菜/貝類,我媽媽從前說。"], "s_end": true, "iu_a_span": [308.26, 311.58], "meta": {"topic": "Ancestors", "type": "Narrative", "language": "噶瑪蘭語, Kavalan, Xinshe(新社)", "speaker": "林阿份, Ngengi, female, 1941-07-04", "collected": "2004-11-03", "revised": "2014-1-16", "video": "KavNr-ancestor_ngengi.mp3"}, "s_a_span": [301.62, 311.58], "file": "Kavalan_Xinshe/KavNr-ancestor_ngengi", "num": 80}], [81, {"ori": [], "gloss": [["...(0.9)", "", ""], ["aiya", "INT", "感嘆"], ["sianguzus=pa=ita", "pick.food.at.seaside=FUT=1IPL.NOM", "撿海邊的食物=未來=1IPL.主格"], ["Raw", "INT", "感嘆"], ["zin-ku._", "say-1SG.GEN", "說-1SG.屬格"]], "free": [], "s_end": false, "iu_a_span": [311.58, 314.49], "meta": {"topic": "Ancestors", "type": "Narrative", "language": "噶瑪蘭語, Kavalan, Xinshe(新社)", "speaker": "林阿份, Ngengi, female, 1941-07-04", "collected": "2004-11-03", "revised": "2014-1-16", "video": "KavNr-ancestor_ngengi.mp3"}, "file": "Kavalan_Xinshe/KavNr-ancestor_ngengi", "num": 81}], [82, {"ori": [], "gloss": [["..", "", ""], ["tu", "DM", "DM"], ["temabu=ti=iku", "pack/prepare=PFV=1SG.NOM", "打包/準備=完成=1SG.主格"], ["tu", "OBL", "斜格"], ["'may", "rice", "飯"], ["mian", "salt", "鹽"], ["siri'.\\", "pepper", "辣椒"]], "free": ["#e Prepare rice, salt and pepper.", "#c 就準備飯鹽和辣椒。"], "s_end": true, "iu_a_span": [314.49, 318.86], "meta": {"topic": "Ancestors", "type": "Narrative", "language": "噶瑪蘭語, Kavalan, Xinshe(新社)", "speaker": "林阿份, Ngengi, female, 1941-07-04", "collected": "2004-11-03", "revised": "2014-1-16", "video": "KavNr-ancestor_ngengi.mp3"}, "s_a_span": [311.58, 318.86], "file": "Kavalan_Xinshe/KavNr-ancestor_ngengi", "num": 82}], [83, {"ori": [], "gloss": [["..", "", ""], ["ni-azas-ku", "PFV-take-1SG.GEN", "完成-帶-1SG.屬格"], ["tu", "TU", "TU"], ["matiw=ti=imi.\\", "AF.go=PFV=1EPL.NOM", "主焦.去=完成=1EPL.主格"]], "free": ["#e These are the things we took to go (there).", "#c 這是我們帶去的東西。"], "s_end": true, "iu_a_span": [318.86, 321.07], "meta": {"topic": "Ancestors", "type": "Narrative", "language": "噶瑪蘭語, Kavalan, Xinshe(新社)", "speaker": "林阿份, Ngengi, female, 1941-07-04", "collected": "2004-11-03", "revised": "2014-1-16", "video": "KavNr-ancestor_ngengi.mp3"}, "s_a_span": [318.86, 321.07], "file": "Kavalan_Xinshe/KavNr-ancestor_ngengi", "num": 83}], [84, {"ori": [], "gloss": [["..", "", ""], ["masulun=iku", "AF.together=1SG.NOM", "主焦.一起=1SG.主格"], ["tu", "OBL", "斜格"], ["tina-ku.\\", "mother-1SG.GEN", "媽媽-1SG.屬格"]], "free": ["#e I (went) with my mother.", "#c 我跟媽媽一起(去)。"], "s_end": true, "iu_a_span": [321.07, 323.26], "meta": {"topic": "Ancestors", "type": "Narrative", "language": "噶瑪蘭語, Kavalan, Xinshe(新社)", "speaker": "林阿份, Ngengi, female, 1941-07-04", "collected": "2004-11-03", "revised": "2014-1-16", "video": "KavNr-ancestor_ngengi.mp3"}, "s_a_span": [321.07, 323.26], "file": "Kavalan_Xinshe/KavNr-ancestor_ngengi", "num": 84}], [85, {"ori": [], "gloss": [["...(0.7)", "", ""], ["qi-ala=imi", "pick-take=1EPL.NOM", "撿-拿=1EPL.主格"], ["tu", "OBL", "斜格"], ["pais,/", "a.kind.of.shell", "海貝"]], "free": ["#e We picked up shells.", "#c 我們撿海貝。"], "s_end": true, "iu_a_span": [323.26, 325.35], "meta": {"topic": "Ancestors", "type": "Narrative", "language": "噶瑪蘭語, Kavalan, Xinshe(新社)", "speaker": "林阿份, Ngengi, female, 1941-07-04", "collected": "2004-11-03", "revised": "2014-1-16", "video": "KavNr-ancestor_ngengi.mp3"}, "s_a_span": [323.26, 325.35], "file": "Kavalan_Xinshe/KavNr-ancestor_ngengi", "num": 85}], [86, {"ori": [], "gloss": [["..", "", ""], ["qi-ala=imi", "pick-take=1EPL.NOM", "撿-拿=1EPL.主格"], ["tu", "OBL", "斜格"], ["tuqu,/", "conch", "海螺"]], "free": ["#e We picked up conches.", "#c 我們撿海螺。"], "s_end": true, "iu_a_span": [325.35, 327.36], "meta": {"topic": "Ancestors", "type": "Narrative", "language": "噶瑪蘭語, Kavalan, Xinshe(新社)", "speaker": "林阿份, Ngengi, female, 1941-07-04", "collected": "2004-11-03", "revised": "2014-1-16", "video": "KavNr-ancestor_ngengi.mp3"}, "s_a_span": [325.35, 327.36], "file": "Kavalan_Xinshe/KavNr-ancestor_ngengi", "num": 86}], [87, {"ori": [], "gloss": [["..", "", ""], ["qi-ala=imi", "pick-take=1EPL.NOM", "撿-拿=1EPL.主格"], ["tu==", "OBL", "斜格"], ["buqut,/", "a.kind.of.shell", "海貝"]], "free": ["#e We picked up shells.", "#c 我們撿海貝。"], "s_end": true, "iu_a_span": [327.36, 330.38], "meta": {"topic": "Ancestors", "type": "Narrative", "language": "噶瑪蘭語, Kavalan, Xinshe(新社)", "speaker": "林阿份, Ngengi, female, 1941-07-04", "collected": "2004-11-03", "revised": "2014-1-16", "video": "KavNr-ancestor_ngengi.mp3"}, "s_a_span": [327.36, 330.38], "file": "Kavalan_Xinshe/KavNr-ancestor_ngengi", "num": 87}], [88, {"ori": [], "gloss": [["...(0.7)", "", ""], ["qi-ala=imi", "pick-take=1EPL.NOM", "撿-拿=1EPL.主格"], ["tu", "OBL", "斜格"], ["Rumung,/", "sea.cucumber", "海參"]], "free": ["#e We picked up sea cucumbers.", "#c 我們撿海參。"], "s_end": true, "iu_a_span": [330.38, 332.3], "meta": {"topic": "Ancestors", "type": "Narrative", "language": "噶瑪蘭語, Kavalan, Xinshe(新社)", "speaker": "林阿份, Ngengi, female, 1941-07-04", "collected": "2004-11-03", "revised": "2014-1-16", "video": "KavNr-ancestor_ngengi.mp3"}, "s_a_span": [330.38, 332.3], "file": "Kavalan_Xinshe/KavNr-ancestor_ngengi", "num": 88}], [89, {"ori": [], "gloss": [["..", "", ""], ["m-ala=imi", "AF-take=1EPL.NOM", "AF-拿=1EPL.主格"], ["tu", "OBL", "斜格"], ["tu", "OBL", "斜格"], ["kapin", "laver", "紫菜"], ["qatutung", "seaweed", "海菜類"], ["ni-qa-ala-niq.\\", "PFV-QA-take-1EPL.GEN", "完成-QA-拿-1EPL.屬格"]], "free": ["#e We picked up laver and other seaweed.", "#c 我們撿紫菜和海菜類。"], "s_end": true, "iu_a_span": [332.3, 338.0], "meta": {"topic": "Ancestors", "type": "Narrative", "language": "噶瑪蘭語, Kavalan, Xinshe(新社)", "speaker": "林阿份, Ngengi, female, 1941-07-04", "collected": "2004-11-03", "revised": "2014-1-16", "video": "KavNr-ancestor_ngengi.mp3"}, "s_a_span": [332.3, 338.0], "file": "Kavalan_Xinshe/KavNr-ancestor_ngengi", "num": 89}], [90, {"ori": [], "gloss": [["..", "", ""], ["mwa==za", "many.NHUM", "很多.NHUM"], ["ni-kuay-an-niq.\\", "PFV-get-NMZ-1EPL.GEN", "完成-收穫-名物化-1EPL.屬格"]], "free": ["#e What we picked up are many in number.", "#c 我們撿的東西很多。"], "s_end": true, "iu_a_span": [338.0, 340.07], "meta": {"topic": "Ancestors", "type": "Narrative", "language": "噶瑪蘭語, Kavalan, Xinshe(新社)", "speaker": "林阿份, Ngengi, female, 1941-07-04", "collected": "2004-11-03", "revised": "2014-1-16", "video": "KavNr-ancestor_ngengi.mp3"}, "s_a_span": [338.0, 340.07], "file": "Kavalan_Xinshe/KavNr-ancestor_ngengi", "num": 90}], [91, {"ori": [], "gloss": [["..", "", ""], ["nayau", "that.way", "那樣"], ["aimi", "1EPL.NOM", "1EPL.主格"], ["tazungan.\\", "female", "女生"]], "free": ["#e That’s how we females are like.", "#c 我們女生就那樣。"], "s_end": true, "iu_a_span": [340.07, 341.95], "meta": {"topic": "Ancestors", "type": "Narrative", "language": "噶瑪蘭語, Kavalan, Xinshe(新社)", "speaker": "林阿份, Ngengi, female, 1941-07-04", "collected": "2004-11-03", "revised": "2014-1-16", "video": "KavNr-ancestor_ngengi.mp3"}, "s_a_span": [340.07, 341.95], "file": "Kavalan_Xinshe/KavNr-ancestor_ngengi", "num": 91}], [92, {"ori": [], "gloss": [["...(0.9)", "", ""], ["tu", "DM", "DM"], ["sa-pa-tanan-an.\\", "FUT-PA-return-NMZ", "未來-PA-回家-名物化"]], "free": ["#e what we would bring home", "#c 我們要帶回家的東西。"], "s_end": true, "iu_a_span": [341.95, 344.11], "meta": {"topic": "Ancestors", "type": "Narrative", "language": "噶瑪蘭語, Kavalan, Xinshe(新社)", "speaker": "林阿份, Ngengi, female, 1941-07-04", "collected": "2004-11-03", "revised": "2014-1-16", "video": "KavNr-ancestor_ngengi.mp3"}, "s_a_span": [341.95, 344.11], "file": "Kavalan_Xinshe/KavNr-ancestor_ngengi", "num": 92}], [93, {"ori": [], "gloss": [["..", "", ""], ["manan=ti=imu", "return=PFV=2PL.NOM", "回來=完成=2PL.主格"], ["zin-na", "say-3SG.GEN", "說-3SG.屬格"], ["bai", "grandmother", "阿媽"], ["ta-lepaw-an", "LOC-home-LOC", "處格-家-處格"], ["nani.\\", "DM", "DM"]], "free": ["#e ‘You returned,’ said grandmother at home.", "#c 阿媽說,你們回來了。"], "s_end": true, "iu_a_span": [344.11, 346.93], "meta": {"topic": "Ancestors", "type": "Narrative", "language": "噶瑪蘭語, Kavalan, Xinshe(新社)", "speaker": "林阿份, Ngengi, female, 1941-07-04", "collected": "2004-11-03", "revised": "2014-1-16", "video": "KavNr-ancestor_ngengi.mp3"}, "s_a_span": [344.11, 346.93], "file": "Kavalan_Xinshe/KavNr-ancestor_ngengi", "num": 93}], [94, {"ori": [], "gloss": [["..", "", ""], ["oh", "INT", "感嘆"], ["manan=ti=imi.\\", "return=PFV=1EPL.NOM", "回來=完成=1EPL.主格"]], "free": ["#e We’ve come back.", "#c 我們回來了。"], "s_end": true, "iu_a_span": [346.93, 348.34], "meta": {"topic": "Ancestors", "type": "Narrative", "language": "噶瑪蘭語, Kavalan, Xinshe(新社)", "speaker": "林阿份, Ngengi, female, 1941-07-04", "collected": "2004-11-03", "revised": "2014-1-16", "video": "KavNr-ancestor_ngengi.mp3"}, "s_a_span": [346.93, 348.34], "file": "Kavalan_Xinshe/KavNr-ancestor_ngengi", "num": 94}], [95, {"ori": [], "gloss": [["..", "", ""], ["mwaza", "many.NHUM", "很多.NHUM"], ["k<en>uay-an-numi", "<PFV>get-NMZ-2PL.GEN", "<完成>收穫-名物化-2PL.GEN"], ["ni./", "Q", "疑問"]], "free": ["#e Is what you got many in number?", "#c 你們撿的東西多嗎?"], "s_end": true, "iu_a_span": [348.34, 350.37], "meta": {"topic": "Ancestors", "type": "Narrative", "language": "噶瑪蘭語, Kavalan, Xinshe(新社)", "speaker": "林阿份, Ngengi, female, 1941-07-04", "collected": "2004-11-03", "revised": "2014-1-16", "video": "KavNr-ancestor_ngengi.mp3"}, "s_a_span": [348.34, 350.37], "file": "Kavalan_Xinshe/KavNr-ancestor_ngengi", "num": 95}], [96, {"ori": [], "gloss": [["..", "", ""], ["mwaza", "many.NHUM", "很多.NHUM"], ["bai", "grandmother", "阿媽"], ["zin-niq", "say-1EPL.GEN", "說-1EPL.屬格"], ["nayau.\\", "that.way", "那樣"]], "free": ["#e We said, ‘a lot, Grandma.’", "#c 我們說,阿媽,很多。"], "s_end": true, "iu_a_span": [350.37, 352.66], "meta": {"topic": "Ancestors", "type": "Narrative", "language": "噶瑪蘭語, Kavalan, Xinshe(新社)", "speaker": "林阿份, Ngengi, female, 1941-07-04", "collected": "2004-11-03", "revised": "2014-1-16", "video": "KavNr-ancestor_ngengi.mp3"}, "s_a_span": [350.37, 352.66], "file": "Kavalan_Xinshe/KavNr-ancestor_ngengi", "num": 96}], [97, {"ori": [], "gloss": [["..", "", ""], ["XXX", "", ""], ["masang,_", "before", "從前"]], "free": [], "s_end": false, "iu_a_span": [352.66, 354.08], "meta": {"topic": "Ancestors", "type": "Narrative", "language": "噶瑪蘭語, Kavalan, Xinshe(新社)", "speaker": "林阿份, Ngengi, female, 1941-07-04", "collected": "2004-11-03", "revised": "2014-1-16", "video": "KavNr-ancestor_ngengi.mp3"}, "file": "Kavalan_Xinshe/KavNr-ancestor_ngengi", "num": 97}], [98, {"ori": [], "gloss": [["..", "", ""], ["yau=pama", "EXIST=still", "EXIST=還"], ["bai-bai-niq", "RED-grandmother-1EPL.GEN", "重疊-阿媽-1EPL.屬格"], ["ta-paw-an.\\", "LOC-home-LOC", "處格-家-處格"]], "free": ["#e (When) Grandmother were still at home,", "#c 阿媽還在家的時候。"], "s_end": true, "iu_a_span": [354.08, 356.56], "meta": {"topic": "Ancestors", "type": "Narrative", "language": "噶瑪蘭語, Kavalan, Xinshe(新社)", "speaker": "林阿份, Ngengi, female, 1941-07-04", "collected": "2004-11-03", "revised": "2014-1-16", "video": "KavNr-ancestor_ngengi.mp3"}, "s_a_span": [352.66, 356.56], "file": "Kavalan_Xinshe/KavNr-ancestor_ngengi", "num": 98}], [99, {"ori": [], "gloss": [["..", "", ""], ["sazaka", "I.say.so", "我這樣說"], ["aimi", "1EPL.NOM", "1EPL.主格"], ["na", "GEN", "屬格"], ["kebalan", "Kavalan", "噶瑪蘭"], ["Raw", "INT", "感嘆"], ["sanu=pa=iku,_", "talk=FUT=1SG.NOM", "講說=未來=1SG.主格"]], "free": ["#e We Kavalan. I am going to talk about …", "#c 我們噶瑪蘭, 我要講說…"], "s_end": true, "iu_a_span": [356.56, 360.23], "meta": {"topic": "Ancestors", "type": "Narrative", "language": "噶瑪蘭語, Kavalan, Xinshe(新社)", "speaker": "林阿份, Ngengi, female, 1941-07-04", "collected": "2004-11-03", "revised": "2014-1-16", "video": "KavNr-ancestor_ngengi.mp3"}, "s_a_span": [356.56, 360.23], "file": "Kavalan_Xinshe/KavNr-ancestor_ngengi", "num": 99}], [100, {"ori": [], "gloss": [["...(1.4)", "", ""], ["aita", "1IPL.NOM", "1IPL.主格"], ["<L2MbuguanL2M>", "[Man]", "不管"], ["<L2MshemeL2M>", "[Man]", "什麼"], ["<L2MyuanzhumingL2M>", "[Man]", "原住民"], ["aita", "1IPL.NOM", "1IPL.主格"], ["nani,_", "DM", "DM"]], "free": ["#e We…no matter what aborigines…we…", "#c 我們,不管什麼原住民,我們。"], "s_end": true, "iu_a_span": [360.23, 364.9], "meta": {"topic": "Ancestors", "type": "Narrative", "language": "噶瑪蘭語, Kavalan, Xinshe(新社)", "speaker": "林阿份, Ngengi, female, 1941-07-04", "collected": "2004-11-03", "revised": "2014-1-16", "video": "KavNr-ancestor_ngengi.mp3"}, "s_a_span": [360.23, 364.9], "file": "Kavalan_Xinshe/KavNr-ancestor_ngengi", "num": 100}], [101, {"ori": [], "gloss": [["..", "", ""], ["mwaza", "many.NHUM", "很多.NHUM"], ["saiza", "SAIZA", "SAIZa"], ["<L2MshemeL2M>", "[Man]", "什麼"], ["<L2MzuL2M>", "[Man]", "族"], ["aita", "1IPL.NOM", "1IPL.主格"], ["Raw", "INT", "感嘆"], ["a==,/", "INT", "感嘆"]], "free": ["#e Many tribes", "#c 很多族。"], "s_end": true, "iu_a_span": [364.9, 367.5], "meta": {"topic": "Ancestors", "type": "Narrative", "language": "噶瑪蘭語, Kavalan, Xinshe(新社)", "speaker": "林阿份, Ngengi, female, 1941-07-04", "collected": "2004-11-03", "revised": "2014-1-16", "video": "KavNr-ancestor_ngengi.mp3"}, "s_a_span": [364.9, 367.5], "file": "Kavalan_Xinshe/KavNr-ancestor_ngengi", "num": 101}], [102, {"ori": [], "gloss": [["..", "", ""], ["wama", "only", "只"], ["aita", "1IPL.NOM", "1IPL.主格"], ["kebalan,\\", "Kavalan", "噶瑪蘭"]], "free": [], "s_end": false, "iu_a_span": [367.5, 368.89], "meta": {"topic": "Ancestors", "type": "Narrative", "language": "噶瑪蘭語, Kavalan, Xinshe(新社)", "speaker": "林阿份, Ngengi, female, 1941-07-04", "collected": "2004-11-03", "revised": "2014-1-16", "video": "KavNr-ancestor_ngengi.mp3"}, "file": "Kavalan_Xinshe/KavNr-ancestor_ngengi", "num": 102}], [103, {"ori": [], "gloss": [["..", "", ""], ["paskua", "New.year", "過年"], ["yau", "EXIST", "存在"], ["palilin", "worship", "祭祖"], ["zin-na.\\", "say-3PL.GEN", "說-3PL.屬格"]], "free": ["#e Only we Kavalan have palilin during New Year.", "#c 只有噶瑪蘭新年有palilin祭祖。"], "s_end": true, "iu_a_span": [368.89, 372.14], "meta": {"topic": "Ancestors", "type": "Narrative", "language": "噶瑪蘭語, Kavalan, Xinshe(新社)", "speaker": "林阿份, Ngengi, female, 1941-07-04", "collected": "2004-11-03", "revised": "2014-1-16", "video": "KavNr-ancestor_ngengi.mp3"}, "s_a_span": [367.5, 372.14], "file": "Kavalan_Xinshe/KavNr-ancestor_ngengi", "num": 103}], [104, {"ori": [], "gloss": [["..", "", ""], ["yau", "EXIST", "存在"], ["pa'tay-ay,/", "die-REL", "死-關係詞"]], "free": [], "s_end": false, "iu_a_span": [372.14, 374.13], "meta": {"topic": "Ancestors", "type": "Narrative", "language": "噶瑪蘭語, Kavalan, Xinshe(新社)", "speaker": "林阿份, Ngengi, female, 1941-07-04", "collected": "2004-11-03", "revised": "2014-1-16", "video": "KavNr-ancestor_ngengi.mp3"}, "file": "Kavalan_Xinshe/KavNr-ancestor_ngengi", "num": 104}], [105, {"ori": [], "gloss": [["..", "", ""], ["yau", "EXIST", "存在"], ["patuRqan", "conjure.spirits", "招魂"], ["zin-ta.\\", "say-1IPL.GEN", "說-1IPL.屬格"]], "free": ["#e (We) have what we call patuRqan (conjuring spirits).", "#c 有我們說的patuRqan招魂。"], "s_end": true, "iu_a_span": [374.13, 376.24], "meta": {"topic": "Ancestors", "type": "Narrative", "language": "噶瑪蘭語, Kavalan, Xinshe(新社)", "speaker": "林阿份, Ngengi, female, 1941-07-04", "collected": "2004-11-03", "revised": "2014-1-16", "video": "KavNr-ancestor_ngengi.mp3"}, "s_a_span": [372.14, 376.24], "file": "Kavalan_Xinshe/KavNr-ancestor_ngengi", "num": 105}], [106, {"ori": [], "gloss": [["..", "", ""], ["zana", "3PL.POSS", "3PL.所有格"], ["'daq-ay", "others-REL", "其他-關係詞"], ["mai", "NEG", "否定"], ["tu", "OBL", "斜格"], ["patuRqan", "conjure.spirits", "招魂"], ["sayza.\\", "perhaps", "也許"]], "free": ["#e Other (tribes) do not have patuRqan.", "#c 別人沒有招魂。"], "s_end": true, "iu_a_span": [376.24, 379.13], "meta": {"topic": "Ancestors", "type": "Narrative", "language": "噶瑪蘭語, Kavalan, Xinshe(新社)", "speaker": "林阿份, Ngengi, female, 1941-07-04", "collected": "2004-11-03", "revised": "2014-1-16", "video": "KavNr-ancestor_ngengi.mp3"}, "s_a_span": [376.24, 379.13], "file": "Kavalan_Xinshe/KavNr-ancestor_ngengi", "num": 106}], [107, {"ori": [], "gloss": [["..", "", ""], ["a==", "INT", "感嘆"], ["aimi", "1EPL.NOM", "1EPL.主格"], ["kebalan,\\", "Kavalan", "噶瑪蘭"]], "free": [], "s_end": false, "iu_a_span": [379.13, 380.52], "meta": {"topic": "Ancestors", "type": "Narrative", "language": "噶瑪蘭語, Kavalan, Xinshe(新社)", "speaker": "林阿份, Ngengi, female, 1941-07-04", "collected": "2004-11-03", "revised": "2014-1-16", "video": "KavNr-ancestor_ngengi.mp3"}, "file": "Kavalan_Xinshe/KavNr-ancestor_ngengi", "num": 107}], [108, {"ori": [], "gloss": [["..", "", ""], ["aita", "1IPL.NOM", "1IPL.主格"], ["na", "GEN", "屬格"], ["kebalan", "Kavalan", "噶瑪蘭"], ["yau", "EXIST", "存在"], ["patuRqan", "conjure.spirits", "招魂"], ["paskua", "New.year", "過年"], ["palilin", "worship", "祭祖"], ["Raw", "INT", "感嘆"], ["nayau.\\", "that.way", "那樣"]], "free": ["#e We Kavalan has patuRqan (conjuring spirits), New Year, and palilin (worshipping ancestors).", "#c 我們噶瑪蘭有招魂patuRqan,過年,祭祖palilin。"], "s_end": true, "iu_a_span": [380.52, 385.8], "meta": {"topic": "Ancestors", "type": "Narrative", "language": "噶瑪蘭語, Kavalan, Xinshe(新社)", "speaker": "林阿份, Ngengi, female, 1941-07-04", "collected": "2004-11-03", "revised": "2014-1-16", "video": "KavNr-ancestor_ngengi.mp3"}, "s_a_span": [379.13, 385.8], "file": "Kavalan_Xinshe/KavNr-ancestor_ngengi", "num": 108}], [109, {"ori": [], "gloss": [["..", "", ""], ["ya", "FIL", "FIL"], ["qa-zuma", "QA-different", "QA-不一樣"], ["na", "GEN", "屬格"], ["na", "GEN", "屬格"], ["waway-ta", "customs-1IPL.GEN", "習俗-1IPL.屬格"], ["na", "GEN", "屬格"], ["kebalan", "kavalan", "噶瑪蘭"], ["zazaka,_", "I.say.so", "我這樣說"]], "free": ["#e We Kavalan’s rituals are different.", "#c 我們噶瑪蘭的習俗不同。", "#n zuma-ti: 另外 moreover, in addition"], "s_end": true, "iu_a_span": [385.8, 390.55], "meta": {"topic": "Ancestors", "type": "Narrative", "language": "噶瑪蘭語, Kavalan, Xinshe(新社)", "speaker": "林阿份, Ngengi, female, 1941-07-04", "collected": "2004-11-03", "revised": "2014-1-16", "video": "KavNr-ancestor_ngengi.mp3"}, "s_a_span": [385.8, 390.55], "file": "Kavalan_Xinshe/KavNr-ancestor_ngengi", "num": 109}], [110, {"ori": [], "gloss": [["..", "", ""], ["timaisu", "2PL.OBL", "2PL.斜格"], ["sunis", "child", "小孩"], ["nayau", "that.way", "那樣"], ["ma", "MA", "MA"], ["sa-sanu-an-ku", "FUT-talk-NMZ-1SG.GEN", "未來-說-名物化-1SG.屬格"], ["zaka.\\", "ZAKA", "ZAKA"]], "free": ["#e You children, that’s all what I wanted to say.", "#c 你們小孩,我說的就這樣。"], "s_end": true, "iu_a_span": [390.55, 393.94], "meta": {"topic": "Ancestors", "type": "Narrative", "language": "噶瑪蘭語, Kavalan, Xinshe(新社)", "speaker": "林阿份, Ngengi, female, 1941-07-04", "collected": "2004-11-03", "revised": "2014-1-16", "video": "KavNr-ancestor_ngengi.mp3"}, "s_a_span": [390.55, 393.94], "file": "Kavalan_Xinshe/KavNr-ancestor_ngengi", "num": 110}]], "meta": {"topic": "Ancestors", "type": "Narrative", "language": "噶瑪蘭語, Kavalan, Xinshe(新社)", "speaker": "林阿份, Ngengi, female, 1941-07-04", "collected": "2004-11-03", "revised": "2014-1-16", "video": "KavNr-ancestor_ngengi.mp3"}}