{"glosses": [[1, {"ori": [], "gloss": [["ci", "NCM", "Ncm"], ["buya..", "PN", "人名"], ["nizi", "from", "從"], ["ta-lepaw-an-na..", "LOC-house-LOC-3SG.GEN", "處所-家-處所-3SG.屬格"], ["m-zukat,_", "AF-go.out", "主焦-出去"]], "free": ["#e Buay came out from his house.", "#c Buya從家裡出來。", "#n ci=ti， 都為主格記號(Ncm)。 Both are proper noun markers."], "s_end": true, "iu_a_span": [4.76, 7.5], "meta": {"topic": "Map", "type": "Narrative", "language": "噶瑪蘭語, Kavalan, Xinshe(新社)", "speaker": "謝宗修, Buya, male, 1957-09-10", "collected": "2003-06-01", "revised": "None", "video": "KavNr-map_buya.mp3"}, "s_a_span": [4.76, 7.5], "file": "Kavalan_Xinshe/KavNr-map_buya", "num": 1}], [2, {"ori": [], "gloss": [["...(1.0)", "", ""], ["nani.\\", "DM", "DM"]], "free": [], "s_end": false, "iu_a_span": [7.5, 8.94], "meta": {"topic": "Map", "type": "Narrative", "language": "噶瑪蘭語, Kavalan, Xinshe(新社)", "speaker": "謝宗修, Buya, male, 1957-09-10", "collected": "2003-06-01", "revised": "None", "video": "KavNr-map_buya.mp3"}, "file": "Kavalan_Xinshe/KavNr-map_buya", "num": 2}], [3, {"ori": [], "gloss": [["...(0.7)", "", ""], ["m-zukat..", "AF-go.out", "主焦-出去"], ["nani.\\", "DM", "DM"]], "free": [], "s_end": false, "iu_a_span": [8.94, 11.05], "meta": {"topic": "Map", "type": "Narrative", "language": "噶瑪蘭語, Kavalan, Xinshe(新社)", "speaker": "謝宗修, Buya, male, 1957-09-10", "collected": "2003-06-01", "revised": "None", "video": "KavNr-map_buya.mp3"}, "file": "Kavalan_Xinshe/KavNr-map_buya", "num": 3}], [4, {"ori": [], "gloss": [["...(0.9)", "", ""], ["pasa", "toward", "往"], ["kawili.\\", "left", "左邊"]], "free": ["#e (he) came out and then turned left.", "#c (他)出來之後，就往左。"], "s_end": true, "iu_a_span": [11.05, 12.79], "meta": {"topic": "Map", "type": "Narrative", "language": "噶瑪蘭語, Kavalan, Xinshe(新社)", "speaker": "謝宗修, Buya, male, 1957-09-10", "collected": "2003-06-01", "revised": "None", "video": "KavNr-map_buya.mp3"}, "s_a_span": [7.5, 12.79], "file": "Kavalan_Xinshe/KavNr-map_buya", "num": 4}], [5, {"ori": [], "gloss": [["...(1.9)", "", ""], ["tita-an-na--", "see-LF-3SG.GEN", "看-處焦-3SG.屬格"]], "free": ["#e He saw (something)…", "#c 他看到…"], "s_end": true, "iu_a_span": [12.79, 14.97], "meta": {"topic": "Map", "type": "Narrative", "language": "噶瑪蘭語, Kavalan, Xinshe(新社)", "speaker": "謝宗修, Buya, male, 1957-09-10", "collected": "2003-06-01", "revised": "None", "video": "KavNr-map_buya.mp3"}, "s_a_span": [12.79, 14.97], "file": "Kavalan_Xinshe/KavNr-map_buya", "num": 5}], [6, {"ori": [], "gloss": [["...(2.0)", "", ""], ["m-lazyu=ti", "AF-cross=PFV", "主焦-穿過=完成"], ["tu", "OBL", "斜格"], ["sazan", "bridge", "橋"], ["s--%", "FS", "FS"], ["tu", "OBL", "斜格"], ["sazan", "bridge", "橋"], ["‘nay.\\", "that", "那"]], "free": ["#e (He) crossed the bridge…that bridge.", "#c (他)走過那座橋。", "#n 此句完整應為(a more complete sentence structure would be) me-lazyu=ti tu sazan sazan ‘nay."], "s_end": true, "iu_a_span": [14.97, 19.64], "meta": {"topic": "Map", "type": "Narrative", "language": "噶瑪蘭語, Kavalan, Xinshe(新社)", "speaker": "謝宗修, Buya, male, 1957-09-10", "collected": "2003-06-01", "revised": "None", "video": "KavNr-map_buya.mp3"}, "s_a_span": [14.97, 19.64], "file": "Kavalan_Xinshe/KavNr-map_buya", "num": 6}], [7, {"ori": [], "gloss": [["...", "", ""], ["m-lazyu", "AF-cross", "主焦-穿過"], ["tu", "OBL", "斜格"], ["sazan.\\", "bridge", "橋"]], "free": ["#e (He) crossed that bridge,", "#c 過了橋之後，"], "s_end": true, "iu_a_span": [19.64, 21.28], "meta": {"topic": "Map", "type": "Narrative", "language": "噶瑪蘭語, Kavalan, Xinshe(新社)", "speaker": "謝宗修, Buya, male, 1957-09-10", "collected": "2003-06-01", "revised": "None", "video": "KavNr-map_buya.mp3"}, "s_a_span": [19.64, 21.28], "file": "Kavalan_Xinshe/KavNr-map_buya", "num": 7}], [8, {"ori": [], "gloss": [["...(1.4)", "", ""], ["nani", "DM", "DM"], ["pasa", "toward", "往"], ["naung=ti", "mountain=PFV", "山=完成"], ["t<m>uqaz.\\", "<AF>go.up", "<主焦>上去"]], "free": ["#e then (he walked) towards the mountain and climbed.", "#c 往山上的方向走，"], "s_end": true, "iu_a_span": [21.28, 24.63], "meta": {"topic": "Map", "type": "Narrative", "language": "噶瑪蘭語, Kavalan, Xinshe(新社)", "speaker": "謝宗修, Buya, male, 1957-09-10", "collected": "2003-06-01", "revised": "None", "video": "KavNr-map_buya.mp3"}, "s_a_span": [21.28, 24.63], "file": "Kavalan_Xinshe/KavNr-map_buya", "num": 8}], [9, {"ori": [], "gloss": [["...(1.0)", "", ""], ["wei==(1.0)..", "leave", "離開"], ["pasa", "toward", "往"], ["naung", "mountain", "山"], ["nani.\\", "DM", "DM"]], "free": ["#e (He) went towards the mountain,", "#c (他)往山上走，", "#n wei=wi, 可能是wiya的省略. Wiya must have been omitted.", "#n we=wi=wiya, 其後所接的動詞可以是motion verbs或stative verbs.", "#n It may take motion verbs or stative verbs.", "#n 此句也可以說成(can also be uttered as) wiya=ti pasa nawung nani."], "s_end": true, "iu_a_span": [24.63, 27.29], "meta": {"topic": "Map", "type": "Narrative", "language": "噶瑪蘭語, Kavalan, Xinshe(新社)", "speaker": "謝宗修, Buya, male, 1957-09-10", "collected": "2003-06-01", "revised": "None", "video": "KavNr-map_buya.mp3"}, "s_a_span": [24.63, 27.29], "file": "Kavalan_Xinshe/KavNr-map_buya", "num": 9}], [10, {"ori": [], "gloss": [["..", "", ""], ["tita-an-na=ti..", "see-LF-3SG.GEN=PFV", "看-處焦-3SG.屬格=完成"], ["qayta-an-na", "see-LF-3SG.GEN", "看-處焦-3SG.屬格"], ["babuy", "pig", "豬"], ["‘nay.\\", "that", "那"]], "free": ["#e then he saw…he saw that pig…", "#c 然後他看到那隻豬，", "#n qayta-an-na babuy‘nay此句的語境類似於以下三句所呈現，分別為(The context is similar to the following:)", "#n (1)ma-tita-na babuy‘nay", "#n (2)ma-qayta-na babuy‘nay", "#n (3)tita-an-na babuy‘nay.", "#n tita-ika!‘去看他!’(Go see him!)， 也可以說成(can also be uttered as) qayta-ika， 但這一句比較少用(but this is rarely used)。"], "s_end": true, "iu_a_span": [27.29, 29.29], "meta": {"topic": "Map", "type": "Narrative", "language": "噶瑪蘭語, Kavalan, Xinshe(新社)", "speaker": "謝宗修, Buya, male, 1957-09-10", "collected": "2003-06-01", "revised": "None", "video": "KavNr-map_buya.mp3"}, "s_a_span": [27.29, 29.29], "file": "Kavalan_Xinshe/KavNr-map_buya", "num": 10}], [11, {"ori": [], "gloss": [["..", "", ""], ["n--", "FS", "FS"], ["usiq", "one", "一"], ["babuy", "pig", "豬"], ["ta==(0.4)--", "FS", "FS"]], "free": [], "s_end": false, "iu_a_span": [29.29, 30.33], "meta": {"topic": "Map", "type": "Narrative", "language": "噶瑪蘭語, Kavalan, Xinshe(新社)", "speaker": "謝宗修, Buya, male, 1957-09-10", "collected": "2003-06-01", "revised": "None", "video": "KavNr-map_buya.mp3"}, "file": "Kavalan_Xinshe/KavNr-map_buya", "num": 11}], [12, {"ori": [], "gloss": [["..", "", ""], ["babuy", "pig", "豬"], ["na", "GEN", "屬格"], ["naung.\\", "mountain", "山"]], "free": ["#e a boar.", "#c 一隻山豬。"], "s_end": true, "iu_a_span": [30.33, 31.47], "meta": {"topic": "Map", "type": "Narrative", "language": "噶瑪蘭語, Kavalan, Xinshe(新社)", "speaker": "謝宗修, Buya, male, 1957-09-10", "collected": "2003-06-01", "revised": "None", "video": "KavNr-map_buya.mp3"}, "s_a_span": [29.29, 31.47], "file": "Kavalan_Xinshe/KavNr-map_buya", "num": 12}], [13, {"ori": [], "gloss": [["…(0.7)", "", ""], ["nani,_", "DM", "DM"]], "free": [], "s_end": false, "iu_a_span": [31.47, 32.39], "meta": {"topic": "Map", "type": "Narrative", "language": "噶瑪蘭語, Kavalan, Xinshe(新社)", "speaker": "謝宗修, Buya, male, 1957-09-10", "collected": "2003-06-01", "revised": "None", "video": "KavNr-map_buya.mp3"}, "file": "Kavalan_Xinshe/KavNr-map_buya", "num": 13}], [14, {"ori": [], "gloss": [["..", "", ""], ["(2.8)", "", ""], ["m-lazyu", "AF-pass", "主焦-經過"], ["uman", "again", "再"], ["wi==..", "leave", "離開"], ["s<m>aRuR=ti", "<AF>go.down=PFV", "<主焦>下來=完成"], ["ya.\\", "DM", "DM"]], "free": ["#e (He) passed (the boar) again and then went down (the mountain).", "#c 他又經過了(山豬)後，再走下去。", "#n wi可能是wiya的省略. (probably an abbreviated version)", "#n 常用句子uman-ika! ‘再來一次!’’One more time.’", "#n 與me-lazyu相關的例句有(Similar phrases include)", "#n (1) m-lazyu timaizipana/*tamaizipana. ‘經過他（旁邊）(to pass by [his side])’", "#n (2) m-lazyu tu babuy. '經過豬隻（旁）' to pass by the pig[?s side] ’", "#n (3) m-lazyu tu Rupu na babuy. ‘經過豬寮’ to pass by the pig sty"], "s_end": true, "iu_a_span": [32.39, 36.94], "meta": {"topic": "Map", "type": "Narrative", "language": "噶瑪蘭語, Kavalan, Xinshe(新社)", "speaker": "謝宗修, Buya, male, 1957-09-10", "collected": "2003-06-01", "revised": "None", "video": "KavNr-map_buya.mp3"}, "s_a_span": [31.47, 36.94], "file": "Kavalan_Xinshe/KavNr-map_buya", "num": 14}], [15, {"ori": [], "gloss": [["..", "", ""], ["s<m>aRuR=ti.\\", "<AF>go.down=PFV", "<主焦>下來=完成"]], "free": ["#e (He) went down.", "#c 他走下來。"], "s_end": true, "iu_a_span": [36.94, 37.8], "meta": {"topic": "Map", "type": "Narrative", "language": "噶瑪蘭語, Kavalan, Xinshe(新社)", "speaker": "謝宗修, Buya, male, 1957-09-10", "collected": "2003-06-01", "revised": "None", "video": "KavNr-map_buya.mp3"}, "s_a_span": [36.94, 37.8], "file": "Kavalan_Xinshe/KavNr-map_buya", "num": 15}], [16, {"ori": [], "gloss": [["...(1.0)", "", ""], ["sinunung-an-na", "along-LF-3SG.GEN", "沿著-處焦-3SG.屬格"], ["lazan", "road", "路"], ["‘nay", "that", "那"], ["s<m>aRuR,_", "<AF>go.down", "<主焦>下來"]], "free": ["#e (He) went down along that road,", "#c （他）沿著那條路下來，", "#n 與sinunung-an有關的例句有related clauses include:", "#n (1) sinunung-an-ku qena<si>anem na baqi-an.", "#n 我跟著老人家的想法。", "#n I went along with the old man’s idea.", "#n (2) kulikuz-an-ku qena<si>anem na baqi-an.", "#n 我跟著老人家的想法。", "#n I went along with the old man’s idea.", "#n 常用例句有(The more often used clauses include:)", "#n (1) tud-ika! ‘你教他’teach him", "#n (2) t<m>ulu=iku tu sunis zau s<m>udad.", "#n 我教這小孩寫字。", "#n I teach that child writing."], "s_end": true, "iu_a_span": [37.8, 40.48], "meta": {"topic": "Map", "type": "Narrative", "language": "噶瑪蘭語, Kavalan, Xinshe(新社)", "speaker": "謝宗修, Buya, male, 1957-09-10", "collected": "2003-06-01", "revised": "None", "video": "KavNr-map_buya.mp3"}, "s_a_span": [37.8, 40.48], "file": "Kavalan_Xinshe/KavNr-map_buya", "num": 16}], [17, {"ori": [], "gloss": [["...", "", ""], ["nani,_", "DM", "DM"]], "free": [], "s_end": false, "iu_a_span": [40.48, 41.12], "meta": {"topic": "Map", "type": "Narrative", "language": "噶瑪蘭語, Kavalan, Xinshe(新社)", "speaker": "謝宗修, Buya, male, 1957-09-10", "collected": "2003-06-01", "revised": "None", "video": "KavNr-map_buya.mp3"}, "file": "Kavalan_Xinshe/KavNr-map_buya", "num": 17}], [18, {"ori": [], "gloss": [["...", "", ""], ["maseq,_", "arrive", "到達"]], "free": [], "s_end": false, "iu_a_span": [41.12, 41.84], "meta": {"topic": "Map", "type": "Narrative", "language": "噶瑪蘭語, Kavalan, Xinshe(新社)", "speaker": "謝宗修, Buya, male, 1957-09-10", "collected": "2003-06-01", "revised": "None", "video": "KavNr-map_buya.mp3"}, "file": "Kavalan_Xinshe/KavNr-map_buya", "num": 18}], [19, {"ori": [], "gloss": [["...", "", ""], ["ta-Raya-an", "LOC-big-LOC", "處所-大-處所"], ["tu", "OBL", "斜格"], ["lazan,_", "road", "路"]], "free": ["#e and arrived at the big place…road.", "#c 到了一個大地方…大路。", "#n s<m>uRiR ‘泉水’spring water以及suRiR-an-na zanum ‘泉水（流的水）道’the course through which the spring water flows."], "s_end": true, "iu_a_span": [41.84, 43.16], "meta": {"topic": "Map", "type": "Narrative", "language": "噶瑪蘭語, Kavalan, Xinshe(新社)", "speaker": "謝宗修, Buya, male, 1957-09-10", "collected": "2003-06-01", "revised": "None", "video": "KavNr-map_buya.mp3"}, "s_a_span": [40.48, 43.16], "file": "Kavalan_Xinshe/KavNr-map_buya", "num": 19}], [20, {"ori": [], "gloss": [["...", "", ""], ["nani,_", "DM", "DM"]], "free": [], "s_end": false, "iu_a_span": [43.16, 43.9], "meta": {"topic": "Map", "type": "Narrative", "language": "噶瑪蘭語, Kavalan, Xinshe(新社)", "speaker": "謝宗修, Buya, male, 1957-09-10", "collected": "2003-06-01", "revised": "None", "video": "KavNr-map_buya.mp3"}, "file": "Kavalan_Xinshe/KavNr-map_buya", "num": 20}], [21, {"ori": [], "gloss": [["...", "", ""], ["ta-kawili-an..", "LOC-left-LOC", "處所-左-處所"], ["za-na..", "ZA-GEN", "ZA-屬格"], ["lepaw", "house", "家"], ["ni", "GEN", "屬格"], ["utay.\\", "PN", "人名"]], "free": ["#e Utay’s home was on the left (of the road).", "#c (路的)左邊是Utay的家。", "#n 此句中的za-na應為lazan‘道路’。"], "s_end": true, "iu_a_span": [43.9, 46.33], "meta": {"topic": "Map", "type": "Narrative", "language": "噶瑪蘭語, Kavalan, Xinshe(新社)", "speaker": "謝宗修, Buya, male, 1957-09-10", "collected": "2003-06-01", "revised": "None", "video": "KavNr-map_buya.mp3"}, "s_a_span": [43.16, 46.33], "file": "Kavalan_Xinshe/KavNr-map_buya", "num": 21}], [22, {"ori": [], "gloss": [["...", "", ""], ["yau", "EXIST", "存在"], ["ta-lepaw-an", "LOC-house-LOC", "處所-家-處所"], ["ni", "GEN", "屬格"], ["utay", "PN", "人名"], ["eh==,_", "FIL", "FIL"]], "free": ["#e At Uaty’s house, there was …", "#c Utay家有…", "#n 此句是FS (false start)."], "s_end": true, "iu_a_span": [46.33, 48.24], "meta": {"topic": "Map", "type": "Narrative", "language": "噶瑪蘭語, Kavalan, Xinshe(新社)", "speaker": "謝宗修, Buya, male, 1957-09-10", "collected": "2003-06-01", "revised": "None", "video": "KavNr-map_buya.mp3"}, "s_a_span": [46.33, 48.24], "file": "Kavalan_Xinshe/KavNr-map_buya", "num": 22}], [23, {"ori": [], "gloss": [["..", "", ""], ["t<m>eqez", "<AF>stop.by", "<主焦>停"], ["ta-lepaw-an", "LOC-house-LOC", "處所-家-處所"], ["ni", "GEN", "屬格"], ["utay", "PN", "人名"], ["tu", "TU", "TU"], ["sa-luki-an,_", "SA-clock-AN", "SA-鐘-AN"]], "free": ["#e (He) stopped over at Utay’s house for one hour.", "#c (他)在Utay家裡停了一個小時。", "#n t<m>eqez ta-lepaw-an ni utay tu qa-usiq-ruki-an.", "#n (他)在Utay家裡要停一個小時。", "#n He is going to stay at Utay’s house for an hour’", "#n 此句也可以說成(This sentence can be uttered as:)", "#n t<m>eqez ta-lepaw-an ni utay tu qa-sa-ruki-an.", "#n t<m>eqez ta-lepaw-an ni utay tu usiq ruki-an.", "#n (他)在Utay家裡停了一個小時。", "#n He stayed at Utay’s house for an hour", "#n t<m>eqez ta-lepaw-an ni utay tu u-zusa ruki-an.", "#n (他)在Utay家裡停了兩個小時。", "#n He stayed at Utay’s hosue for two hours."], "s_end": true, "iu_a_span": [48.24, 50.85], "meta": {"topic": "Map", "type": "Narrative", "language": "噶瑪蘭語, Kavalan, Xinshe(新社)", "speaker": "謝宗修, Buya, male, 1957-09-10", "collected": "2003-06-01", "revised": "None", "video": "KavNr-map_buya.mp3"}, "s_a_span": [48.24, 50.85], "file": "Kavalan_Xinshe/KavNr-map_buya", "num": 23}], [24, {"ori": [], "gloss": [["...", "", ""], ["nani,_", "DM", "DM"]], "free": [], "s_end": false, "iu_a_span": [50.85, 51.68], "meta": {"topic": "Map", "type": "Narrative", "language": "噶瑪蘭語, Kavalan, Xinshe(新社)", "speaker": "謝宗修, Buya, male, 1957-09-10", "collected": "2003-06-01", "revised": "None", "video": "KavNr-map_buya.mp3"}, "file": "Kavalan_Xinshe/KavNr-map_buya", "num": 24}], [25, {"ori": [], "gloss": [["...(2.4)", "", ""], ["pun=ti", "finish=PFV", "完成=完成"], ["<X<A", "", ""], ["ta-utay-an", "LOC-PN-LOC", "處所-人名-處所"], ["man", "eat", "吃"], ["za", "ZA", "ZA"], ["‘nay==(0.6)A>X>,_", "that", "那"]], "free": ["#e After eating at Utay’s home,", "#c 在Utay家吃過了之後，", "#n 這句話不清楚; 不確定man za是什麼, 可能是吃。", "#n This utterance is unclear; meaning of man za is uncertain, may", "#n probably mean to eat.", "#n m-pun ‘完成’to complete.", "#n", "#n m-pun=ti=isu?", "#n 你完成了嗎? Have you finished?;", "#n", "#n pun=ti=iku.", "#n 我做完了I have finished.", "#n", "#n pun=ti=iku kelawkelaw-an-ku.", "#n 我做完我的工作了I have completed my work.,", "#n 也可以說成 (This can also be uttered as:)  pun-an=ti-ku kelawkelaw-an-ku.", "#n", "#n qa-pun=pa=ti kelawkelaw-an-ku.", "#n 我快做完我的工作了I’m almost through with my work.", "#n", "#n 無pa-pun, 也無pa<m>pun. Both pa-pun and pa<m>pun are not attested."], "s_end": true, "iu_a_span": [51.68, 55.83], "meta": {"topic": "Map", "type": "Narrative", "language": "噶瑪蘭語, Kavalan, Xinshe(新社)", "speaker": "謝宗修, Buya, male, 1957-09-10", "collected": "2003-06-01", "revised": "None", "video": "KavNr-map_buya.mp3"}, "s_a_span": [50.85, 55.83], "file": "Kavalan_Xinshe/KavNr-map_buya", "num": 25}], [26, {"ori": [], "gloss": [["...(0.7)", "", ""], ["pun=ti", "finish=PFV", "完成=完成"], ["nani.\\", "DM", "DM"]], "free": [], "s_end": false, "iu_a_span": [55.83, 57.21], "meta": {"topic": "Map", "type": "Narrative", "language": "噶瑪蘭語, Kavalan, Xinshe(新社)", "speaker": "謝宗修, Buya, male, 1957-09-10", "collected": "2003-06-01", "revised": "None", "video": "KavNr-map_buya.mp3"}, "file": "Kavalan_Xinshe/KavNr-map_buya", "num": 26}], [27, {"ori": [], "gloss": [["...", "", ""], ["zukat=ti.\\", "go.out=PFV", "出去=完成"]], "free": [], "s_end": false, "iu_a_span": [57.21, 58.37], "meta": {"topic": "Map", "type": "Narrative", "language": "噶瑪蘭語, Kavalan, Xinshe(新社)", "speaker": "謝宗修, Buya, male, 1957-09-10", "collected": "2003-06-01", "revised": "None", "video": "KavNr-map_buya.mp3"}, "file": "Kavalan_Xinshe/KavNr-map_buya", "num": 27}], [28, {"ori": [], "gloss": [["..", "", ""], ["wiya=ti", "leave=PFV", "離開=完成"], ["uman..", "again", "再"], ["seme%--", "FS", "FS"], ["s<m>aqay,_", "<AF>walk", "<主焦>走"]], "free": ["#e (he) went out and then walking again", "#c (他)出來後，又走著。"], "s_end": true, "iu_a_span": [58.37, 60.34], "meta": {"topic": "Map", "type": "Narrative", "language": "噶瑪蘭語, Kavalan, Xinshe(新社)", "speaker": "謝宗修, Buya, male, 1957-09-10", "collected": "2003-06-01", "revised": "None", "video": "KavNr-map_buya.mp3"}, "s_a_span": [55.83, 60.34], "file": "Kavalan_Xinshe/KavNr-map_buya", "num": 28}], [29, {"ori": [], "gloss": [["...", "", ""], ["wi", "leave", "離開"], ["pasa", "toward", "往"], ["kawili.\\", "left", "左"]], "free": ["#e (He) went toward the left.", "#c (他)往左邊(走)。", "#n wi可能是wiya的省略.", "#n Wi is probably an abbreviated form of wiya."], "s_end": true, "iu_a_span": [60.34, 61.92], "meta": {"topic": "Map", "type": "Narrative", "language": "噶瑪蘭語, Kavalan, Xinshe(新社)", "speaker": "謝宗修, Buya, male, 1957-09-10", "collected": "2003-06-01", "revised": "None", "video": "KavNr-map_buya.mp3"}, "s_a_span": [60.34, 61.92], "file": "Kavalan_Xinshe/KavNr-map_buya", "num": 29}], [30, {"ori": [], "gloss": [["...", "", ""], ["wi==(0.4)", "leave", "離開"], ["s<m>aqay", "<AF>walk", "<主焦>走"], ["nani,_", "DM", "DM"]], "free": [], "s_end": false, "iu_a_span": [61.92, 63.3], "meta": {"topic": "Map", "type": "Narrative", "language": "噶瑪蘭語, Kavalan, Xinshe(新社)", "speaker": "謝宗修, Buya, male, 1957-09-10", "collected": "2003-06-01", "revised": "None", "video": "KavNr-map_buya.mp3"}, "file": "Kavalan_Xinshe/KavNr-map_buya", "num": 30}], [31, {"ori": [], "gloss": [["...", "", ""], ["<A", "", ""], ["tita-an-na", "see-LF-3SG.GEN", "看-處焦-3SG.屬格"], ["pasa", "toward", "往"], ["kawan-an", "right-LOC", "右-處所"], ["yau", "EXIST", "存在"], ["usiq", "one", "一"], ["kitut", "small", "小"], ["ay", "REL", "關係詞"], ["lazan", "road", "路"], ["A>,_", "", ""]], "free": ["#e He saw on the right there was one road that was small;", "#c 他看到右邊有一條小路；"], "s_end": true, "iu_a_span": [63.3, 65.71], "meta": {"topic": "Map", "type": "Narrative", "language": "噶瑪蘭語, Kavalan, Xinshe(新社)", "speaker": "謝宗修, Buya, male, 1957-09-10", "collected": "2003-06-01", "revised": "None", "video": "KavNr-map_buya.mp3"}, "s_a_span": [61.92, 65.71], "file": "Kavalan_Xinshe/KavNr-map_buya", "num": 31}], [32, {"ori": [], "gloss": [["...", "", ""], ["<A", "", ""], ["nani", "DM", "DM"], ["pasazui=ti", "toward.there=PFV", "過去=完成"], ["s<en>aqay", "<EN>walk", "<EN>走"], ["ni-saqay-an-na,_", "NI-walk-AN-3SG.GEN", "NI-走-AN-3SG.屬格"]], "free": ["#e then (he) went towards…walked to (the road).", "#c 之後他就往那個(小路的方向)走。", "#n pasa ni-s<en>saqay-an-su? ‘你往哪裡走?’Which direction are you going?", "#n sa-saqay-an-ku lazan. ‘我要走的路’The road I will take.."], "s_end": true, "iu_a_span": [65.71, 68.01], "meta": {"topic": "Map", "type": "Narrative", "language": "噶瑪蘭語, Kavalan, Xinshe(新社)", "speaker": "謝宗修, Buya, male, 1957-09-10", "collected": "2003-06-01", "revised": "None", "video": "KavNr-map_buya.mp3"}, "s_a_span": [65.71, 68.01], "file": "Kavalan_Xinshe/KavNr-map_buya", "num": 32}], [33, {"ori": [], "gloss": [["...", "", ""], ["kuliku==z-an-na", "follow-LF-3SG.GEN", "跟-處焦-3SG.屬格"], ["lazan", "road", "路"], ["‘nay", "that", "那"], ["nani,_", "DM", "DM"]], "free": ["#e He followed that road.", "#c 他沿著那條(小)路走，"], "s_end": true, "iu_a_span": [68.01, 70.24], "meta": {"topic": "Map", "type": "Narrative", "language": "噶瑪蘭語, Kavalan, Xinshe(新社)", "speaker": "謝宗修, Buya, male, 1957-09-10", "collected": "2003-06-01", "revised": "None", "video": "KavNr-map_buya.mp3"}, "s_a_span": [68.01, 70.24], "file": "Kavalan_Xinshe/KavNr-map_buya", "num": 33}], [34, {"ori": [], "gloss": [["...(1.2)", "", ""], ["na", "DM", "DM"], ["lazan", "road", "路"], ["‘nay", "that", "那"], ["yau,_", "EXIST", "存在"]], "free": ["#e On the road, there was...", "#c 路上有...", "#n 此句為FS(False start)."], "s_end": true, "iu_a_span": [70.24, 72.78], "meta": {"topic": "Map", "type": "Narrative", "language": "噶瑪蘭語, Kavalan, Xinshe(新社)", "speaker": "謝宗修, Buya, male, 1957-09-10", "collected": "2003-06-01", "revised": "None", "video": "KavNr-map_buya.mp3"}, "s_a_span": [70.24, 72.78], "file": "Kavalan_Xinshe/KavNr-map_buya", "num": 34}], [35, {"ori": [], "gloss": [["...(1.0)", "", ""], ["kawa--", "FS", "FS"], ["kawan-an", "right-LOC", "右-處所"], ["na", "GEN", "屬格"], ["lazan", "road", "路"], ["‘nay", "that", "那"], ["yau", "EXIST", "存在"], ["usiq", "one", "一"], ["‘nay", "that", "那"], ["iki,_", "pond", "池塘"]], "free": ["#e There was one pond on the right of the road.", "#c 路的右邊有一個池塘。", "#n 此句之kawanan應改為ta-kawan-an. Kawanan should be changed to ta-kawan-an.", "#n kawan-an ay lima 右手 right hand; \\", "#n kawili-an ay lima 左手 left hand.", "#n", "#n kawan-an-ku lima yau mimet m-imet  kelisiuw.", "#n 我的右手有錢 There is money in my right hand.", "#n", "#n pasa kawan-an-ku 從我的右邊 to my right.", "#n nizi=iku ta-kawan-an m-autu.", "#n 我從右邊來 I came from the right side."], "s_end": true, "iu_a_span": [72.78, 76.36], "meta": {"topic": "Map", "type": "Narrative", "language": "噶瑪蘭語, Kavalan, Xinshe(新社)", "speaker": "謝宗修, Buya, male, 1957-09-10", "collected": "2003-06-01", "revised": "None", "video": "KavNr-map_buya.mp3"}, "s_a_span": [72.78, 76.36], "file": "Kavalan_Xinshe/KavNr-map_buya", "num": 35}], [36, {"ori": [], "gloss": [["...(1.3)", "", ""], ["Raw", "DM", "DM"], ["Raya", "big", "大"], ["iki", "pond", "池塘"], ["nani.\\", "DM", "DM"]], "free": ["#e (That) pond was big.", "#c 池塘很大。"], "s_end": true, "iu_a_span": [76.36, 78.74], "meta": {"topic": "Map", "type": "Narrative", "language": "噶瑪蘭語, Kavalan, Xinshe(新社)", "speaker": "謝宗修, Buya, male, 1957-09-10", "collected": "2003-06-01", "revised": "None", "video": "KavNr-map_buya.mp3"}, "s_a_span": [76.36, 78.74], "file": "Kavalan_Xinshe/KavNr-map_buya", "num": 36}], [37, {"ori": [], "gloss": [["...(4.0)", "", ""], ["qatuRiyas", "walk.fast", "快走"], ["uman", "again", "再"], ["ci", "NCM", "Ncm"], ["buya", "PN", "人名"], ["s<m>aqay", "<AF>walk", "<主焦>走"], ["tu==", "OBL", "斜格"], ["lazan-na,_", "road-3SG.GEN", "路-3SG.屬格"]], "free": ["#e Buya again walked (along) his way very fast.", "#c Buya又（繼續）走他的路。"], "s_end": true, "iu_a_span": [78.74, 85.28], "meta": {"topic": "Map", "type": "Narrative", "language": "噶瑪蘭語, Kavalan, Xinshe(新社)", "speaker": "謝宗修, Buya, male, 1957-09-10", "collected": "2003-06-01", "revised": "None", "video": "KavNr-map_buya.mp3"}, "s_a_span": [78.74, 85.28], "file": "Kavalan_Xinshe/KavNr-map_buya", "num": 37}], [38, {"ori": [], "gloss": [["...", "", ""], ["ah==..", "FIL", "FIL"], ["nani", "DM", "DM"], ["m-lazyu", "AF-cross", "AF-穿過"], ["uman", "again", "再"], ["tu", "OBL", "斜格"], ["sazan.\\", "bridge", "橋"]], "free": ["#e Then (he) crossed again (a) bridge,", "#c 他又過了橋，", "#n sangi=pa=iku tu sazan.", "#n 我要造一座橋 I will build a bridge.", "#n", "#n sa-sazan-an-ku paRin ‘nay.", "#n 那木頭是我要造橋用的 I will build a bridge using that piece of wood.", "#n", "#n pasa sazan=pa=iku.", "#n 我要去橋那邊 I am going to that bridge."], "s_end": true, "iu_a_span": [85.28, 87.73], "meta": {"topic": "Map", "type": "Narrative", "language": "噶瑪蘭語, Kavalan, Xinshe(新社)", "speaker": "謝宗修, Buya, male, 1957-09-10", "collected": "2003-06-01", "revised": "None", "video": "KavNr-map_buya.mp3"}, "s_a_span": [85.28, 87.73], "file": "Kavalan_Xinshe/KavNr-map_buya", "num": 38}], [39, {"ori": [], "gloss": [["...", "", ""], ["nani.\\", "DM", "DM"]], "free": [], "s_end": false, "iu_a_span": [87.73, 88.5], "meta": {"topic": "Map", "type": "Narrative", "language": "噶瑪蘭語, Kavalan, Xinshe(新社)", "speaker": "謝宗修, Buya, male, 1957-09-10", "collected": "2003-06-01", "revised": "None", "video": "KavNr-map_buya.mp3"}, "file": "Kavalan_Xinshe/KavNr-map_buya", "num": 39}], [40, {"ori": [], "gloss": [["...", "", ""], ["wi==(0.7)", "leave", "離開"], ["pasa", "toward", "往"], ["ngayaw", "front", "前面"], ["nani,_", "DM", "DM"]], "free": ["#e and then went to the front.", "#c 之後，往前(走)。"], "s_end": true, "iu_a_span": [88.5, 90.3], "meta": {"topic": "Map", "type": "Narrative", "language": "噶瑪蘭語, Kavalan, Xinshe(新社)", "speaker": "謝宗修, Buya, male, 1957-09-10", "collected": "2003-06-01", "revised": "None", "video": "KavNr-map_buya.mp3"}, "s_a_span": [87.73, 90.3], "file": "Kavalan_Xinshe/KavNr-map_buya", "num": 40}], [41, {"ori": [], "gloss": [["..", "", ""], ["tita-an-na", "see-LF-3SG.GEN", "看-處焦-3SG.屬格"], ["Raya", "big", "大"], ["‘nay==--", "that", "那"]], "free": ["#e He saw a big...", "#c 他看到大的...", "#n 此句為FS(False start)."], "s_end": true, "iu_a_span": [90.3, 91.35], "meta": {"topic": "Map", "type": "Narrative", "language": "噶瑪蘭語, Kavalan, Xinshe(新社)", "speaker": "謝宗修, Buya, male, 1957-09-10", "collected": "2003-06-01", "revised": "None", "video": "KavNr-map_buya.mp3"}, "s_a_span": [90.3, 91.35], "file": "Kavalan_Xinshe/KavNr-map_buya", "num": 41}], [42, {"ori": [], "gloss": [["...", "", ""], ["yau=ti", "EXIST=PFV", "存在=完成"], ["‘nay==(0.7)", "that", "那"], ["Raya", "big", "大"], ["ay", "REL", "關係詞"], ["tabay", "wide", "寬"], ["ay", "REL", "關係詞"], ["zena", "paddy.field", "水田"], ["tayan", "there", "那邊"], ["nani.\\", "DM", "DM"]], "free": ["#e There was a paddy field that was big and wide over there.", "#c 那裡有一塊又大又寬的水田。", "#n 描述土地, 如田, 所用的詞彙應為tabay而非Raya.", "#n The word to refer to land must be ‘tabay’, not ‘Raya’."], "s_end": true, "iu_a_span": [91.35, 94.62], "meta": {"topic": "Map", "type": "Narrative", "language": "噶瑪蘭語, Kavalan, Xinshe(新社)", "speaker": "謝宗修, Buya, male, 1957-09-10", "collected": "2003-06-01", "revised": "None", "video": "KavNr-map_buya.mp3"}, "s_a_span": [91.35, 94.62], "file": "Kavalan_Xinshe/KavNr-map_buya", "num": 42}], [43, {"ori": [], "gloss": [["...", "", ""], ["sinunu==ng-an-na", "along-LF-3SG.GEN", "沿著-處焦-3SG.屬格"], ["pasazui", "toward.there", "過去"], ["ta-tebteb-an", "LOC-middle-LOC", "處所-中間-處所"], ["na", "GEN", "屬格"], ["zena.\\", "paddy.field", "水田"]], "free": ["#e (He) went along the middle of the paddy field.", "#c 他順著田的中間走。"], "s_end": true, "iu_a_span": [94.62, 97.42], "meta": {"topic": "Map", "type": "Narrative", "language": "噶瑪蘭語, Kavalan, Xinshe(新社)", "speaker": "謝宗修, Buya, male, 1957-09-10", "collected": "2003-06-01", "revised": "None", "video": "KavNr-map_buya.mp3"}, "s_a_span": [94.62, 97.42], "file": "Kavalan_Xinshe/KavNr-map_buya", "num": 43}], [44, {"ori": [], "gloss": [["..", "", ""], ["sinunu==ng-an-na", "along-LF-3SG.GEN", "沿著-處焦-3SG.屬格"], ["s<m>eqay", "<AF>walk", "<主焦>走"], ["nani,_", "DM", "DM"]], "free": ["#e He walked along and,", "#c 順著走之後，"], "s_end": true, "iu_a_span": [97.42, 98.95], "meta": {"topic": "Map", "type": "Narrative", "language": "噶瑪蘭語, Kavalan, Xinshe(新社)", "speaker": "謝宗修, Buya, male, 1957-09-10", "collected": "2003-06-01", "revised": "None", "video": "KavNr-map_buya.mp3"}, "s_a_span": [97.42, 98.95], "file": "Kavalan_Xinshe/KavNr-map_buya", "num": 44}], [45, {"ori": [], "gloss": [["...(0.7)", "", ""], ["m-lazyu.\\", "AF-cross", "主焦-穿過"]], "free": ["#e crossed (the paddy field),", "#c 穿過(水田)，"], "s_end": true, "iu_a_span": [98.95, 100.16], "meta": {"topic": "Map", "type": "Narrative", "language": "噶瑪蘭語, Kavalan, Xinshe(新社)", "speaker": "謝宗修, Buya, male, 1957-09-10", "collected": "2003-06-01", "revised": "None", "video": "KavNr-map_buya.mp3"}, "s_a_span": [98.95, 100.16], "file": "Kavalan_Xinshe/KavNr-map_buya", "num": 45}], [46, {"ori": [], "gloss": [["...", "", ""], ["maseq", "arrive", "到達"], ["ta--", "FS", "FS"], ["zen--", "FS", "FS"], ["ta==--", "FS", "FS"], ["zen--", "FS", "FS"], ["ta==--", "FS", "FS"]], "free": ["#e and arrived at…", "#c 到了…", "#n 此句猜測應為: maseq ta lazan. ‘到達那一條路’.", "#n This clause should be ‘maseq ta lazan ‘to reach that road’.", "#n 與maseq相關的例句有(related clauses include:)", "#n (1) sa-qaseq-an-ku tasiq-an ‘nay.", "#n 那學校是我要去的 That school is where I am going", "#n (2) ni-qaseq-an-ku ti tasiq-an ‘nay.", "#n 那學校是我去過的 That school is where I’ve been to, 亦等於", "#n (also equivalent to:) q<n>aseq-an-ku ti tasiq-an 'nay", "#n (3) qaseq=pa=iku tamawaR.", "#n 我明天要去 I will go tomorrow."], "s_end": true, "iu_a_span": [100.16, 101.87], "meta": {"topic": "Map", "type": "Narrative", "language": "噶瑪蘭語, Kavalan, Xinshe(新社)", "speaker": "謝宗修, Buya, male, 1957-09-10", "collected": "2003-06-01", "revised": "None", "video": "KavNr-map_buya.mp3"}, "s_a_span": [100.16, 101.87], "file": "Kavalan_Xinshe/KavNr-map_buya", "num": 46}], [47, {"ori": [], "gloss": [["..", "", ""], ["m-lazyu", "AF-cross", "主焦-穿過"], ["tu==", "OBL", "斜格"], ["Raya=ay", "big=REL", "大=關係詞"], ["‘nay==", "that", "那"], ["lazan", "road", "路"], ["nani.\\", "DM", "DM"]], "free": ["#e and crossed the road that was big.", "#c 過了大馬路。"], "s_end": true, "iu_a_span": [101.87, 104.29], "meta": {"topic": "Map", "type": "Narrative", "language": "噶瑪蘭語, Kavalan, Xinshe(新社)", "speaker": "謝宗修, Buya, male, 1957-09-10", "collected": "2003-06-01", "revised": "None", "video": "KavNr-map_buya.mp3"}, "s_a_span": [101.87, 104.29], "file": "Kavalan_Xinshe/KavNr-map_buya", "num": 47}], [48, {"ori": [], "gloss": [["...(2.1)", "", ""], ["m-lazyu", "AF-cross", "主焦-穿過"], ["lazan", "road", "路"], ["‘nay..", "that", "那"], ["yau", "EXIST", "存在"], ["muaza", "many", "多"], ["paRin", "tree", "樹"], ["tayan", "there", "那邊"], ["nani,_", "DM", "DM"]], "free": ["#e (He) crossed that road and there were a lot of trees there.", "#c 過了大馬路，那裡有很多樹。"], "s_end": true, "iu_a_span": [104.29, 109.15], "meta": {"topic": "Map", "type": "Narrative", "language": "噶瑪蘭語, Kavalan, Xinshe(新社)", "speaker": "謝宗修, Buya, male, 1957-09-10", "collected": "2003-06-01", "revised": "None", "video": "KavNr-map_buya.mp3"}, "s_a_span": [104.29, 109.15], "file": "Kavalan_Xinshe/KavNr-map_buya", "num": 48}], [49, {"ori": [], "gloss": [["..", "", ""], ["susu==R-an-na", "go.through-LF-3SG.GEN", "穿越-處焦-3SG.屬格"], ["paRin", "tree", "樹"], ["‘nay", "that", "那"], ["nani,_", "DM", "DM"]], "free": ["#e He went through the trees,", "#c 他穿越那些樹，", "#n 與susuR相關的例句有(clauses related to susuR include:)", "#n (1) s<m>usuR tangi. 在正穿越is now crossing", "#n (2) s<m>usuR ta-lepaw-an-ku. 進到我家 enter my house,", "#n 也可以說成(This can also be uttered as:) s<m>usuR tu lepaw-an-ku.", "#n ta<paR>paRin 在樹林in the forest.."], "s_end": true, "iu_a_span": [109.15, 110.77], "meta": {"topic": "Map", "type": "Narrative", "language": "噶瑪蘭語, Kavalan, Xinshe(新社)", "speaker": "謝宗修, Buya, male, 1957-09-10", "collected": "2003-06-01", "revised": "None", "video": "KavNr-map_buya.mp3"}, "s_a_span": [109.15, 110.77], "file": "Kavalan_Xinshe/KavNr-map_buya", "num": 49}], [50, {"ori": [], "gloss": [["..", "", ""], ["maseq=ti", "arrive=PFV", "到達=完成"], ["tu==", "OBL", "斜格"], ["lepaw-na.\\", "house-3SG.GEN", "家-3SG.屬格"]], "free": ["#e and arrived his home…", "#c 就到了他家…"], "s_end": true, "iu_a_span": [110.77, 112.23], "meta": {"topic": "Map", "type": "Narrative", "language": "噶瑪蘭語, Kavalan, Xinshe(新社)", "speaker": "謝宗修, Buya, male, 1957-09-10", "collected": "2003-06-01", "revised": "None", "video": "KavNr-map_buya.mp3"}, "s_a_span": [110.77, 112.23], "file": "Kavalan_Xinshe/KavNr-map_buya", "num": 50}], [51, {"ori": [], "gloss": [["...", "", ""], ["ah==,_", "FIL", "FIL"]], "free": [], "s_end": false, "iu_a_span": [112.23, 113.05], "meta": {"topic": "Map", "type": "Narrative", "language": "噶瑪蘭語, Kavalan, Xinshe(新社)", "speaker": "謝宗修, Buya, male, 1957-09-10", "collected": "2003-06-01", "revised": "None", "video": "KavNr-map_buya.mp3"}, "file": "Kavalan_Xinshe/KavNr-map_buya", "num": 51}], [52, {"ori": [], "gloss": [["...", "", ""], ["ni", "GEN", "屬格"], ["buya..", "PN", "人名"], ["nayawma._", "only", "只"]], "free": ["#e Buya’s home. That’s all.", "#c Buya 家。沒有了。"], "s_end": true, "iu_a_span": [113.05, 114.52], "meta": {"topic": "Map", "type": "Narrative", "language": "噶瑪蘭語, Kavalan, Xinshe(新社)", "speaker": "謝宗修, Buya, male, 1957-09-10", "collected": "2003-06-01", "revised": "None", "video": "KavNr-map_buya.mp3"}, "s_a_span": [112.23, 114.52], "file": "Kavalan_Xinshe/KavNr-map_buya", "num": 52}]], "meta": {"topic": "Map", "type": "Narrative", "language": "噶瑪蘭語, Kavalan, Xinshe(新社)", "speaker": "謝宗修, Buya, male, 1957-09-10", "collected": "2003-06-01", "revised": "None", "video": "KavNr-map_buya.mp3"}}