{"glosses": [[1, {"ori": [], "gloss": [["pakunku=pa=iku", "tell.story=FUT=1SG.NOM", "說故事=未來=1SG.主格"], ["tu==,\\", "OBL", "斜格"]], "free": [], "s_end": false, "iu_a_span": [18.56, null], "meta": {"topic": "Pear story", "type": "Narrative", "language": "噶瑪蘭語, Kavalan, Xinshe (新社)", "speaker": "潘天利, Abas, male, 1933-03-22", "collected": "2003-04-19", "revised": "None", "video": "KavNr-pear_abas.mp3"}, "file": "Kavalan_Xinshe/KavNr-pear_abas", "num": 1}], [2, {"ori": [], "gloss": [["..", "", ""], ["zana==,\\", "3SG.POSS", "3SG.所有格"]], "free": [], "s_end": false, "iu_a_span": [null, 20.94], "meta": {"topic": "Pear story", "type": "Narrative", "language": "噶瑪蘭語, Kavalan, Xinshe (新社)", "speaker": "潘天利, Abas, male, 1933-03-22", "collected": "2003-04-19", "revised": "None", "video": "KavNr-pear_abas.mp3"}, "file": "Kavalan_Xinshe/KavNr-pear_abas", "num": 2}], [3, {"ori": [], "gloss": [["..", "", ""], ["m-qi==-,\\", "AF-pick-", "主焦-採-"]], "free": [], "s_end": false, "iu_a_span": [20.94, 22.66], "meta": {"topic": "Pear story", "type": "Narrative", "language": "噶瑪蘭語, Kavalan, Xinshe (新社)", "speaker": "潘天利, Abas, male, 1933-03-22", "collected": "2003-04-19", "revised": "None", "video": "KavNr-pear_abas.mp3"}, "file": "Kavalan_Xinshe/KavNr-pear_abas", "num": 3}], [4, {"ori": [], "gloss": [["..", "", ""], ["byabas", "guava", "芭樂"], ["ya==,\\", "NOM", "主格"]], "free": [], "s_end": false, "iu_a_span": [22.66, 23.95], "meta": {"topic": "Pear story", "type": "Narrative", "language": "噶瑪蘭語, Kavalan, Xinshe (新社)", "speaker": "潘天利, Abas, male, 1933-03-22", "collected": "2003-04-19", "revised": "None", "video": "KavNr-pear_abas.mp3"}, "file": "Kavalan_Xinshe/KavNr-pear_abas", "num": 4}], [5, {"ori": [], "gloss": [["..", "", ""], ["lazat", "person", "人"], ["a", "LNK", "連詞"], ["yau,\\", "that", "那個"]], "free": ["#e I’m going to tell a story about a person picking guavas.", "#c 我要說關於採芭樂的故事。"], "s_end": true, "iu_a_span": [23.95, 25.02], "meta": {"topic": "Pear story", "type": "Narrative", "language": "噶瑪蘭語, Kavalan, Xinshe (新社)", "speaker": "潘天利, Abas, male, 1933-03-22", "collected": "2003-04-19", "revised": "None", "video": "KavNr-pear_abas.mp3"}, "s_a_span": [18.56, 25.02], "file": "Kavalan_Xinshe/KavNr-pear_abas", "num": 5}], [6, {"ori": [], "gloss": [["...", "", ""], ["wi==,\\", "leave", "離開"]], "free": [], "s_end": false, "iu_a_span": [25.02, 26.16], "meta": {"topic": "Pear story", "type": "Narrative", "language": "噶瑪蘭語, Kavalan, Xinshe (新社)", "speaker": "潘天利, Abas, male, 1933-03-22", "collected": "2003-04-19", "revised": "None", "video": "KavNr-pear_abas.mp3"}, "file": "Kavalan_Xinshe/KavNr-pear_abas", "num": 6}], [7, {"ori": [], "gloss": [["..", "", ""], ["m-zaqis", "AF-climb", "主焦-爬"], ["a,\\", "NOM", "主格"]], "free": [], "s_end": false, "iu_a_span": [26.16, 27.01], "meta": {"topic": "Pear story", "type": "Narrative", "language": "噶瑪蘭語, Kavalan, Xinshe (新社)", "speaker": "潘天利, Abas, male, 1933-03-22", "collected": "2003-04-19", "revised": "None", "video": "KavNr-pear_abas.mp3"}, "file": "Kavalan_Xinshe/KavNr-pear_abas", "num": 7}], [8, {"ori": [], "gloss": [["..", "", ""], ["lazat", "person", "人"], ["a", "LNK", "連詞"], ["yau,\\", "that", "那個"]], "free": [], "s_end": false, "iu_a_span": [27.01, 27.85], "meta": {"topic": "Pear story", "type": "Narrative", "language": "噶瑪蘭語, Kavalan, Xinshe (新社)", "speaker": "潘天利, Abas, male, 1933-03-22", "collected": "2003-04-19", "revised": "None", "video": "KavNr-pear_abas.mp3"}, "file": "Kavalan_Xinshe/KavNr-pear_abas", "num": 8}], [9, {"ori": [], "gloss": [["..", "", ""], ["m-qi-byabas", "AF-pick-guava", "主焦-採-芭樂"], ["nani,\\", "DM", "DM"]], "free": ["#e The person climbed up to pick guavas.", "#c 人往上爬採芭樂，然後，"], "s_end": true, "iu_a_span": [27.85, 29.2], "meta": {"topic": "Pear story", "type": "Narrative", "language": "噶瑪蘭語, Kavalan, Xinshe (新社)", "speaker": "潘天利, Abas, male, 1933-03-22", "collected": "2003-04-19", "revised": "None", "video": "KavNr-pear_abas.mp3"}, "s_a_span": [25.02, 29.2], "file": "Kavalan_Xinshe/KavNr-pear_abas", "num": 9}], [10, {"ori": [], "gloss": [["…(0.7)", "", ""], ["u-zusa=ti,\\", "CLF.NHUM-two=PFV", "非人量詞-二=完成"]], "free": [], "s_end": false, "iu_a_span": [29.2, 30.83], "meta": {"topic": "Pear story", "type": "Narrative", "language": "噶瑪蘭語, Kavalan, Xinshe (新社)", "speaker": "潘天利, Abas, male, 1933-03-22", "collected": "2003-04-19", "revised": "None", "video": "KavNr-pear_abas.mp3"}, "file": "Kavalan_Xinshe/KavNr-pear_abas", "num": 10}], [11, {"ori": [], "gloss": [["..", "", ""], ["qanas", "basket", "簍"], ["ni-,\\", "PFV-", "完成-"]], "free": [], "s_end": false, "iu_a_span": [30.83, 31.82], "meta": {"topic": "Pear story", "type": "Narrative", "language": "噶瑪蘭語, Kavalan, Xinshe (新社)", "speaker": "潘天利, Abas, male, 1933-03-22", "collected": "2003-04-19", "revised": "None", "video": "KavNr-pear_abas.mp3"}, "file": "Kavalan_Xinshe/KavNr-pear_abas", "num": 11}], [12, {"ori": ["..", "kyala-an", "na==,\\"], "gloss": [["pick-NMZ", "採-名物化", "13"], ["GEN", "", ""], ["..", "", ""], ["lazat", "屬格", "人"], ["a", "person", "連詞"], ["yau", "LNK", "那個"], ["m-zaqis,\\", "that", "主焦-爬"]], "free": [], "s_end": false, "iu_a_span": [31.82, 32.78], "meta": {"topic": "Pear story", "type": "Narrative", "language": "噶瑪蘭語, Kavalan, Xinshe (新社)", "speaker": "潘天利, Abas, male, 1933-03-22", "collected": "2003-04-19", "revised": "None", "video": "KavNr-pear_abas.mp3"}, "file": "Kavalan_Xinshe/KavNr-pear_abas", "num": 12}], [14, {"ori": [], "gloss": [["..", "", ""], ["tu==,\\", "OBL", "斜格"]], "free": [], "s_end": false, "iu_a_span": [34.05, 34.54], "meta": {"topic": "Pear story", "type": "Narrative", "language": "噶瑪蘭語, Kavalan, Xinshe (新社)", "speaker": "潘天利, Abas, male, 1933-03-22", "collected": "2003-04-19", "revised": "None", "video": "KavNr-pear_abas.mp3"}, "file": "Kavalan_Xinshe/KavNr-pear_abas", "num": 14}], [15, {"ori": [], "gloss": [["..", "", ""], ["byabas", "guava", "芭樂"], ["nani,\\", "DM", "DM"]], "free": ["#e The person who climbed up had picked two baskets of guavas.", "#c 爬的那個人已經摘了兩籃芭樂。"], "s_end": true, "iu_a_span": [34.54, 35.45], "meta": {"topic": "Pear story", "type": "Narrative", "language": "噶瑪蘭語, Kavalan, Xinshe (新社)", "speaker": "潘天利, Abas, male, 1933-03-22", "collected": "2003-04-19", "revised": "None", "video": "KavNr-pear_abas.mp3"}, "s_a_span": [29.2, 35.45], "file": "Kavalan_Xinshe/KavNr-pear_abas", "num": 15}], [16, {"ori": [], "gloss": [["...", "", ""], ["mangu==,\\", "turn.out", "結果"]], "free": [], "s_end": false, "iu_a_span": [35.45, 36.68], "meta": {"topic": "Pear story", "type": "Narrative", "language": "噶瑪蘭語, Kavalan, Xinshe (新社)", "speaker": "潘天利, Abas, male, 1933-03-22", "collected": "2003-04-19", "revised": "None", "video": "KavNr-pear_abas.mp3"}, "file": "Kavalan_Xinshe/KavNr-pear_abas", "num": 16}], [17, {"ori": [], "gloss": [["..", "", ""], ["yau", "EXIST", "存在"], ["m-laziw=ay,\\", "AF-pass=REL", "主焦-經過=關係詞"]], "free": [], "s_end": false, "iu_a_span": [36.68, 38.1], "meta": {"topic": "Pear story", "type": "Narrative", "language": "噶瑪蘭語, Kavalan, Xinshe (新社)", "speaker": "潘天利, Abas, male, 1933-03-22", "collected": "2003-04-19", "revised": "None", "video": "KavNr-pear_abas.mp3"}, "file": "Kavalan_Xinshe/KavNr-pear_abas", "num": 17}], [18, {"ori": [], "gloss": [["..", "", ""], ["ya==,\\", "NOM", "主格"]], "free": [], "s_end": false, "iu_a_span": [38.1, 38.9], "meta": {"topic": "Pear story", "type": "Narrative", "language": "噶瑪蘭語, Kavalan, Xinshe (新社)", "speaker": "潘天利, Abas, male, 1933-03-22", "collected": "2003-04-19", "revised": "None", "video": "KavNr-pear_abas.mp3"}, "file": "Kavalan_Xinshe/KavNr-pear_abas", "num": 18}], [19, {"ori": [], "gloss": [["...", "", ""], ["m-qa-qaytun,\\", "AF-ride-vehicle", "主焦-騎-車"]], "free": [], "s_end": false, "iu_a_span": [38.9, 40.47], "meta": {"topic": "Pear story", "type": "Narrative", "language": "噶瑪蘭語, Kavalan, Xinshe (新社)", "speaker": "潘天利, Abas, male, 1933-03-22", "collected": "2003-04-19", "revised": "None", "video": "KavNr-pear_abas.mp3"}, "file": "Kavalan_Xinshe/KavNr-pear_abas", "num": 19}], [20, {"ori": [], "gloss": [["...(0.7)", "", ""], ["nani,\\", "DM", "DM"]], "free": ["#e There was a person passing by. He rode a bike.", "#c 有一個人經過,騎車子。"], "s_end": true, "iu_a_span": [40.47, 41.78], "meta": {"topic": "Pear story", "type": "Narrative", "language": "噶瑪蘭語, Kavalan, Xinshe (新社)", "speaker": "潘天利, Abas, male, 1933-03-22", "collected": "2003-04-19", "revised": "None", "video": "KavNr-pear_abas.mp3"}, "s_a_span": [35.45, 41.78], "file": "Kavalan_Xinshe/KavNr-pear_abas", "num": 20}], [21, {"ori": [], "gloss": [["...(0.9)", "", ""], ["wiya=ti,\\", "leave=PFV", "離開=完成"]], "free": [], "s_end": false, "iu_a_span": [41.78, 43.22], "meta": {"topic": "Pear story", "type": "Narrative", "language": "噶瑪蘭語, Kavalan, Xinshe (新社)", "speaker": "潘天利, Abas, male, 1933-03-22", "collected": "2003-04-19", "revised": "None", "video": "KavNr-pear_abas.mp3"}, "file": "Kavalan_Xinshe/KavNr-pear_abas", "num": 21}], [22, {"ori": [], "gloss": [["..", "", ""], ["isis-an-na", "lift-LF-3SG.GEN", "提-處焦-3SG.屬格"], ["ya", "NOM", "主格"], ["usiq,\\", "one", "一"]], "free": [], "s_end": false, "iu_a_span": [43.22, 44.48], "meta": {"topic": "Pear story", "type": "Narrative", "language": "噶瑪蘭語, Kavalan, Xinshe (新社)", "speaker": "潘天利, Abas, male, 1933-03-22", "collected": "2003-04-19", "revised": "None", "video": "KavNr-pear_abas.mp3"}, "file": "Kavalan_Xinshe/KavNr-pear_abas", "num": 22}], [23, {"ori": [], "gloss": [["..", "", ""], ["qanas,\\", "basket", "簍"]], "free": ["#e (He) took one basket.", "#c 提走了一簍。"], "s_end": true, "iu_a_span": [44.48, 45.08], "meta": {"topic": "Pear story", "type": "Narrative", "language": "噶瑪蘭語, Kavalan, Xinshe (新社)", "speaker": "潘天利, Abas, male, 1933-03-22", "collected": "2003-04-19", "revised": "None", "video": "KavNr-pear_abas.mp3"}, "s_a_span": [41.78, 45.08], "file": "Kavalan_Xinshe/KavNr-pear_abas", "num": 23}], [24, {"ori": [], "gloss": [["...", "", ""], ["pizi-an-na=ti", "put-LF-3SG.GEN=PFV", "放-處焦-3SG.屬格=完成"], ["ta-,\\", "LOC-", "處格-"]], "free": [], "s_end": false, "iu_a_span": [45.08, 46.25], "meta": {"topic": "Pear story", "type": "Narrative", "language": "噶瑪蘭語, Kavalan, Xinshe (新社)", "speaker": "潘天利, Abas, male, 1933-03-22", "collected": "2003-04-19", "revised": "None", "video": "KavNr-pear_abas.mp3"}, "file": "Kavalan_Xinshe/KavNr-pear_abas", "num": 24}], [25, {"ori": [], "gloss": [["..", "", ""], ["qaytun-an-na,\\", "vehicle-LOC-3SG.GEN", "車子-處格-3SG.屬格"]], "free": ["#e He put it on the bike.", "#c 他放在車上。"], "s_end": true, "iu_a_span": [46.25, 47.16], "meta": {"topic": "Pear story", "type": "Narrative", "language": "噶瑪蘭語, Kavalan, Xinshe (新社)", "speaker": "潘天利, Abas, male, 1933-03-22", "collected": "2003-04-19", "revised": "None", "video": "KavNr-pear_abas.mp3"}, "s_a_span": [45.08, 47.16], "file": "Kavalan_Xinshe/KavNr-pear_abas", "num": 25}], [26, {"ori": [], "gloss": [["..", "", ""], ["wi==ya=ti", "leave=PFV", "離開=完成"], ["m==-,\\", "AF-", "主焦-"]], "free": [], "s_end": false, "iu_a_span": [47.16, 48.78], "meta": {"topic": "Pear story", "type": "Narrative", "language": "噶瑪蘭語, Kavalan, Xinshe (新社)", "speaker": "潘天利, Abas, male, 1933-03-22", "collected": "2003-04-19", "revised": "None", "video": "KavNr-pear_abas.mp3"}, "file": "Kavalan_Xinshe/KavNr-pear_abas", "num": 26}], [27, {"ori": [], "gloss": [["..", "", ""], ["RaRiw", "run", "跑走"], ["ya,\\", "NOM", "主格"]], "free": [], "s_end": false, "iu_a_span": [48.78, 49.66], "meta": {"topic": "Pear story", "type": "Narrative", "language": "噶瑪蘭語, Kavalan, Xinshe (新社)", "speaker": "潘天利, Abas, male, 1933-03-22", "collected": "2003-04-19", "revised": "None", "video": "KavNr-pear_abas.mp3"}, "file": "Kavalan_Xinshe/KavNr-pear_abas", "num": 27}], [28, {"ori": [], "gloss": [["..", "", ""], ["‘nay", "that", "那個"], ["qa-Ruziq=ay,\\", "QA-steal=REL", "QA-偷=關係詞"]], "free": ["#e The thief ran away.", "#c 那個小偷跑走了。"], "s_end": true, "iu_a_span": [49.66, 50.92], "meta": {"topic": "Pear story", "type": "Narrative", "language": "噶瑪蘭語, Kavalan, Xinshe (新社)", "speaker": "潘天利, Abas, male, 1933-03-22", "collected": "2003-04-19", "revised": "None", "video": "KavNr-pear_abas.mp3"}, "s_a_span": [47.16, 50.92], "file": "Kavalan_Xinshe/KavNr-pear_abas", "num": 28}], [29, {"ori": [], "gloss": [["...", "", ""], ["Rayngu==-an", "not.know-LF", "不知道-處焦"], ["na", "GEN", "屬格"], ["lazat", "person", "人"], ["a", "LNK", "連詞"], ["yau", "that", "那個"], ["na==,\\", "DM", "DM"]], "free": [], "s_end": false, "iu_a_span": [50.92, 53.39], "meta": {"topic": "Pear story", "type": "Narrative", "language": "噶瑪蘭語, Kavalan, Xinshe (新社)", "speaker": "潘天利, Abas, male, 1933-03-22", "collected": "2003-04-19", "revised": "None", "video": "KavNr-pear_abas.mp3"}, "file": "Kavalan_Xinshe/KavNr-pear_abas", "num": 29}], [30, {"ori": [], "gloss": [["..", "", ""], ["wi", "leave", "離開"], ["m-zaqis,\\", "AF-climb", "主焦-爬"]], "free": [], "s_end": false, "iu_a_span": [53.39, 54.28], "meta": {"topic": "Pear story", "type": "Narrative", "language": "噶瑪蘭語, Kavalan, Xinshe (新社)", "speaker": "潘天利, Abas, male, 1933-03-22", "collected": "2003-04-19", "revised": "None", "video": "KavNr-pear_abas.mp3"}, "file": "Kavalan_Xinshe/KavNr-pear_abas", "num": 30}], [31, {"ori": [], "gloss": [["...", "", ""], ["k<m>yala", "<AF>pick", "<主焦>撿"], ["tu==,\\", "OBL", "斜格"]], "free": [], "s_end": false, "iu_a_span": [54.28, 55.46], "meta": {"topic": "Pear story", "type": "Narrative", "language": "噶瑪蘭語, Kavalan, Xinshe (新社)", "speaker": "潘天利, Abas, male, 1933-03-22", "collected": "2003-04-19", "revised": "None", "video": "KavNr-pear_abas.mp3"}, "file": "Kavalan_Xinshe/KavNr-pear_abas", "num": 31}], [32, {"ori": [], "gloss": [["..", "", ""], ["byabas", "guava", "芭樂"], ["a", "LNK", "連詞"], ["yau,\\", "that", "那個"]], "free": [], "s_end": false, "iu_a_span": [55.46, 56.52], "meta": {"topic": "Pear story", "type": "Narrative", "language": "噶瑪蘭語, Kavalan, Xinshe (新社)", "speaker": "潘天利, Abas, male, 1933-03-22", "collected": "2003-04-19", "revised": "None", "video": "KavNr-pear_abas.mp3"}, "file": "Kavalan_Xinshe/KavNr-pear_abas", "num": 32}], [33, {"ori": [], "gloss": [["...", "", ""], ["nani,\\", "DM", "DM"]], "free": ["#e The person that climbed up to pick guavas didn’t know (this).", "#c 那個爬上去採芭樂的人不知道。"], "s_end": true, "iu_a_span": [56.52, 57.55], "meta": {"topic": "Pear story", "type": "Narrative", "language": "噶瑪蘭語, Kavalan, Xinshe (新社)", "speaker": "潘天利, Abas, male, 1933-03-22", "collected": "2003-04-19", "revised": "None", "video": "KavNr-pear_abas.mp3"}, "s_a_span": [50.92, 57.55], "file": "Kavalan_Xinshe/KavNr-pear_abas", "num": 33}], [34, {"ori": [], "gloss": [["...(0.9)", "", ""], ["mangu==,\\", "turn.out", "結果"]], "free": [], "s_end": false, "iu_a_span": [57.55, 59.38], "meta": {"topic": "Pear story", "type": "Narrative", "language": "噶瑪蘭語, Kavalan, Xinshe (新社)", "speaker": "潘天利, Abas, male, 1933-03-22", "collected": "2003-04-19", "revised": "None", "video": "KavNr-pear_abas.mp3"}, "file": "Kavalan_Xinshe/KavNr-pear_abas", "num": 34}], [35, {"ori": [], "gloss": [["..", "", ""], ["sim-qatabun,\\", "REC-collide", "交互-撞"]], "free": [], "s_end": false, "iu_a_span": [59.38, 60.49], "meta": {"topic": "Pear story", "type": "Narrative", "language": "噶瑪蘭語, Kavalan, Xinshe (新社)", "speaker": "潘天利, Abas, male, 1933-03-22", "collected": "2003-04-19", "revised": "None", "video": "KavNr-pear_abas.mp3"}, "file": "Kavalan_Xinshe/KavNr-pear_abas", "num": 35}], [36, {"ori": [], "gloss": [["..", "", ""], ["kin-awsa", "CLF.HUM-two", "人量詞-二"], ["saiza", "maybe", "可能"], ["ya==,\\", "PART", "語助詞"]], "free": ["#e Finally, the two collided with each other.", "#c 結果兩個人相撞。"], "s_end": true, "iu_a_span": [60.49, 62.05], "meta": {"topic": "Pear story", "type": "Narrative", "language": "噶瑪蘭語, Kavalan, Xinshe (新社)", "speaker": "潘天利, Abas, male, 1933-03-22", "collected": "2003-04-19", "revised": "None", "video": "KavNr-pear_abas.mp3"}, "s_a_span": [57.55, 62.05], "file": "Kavalan_Xinshe/KavNr-pear_abas", "num": 36}], [37, {"ori": [], "gloss": [["..", "", ""], ["m-qa-qaytun,\\", "AF-ride-vehicle", "主焦-騎-車子"]], "free": ["#e (He) rode a bike.", "#c (他)騎車。"], "s_end": true, "iu_a_span": [62.05, 63.38], "meta": {"topic": "Pear story", "type": "Narrative", "language": "噶瑪蘭語, Kavalan, Xinshe (新社)", "speaker": "潘天利, Abas, male, 1933-03-22", "collected": "2003-04-19", "revised": "None", "video": "KavNr-pear_abas.mp3"}, "s_a_span": [62.05, 63.38], "file": "Kavalan_Xinshe/KavNr-pear_abas", "num": 37}], [38, {"ori": [], "gloss": [["...", "", ""], ["m==-,\\", "AF-", "主焦-"]], "free": [], "s_end": false, "iu_a_span": [63.38, 64.38], "meta": {"topic": "Pear story", "type": "Narrative", "language": "噶瑪蘭語, Kavalan, Xinshe (新社)", "speaker": "潘天利, Abas, male, 1933-03-22", "collected": "2003-04-19", "revised": "None", "video": "KavNr-pear_abas.mp3"}, "file": "Kavalan_Xinshe/KavNr-pear_abas", "num": 38}], [39, {"ori": [], "gloss": [["..", "", ""], ["suRaw=ti", "fall=PFV", "跌倒=完成"], ["ya", "NOM", "主格"], ["yau", "EXIST", "存在"], ["a,\\", "NOM", "主格"]], "free": ["#e (He) fell.", "#c (他)跌倒了。"], "s_end": true, "iu_a_span": [64.38, 65.85], "meta": {"topic": "Pear story", "type": "Narrative", "language": "噶瑪蘭語, Kavalan, Xinshe (新社)", "speaker": "潘天利, Abas, male, 1933-03-22", "collected": "2003-04-19", "revised": "None", "video": "KavNr-pear_abas.mp3"}, "s_a_span": [63.38, 65.85], "file": "Kavalan_Xinshe/KavNr-pear_abas", "num": 39}], [40, {"ori": [], "gloss": [["...", "", ""], ["mqi", "FS", "FS"], ["Ruziq=ay,\\", "steal=ay", "偷=REL"]], "free": [], "s_end": false, "iu_a_span": [65.85, 67.24], "meta": {"topic": "Pear story", "type": "Narrative", "language": "噶瑪蘭語, Kavalan, Xinshe (新社)", "speaker": "潘天利, Abas, male, 1933-03-22", "collected": "2003-04-19", "revised": "None", "video": "KavNr-pear_abas.mp3"}, "file": "Kavalan_Xinshe/KavNr-pear_abas", "num": 40}], [41, {"ori": [], "gloss": [["..", "", ""], ["tu==,\\", "OBL", "斜格"]], "free": [], "s_end": false, "iu_a_span": [67.24, 67.96], "meta": {"topic": "Pear story", "type": "Narrative", "language": "噶瑪蘭語, Kavalan, Xinshe (新社)", "speaker": "潘天利, Abas, male, 1933-03-22", "collected": "2003-04-19", "revised": "None", "video": "KavNr-pear_abas.mp3"}, "file": "Kavalan_Xinshe/KavNr-pear_abas", "num": 41}], [42, {"ori": [], "gloss": [["..", "", ""], ["byabas", "guava", "芭樂"], ["a", "LNK", "連詞"], ["yau,\\", "that", "那個"]], "free": [], "s_end": false, "iu_a_span": [67.96, 69.06], "meta": {"topic": "Pear story", "type": "Narrative", "language": "噶瑪蘭語, Kavalan, Xinshe (新社)", "speaker": "潘天利, Abas, male, 1933-03-22", "collected": "2003-04-19", "revised": "None", "video": "KavNr-pear_abas.mp3"}, "file": "Kavalan_Xinshe/KavNr-pear_abas", "num": 42}], [43, {"ori": [], "gloss": [["...", "", ""], ["tu", "OBL", "斜格"], ["usiq", "one", "一"], ["qanas", "basket", "簍"], ["nani,\\", "DM", "DM"]], "free": ["#e The one who stole guavas ... a basket.", "#c 偷芭樂 ... 一簍的"], "s_end": true, "iu_a_span": [69.06, 70.7], "meta": {"topic": "Pear story", "type": "Narrative", "language": "噶瑪蘭語, Kavalan, Xinshe (新社)", "speaker": "潘天利, Abas, male, 1933-03-22", "collected": "2003-04-19", "revised": "None", "video": "KavNr-pear_abas.mp3"}, "s_a_span": [65.85, 70.7], "file": "Kavalan_Xinshe/KavNr-pear_abas", "num": 43}], [44, {"ori": [], "gloss": [["...", "", ""], ["m-Rusal=ti,\\", "AF-scatter=PFV", "主焦-散落=完成"]], "free": [], "s_end": false, "iu_a_span": [70.7, 72.32], "meta": {"topic": "Pear story", "type": "Narrative", "language": "噶瑪蘭語, Kavalan, Xinshe (新社)", "speaker": "潘天利, Abas, male, 1933-03-22", "collected": "2003-04-19", "revised": "None", "video": "KavNr-pear_abas.mp3"}, "file": "Kavalan_Xinshe/KavNr-pear_abas", "num": 44}], [45, {"ori": [], "gloss": [["..", "", ""], ["ya==,\\", "NOM", "主格"]], "free": [], "s_end": false, "iu_a_span": [72.32, 73.16], "meta": {"topic": "Pear story", "type": "Narrative", "language": "噶瑪蘭語, Kavalan, Xinshe (新社)", "speaker": "潘天利, Abas, male, 1933-03-22", "collected": "2003-04-19", "revised": "None", "video": "KavNr-pear_abas.mp3"}, "file": "Kavalan_Xinshe/KavNr-pear_abas", "num": 45}], [46, {"ori": [], "gloss": [["...", "", ""], ["byabus", "guava", "芭樂"], ["a", "LNK", "連詞"], ["yau,\\", "that", "那個"]], "free": [], "s_end": false, "iu_a_span": [73.16, 74.43], "meta": {"topic": "Pear story", "type": "Narrative", "language": "噶瑪蘭語, Kavalan, Xinshe (新社)", "speaker": "潘天利, Abas, male, 1933-03-22", "collected": "2003-04-19", "revised": "None", "video": "KavNr-pear_abas.mp3"}, "file": "Kavalan_Xinshe/KavNr-pear_abas", "num": 46}], [47, {"ori": [], "gloss": [["..", "", ""], ["qaniyau", "3PL.NOM", "3PL.主格"], ["Ruziq-an-na", "steal-LF-3SG.GEN", "偷-處焦-3SG.屬格"], ["na==,\\", "GEN", "屬格"]], "free": [], "s_end": false, "iu_a_span": [74.43, 75.86], "meta": {"topic": "Pear story", "type": "Narrative", "language": "噶瑪蘭語, Kavalan, Xinshe (新社)", "speaker": "潘天利, Abas, male, 1933-03-22", "collected": "2003-04-19", "revised": "None", "video": "KavNr-pear_abas.mp3"}, "file": "Kavalan_Xinshe/KavNr-pear_abas", "num": 47}], [48, {"ori": [], "gloss": [["...", "", ""], ["lazat", "person", "人"], ["a", "LNK", "連詞"], ["yau.\\", "that", "那個"]], "free": ["#e The guavas stolen by that person were scattered.", "#c 那個人偷的芭樂散落了。"], "s_end": true, "iu_a_span": [75.86, 77.28], "meta": {"topic": "Pear story", "type": "Narrative", "language": "噶瑪蘭語, Kavalan, Xinshe (新社)", "speaker": "潘天利, Abas, male, 1933-03-22", "collected": "2003-04-19", "revised": "None", "video": "KavNr-pear_abas.mp3"}, "s_a_span": [70.7, 77.28], "file": "Kavalan_Xinshe/KavNr-pear_abas", "num": 48}], [49, {"ori": [], "gloss": [["...", "", ""], ["sapun-an-na=ti,\\", "pick.up-LF-3SG.GEN=PFV", "撿-處焦-3SG.屬格=完成"]], "free": ["#e He picked them up.", "#c 他撿起了那些東西。"], "s_end": true, "iu_a_span": [77.28, 79.1], "meta": {"topic": "Pear story", "type": "Narrative", "language": "噶瑪蘭語, Kavalan, Xinshe (新社)", "speaker": "潘天利, Abas, male, 1933-03-22", "collected": "2003-04-19", "revised": "None", "video": "KavNr-pear_abas.mp3"}, "s_a_span": [77.28, 79.1], "file": "Kavalan_Xinshe/KavNr-pear_abas", "num": 49}], [50, {"ori": [], "gloss": [["...", "", ""], ["tu,\\", "DM", "DM"]], "free": [], "s_end": false, "iu_a_span": [79.1, 79.95], "meta": {"topic": "Pear story", "type": "Narrative", "language": "噶瑪蘭語, Kavalan, Xinshe (新社)", "speaker": "潘天利, Abas, male, 1933-03-22", "collected": "2003-04-19", "revised": "None", "video": "KavNr-pear_abas.mp3"}, "file": "Kavalan_Xinshe/KavNr-pear_abas", "num": 50}], [51, {"ori": [], "gloss": [["..", "", ""], ["naquni", "how", "怎樣"], ["smani", "I.wonder", "不知為何"], ["nani,\\", "DM", "DM"]], "free": ["#e Then, I’m not sure why ...", "#c 然後不知為何。"], "s_end": true, "iu_a_span": [79.95, 81.27], "meta": {"topic": "Pear story", "type": "Narrative", "language": "噶瑪蘭語, Kavalan, Xinshe (新社)", "speaker": "潘天利, Abas, male, 1933-03-22", "collected": "2003-04-19", "revised": "None", "video": "KavNr-pear_abas.mp3"}, "s_a_span": [79.1, 81.27], "file": "Kavalan_Xinshe/KavNr-pear_abas", "num": 51}], [52, {"ori": [], "gloss": [["..", "", ""], ["iwaliw=ti,\\", "turn.out=PFV", "結果=完成"]], "free": [], "s_end": false, "iu_a_span": [81.27, 81.97], "meta": {"topic": "Pear story", "type": "Narrative", "language": "噶瑪蘭語, Kavalan, Xinshe (新社)", "speaker": "潘天利, Abas, male, 1933-03-22", "collected": "2003-04-19", "revised": "None", "video": "KavNr-pear_abas.mp3"}, "file": "Kavalan_Xinshe/KavNr-pear_abas", "num": 52}], [53, {"ori": [], "gloss": [["..", "", ""], ["mai", "NEG", "否定"], ["tu==,\\", "OBL", "斜格"]], "free": [], "s_end": false, "iu_a_span": [81.97, 83.25], "meta": {"topic": "Pear story", "type": "Narrative", "language": "噶瑪蘭語, Kavalan, Xinshe (新社)", "speaker": "潘天利, Abas, male, 1933-03-22", "collected": "2003-04-19", "revised": "None", "video": "KavNr-pear_abas.mp3"}, "file": "Kavalan_Xinshe/KavNr-pear_abas", "num": 53}], [54, {"ori": [], "gloss": [["..", "", ""], ["e==,\\", "FIL", "FIL"]], "free": [], "s_end": false, "iu_a_span": [83.25, 83.92], "meta": {"topic": "Pear story", "type": "Narrative", "language": "噶瑪蘭語, Kavalan, Xinshe (新社)", "speaker": "潘天利, Abas, male, 1933-03-22", "collected": "2003-04-19", "revised": "None", "video": "KavNr-pear_abas.mp3"}, "file": "Kavalan_Xinshe/KavNr-pear_abas", "num": 54}], [55, {"ori": [], "gloss": [["..", "", ""], ["qaytun,\\", "vehicle", "車"]], "free": ["#e It turned out that there was no bike.", "#c 結果沒有車子。"], "s_end": true, "iu_a_span": [83.92, 84.53], "meta": {"topic": "Pear story", "type": "Narrative", "language": "噶瑪蘭語, Kavalan, Xinshe (新社)", "speaker": "潘天利, Abas, male, 1933-03-22", "collected": "2003-04-19", "revised": "None", "video": "KavNr-pear_abas.mp3"}, "s_a_span": [81.27, 84.53], "file": "Kavalan_Xinshe/KavNr-pear_abas", "num": 55}], [56, {"ori": [], "gloss": [["..", "", ""], ["mai=ti", "NEG=PFV", "否定=完成"], ["ya==,\\", "NOM", "主格"]], "free": [], "s_end": false, "iu_a_span": [84.53, 85.27], "meta": {"topic": "Pear story", "type": "Narrative", "language": "噶瑪蘭語, Kavalan, Xinshe (新社)", "speaker": "潘天利, Abas, male, 1933-03-22", "collected": "2003-04-19", "revised": "None", "video": "KavNr-pear_abas.mp3"}, "file": "Kavalan_Xinshe/KavNr-pear_abas", "num": 56}], [57, {"ori": [], "gloss": [["..", "", ""], ["ni==-,\\", "PFV-", "完成-"]], "free": [], "s_end": false, "iu_a_span": [85.27, 86.07], "meta": {"topic": "Pear story", "type": "Narrative", "language": "噶瑪蘭語, Kavalan, Xinshe (新社)", "speaker": "潘天利, Abas, male, 1933-03-22", "collected": "2003-04-19", "revised": "None", "video": "KavNr-pear_abas.mp3"}, "file": "Kavalan_Xinshe/KavNr-pear_abas", "num": 57}], [58, {"ori": [], "gloss": [["...", "", ""], ["ala-an-na", "take-NMZ-3SG.GEN", "拿-名物化-3SG.屬格"], ["tu==,\\", "OBL", "斜格"]], "free": [], "s_end": false, "iu_a_span": [86.07, 87.71], "meta": {"topic": "Pear story", "type": "Narrative", "language": "噶瑪蘭語, Kavalan, Xinshe (新社)", "speaker": "潘天利, Abas, male, 1933-03-22", "collected": "2003-04-19", "revised": "None", "video": "KavNr-pear_abas.mp3"}, "file": "Kavalan_Xinshe/KavNr-pear_abas", "num": 58}], [59, {"ori": [], "gloss": [["..", "", ""], ["qanas", "basket", "簍"], ["a", "LNK", "連詞"], ["yau", "that", "那個"], ["tu==,\\", "OBL", "斜格"]], "free": [], "s_end": false, "iu_a_span": [87.71, 89.31], "meta": {"topic": "Pear story", "type": "Narrative", "language": "噶瑪蘭語, Kavalan, Xinshe (新社)", "speaker": "潘天利, Abas, male, 1933-03-22", "collected": "2003-04-19", "revised": "None", "video": "KavNr-pear_abas.mp3"}, "file": "Kavalan_Xinshe/KavNr-pear_abas", "num": 59}], [60, {"ori": [], "gloss": [["..", "", ""], ["byabus", "guava", "芭樂"], ["a", "LNK", "連詞"], ["yau", "that", "那個"], ["nani.\\", "DM", "DM"]], "free": ["#e There was no basket ... guavas.", "#c 沒有簍 ... 芭樂"], "s_end": true, "iu_a_span": [89.31, 90.44], "meta": {"topic": "Pear story", "type": "Narrative", "language": "噶瑪蘭語, Kavalan, Xinshe (新社)", "speaker": "潘天利, Abas, male, 1933-03-22", "collected": "2003-04-19", "revised": "None", "video": "KavNr-pear_abas.mp3"}, "s_a_span": [84.53, 90.44], "file": "Kavalan_Xinshe/KavNr-pear_abas", "num": 60}], [61, {"ori": [], "gloss": [["...", "", ""], ["pameng=ti,\\", "suddenly=PFV", "突然=完成"]], "free": [], "s_end": false, "iu_a_span": [90.44, 91.8], "meta": {"topic": "Pear story", "type": "Narrative", "language": "噶瑪蘭語, Kavalan, Xinshe (新社)", "speaker": "潘天利, Abas, male, 1933-03-22", "collected": "2003-04-19", "revised": "None", "video": "KavNr-pear_abas.mp3"}, "file": "Kavalan_Xinshe/KavNr-pear_abas", "num": 61}], [62, {"ori": [], "gloss": [["..", "", ""], ["pasasani", "toward.where", "往哪裡"], ["smani", "I.wonder", "不知道"], ["nani,\\", "DM", "DM"]], "free": ["#e Suddenly, (he) got lost.", "#c 突然失去了方向。"], "s_end": true, "iu_a_span": [91.8, 93.72], "meta": {"topic": "Pear story", "type": "Narrative", "language": "噶瑪蘭語, Kavalan, Xinshe (新社)", "speaker": "潘天利, Abas, male, 1933-03-22", "collected": "2003-04-19", "revised": "None", "video": "KavNr-pear_abas.mp3"}, "s_a_span": [90.44, 93.72], "file": "Kavalan_Xinshe/KavNr-pear_abas", "num": 62}], [63, {"ori": [], "gloss": [["...", "", ""], ["tuRuz-na", "back-3SG.GEN", "後面-3SG.屬格"], ["nani,\\", "DM", "DM"]], "free": [], "s_end": false, "iu_a_span": [93.72, 95.39], "meta": {"topic": "Pear story", "type": "Narrative", "language": "噶瑪蘭語, Kavalan, Xinshe (新社)", "speaker": "潘天利, Abas, male, 1933-03-22", "collected": "2003-04-19", "revised": "None", "video": "KavNr-pear_abas.mp3"}, "file": "Kavalan_Xinshe/KavNr-pear_abas", "num": 63}], [64, {"ori": [], "gloss": [["..", "", ""], ["yau", "EXIST", "存在"], ["a", "NOM", "主格"], ["izau,\\", "this", "這個"]], "free": [], "s_end": false, "iu_a_span": [95.39, 96.67], "meta": {"topic": "Pear story", "type": "Narrative", "language": "噶瑪蘭語, Kavalan, Xinshe (新社)", "speaker": "潘天利, Abas, male, 1933-03-22", "collected": "2003-04-19", "revised": "None", "video": "KavNr-pear_abas.mp3"}, "file": "Kavalan_Xinshe/KavNr-pear_abas", "num": 64}], [65, {"ori": [], "gloss": [["..", "", ""], ["ya", "NOM", "主格"], ["lazat", "person", "人"], ["a", "LNK", "連詞"], ["yau,\\", "that", "那個"]], "free": [], "s_end": false, "iu_a_span": [96.67, 97.77], "meta": {"topic": "Pear story", "type": "Narrative", "language": "噶瑪蘭語, Kavalan, Xinshe (新社)", "speaker": "潘天利, Abas, male, 1933-03-22", "collected": "2003-04-19", "revised": "None", "video": "KavNr-pear_abas.mp3"}, "file": "Kavalan_Xinshe/KavNr-pear_abas", "num": 65}], [66, {"ori": [], "gloss": [["..", "", ""], ["s<m>aRuR=ti,\\", "<AF>descend=PFV", "<主焦>下=完成"]], "free": ["#e The person went down.", "#c 後來那個人下來了。"], "s_end": true, "iu_a_span": [97.77, 98.79], "meta": {"topic": "Pear story", "type": "Narrative", "language": "噶瑪蘭語, Kavalan, Xinshe (新社)", "speaker": "潘天利, Abas, male, 1933-03-22", "collected": "2003-04-19", "revised": "None", "video": "KavNr-pear_abas.mp3"}, "s_a_span": [93.72, 98.79], "file": "Kavalan_Xinshe/KavNr-pear_abas", "num": 66}], [67, {"ori": [], "gloss": [["..", "", ""], ["ya,\\", "FIL", "FIL"]], "free": [], "s_end": false, "iu_a_span": [98.79, 99.24], "meta": {"topic": "Pear story", "type": "Narrative", "language": "噶瑪蘭語, Kavalan, Xinshe (新社)", "speaker": "潘天利, Abas, male, 1933-03-22", "collected": "2003-04-19", "revised": "None", "video": "KavNr-pear_abas.mp3"}, "file": "Kavalan_Xinshe/KavNr-pear_abas", "num": 67}], [68, {"ori": [], "gloss": [["..", "", ""], ["matiw,\\", "AF.go", "主焦.去"]], "free": [], "s_end": false, "iu_a_span": [99.24, 99.82], "meta": {"topic": "Pear story", "type": "Narrative", "language": "噶瑪蘭語, Kavalan, Xinshe (新社)", "speaker": "潘天利, Abas, male, 1933-03-22", "collected": "2003-04-19", "revised": "None", "video": "KavNr-pear_abas.mp3"}, "file": "Kavalan_Xinshe/KavNr-pear_abas", "num": 68}], [69, {"ori": [], "gloss": [["..", "", ""], ["m-qi-byabas,\\", "AF-pick-guava", "主焦-摘-芭樂"]], "free": [], "s_end": false, "iu_a_span": [99.82, 100.61], "meta": {"topic": "Pear story", "type": "Narrative", "language": "噶瑪蘭語, Kavalan, Xinshe (新社)", "speaker": "潘天利, Abas, male, 1933-03-22", "collected": "2003-04-19", "revised": "None", "video": "KavNr-pear_abas.mp3"}, "file": "Kavalan_Xinshe/KavNr-pear_abas", "num": 69}], [70, {"ori": [], "gloss": [["..", "", ""], ["nizi", "from", "從"], ["ta-babaw", "LOC-up", "處格-上面"], ["na==,\\", "GEN", "屬格"]], "free": [], "s_end": false, "iu_a_span": [100.61, 102.13], "meta": {"topic": "Pear story", "type": "Narrative", "language": "噶瑪蘭語, Kavalan, Xinshe (新社)", "speaker": "潘天利, Abas, male, 1933-03-22", "collected": "2003-04-19", "revised": "None", "video": "KavNr-pear_abas.mp3"}, "file": "Kavalan_Xinshe/KavNr-pear_abas", "num": 70}], [71, {"ori": [], "gloss": [["...", "", ""], ["na==,\\", "GEN", "屬格"]], "free": [], "s_end": false, "iu_a_span": [102.13, 103.43], "meta": {"topic": "Pear story", "type": "Narrative", "language": "噶瑪蘭語, Kavalan, Xinshe (新社)", "speaker": "潘天利, Abas, male, 1933-03-22", "collected": "2003-04-19", "revised": "None", "video": "KavNr-pear_abas.mp3"}, "file": "Kavalan_Xinshe/KavNr-pear_abas", "num": 71}], [72, {"ori": [], "gloss": [["..", "", ""], ["paRin", "tree", "樹"], ["nani,\\", "DM", "DM"]], "free": ["#e He went down from the tree.", "#c 從樹上面下來。"], "s_end": true, "iu_a_span": [103.43, 104.3], "meta": {"topic": "Pear story", "type": "Narrative", "language": "噶瑪蘭語, Kavalan, Xinshe (新社)", "speaker": "潘天利, Abas, male, 1933-03-22", "collected": "2003-04-19", "revised": "None", "video": "KavNr-pear_abas.mp3"}, "s_a_span": [98.79, 104.3], "file": "Kavalan_Xinshe/KavNr-pear_abas", "num": 72}], [73, {"ori": [], "gloss": [["...", "", ""], ["yau=ti", "EXIST=PFV", "存在=完成"], ["t<m>ayta", "<AF>watch", "<主焦>看"], ["tu,\\", "OBL", "斜格"]], "free": [], "s_end": false, "iu_a_span": [104.3, 106.4], "meta": {"topic": "Pear story", "type": "Narrative", "language": "噶瑪蘭語, Kavalan, Xinshe (新社)", "speaker": "潘天利, Abas, male, 1933-03-22", "collected": "2003-04-19", "revised": "None", "video": "KavNr-pear_abas.mp3"}, "file": "Kavalan_Xinshe/KavNr-pear_abas", "num": 73}], [74, {"ori": [], "gloss": [["..", "", ""], ["qanas-na", "basket-3SG.GEN", "簍-3SG.屬格"], ["na,\\", "DM", "DM"]], "free": [], "s_end": false, "iu_a_span": [106.4, 107.18], "meta": {"topic": "Pear story", "type": "Narrative", "language": "噶瑪蘭語, Kavalan, Xinshe (新社)", "speaker": "潘天利, Abas, male, 1933-03-22", "collected": "2003-04-19", "revised": "None", "video": "KavNr-pear_abas.mp3"}, "file": "Kavalan_Xinshe/KavNr-pear_abas", "num": 74}], [75, {"ori": [], "gloss": [["..", "", ""], ["mai=ti", "NEG=PFV", "否定=完成"], ["tu", "OBL", "斜格"], ["simpez", "content", "內容物"], ["a", "LNK", "連詞"], ["usiq,\\", "one", "一"]], "free": ["#e He looked at the basket. There was nothing.", "#c 看簍,沒有東西。"], "s_end": true, "iu_a_span": [107.18, 108.85], "meta": {"topic": "Pear story", "type": "Narrative", "language": "噶瑪蘭語, Kavalan, Xinshe (新社)", "speaker": "潘天利, Abas, male, 1933-03-22", "collected": "2003-04-19", "revised": "None", "video": "KavNr-pear_abas.mp3"}, "s_a_span": [104.3, 108.85], "file": "Kavalan_Xinshe/KavNr-pear_abas", "num": 75}], [76, {"ori": [], "gloss": [["...", "", ""], ["e?/", "INT", "感嘆"]], "free": [], "s_end": false, "iu_a_span": [108.85, 109.6], "meta": {"topic": "Pear story", "type": "Narrative", "language": "噶瑪蘭語, Kavalan, Xinshe (新社)", "speaker": "潘天利, Abas, male, 1933-03-22", "collected": "2003-04-19", "revised": "None", "video": "KavNr-pear_abas.mp3"}, "file": "Kavalan_Xinshe/KavNr-pear_abas", "num": 76}], [77, {"ori": [], "gloss": [["..", "", ""], ["mana", "why", "為什麼"], ["mai=ti", "NEG=PFV", "否定=完成"], ["tu", "OBL", "斜格"], ["simpez", "content", "內容物"], ["a", "LNK", "連詞"], ["usiq", "one", "一"], ["ka,\\", "PART", "語助詞"]], "free": ["#e How come there was nothing.", "#c 為什麼一個都沒有?"], "s_end": true, "iu_a_span": [109.6, 111.72], "meta": {"topic": "Pear story", "type": "Narrative", "language": "噶瑪蘭語, Kavalan, Xinshe (新社)", "speaker": "潘天利, Abas, male, 1933-03-22", "collected": "2003-04-19", "revised": "None", "video": "KavNr-pear_abas.mp3"}, "s_a_span": [108.85, 111.72], "file": "Kavalan_Xinshe/KavNr-pear_abas", "num": 77}], [78, {"ori": [], "gloss": [["..", "", ""], ["zin-na", "say-3SG.GEN", "說-3SG.屬格"], ["saiza", "maybe", "可能"], ["na==,\\", "GEN", "屬格"]], "free": [], "s_end": false, "iu_a_span": [111.72, 113.13], "meta": {"topic": "Pear story", "type": "Narrative", "language": "噶瑪蘭語, Kavalan, Xinshe (新社)", "speaker": "潘天利, Abas, male, 1933-03-22", "collected": "2003-04-19", "revised": "None", "video": "KavNr-pear_abas.mp3"}, "file": "Kavalan_Xinshe/KavNr-pear_abas", "num": 78}], [79, {"ori": [], "gloss": [["...", "", ""], ["lazat", "person", "人"], ["a", "LNK", "連詞"], ["yau,\\", "that", "那個"]], "free": [], "s_end": false, "iu_a_span": [113.13, 114.14], "meta": {"topic": "Pear story", "type": "Narrative", "language": "噶瑪蘭語, Kavalan, Xinshe (新社)", "speaker": "潘天利, Abas, male, 1933-03-22", "collected": "2003-04-19", "revised": "None", "video": "KavNr-pear_abas.mp3"}, "file": "Kavalan_Xinshe/KavNr-pear_abas", "num": 79}], [80, {"ori": [], "gloss": [["nawiz", "from", "從"], ["babaw,\\", "up", "上面"]], "free": [], "s_end": false, "iu_a_span": [114.14, 115.07], "meta": {"topic": "Pear story", "type": "Narrative", "language": "噶瑪蘭語, Kavalan, Xinshe (新社)", "speaker": "潘天利, Abas, male, 1933-03-22", "collected": "2003-04-19", "revised": "None", "video": "KavNr-pear_abas.mp3"}, "file": "Kavalan_Xinshe/KavNr-pear_abas", "num": 80}], [81, {"ori": [], "gloss": [["..", "", ""], ["m-qi-byabas", "AF-pick-guava", "主焦-採-芭樂"], ["nani,\\", "DM", "DM"]], "free": ["#e The person picking guavas up the tree was thinking.", "#c 從上面採芭樂的那個人想。"], "s_end": true, "iu_a_span": [115.07, 116.3], "meta": {"topic": "Pear story", "type": "Narrative", "language": "噶瑪蘭語, Kavalan, Xinshe (新社)", "speaker": "潘天利, Abas, male, 1933-03-22", "collected": "2003-04-19", "revised": "None", "video": "KavNr-pear_abas.mp3"}, "s_a_span": [111.72, 116.3], "file": "Kavalan_Xinshe/KavNr-pear_abas", "num": 81}], [82, {"ori": [], "gloss": [["...", "", ""], ["nayau", "that.way", "那樣"], ["a", "NOM", "主格"], ["lanas", "matter", "事情"], ["na,\\", "DM", "DM"]], "free": ["#e That thing.", "#c 那様的事情。"], "s_end": true, "iu_a_span": [116.3, 118.15], "meta": {"topic": "Pear story", "type": "Narrative", "language": "噶瑪蘭語, Kavalan, Xinshe (新社)", "speaker": "潘天利, Abas, male, 1933-03-22", "collected": "2003-04-19", "revised": "None", "video": "KavNr-pear_abas.mp3"}, "s_a_span": [116.3, 118.15], "file": "Kavalan_Xinshe/KavNr-pear_abas", "num": 82}], [83, {"ori": [], "gloss": [["...", "", ""], ["tu==,\\", "DM", "DM"]], "free": [], "s_end": false, "iu_a_span": [118.15, 119.02], "meta": {"topic": "Pear story", "type": "Narrative", "language": "噶瑪蘭語, Kavalan, Xinshe (新社)", "speaker": "潘天利, Abas, male, 1933-03-22", "collected": "2003-04-19", "revised": "None", "video": "KavNr-pear_abas.mp3"}, "file": "Kavalan_Xinshe/KavNr-pear_abas", "num": 83}], [84, {"ori": [], "gloss": [["...", "", ""], ["ma,\\", "FS", "FS"]], "free": [], "s_end": false, "iu_a_span": [119.02, 120.08], "meta": {"topic": "Pear story", "type": "Narrative", "language": "噶瑪蘭語, Kavalan, Xinshe (新社)", "speaker": "潘天利, Abas, male, 1933-03-22", "collected": "2003-04-19", "revised": "None", "video": "KavNr-pear_abas.mp3"}, "file": "Kavalan_Xinshe/KavNr-pear_abas", "num": 84}], [85, {"ori": [], "gloss": [["..", "", ""], ["m-diyas", "AF-hide", "主焦-躲"], ["nani,\\", "DM", "DM"]], "free": [], "s_end": false, "iu_a_span": [120.08, 121.13], "meta": {"topic": "Pear story", "type": "Narrative", "language": "噶瑪蘭語, Kavalan, Xinshe (新社)", "speaker": "潘天利, Abas, male, 1933-03-22", "collected": "2003-04-19", "revised": "None", "video": "KavNr-pear_abas.mp3"}, "file": "Kavalan_Xinshe/KavNr-pear_abas", "num": 85}], [86, {"ori": [], "gloss": [["..", "", ""], ["unay==,\\", "that", "那個"]], "free": [], "s_end": false, "iu_a_span": [121.13, 122.17], "meta": {"topic": "Pear story", "type": "Narrative", "language": "噶瑪蘭語, Kavalan, Xinshe (新社)", "speaker": "潘天利, Abas, male, 1933-03-22", "collected": "2003-04-19", "revised": "None", "video": "KavNr-pear_abas.mp3"}, "file": "Kavalan_Xinshe/KavNr-pear_abas", "num": 86}], [87, {"ori": [], "gloss": [["...", "", ""], ["sanpipiRas=ti", "limp=PFV", "跛=完成"], ["ya,\\", "NOM", "主格"]], "free": [], "s_end": false, "iu_a_span": [122.17, 123.64], "meta": {"topic": "Pear story", "type": "Narrative", "language": "噶瑪蘭語, Kavalan, Xinshe (新社)", "speaker": "潘天利, Abas, male, 1933-03-22", "collected": "2003-04-19", "revised": "None", "video": "KavNr-pear_abas.mp3"}, "file": "Kavalan_Xinshe/KavNr-pear_abas", "num": 87}], [88, {"ori": [], "gloss": [["..", "", ""], ["lazat", "person", "人"], ["a", "LNK", "連詞"], ["yau", "that", "那個"], ["a,\\", "PART", "語助詞"]], "free": [], "s_end": false, "iu_a_span": [123.64, 124.64], "meta": {"topic": "Pear story", "type": "Narrative", "language": "噶瑪蘭語, Kavalan, Xinshe (新社)", "speaker": "潘天利, Abas, male, 1933-03-22", "collected": "2003-04-19", "revised": "None", "video": "KavNr-pear_abas.mp3"}, "file": "Kavalan_Xinshe/KavNr-pear_abas", "num": 88}], [89, {"ori": [], "gloss": [["..", "", ""], ["maw", "FS", "FS"], ["m-suRaw,\\", "AF-fall", "主焦-跌倒"]], "free": ["#e The lame person fell.", "#c 那個人跛腳,跌倒。"], "s_end": true, "iu_a_span": [124.64, 125.79], "meta": {"topic": "Pear story", "type": "Narrative", "language": "噶瑪蘭語, Kavalan, Xinshe (新社)", "speaker": "潘天利, Abas, male, 1933-03-22", "collected": "2003-04-19", "revised": "None", "video": "KavNr-pear_abas.mp3"}, "s_a_span": [118.15, 125.79], "file": "Kavalan_Xinshe/KavNr-pear_abas", "num": 89}], [90, {"ori": [], "gloss": [["...", "", ""], ["e==,\\", "FIL", "FIL"]], "free": [], "s_end": false, "iu_a_span": [125.79, 127.29], "meta": {"topic": "Pear story", "type": "Narrative", "language": "噶瑪蘭語, Kavalan, Xinshe (新社)", "speaker": "潘天利, Abas, male, 1933-03-22", "collected": "2003-04-19", "revised": "None", "video": "KavNr-pear_abas.mp3"}, "file": "Kavalan_Xinshe/KavNr-pear_abas", "num": 90}], [91, {"ori": [], "gloss": [["..", "", ""], ["m==-,\\", "AF-", "主焦-"]], "free": [], "s_end": false, "iu_a_span": [127.29, 127.69], "meta": {"topic": "Pear story", "type": "Narrative", "language": "噶瑪蘭語, Kavalan, Xinshe (新社)", "speaker": "潘天利, Abas, male, 1933-03-22", "collected": "2003-04-19", "revised": "None", "video": "KavNr-pear_abas.mp3"}, "file": "Kavalan_Xinshe/KavNr-pear_abas", "num": 91}], [92, {"ori": [], "gloss": [["..", "", ""], ["qa-qaytun,\\", "ride-vehicle", "騎-車子"]], "free": [], "s_end": false, "iu_a_span": [127.69, 128.62], "meta": {"topic": "Pear story", "type": "Narrative", "language": "噶瑪蘭語, Kavalan, Xinshe (新社)", "speaker": "潘天利, Abas, male, 1933-03-22", "collected": "2003-04-19", "revised": "None", "video": "KavNr-pear_abas.mp3"}, "file": "Kavalan_Xinshe/KavNr-pear_abas", "num": 92}], [93, {"ori": [], "gloss": [["...", "", ""], ["m-ala", "AF-take", "主焦-拿"], ["ta", "LOC", "處格"], ["byabas", "guava", "芭樂"], ["a", "LNK", "連詞"], ["yau", "that", "那個"], ["nani,\\", "DM", "DM"]], "free": ["#e (He) rode the bike and took the guavas.", "#c (他)騎車子,拿芭樂。"], "s_end": true, "iu_a_span": [128.62, 130.63], "meta": {"topic": "Pear story", "type": "Narrative", "language": "噶瑪蘭語, Kavalan, Xinshe (新社)", "speaker": "潘天利, Abas, male, 1933-03-22", "collected": "2003-04-19", "revised": "None", "video": "KavNr-pear_abas.mp3"}, "s_a_span": [125.79, 130.63], "file": "Kavalan_Xinshe/KavNr-pear_abas", "num": 93}], [94, {"ori": [], "gloss": [["...", "", ""], ["oh,\\", "INT", "感嘆"]], "free": [], "s_end": false, "iu_a_span": [130.63, 131.37], "meta": {"topic": "Pear story", "type": "Narrative", "language": "噶瑪蘭語, Kavalan, Xinshe (新社)", "speaker": "潘天利, Abas, male, 1933-03-22", "collected": "2003-04-19", "revised": "None", "video": "KavNr-pear_abas.mp3"}, "file": "Kavalan_Xinshe/KavNr-pear_abas", "num": 94}], [95, {"ori": [], "gloss": [["..", "", ""], ["aisu", "2SG.NOM", "2SG.主格"], ["haw,\\", "PART", "語助詞"]], "free": [], "s_end": false, "iu_a_span": [131.37, 132.18], "meta": {"topic": "Pear story", "type": "Narrative", "language": "噶瑪蘭語, Kavalan, Xinshe (新社)", "speaker": "潘天利, Abas, male, 1933-03-22", "collected": "2003-04-19", "revised": "None", "video": "KavNr-pear_abas.mp3"}, "file": "Kavalan_Xinshe/KavNr-pear_abas", "num": 95}], [96, {"ori": [], "gloss": [["..", "", ""], ["ya==,\\", "FIL", "FIL"]], "free": [], "s_end": false, "iu_a_span": [132.18, 132.9], "meta": {"topic": "Pear story", "type": "Narrative", "language": "噶瑪蘭語, Kavalan, Xinshe (新社)", "speaker": "潘天利, Abas, male, 1933-03-22", "collected": "2003-04-19", "revised": "None", "video": "KavNr-pear_abas.mp3"}, "file": "Kavalan_Xinshe/KavNr-pear_abas", "num": 96}], [97, {"ori": [], "gloss": [["..", "", ""], ["m-ala", "AF-take", "主焦-拿"], ["tu,\\", "OBL", "斜格"]], "free": [], "s_end": false, "iu_a_span": [132.9, 134.09], "meta": {"topic": "Pear story", "type": "Narrative", "language": "噶瑪蘭語, Kavalan, Xinshe (新社)", "speaker": "潘天利, Abas, male, 1933-03-22", "collected": "2003-04-19", "revised": "None", "video": "KavNr-pear_abas.mp3"}, "file": "Kavalan_Xinshe/KavNr-pear_abas", "num": 97}], [98, {"ori": [], "gloss": [["...", "", ""], ["qena-ala-ku", "QENA-take-1SG.GEN", "QENA-拿-1SG.屬格"], ["tu", "OBL", "斜格"], ["byabas,\\", "guava", "芭樂"]], "free": ["#e Oh .. you took my guavas.", "#c 喔,你拿了我的芭樂。"], "s_end": true, "iu_a_span": [134.09, 135.97], "meta": {"topic": "Pear story", "type": "Narrative", "language": "噶瑪蘭語, Kavalan, Xinshe (新社)", "speaker": "潘天利, Abas, male, 1933-03-22", "collected": "2003-04-19", "revised": "None", "video": "KavNr-pear_abas.mp3"}, "s_a_span": [130.63, 135.97], "file": "Kavalan_Xinshe/KavNr-pear_abas", "num": 98}], [99, {"ori": [], "gloss": [["...", "", ""], ["zin-na", "say-3SG.GEN", "說-3SG.屬格"], ["na,\\", "GEN", "屬格"]], "free": [], "s_end": false, "iu_a_span": [135.97, 136.94], "meta": {"topic": "Pear story", "type": "Narrative", "language": "噶瑪蘭語, Kavalan, Xinshe (新社)", "speaker": "潘天利, Abas, male, 1933-03-22", "collected": "2003-04-19", "revised": "None", "video": "KavNr-pear_abas.mp3"}, "file": "Kavalan_Xinshe/KavNr-pear_abas", "num": 99}], [100, {"ori": [], "gloss": [["..", "", ""], ["lazat", "person", "人"], ["a", "LNK", "連詞"], ["yau", "that", "那個"], ["nani.\\", "DM", "DM"]], "free": ["#e The person said.", "#c 那個人說，"], "s_end": true, "iu_a_span": [136.94, 138.08], "meta": {"topic": "Pear story", "type": "Narrative", "language": "噶瑪蘭語, Kavalan, Xinshe (新社)", "speaker": "潘天利, Abas, male, 1933-03-22", "collected": "2003-04-19", "revised": "None", "video": "KavNr-pear_abas.mp3"}, "s_a_span": [135.97, 138.08], "file": "Kavalan_Xinshe/KavNr-pear_abas", "num": 100}], [101, {"ori": [], "gloss": [["...", "", ""], ["naRin,\\", "NEG", "否定"]], "free": [], "s_end": false, "iu_a_span": [138.08, 139.1], "meta": {"topic": "Pear story", "type": "Narrative", "language": "噶瑪蘭語, Kavalan, Xinshe (新社)", "speaker": "潘天利, Abas, male, 1933-03-22", "collected": "2003-04-19", "revised": "None", "video": "KavNr-pear_abas.mp3"}, "file": "Kavalan_Xinshe/KavNr-pear_abas", "num": 101}], [102, {"ori": [], "gloss": [["..", "", ""], ["mai=ti", "NEG=PFV", "否定=完成"], ["m-tayta", "AF-see", "主焦-看"], ["ya==,\\", "NOM", "主格"]], "free": [], "s_end": false, "iu_a_span": [139.1, 140.47], "meta": {"topic": "Pear story", "type": "Narrative", "language": "噶瑪蘭語, Kavalan, Xinshe (新社)", "speaker": "潘天利, Abas, male, 1933-03-22", "collected": "2003-04-19", "revised": "None", "video": "KavNr-pear_abas.mp3"}, "file": "Kavalan_Xinshe/KavNr-pear_abas", "num": 102}], [103, {"ori": [], "gloss": [["...", "", ""], ["qena-ala-an-na", "QENA-take-NMZ-3SG.GEN", "QENA-拿-名物化-3SG.屬格"], ["tu==,\\", "OBL", "斜格"]], "free": [], "s_end": false, "iu_a_span": [140.47, 141.9], "meta": {"topic": "Pear story", "type": "Narrative", "language": "噶瑪蘭語, Kavalan, Xinshe (新社)", "speaker": "潘天利, Abas, male, 1933-03-22", "collected": "2003-04-19", "revised": "None", "video": "KavNr-pear_abas.mp3"}, "file": "Kavalan_Xinshe/KavNr-pear_abas", "num": 103}], [104, {"ori": [], "gloss": [["..", "", ""], ["ni-qiRuziq-na", "PFV-steal-3SG.GEN", "完成-偷-3SG.屬格"], ["tu", "OBL", "斜格"], ["byabas", "guava", "芭樂"], ["a", "LNK", "連詞"], ["yau.\\", "that", "那個"]], "free": ["#e (He) didn’t see him steal the guavas.", "#c 沒有看到他在偷芭樂。"], "s_end": true, "iu_a_span": [141.9, 143.92], "meta": {"topic": "Pear story", "type": "Narrative", "language": "噶瑪蘭語, Kavalan, Xinshe (新社)", "speaker": "潘天利, Abas, male, 1933-03-22", "collected": "2003-04-19", "revised": "None", "video": "KavNr-pear_abas.mp3"}, "s_a_span": [138.08, 143.92], "file": "Kavalan_Xinshe/KavNr-pear_abas", "num": 104}], [105, {"ori": [], "gloss": [["...", "", ""], ["mai=ti", "NEG=PFV", "否定=完成"], ["m-tayta", "AF-see", "主焦-看"], ["ya==,\\", "NOM", "主格"]], "free": [], "s_end": false, "iu_a_span": [143.92, 145.63], "meta": {"topic": "Pear story", "type": "Narrative", "language": "噶瑪蘭語, Kavalan, Xinshe (新社)", "speaker": "潘天利, Abas, male, 1933-03-22", "collected": "2003-04-19", "revised": "None", "video": "KavNr-pear_abas.mp3"}, "file": "Kavalan_Xinshe/KavNr-pear_abas", "num": 105}], [106, {"ori": [], "gloss": [["...", "", ""], ["ya==,\\", "FIL", "FIL"]], "free": [], "s_end": false, "iu_a_span": [145.63, 147.52], "meta": {"topic": "Pear story", "type": "Narrative", "language": "噶瑪蘭語, Kavalan, Xinshe (新社)", "speaker": "潘天利, Abas, male, 1933-03-22", "collected": "2003-04-19", "revised": "None", "video": "KavNr-pear_abas.mp3"}, "file": "Kavalan_Xinshe/KavNr-pear_abas", "num": 106}], [107, {"ori": [], "gloss": [["..", "", ""], ["qanas", "basket", "簍"], ["a", "LNK", "連詞"], ["yau,\\", "that", "那個"]], "free": ["#e (He) didn’t see the basket.", "#c 沒有看到那簍"], "s_end": true, "iu_a_span": [147.52, 148.72], "meta": {"topic": "Pear story", "type": "Narrative", "language": "噶瑪蘭語, Kavalan, Xinshe (新社)", "speaker": "潘天利, Abas, male, 1933-03-22", "collected": "2003-04-19", "revised": "None", "video": "KavNr-pear_abas.mp3"}, "s_a_span": [143.92, 148.72], "file": "Kavalan_Xinshe/KavNr-pear_abas", "num": 107}], [108, {"ori": [], "gloss": [["...(0.7)", "", ""], ["ya==,\\", "FIL", "FIL"]], "free": [], "s_end": false, "iu_a_span": [148.72, 149.89], "meta": {"topic": "Pear story", "type": "Narrative", "language": "噶瑪蘭語, Kavalan, Xinshe (新社)", "speaker": "潘天利, Abas, male, 1933-03-22", "collected": "2003-04-19", "revised": "None", "video": "KavNr-pear_abas.mp3"}, "file": "Kavalan_Xinshe/KavNr-pear_abas", "num": 108}], [109, {"ori": [], "gloss": [["..", "", ""], ["ni-qiRuziq-na,\\", "PFV-steal-3SG.GEN", "完成-偷-3SG.屬格"]], "free": ["#e (It) was stolen.", "#c 被偷了。"], "s_end": true, "iu_a_span": [149.89, 151.05], "meta": {"topic": "Pear story", "type": "Narrative", "language": "噶瑪蘭語, Kavalan, Xinshe (新社)", "speaker": "潘天利, Abas, male, 1933-03-22", "collected": "2003-04-19", "revised": "None", "video": "KavNr-pear_abas.mp3"}, "s_a_span": [148.72, 151.05], "file": "Kavalan_Xinshe/KavNr-pear_abas", "num": 109}], [110, {"ori": [], "gloss": [["...", "", ""], ["nayau", "that.way", "那樣"], ["a==,\\", "NOM", "主格"]], "free": [], "s_end": false, "iu_a_span": [151.05, 152.45], "meta": {"topic": "Pear story", "type": "Narrative", "language": "噶瑪蘭語, Kavalan, Xinshe (新社)", "speaker": "潘天利, Abas, male, 1933-03-22", "collected": "2003-04-19", "revised": "None", "video": "KavNr-pear_abas.mp3"}, "file": "Kavalan_Xinshe/KavNr-pear_abas", "num": 110}], [111, {"ori": [], "gloss": [["...(0.7)", "", ""], ["ya", "NOM", "主格"], ["pakunku-an", "tell.story-NMZ", "講故事-名物化"], ["nayau.\\", "that.way", "那樣"]], "free": ["#e My story is like this.", "#c 我講的故事就是這樣。"], "s_end": true, "iu_a_span": [152.45, 154.84], "meta": {"topic": "Pear story", "type": "Narrative", "language": "噶瑪蘭語, Kavalan, Xinshe (新社)", "speaker": "潘天利, Abas, male, 1933-03-22", "collected": "2003-04-19", "revised": "None", "video": "KavNr-pear_abas.mp3"}, "s_a_span": [151.05, 154.84], "file": "Kavalan_Xinshe/KavNr-pear_abas", "num": 111}]], "meta": {"topic": "Pear story", "type": "Narrative", "language": "噶瑪蘭語, Kavalan, Xinshe (新社)", "speaker": "潘天利, Abas, male, 1933-03-22", "collected": "2003-04-19", "revised": "None", "video": "KavNr-pear_abas.mp3"}}