{"glosses": [[1, {"ori": [], "gloss": [["yao", "1SG.NOM", "1SG.主格"], ["'am", "FUT", "未來"], ["man-m-anabih", "RED-AF-say", "重疊-主焦-說"], ["koSa'en", "FIL", "FIL"], ["ka==,\\", "ACC", "受格"]], "free": [], "s_end": false, "iu_a_span": [0.006, 2.88], "meta": {"topic": "Molaw", "type": "Narrative", "language": "賽夏語, Saisiyat, Tong-he(東河)", "speaker": "", "collected": "2003-01-01", "revised": "2013-9-16", "video": "None"}, "file": "Saisiyat_Tong-he/None", "num": 1}], [2, {"ori": [], "gloss": [["..", "", ""], ["kakhayza'an,\\", "before", "從前"]], "free": [], "s_end": false, "iu_a_span": [2.88, 3.48], "meta": {"topic": "Molaw", "type": "Narrative", "language": "賽夏語, Saisiyat, Tong-he(東河)", "speaker": "", "collected": "2003-01-01", "revised": "2013-9-16", "video": "None"}, "file": "Saisiyat_Tong-he/None", "num": 2}], [3, {"ori": [], "gloss": [["..", "", ""], ["papnabih.\\", "tell.PFV", "告訴.完成"]], "free": ["#e I want to tell a story that has been told for generations.", "#c 我要講一講一個從前流傳的故事。"], "s_end": true, "iu_a_span": [3.48, 4.45], "meta": {"topic": "Molaw", "type": "Narrative", "language": "賽夏語, Saisiyat, Tong-he(東河)", "speaker": "", "collected": "2003-01-01", "revised": "2013-9-16", "video": "None"}, "s_a_span": [0.006, 4.45], "file": "Saisiyat_Tong-he/None", "num": 3}], [4, {"ori": [], "gloss": [["...(1.3)", "", ""], ["kakhayza'an", "before", "從前"], ["koSa'en", "FIL", "FIL"], ["ray", "LOC", "處格"], ["kawaS", "sky", "天空"], ["kamaSal,\\", "below", "下面"]], "free": [], "s_end": false, "iu_a_span": [4.45, 8.1], "meta": {"topic": "Molaw", "type": "Narrative", "language": "賽夏語, Saisiyat, Tong-he(東河)", "speaker": "", "collected": "2003-01-01", "revised": "2013-9-16", "video": "None"}, "file": "Saisiyat_Tong-he/None", "num": 4}], [5, {"ori": [], "gloss": [["...", "", ""], ["'oka'", "NEG", "沒有"], ["ka", "NOM", "主格"], ["mae'iyaeh.\\", "person", "人"]], "free": ["#e Long time ago, there were no human beings under the sky (i.e. on earth).", "#c 從前在地球上沒有人類。"], "s_end": true, "iu_a_span": [8.1, 9.66], "meta": {"topic": "Molaw", "type": "Narrative", "language": "賽夏語, Saisiyat, Tong-he(東河)", "speaker": "", "collected": "2003-01-01", "revised": "2013-9-16", "video": "None"}, "s_a_span": [4.45, 9.66], "file": "Saisiyat_Tong-he/None", "num": 5}], [6, {"ori": [], "gloss": [["...(1.3)", "", ""], ["hiza==", "FIL", "FIL"], ["hayza'", "EXIST", "存在"], ["ila", "PFV", "完成"], ["koSa'en", "FIL", "FIL"], ["ka", "NOM", "主格"], ["SaiSiyat.\\", "PN", "賽夏人"]], "free": ["#e There existed SaiSiyat people.", "#c 那個......有了賽夏人。"], "s_end": true, "iu_a_span": [9.66, 12.9], "meta": {"topic": "Molaw", "type": "Narrative", "language": "賽夏語, Saisiyat, Tong-he(東河)", "speaker": "", "collected": "2003-01-01", "revised": "2013-9-16", "video": "None"}, "s_a_span": [9.66, 12.9], "file": "Saisiyat_Tong-he/None", "num": 6}], [7, {"ori": [], "gloss": [["...(1.7)", "", ""], ["SaiSiyat", "PN", "賽夏人"], ["hayza'", "EXIST", "存在"], ["ila", "PFV", "完成"], ["lasia", "3PL.NOM", "3PL.主格"], ["So:\\", "COND", "條件詞"]], "free": ["#e There were SaiSiyats.", "#c 有了賽夏人他們。"], "s_end": true, "iu_a_span": [12.9, 16.29], "meta": {"topic": "Molaw", "type": "Narrative", "language": "賽夏語, Saisiyat, Tong-he(東河)", "speaker": "", "collected": "2003-01-01", "revised": "2013-9-16", "video": "None"}, "s_a_span": [12.9, 16.29], "file": "Saisiyat_Tong-he/None", "num": 7}], [8, {"ori": [], "gloss": [["..", "", ""], ["'i'iyaeh", "live", "活"], ["o==,_", "INT", "感嘆"]], "free": [], "s_end": false, "iu_a_span": [16.29, 18.13], "meta": {"topic": "Molaw", "type": "Narrative", "language": "賽夏語, Saisiyat, Tong-he(東河)", "speaker": "", "collected": "2003-01-01", "revised": "2013-9-16", "video": "None"}, "file": "Saisiyat_Tong-he/None", "num": 8}], [9, {"ori": [], "gloss": [["..", "", ""], ["tatini'", "grow.old", "變老"], ["ila", "PFV", "完成"], ["nanaw,\\", "still", "還"]], "free": [], "s_end": false, "iu_a_span": [18.13, 19.42], "meta": {"topic": "Molaw", "type": "Narrative", "language": "賽夏語, Saisiyat, Tong-he(東河)", "speaker": "", "collected": "2003-01-01", "revised": "2013-9-16", "video": "None"}, "file": "Saisiyat_Tong-he/None", "num": 9}], [10, {"ori": [], "gloss": [["...(0.7)", "", ""], ["koSa:", "say.AF", "說.主焦"], ["'am", "FUT", "未來"], ["masay", "die.AF", "死.主焦"], ["ila,\\", "PFV", "完成"]], "free": [], "s_end": false, "iu_a_span": [19.42, 21.41], "meta": {"topic": "Molaw", "type": "Narrative", "language": "賽夏語, Saisiyat, Tong-he(東河)", "speaker": "", "collected": "2003-01-01", "revised": "2013-9-16", "video": "None"}, "file": "Saisiyat_Tong-he/None", "num": 10}], [11, {"ori": [], "gloss": [["..", "", ""], ["m-o==law", "AF-molt", "主焦-蛻皮"], ["ila", "PFV", "完成"], ["naehaen,\\", "still", "又"]], "free": [], "s_end": false, "iu_a_span": [21.41, 22.76], "meta": {"topic": "Molaw", "type": "Narrative", "language": "賽夏語, Saisiyat, Tong-he(東河)", "speaker": "", "collected": "2003-01-01", "revised": "2013-9-16", "video": "None"}, "file": "Saisiyat_Tong-he/None", "num": 11}], [12, {"ori": [], "gloss": [["...(0.9)", "", ""], ["m-olaw", "AF-molt", "主焦-蛻皮"], ["ila,\\", "PFV", "完成"]], "free": [], "s_end": false, "iu_a_span": [22.76, 24.38], "meta": {"topic": "Molaw", "type": "Narrative", "language": "賽夏語, Saisiyat, Tong-he(東河)", "speaker": "", "collected": "2003-01-01", "revised": "2013-9-16", "video": "None"}, "file": "Saisiyat_Tong-he/None", "num": 12}], [13, {"ori": [], "gloss": [["...", "", ""], ["so:", "COND", "條件詞"], ["m-olaw", "AF-molt", "主焦-蛻皮"], ["kita'en", "see-PF", "看到-受焦"], ["ma'", "also", "也"], ["'al'alak", "young", "年輕"], ["ila", "PFV", "完成"], ["naehaen._", "again", "又"]], "free": ["#e It was said that when SaiSiyat people grew old, the time (they) were about to die, they molted and became young again.", "#c 據說賽夏人如果一直活到老，到了要死掉的時候，蛻了一層皮之後，又會變年輕了。"], "s_end": true, "iu_a_span": [24.38, 27.11], "meta": {"topic": "Molaw", "type": "Narrative", "language": "賽夏語, Saisiyat, Tong-he(東河)", "speaker": "", "collected": "2003-01-01", "revised": "2013-9-16", "video": "None"}, "s_a_span": [16.29, 27.11], "file": "Saisiyat_Tong-he/None", "num": 13}], [14, {"ori": [], "gloss": [["...(1.1)", "", ""], ["ka", "FIL", "FIL"], ["koSa'en,_", "FIL", "FIL"]], "free": [], "s_end": false, "iu_a_span": [27.11, 28.76], "meta": {"topic": "Molaw", "type": "Narrative", "language": "賽夏語, Saisiyat, Tong-he(東河)", "speaker": "", "collected": "2003-01-01", "revised": "2013-9-16", "video": "None"}, "file": "Saisiyat_Tong-he/None", "num": 14}], [15, {"ori": [], "gloss": [["...", "", ""], ["m--", "FS", "FS"], ["a==,_", "FS", "FS"]], "free": [], "s_end": false, "iu_a_span": [28.76, 29.48], "meta": {"topic": "Molaw", "type": "Narrative", "language": "賽夏語, Saisiyat, Tong-he(東河)", "speaker": "", "collected": "2003-01-01", "revised": "2013-9-16", "video": "None"}, "file": "Saisiyat_Tong-he/None", "num": 15}], [16, {"ori": [], "gloss": [["..", "", ""], ["kakhayza'an", "before", "以前"], ["nak'isaa", "like.that", "像這樣"], ["kapnabih.\\", "say.AF", "說.主焦"]], "free": ["#e The story goes like this.", "#c 以前的故事是那個樣子講的。"], "s_end": true, "iu_a_span": [29.48, 31.16], "meta": {"topic": "Molaw", "type": "Narrative", "language": "賽夏語, Saisiyat, Tong-he(東河)", "speaker": "", "collected": "2003-01-01", "revised": "2013-9-16", "video": "None"}, "s_a_span": [27.11, 31.16], "file": "Saisiyat_Tong-he/None", "num": 16}], [17, {"ori": [], "gloss": [["...(1.5)", "", ""], ["So:==,_", "COND", "條件詞"]], "free": [], "s_end": false, "iu_a_span": [31.16, 34.11], "meta": {"topic": "Molaw", "type": "Narrative", "language": "賽夏語, Saisiyat, Tong-he(東河)", "speaker": "", "collected": "2003-01-01", "revised": "2013-9-16", "video": "None"}, "file": "Saisiyat_Tong-he/None", "num": 17}], [18, {"ori": [], "gloss": [["...", "", ""], ["haebae:aen", "many", "多"], ["ila", "PFV", "完成"], ["nanaw", "still", "還"], ["ma'", "also", "也"], ["hinghae'", "same", "相同"], ["nak'isaa", "like.that", "像那樣"], ["o:\\", "INT", "感嘆"]], "free": [], "s_end": false, "iu_a_span": [34.11, 36.57], "meta": {"topic": "Molaw", "type": "Narrative", "language": "賽夏語, Saisiyat, Tong-he(東河)", "speaker": "", "collected": "2003-01-01", "revised": "2013-9-16", "video": "None"}, "file": "Saisiyat_Tong-he/None", "num": 18}], [19, {"ori": [], "gloss": [["...", "", ""], ["hiza", "that", "那個"], ["'aehae'", "one", "一"], ["ha--", "FS", "FS"], ["hahila", "day", "日"], ["'aehae'", "one", "一"], ["hahila", "day", "日"], ["hoN,\\", "DM", "DM"]], "free": [], "s_end": false, "iu_a_span": [36.57, 38.99], "meta": {"topic": "Molaw", "type": "Narrative", "language": "賽夏語, Saisiyat, Tong-he(東河)", "speaker": "", "collected": "2003-01-01", "revised": "2013-9-16", "video": "None"}, "file": "Saisiyat_Tong-he/None", "num": 19}], [20, {"ori": [], "gloss": [["...(0.8)", "", ""], ["tatini'", "old.man", "老年"], ["'am", "FUT", "未來"], ["m-olaw", "AF-molt", "主焦.蛻皮"], ["ila.\\", "PFV", "完成"]], "free": ["#e It was like that for a long time; they grow old and molt.", "#c 再多的都一樣，到老的那一天，就會蛻皮。"], "s_end": true, "iu_a_span": [38.99, 41.61], "meta": {"topic": "Molaw", "type": "Narrative", "language": "賽夏語, Saisiyat, Tong-he(東河)", "speaker": "", "collected": "2003-01-01", "revised": "2013-9-16", "video": "None"}, "s_a_span": [31.16, 41.61], "file": "Saisiyat_Tong-he/None", "num": 20}], [21, {"ori": [], "gloss": [["...", "", ""], ["koSa'en", "DM", "DM"], ["m-olaw", "AF-molt", "主焦-蛻皮"], ["'isaa,\\", "FIL", "FIL"]], "free": [], "s_end": false, "iu_a_span": [41.61, 43.48], "meta": {"topic": "Molaw", "type": "Narrative", "language": "賽夏語, Saisiyat, Tong-he(東河)", "speaker": "", "collected": "2003-01-01", "revised": "2013-9-16", "video": "None"}, "file": "Saisiyat_Tong-he/None", "num": 21}], [22, {"ori": [], "gloss": [["...", "", ""], ["hoepay", "tiring.AF", "累.主焦"], ["'atomalan,\\", "very", "相當"]], "free": [], "s_end": false, "iu_a_span": [43.48, 44.95], "meta": {"topic": "Molaw", "type": "Narrative", "language": "賽夏語, Saisiyat, Tong-he(東河)", "speaker": "", "collected": "2003-01-01", "revised": "2013-9-16", "video": "None"}, "file": "Saisiyat_Tong-he/None", "num": 22}], [23, {"ori": [], "gloss": [["...", "", ""], ["o==", "INT", "感嘆"], ["hoenaehnge:", "long.time.AF", "久.主焦"], ["'oyae.\\", "also", "也"]], "free": ["#e Molting was tiring and took a lot of time.", "#c 說到那個蛻皮，相當累人，也相當花時間。"], "s_end": true, "iu_a_span": [44.95, 47.05], "meta": {"topic": "Molaw", "type": "Narrative", "language": "賽夏語, Saisiyat, Tong-he(東河)", "speaker": "", "collected": "2003-01-01", "revised": "2013-9-16", "video": "None"}, "s_a_span": [41.61, 47.05], "file": "Saisiyat_Tong-he/None", "num": 23}], [24, {"ori": [], "gloss": [["...", "", ""], ["hiza", "FIL", "那個"], ["tatini'", "grow.old", "老"], ["ila,_", "PFV", "完成"]], "free": [], "s_end": false, "iu_a_span": [47.05, 48.74], "meta": {"topic": "Molaw", "type": "Narrative", "language": "賽夏語, Saisiyat, Tong-he(東河)", "speaker": "", "collected": "2003-01-01", "revised": "2013-9-16", "video": "None"}, "file": "Saisiyat_Tong-he/None", "num": 24}], [25, {"ori": [], "gloss": [["..", "", ""], ["m-olaw", "AF-molt", "主焦-蛻皮"], ["ka", "ACC", "受格"], ["bangeS,\\", "skin", "皮膚"]], "free": [], "s_end": false, "iu_a_span": [48.74, 49.9], "meta": {"topic": "Molaw", "type": "Narrative", "language": "賽夏語, Saisiyat, Tong-he(東河)", "speaker": "", "collected": "2003-01-01", "revised": "2013-9-16", "video": "None"}, "file": "Saisiyat_Tong-he/None", "num": 25}], [26, {"ori": [], "gloss": [["..", "", ""], ["minayhael,\\", "next.generation", "子孫"]], "free": ["#n minayhael (<MIN-sibling) Minayhael o minayhael ka korkoring 一代又一代的子子孫孫 Note: minayhael (<MIN-sibling) Minayhael o minayhael ka korkoring: generation after generation", "#n minayhael (&lt;MIN-sibling) Minayhael o minayhael ka korkoring 一代又一代的子子孫孫 Note: minayhael (&lt;MIN-sibling) Minayhael o minayhael ka korkoring: generation after generation"], "s_end": false, "iu_a_span": [49.9, 50.63], "meta": {"topic": "Molaw", "type": "Narrative", "language": "賽夏語, Saisiyat, Tong-he(東河)", "speaker": "", "collected": "2003-01-01", "revised": "2013-9-16", "video": "None"}, "file": "Saisiyat_Tong-he/None", "num": 26}], [27, {"ori": [], "gloss": [["...", "", ""], ["'am==,_", "FUT", "未來"]], "free": [], "s_end": false, "iu_a_span": [50.63, 51.25], "meta": {"topic": "Molaw", "type": "Narrative", "language": "賽夏語, Saisiyat, Tong-he(東河)", "speaker": "", "collected": "2003-01-01", "revised": "2013-9-16", "video": "None"}, "file": "Saisiyat_Tong-he/None", "num": 27}], [28, {"ori": [], "gloss": [["...(1.0)", "", ""], ["'am", "FUT", "未來"], ["'al'alak", "young", "年輕"], ["naehaen.\\", "again", "又"]], "free": ["#e They would grow old and their skin would molt for generations.", "#c 這樣一代又一代，他們老了蛻皮又變年輕了。"], "s_end": true, "iu_a_span": [51.25, 53.49], "meta": {"topic": "Molaw", "type": "Narrative", "language": "賽夏語, Saisiyat, Tong-he(東河)", "speaker": "", "collected": "2003-01-01", "revised": "2013-9-16", "video": "None"}, "s_a_span": [47.05, 53.49], "file": "Saisiyat_Tong-he/None", "num": 28}], [29, {"ori": [], "gloss": [["...", "", ""], ["hoe==pay,_", "be.tired.AF", "累.主焦"]], "free": [], "s_end": false, "iu_a_span": [53.49, 54.82], "meta": {"topic": "Molaw", "type": "Narrative", "language": "賽夏語, Saisiyat, Tong-he(東河)", "speaker": "", "collected": "2003-01-01", "revised": "2013-9-16", "video": "None"}, "file": "Saisiyat_Tong-he/None", "num": 29}], [30, {"ori": [], "gloss": [["...", "", ""], ["o:", "INT", "感嘆"], ["biSbiS", "painful.AF", "痛苦.主焦"], ["'atomalan,\\", "very", "非常"]], "free": [], "s_end": false, "iu_a_span": [54.82, 56.58], "meta": {"topic": "Molaw", "type": "Narrative", "language": "賽夏語, Saisiyat, Tong-he(東河)", "speaker": "", "collected": "2003-01-01", "revised": "2013-9-16", "video": "None"}, "file": "Saisiyat_Tong-he/None", "num": 30}], [31, {"ori": [], "gloss": [["...(0.7)", "", ""], ["hinghae'", "same", "相同"], ["ki", "and", "與"], ["Sibai'", "snake", "蛇"], ["hara", "like", "像"], ["haysani", "now", "現在"], ["Sibai'._", "snake", "蛇"]], "free": ["#e It was very tiring and painful, just like a snake molting.", "#c 非常的累又非常的痛苦，就跟蛇一樣，像現在的蛇一樣。"], "s_end": true, "iu_a_span": [56.58, 59.5], "meta": {"topic": "Molaw", "type": "Narrative", "language": "賽夏語, Saisiyat, Tong-he(東河)", "speaker": "", "collected": "2003-01-01", "revised": "2013-9-16", "video": "None"}, "s_a_span": [53.49, 59.5], "file": "Saisiyat_Tong-he/None", "num": 31}], [32, {"ori": [], "gloss": [["..", "", ""], ["So:", "COND", "條件詞"], ["m-o==law", "AF-molt", "主焦-蛻皮"], ["kita'-en", "see-PF", "看-受焦"], ["ma',\\", "also", "也"]], "free": [], "s_end": false, "iu_a_span": [59.5, 61.33], "meta": {"topic": "Molaw", "type": "Narrative", "language": "賽夏語, Saisiyat, Tong-he(東河)", "speaker": "", "collected": "2003-01-01", "revised": "2013-9-16", "video": "None"}, "file": "Saisiyat_Tong-he/None", "num": 32}], [33, {"ori": [], "gloss": [["...", "", ""], ["a==", "FIL", "FIL"], ["Sa'So", "new", "新"], ["ila", "PFV", "完成"], ["o:_", "INT", "感嘆"]], "free": ["#e It felt like being re-born after molting.", "#c 如果蛻了一層皮，看起來就跟新（年輕）的一樣。"], "s_end": true, "iu_a_span": [61.33, 62.93], "meta": {"topic": "Molaw", "type": "Narrative", "language": "賽夏語, Saisiyat, Tong-he(東河)", "speaker": "", "collected": "2003-01-01", "revised": "2013-9-16", "video": "None"}, "s_a_span": [59.5, 62.93], "file": "Saisiyat_Tong-he/None", "num": 33}], [34, {"ori": [], "gloss": [["...(1.2)", "", ""], ["a==,_", "FIL", "FIL"]], "free": [], "s_end": false, "iu_a_span": [62.93, 64.47], "meta": {"topic": "Molaw", "type": "Narrative", "language": "賽夏語, Saisiyat, Tong-he(東河)", "speaker": "", "collected": "2003-01-01", "revised": "2013-9-16", "video": "None"}, "file": "Saisiyat_Tong-he/None", "num": 34}], [35, {"ori": [], "gloss": [["...(1.2)", "", ""], ["sobae:oeh", "grow.up.AF", "長大.主焦"], ["ila", "PFV", "完成"], ["sowiti'._", "bit", "一點點"]], "free": ["#e (They) grew up a little.", "#c （他們）長大了一點點。", "#n sisobae:oeh noka korkoring 小孩子被養大 The child was raised (to grown-up); sobsobae:oeh每一個人都長高 everybody's  growing (so tall); sasobae:oeh 互相長 to grow on each other"], "s_end": true, "iu_a_span": [64.47, 66.79], "meta": {"topic": "Molaw", "type": "Narrative", "language": "賽夏語, Saisiyat, Tong-he(東河)", "speaker": "", "collected": "2003-01-01", "revised": "2013-9-16", "video": "None"}, "s_a_span": [62.93, 66.79], "file": "Saisiyat_Tong-he/None", "num": 35}], [36, {"ori": [], "gloss": [["...", "", ""], ["nak'isaa,\\", "like.that", "像那樣"]], "free": [], "s_end": false, "iu_a_span": [66.79, 67.71], "meta": {"topic": "Molaw", "type": "Narrative", "language": "賽夏語, Saisiyat, Tong-he(東河)", "speaker": "", "collected": "2003-01-01", "revised": "2013-9-16", "video": "None"}, "file": "Saisiyat_Tong-he/None", "num": 36}], [37, {"ori": [], "gloss": [["...", "", ""], ["hayza'", "EXIST", "存在"], ["'aehae'", "one", "一"], ["hahila,\\", "day", "日"]], "free": [], "s_end": false, "iu_a_span": [67.71, 69.27], "meta": {"topic": "Molaw", "type": "Narrative", "language": "賽夏語, Saisiyat, Tong-he(東河)", "speaker": "", "collected": "2003-01-01", "revised": "2013-9-16", "video": "None"}, "file": "Saisiyat_Tong-he/None", "num": 37}], [38, {"ori": [], "gloss": [["...(0.8)", "", ""], ["'inaray", "from", "從"], ["babih,_", "another.place", "別處"]], "free": [], "s_end": false, "iu_a_span": [69.27, 70.99], "meta": {"topic": "Molaw", "type": "Narrative", "language": "賽夏語, Saisiyat, Tong-he(東河)", "speaker": "", "collected": "2003-01-01", "revised": "2013-9-16", "video": "None"}, "file": "Saisiyat_Tong-he/None", "num": 38}], [39, {"ori": [], "gloss": [["..", "", ""], ["'ima,_", "PROG", "進行"]], "free": [], "s_end": false, "iu_a_span": [70.99, 71.47], "meta": {"topic": "Molaw", "type": "Narrative", "language": "賽夏語, Saisiyat, Tong-he(東河)", "speaker": "", "collected": "2003-01-01", "revised": "2013-9-16", "video": "None"}, "file": "Saisiyat_Tong-he/None", "num": 39}], [40, {"ori": [], "gloss": [["...(1.6)", "", ""], ["samiyan", "god", "神明"], ["a==", "FIL", "FIL"], ["kano'", "what", "什麼"], ["kita'.\\", "see.AF", "看.主焦"]], "free": ["#e Then one day there appeared a god from another place.", "#c 有一天，有一個不知道是神還是什麼的從別處來。"], "s_end": true, "iu_a_span": [71.47, 74.78], "meta": {"topic": "Molaw", "type": "Narrative", "language": "賽夏語, Saisiyat, Tong-he(東河)", "speaker": "", "collected": "2003-01-01", "revised": "2013-9-16", "video": "None"}, "s_a_span": [66.79, 74.78], "file": "Saisiyat_Tong-he/None", "num": 40}], [41, {"ori": [], "gloss": [["..", "", ""], ["si-'olaw,\\", "RF-molt", "指焦-蛻皮"]], "free": [], "s_end": false, "iu_a_span": [74.78, 75.67], "meta": {"topic": "Molaw", "type": "Narrative", "language": "賽夏語, Saisiyat, Tong-he(東河)", "speaker": "", "collected": "2003-01-01", "revised": "2013-9-16", "video": "None"}, "file": "Saisiyat_Tong-he/None", "num": 41}], [42, {"ori": [], "gloss": [["..", "", ""], ["ka", "FS", "FS"], ["noka,\\", "GEN", "屬格"]], "free": [], "s_end": false, "iu_a_span": [75.67, 76.49], "meta": {"topic": "Molaw", "type": "Narrative", "language": "賽夏語, Saisiyat, Tong-he(東河)", "speaker": "", "collected": "2003-01-01", "revised": "2013-9-16", "video": "None"}, "file": "Saisiyat_Tong-he/None", "num": 42}], [43, {"ori": [], "gloss": [["..", "", ""], ["SaySiyat,\\", "PN", "賽夏人"]], "free": [], "s_end": false, "iu_a_span": [76.49, 77.06], "meta": {"topic": "Molaw", "type": "Narrative", "language": "賽夏語, Saisiyat, Tong-he(東河)", "speaker": "", "collected": "2003-01-01", "revised": "2013-9-16", "video": "None"}, "file": "Saisiyat_Tong-he/None", "num": 43}], [44, {"ori": [], "gloss": [["...(1.3)", "", ""], ["singozaw-en", "ask-PF", "問-受焦"], ["sa", "DM", "DM"], ["koSa'-en,\\", "say-PF", "說-受焦"]], "free": [], "s_end": false, "iu_a_span": [77.06, 79.43], "meta": {"topic": "Molaw", "type": "Narrative", "language": "賽夏語, Saisiyat, Tong-he(東河)", "speaker": "", "collected": "2003-01-01", "revised": "2013-9-16", "video": "None"}, "file": "Saisiyat_Tong-he/None", "num": 44}], [45, {"ori": [], "gloss": [["..", "", ""], ["So'o", "2SG.NOM", "2SG.主格"], ["nakhiza", "like.that", "像那樣"], ["m-olaw.\\", "AF-molt", "主焦-蛻皮"]], "free": ["#e Seeing a SaiSiyat molting, he asked the SaiSiyat about his molting.", "#c 看到了正在蛻皮的（賽夏人）他問賽夏人有關蛻皮的事。"], "s_end": true, "iu_a_span": [79.43, 81.11], "meta": {"topic": "Molaw", "type": "Narrative", "language": "賽夏語, Saisiyat, Tong-he(東河)", "speaker": "", "collected": "2003-01-01", "revised": "2013-9-16", "video": "None"}, "s_a_span": [74.78, 81.11], "file": "Saisiyat_Tong-he/None", "num": 45}], [46, {"ori": [], "gloss": [["...", "", ""], ["koza'", "what", "多少"], ["kin", "very", "很"], ["hoepay,\\", "tired", "累"]], "free": [], "s_end": false, "iu_a_span": [81.11, 82.63], "meta": {"topic": "Molaw", "type": "Narrative", "language": "賽夏語, Saisiyat, Tong-he(東河)", "speaker": "", "collected": "2003-01-01", "revised": "2013-9-16", "video": "None"}, "file": "Saisiyat_Tong-he/None", "num": 46}], [47, {"ori": [], "gloss": [["..", "", ""], ["hoepay", "be.tired.AF", "累.主焦"], ["'atomal,\\", "very", "相當"]], "free": [], "s_end": false, "iu_a_span": [82.63, 83.46], "meta": {"topic": "Molaw", "type": "Narrative", "language": "賽夏語, Saisiyat, Tong-he(東河)", "speaker": "", "collected": "2003-01-01", "revised": "2013-9-16", "video": "None"}, "file": "Saisiyat_Tong-he/None", "num": 47}], [48, {"ori": [], "gloss": [["...", "", ""], ["o:", "INT", "感嘆"], ["bisbis", "be.painful.AF", "痛.主焦"], ["'atomal,\\", "very", "非常"]], "free": [], "s_end": false, "iu_a_span": [83.46, 85.21], "meta": {"topic": "Molaw", "type": "Narrative", "language": "賽夏語, Saisiyat, Tong-he(東河)", "speaker": "", "collected": "2003-01-01", "revised": "2013-9-16", "video": "None"}, "file": "Saisiyat_Tong-he/None", "num": 48}], [49, {"ori": [], "gloss": [["...", "", ""], ["o:", "INT", "感嘆"], ["ma'", "also", "也"], ["honahnge:", "long.time.AF", "久.主焦"], ["'atomalan.\\", "very", "非常"]], "free": ["#e Molting was tiring and painful, and the process lasted for a long time.", "#c 蛻皮非常累，非常痛也非常久。"], "s_end": true, "iu_a_span": [85.21, 87.29], "meta": {"topic": "Molaw", "type": "Narrative", "language": "賽夏語, Saisiyat, Tong-he(東河)", "speaker": "", "collected": "2003-01-01", "revised": "2013-9-16", "video": "None"}, "s_a_span": [81.11, 87.29], "file": "Saisiyat_Tong-he/None", "num": 49}], [50, {"ori": [], "gloss": [["...(1.6)", "", ""], ["moyo", "2PL.NOM", "2PL.主格"], ["nakhiza==,\\", "like.that", "像那樣"]], "free": [], "s_end": false, "iu_a_span": [87.29, 89.99], "meta": {"topic": "Molaw", "type": "Narrative", "language": "賽夏語, Saisiyat, Tong-he(東河)", "speaker": "", "collected": "2003-01-01", "revised": "2013-9-16", "video": "None"}, "file": "Saisiyat_Tong-he/None", "num": 50}], [51, {"ori": [], "gloss": [["..", "", ""], ["kin", "very", "非常"], ["hoepay,\\", "be.tiring.AF", "累.主焦"]], "free": [], "s_end": false, "iu_a_span": [89.99, 91.02], "meta": {"topic": "Molaw", "type": "Narrative", "language": "賽夏語, Saisiyat, Tong-he(東河)", "speaker": "", "collected": "2003-01-01", "revised": "2013-9-16", "video": "None"}, "file": "Saisiyat_Tong-he/None", "num": 51}], [52, {"ori": [], "gloss": [["...", "", ""], ["naw,_", "COND", "條件詞"]], "free": [], "s_end": false, "iu_a_span": [91.02, 91.91], "meta": {"topic": "Molaw", "type": "Narrative", "language": "賽夏語, Saisiyat, Tong-he(東河)", "speaker": "", "collected": "2003-01-01", "revised": "2013-9-16", "video": "None"}, "file": "Saisiyat_Tong-he/None", "num": 52}], [53, {"ori": [], "gloss": [["...(1.3)", "", ""], ["'oki==k,\\", "NEG", "否定"]], "free": [], "s_end": false, "iu_a_span": [91.91, 93.75], "meta": {"topic": "Molaw", "type": "Narrative", "language": "賽夏語, Saisiyat, Tong-he(東河)", "speaker": "", "collected": "2003-01-01", "revised": "2013-9-16", "video": "None"}, "file": "Saisiyat_Tong-he/None", "num": 53}], [54, {"ori": [], "gloss": [["..", "", ""], ["olaw==,_", "molt.AF", "蛻皮.主焦"]], "free": [], "s_end": false, "iu_a_span": [93.75, 94.62], "meta": {"topic": "Molaw", "type": "Narrative", "language": "賽夏語, Saisiyat, Tong-he(東河)", "speaker": "", "collected": "2003-01-01", "revised": "2013-9-16", "video": "None"}, "file": "Saisiyat_Tong-he/None", "num": 54}], [55, {"ori": [], "gloss": [["...", "", ""], ["masay,\\", "die.AF", "死.主焦"]], "free": [], "s_end": false, "iu_a_span": [94.62, 95.9], "meta": {"topic": "Molaw", "type": "Narrative", "language": "賽夏語, Saisiyat, Tong-he(東河)", "speaker": "", "collected": "2003-01-01", "revised": "2013-9-16", "video": "None"}, "file": "Saisiyat_Tong-he/None", "num": 55}], [56, {"ori": [], "gloss": [["...(1.2)", "", ""], ["So:", "COND", "條件詞"], ["masay", "die.AF", "死.主焦"], ["ila", "PFV", "完成"], ["ma'", "also", "也"], ["'oka'", "NEG", "否定"], ["ila", "PFV", "完成"], ["i:", "i:", "i:"], ["bisbis", "pain", "痛"], ["'oka'", "NEG", "否定"], ["ila,\\", "PFV", "完成"]], "free": [], "s_end": false, "iu_a_span": [95.9, 99.52], "meta": {"topic": "Molaw", "type": "Narrative", "language": "賽夏語, Saisiyat, Tong-he(東河)", "speaker": "", "collected": "2003-01-01", "revised": "2013-9-16", "video": "None"}, "file": "Saisiyat_Tong-he/None", "num": 56}], [57, {"ori": [], "gloss": [["..", "", ""], ["'okik", "NEG", "否定"], ["ra:am", "know.AF", "知道.主焦"], ["ka", "ACC", "受格"], ["kin", "very", "非常"], ["hoepay.\\", "be.tiring.AF", "累.主焦"]], "free": ["#e If they didn't molt, they died. If they died, they wouldn't know the pain. They wouldn't know the tiring.", "#c 如果他們不蛻皮，他們會死。如果死了，就不會知道痛，（也）不知道累。"], "s_end": true, "iu_a_span": [99.52, 101.07], "meta": {"topic": "Molaw", "type": "Narrative", "language": "賽夏語, Saisiyat, Tong-he(東河)", "speaker": "", "collected": "2003-01-01", "revised": "2013-9-16", "video": "None"}, "s_a_span": [87.29, 101.07], "file": "Saisiyat_Tong-he/None", "num": 57}], [58, {"ori": [], "gloss": [["...", "", ""], ["'isaa", "that", "那"], ["roSa'", "two", "兩"], ["'am", "FUT", "未來"], ["hayno'", "which", "哪一個"], ["kayzaeh.\\", "good.AG", "好.主焦"]], "free": ["#e Which of the two is better?", "#c 那兩個，哪一個好？"], "s_end": true, "iu_a_span": [101.07, 103.22], "meta": {"topic": "Molaw", "type": "Narrative", "language": "賽夏語, Saisiyat, Tong-he(東河)", "speaker": "", "collected": "2003-01-01", "revised": "2013-9-16", "video": "None"}, "s_a_span": [101.07, 103.22], "file": "Saisiyat_Tong-he/None", "num": 58}], [59, {"ori": [], "gloss": [["...(0.7)", "", ""], ["'isahiza,\\", "that", "那個"]], "free": [], "s_end": false, "iu_a_span": [103.22, 104.48], "meta": {"topic": "Molaw", "type": "Narrative", "language": "賽夏語, Saisiyat, Tong-he(東河)", "speaker": "", "collected": "2003-01-01", "revised": "2013-9-16", "video": "None"}, "file": "Saisiyat_Tong-he/None", "num": 59}], [60, {"ori": [], "gloss": [["...", "", ""], ["mae'iyaeh", "person", "人"], ["'am", "FUT", "未來"], ["m-olaw", "AF-molt", "主焦-蛻皮"], ["sa", "SA", "SA"], ["m-ayaka:i:", "AF-say", "主焦-告訴"], ["koSa:", "say.主焦", "說.主焦"], ["sa'oewaz.\\", "truly", "真"]], "free": ["#e The person about to begin molting said it was true.", "#c 那一位要蛻皮的人說，這（倒是）真的。"], "s_end": true, "iu_a_span": [104.48, 107.26], "meta": {"topic": "Molaw", "type": "Narrative", "language": "賽夏語, Saisiyat, Tong-he(東河)", "speaker": "", "collected": "2003-01-01", "revised": "2013-9-16", "video": "None"}, "s_a_span": [103.22, 107.26], "file": "Saisiyat_Tong-he/None", "num": 60}], [61, {"ori": [], "gloss": [["...(0.7)", "", ""], ["nakhini", "like.this", "像這樣"], ["mina", "MINA", "MINA"], ["hoepay", "tiring.AF", "累.主焦"], ["'atomalan.\\", "very", "非常"]], "free": ["#e It must be very tiring like this.", "#c 像這樣子的話，相當的累。"], "s_end": true, "iu_a_span": [107.26, 109.6], "meta": {"topic": "Molaw", "type": "Narrative", "language": "賽夏語, Saisiyat, Tong-he(東河)", "speaker": "", "collected": "2003-01-01", "revised": "2013-9-16", "video": "None"}, "s_a_span": [107.26, 109.6], "file": "Saisiyat_Tong-he/None", "num": 61}], [62, {"ori": [], "gloss": [["...", "", ""], ["m-olaw", "AF-molt", "主焦.蛻皮"], ["biSbiS", "painful.AF", "累.主焦"], ["'atomalan", "very", "非常"], ["hoenaehnge", "long.time.AF", "久.主焦"], ["'atomal.\\", "very", "非常"]], "free": ["#e Molting took a lot of time, and it was painful.", "#c 蛻皮相當的痛，相當的耗時間。"], "s_end": true, "iu_a_span": [109.6, 112.9], "meta": {"topic": "Molaw", "type": "Narrative", "language": "賽夏語, Saisiyat, Tong-he(東河)", "speaker": "", "collected": "2003-01-01", "revised": "2013-9-16", "video": "None"}, "s_a_span": [109.6, 112.9], "file": "Saisiyat_Tong-he/None", "num": 62}], [63, {"ori": [], "gloss": [["...", "", ""], ["hoepay", "AF.tiring", "主焦.累"], ["'atomal,\\", "very", "非常"]], "free": [], "s_end": false, "iu_a_span": [112.9, 114.06], "meta": {"topic": "Molaw", "type": "Narrative", "language": "賽夏語, Saisiyat, Tong-he(東河)", "speaker": "", "collected": "2003-01-01", "revised": "2013-9-16", "video": "None"}, "file": "Saisiyat_Tong-he/None", "num": 63}], [64, {"ori": [], "gloss": [["..", "", ""], ["masay", "AF.die", "主焦.死"], ["'am", "FUT", "未來"], ["kayzaeh.\\", "AF.good", "主焦.好"]], "free": ["#e It was tiring so that to die would be better.", "#c 相當的累，死掉還比較好。"], "s_end": true, "iu_a_span": [114.06, 115.2], "meta": {"topic": "Molaw", "type": "Narrative", "language": "賽夏語, Saisiyat, Tong-he(東河)", "speaker": "", "collected": "2003-01-01", "revised": "2013-9-16", "video": "None"}, "s_a_span": [112.9, 115.2], "file": "Saisiyat_Tong-he/None", "num": 64}], [65, {"ori": [], "gloss": [["...(1.0)", "", ""], ["lasia,\\", "3PL.NOM", "3PL.主格"]], "free": [], "s_end": false, "iu_a_span": [115.2, 116.71], "meta": {"topic": "Molaw", "type": "Narrative", "language": "賽夏語, Saisiyat, Tong-he(東河)", "speaker": "", "collected": "2003-01-01", "revised": "2013-9-16", "video": "None"}, "file": "Saisiyat_Tong-he/None", "num": 65}], [66, {"ori": [], "gloss": [["...(0.8)", "", ""], ["ma==,_", "FIL", "FIL"]], "free": [], "s_end": false, "iu_a_span": [116.71, 117.78], "meta": {"topic": "Molaw", "type": "Narrative", "language": "賽夏語, Saisiyat, Tong-he(東河)", "speaker": "", "collected": "2003-01-01", "revised": "2013-9-16", "video": "None"}, "file": "Saisiyat_Tong-he/None", "num": 66}], [67, {"ori": [], "gloss": [["...", "", ""], ["koSa:\\", "say.AF", "說.主焦"]], "free": [], "s_end": false, "iu_a_span": [117.78, 118.53], "meta": {"topic": "Molaw", "type": "Narrative", "language": "賽夏語, Saisiyat, Tong-he(東河)", "speaker": "", "collected": "2003-01-01", "revised": "2013-9-16", "video": "None"}, "file": "Saisiyat_Tong-he/None", "num": 67}], [68, {"ori": [], "gloss": [["..", "", ""], ["masay", "die", "死"], ["'am", "FUT", "未來"], ["kayzaeh", "AF.good", "主焦.好"], ["ra:amen.\\", "probably", "可能"]], "free": ["#e They said it was better to die.", "#c 他們說死掉比較好。"], "s_end": true, "iu_a_span": [118.53, 120.04], "meta": {"topic": "Molaw", "type": "Narrative", "language": "賽夏語, Saisiyat, Tong-he(東河)", "speaker": "", "collected": "2003-01-01", "revised": "2013-9-16", "video": "None"}, "s_a_span": [115.2, 120.04], "file": "Saisiyat_Tong-he/None", "num": 68}], [69, {"ori": [], "gloss": [["...", "", ""], ["'oka'", "NEG", "否定"], ["ila", "PFV", "完成"], ["ka==,_", "ACC", "受格"]], "free": [], "s_end": false, "iu_a_span": [120.04, 120.93], "meta": {"topic": "Molaw", "type": "Narrative", "language": "賽夏語, Saisiyat, Tong-he(東河)", "speaker": "", "collected": "2003-01-01", "revised": "2013-9-16", "video": "None"}, "file": "Saisiyat_Tong-he/None", "num": 69}], [70, {"ori": [], "gloss": [["...", "", ""], ["kinhoepay.\\", "tiring", "累"]], "free": ["#e The pain would be gone.", "#c 不會有痛苦。"], "s_end": true, "iu_a_span": [120.93, 121.97], "meta": {"topic": "Molaw", "type": "Narrative", "language": "賽夏語, Saisiyat, Tong-he(東河)", "speaker": "", "collected": "2003-01-01", "revised": "2013-9-16", "video": "None"}, "s_a_span": [120.04, 121.97], "file": "Saisiyat_Tong-he/None", "num": 70}], [71, {"ori": [], "gloss": [["...", "", ""], ["'isaa", "DM", "DM"], ["'inay", "from", "從"], ["'isaa", "that", "那"], ["koSa'en", "DM", "DM"], ["ka,\\", "FIL", "FIL"]], "free": [], "s_end": false, "iu_a_span": [121.97, 123.84], "meta": {"topic": "Molaw", "type": "Narrative", "language": "賽夏語, Saisiyat, Tong-he(東河)", "speaker": "", "collected": "2003-01-01", "revised": "2013-9-16", "video": "None"}, "file": "Saisiyat_Tong-he/None", "num": 71}], [72, {"ori": [], "gloss": [["..", "", ""], ["mae'iyaeh", "person", "人"], ["SaiSiyat,\\", "PN", "賽夏人"]], "free": [], "s_end": false, "iu_a_span": [123.84, 125.29], "meta": {"topic": "Molaw", "type": "Narrative", "language": "賽夏語, Saisiyat, Tong-he(東河)", "speaker": "", "collected": "2003-01-01", "revised": "2013-9-16", "video": "None"}, "file": "Saisiyat_Tong-he/None", "num": 72}], [73, {"ori": [], "gloss": [["...(1.2)", "", ""], ["tabin", "until", "到"], ["haysani,_", "now", "現在"]], "free": [], "s_end": false, "iu_a_span": [125.29, 127.39], "meta": {"topic": "Molaw", "type": "Narrative", "language": "賽夏語, Saisiyat, Tong-he(東河)", "speaker": "", "collected": "2003-01-01", "revised": "2013-9-16", "video": "None"}, "file": "Saisiyat_Tong-he/None", "num": 73}], [74, {"ori": [], "gloss": [["..", "", ""], ["oka'", "NEG", "否定"], ["ila", "PFV", "完成"], ["i:==,_", "I:", "I:"]], "free": [], "s_end": false, "iu_a_span": [127.39, 128.38], "meta": {"topic": "Molaw", "type": "Narrative", "language": "賽夏語, Saisiyat, Tong-he(東河)", "speaker": "", "collected": "2003-01-01", "revised": "2013-9-16", "video": "None"}, "file": "Saisiyat_Tong-he/None", "num": 74}], [75, {"ori": [], "gloss": [["..", "", ""], ["olaw.\\", "molt.AF", "蛻皮.主焦"]], "free": ["#e From then on, the SaiSiyat people never molted again.", "#c 就從那個時候到現在，賽夏人就都沒有蛻皮了。", "#n tabtabinan 不錯 good"], "s_end": true, "iu_a_span": [128.38, 128.86], "meta": {"topic": "Molaw", "type": "Narrative", "language": "賽夏語, Saisiyat, Tong-he(東河)", "speaker": "", "collected": "2003-01-01", "revised": "2013-9-16", "video": "None"}, "s_a_span": [121.97, 128.86], "file": "Saisiyat_Tong-he/None", "num": 75}], [76, {"ori": [], "gloss": [["...(1.2)", "", ""], ["'isaa", "DM", "DM"], ["So:", "COND", "條件詞"], ["tatini'", "grow.old", "老"], ["ila", "PFV", "完成"], ["ma',_", "also", "也"]], "free": [], "s_end": false, "iu_a_span": [128.86, 131.17], "meta": {"topic": "Molaw", "type": "Narrative", "language": "賽夏語, Saisiyat, Tong-he(東河)", "speaker": "", "collected": "2003-01-01", "revised": "2013-9-16", "video": "None"}, "file": "Saisiyat_Tong-he/None", "num": 76}], [77, {"ori": [], "gloss": [["...", "", ""], ["masay", "die.AF", "死.主焦"], ["ila._", "PFV", "完成"]], "free": ["#e They died when they grew old.", "#c 年紀大了就會死掉了。"], "s_end": true, "iu_a_span": [131.17, 132.22], "meta": {"topic": "Molaw", "type": "Narrative", "language": "賽夏語, Saisiyat, Tong-he(東河)", "speaker": "", "collected": "2003-01-01", "revised": "2013-9-16", "video": "None"}, "s_a_span": [128.86, 132.22], "file": "Saisiyat_Tong-he/None", "num": 77}], [78, {"ori": [], "gloss": [["...(0.8)", "", ""], ["'isaa", "that", "那個"], ["papay", "until", "到"], ["ka-pan-panabih", "FUT-RED-say", "未來-重疊-說"], ["koSa:_", "say", "<主焦>說"]], "free": [], "s_end": false, "iu_a_span": [132.22, 134.45], "meta": {"topic": "Molaw", "type": "Narrative", "language": "賽夏語, Saisiyat, Tong-he(東河)", "speaker": "", "collected": "2003-01-01", "revised": "2013-9-16", "video": "None"}, "file": "Saisiyat_Tong-he/None", "num": 78}], [79, {"ori": [], "gloss": [["...", "", ""], ["koSa'-en", "say-PF", "說-受焦"], ["mae'iyaeh", "person", "人"], ["kakhayza'an", "before", "以前"], ["naw", "only", "只"], ["ina==,_", "EXPER", "經驗"]], "free": [], "s_end": false, "iu_a_span": [134.45, 137.01], "meta": {"topic": "Molaw", "type": "Narrative", "language": "賽夏語, Saisiyat, Tong-he(東河)", "speaker": "", "collected": "2003-01-01", "revised": "2013-9-16", "video": "None"}, "file": "Saisiyat_Tong-he/None", "num": 79}], [80, {"ori": [], "gloss": [["..", "", ""], ["narmeS", "be.patient.AF", "忍耐.主焦"], ["kin,\\", "very", "非常"]], "free": [], "s_end": false, "iu_a_span": [137.01, 138.11], "meta": {"topic": "Molaw", "type": "Narrative", "language": "賽夏語, Saisiyat, Tong-he(東河)", "speaker": "", "collected": "2003-01-01", "revised": "2013-9-16", "video": "None"}, "file": "Saisiyat_Tong-he/None", "num": 80}], [81, {"ori": [], "gloss": [["...(1.2)", "", ""], ["biSbiS", "pain", "痛"], ["o:_", "INT", "感嘆"]], "free": [], "s_end": false, "iu_a_span": [138.11, 140.05], "meta": {"topic": "Molaw", "type": "Narrative", "language": "賽夏語, Saisiyat, Tong-he(東河)", "speaker": "", "collected": "2003-01-01", "revised": "2013-9-16", "video": "None"}, "file": "Saisiyat_Tong-he/None", "num": 81}], [82, {"ori": [], "gloss": [["..", "", ""], ["narmeS", "be.patient.AF", "忍耐.主焦"], ["ka", "ACC", "受格"], ["kinhoepay", "tiring", "疲累"], ["ina", "EXPER", "經驗"], ["m-o==law,\\", "AF-molt", "主焦-蛻皮"]], "free": [], "s_end": false, "iu_a_span": [140.05, 142.01], "meta": {"topic": "Molaw", "type": "Narrative", "language": "賽夏語, Saisiyat, Tong-he(東河)", "speaker": "", "collected": "2003-01-01", "revised": "2013-9-16", "video": "None"}, "file": "Saisiyat_Tong-he/None", "num": 82}], [83, {"ori": [], "gloss": [["...", "", ""], ["tabin", "until", "到"], ["haysani", "now", "現在"], ["'am", "FUT", "未來"], ["koza'", "what", "多少"], ["kinhaebae:aen", "very.many", "非常多"], ["ila.\\", "PFV", "完成"]], "free": ["#e It was said in the story, if the ancient people had borne the pain during the molting process, then there would be many people now.", "#c 從故事裡面說，這個以前的人只要能夠忍受痛苦，那麼到現在就有很多人了。"], "s_end": true, "iu_a_span": [142.01, 144.27], "meta": {"topic": "Molaw", "type": "Narrative", "language": "賽夏語, Saisiyat, Tong-he(東河)", "speaker": "", "collected": "2003-01-01", "revised": "2013-9-16", "video": "None"}, "s_a_span": [132.22, 144.27], "file": "Saisiyat_Tong-he/None", "num": 83}], [84, {"ori": [], "gloss": [["...", "", ""], ["'am", "FUT", "未來"], ["'oka'", "NEG", "否定"], ["ka", "ACC", "受格"], ["ima", "ima", "ima"], ["masay,\\", "die.AF", "死.主焦"]], "free": [], "s_end": false, "iu_a_span": [144.27, 146.09], "meta": {"topic": "Molaw", "type": "Narrative", "language": "賽夏語, Saisiyat, Tong-he(東河)", "speaker": "", "collected": "2003-01-01", "revised": "2013-9-16", "video": "None"}, "file": "Saisiyat_Tong-he/None", "num": 84}], [85, {"ori": [], "gloss": [["..", "", ""], ["'am", "FUT", "未來"], ["twa'iS,\\", "keep.on.AF", "繼續.主焦"]], "free": [], "s_end": false, "iu_a_span": [146.09, 146.96], "meta": {"topic": "Molaw", "type": "Narrative", "language": "賽夏語, Saisiyat, Tong-he(東河)", "speaker": "", "collected": "2003-01-01", "revised": "2013-9-16", "video": "None"}, "file": "Saisiyat_Tong-he/None", "num": 85}], [86, {"ori": [], "gloss": [["..", "", ""], ["m-olaw", "AF-molt", "主焦-蛻皮"], ["m-olaw", "AF-molt", "主焦-蛻皮"], ["mae'iyaeh", "person", "人"], ["ma'", "also", "也"], ["'am", "FUT", "未來"], ["haebae:aen", "many", "多"], ["'atomal", "very", "非常"], ["ila.\\", "PFV", "完成"]], "free": ["#e (They) would not die and and keep on molting.", "#c （他們）不會死，會一直蛻皮下去。"], "s_end": true, "iu_a_span": [146.96, 149.97], "meta": {"topic": "Molaw", "type": "Narrative", "language": "賽夏語, Saisiyat, Tong-he(東河)", "speaker": "", "collected": "2003-01-01", "revised": "2013-9-16", "video": "None"}, "s_a_span": [144.27, 149.97], "file": "Saisiyat_Tong-he/None", "num": 86}], [87, {"ori": [], "gloss": [["...(0.7)", "", ""], ["'isaa", "DM", "DM"], ["koSa:_", "say.AF", "說.主焦"]], "free": [], "s_end": false, "iu_a_span": [149.97, 151.4], "meta": {"topic": "Molaw", "type": "Narrative", "language": "賽夏語, Saisiyat, Tong-he(東河)", "speaker": "", "collected": "2003-01-01", "revised": "2013-9-16", "video": "None"}, "file": "Saisiyat_Tong-he/None", "num": 87}], [88, {"ori": [], "gloss": [["...(0.7)", "", ""], ["'isaa", "DM", "DM"], ["'aehae'", "one", "一"], ["hahila", "day", "天"], ["koSa'en,\\", "DM", "DM"]], "free": [], "s_end": false, "iu_a_span": [151.4, 153.1], "meta": {"topic": "Molaw", "type": "Narrative", "language": "賽夏語, Saisiyat, Tong-he(東河)", "speaker": "", "collected": "2003-01-01", "revised": "2013-9-16", "video": "None"}, "file": "Saisiyat_Tong-he/None", "num": 88}], [89, {"ori": [], "gloss": [["..", "", ""], ["masay", "die.AF", "死.主焦"], ["'am", "FUT", "未來"], ["kayzaeh", "good.AF", "好.主焦"], ["isaa", "DM", "DM"], ["S.\\", "", ""]], "free": ["#e The story says that everybody should die.", "#c 那個故事說，人總是會有死的一天。"], "s_end": true, "iu_a_span": [153.1, 154.43], "meta": {"topic": "Molaw", "type": "Narrative", "language": "賽夏語, Saisiyat, Tong-he(東河)", "speaker": "", "collected": "2003-01-01", "revised": "2013-9-16", "video": "None"}, "s_a_span": [149.97, 154.43], "file": "Saisiyat_Tong-he/None", "num": 89}], [90, {"ori": [], "gloss": [["...", "", ""], ["hay--", "FS", "FS"], ["tabin", "until", "到"], ["haysani,_", "now", "現在"]], "free": [], "s_end": false, "iu_a_span": [154.43, 155.91], "meta": {"topic": "Molaw", "type": "Narrative", "language": "賽夏語, Saisiyat, Tong-he(東河)", "speaker": "", "collected": "2003-01-01", "revised": "2013-9-16", "video": "None"}, "file": "Saisiyat_Tong-he/None", "num": 90}], [91, {"ori": [], "gloss": [["...", "", ""], ["'ita'", "1IPL.NOM", "1IPL.主格"], ["tatini'", "grow.old.AF", "變老.主焦"], ["ila", "PFV", "完成"], ["ma'--,_", "FS", "FS"]], "free": [], "s_end": false, "iu_a_span": [155.91, 157.05], "meta": {"topic": "Molaw", "type": "Narrative", "language": "賽夏語, Saisiyat, Tong-he(東河)", "speaker": "", "collected": "2003-01-01", "revised": "2013-9-16", "video": "None"}, "file": "Saisiyat_Tong-he/None", "num": 91}], [92, {"ori": [], "gloss": [["..", "", ""], ["masay", "die.AF", "死.主焦"], ["ila", "PFV", "完成"], ["tatini'", "grow.old.AF", "變老.主焦"], ["ila", "PFV", "完成"], ["masay", "die.AF", "變老.主焦"], ["ila.\\", "PFV", "完成"]], "free": ["#e (Therefore,) now people grow old and die.", "#c （所以）到了現在人老了就會死了。"], "s_end": true, "iu_a_span": [157.05, 159.2], "meta": {"topic": "Molaw", "type": "Narrative", "language": "賽夏語, Saisiyat, Tong-he(東河)", "speaker": "", "collected": "2003-01-01", "revised": "2013-9-16", "video": "None"}, "s_a_span": [154.43, 159.2], "file": "Saisiyat_Tong-he/None", "num": 92}], [93, {"ori": [], "gloss": [["...", "", ""], ["mabasez,\\", "empty.AF", "虛無.主焦"]], "free": [], "s_end": false, "iu_a_span": [159.2, 160.35], "meta": {"topic": "Molaw", "type": "Narrative", "language": "賽夏語, Saisiyat, Tong-he(東河)", "speaker": "", "collected": "2003-01-01", "revised": "2013-9-16", "video": "None"}, "file": "Saisiyat_Tong-he/None", "num": 93}], [94, {"ori": [], "gloss": [["...", "", ""], ["ma,_", "FIL", "FIL"]], "free": [], "s_end": false, "iu_a_span": [160.35, 161.39], "meta": {"topic": "Molaw", "type": "Narrative", "language": "賽夏語, Saisiyat, Tong-he(東河)", "speaker": "", "collected": "2003-01-01", "revised": "2013-9-16", "video": "None"}, "file": "Saisiyat_Tong-he/None", "num": 94}], [95, {"ori": [], "gloss": [["...", "", ""], ["XX,\\", "", ""]], "free": [], "s_end": false, "iu_a_span": [161.39, 162.29], "meta": {"topic": "Molaw", "type": "Narrative", "language": "賽夏語, Saisiyat, Tong-he(東河)", "speaker": "", "collected": "2003-01-01", "revised": "2013-9-16", "video": "None"}, "file": "Saisiyat_Tong-he/None", "num": 95}], [96, {"ori": [], "gloss": [["..", "", ""], ["tabin", "until", "到"], ["tatini'", "old", "老"], ["ma'", "also", "也"], ["masay", "die.AF", "死.主焦"], ["ila,\\", "PFV", "完成"]], "free": [], "s_end": false, "iu_a_span": [162.29, 164.04], "meta": {"topic": "Molaw", "type": "Narrative", "language": "賽夏語, Saisiyat, Tong-he(東河)", "speaker": "", "collected": "2003-01-01", "revised": "2013-9-16", "video": "None"}, "file": "Saisiyat_Tong-he/None", "num": 96}], [97, {"ori": [], "gloss": [["...", "", ""], ["a", "FIL", "FIL"], ["papay", "until", "到"], ["isaza", "there", "那裡"], ["ma'an", "1SG.GEN", "1SG.屬格"], ["ka", "NOM", "主格"], ["pinanabih.\\", "what.I.say", "我說的故事"]], "free": ["#e Now people die. My story ends here.", "#c 人到了就死了，我說的故事到此為止。", "#n 屍體埋下去就什麼都沒有了。 Mabasez 'oka' ila. Note: everything is gone after the dead body of a person is buried under the ground."], "s_end": true, "iu_a_span": [164.04, 166.36], "meta": {"topic": "Molaw", "type": "Narrative", "language": "賽夏語, Saisiyat, Tong-he(東河)", "speaker": "", "collected": "2003-01-01", "revised": "2013-9-16", "video": "None"}, "s_a_span": [159.2, 166.36], "file": "Saisiyat_Tong-he/None", "num": 97}]], "meta": {"topic": "Molaw", "type": "Narrative", "language": "賽夏語, Saisiyat, Tong-he(東河)", "speaker": "", "collected": "2003-01-01", "revised": "2013-9-16", "video": "None"}}