{"glosses": [[1, {"ori": [], "gloss": [["totata:a'", "crow", "<主焦>公雞啼"], ["ila", "PFV", "完成"], ["o:,/", "DM", "DM"]], "free": ["#e A rooster crowed.", "#c 公雞啼了。"], "s_end": true, "iu_a_span": [1.05, 2.57], "meta": {"topic": "pear4", "type": "Narrative", "language": "賽夏語, Saisiyat, Saisiayt", "speaker": "徐年枝, tosi' masin, female, 1942-3-10", "collected": "2002-01-01", "revised": "2014-1-3", "video": "SaiNr-pear4_tosi_ masin.mp3"}, "s_a_span": [1.05, 2.57], "file": "Saisiyat_Tong-he/SaiNr-pear4_tosi_ masin", "num": 1}], [2, {"ori": [], "gloss": [["...", "", ""], ["baki'", "old.man", "老人"], ["e==,/", "FIL", "FIL"]], "free": [], "s_end": false, "iu_a_span": [2.57, 4.34], "meta": {"topic": "pear4", "type": "Narrative", "language": "賽夏語, Saisiyat, Saisiayt", "speaker": "徐年枝, tosi' masin, female, 1942-3-10", "collected": "2002-01-01", "revised": "2014-1-3", "video": "SaiNr-pear4_tosi_ masin.mp3"}, "file": "Saisiyat_Tong-he/SaiNr-pear4_tosi_ masin", "num": 2}], [3, {"ori": [], "gloss": [["'aehae'", "one", "一"], ["rima'", "AF.go", "主焦.去"], ["rokrok", "pick", "<主焦>摘"], ["ka==", "ACC", "受格"], ["...", "", ""], ["boway,\\", "fruit", "水果"]], "free": [], "s_end": false, "iu_a_span": [4.34, 7.46], "meta": {"topic": "pear4", "type": "Narrative", "language": "賽夏語, Saisiyat, Saisiayt", "speaker": "徐年枝, tosi' masin, female, 1942-3-10", "collected": "2002-01-01", "revised": "2014-1-3", "video": "SaiNr-pear4_tosi_ masin.mp3"}, "file": "Saisiyat_Tong-he/SaiNr-pear4_tosi_ masin", "num": 3}], [4, {"ori": [], "gloss": [["...(1.6)", "", ""], ["rokrok", "pick", "<主焦>摘"], ["ka", "ACC", "受格"], ["boway./", "fruit", "水果"]], "free": ["#e An old man went to pick fruits.", "#c 一個老人去摘水果。"], "s_end": true, "iu_a_span": [7.46, 10.63], "meta": {"topic": "pear4", "type": "Narrative", "language": "賽夏語, Saisiyat, Saisiayt", "speaker": "徐年枝, tosi' masin, female, 1942-3-10", "collected": "2002-01-01", "revised": "2014-1-3", "video": "SaiNr-pear4_tosi_ masin.mp3"}, "s_a_span": [2.57, 10.63], "file": "Saisiyat_Tong-he/SaiNr-pear4_tosi_ masin", "num": 4}], [5, {"ori": [], "gloss": [["...(1.5)", "", ""], ["to:o'", "three", "三"], ["kala'", "basket", "籃"], ["ray", "LOC", "處格"], ["isaza./", "there", "那裡"]], "free": ["#e Three baskets were there.", "#c 有三籃在那裡。"], "s_end": true, "iu_a_span": [10.63, 13.97], "meta": {"topic": "pear4", "type": "Narrative", "language": "賽夏語, Saisiyat, Saisiayt", "speaker": "徐年枝, tosi' masin, female, 1942-3-10", "collected": "2002-01-01", "revised": "2014-1-3", "video": "SaiNr-pear4_tosi_ masin.mp3"}, "s_a_span": [10.63, 13.97], "file": "Saisiyat_Tong-he/SaiNr-pear4_tosi_ masin", "num": 5}], [6, {"ori": [], "gloss": [["..", "", ""], ["iya", "IYA", "IYA"], ["rokrok-on", "pick-PF", "摘-受焦"], ["rokrok-on./", "pick-PF", "摘-受焦"]], "free": ["#e (He) kept on picking fruits.", "#c (他)繼續摘水果。"], "s_end": true, "iu_a_span": [13.97, 15.43], "meta": {"topic": "pear4", "type": "Narrative", "language": "賽夏語, Saisiyat, Saisiayt", "speaker": "徐年枝, tosi' masin, female, 1942-3-10", "collected": "2002-01-01", "revised": "2014-1-3", "video": "SaiNr-pear4_tosi_ masin.mp3"}, "s_a_span": [13.97, 15.43], "file": "Saisiyat_Tong-he/SaiNr-pear4_tosi_ masin", "num": 6}], [7, {"ori": [], "gloss": [["...(1.2)", "", ""], ["ray", "LOC", "處格"], ["obos,\\", "bag", "袋子"]], "free": [], "s_end": false, "iu_a_span": [15.43, 17.48], "meta": {"topic": "pear4", "type": "Narrative", "language": "賽夏語, Saisiyat, Saisiayt", "speaker": "徐年枝, tosi' masin, female, 1942-3-10", "collected": "2002-01-01", "revised": "2014-1-3", "video": "SaiNr-pear4_tosi_ masin.mp3"}, "file": "Saisiyat_Tong-he/SaiNr-pear4_tosi_ masin", "num": 7}], [8, {"ori": [], "gloss": [["...", "", ""], ["'aehae'", "one", "一"], ["mayhae'hae'", "AF.full", "主焦.裝滿"], ["ila.\\", "PFV", "完成"]], "free": ["#e There was one bag which was full (of fruits).", "#c  有一個袋子裝滿了。"], "s_end": true, "iu_a_span": [17.48, 19.37], "meta": {"topic": "pear4", "type": "Narrative", "language": "賽夏語, Saisiyat, Saisiayt", "speaker": "徐年枝, tosi' masin, female, 1942-3-10", "collected": "2002-01-01", "revised": "2014-1-3", "video": "SaiNr-pear4_tosi_ masin.mp3"}, "s_a_span": [15.43, 19.37], "file": "Saisiyat_Tong-he/SaiNr-pear4_tosi_ masin", "num": 8}], [9, {"ori": [], "gloss": [["...(0.9)", "", ""], ["eh==", "FIL", "FIL"], ["rokrok", "pick", "<主焦>摘"], ["naehaen.\\", "still", "還"]], "free": ["#e (He) kept on picking (fruits).", "#c (他)還在繼續摘。"], "s_end": true, "iu_a_span": [19.37, 21.47], "meta": {"topic": "pear4", "type": "Narrative", "language": "賽夏語, Saisiyat, Saisiayt", "speaker": "徐年枝, tosi' masin, female, 1942-3-10", "collected": "2002-01-01", "revised": "2014-1-3", "video": "SaiNr-pear4_tosi_ masin.mp3"}, "s_a_span": [19.37, 21.47], "file": "Saisiyat_Tong-he/SaiNr-pear4_tosi_ masin", "num": 9}], [10, {"ori": [], "gloss": [["...(2.1)", "", ""], ["s==ahae'", "AF.fall.down", "主焦.掉下來"], ["ila", "PFV", "完成"], ["mayhae'hae'", "AF.full", "主焦.滿"], ["ila", "PFV", "完成"], ["ray", "LOC", "處格"], ["'obos", "bag", "袋子"], ["o:", "DM", "DM"], ["sahae'", "AF.fall.down", "主焦.掉下來"], ["'aehae'./", "one", "一"]], "free": ["#e (The bag) which was full fell down.", "#c (袋子)滿了有一顆水果掉下來。"], "s_end": true, "iu_a_span": [21.47, 27.11], "meta": {"topic": "pear4", "type": "Narrative", "language": "賽夏語, Saisiyat, Saisiayt", "speaker": "徐年枝, tosi' masin, female, 1942-3-10", "collected": "2002-01-01", "revised": "2014-1-3", "video": "SaiNr-pear4_tosi_ masin.mp3"}, "s_a_span": [21.47, 27.11], "file": "Saisiyat_Tong-he/SaiNr-pear4_tosi_ masin", "num": 10}], [11, {"ori": [], "gloss": [["...(0.9)", "", ""], ["sia", "3SG.NOM", "3SG.主格"], ["moe-haeoe", "AF-come.down", "主焦-下來"], ["m-askan.\\", "AF-put", "主焦-放"]], "free": ["#e He came down and put down (the fruits).", "#c 他下來而且(把水果)放下來。"], "s_end": true, "iu_a_span": [27.11, 29.76], "meta": {"topic": "pear4", "type": "Narrative", "language": "賽夏語, Saisiyat, Saisiayt", "speaker": "徐年枝, tosi' masin, female, 1942-3-10", "collected": "2002-01-01", "revised": "2014-1-3", "video": "SaiNr-pear4_tosi_ masin.mp3"}, "s_a_span": [27.11, 29.76], "file": "Saisiyat_Tong-he/SaiNr-pear4_tosi_ masin", "num": 11}], [12, {"ori": [], "gloss": [["...(1.5)", "", ""], ["en==", "FIL", "FIL"], ["rokrok-on", "pick-PF", "摘-受焦"], ["'askan-en", "put-PF", "放-受焦"], ["mayhae'hae'", "AF.full", "主焦.滿"], ["roSa'./", "two", "兩"]], "free": ["#e Two baskets were full.", "#c 有兩籃滿了。"], "s_end": true, "iu_a_span": [29.76, 33.56], "meta": {"topic": "pear4", "type": "Narrative", "language": "賽夏語, Saisiyat, Saisiayt", "speaker": "徐年枝, tosi' masin, female, 1942-3-10", "collected": "2002-01-01", "revised": "2014-1-3", "video": "SaiNr-pear4_tosi_ masin.mp3"}, "s_a_span": [29.76, 33.56], "file": "Saisiyat_Tong-he/SaiNr-pear4_tosi_ masin", "num": 12}], [13, {"ori": [], "gloss": [["...(0.9)", "", ""], ["kala',/", "basket", "籃子"]], "free": [], "s_end": false, "iu_a_span": [33.56, 34.89], "meta": {"topic": "pear4", "type": "Narrative", "language": "賽夏語, Saisiyat, Saisiayt", "speaker": "徐年枝, tosi' masin, female, 1942-3-10", "collected": "2002-01-01", "revised": "2014-1-3", "video": "SaiNr-pear4_tosi_ masin.mp3"}, "file": "Saisiyat_Tong-he/SaiNr-pear4_tosi_ masin", "num": 13}], [14, {"ori": [], "gloss": [["'aehae'", "one", "一"], ["'ima", "PROG", "進行"], ["sahae'", "AF.fall.down", "主焦.掉下來"], ["ri'saza", "there", "那裡"], ["mari'-in./", "take-PF", "帶-受焦"]], "free": ["#e One (fruit) fell down from the basket and (he) took (it).", "#c 一個(水果)掉出籃子來(他就)拿(了)。"], "s_end": true, "iu_a_span": [34.89, 37.3], "meta": {"topic": "pear4", "type": "Narrative", "language": "賽夏語, Saisiyat, Saisiayt", "speaker": "徐年枝, tosi' masin, female, 1942-3-10", "collected": "2002-01-01", "revised": "2014-1-3", "video": "SaiNr-pear4_tosi_ masin.mp3"}, "s_a_span": [33.56, 37.3], "file": "Saisiyat_Tong-he/SaiNr-pear4_tosi_ masin", "num": 14}], [15, {"ori": [], "gloss": [["...", "", ""], ["ti:is-in", "wipe-PF", "擦-受焦"], ["noka==,/", "GEN", "屬格"]], "free": [], "s_end": false, "iu_a_span": [37.3, 39.55], "meta": {"topic": "pear4", "type": "Narrative", "language": "賽夏語, Saisiyat, Saisiayt", "speaker": "徐年枝, tosi' masin, female, 1942-3-10", "collected": "2002-01-01", "revised": "2014-1-3", "video": "SaiNr-pear4_tosi_ masin.mp3"}, "file": "Saisiyat_Tong-he/SaiNr-pear4_tosi_ masin", "num": 15}], [16, {"ori": [], "gloss": [["...(0.8)", "", ""], ["kaptimasa'.\\", "handkerchief", "手帕"]], "free": ["#e Wiped it with a handkerchief.", "#c 用手帕把它擦一擦。"], "s_end": true, "iu_a_span": [39.55, 41.54], "meta": {"topic": "pear4", "type": "Narrative", "language": "賽夏語, Saisiyat, Saisiayt", "speaker": "徐年枝, tosi' masin, female, 1942-3-10", "collected": "2002-01-01", "revised": "2014-1-3", "video": "SaiNr-pear4_tosi_ masin.mp3"}, "s_a_span": [37.3, 41.54], "file": "Saisiyat_Tong-he/SaiNr-pear4_tosi_ masin", "num": 16}], [17, {"ori": [], "gloss": [["...(1.3)", "", ""], ["oh:", "FIL", "FIL"], ["'askan-en", "put-PF", "放-受焦"], ["ray", "LOC", "處格"], ["kala'.\\", "basket", "籃子"]], "free": ["#e Put (it) back in the basket.", "#c 把它放回籃子。"], "s_end": true, "iu_a_span": [41.54, 44.02], "meta": {"topic": "pear4", "type": "Narrative", "language": "賽夏語, Saisiyat, Saisiayt", "speaker": "徐年枝, tosi' masin, female, 1942-3-10", "collected": "2002-01-01", "revised": "2014-1-3", "video": "SaiNr-pear4_tosi_ masin.mp3"}, "s_a_span": [41.54, 44.02], "file": "Saisiyat_Tong-he/SaiNr-pear4_tosi_ masin", "num": 17}], [18, {"ori": [], "gloss": [["...(1.8)", "", ""], ["o:,/", "FIL", "FIL"]], "free": [], "s_end": false, "iu_a_span": [44.02, 45.87], "meta": {"topic": "pear4", "type": "Narrative", "language": "賽夏語, Saisiyat, Saisiayt", "speaker": "徐年枝, tosi' masin, female, 1942-3-10", "collected": "2002-01-01", "revised": "2014-1-3", "video": "SaiNr-pear4_tosi_ masin.mp3"}, "file": "Saisiyat_Tong-he/SaiNr-pear4_tosi_ masin", "num": 18}], [19, {"ori": [], "gloss": [["...(2.3)", "", ""], ["m-anakis", "AF-move.up", "主焦.上去"], ["eh==,/", "FIL", "FIL"]], "free": [], "s_end": false, "iu_a_span": [45.87, 49.45], "meta": {"topic": "pear4", "type": "Narrative", "language": "賽夏語, Saisiyat, Saisiayt", "speaker": "徐年枝, tosi' masin, female, 1942-3-10", "collected": "2002-01-01", "revised": "2014-1-3", "video": "SaiNr-pear4_tosi_ masin.mp3"}, "file": "Saisiyat_Tong-he/SaiNr-pear4_tosi_ masin", "num": 19}], [20, {"ori": [], "gloss": [["...(1.3)", "", ""], ["kaSna'itol", "AF.move.up", "主焦.爬上去"], ["naehaen", "still", "還"], ["ray", "LOC", "處格"], ["kaehoey", "tree", "樹"], ["rokrok", "pick", "<主焦>摘"], ["naehaen.\\", "still", "還"]], "free": ["#e (He) climbed up the tree again to pick (more fruits).", "#c 他又爬上去摘更多的水果。"], "s_end": true, "iu_a_span": [49.45, 54.09], "meta": {"topic": "pear4", "type": "Narrative", "language": "賽夏語, Saisiyat, Saisiayt", "speaker": "徐年枝, tosi' masin, female, 1942-3-10", "collected": "2002-01-01", "revised": "2014-1-3", "video": "SaiNr-pear4_tosi_ masin.mp3"}, "s_a_span": [44.02, 54.09], "file": "Saisiyat_Tong-he/SaiNr-pear4_tosi_ masin", "num": 20}], [21, {"ori": [], "gloss": [["...", "", ""], ["m==", "FS", "FS"], ["m-wa:i'", "AF-come", "主焦-來"], ["'aehae'", "one", "一"], ["ka==,/", "NOM", "主格"]], "free": [], "s_end": false, "iu_a_span": [54.09, 56.79], "meta": {"topic": "pear4", "type": "Narrative", "language": "賽夏語, Saisiyat, Saisiayt", "speaker": "徐年枝, tosi' masin, female, 1942-3-10", "collected": "2002-01-01", "revised": "2014-1-3", "video": "SaiNr-pear4_tosi_ masin.mp3"}, "file": "Saisiyat_Tong-he/SaiNr-pear4_tosi_ masin", "num": 21}], [22, {"ori": [], "gloss": [["...(2.1)", "", ""], ["kamanra:an", "man", "男人"], ["'ima", "PROG", "進行"], ["hoehoeh", "pull", "<主焦>拉"], ["ka==", "ACC", "受格"], ["katin.\\", "cow", "牛"]], "free": ["#e A man coming; (he) was pulling a cow.", "#c 有一個男人拉著一頭牛過來。"], "s_end": true, "iu_a_span": [56.79, 60.3], "meta": {"topic": "pear4", "type": "Narrative", "language": "賽夏語, Saisiyat, Saisiayt", "speaker": "徐年枝, tosi' masin, female, 1942-3-10", "collected": "2002-01-01", "revised": "2014-1-3", "video": "SaiNr-pear4_tosi_ masin.mp3"}, "s_a_span": [54.09, 60.3], "file": "Saisiyat_Tong-he/SaiNr-pear4_tosi_ masin", "num": 22}], [23, {"ori": [], "gloss": [["...(0.8)", "", ""], ["may", "AF.go.by", "主焦.經過"], ["'isaza", "there", "那裡"], ["kita'", "see", "<主焦>看"], ["ka==,/", "ACC", "受格"]], "free": [], "s_end": false, "iu_a_span": [60.3, 63.13], "meta": {"topic": "pear4", "type": "Narrative", "language": "賽夏語, Saisiyat, Saisiayt", "speaker": "徐年枝, tosi' masin, female, 1942-3-10", "collected": "2002-01-01", "revised": "2014-1-3", "video": "SaiNr-pear4_tosi_ masin.mp3"}, "file": "Saisiyat_Tong-he/SaiNr-pear4_tosi_ masin", "num": 23}], [24, {"ori": [], "gloss": [["...(2.5)", "", ""], ["boway", "fruit", "水果"], ["rokrok,/", "pick", "<完成>摘"]], "free": [], "s_end": false, "iu_a_span": [63.13, 66.57], "meta": {"topic": "pear4", "type": "Narrative", "language": "賽夏語, Saisiyat, Saisiayt", "speaker": "徐年枝, tosi' masin, female, 1942-3-10", "collected": "2002-01-01", "revised": "2014-1-3", "video": "SaiNr-pear4_tosi_ masin.mp3"}, "file": "Saisiyat_Tong-he/SaiNr-pear4_tosi_ masin", "num": 24}], [25, {"ori": [], "gloss": [["...(1.2)", "", ""], ["ka", "NOM", "主格"], ["katin", "cow", "牛"], ["iya", "IYA", "IYA"], ["si'ael", "eat", "<完成>吃"], ["nisia", "3SG.GEN", "3SG.屬格"], ["hoehoeh-en", "drag-PF", "拖-受焦"], ["hoehoe-en", "drag-PF", "拖-受焦"], ["lososo:i.\\", "AF.go.straight", "主焦.直直走"]], "free": ["#e Seeing the cow might have wanted to eat the fruits that had been picked, he dragged it past (the basket with fruits).", "#c 看到牛可能想要吃水果, 他把它(從那籃水果子旁)拖走。"], "s_end": true, "iu_a_span": [66.57, 70.94], "meta": {"topic": "pear4", "type": "Narrative", "language": "賽夏語, Saisiyat, Saisiayt", "speaker": "徐年枝, tosi' masin, female, 1942-3-10", "collected": "2002-01-01", "revised": "2014-1-3", "video": "SaiNr-pear4_tosi_ masin.mp3"}, "s_a_span": [60.3, 70.94], "file": "Saisiyat_Tong-he/SaiNr-pear4_tosi_ masin", "num": 25}], [26, {"ori": [], "gloss": [["...(0.8)", "", ""], ["rima'", "AF.go", "主焦.去"], ["ila./", "PFV", "完成"]], "free": ["#e (Off) they went.", "#c 他們走了。"], "s_end": true, "iu_a_span": [70.94, 72.44], "meta": {"topic": "pear4", "type": "Narrative", "language": "賽夏語, Saisiyat, Saisiayt", "speaker": "徐年枝, tosi' masin, female, 1942-3-10", "collected": "2002-01-01", "revised": "2014-1-3", "video": "SaiNr-pear4_tosi_ masin.mp3"}, "s_a_span": [70.94, 72.44], "file": "Saisiyat_Tong-he/SaiNr-pear4_tosi_ masin", "num": 26}], [27, {"ori": [], "gloss": [["...(0.8)", "", ""], ["o:", "DM", "DM"], ["rima'", "AF.go", "主焦.去"], ["ila", "PFV", "完成"], ["hiza,/", "there", "那裡"]], "free": [], "s_end": false, "iu_a_span": [72.44, 74.83], "meta": {"topic": "pear4", "type": "Narrative", "language": "賽夏語, Saisiyat, Saisiayt", "speaker": "徐年枝, tosi' masin, female, 1942-3-10", "collected": "2002-01-01", "revised": "2014-1-3", "video": "SaiNr-pear4_tosi_ masin.mp3"}, "file": "Saisiyat_Tong-he/SaiNr-pear4_tosi_ masin", "num": 27}], [28, {"ori": [], "gloss": [["kita'-en", "see-PF", "看-受焦"], ["m-wa:i'", "AF-come", "主焦-來"], ["ila", "PFV", "完成"], ["naehaen,/", "still", "還"]], "free": [], "s_end": false, "iu_a_span": [74.83, 75.87], "meta": {"topic": "pear4", "type": "Narrative", "language": "賽夏語, Saisiyat, Saisiayt", "speaker": "徐年枝, tosi' masin, female, 1942-3-10", "collected": "2002-01-01", "revised": "2014-1-3", "video": "SaiNr-pear4_tosi_ masin.mp3"}, "file": "Saisiyat_Tong-he/SaiNr-pear4_tosi_ masin", "num": 28}], [29, {"ori": [], "gloss": [["'aehae'", "one", "一"], ["ka==,/", "NOM", "主格"]], "free": [], "s_end": false, "iu_a_span": [75.87, 76.72], "meta": {"topic": "pear4", "type": "Narrative", "language": "賽夏語, Saisiyat, Saisiayt", "speaker": "徐年枝, tosi' masin, female, 1942-3-10", "collected": "2002-01-01", "revised": "2014-1-3", "video": "SaiNr-pear4_tosi_ masin.mp3"}, "file": "Saisiyat_Tong-he/SaiNr-pear4_tosi_ masin", "num": 29}], [30, {"ori": [], "gloss": [["...", "", ""], ["kamo'alay,\\", "young.man", "年輕人"]], "free": [], "s_end": false, "iu_a_span": [76.72, 78.1], "meta": {"topic": "pear4", "type": "Narrative", "language": "賽夏語, Saisiyat, Saisiayt", "speaker": "徐年枝, tosi' masin, female, 1942-3-10", "collected": "2002-01-01", "revised": "2014-1-3", "video": "SaiNr-pear4_tosi_ masin.mp3"}, "file": "Saisiyat_Tong-he/SaiNr-pear4_tosi_ masin", "num": 30}], [30, {"ori": [], "gloss": [["...", "", ""], ["kamo'alay,\\", "young.man", "年輕人"]], "free": [], "s_end": false, "iu_a_span": [76.72, 78.1], "meta": {"topic": "pear4", "type": "Narrative", "language": "賽夏語, Saisiyat, Saisiayt", "speaker": "徐年枝, tosi' masin, female, 1942-3-10", "collected": "2002-01-01", "revised": "2014-1-3", "video": "SaiNr-pear4_tosi_ masin.mp3"}, "file": "Saisiyat_Tong-he/SaiNr-pear4_tosi_ masin", "num": 30}], [32, {"ori": [], "gloss": [["...", "", ""], ["'ima", "PROG", "進行"], ["papama'", "AF.ride", "主焦.騎"], ["ray==,\\", "LOC", "處格"]], "free": [], "s_end": false, "iu_a_span": [79.09, 80.91], "meta": {"topic": "pear4", "type": "Narrative", "language": "賽夏語, Saisiyat, Saisiayt", "speaker": "徐年枝, tosi' masin, female, 1942-3-10", "collected": "2002-01-01", "revised": "2014-1-3", "video": "SaiNr-pear4_tosi_ masin.mp3"}, "file": "Saisiyat_Tong-he/SaiNr-pear4_tosi_ masin", "num": 32}], [33, {"ori": [], "gloss": [["...(1.0)", "", ""], ["ka-papama'-an==.\\", "KA-ride-NMZ", "KA-騎-名物化"]], "free": ["#e (Off) they went. (Then I) see another boy coming; he was riding a bike.\"", "#c 他們走了. 又看到另一個男孩子來了; 他騎著腳踏車。"], "s_end": true, "iu_a_span": [80.91, 82.96], "meta": {"topic": "pear4", "type": "Narrative", "language": "賽夏語, Saisiyat, Saisiayt", "speaker": "徐年枝, tosi' masin, female, 1942-3-10", "collected": "2002-01-01", "revised": "2014-1-3", "video": "SaiNr-pear4_tosi_ masin.mp3"}, "s_a_span": [72.44, 82.96], "file": "Saisiyat_Tong-he/SaiNr-pear4_tosi_ masin", "num": 33}], [34, {"ori": [], "gloss": [["...", "", ""], ["roSa'", "two", "兩"], ["tatakay", "leg", "腳"], ["romnay", "AF.turn", "主焦.轉"], ["roSa'", "two", "兩"], ["'a==,\\", "FIL", "FIL"]], "free": [], "s_end": false, "iu_a_span": [82.96, 85.34], "meta": {"topic": "pear4", "type": "Narrative", "language": "賽夏語, Saisiyat, Saisiayt", "speaker": "徐年枝, tosi' masin, female, 1942-3-10", "collected": "2002-01-01", "revised": "2014-1-3", "video": "SaiNr-pear4_tosi_ masin.mp3"}, "file": "Saisiyat_Tong-he/SaiNr-pear4_tosi_ masin", "num": 34}], [35, {"ori": [], "gloss": [["...", "", ""], ["ka-papama'-an.\\", "KA-ride-NMZ", "KA-騎-名物化"]], "free": ["#e (the kind of) vehicle (of which) two legs turn.", "#c 兩隻腳踩腳踏車。", "#n 轉動，如同輪子轉動", "#n Note: turn, as in \"wheels turning\""], "s_end": true, "iu_a_span": [85.34, 86.81], "meta": {"topic": "pear4", "type": "Narrative", "language": "賽夏語, Saisiyat, Saisiayt", "speaker": "徐年枝, tosi' masin, female, 1942-3-10", "collected": "2002-01-01", "revised": "2014-1-3", "video": "SaiNr-pear4_tosi_ masin.mp3"}, "s_a_span": [82.96, 86.81], "file": "Saisiyat_Tong-he/SaiNr-pear4_tosi_ masin", "num": 35}], [36, {"ori": [], "gloss": [["...(2.0)", "", ""], ["may--", "AF.move.by", "主焦.經過"], ["may", "there", "那裡"], ["isaza", "see", "<主焦>看"], ["kita'", "ACC", "受格"], ["ka==,/", "", ""]], "free": [], "s_end": false, "iu_a_span": [86.81, 90.98], "meta": {"topic": "pear4", "type": "Narrative", "language": "賽夏語, Saisiyat, Saisiayt", "speaker": "徐年枝, tosi' masin, female, 1942-3-10", "collected": "2002-01-01", "revised": "2014-1-3", "video": "SaiNr-pear4_tosi_ masin.mp3"}, "file": "Saisiyat_Tong-he/SaiNr-pear4_tosi_ masin", "num": 36}], [37, {"ori": [], "gloss": [["...", "", ""], ["hi", "ACC", "受格"], ["baki'", "grandpa", "祖父"], ["'ima", "PROG", "進行"], ["rokrok", "pick", "<主焦>摘"], ["ray", "LOC", "處格"], ["kaehoey", "tree", "樹"], ["babaw./", "above", "上面"]], "free": ["#e There (he) saw the old man picking fruits on top of the tree.", "#c 經過那裡看到老人在樹上面摘水果。"], "s_end": true, "iu_a_span": [90.98, 93.68], "meta": {"topic": "pear4", "type": "Narrative", "language": "賽夏語, Saisiyat, Saisiayt", "speaker": "徐年枝, tosi' masin, female, 1942-3-10", "collected": "2002-01-01", "revised": "2014-1-3", "video": "SaiNr-pear4_tosi_ masin.mp3"}, "s_a_span": [86.81, 93.68], "file": "Saisiyat_Tong-he/SaiNr-pear4_tosi_ masin", "num": 37}], [38, {"ori": [], "gloss": [["...(2.1)", "", ""], ["sak-sakosiza", "RED-AF.turn.around", "重疊-主焦.東張西望"], ["kita'./", "see", "<主焦>看"]], "free": ["#e", "#c", "#n sakosiza 直譯為東張西望\"head turning left and right\"", "#n Note: sakosiza is literally translated as \"to turn head in every direction as if looking for something\"."], "s_end": true, "iu_a_span": [93.68, 97.73], "meta": {"topic": "pear4", "type": "Narrative", "language": "賽夏語, Saisiyat, Saisiayt", "speaker": "徐年枝, tosi' masin, female, 1942-3-10", "collected": "2002-01-01", "revised": "2014-1-3", "video": "SaiNr-pear4_tosi_ masin.mp3"}, "s_a_span": [93.68, 97.73], "file": "Saisiyat_Tong-he/SaiNr-pear4_tosi_ masin", "num": 38}], [39, {"ori": [], "gloss": [["..", "", ""], ["'okay", "NEG", "否定"], ["kita'", "AF.see", "主焦.看"], ["isaa", "there", "那裡"], ["kita'", "see", "<主焦>看"], ["ka", "ACC", "受格"], ["hini", "this", "這"], ["boway.\\", "fruit", "水果"]], "free": ["#e (He) looked around and did not see (the man). (He) saw the fruits.", "#c (他)東張西望, 沒有看到(那個老人)。 (他)看到水果。"], "s_end": true, "iu_a_span": [97.73, 99.87], "meta": {"topic": "pear4", "type": "Narrative", "language": "賽夏語, Saisiyat, Saisiayt", "speaker": "徐年枝, tosi' masin, female, 1942-3-10", "collected": "2002-01-01", "revised": "2014-1-3", "video": "SaiNr-pear4_tosi_ masin.mp3"}, "s_a_span": [97.73, 99.87], "file": "Saisiyat_Tong-he/SaiNr-pear4_tosi_ masin", "num": 39}], [40, {"ori": [], "gloss": [["...", "", ""], ["sarara'", "AF.like", "主焦.喜歡"], ["ray", "LOC", "處格"], ["kala'.\\", "basket", "籃子"]], "free": ["#e (He) liked (the fruits) in the basket.", "#c (他)喜歡籃子裡的(水果)。"], "s_end": true, "iu_a_span": [99.87, 101.71], "meta": {"topic": "pear4", "type": "Narrative", "language": "賽夏語, Saisiyat, Saisiayt", "speaker": "徐年枝, tosi' masin, female, 1942-3-10", "collected": "2002-01-01", "revised": "2014-1-3", "video": "SaiNr-pear4_tosi_ masin.mp3"}, "s_a_span": [99.87, 101.71], "file": "Saisiyat_Tong-he/SaiNr-pear4_tosi_ masin", "num": 40}], [41, {"ori": [], "gloss": [["...(1.3)", "", ""], ["o:", "DM", "DM"], ["mari-in./", "take-PF", "拿-受焦"]], "free": ["#e (He) took (a basket).", "#c (他就)拿了(一籃)。"], "s_end": true, "iu_a_span": [101.71, 104.03], "meta": {"topic": "pear4", "type": "Narrative", "language": "賽夏語, Saisiyat, Saisiayt", "speaker": "徐年枝, tosi' masin, female, 1942-3-10", "collected": "2002-01-01", "revised": "2014-1-3", "video": "SaiNr-pear4_tosi_ masin.mp3"}, "s_a_span": [101.71, 104.03], "file": "Saisiyat_Tong-he/SaiNr-pear4_tosi_ masin", "num": 41}], [42, {"ori": [], "gloss": [["...(2.4)", "", ""], ["kaSna'--", "FS", "FS"], ["'ima==,/", "FS", "FS"]], "free": [], "s_end": false, "iu_a_span": [104.03, 107.89], "meta": {"topic": "pear4", "type": "Narrative", "language": "賽夏語, Saisiyat, Saisiayt", "speaker": "徐年枝, tosi' masin, female, 1942-3-10", "collected": "2002-01-01", "revised": "2014-1-3", "video": "SaiNr-pear4_tosi_ masin.mp3"}, "file": "Saisiyat_Tong-he/SaiNr-pear4_tosi_ masin", "num": 42}], [43, {"ori": [], "gloss": [["...(1.6)", "", ""], ["nia", "3SG.GEN", "3SG.屬格"], ["ka-papama'-an", "KA-ride-NMZ", "KA-騎-名物化"], ["pa-kalben-en", "CAU-fall.down-PF", "使役-倒下-受焦"], ["kita'", "see", "<主焦>看"], ["sisil-in", "lift-PF", "提起-受焦"], ["'aehae'", "one", "一"], ["kala'", "basket", "籃子"], ["'askan-en", "put-PF", "放下-受焦"], ["ray==,\\", "LOC", "處格"]], "free": [], "s_end": false, "iu_a_span": [107.89, 114.65], "meta": {"topic": "pear4", "type": "Narrative", "language": "賽夏語, Saisiyat, Saisiayt", "speaker": "徐年枝, tosi' masin, female, 1942-3-10", "collected": "2002-01-01", "revised": "2014-1-3", "video": "SaiNr-pear4_tosi_ masin.mp3"}, "file": "Saisiyat_Tong-he/SaiNr-pear4_tosi_ masin", "num": 43}], [44, {"ori": [], "gloss": [["...(0.9)", "", ""], ["ka-papama'-an", "KA-ride-NMZ", "KA-騎-名物化"], ["nisia", "3SG.GEN", "3SG.屬格"], ["karma'-en", "steal-PF", "偷-受焦"], ["'araS-en", "take-PF", "拿-受焦"], ["ila./", "PFV", "完成"]], "free": ["#e (He) put down his bike and (I) saw (him) lift one basket on (his) bike. (And then) he (rode) his bike and left (with that blasket).", "#c (他)放下它的腳踏車, (我)看到(他)提起一籃水果放到它的車上. (然後)他騎他(載著)偷走(的水果)的腳踏車走了。"], "s_end": true, "iu_a_span": [114.65, 118.8], "meta": {"topic": "pear4", "type": "Narrative", "language": "賽夏語, Saisiyat, Saisiayt", "speaker": "徐年枝, tosi' masin, female, 1942-3-10", "collected": "2002-01-01", "revised": "2014-1-3", "video": "SaiNr-pear4_tosi_ masin.mp3"}, "s_a_span": [104.03, 118.8], "file": "Saisiyat_Tong-he/SaiNr-pear4_tosi_ masin", "num": 44}], [45, {"ori": [], "gloss": [["...(1.5)", "", ""], ["'am'aemoeh", "quick", "<主焦>很快"], ["ra:iw", "AF.leave", "主焦.離開"], ["ila", "PFV", "完成"], ["o:./", "DM", "DM"]], "free": ["#e (The boy) left quickly.", "#c (男孩)很快的離開。"], "s_end": true, "iu_a_span": [118.8, 121.19], "meta": {"topic": "pear4", "type": "Narrative", "language": "賽夏語, Saisiyat, Saisiayt", "speaker": "徐年枝, tosi' masin, female, 1942-3-10", "collected": "2002-01-01", "revised": "2014-1-3", "video": "SaiNr-pear4_tosi_ masin.mp3"}, "s_a_span": [118.8, 121.19], "file": "Saisiyat_Tong-he/SaiNr-pear4_tosi_ masin", "num": 45}], [46, {"ori": [], "gloss": [["kita'-en", "see-PF", "看-受焦"], ["sasbong", "AF.meet", "主焦.遇見"], ["ila", "PFV", "完成"], ["ka==,/", "ACC", "受格"]], "free": [], "s_end": false, "iu_a_span": [121.19, 123.49], "meta": {"topic": "pear4", "type": "Narrative", "language": "賽夏語, Saisiyat, Saisiayt", "speaker": "徐年枝, tosi' masin, female, 1942-3-10", "collected": "2002-01-01", "revised": "2014-1-3", "video": "SaiNr-pear4_tosi_ masin.mp3"}, "file": "Saisiyat_Tong-he/SaiNr-pear4_tosi_ masin", "num": 46}], [47, {"ori": [], "gloss": [["...(0.8)", "", ""], ["kabinao'", "girl", "女孩"], ["noka", "GEN", "屬格"], ["ka-papama'-an.\\", "KA-ride-NMZ", "KA-騎-名物化"]], "free": ["#e (I) saw him run into a girl on a bike.", "#c (我)看到他撞到騎腳踏車的女孩。"], "s_end": true, "iu_a_span": [123.49, 125.65], "meta": {"topic": "pear4", "type": "Narrative", "language": "賽夏語, Saisiyat, Saisiayt", "speaker": "徐年枝, tosi' masin, female, 1942-3-10", "collected": "2002-01-01", "revised": "2014-1-3", "video": "SaiNr-pear4_tosi_ masin.mp3"}, "s_a_span": [121.19, 125.65], "file": "Saisiyat_Tong-he/SaiNr-pear4_tosi_ masin", "num": 47}], [48, {"ori": [], "gloss": [["...", "", ""], ["ka-papama'-an", "KA-ride-NMZ", "KA-騎-名物化"], ["lasia", "3PL.NOM", "3PL.主格"], ["sasbong./", "AF.meet", "主焦.遇見"]], "free": ["#e Their bikes bumped (into something/each other).", "#c 他們的腳踏車撞在一起。"], "s_end": true, "iu_a_span": [125.65, 128.48], "meta": {"topic": "pear4", "type": "Narrative", "language": "賽夏語, Saisiyat, Saisiayt", "speaker": "徐年枝, tosi' masin, female, 1942-3-10", "collected": "2002-01-01", "revised": "2014-1-3", "video": "SaiNr-pear4_tosi_ masin.mp3"}, "s_a_span": [125.65, 128.48], "file": "Saisiyat_Tong-he/SaiNr-pear4_tosi_ masin", "num": 48}], [49, {"ori": [], "gloss": [["...(1.5)", "", ""], ["o:", "DM", "DM"], ["sak-sakosiza", "RED-AF.turn.around", "重疊-主焦.東張西望"], ["XXX", "", ""], ["hiza", "that", "那"], ["kabinao'", "girl", "女孩"], ["sasbong.\\", "AF.meet", "主焦.遇見"]], "free": ["#e The boy looked around and bumped into the girl.", "#c 男孩東張西望, 就撞到那女孩。"], "s_end": true, "iu_a_span": [128.48, 133.01], "meta": {"topic": "pear4", "type": "Narrative", "language": "賽夏語, Saisiyat, Saisiayt", "speaker": "徐年枝, tosi' masin, female, 1942-3-10", "collected": "2002-01-01", "revised": "2014-1-3", "video": "SaiNr-pear4_tosi_ masin.mp3"}, "s_a_span": [128.48, 133.01], "file": "Saisiyat_Tong-he/SaiNr-pear4_tosi_ masin", "num": 49}], [50, {"ori": [], "gloss": [["...", "", ""], ["sak-sakosiza", "RED-AF.look.around", "重疊-主焦.東張西望"], ["kita'", "see", "<主焦>看"], ["hoN,/", "DM", "DM"]], "free": [], "s_end": false, "iu_a_span": [133.01, 135.63], "meta": {"topic": "pear4", "type": "Narrative", "language": "賽夏語, Saisiyat, Saisiayt", "speaker": "徐年枝, tosi' masin, female, 1942-3-10", "collected": "2002-01-01", "revised": "2014-1-3", "video": "SaiNr-pear4_tosi_ masin.mp3"}, "file": "Saisiyat_Tong-he/SaiNr-pear4_tosi_ masin", "num": 50}], [51, {"ori": [], "gloss": [["...(1.9)", "", ""], ["na==,/", "FIL", "FIL"]], "free": [], "s_end": false, "iu_a_span": [135.63, 138.33], "meta": {"topic": "pear4", "type": "Narrative", "language": "賽夏語, Saisiyat, Saisiayt", "speaker": "徐年枝, tosi' masin, female, 1942-3-10", "collected": "2002-01-01", "revised": "2014-1-3", "video": "SaiNr-pear4_tosi_ masin.mp3"}, "file": "Saisiyat_Tong-he/SaiNr-pear4_tosi_ masin", "num": 51}], [52, {"ori": [], "gloss": [["...", "", ""], ["ta-tono'", "Ca-bump", "Ca重疊-撞到"], ["ila", "PFV", "完成"], ["ray==", "LOC", "處格"], ["klobikol", "kick", "<主焦>踢"], ["ila", "PFV", "完成"], ["ray", "LOC", "處格"], ["bato'", "stone", "石頭"], ["babaw", "above", "上面"], ["bato'", "stone", "石頭"], ["a=,\\", "FIL", "FIL"]], "free": [], "s_end": false, "iu_a_span": [138.33, 143.38], "meta": {"topic": "pear4", "type": "Narrative", "language": "賽夏語, Saisiyat, Saisiayt", "speaker": "徐年枝, tosi' masin, female, 1942-3-10", "collected": "2002-01-01", "revised": "2014-1-3", "video": "SaiNr-pear4_tosi_ masin.mp3"}, "file": "Saisiyat_Tong-he/SaiNr-pear4_tosi_ masin", "num": 52}], [53, {"ori": [], "gloss": [["...", "", ""], ["m-alben", "AF-fall.down", "主焦-倒下"], ["ila", "PFV", "完成"], ["ngizo'", "AF.fall.down", "主焦-倒下"], ["ila,\\", "PFV", "完成"]], "free": [], "s_end": false, "iu_a_span": [143.38, 145.4], "meta": {"topic": "pear4", "type": "Narrative", "language": "賽夏語, Saisiyat, Saisiayt", "speaker": "徐年枝, tosi' masin, female, 1942-3-10", "collected": "2002-01-01", "revised": "2014-1-3", "video": "SaiNr-pear4_tosi_ masin.mp3"}, "file": "Saisiyat_Tong-he/SaiNr-pear4_tosi_ masin", "num": 53}], [54, {"ori": [], "gloss": [["...", "", ""], ["nisia", "3SG.GEN", "3SG.屬格"], ["ka", "NOM", "主格"], ["boway", "fruit", "水果"], ["ray", "LOC", "處格"], ["kala'", "basket", "籃子"], ["'am", "FUT", "未來"], ["losaah", "AF.spill", "主焦.撒"], ["ila", "PFV", "完成"], ["saboeh.\\", "all", "全部"]], "free": ["#e (The boy) fell down, and all the fruits in his basket were about to spill over the place.", "#c (男孩)跌倒 籃子裡所有的水果快要全部撒翻出來。"], "s_end": true, "iu_a_span": [145.4, 149.38], "meta": {"topic": "pear4", "type": "Narrative", "language": "賽夏語, Saisiyat, Saisiayt", "speaker": "徐年枝, tosi' masin, female, 1942-3-10", "collected": "2002-01-01", "revised": "2014-1-3", "video": "SaiNr-pear4_tosi_ masin.mp3"}, "s_a_span": [133.01, 149.38], "file": "Saisiyat_Tong-he/SaiNr-pear4_tosi_ masin", "num": 54}], [55, {"ori": [], "gloss": [["...", "", ""], ["'oka'", "NEG", "否定"], ["ila", "PFV", "完成"], ["isaa./", "there", "那裡"]], "free": ["#e (The fruits) are gone.", "#c (水果)全部掉了。"], "s_end": true, "iu_a_span": [149.38, 152.32], "meta": {"topic": "pear4", "type": "Narrative", "language": "賽夏語, Saisiyat, Saisiayt", "speaker": "徐年枝, tosi' masin, female, 1942-3-10", "collected": "2002-01-01", "revised": "2014-1-3", "video": "SaiNr-pear4_tosi_ masin.mp3"}, "s_a_span": [149.38, 152.32], "file": "Saisiyat_Tong-he/SaiNr-pear4_tosi_ masin", "num": 55}], [56, {"ori": [], "gloss": [["...(1.4)", "", ""], ["m-wa:i'", "AF-come", "主焦-來"], ["ila", "PFV", "完成"], ["en=,/", "FIL", "FIL"]], "free": [], "s_end": false, "iu_a_span": [152.32, 154.47], "meta": {"topic": "pear4", "type": "Narrative", "language": "賽夏語, Saisiyat, Saisiayt", "speaker": "徐年枝, tosi' masin, female, 1942-3-10", "collected": "2002-01-01", "revised": "2014-1-3", "video": "SaiNr-pear4_tosi_ masin.mp3"}, "file": "Saisiyat_Tong-he/SaiNr-pear4_tosi_ masin", "num": 56}], [57, {"ori": [], "gloss": [["...(1.1)", "", ""], ["kita',\\", "see", "<主焦>看"]], "free": [], "s_end": false, "iu_a_span": [154.47, 156.19], "meta": {"topic": "pear4", "type": "Narrative", "language": "賽夏語, Saisiyat, Saisiayt", "speaker": "徐年枝, tosi' masin, female, 1942-3-10", "collected": "2002-01-01", "revised": "2014-1-3", "video": "SaiNr-pear4_tosi_ masin.mp3"}, "file": "Saisiyat_Tong-he/SaiNr-pear4_tosi_ masin", "num": 57}], [58, {"ori": [], "gloss": [["...", "", ""], ["to:o'", "three", "三"], ["ka", "NOM", "主格"], ["korkoring", "child", "小孩"], ["kita',\\", "see", "<主焦>看"]], "free": [], "s_end": false, "iu_a_span": [156.19, 158.31], "meta": {"topic": "pear4", "type": "Narrative", "language": "賽夏語, Saisiyat, Saisiayt", "speaker": "徐年枝, tosi' masin, female, 1942-3-10", "collected": "2002-01-01", "revised": "2014-1-3", "video": "SaiNr-pear4_tosi_ masin.mp3"}, "file": "Saisiyat_Tong-he/SaiNr-pear4_tosi_ masin", "num": 58}], [59, {"ori": [], "gloss": [["...(1.1)", "", ""], ["kita'", "see", "<主焦>看"], ["hoN,/", "DM", "DM"]], "free": [], "s_end": false, "iu_a_span": [158.31, 160.26], "meta": {"topic": "pear4", "type": "Narrative", "language": "賽夏語, Saisiyat, Saisiayt", "speaker": "徐年枝, tosi' masin, female, 1942-3-10", "collected": "2002-01-01", "revised": "2014-1-3", "video": "SaiNr-pear4_tosi_ masin.mp3"}, "file": "Saisiyat_Tong-he/SaiNr-pear4_tosi_ masin", "num": 59}], [60, {"ori": [], "gloss": [["...", "", ""], ["m-wa:i'", "AF-come", "主焦-來"], ["tatilhaehael", "AF.help", "主焦.幫忙"], ["rokrok,/", "pick", "<主焦>摘"]], "free": [], "s_end": false, "iu_a_span": [160.26, 162.4], "meta": {"topic": "pear4", "type": "Narrative", "language": "賽夏語, Saisiyat, Saisiayt", "speaker": "徐年枝, tosi' masin, female, 1942-3-10", "collected": "2002-01-01", "revised": "2014-1-3", "video": "SaiNr-pear4_tosi_ masin.mp3"}, "file": "Saisiyat_Tong-he/SaiNr-pear4_tosi_ masin", "num": 60}], [61, {"ori": [], "gloss": [["...(0.9)", "", ""], ["ka", "ACC", "受格"], ["boway.\\", "fruit", "水果"]], "free": ["#e (I) saw three children coming to help (the boy) pick the fruits up.", "#c (我)看到三個小孩過來幫忙檢起水果。"], "s_end": true, "iu_a_span": [162.4, 164.02], "meta": {"topic": "pear4", "type": "Narrative", "language": "賽夏語, Saisiyat, Saisiayt", "speaker": "徐年枝, tosi' masin, female, 1942-3-10", "collected": "2002-01-01", "revised": "2014-1-3", "video": "SaiNr-pear4_tosi_ masin.mp3"}, "s_a_span": [152.32, 164.02], "file": "Saisiyat_Tong-he/SaiNr-pear4_tosi_ masin", "num": 61}], [62, {"ori": [], "gloss": [["...", "", ""], ["rokrok-on", "pick-PF", "摘-受焦"], ["ray", "LOC", "處格"], ["kala'", "basket", "籃子"], ["isa'an,\\", "now", "現在"]], "free": [], "s_end": false, "iu_a_span": [164.02, 166.21], "meta": {"topic": "pear4", "type": "Narrative", "language": "賽夏語, Saisiyat, Saisiayt", "speaker": "徐年枝, tosi' masin, female, 1942-3-10", "collected": "2002-01-01", "revised": "2014-1-3", "video": "SaiNr-pear4_tosi_ masin.mp3"}, "file": "Saisiyat_Tong-he/SaiNr-pear4_tosi_ masin", "num": 62}], [63, {"ori": [], "gloss": [["...", "", ""], ["'aehae'", "one", "一"], ["mae'iyaeh", "person", "人"], ["m-wa:i'", "AF-come", "主焦-來"], ["poehpoeh", "AF.shake", "主焦.拍"], ["ka", "ACC", "受格"], ["kaybae:en.\\", "clothes", "衣服"]], "free": ["#e And then (they were putting the fruits that had been picked) into the basket. A person came to shake the dirt off (his) clothes.", "#c 然後他們就把水果放進籃子裡 有一個人過來拍掉他衣服上的灰塵。"], "s_end": true, "iu_a_span": [166.21, 168.67], "meta": {"topic": "pear4", "type": "Narrative", "language": "賽夏語, Saisiyat, Saisiayt", "speaker": "徐年枝, tosi' masin, female, 1942-3-10", "collected": "2002-01-01", "revised": "2014-1-3", "video": "SaiNr-pear4_tosi_ masin.mp3"}, "s_a_span": [164.02, 168.67], "file": "Saisiyat_Tong-he/SaiNr-pear4_tosi_ masin", "num": 63}], [64, {"ori": [], "gloss": [["...(0.8)", "", ""], ["m-wa:i'", "AF-come", "主焦-來"], ["ila", "PFV", "完成"], ["sia./", "3SG.NOM", "3SG.主格"]], "free": [], "s_end": false, "iu_a_span": [168.67, 170.11], "meta": {"topic": "pear4", "type": "Narrative", "language": "賽夏語, Saisiyat, Saisiayt", "speaker": "徐年枝, tosi' masin, female, 1942-3-10", "collected": "2002-01-01", "revised": "2014-1-3", "video": "SaiNr-pear4_tosi_ masin.mp3"}, "file": "Saisiyat_Tong-he/SaiNr-pear4_tosi_ masin", "num": 64}], [65, {"ori": [], "gloss": [["...(0.8)", "", ""], ["sisil-in", "lift-PF", "提起-受焦"], ["tatilhaehael", "AF.help", "主焦.幫忙"], ["sisil-in", "lift-PF", "提起-受焦"], ["ray", "LOC", "處格"], ["ka-papama'-an.\\", "KA-ride-NMZ", "KA-騎-名物化"]], "free": ["#e (There) came (a boy who) helped lift (the basket) onto the bike.", "#c 有一個男孩過來幫忙把籃子提到腳踏車上。"], "s_end": true, "iu_a_span": [170.11, 173.61], "meta": {"topic": "pear4", "type": "Narrative", "language": "賽夏語, Saisiyat, Saisiayt", "speaker": "徐年枝, tosi' masin, female, 1942-3-10", "collected": "2002-01-01", "revised": "2014-1-3", "video": "SaiNr-pear4_tosi_ masin.mp3"}, "s_a_span": [168.67, 173.61], "file": "Saisiyat_Tong-he/SaiNr-pear4_tosi_ masin", "num": 65}], [66, {"ori": [], "gloss": [["...(0.8)", "", ""], ["o:", "DM", "DM"], ["...", "", ""], ["sasiwazay", "AF.part.ways", "主焦.分開"], ["ila,\\", "PFV", "完成"]], "free": [], "s_end": false, "iu_a_span": [173.61, 176.0], "meta": {"topic": "pear4", "type": "Narrative", "language": "賽夏語, Saisiyat, Saisiayt", "speaker": "徐年枝, tosi' masin, female, 1942-3-10", "collected": "2002-01-01", "revised": "2014-1-3", "video": "SaiNr-pear4_tosi_ masin.mp3"}, "file": "Saisiyat_Tong-he/SaiNr-pear4_tosi_ masin", "num": 66}], [67, {"ori": [], "gloss": [["...", "", ""]], "free": ["#e", "#c", "#n 泰雅語", "#n Note: Atayal"], "s_end": true, "iu_a_span": [176.0, 176.96], "meta": {"topic": "pear4", "type": "Narrative", "language": "賽夏語, Saisiyat, Saisiayt", "speaker": "徐年枝, tosi' masin, female, 1942-3-10", "collected": "2002-01-01", "revised": "2014-1-3", "video": "SaiNr-pear4_tosi_ masin.mp3"}, "s_a_span": [173.61, 176.96], "file": "Saisiyat_Tong-he/SaiNr-pear4_tosi_ masin", "num": 67}], [68, {"ori": [], "gloss": [["...(0.8)", "", ""], ["rima'", "AF.go", "主焦.走"], ["ila", "PFV", "完成"], ["lasia", "3PL.NOM", "3PL.主格"], ["to:o'", "three", "三"], ["mae'iyaeh", "person", "人"], ["ma'", "also", "也"], ["'ima", "PROG", "進行"], ["sasiwazay.\\", "AF.part.ways", "主焦.分開"]], "free": ["#e The three persons left and they parted ways.", "#c 那三個人離開, 然後他們就分開了。"], "s_end": true, "iu_a_span": [176.96, 180.75], "meta": {"topic": "pear4", "type": "Narrative", "language": "賽夏語, Saisiyat, Saisiayt", "speaker": "徐年枝, tosi' masin, female, 1942-3-10", "collected": "2002-01-01", "revised": "2014-1-3", "video": "SaiNr-pear4_tosi_ masin.mp3"}, "s_a_span": [176.96, 180.75], "file": "Saisiyat_Tong-he/SaiNr-pear4_tosi_ masin", "num": 68}], [69, {"ori": [], "gloss": [["...", "", ""], ["o:", "DM", "DM"], ["hiza", "there", "那裡"], ["to:o'", "three", "三"], ["mae'iyaeh", "person", "人"], ["kita'", "see", "<主焦>看"], ["hiza", "there", "那裡"], ["ka", "ACC", "受格"], ["tatpo'.\\", "hat", "帽子"]], "free": ["#e The three persons saw a hat there.", "#c 那三個人看到一個帽子在那裡。"], "s_end": true, "iu_a_span": [180.75, 183.79], "meta": {"topic": "pear4", "type": "Narrative", "language": "賽夏語, Saisiyat, Saisiayt", "speaker": "徐年枝, tosi' masin, female, 1942-3-10", "collected": "2002-01-01", "revised": "2014-1-3", "video": "SaiNr-pear4_tosi_ masin.mp3"}, "s_a_span": [180.75, 183.79], "file": "Saisiyat_Tong-he/SaiNr-pear4_tosi_ masin", "num": 69}], [70, {"ori": [], "gloss": [["...(1.5)", "", ""], ["e==", "FIL", "FIL"], ["si-ngowip", "RF-forget", "指焦-忘記"], ["ila", "PFV", "完成"], ["nisia", "3SG.GEN", "3SG.屬格"], ["ka", "NOM", "主格"], ["tatpo==", "hat", "帽子"], ["nisia", "3SG.GEN", "3SG.屬格"], ["si-'oe'oe", "RF-call", "指焦-叫"], ["koSa'en,/", "COMP", "補語詞"]], "free": [], "s_end": false, "iu_a_span": [183.79, 188.51], "meta": {"topic": "pear4", "type": "Narrative", "language": "賽夏語, Saisiyat, Saisiayt", "speaker": "徐年枝, tosi' masin, female, 1942-3-10", "collected": "2002-01-01", "revised": "2014-1-3", "video": "SaiNr-pear4_tosi_ masin.mp3"}, "file": "Saisiyat_Tong-he/SaiNr-pear4_tosi_ masin", "num": 70}], [71, {"ori": [], "gloss": [["..", "", ""], ["o:", "DM", "DM"], ["niSo", "2SG.GEN", "2SG.屬格"], ["tatpo'", "hat", "帽子"], ["hini.\\", "this", "這個"]], "free": ["#e (The boy) forgot his hat. (One of the three children) called him and said, \"this is your hat.", "#c 男孩忘了他的帽子。 有一個小孩就叫他, 然後說\"這是你的帽子\"。"], "s_end": true, "iu_a_span": [188.51, 190.15], "meta": {"topic": "pear4", "type": "Narrative", "language": "賽夏語, Saisiyat, Saisiayt", "speaker": "徐年枝, tosi' masin, female, 1942-3-10", "collected": "2002-01-01", "revised": "2014-1-3", "video": "SaiNr-pear4_tosi_ masin.mp3"}, "s_a_span": [183.79, 190.15], "file": "Saisiyat_Tong-he/SaiNr-pear4_tosi_ masin", "num": 71}], [72, {"ori": [], "gloss": [["...(1.2)", "", ""], ["mari'-in", "take-PF", "拿-PF"], ["lobih", "AF.return", "主焦.回頭"], ["rima'", "AF.go", "主焦.走"], ["min-obih", "MIN-return", "MIN-還"], ["ka==,/", "FIL", "FIL"]], "free": [], "s_end": false, "iu_a_span": [190.15, 193.86], "meta": {"topic": "pear4", "type": "Narrative", "language": "賽夏語, Saisiyat, Saisiayt", "speaker": "徐年枝, tosi' masin, female, 1942-3-10", "collected": "2002-01-01", "revised": "2014-1-3", "video": "SaiNr-pear4_tosi_ masin.mp3"}, "file": "Saisiyat_Tong-he/SaiNr-pear4_tosi_ masin", "num": 72}], [73, {"ori": [], "gloss": [["...(0.8)", "", ""], ["mo-bay", "AF-give", "主焦-給"], ["ka", "ACC", "受格"], ["tatpo'.\\", "hat", "帽子"]], "free": ["#e The child returned and went to give him back the hat.", "#c 小孩回頭把帽子還給他。"], "s_end": true, "iu_a_span": [193.86, 195.91], "meta": {"topic": "pear4", "type": "Narrative", "language": "賽夏語, Saisiyat, Saisiayt", "speaker": "徐年枝, tosi' masin, female, 1942-3-10", "collected": "2002-01-01", "revised": "2014-1-3", "video": "SaiNr-pear4_tosi_ masin.mp3"}, "s_a_span": [190.15, 195.91], "file": "Saisiyat_Tong-he/SaiNr-pear4_tosi_ masin", "num": 73}], [74, {"ori": [], "gloss": [["...(1.6)", "", ""], ["o:", "DM", "DM"], ["'ima", "PROG", "進行"], ["koSa:", "say", "<主焦>說"], ["ma'alo", "thank", "謝謝"], ["isaa", "there", "那裡"], ["boway-en", "give-PF", "給-受焦"], ["papna'aehae'", "one.for.each", "一人一個"], ["ka==,/", "NOM", "主格"]], "free": [], "s_end": false, "iu_a_span": [195.91, 200.95], "meta": {"topic": "pear4", "type": "Narrative", "language": "賽夏語, Saisiyat, Saisiayt", "speaker": "徐年枝, tosi' masin, female, 1942-3-10", "collected": "2002-01-01", "revised": "2014-1-3", "video": "SaiNr-pear4_tosi_ masin.mp3"}, "file": "Saisiyat_Tong-he/SaiNr-pear4_tosi_ masin", "num": 74}], [75, {"ori": [], "gloss": [["...", "", ""], ["boway", "fruit", "水果"], ["...", "", ""], ["to:o'--", "three", "三"], ["..", "", ""], ["to:o'", "person", "人"], ["mae'iyaeh", "there", "那裡"], ["isaa", "3PL.NOM", "3PL.主格"], ["lasia", "AF.part.ways", "主焦.分開"], ["sasiwazay.\\", "", ""]], "free": ["#e (He) thanked (the children) and gave each of the three a fruit; then they left.", "#c 他謝謝那些小孩。然後給他們三人每人一個水果, 然後就離開。"], "s_end": true, "iu_a_span": [200.95, 204.87], "meta": {"topic": "pear4", "type": "Narrative", "language": "賽夏語, Saisiyat, Saisiayt", "speaker": "徐年枝, tosi' masin, female, 1942-3-10", "collected": "2002-01-01", "revised": "2014-1-3", "video": "SaiNr-pear4_tosi_ masin.mp3"}, "s_a_span": [195.91, 204.87], "file": "Saisiyat_Tong-he/SaiNr-pear4_tosi_ masin", "num": 75}], [76, {"ori": [], "gloss": [["...", "", ""], ["kamamanra:an", "man", "男人"], ["..", "", ""], ["rima'", "AF.go", "主焦.走"], ["ila./", "PFV", "完成"]], "free": ["#e The boy left.", "#c 男孩離開了。"], "s_end": true, "iu_a_span": [204.87, 207.0], "meta": {"topic": "pear4", "type": "Narrative", "language": "賽夏語, Saisiyat, Saisiayt", "speaker": "徐年枝, tosi' masin, female, 1942-3-10", "collected": "2002-01-01", "revised": "2014-1-3", "video": "SaiNr-pear4_tosi_ masin.mp3"}, "s_a_span": [204.87, 207.0], "file": "Saisiyat_Tong-he/SaiNr-pear4_tosi_ masin", "num": 76}], [77, {"ori": [], "gloss": [["..", "", ""], ["e=,\\", "FIL", "FIL"]], "free": [], "s_end": false, "iu_a_span": [207.0, 207.28], "meta": {"topic": "pear4", "type": "Narrative", "language": "賽夏語, Saisiyat, Saisiayt", "speaker": "徐年枝, tosi' masin, female, 1942-3-10", "collected": "2002-01-01", "revised": "2014-1-3", "video": "SaiNr-pear4_tosi_ masin.mp3"}, "file": "Saisiyat_Tong-he/SaiNr-pear4_tosi_ masin", "num": 77}], [78, {"ori": [], "gloss": [["...(0.8)", "", ""], ["rima'", "AF.go", "主焦.走"], ["ila", "PFV", "完成"], ["m==ya", "mya", "mya"], ["to:o'", "three", "三"], ["mae'iyaeh", "person", "人"], ["ma./", "also", "也"]], "free": [], "s_end": false, "iu_a_span": [207.28, 209.75], "meta": {"topic": "pear4", "type": "Narrative", "language": "賽夏語, Saisiyat, Saisiayt", "speaker": "徐年枝, tosi' masin, female, 1942-3-10", "collected": "2002-01-01", "revised": "2014-1-3", "video": "SaiNr-pear4_tosi_ masin.mp3"}, "file": "Saisiyat_Tong-he/SaiNr-pear4_tosi_ masin", "num": 78}], [79, {"ori": [], "gloss": [["rima'", "AF.go", "主焦.走"], ["ila.\\", "PFV", "完成"]], "free": ["#e The three persons also went away.", "#c 三個人也走了。"], "s_end": true, "iu_a_span": [209.75, 210.41], "meta": {"topic": "pear4", "type": "Narrative", "language": "賽夏語, Saisiyat, Saisiayt", "speaker": "徐年枝, tosi' masin, female, 1942-3-10", "collected": "2002-01-01", "revised": "2014-1-3", "video": "SaiNr-pear4_tosi_ masin.mp3"}, "s_a_span": [207.0, 210.41], "file": "Saisiyat_Tong-he/SaiNr-pear4_tosi_ masin", "num": 79}], [80, {"ori": [], "gloss": [["...(1.0)", "", ""], ["hiza", "there", "那"], ["baki'", "grandfather", "祖父"], ["'ima", "PROG", "進行"], ["rokrok", "pick", "<主焦>摘"], ["ka", "ACC", "受格"], ["boway", "fruit", "水果"], ["kasra:i'", "AF.move.down", "主焦.下來"], ["ila./", "PFV", "完成"]], "free": ["#e The old man picking fruits there climbed down (the tree).", "#c 那個摘水果的老人從樹上爬下來。"], "s_end": true, "iu_a_span": [210.41, 214.31], "meta": {"topic": "pear4", "type": "Narrative", "language": "賽夏語, Saisiyat, Saisiayt", "speaker": "徐年枝, tosi' masin, female, 1942-3-10", "collected": "2002-01-01", "revised": "2014-1-3", "video": "SaiNr-pear4_tosi_ masin.mp3"}, "s_a_span": [210.41, 214.31], "file": "Saisiyat_Tong-he/SaiNr-pear4_tosi_ masin", "num": 80}], [81, {"ori": [], "gloss": [["...(1.6)", "", ""], ["koSa:", "say", "<主焦>說"], ["hayno'", "where", "哪裡"], ["ila", "PFV", "完成"], ["ma'an", "1SG.GEN", "1SG.屬格"], ["kala'", "basket", "籃子"], ["hini',/", "this", "這裡"]], "free": [], "s_end": false, "iu_a_span": [214.31, 217.92], "meta": {"topic": "pear4", "type": "Narrative", "language": "賽夏語, Saisiyat, Saisiayt", "speaker": "徐年枝, tosi' masin, female, 1942-3-10", "collected": "2002-01-01", "revised": "2014-1-3", "video": "SaiNr-pear4_tosi_ masin.mp3"}, "file": "Saisiyat_Tong-he/SaiNr-pear4_tosi_ masin", "num": 81}], [82, {"ori": [], "gloss": [["'ima", "PROG", "進行"], ["to:o'", "three", "三"], ["o:", "DM", "DM"], ["'am,\\", "FUT", "未來"]], "free": [], "s_end": false, "iu_a_span": [217.92, 219.53], "meta": {"topic": "pear4", "type": "Narrative", "language": "賽夏語, Saisiyat, Saisiayt", "speaker": "徐年枝, tosi' masin, female, 1942-3-10", "collected": "2002-01-01", "revised": "2014-1-3", "video": "SaiNr-pear4_tosi_ masin.mp3"}, "file": "Saisiyat_Tong-he/SaiNr-pear4_tosi_ masin", "num": 82}], [83, {"ori": [], "gloss": [["...(0.9)", "", ""], ["'aehae'", "one", "一"], ["'ima", "PROG", "進行"], ["mayhae'hae'", "AF.full", "主焦.滿"], ["ray", "LOC", "處格"], ["kala',/", "basket", "籃子"]], "free": [], "s_end": false, "iu_a_span": [219.53, 222.32], "meta": {"topic": "pear4", "type": "Narrative", "language": "賽夏語, Saisiyat, Saisiayt", "speaker": "徐年枝, tosi' masin, female, 1942-3-10", "collected": "2002-01-01", "revised": "2014-1-3", "video": "SaiNr-pear4_tosi_ masin.mp3"}, "file": "Saisiyat_Tong-he/SaiNr-pear4_tosi_ masin", "num": 83}], [84, {"ori": [], "gloss": [["hayno'", "where", "哪裡"], ["ila./", "PFV", "完成"]], "free": ["#e Where are my baskets here? There were three. One basket was filled with fruits. Where is it?", "#c 有一個裝滿水果的籃子哪裡去了?"], "s_end": true, "iu_a_span": [222.32, 223.42], "meta": {"topic": "pear4", "type": "Narrative", "language": "賽夏語, Saisiyat, Saisiayt", "speaker": "徐年枝, tosi' masin, female, 1942-3-10", "collected": "2002-01-01", "revised": "2014-1-3", "video": "SaiNr-pear4_tosi_ masin.mp3"}, "s_a_span": [214.31, 223.42], "file": "Saisiyat_Tong-he/SaiNr-pear4_tosi_ masin", "num": 84}], [85, {"ori": [], "gloss": [["...(0.8)", "", ""], ["'-az-'azem", "-RED-heart", "<主焦>重疊-心"], ["kita'", "see", "<主焦>看"], ["hayza'", "EXIST", "存在"], ["to:o',/", "three", "三"]], "free": [], "s_end": false, "iu_a_span": [223.42, 225.92], "meta": {"topic": "pear4", "type": "Narrative", "language": "賽夏語, Saisiyat, Saisiayt", "speaker": "徐年枝, tosi' masin, female, 1942-3-10", "collected": "2002-01-01", "revised": "2014-1-3", "video": "SaiNr-pear4_tosi_ masin.mp3"}, "file": "Saisiyat_Tong-he/SaiNr-pear4_tosi_ masin", "num": 85}], [86, {"ori": [], "gloss": [["mae'iyaeh", "person", "人"], ["may", "AF.move.by", "主焦.經過"], ["isaza", "there", "那裡"], ["korkoring.\\", "child", "小孩"]], "free": ["#e (He) thought he saw there were three boys passing by there.", "#c 他看到三個小孩經過那裡心想。"], "s_end": true, "iu_a_span": [225.92, 227.77], "meta": {"topic": "pear4", "type": "Narrative", "language": "賽夏語, Saisiyat, Saisiayt", "speaker": "徐年枝, tosi' masin, female, 1942-3-10", "collected": "2002-01-01", "revised": "2014-1-3", "video": "SaiNr-pear4_tosi_ masin.mp3"}, "s_a_span": [223.42, 227.77], "file": "Saisiyat_Tong-he/SaiNr-pear4_tosi_ masin", "num": 86}], [87, {"ori": [], "gloss": [["...(0.8)", "", ""], ["ray", "LOC", "處格"], ["hima'", "hand", "手"], ["papna'aehae'", "everyone", "每一"], ["ka", "NOM", "主格"], ["boway.\\", "fruit", "水果"]], "free": ["#e Each with a fruit on his hand.", "#c 每個人手上都有一個水果。"], "s_end": true, "iu_a_span": [227.77, 230.27], "meta": {"topic": "pear4", "type": "Narrative", "language": "賽夏語, Saisiyat, Saisiayt", "speaker": "徐年枝, tosi' masin, female, 1942-3-10", "collected": "2002-01-01", "revised": "2014-1-3", "video": "SaiNr-pear4_tosi_ masin.mp3"}, "s_a_span": [227.77, 230.27], "file": "Saisiyat_Tong-he/SaiNr-pear4_tosi_ masin", "num": 87}], [88, {"ori": [], "gloss": [["...(3.6)", "", ""], ["eh==,/", "FIL", "FIL"]], "free": [], "s_end": false, "iu_a_span": [230.27, 234.55], "meta": {"topic": "pear4", "type": "Narrative", "language": "賽夏語, Saisiyat, Saisiayt", "speaker": "徐年枝, tosi' masin, female, 1942-3-10", "collected": "2002-01-01", "revised": "2014-1-3", "video": "SaiNr-pear4_tosi_ masin.mp3"}, "file": "Saisiyat_Tong-he/SaiNr-pear4_tosi_ masin", "num": 88}], [89, {"ori": [], "gloss": [["...(0.8)", "", ""], ["(H)", "", ""], ["'oka'", "NEG", "否定"], ["ila", "PFV", "完成"], [".\\", "", ""]], "free": ["#e That's all. Hahaha.", "#c 沒有了 哈哈哈。"], "s_end": true, "iu_a_span": [234.55, 236.81], "meta": {"topic": "pear4", "type": "Narrative", "language": "賽夏語, Saisiyat, Saisiayt", "speaker": "徐年枝, tosi' masin, female, 1942-3-10", "collected": "2002-01-01", "revised": "2014-1-3", "video": "SaiNr-pear4_tosi_ masin.mp3"}, "s_a_span": [230.27, 236.81], "file": "Saisiyat_Tong-he/SaiNr-pear4_tosi_ masin", "num": 89}]], "meta": {"topic": "pear4", "type": "Narrative", "language": "賽夏語, Saisiyat, Saisiayt", "speaker": "徐年枝, tosi' masin, female, 1942-3-10", "collected": "2002-01-01", "revised": "2014-1-3", "video": "SaiNr-pear4_tosi_ masin.mp3"}}