{"glosses": [[1, {"ori": [], "gloss": [["kakhayza'a==n", "before", "之前"], ["tatini',\\", "ancestor", "祖先"]], "free": [], "s_end": false, "iu_a_span": [2.45, 4.04], "meta": {"topic": "flood", "type": "Narrative", "language": "賽夏語, Saisiyat, Saisiyat", "speaker": "風玉雲, waon a bo:ong, female, 1943-2-28", "collected": "2003-01-01", "revised": "None", "video": "SaiNr-flood_waon a boong.mp3"}, "file": "Saisiyat_Tong-he/SaiNr-flood_waon a boong", "num": 1}], [2, {"ori": [], "gloss": [["...", "", ""], ["pa-'alowa'", "CAU-entrust", "使役-委託"], ["ka", "ACC", "受格"], ["minayhael.\\", "descendants", "後代"]], "free": ["#e Once upon a time, our ancestors told their descendants ...", "#c 從前，祖先告訴他們的子女，"], "s_end": true, "iu_a_span": [4.04, 5.99], "meta": {"topic": "flood", "type": "Narrative", "language": "賽夏語, Saisiyat, Saisiyat", "speaker": "風玉雲, waon a bo:ong, female, 1943-2-28", "collected": "2003-01-01", "revised": "None", "video": "SaiNr-flood_waon a boong.mp3"}, "s_a_span": [2.45, 5.99], "file": "Saisiyat_Tong-he/SaiNr-flood_waon a boong", "num": 2}], [3, {"ori": [], "gloss": [["...(1.3)", "", ""], ["mita'", "1IPL.GEN", "1IPL.屬格"], ["oemaeh", "land", "土地"], ["ray", "LOC", "處格"], ["horok,/", "flatland", "平地"]], "free": ["#e In our flatland in the mountain,", "#c 我們山上的地，"], "s_end": true, "iu_a_span": [5.99, 8.85], "meta": {"topic": "flood", "type": "Narrative", "language": "賽夏語, Saisiyat, Saisiyat", "speaker": "風玉雲, waon a bo:ong, female, 1943-2-28", "collected": "2003-01-01", "revised": "None", "video": "SaiNr-flood_waon a boong.mp3"}, "s_a_span": [5.99, 8.85], "file": "Saisiyat_Tong-he/SaiNr-flood_waon a boong", "num": 3}], [4, {"ori": [], "gloss": [["...(2.8)", "", ""], ["m-wa:i'", "AF-come", "主焦-來"], ["ila", "PFV", "完成"], ["'aehae'", "one", "一"], ["mae'iyaeh,/", "man", "人"]], "free": [], "s_end": false, "iu_a_span": [8.85, 12.54], "meta": {"topic": "flood", "type": "Narrative", "language": "賽夏語, Saisiyat, Saisiyat", "speaker": "風玉雲, waon a bo:ong, female, 1943-2-28", "collected": "2003-01-01", "revised": "None", "video": "SaiNr-flood_waon a boong.mp3"}, "file": "Saisiyat_Tong-he/SaiNr-flood_waon a boong", "num": 4}], [5, {"ori": [], "gloss": [["...(0.8)", "", ""], ["rima',/", "AF.go", "主焦.去"]], "free": [], "s_end": false, "iu_a_span": [12.54, 13.74], "meta": {"topic": "flood", "type": "Narrative", "language": "賽夏語, Saisiyat, Saisiyat", "speaker": "風玉雲, waon a bo:ong, female, 1943-2-28", "collected": "2003-01-01", "revised": "None", "video": "SaiNr-flood_waon a boong.mp3"}, "file": "Saisiyat_Tong-he/SaiNr-flood_waon a boong", "num": 5}], [6, {"ori": [], "gloss": [["...", "", ""], ["mayaka:i'", "AF.say", "主焦.說"], ["ka(no)", "DAT", "予格"], ["'ima", "ima", "ima"], ["haebae:an", "many", "多"], ["koSa:==,\\", "say", "<主焦>說"]], "free": [], "s_end": false, "iu_a_span": [13.74, 16.34], "meta": {"topic": "flood", "type": "Narrative", "language": "賽夏語, Saisiyat, Saisiyat", "speaker": "風玉雲, waon a bo:ong, female, 1943-2-28", "collected": "2003-01-01", "revised": "None", "video": "SaiNr-flood_waon a boong.mp3"}, "file": "Saisiyat_Tong-he/SaiNr-flood_waon a boong", "num": 6}], [7, {"ori": [], "gloss": [["...(0.8)", "", ""], ["paskayzaeh", "AF.do", "主焦.做"], ["ka", "ACC", "受格"], ["palono'./", "boat", "船"]], "free": ["#e There came a man who told the people to build a boat.", "#c 有一個人來跟大家說，要造一艘船。"], "s_end": true, "iu_a_span": [16.34, 18.33], "meta": {"topic": "flood", "type": "Narrative", "language": "賽夏語, Saisiyat, Saisiyat", "speaker": "風玉雲, waon a bo:ong, female, 1943-2-28", "collected": "2003-01-01", "revised": "None", "video": "SaiNr-flood_waon a boong.mp3"}, "s_a_span": [8.85, 18.33], "file": "Saisiyat_Tong-he/SaiNr-flood_waon a boong", "num": 7}], [8, {"ori": [], "gloss": [["...(1.9)", "", ""], ["'ima", "ima", "ima"], ["haebae'an", "many", "多"], ["mae'iyaeh,/", "man", "人"]], "free": [], "s_end": false, "iu_a_span": [18.33, 20.94], "meta": {"topic": "flood", "type": "Narrative", "language": "賽夏語, Saisiyat, Saisiyat", "speaker": "風玉雲, waon a bo:ong, female, 1943-2-28", "collected": "2003-01-01", "revised": "None", "video": "SaiNr-flood_waon a boong.mp3"}, "file": "Saisiyat_Tong-he/SaiNr-flood_waon a boong", "num": 8}], [9, {"ori": [], "gloss": [["...", "", ""], ["toe'aewhay", "oppose", "<主焦>反對"], ["ka", "ACC", "受格"], ["ka:i'.\\", "word", "話"]], "free": ["#e The people did not listen to him.", "#c 大家都不聽他的話。"], "s_end": true, "iu_a_span": [20.94, 22.23], "meta": {"topic": "flood", "type": "Narrative", "language": "賽夏語, Saisiyat, Saisiyat", "speaker": "風玉雲, waon a bo:ong, female, 1943-2-28", "collected": "2003-01-01", "revised": "None", "video": "SaiNr-flood_waon a boong.mp3"}, "s_a_span": [18.33, 22.23], "file": "Saisiyat_Tong-he/SaiNr-flood_waon a boong", "num": 9}], [10, {"ori": [], "gloss": [["...(2.4)", "", ""], ["rima'", "AF.go", "主焦.去"], ["kalkalsiri==',\\", "around", "到處"]], "free": [], "s_end": false, "iu_a_span": [22.23, 25.83], "meta": {"topic": "flood", "type": "Narrative", "language": "賽夏語, Saisiyat, Saisiyat", "speaker": "風玉雲, waon a bo:ong, female, 1943-2-28", "collected": "2003-01-01", "revised": "None", "video": "SaiNr-flood_waon a boong.mp3"}, "file": "Saisiyat_Tong-he/SaiNr-flood_waon a boong", "num": 10}], [11, {"ori": [], "gloss": [["...", "", ""], ["ka", "ACC", "受格"], ["mae'iyaeh", "man", "人"], ["sa'sa'i:in", "each", "各"], ["'aehae'", "one", "一"], ["taew'an", "house", "家"], ["koSa:==,/", "say", "<主焦>說"]], "free": [], "s_end": false, "iu_a_span": [25.83, 28.42], "meta": {"topic": "flood", "type": "Narrative", "language": "賽夏語, Saisiyat, Saisiyat", "speaker": "風玉雲, waon a bo:ong, female, 1943-2-28", "collected": "2003-01-01", "revised": "None", "video": "SaiNr-flood_waon a boong.mp3"}, "file": "Saisiyat_Tong-he/SaiNr-flood_waon a boong", "num": 11}], [12, {"ori": [], "gloss": [["...", "", ""], ["paskayzaeh", "AF.do", "主焦.做"], ["ka", "ACC", "受格"], ["palono'./", "boat", "船"]], "free": ["#e He went around and told each family to build a boat.", "#c 他走到各家，吩咐他們要造船。"], "s_end": true, "iu_a_span": [28.42, 29.95], "meta": {"topic": "flood", "type": "Narrative", "language": "賽夏語, Saisiyat, Saisiyat", "speaker": "風玉雲, waon a bo:ong, female, 1943-2-28", "collected": "2003-01-01", "revised": "None", "video": "SaiNr-flood_waon a boong.mp3"}, "s_a_span": [22.23, 29.95], "file": "Saisiyat_Tong-he/SaiNr-flood_waon a boong", "num": 12}], [13, {"ori": [], "gloss": [["...(2.0)", "", ""], ["mae'iyaeh", "man", "人"], ["'okay", "NEG", "否定"], ["pa-ka:i'", "CAU-word", "使役-話"], ["saboeh./", "all", "所有"]], "free": ["#e Nobody paid attention to him.", "#c 沒有人聽他的話。"], "s_end": true, "iu_a_span": [29.95, 33.25], "meta": {"topic": "flood", "type": "Narrative", "language": "賽夏語, Saisiyat, Saisiyat", "speaker": "風玉雲, waon a bo:ong, female, 1943-2-28", "collected": "2003-01-01", "revised": "None", "video": "SaiNr-flood_waon a boong.mp3"}, "s_a_span": [29.95, 33.25], "file": "Saisiyat_Tong-he/SaiNr-flood_waon a boong", "num": 13}], [14, {"ori": [], "gloss": [["...", "", ""], ["koSa'en", "FIL", "FIL"], ["So:", "COND", "條件詞"], ["moyo", "2PL.NOM", "2PL.主格"], ["kay", "NEG", "否定"], ["pa-ka:i',\\", "CAU-word", "使役-話"]], "free": [], "s_end": false, "iu_a_span": [33.25, 34.64], "meta": {"topic": "flood", "type": "Narrative", "language": "賽夏語, Saisiyat, Saisiyat", "speaker": "風玉雲, waon a bo:ong, female, 1943-2-28", "collected": "2003-01-01", "revised": "None", "video": "SaiNr-flood_waon a boong.mp3"}, "file": "Saisiyat_Tong-he/SaiNr-flood_waon a boong", "num": 14}], [15, {"ori": [], "gloss": [["hini", "this", "這裡"], ["nila", "PFV", "完成"], ["'oemaeh", "land", "地"], ["'am", "FUT", "未來"], ["hinaw", "sink", "沈"], ["ila./", "PFV", "完成"]], "free": ["#e He said that if they didn't believe, their land will sink.", "#c 他們若不相信，他們的地都會沈下去。"], "s_end": true, "iu_a_span": [34.64, 36.21], "meta": {"topic": "flood", "type": "Narrative", "language": "賽夏語, Saisiyat, Saisiyat", "speaker": "風玉雲, waon a bo:ong, female, 1943-2-28", "collected": "2003-01-01", "revised": "None", "video": "SaiNr-flood_waon a boong.mp3"}, "s_a_span": [33.25, 36.21], "file": "Saisiyat_Tong-he/SaiNr-flood_waon a boong", "num": 15}], [16, {"ori": [], "gloss": [["...(1.4)", "", ""], ["mae'iyaeh", "man", "人"], ["'okay", "NEG", "否定"], ["pa-ka:i'", "CAU-word", "使役-話"], ["saboeh==,/", "all", "一切"]], "free": [], "s_end": false, "iu_a_span": [36.21, 38.6], "meta": {"topic": "flood", "type": "Narrative", "language": "賽夏語, Saisiyat, Saisiyat", "speaker": "風玉雲, waon a bo:ong, female, 1943-2-28", "collected": "2003-01-01", "revised": "None", "video": "SaiNr-flood_waon a boong.mp3"}, "file": "Saisiyat_Tong-he/SaiNr-flood_waon a boong", "num": 16}], [17, {"ori": [], "gloss": [["...", "", ""], ["'aehae'", "one", "一"], ["taew'an", "house", "家"], ["'ima", "PROG", "進行"], ["pa-ka:i'.\\", "CAU-word", "使役-話"]], "free": ["#e Everybody did not believe him, except for one family.", "#c 除了一個家庭之外，沒有人相信他。"], "s_end": true, "iu_a_span": [38.6, 39.97], "meta": {"topic": "flood", "type": "Narrative", "language": "賽夏語, Saisiyat, Saisiyat", "speaker": "風玉雲, waon a bo:ong, female, 1943-2-28", "collected": "2003-01-01", "revised": "None", "video": "SaiNr-flood_waon a boong.mp3"}, "s_a_span": [36.21, 39.97], "file": "Saisiyat_Tong-he/SaiNr-flood_waon a boong", "num": 17}], [18, {"ori": [], "gloss": [["...", "", ""], ["kalahaeng-en", "protect-PF", "保護-受焦"], ["noka==,/", "GEN", "屬格"]], "free": [], "s_end": false, "iu_a_span": [39.97, 41.21], "meta": {"topic": "flood", "type": "Narrative", "language": "賽夏語, Saisiyat, Saisiyat", "speaker": "風玉雲, waon a bo:ong, female, 1943-2-28", "collected": "2003-01-01", "revised": "None", "video": "SaiNr-flood_waon a boong.mp3"}, "file": "Saisiyat_Tong-he/SaiNr-flood_waon a boong", "num": 18}], [19, {"ori": [], "gloss": [["...", "", ""], ["noka", "GEN", "屬格"], ["koSa'en", "FIL", "FIL"], ["ka==,/", "NOM", "主格"]], "free": [], "s_end": false, "iu_a_span": [41.21, 43.13], "meta": {"topic": "flood", "type": "Narrative", "language": "賽夏語, Saisiyat, Saisiyat", "speaker": "風玉雲, waon a bo:ong, female, 1943-2-28", "collected": "2003-01-01", "revised": "None", "video": "SaiNr-flood_waon a boong.mp3"}, "file": "Saisiyat_Tong-he/SaiNr-flood_waon a boong", "num": 19}], [20, {"ori": [], "gloss": [["...", "", ""], ["'ima", "PROG", "進行"], ["hara:i'", "dirty", "骯髒"], ["mae'iyaeh", "man", "人"], ["isaa", "there", "那裡"], ["'ima", "PROG", "進行"], ["hara:i'", "dirty", "骯髒"], ["ma", "also", "也"], ["rima'", "AF.go", "主焦.去"], ["ka", "NOM", "主格"], ["samiyan.\\", "god", "神"]], "free": ["#e The gods will protect those who believe.", "#c 神會保護相信他的人。"], "s_end": true, "iu_a_span": [43.13, 46.36], "meta": {"topic": "flood", "type": "Narrative", "language": "賽夏語, Saisiyat, Saisiyat", "speaker": "風玉雲, waon a bo:ong, female, 1943-2-28", "collected": "2003-01-01", "revised": "None", "video": "SaiNr-flood_waon a boong.mp3"}, "s_a_span": [39.97, 46.36], "file": "Saisiyat_Tong-he/SaiNr-flood_waon a boong", "num": 20}], [21, {"ori": [], "gloss": [["...(1.9)", "", ""], ["o:,/", "one", "一"]], "free": [], "s_end": false, "iu_a_span": [46.36, 48.64], "meta": {"topic": "flood", "type": "Narrative", "language": "賽夏語, Saisiyat, Saisiyat", "speaker": "風玉雲, waon a bo:ong, female, 1943-2-28", "collected": "2003-01-01", "revised": "None", "video": "SaiNr-flood_waon a boong.mp3"}, "file": "Saisiyat_Tong-he/SaiNr-flood_waon a boong", "num": 21}], [22, {"ori": [], "gloss": [["...(3.3)", "", ""], ["sizaeh", "finish", "完成"], ["'ima==,/", "PROG", "進行"]], "free": [], "s_end": false, "iu_a_span": [48.64, 52.63], "meta": {"topic": "flood", "type": "Narrative", "language": "賽夏語, Saisiyat, Saisiyat", "speaker": "風玉雲, waon a bo:ong, female, 1943-2-28", "collected": "2003-01-01", "revised": "None", "video": "SaiNr-flood_waon a boong.mp3"}, "file": "Saisiyat_Tong-he/SaiNr-flood_waon a boong", "num": 22}], [23, {"ori": [], "gloss": [["..", "", ""], ["pa-ka:i'", "CAU-word", "使役-話"], ["mae'iyaeh,/", "man", "人"]], "free": [], "s_end": false, "iu_a_span": [52.63, 53.57], "meta": {"topic": "flood", "type": "Narrative", "language": "賽夏語, Saisiyat, Saisiyat", "speaker": "風玉雲, waon a bo:ong, female, 1943-2-28", "collected": "2003-01-01", "revised": "None", "video": "SaiNr-flood_waon a boong.mp3"}, "file": "Saisiyat_Tong-he/SaiNr-flood_waon a boong", "num": 23}], [24, {"ori": [], "gloss": [["...(1.0)", "", ""], ["paskayzaeh", "AF.do", "主焦.做"], ["ila", "PFV", "完成"], ["ka", "ACC", "受格"], ["palono'.\\", "boat", "船"]], "free": ["#e After the dirty person, who is a god, convinced the family, they believed and started to build a boat.", "#c 有一家人聽完那人的話，就相信他，開始造船。"], "s_end": true, "iu_a_span": [53.57, 55.48], "meta": {"topic": "flood", "type": "Narrative", "language": "賽夏語, Saisiyat, Saisiyat", "speaker": "風玉雲, waon a bo:ong, female, 1943-2-28", "collected": "2003-01-01", "revised": "None", "video": "SaiNr-flood_waon a boong.mp3"}, "s_a_span": [46.36, 55.48], "file": "Saisiyat_Tong-he/SaiNr-flood_waon a boong", "num": 24}], [25, {"ori": [], "gloss": [["...(3.0)", "", ""], ["paskayzaeh", "AF.do", "<完成>主焦.做"], ["hini", "this", "這個"], ["mwahil,\\", "wide", "寬"]], "free": [], "s_end": false, "iu_a_span": [55.48, 59.67], "meta": {"topic": "flood", "type": "Narrative", "language": "賽夏語, Saisiyat, Saisiyat", "speaker": "風玉雲, waon a bo:ong, female, 1943-2-28", "collected": "2003-01-01", "revised": "None", "video": "SaiNr-flood_waon a boong.mp3"}, "file": "Saisiyat_Tong-he/SaiNr-flood_waon a boong", "num": 25}], [26, {"ori": [], "gloss": [["...", "", ""], ["yo:", "INT", "感嘆"], ["sobaoeh,/", "big", "大"]], "free": ["#e The boat was wide and big.", "#c 船寬又大。"], "s_end": true, "iu_a_span": [59.67, 60.84], "meta": {"topic": "flood", "type": "Narrative", "language": "賽夏語, Saisiyat, Saisiyat", "speaker": "風玉雲, waon a bo:ong, female, 1943-2-28", "collected": "2003-01-01", "revised": "None", "video": "SaiNr-flood_waon a boong.mp3"}, "s_a_span": [55.48, 60.84], "file": "Saisiyat_Tong-he/SaiNr-flood_waon a boong", "num": 26}], [27, {"ori": [], "gloss": [["...", "", ""], ["hoenaehngewa", "long", "長時間"], ["'atomal", "very", "很"], ["'am", "FUT", "未來"], ["paskayzaeh.\\", "AF.do", "主焦.做"]], "free": ["#e It took a long time to build the boat.", "#c 造船需要很長的時間。"], "s_end": true, "iu_a_span": [60.84, 62.67], "meta": {"topic": "flood", "type": "Narrative", "language": "賽夏語, Saisiyat, Saisiyat", "speaker": "風玉雲, waon a bo:ong, female, 1943-2-28", "collected": "2003-01-01", "revised": "None", "video": "SaiNr-flood_waon a boong.mp3"}, "s_a_span": [60.84, 62.67], "file": "Saisiyat_Tong-he/SaiNr-flood_waon a boong", "num": 27}], [28, {"ori": [], "gloss": [["...(7.4)", "", ""], ["kayzaeh", "AF.good", "主焦.好"], ["ila", "PFV", "完成"], ["paskayzae==h,\\", "AF.do", "<完成>主焦.做"]], "free": ["#e Finally, the boat was completed.", "#c 船做完以後，"], "s_end": true, "iu_a_span": [62.67, 71.13], "meta": {"topic": "flood", "type": "Narrative", "language": "賽夏語, Saisiyat, Saisiyat", "speaker": "風玉雲, waon a bo:ong, female, 1943-2-28", "collected": "2003-01-01", "revised": "None", "video": "SaiNr-flood_waon a boong.mp3"}, "s_a_span": [62.67, 71.13], "file": "Saisiyat_Tong-he/SaiNr-flood_waon a boong", "num": 28}], [29, {"ori": [], "gloss": [["...", "", ""], ["samiyan", "god", "神"], ["m-wa:i'", "AF-come", "主焦-來"], ["ila", "PFV", "完成"], ["kita=='.\\", "see", "<主焦>看"]], "free": ["#e And the god came to see it.", "#c 神就來看看。"], "s_end": true, "iu_a_span": [71.13, 72.76], "meta": {"topic": "flood", "type": "Narrative", "language": "賽夏語, Saisiyat, Saisiyat", "speaker": "風玉雲, waon a bo:ong, female, 1943-2-28", "collected": "2003-01-01", "revised": "None", "video": "SaiNr-flood_waon a boong.mp3"}, "s_a_span": [71.13, 72.76], "file": "Saisiyat_Tong-he/SaiNr-flood_waon a boong", "num": 29}], [30, {"ori": [], "gloss": [["...", "", ""], ["koSa:", "say", "<主焦>說"], ["kayzaeh", "AF.good", "主焦.好"], ["ila", "PFV", "完成"], ["paskayzaeh,\\", "AF.do", "<完成>主焦.做"]], "free": [], "s_end": false, "iu_a_span": [72.76, 74.85], "meta": {"topic": "flood", "type": "Narrative", "language": "賽夏語, Saisiyat, Saisiyat", "speaker": "風玉雲, waon a bo:ong, female, 1943-2-28", "collected": "2003-01-01", "revised": "None", "video": "SaiNr-flood_waon a boong.mp3"}, "file": "Saisiyat_Tong-he/SaiNr-flood_waon a boong", "num": 30}], [31, {"ori": [], "gloss": [["...", "", ""], ["niSo'", "2SG.GEN", "2SG.屬格"], ["ka", "NOM", "主格"], ["palono==.\\", "boat", "船"]], "free": ["#e And said, your boat has been finished.", "#c 他說，你們的船造好了。"], "s_end": true, "iu_a_span": [74.85, 76.28], "meta": {"topic": "flood", "type": "Narrative", "language": "賽夏語, Saisiyat, Saisiyat", "speaker": "風玉雲, waon a bo:ong, female, 1943-2-28", "collected": "2003-01-01", "revised": "None", "video": "SaiNr-flood_waon a boong.mp3"}, "s_a_span": [72.76, 76.28], "file": "Saisiyat_Tong-he/SaiNr-flood_waon a boong", "num": 31}], [32, {"ori": [], "gloss": [["...(1.2)", "", ""], ["o:,\\", "FIL", "FIL"]], "free": [], "s_end": false, "iu_a_span": [76.28, 77.85], "meta": {"topic": "flood", "type": "Narrative", "language": "賽夏語, Saisiyat, Saisiyat", "speaker": "風玉雲, waon a bo:ong, female, 1943-2-28", "collected": "2003-01-01", "revised": "None", "video": "SaiNr-flood_waon a boong.mp3"}, "file": "Saisiyat_Tong-he/SaiNr-flood_waon a boong", "num": 32}], [33, {"ori": [], "gloss": [["...(0.8)", "", ""], ["So:", "COND", "條件詞"], ["kayzaeh", "AF.good", "主焦.好"], ["ila==,/", "PFV", "完成"]], "free": ["#e If it has been finished,", "#c 如果做好了，"], "s_end": true, "iu_a_span": [77.85, 79.28], "meta": {"topic": "flood", "type": "Narrative", "language": "賽夏語, Saisiyat, Saisiyat", "speaker": "風玉雲, waon a bo:ong, female, 1943-2-28", "collected": "2003-01-01", "revised": "None", "video": "SaiNr-flood_waon a boong.mp3"}, "s_a_span": [76.28, 79.28], "file": "Saisiyat_Tong-he/SaiNr-flood_waon a boong", "num": 33}], [34, {"ori": [], "gloss": [["..", "", ""], ["So:", "COND", "條件詞"], ["noka", "GEN", "屬格"], ["hiza,\\", "there", "那裡"]], "free": [], "s_end": false, "iu_a_span": [79.28, 79.92], "meta": {"topic": "flood", "type": "Narrative", "language": "賽夏語, Saisiyat, Saisiyat", "speaker": "風玉雲, waon a bo:ong, female, 1943-2-28", "collected": "2003-01-01", "revised": "None", "video": "SaiNr-flood_waon a boong.mp3"}, "file": "Saisiyat_Tong-he/SaiNr-flood_waon a boong", "num": 34}], [35, {"ori": [], "gloss": [["..", "", ""], ["samiyan", "god", "神"], ["ka", "KA", "KA"], ["'ima", "IMA", "IMA"], ["hara:i'", "dirty", "骯髒"], ["sin'olan,\\", "appearance", "外表"]], "free": [], "s_end": false, "iu_a_span": [79.92, 81.42], "meta": {"topic": "flood", "type": "Narrative", "language": "賽夏語, Saisiyat, Saisiyat", "speaker": "風玉雲, waon a bo:ong, female, 1943-2-28", "collected": "2003-01-01", "revised": "None", "video": "SaiNr-flood_waon a boong.mp3"}, "file": "Saisiyat_Tong-he/SaiNr-flood_waon a boong", "num": 35}], [36, {"ori": [], "gloss": [["..", "", ""], ["si'-leb", "RF-imprison", "指焦-監禁"], ["ka-sinpan-an.\\", "KA-raise-NMZ", "KA-養大-名物化"]], "free": ["#e The god, the man with dirty appearance, (called and) kept the animals inside.", "#c 外表骯髒的神就把所有的動物叫進船裡。"], "s_end": true, "iu_a_span": [81.42, 82.65], "meta": {"topic": "flood", "type": "Narrative", "language": "賽夏語, Saisiyat, Saisiyat", "speaker": "風玉雲, waon a bo:ong, female, 1943-2-28", "collected": "2003-01-01", "revised": "None", "video": "SaiNr-flood_waon a boong.mp3"}, "s_a_span": [79.28, 82.65], "file": "Saisiyat_Tong-he/SaiNr-flood_waon a boong", "num": 36}], [37, {"ori": [], "gloss": [["...", "", ""], ["sinpan-an", "raise-NMZ", "養-名物化"], ["m-wa:i'", "AF-come", "主焦-來"], ["ila", "PFV", "完成"], ["saboeh./", "all", "一切"]], "free": ["#e All the animals came.", "#c 所有的動物都來了。"], "s_end": true, "iu_a_span": [82.65, 84.34], "meta": {"topic": "flood", "type": "Narrative", "language": "賽夏語, Saisiyat, Saisiyat", "speaker": "風玉雲, waon a bo:ong, female, 1943-2-28", "collected": "2003-01-01", "revised": "None", "video": "SaiNr-flood_waon a boong.mp3"}, "s_a_span": [82.65, 84.34], "file": "Saisiyat_Tong-he/SaiNr-flood_waon a boong", "num": 37}], [38, {"ori": [], "gloss": [["...(1.7)", "", ""], ["palono'", "boat", "船"], ["kayzaeh", "AF.good", "主焦.好"], ["ila", "PFV", "完成"], ["nisia.\\", "3SG.GEN", "3SG.屬格"]], "free": ["#e His boat was finished.", "#c 他的船造好了。"], "s_end": true, "iu_a_span": [84.34, 89.32], "meta": {"topic": "flood", "type": "Narrative", "language": "賽夏語, Saisiyat, Saisiyat", "speaker": "風玉雲, waon a bo:ong, female, 1943-2-28", "collected": "2003-01-01", "revised": "None", "video": "SaiNr-flood_waon a boong.mp3"}, "s_a_span": [84.34, 89.32], "file": "Saisiyat_Tong-he/SaiNr-flood_waon a boong", "num": 38}], [39, {"ori": [], "gloss": [["...", "", ""], ["'a-'apol-on", "RED-distribute-PF", "重疊-分配-受焦"], ["ila./", "PFV", "完成"]], "free": ["#e They were assigned spaces.", "#c 分配了位子給他們。"], "s_end": true, "iu_a_span": [89.32, 90.51], "meta": {"topic": "flood", "type": "Narrative", "language": "賽夏語, Saisiyat, Saisiyat", "speaker": "風玉雲, waon a bo:ong, female, 1943-2-28", "collected": "2003-01-01", "revised": "None", "video": "SaiNr-flood_waon a boong.mp3"}, "s_a_span": [89.32, 90.51], "file": "Saisiyat_Tong-he/SaiNr-flood_waon a boong", "num": 39}], [40, {"ori": [], "gloss": [["...", "", ""], ["ka==,\\", "FIL", "FIL"]], "free": [], "s_end": false, "iu_a_span": [90.51, 91.31], "meta": {"topic": "flood", "type": "Narrative", "language": "賽夏語, Saisiyat, Saisiyat", "speaker": "風玉雲, waon a bo:ong, female, 1943-2-28", "collected": "2003-01-01", "revised": "None", "video": "SaiNr-flood_waon a boong.mp3"}, "file": "Saisiyat_Tong-he/SaiNr-flood_waon a boong", "num": 40}], [41, {"ori": [], "gloss": [["...(0.8)", "", ""], ["si-'oe'oe", "RF-call", "指焦-呼叫"], ["ila", "PFV", "完成"], ["ka-sinpan-an,\\", "KA-raise-NMZ", "KA-養-名物化"]], "free": [], "s_end": false, "iu_a_span": [91.31, 93.19], "meta": {"topic": "flood", "type": "Narrative", "language": "賽夏語, Saisiyat, Saisiyat", "speaker": "風玉雲, waon a bo:ong, female, 1943-2-28", "collected": "2003-01-01", "revised": "None", "video": "SaiNr-flood_waon a boong.mp3"}, "file": "Saisiyat_Tong-he/SaiNr-flood_waon a boong", "num": 41}], [42, {"ori": [], "gloss": [["...", "", ""], ["si'-leb", "RF-imprison", "指焦-囚禁"], ["ila", "PFV", "完成"], ["ray==,\\", "LOC", "處格"]], "free": [], "s_end": false, "iu_a_span": [93.19, 94.48], "meta": {"topic": "flood", "type": "Narrative", "language": "賽夏語, Saisiyat, Saisiyat", "speaker": "風玉雲, waon a bo:ong, female, 1943-2-28", "collected": "2003-01-01", "revised": "None", "video": "SaiNr-flood_waon a boong.mp3"}, "file": "Saisiyat_Tong-he/SaiNr-flood_waon a boong", "num": 42}], [43, {"ori": [], "gloss": [["..", "", ""], ["'aehae'", "one", "一"], ["kas--", "FS", "FS"], ["ka-a'leb-an.\\", "KA-keep-NMZ", "KA-保護-名物化"]], "free": ["#e They were called and kept in a room.", "#c 所有的動物叫去關在房間裡面。"], "s_end": true, "iu_a_span": [94.48, 95.98], "meta": {"topic": "flood", "type": "Narrative", "language": "賽夏語, Saisiyat, Saisiyat", "speaker": "風玉雲, waon a bo:ong, female, 1943-2-28", "collected": "2003-01-01", "revised": "None", "video": "SaiNr-flood_waon a boong.mp3"}, "s_a_span": [90.51, 95.98], "file": "Saisiyat_Tong-he/SaiNr-flood_waon a boong", "num": 43}], [44, {"ori": [], "gloss": [["...(1.0)", "", ""], ["ka==,\\", "FIL", "FIL"]], "free": [], "s_end": false, "iu_a_span": [95.98, 97.41], "meta": {"topic": "flood", "type": "Narrative", "language": "賽夏語, Saisiyat, Saisiyat", "speaker": "風玉雲, waon a bo:ong, female, 1943-2-28", "collected": "2003-01-01", "revised": "None", "video": "SaiNr-flood_waon a boong.mp3"}, "file": "Saisiyat_Tong-he/SaiNr-flood_waon a boong", "num": 44}], [45, {"ori": [], "gloss": [["...", "", ""], ["pazay", "rice", "米"], ["ma'", "too", "也"], ["nonak,/", "self", "各自"]], "free": [], "s_end": false, "iu_a_span": [97.41, 98.96], "meta": {"topic": "flood", "type": "Narrative", "language": "賽夏語, Saisiyat, Saisiyat", "speaker": "風玉雲, waon a bo:ong, female, 1943-2-28", "collected": "2003-01-01", "revised": "None", "video": "SaiNr-flood_waon a boong.mp3"}, "file": "Saisiyat_Tong-he/SaiNr-flood_waon a boong", "num": 45}], [46, {"ori": [], "gloss": [["..", "", ""], ["ralom", "water", "水"], ["ma'", "too", "也"], ["nonak,/", "self", "各自"]], "free": [], "s_end": false, "iu_a_span": [98.96, 99.85], "meta": {"topic": "flood", "type": "Narrative", "language": "賽夏語, Saisiyat, Saisiyat", "speaker": "風玉雲, waon a bo:ong, female, 1943-2-28", "collected": "2003-01-01", "revised": "None", "video": "SaiNr-flood_waon a boong.mp3"}, "file": "Saisiyat_Tong-he/SaiNr-flood_waon a boong", "num": 46}], [47, {"ori": [], "gloss": [["..", "", ""], ["'ahoe'", "dog", "狗"], ["ma'", "too", "也"], ["nonak", "self", "各自"], ["mae'iyaeh", "man", "人"], ["ma'", "too", "也"], ["nonak.\\", "self", "各自"]], "free": ["#e There was room for putting the rice and water, as well as for the animals and the family members.", "#c 有地方放米，有地方放水，有地方放狗，每個人都有各自的地方。"], "s_end": true, "iu_a_span": [99.85, 101.42], "meta": {"topic": "flood", "type": "Narrative", "language": "賽夏語, Saisiyat, Saisiyat", "speaker": "風玉雲, waon a bo:ong, female, 1943-2-28", "collected": "2003-01-01", "revised": "None", "video": "SaiNr-flood_waon a boong.mp3"}, "s_a_span": [95.98, 101.42], "file": "Saisiyat_Tong-he/SaiNr-flood_waon a boong", "num": 47}], [48, {"ori": [], "gloss": [["...(0.9)", "", ""], ["pak-'isaza", "CAU-there", "使役-那裡"], ["pa-kas-'aboe-en", "CAU-towards-inside-PF", "使役-向-內-受焦"], ["ka==,/", "NOM", "主格"]], "free": [], "s_end": false, "iu_a_span": [101.42, 104.17], "meta": {"topic": "flood", "type": "Narrative", "language": "賽夏語, Saisiyat, Saisiyat", "speaker": "風玉雲, waon a bo:ong, female, 1943-2-28", "collected": "2003-01-01", "revised": "None", "video": "SaiNr-flood_waon a boong.mp3"}, "file": "Saisiyat_Tong-he/SaiNr-flood_waon a boong", "num": 48}], [49, {"ori": [], "gloss": [["...(1.2)", "", ""], ["sinpan-an", "raise-NMZ", "養-名物化"], ["maybi:il", "later", "往後"], ["ila", "PFV", "完成"], ["ka", "NOM", "主格"], ["mae'iyaeh./", "man", "人"]], "free": ["#e The animals were brought first into the boat. The people entered last.", "#c 動物先帶進船內；人最後進去。"], "s_end": true, "iu_a_span": [104.17, 107.19], "meta": {"topic": "flood", "type": "Narrative", "language": "賽夏語, Saisiyat, Saisiyat", "speaker": "風玉雲, waon a bo:ong, female, 1943-2-28", "collected": "2003-01-01", "revised": "None", "video": "SaiNr-flood_waon a boong.mp3"}, "s_a_span": [101.42, 107.19], "file": "Saisiyat_Tong-he/SaiNr-flood_waon a boong", "num": 49}], [50, {"ori": [], "gloss": [["...", "", ""], ["kas-'aboe'", "towards-inside", "往-裡面"], ["rima'", "AF.go", "主焦.去"], ["ila", "PFV", "完成"], ["hao", "there", "那裡"], ["'izo'./", "inside", "裡面"]], "free": ["#e They entered inside.", "#c 他們進去裡面。"], "s_end": true, "iu_a_span": [107.19, 109.69], "meta": {"topic": "flood", "type": "Narrative", "language": "賽夏語, Saisiyat, Saisiyat", "speaker": "風玉雲, waon a bo:ong, female, 1943-2-28", "collected": "2003-01-01", "revised": "None", "video": "SaiNr-flood_waon a boong.mp3"}, "s_a_span": [107.19, 109.69], "file": "Saisiyat_Tong-he/SaiNr-flood_waon a boong", "num": 50}], [51, {"ori": [], "gloss": [["...", "", ""], ["rima',/", "AF.go", "主焦.去"]], "free": [], "s_end": false, "iu_a_span": [109.69, 110.48], "meta": {"topic": "flood", "type": "Narrative", "language": "賽夏語, Saisiyat, Saisiyat", "speaker": "風玉雲, waon a bo:ong, female, 1943-2-28", "collected": "2003-01-01", "revised": "None", "video": "SaiNr-flood_waon a boong.mp3"}, "file": "Saisiyat_Tong-he/SaiNr-flood_waon a boong", "num": 51}], [52, {"ori": [], "gloss": [["...(1.4)", "", ""], ["sik--", "FS", "FS"], ["..", "", ""], ["noka", "GEN", "屬格"], ["hiza", "there", "那裡"], ["'ima==,/", "IMA", "IMA"]], "free": [], "s_end": false, "iu_a_span": [110.48, 113.48], "meta": {"topic": "flood", "type": "Narrative", "language": "賽夏語, Saisiyat, Saisiyat", "speaker": "風玉雲, waon a bo:ong, female, 1943-2-28", "collected": "2003-01-01", "revised": "None", "video": "SaiNr-flood_waon a boong.mp3"}, "file": "Saisiyat_Tong-he/SaiNr-flood_waon a boong", "num": 52}], [53, {"ori": [], "gloss": [["..", "", ""], ["hara:i'", "dirty", "骯髒"], ["mae'iyaeh", "man", "人"], ["noka", "GEN", "屬格"], ["samiyan", "god", "神"], ["koSa'-en,\\", "say-PF", "說-受焦"]], "free": ["#e The dirty man said to them,", "#c 骯髒的人告訴他們說，"], "s_end": true, "iu_a_span": [113.48, 115.15], "meta": {"topic": "flood", "type": "Narrative", "language": "賽夏語, Saisiyat, Saisiyat", "speaker": "風玉雲, waon a bo:ong, female, 1943-2-28", "collected": "2003-01-01", "revised": "None", "video": "SaiNr-flood_waon a boong.mp3"}, "s_a_span": [109.69, 115.15], "file": "Saisiyat_Tong-he/SaiNr-flood_waon a boong", "num": 53}], [54, {"ori": [], "gloss": [["...(0.8)", "", ""], ["so:", "COND", "條件詞"], ["rini'", "here", "這裡"], ["aboe'", "inside", "裡面"], ["soks--", "FS", "FS"], ["..", "", ""], ["tasok--,\\", "FS", "FS"]], "free": [], "s_end": false, "iu_a_span": [115.15, 117.51], "meta": {"topic": "flood", "type": "Narrative", "language": "賽夏語, Saisiyat, Saisiyat", "speaker": "風玉雲, waon a bo:ong, female, 1943-2-28", "collected": "2003-01-01", "revised": "None", "video": "SaiNr-flood_waon a boong.mp3"}, "file": "Saisiyat_Tong-he/SaiNr-flood_waon a boong", "num": 54}], [55, {"ori": [], "gloss": [["...", "", ""], ["soksok", "close", "鎖住"], ["takahini", "like.this", "像這樣"], ["takahini", "like.this", "像這樣"], ["soksok./", "close", "鎖住"]], "free": ["#e Close it like this inside.", "#c 裡面要這樣鎖住。"], "s_end": true, "iu_a_span": [117.51, 119.37], "meta": {"topic": "flood", "type": "Narrative", "language": "賽夏語, Saisiyat, Saisiyat", "speaker": "風玉雲, waon a bo:ong, female, 1943-2-28", "collected": "2003-01-01", "revised": "None", "video": "SaiNr-flood_waon a boong.mp3"}, "s_a_span": [115.15, 119.37], "file": "Saisiyat_Tong-he/SaiNr-flood_waon a boong", "num": 55}], [56, {"ori": [], "gloss": [["...", "", ""], ["yako", "1SG.NOM", "1SG.主格"], ["latar", "outside", "外面"], ["ta-soksok", "EXHORT-close", "EXHORT-鎖住"], ["iso'on", "2SG.ACC", "2SG.受格"], ["'inimon", "2PL.DAT", "2PL.予格"], ["ila", "PFV", "完成"], ["hao", "there", "那裡"], ["'izo'./", "inside", "裡面"]], "free": ["#e I will lock you inside from outside; you will be inside.", "#c 我要從外面把門反鎖；你們都在裡面。"], "s_end": true, "iu_a_span": [119.37, 121.95], "meta": {"topic": "flood", "type": "Narrative", "language": "賽夏語, Saisiyat, Saisiyat", "speaker": "風玉雲, waon a bo:ong, female, 1943-2-28", "collected": "2003-01-01", "revised": "None", "video": "SaiNr-flood_waon a boong.mp3"}, "s_a_span": [119.37, 121.95], "file": "Saisiyat_Tong-he/SaiNr-flood_waon a boong", "num": 56}], [57, {"ori": [], "gloss": [["...", "", ""], ["o:", "DM", "DM"], ["So:", "COND", "條件詞"], ["m-wa:i'", "AF-come", "主焦-來"], ["ka", "NOM", "主格"], ["mae'iyaeh,/", "man", "人"]], "free": [], "s_end": false, "iu_a_span": [121.95, 123.42], "meta": {"topic": "flood", "type": "Narrative", "language": "賽夏語, Saisiyat, Saisiyat", "speaker": "風玉雲, waon a bo:ong, female, 1943-2-28", "collected": "2003-01-01", "revised": "None", "video": "SaiNr-flood_waon a boong.mp3"}, "file": "Saisiyat_Tong-he/SaiNr-flood_waon a boong", "num": 57}], [58, {"ori": [], "gloss": [["koSa:", "say", "<主焦>說"], ["haewaeh", "open", "打開"], ["'izi'", "NEG", "否定"], ["ila", "PFV", "完成"], ["i:", "LNK", "LNK"], ["haewaeh.\\", "open", "打開"]], "free": ["#e If somebody comes, do not open it.", "#c 若有人來，不要打開門。"], "s_end": true, "iu_a_span": [123.42, 125.11], "meta": {"topic": "flood", "type": "Narrative", "language": "賽夏語, Saisiyat, Saisiyat", "speaker": "風玉雲, waon a bo:ong, female, 1943-2-28", "collected": "2003-01-01", "revised": "None", "video": "SaiNr-flood_waon a boong.mp3"}, "s_a_span": [121.95, 125.11], "file": "Saisiyat_Tong-he/SaiNr-flood_waon a boong", "num": 58}], [59, {"ori": [], "gloss": [["...", "", ""], ["o:,\\", "FIL", "FIL"]], "free": [], "s_end": false, "iu_a_span": [125.11, 125.58], "meta": {"topic": "flood", "type": "Narrative", "language": "賽夏語, Saisiyat, Saisiyat", "speaker": "風玉雲, waon a bo:ong, female, 1943-2-28", "collected": "2003-01-01", "revised": "None", "video": "SaiNr-flood_waon a boong.mp3"}, "file": "Saisiyat_Tong-he/SaiNr-flood_waon a boong", "num": 59}], [60, {"ori": [], "gloss": [["...", "", ""], ["'izi'", "NEG", "否定"], ["'atomal", "really", "真正"], ["'izi'", "NEG", "否定"], ["haewaeh.\\", "AF.open", "主焦.打開"]], "free": ["#e Don't open it.", "#c 不要打開門。"], "s_end": true, "iu_a_span": [125.58, 127.21], "meta": {"topic": "flood", "type": "Narrative", "language": "賽夏語, Saisiyat, Saisiyat", "speaker": "風玉雲, waon a bo:ong, female, 1943-2-28", "collected": "2003-01-01", "revised": "None", "video": "SaiNr-flood_waon a boong.mp3"}, "s_a_span": [125.11, 127.21], "file": "Saisiyat_Tong-he/SaiNr-flood_waon a boong", "num": 60}], [61, {"ori": [], "gloss": [["...(1.2)", "", ""], ["a:h,\\", "FIL", "FIL"]], "free": [], "s_end": false, "iu_a_span": [127.21, 128.67], "meta": {"topic": "flood", "type": "Narrative", "language": "賽夏語, Saisiyat, Saisiyat", "speaker": "風玉雲, waon a bo:ong, female, 1943-2-28", "collected": "2003-01-01", "revised": "None", "video": "SaiNr-flood_waon a boong.mp3"}, "file": "Saisiyat_Tong-he/SaiNr-flood_waon a boong", "num": 61}], [62, {"ori": [], "gloss": [["...(3.4)", "", ""], ["inaray", "from", "從"], ["isaza,/", "that.time", "那時候"]], "free": [], "s_end": false, "iu_a_span": [128.67, 132.62], "meta": {"topic": "flood", "type": "Narrative", "language": "賽夏語, Saisiyat, Saisiyat", "speaker": "風玉雲, waon a bo:ong, female, 1943-2-28", "collected": "2003-01-01", "revised": "None", "video": "SaiNr-flood_waon a boong.mp3"}, "file": "Saisiyat_Tong-he/SaiNr-flood_waon a boong", "num": 62}], [63, {"ori": [], "gloss": [["...", "", ""], ["soksok-on", "close-PF", "鎖住-受焦"], ["aboe',/", "inside", "裡面"]], "free": [], "s_end": false, "iu_a_span": [132.62, 133.65], "meta": {"topic": "flood", "type": "Narrative", "language": "賽夏語, Saisiyat, Saisiyat", "speaker": "風玉雲, waon a bo:ong, female, 1943-2-28", "collected": "2003-01-01", "revised": "None", "video": "SaiNr-flood_waon a boong.mp3"}, "file": "Saisiyat_Tong-he/SaiNr-flood_waon a boong", "num": 63}], [64, {"ori": [], "gloss": [["..", "", ""], ["soksok-on", "close-PF", "鎖住-受焦"], ["latar.\\", "outside", "外面"]], "free": ["#e The boat was locked from inside and outside.", "#c 船的裡面和外面都鎖住。"], "s_end": true, "iu_a_span": [133.65, 134.62], "meta": {"topic": "flood", "type": "Narrative", "language": "賽夏語, Saisiyat, Saisiyat", "speaker": "風玉雲, waon a bo:ong, female, 1943-2-28", "collected": "2003-01-01", "revised": "None", "video": "SaiNr-flood_waon a boong.mp3"}, "s_a_span": [127.21, 134.62], "file": "Saisiyat_Tong-he/SaiNr-flood_waon a boong", "num": 64}], [65, {"ori": [], "gloss": [["...(1.3)", "", ""], ["honaha:i'", "not.long", "不久"], ["m-wa:i'", "AF-come", "主焦-來"], ["ila", "PFV", "完成"], ["ka", "NOM", "主格"], ["'a-'oeral.\\", "Ca-rain", "Ca重疊-下雨"]], "free": ["#e It rained not long after that.", "#c 不久之後就下雨了。"], "s_end": true, "iu_a_span": [134.62, 137.2], "meta": {"topic": "flood", "type": "Narrative", "language": "賽夏語, Saisiyat, Saisiyat", "speaker": "風玉雲, waon a bo:ong, female, 1943-2-28", "collected": "2003-01-01", "revised": "None", "video": "SaiNr-flood_waon a boong.mp3"}, "s_a_span": [134.62, 137.2], "file": "Saisiyat_Tong-he/SaiNr-flood_waon a boong", "num": 65}], [66, {"ori": [], "gloss": [["...", "", ""], ["'oeral", "rain", "<主焦>下雨"], ["ila,\\", "PFV", "完成"]], "free": [], "s_end": false, "iu_a_span": [137.2, 138.32], "meta": {"topic": "flood", "type": "Narrative", "language": "賽夏語, Saisiyat, Saisiyat", "speaker": "風玉雲, waon a bo:ong, female, 1943-2-28", "collected": "2003-01-01", "revised": "None", "video": "SaiNr-flood_waon a boong.mp3"}, "file": "Saisiyat_Tong-he/SaiNr-flood_waon a boong", "num": 66}], [67, {"ori": [], "gloss": [["..", "", ""], ["sobaoeh", "big", "大"], ["ila", "PFV", "完成"], ["ka==", "NOM", "主格"], ["'a-'oeral,\\", "Ca-rain", "Ca重疊-下雨"]], "free": [], "s_end": false, "iu_a_span": [138.32, 139.52], "meta": {"topic": "flood", "type": "Narrative", "language": "賽夏語, Saisiyat, Saisiyat", "speaker": "風玉雲, waon a bo:ong, female, 1943-2-28", "collected": "2003-01-01", "revised": "None", "video": "SaiNr-flood_waon a boong.mp3"}, "file": "Saisiyat_Tong-he/SaiNr-flood_waon a boong", "num": 67}], [68, {"ori": [], "gloss": [["...", "", ""], ["m-wa:i',\\", "AF-come", "主焦-來"]], "free": [], "s_end": false, "iu_a_span": [139.52, 140.29], "meta": {"topic": "flood", "type": "Narrative", "language": "賽夏語, Saisiyat, Saisiyat", "speaker": "風玉雲, waon a bo:ong, female, 1943-2-28", "collected": "2003-01-01", "revised": "None", "video": "SaiNr-flood_waon a boong.mp3"}, "file": "Saisiyat_Tong-he/SaiNr-flood_waon a boong", "num": 68}], [69, {"ori": [], "gloss": [["...(1.1)", "", ""], ["a==", "FIL", "FIL"], ["ka==_", "NOM", "主格"]], "free": [], "s_end": false, "iu_a_span": [140.29, 141.7], "meta": {"topic": "flood", "type": "Narrative", "language": "賽夏語, Saisiyat, Saisiyat", "speaker": "風玉雲, waon a bo:ong, female, 1943-2-28", "collected": "2003-01-01", "revised": "None", "video": "SaiNr-flood_waon a boong.mp3"}, "file": "Saisiyat_Tong-he/SaiNr-flood_waon a boong", "num": 69}], [70, {"ori": [], "gloss": [["...(4.4)", "", ""], ["ka==,\\", "NOM", "主格"]], "free": [], "s_end": false, "iu_a_span": [141.7, 146.89], "meta": {"topic": "flood", "type": "Narrative", "language": "賽夏語, Saisiyat, Saisiyat", "speaker": "風玉雲, waon a bo:ong, female, 1943-2-28", "collected": "2003-01-01", "revised": "None", "video": "SaiNr-flood_waon a boong.mp3"}, "file": "Saisiyat_Tong-he/SaiNr-flood_waon a boong", "num": 70}], [71, {"ori": [], "gloss": [["...", "", ""], ["'a-'oeral,/", "Ca-rain", "Ca重疊-下雨"]], "free": [], "s_end": false, "iu_a_span": [146.89, 147.96], "meta": {"topic": "flood", "type": "Narrative", "language": "賽夏語, Saisiyat, Saisiyat", "speaker": "風玉雲, waon a bo:ong, female, 1943-2-28", "collected": "2003-01-01", "revised": "None", "video": "SaiNr-flood_waon a boong.mp3"}, "file": "Saisiyat_Tong-he/SaiNr-flood_waon a boong", "num": 71}], [72, {"ori": [], "gloss": [["ni==", "FIL", "FIL"], ["ka", "FS", "FS"], ["ka==", "FS", "FS"], ["ka==", "NOM", "主格"], ["'a-'oeral", "Ca-rain", "Ca重疊-下雨"]], "free": ["#n 無此音檔", "#n 無此音檔"], "s_end": false, "iu_a_span": [147.96, 148.22], "meta": {"topic": "flood", "type": "Narrative", "language": "賽夏語, Saisiyat, Saisiyat", "speaker": "風玉雲, waon a bo:ong, female, 1943-2-28", "collected": "2003-01-01", "revised": "None", "video": "SaiNr-flood_waon a boong.mp3"}, "file": "Saisiyat_Tong-he/SaiNr-flood_waon a boong", "num": 72}], [73, {"ori": [], "gloss": [["...", "", ""], ["sobae:oeh", "big", "大"], ["sobae:oeh", "big", "大"], ["ila", "PFV", "完成"], ["naw.\\", "PART", "語助詞"]], "free": ["#e It rained not long after that, and the rain got bigger.", "#c 不久之後就下雨，雨越下越大。"], "s_end": true, "iu_a_span": [148.22, 149.66], "meta": {"topic": "flood", "type": "Narrative", "language": "賽夏語, Saisiyat, Saisiyat", "speaker": "風玉雲, waon a bo:ong, female, 1943-2-28", "collected": "2003-01-01", "revised": "None", "video": "SaiNr-flood_waon a boong.mp3"}, "s_a_span": [137.2, 149.66], "file": "Saisiyat_Tong-he/SaiNr-flood_waon a boong", "num": 73}], [74, {"ori": [], "gloss": [["..", "", ""], ["hani", "here", "這裡"], ["ka", "FIL", "FIL"], ["ray", "LOC", "處格"], ["'asang,/", "neighbor", "鄰居"]], "free": [], "s_end": false, "iu_a_span": [149.66, 150.71], "meta": {"topic": "flood", "type": "Narrative", "language": "賽夏語, Saisiyat, Saisiyat", "speaker": "風玉雲, waon a bo:ong, female, 1943-2-28", "collected": "2003-01-01", "revised": "None", "video": "SaiNr-flood_waon a boong.mp3"}, "file": "Saisiyat_Tong-he/SaiNr-flood_waon a boong", "num": 74}], [75, {"ori": [], "gloss": [["ka", "NOM", "主格"], ["mae'iyaeh", "man", "人"], ["m-wa:i'", "AF-come", "主焦-來"], ["ila", "PFV", "完成"], ["'oe'oe.\\", "call", "<主焦>呼叫"]], "free": ["#e Neighbors in the village came and called.", "#c 村裡的鄰居都來了，他們呼喊著。"], "s_end": true, "iu_a_span": [150.71, 151.92], "meta": {"topic": "flood", "type": "Narrative", "language": "賽夏語, Saisiyat, Saisiyat", "speaker": "風玉雲, waon a bo:ong, female, 1943-2-28", "collected": "2003-01-01", "revised": "None", "video": "SaiNr-flood_waon a boong.mp3"}, "s_a_span": [149.66, 151.92], "file": "Saisiyat_Tong-he/SaiNr-flood_waon a boong", "num": 75}], [76, {"ori": [], "gloss": [["...(0.8)", "", ""], ["koSa:", "say", "<主焦>說"], ["haewaeh", "open", "打開"], ["'iniya'om", "1EPL.DAT", "1EPL.予格"], ["ka==,/", "ACC", "受格"]], "free": [], "s_end": false, "iu_a_span": [151.92, 153.71], "meta": {"topic": "flood", "type": "Narrative", "language": "賽夏語, Saisiyat, Saisiyat", "speaker": "風玉雲, waon a bo:ong, female, 1943-2-28", "collected": "2003-01-01", "revised": "None", "video": "SaiNr-flood_waon a boong.mp3"}, "file": "Saisiyat_Tong-he/SaiNr-flood_waon a boong", "num": 76}], [77, {"ori": [], "gloss": [["..", "", ""], ["palono'", "boat", "船"], ["pa-kas-'aboe'", "CAU-towards-inside", "使役-向-裡面"], ["'iniya'om.\\", "1EPL.DAT", "1EPL.予格"]], "free": ["#e Open your boat; let us get in.", "#c 打開船；讓我們進去。"], "s_end": true, "iu_a_span": [153.71, 155.54], "meta": {"topic": "flood", "type": "Narrative", "language": "賽夏語, Saisiyat, Saisiyat", "speaker": "風玉雲, waon a bo:ong, female, 1943-2-28", "collected": "2003-01-01", "revised": "None", "video": "SaiNr-flood_waon a boong.mp3"}, "s_a_span": [151.92, 155.54], "file": "Saisiyat_Tong-he/SaiNr-flood_waon a boong", "num": 77}], [78, {"ori": [], "gloss": [["...(1.6)", "", ""], ["o:", "FIL", "FIL"], ["hao", "there", "那裡"], ["'izo'", "inside", "裡面"], ["'oe'oe", "call", "<主焦>呼叫"], ["koSa:.\\", "say", "<主焦>說"]], "free": ["#e Those inside called out.", "#c 裡面的人叫著。"], "s_end": true, "iu_a_span": [155.54, 158.8], "meta": {"topic": "flood", "type": "Narrative", "language": "賽夏語, Saisiyat, Saisiyat", "speaker": "風玉雲, waon a bo:ong, female, 1943-2-28", "collected": "2003-01-01", "revised": "None", "video": "SaiNr-flood_waon a boong.mp3"}, "s_a_span": [155.54, 158.8], "file": "Saisiyat_Tong-he/SaiNr-flood_waon a boong", "num": 78}], [79, {"ori": [], "gloss": [["..", "", ""], ["si-haewaeh./", "no.way", "沒辦法"]], "free": ["#e There's no way we can open it.", "#c 我們沒辦法打開門。"], "s_end": true, "iu_a_span": [158.8, 160.08], "meta": {"topic": "flood", "type": "Narrative", "language": "賽夏語, Saisiyat, Saisiyat", "speaker": "風玉雲, waon a bo:ong, female, 1943-2-28", "collected": "2003-01-01", "revised": "None", "video": "SaiNr-flood_waon a boong.mp3"}, "s_a_span": [158.8, 160.08], "file": "Saisiyat_Tong-he/SaiNr-flood_waon a boong", "num": 79}], [80, {"ori": [], "gloss": [["...", "", ""], ["mayso", "is.there", "沒有"], ["poa'aw", "how", "如何"], ["ila.\\", "PFV", "完成"]], "free": ["#e There's no way.", "#c 沒辦法打開。"], "s_end": true, "iu_a_span": [160.08, 161.62], "meta": {"topic": "flood", "type": "Narrative", "language": "賽夏語, Saisiyat, Saisiyat", "speaker": "風玉雲, waon a bo:ong, female, 1943-2-28", "collected": "2003-01-01", "revised": "None", "video": "SaiNr-flood_waon a boong.mp3"}, "s_a_span": [160.08, 161.62], "file": "Saisiyat_Tong-he/SaiNr-flood_waon a boong", "num": 80}], [81, {"ori": [], "gloss": [["..", "", ""], ["o:,\\", "FIL", "FIL"]], "free": [], "s_end": false, "iu_a_span": [161.62, 162.19], "meta": {"topic": "flood", "type": "Narrative", "language": "賽夏語, Saisiyat, Saisiyat", "speaker": "風玉雲, waon a bo:ong, female, 1943-2-28", "collected": "2003-01-01", "revised": "None", "video": "SaiNr-flood_waon a boong.mp3"}, "file": "Saisiyat_Tong-he/SaiNr-flood_waon a boong", "num": 81}], [82, {"ori": [], "gloss": [["...(0.8)", "", ""], ["hini", "here", "這裡"], ["rayno'", "where", "哪裡"], ["ila", "PFV", "完成"], ["haewaeh", "open", "<主焦>打開"], ["aboe'./", "inside", "裡面"]], "free": ["#e Where is a door that can be opened?", "#c 哪裡有門可以打開？"], "s_end": true, "iu_a_span": [162.19, 164.3], "meta": {"topic": "flood", "type": "Narrative", "language": "賽夏語, Saisiyat, Saisiyat", "speaker": "風玉雲, waon a bo:ong, female, 1943-2-28", "collected": "2003-01-01", "revised": "None", "video": "SaiNr-flood_waon a boong.mp3"}, "s_a_span": [161.62, 164.3], "file": "Saisiyat_Tong-he/SaiNr-flood_waon a boong", "num": 82}], [83, {"ori": [], "gloss": [["...", "", ""], ["ki", "and", "和"], ["latar", "outside", "外面"], ["soksok", "close", "<完成>關閉"], ["ila.\\", "PFV", "完成"]], "free": ["#e Both inside and outside were locked.", "#c 船的裡面和外面都被鎖住了。"], "s_end": true, "iu_a_span": [164.3, 165.96], "meta": {"topic": "flood", "type": "Narrative", "language": "賽夏語, Saisiyat, Saisiyat", "speaker": "風玉雲, waon a bo:ong, female, 1943-2-28", "collected": "2003-01-01", "revised": "None", "video": "SaiNr-flood_waon a boong.mp3"}, "s_a_span": [164.3, 165.96], "file": "Saisiyat_Tong-he/SaiNr-flood_waon a boong", "num": 83}], [84, {"ori": [], "gloss": [["...(1.0)", "", ""], ["o:,\\", "FIL", "FIL"]], "free": [], "s_end": false, "iu_a_span": [165.96, 167.16], "meta": {"topic": "flood", "type": "Narrative", "language": "賽夏語, Saisiyat, Saisiyat", "speaker": "風玉雲, waon a bo:ong, female, 1943-2-28", "collected": "2003-01-01", "revised": "None", "video": "SaiNr-flood_waon a boong.mp3"}, "file": "Saisiyat_Tong-he/SaiNr-flood_waon a boong", "num": 84}], [85, {"ori": [], "gloss": [["...", "", ""], ["'akoy", "AF.many", "主焦.多"], ["nanaw", "still", "仍然"], ["ka", "NOM", "主格"], ["ralom", "water", "水"], ["ki", "and", "和"], ["a'oeral.\\", "Ca-rain", "Ca重疊-下雨"]], "free": ["#e It kept on raining.", "#c 一直下雨。"], "s_end": true, "iu_a_span": [167.16, 169.45], "meta": {"topic": "flood", "type": "Narrative", "language": "賽夏語, Saisiyat, Saisiyat", "speaker": "風玉雲, waon a bo:ong, female, 1943-2-28", "collected": "2003-01-01", "revised": "None", "video": "SaiNr-flood_waon a boong.mp3"}, "s_a_span": [165.96, 169.45], "file": "Saisiyat_Tong-he/SaiNr-flood_waon a boong", "num": 85}], [86, {"ori": [], "gloss": [["...(0.9)", "", ""], ["hani", "here", "這裡"], ["ka==,\\", "FIL", "FIL"]], "free": [], "s_end": false, "iu_a_span": [169.45, 170.95], "meta": {"topic": "flood", "type": "Narrative", "language": "賽夏語, Saisiyat, Saisiyat", "speaker": "風玉雲, waon a bo:ong, female, 1943-2-28", "collected": "2003-01-01", "revised": "None", "video": "SaiNr-flood_waon a boong.mp3"}, "file": "Saisiyat_Tong-he/SaiNr-flood_waon a boong", "num": 86}], [87, {"ori": [], "gloss": [["...", "", ""], ["mae'iyaeh", "man", "人"], ["latar", "outside", "外面"], ["'aroel-on", "float-PF", "沖-受焦"], ["ila", "PFV", "完成"], ["saboeh.\\", "all", "所有"]], "free": ["#e The people outside were all flooded away.", "#c 外面的人都被外面的人都被沖走了。"], "s_end": true, "iu_a_span": [170.95, 173.13], "meta": {"topic": "flood", "type": "Narrative", "language": "賽夏語, Saisiyat, Saisiyat", "speaker": "風玉雲, waon a bo:ong, female, 1943-2-28", "collected": "2003-01-01", "revised": "None", "video": "SaiNr-flood_waon a boong.mp3"}, "s_a_span": [169.45, 173.13], "file": "Saisiyat_Tong-he/SaiNr-flood_waon a boong", "num": 87}], [88, {"ori": [], "gloss": [["...(0.9)", "", ""], ["nasia", "3PL.GEN", "3PL.屬格"], ["ka", "NOM", "主格"], ["palono',/", "boat", "船"]], "free": [], "s_end": false, "iu_a_span": [173.13, 174.9], "meta": {"topic": "flood", "type": "Narrative", "language": "賽夏語, Saisiyat, Saisiyat", "speaker": "風玉雲, waon a bo:ong, female, 1943-2-28", "collected": "2003-01-01", "revised": "None", "video": "SaiNr-flood_waon a boong.mp3"}, "file": "Saisiyat_Tong-he/SaiNr-flood_waon a boong", "num": 88}], [89, {"ori": [], "gloss": [["..", "", ""], ["toliyab", "float", "漂浮"], ["ila,\\", "PFV", "完成"]], "free": [], "s_end": false, "iu_a_span": [174.9, 175.77], "meta": {"topic": "flood", "type": "Narrative", "language": "賽夏語, Saisiyat, Saisiyat", "speaker": "風玉雲, waon a bo:ong, female, 1943-2-28", "collected": "2003-01-01", "revised": "None", "video": "SaiNr-flood_waon a boong.mp3"}, "file": "Saisiyat_Tong-he/SaiNr-flood_waon a boong", "num": 89}], [90, {"ori": [], "gloss": [["...", "", ""], ["ra==y", "LOC", "處格"], ["ralom", "water", "水"], ["babaw,\\", "above", "上面"]], "free": [], "s_end": false, "iu_a_span": [175.77, 177.32], "meta": {"topic": "flood", "type": "Narrative", "language": "賽夏語, Saisiyat, Saisiyat", "speaker": "風玉雲, waon a bo:ong, female, 1943-2-28", "collected": "2003-01-01", "revised": "None", "video": "SaiNr-flood_waon a boong.mp3"}, "file": "Saisiyat_Tong-he/SaiNr-flood_waon a boong", "num": 90}], [91, {"ori": [], "gloss": [["...(2.6)", "", ""], ["isa:", "that", "那個"], ["lasia==,\\", "3PL.NOM", "3PL.主格"]], "free": [], "s_end": false, "iu_a_span": [177.32, 180.44], "meta": {"topic": "flood", "type": "Narrative", "language": "賽夏語, Saisiyat, Saisiyat", "speaker": "風玉雲, waon a bo:ong, female, 1943-2-28", "collected": "2003-01-01", "revised": "None", "video": "SaiNr-flood_waon a boong.mp3"}, "file": "Saisiyat_Tong-he/SaiNr-flood_waon a boong", "num": 91}], [92, {"ori": [], "gloss": [["...", "", ""], ["'aroe-'aroel-on", "RED-float-PF", "重疊-漂流-受焦"], ["ila", "PFV", "完成"], ["'aroel-on", "float-PF", "漂流-受焦"], ["'aroe-'aroel-on", "RED-float-PF", "重疊-漂流-受焦"], ["rima'.\\", "AF.go", "主焦.去"]], "free": ["#e The boat floated on the water.", "#c 船就漂浮在水中。"], "s_end": true, "iu_a_span": [180.44, 183.47], "meta": {"topic": "flood", "type": "Narrative", "language": "賽夏語, Saisiyat, Saisiyat", "speaker": "風玉雲, waon a bo:ong, female, 1943-2-28", "collected": "2003-01-01", "revised": "None", "video": "SaiNr-flood_waon a boong.mp3"}, "s_a_span": [173.13, 183.47], "file": "Saisiyat_Tong-he/SaiNr-flood_waon a boong", "num": 92}], [93, {"ori": [], "gloss": [["...(1.2)", "", ""], ["lasia,\\", "3PL.NOM", "3PL.主格"]], "free": [], "s_end": false, "iu_a_span": [183.47, 185.13], "meta": {"topic": "flood", "type": "Narrative", "language": "賽夏語, Saisiyat, Saisiyat", "speaker": "風玉雲, waon a bo:ong, female, 1943-2-28", "collected": "2003-01-01", "revised": "None", "video": "SaiNr-flood_waon a boong.mp3"}, "file": "Saisiyat_Tong-he/SaiNr-flood_waon a boong", "num": 93}], [94, {"ori": [], "gloss": [["...(0.8)", "", ""], ["pa-ka:i'", "CAU-word", "使役-話"], ["ila", "PFV", "完成"], ["koSa", "say", "說"], ["sa'oewaz", "true", "真"], ["hini", "this", "這個"], ["ka==", "NOM", "主格"], ["'oemaeh", "land", "土地"], ["hini", "this", "這個"], ["ka", "NOM", "主格"], ["mahinaw", "AF.sink", "主焦.沈"], ["ila.\\", "PFV", "完成"]], "free": ["#e They believed what the man had said were true.", "#c 他們就相信那個人講的話是真的。"], "s_end": true, "iu_a_span": [185.13, 188.01], "meta": {"topic": "flood", "type": "Narrative", "language": "賽夏語, Saisiyat, Saisiyat", "speaker": "風玉雲, waon a bo:ong, female, 1943-2-28", "collected": "2003-01-01", "revised": "None", "video": "SaiNr-flood_waon a boong.mp3"}, "s_a_span": [183.47, 188.01], "file": "Saisiyat_Tong-he/SaiNr-flood_waon a boong", "num": 94}], [95, {"ori": [], "gloss": [["'ita'", "1IPL.NOM", "1IPL.主格"], ["hini'", "this", "這個"], ["'izo'", "inside", "裡面"], ["ray,\\", "LOC", "處格"]], "free": [], "s_end": false, "iu_a_span": [188.01, 189.09], "meta": {"topic": "flood", "type": "Narrative", "language": "賽夏語, Saisiyat, Saisiyat", "speaker": "風玉雲, waon a bo:ong, female, 1943-2-28", "collected": "2003-01-01", "revised": "None", "video": "SaiNr-flood_waon a boong.mp3"}, "file": "Saisiyat_Tong-he/SaiNr-flood_waon a boong", "num": 95}], [96, {"ori": [], "gloss": [["palono'", "boat", "船"], ["kakoway", "rock", "搖"], ["ila", "PFV", "完成"], ["hini.\\", "here", "這裡"]], "free": ["#e We inside the boat were rocking.", "#c 船的裡面在搖晃。"], "s_end": true, "iu_a_span": [189.09, 190.17], "meta": {"topic": "flood", "type": "Narrative", "language": "賽夏語, Saisiyat, Saisiyat", "speaker": "風玉雲, waon a bo:ong, female, 1943-2-28", "collected": "2003-01-01", "revised": "None", "video": "SaiNr-flood_waon a boong.mp3"}, "s_a_span": [188.01, 190.17], "file": "Saisiyat_Tong-he/SaiNr-flood_waon a boong", "num": 96}], [97, {"ori": [], "gloss": [["'oka'", "NEG", "否定"], ["ila", "PFV", "完成"], ["i", "LNK", "連詞"], ["kita'-i,\\", "see-PF", "看-受焦"]], "free": [], "s_end": false, "iu_a_span": [190.17, 191.1], "meta": {"topic": "flood", "type": "Narrative", "language": "賽夏語, Saisiyat, Saisiyat", "speaker": "風玉雲, waon a bo:ong, female, 1943-2-28", "collected": "2003-01-01", "revised": "None", "video": "SaiNr-flood_waon a boong.mp3"}, "file": "Saisiyat_Tong-he/SaiNr-flood_waon a boong", "num": 97}], [99, {"ori": [], "gloss": [["...(0.8)", "", ""], ["hani", "here", "這裡"], ["mita'", "1IPL.GEN", "1IPL.屬格"], ["sa:eng", "sit", "<完成>坐"], ["kakoway", "AF.rock", "主焦.搖晃"], ["ila.\\", "PFV", "完成"]], "free": ["#e We sat down as the boat started to move.", "#c 船一搖晃，我們就坐下來。"], "s_end": true, "iu_a_span": [191.5, 193.55], "meta": {"topic": "flood", "type": "Narrative", "language": "賽夏語, Saisiyat, Saisiyat", "speaker": "風玉雲, waon a bo:ong, female, 1943-2-28", "collected": "2003-01-01", "revised": "None", "video": "SaiNr-flood_waon a boong.mp3"}, "s_a_span": [190.17, 193.55], "file": "Saisiyat_Tong-he/SaiNr-flood_waon a boong", "num": 99}]], "meta": {"topic": "flood", "type": "Narrative", "language": "賽夏語, Saisiyat, Saisiyat", "speaker": "風玉雲, waon a bo:ong, female, 1943-2-28", "collected": "2003-01-01", "revised": "None", "video": "SaiNr-flood_waon a boong.mp3"}}