{"glosses": [[1, {"ori": [], "gloss": [["'aehoe',/", "dog", "狗"]], "free": [], "s_end": false, "iu_a_span": [8.7, 9.31], "meta": {"topic": "frog2", "type": "Narrative", "language": "賽夏語, Saisiyat, Saisiyat", "speaker": "風玉雲, waon a bo:ong, female, 1943-2-28", "collected": "2003-01-01", "revised": "None", "video": "SaiNr-frog2_waon a boong.mp3"}, "file": "Saisiyat_Tong-he/SaiNr-frog2_waon a boong", "num": 1}], [2, {"ori": [], "gloss": [["...", "", ""], ["kita'", "see", "<主焦>看"], ["ra==y", "LOC", "處格"], ["binbinisitan", "container", "瓶子"], ["'izo',\\", "inside", "裡面"]], "free": [], "s_end": false, "iu_a_span": [9.31, 12.0], "meta": {"topic": "frog2", "type": "Narrative", "language": "賽夏語, Saisiyat, Saisiyat", "speaker": "風玉雲, waon a bo:ong, female, 1943-2-28", "collected": "2003-01-01", "revised": "None", "video": "SaiNr-frog2_waon a boong.mp3"}, "file": "Saisiyat_Tong-he/SaiNr-frog2_waon a boong", "num": 2}], [3, {"ori": [], "gloss": [["..", "", ""], ["ka", "ACC", "受格"], ["takem", "frog", "青蛙"], ["tobong.\\", "call", "<主焦>叫"]], "free": ["#e A dog saw inside a container a frog and barked.", "#c  狗看著瓶子裡的青蛙叫。"], "s_end": true, "iu_a_span": [12.0, 13.7], "meta": {"topic": "frog2", "type": "Narrative", "language": "賽夏語, Saisiyat, Saisiyat", "speaker": "風玉雲, waon a bo:ong, female, 1943-2-28", "collected": "2003-01-01", "revised": "None", "video": "SaiNr-frog2_waon a boong.mp3"}, "s_a_span": [8.7, 13.7], "file": "Saisiyat_Tong-he/SaiNr-frog2_waon a boong", "num": 3}], [4, {"ori": [], "gloss": [["...(0.8)", "", ""], ["ki==", "and", "和"], ["'aehae'", "one", "一"], ["korkoring.\\", "child", "小孩"]], "free": ["#e (together) with a child.", "#c  還有一個小孩。"], "s_end": true, "iu_a_span": [13.7, 15.81], "meta": {"topic": "frog2", "type": "Narrative", "language": "賽夏語, Saisiyat, Saisiyat", "speaker": "風玉雲, waon a bo:ong, female, 1943-2-28", "collected": "2003-01-01", "revised": "None", "video": "SaiNr-frog2_waon a boong.mp3"}, "s_a_span": [13.7, 15.81], "file": "Saisiyat_Tong-he/SaiNr-frog2_waon a boong", "num": 4}], [5, {"ori": [], "gloss": [["...(2.6)", "", ""], ["hiza", "that", "那個"], ["ka==,/", "NOM", "主格"]], "free": [], "s_end": false, "iu_a_span": [15.81, 19.37], "meta": {"topic": "frog2", "type": "Narrative", "language": "賽夏語, Saisiyat, Saisiyat", "speaker": "風玉雲, waon a bo:ong, female, 1943-2-28", "collected": "2003-01-01", "revised": "None", "video": "SaiNr-frog2_waon a boong.mp3"}, "file": "Saisiyat_Tong-he/SaiNr-frog2_waon a boong", "num": 5}], [6, {"ori": [], "gloss": [["...", "", ""], ["ray", "LOC", "處格"], ["'izo'", "inside", "裡面"], ["takem,\\", "frog", "青蛙"]], "free": [], "s_end": false, "iu_a_span": [19.37, 20.88], "meta": {"topic": "frog2", "type": "Narrative", "language": "賽夏語, Saisiyat, Saisiyat", "speaker": "風玉雲, waon a bo:ong, female, 1943-2-28", "collected": "2003-01-01", "revised": "None", "video": "SaiNr-frog2_waon a boong.mp3"}, "file": "Saisiyat_Tong-he/SaiNr-frog2_waon a boong", "num": 6}], [7, {"ori": [], "gloss": [["...", "", ""], ["ra:iw", "AF.leave", "主焦.離開"], ["ila,\\", "PFV", "完成"]], "free": [], "s_end": false, "iu_a_span": [20.88, 22.07], "meta": {"topic": "frog2", "type": "Narrative", "language": "賽夏語, Saisiyat, Saisiyat", "speaker": "風玉雲, waon a bo:ong, female, 1943-2-28", "collected": "2003-01-01", "revised": "None", "video": "SaiNr-frog2_waon a boong.mp3"}, "file": "Saisiyat_Tong-he/SaiNr-frog2_waon a boong", "num": 7}], [8, {"ori": [], "gloss": [["..", "", ""], ["tkaw", "jump", "<主焦>跳"], ["ila.\\", "PFV", "完成"]], "free": ["#e The frog inside the container left. (It) jumped (out).", "#c  在瓶子裡的青蛙跑掉了,跳(出來)了。"], "s_end": true, "iu_a_span": [22.07, 22.73], "meta": {"topic": "frog2", "type": "Narrative", "language": "賽夏語, Saisiyat, Saisiyat", "speaker": "風玉雲, waon a bo:ong, female, 1943-2-28", "collected": "2003-01-01", "revised": "None", "video": "SaiNr-frog2_waon a boong.mp3"}, "s_a_span": [15.81, 22.73], "file": "Saisiyat_Tong-he/SaiNr-frog2_waon a boong", "num": 8}], [9, {"ori": [], "gloss": [["..", "", ""], ["korkoring", "child", "小孩"], ["'aewhay", "AF.sad", "主焦.傷心"], ["kainaz'azem.\\", "mood", "心情"]], "free": ["#e The child felt sad.", "#c  小孩覺得很難過。"], "s_end": true, "iu_a_span": [22.73, 24.47], "meta": {"topic": "frog2", "type": "Narrative", "language": "賽夏語, Saisiyat, Saisiyat", "speaker": "風玉雲, waon a bo:ong, female, 1943-2-28", "collected": "2003-01-01", "revised": "None", "video": "SaiNr-frog2_waon a boong.mp3"}, "s_a_span": [22.73, 24.47], "file": "Saisiyat_Tong-he/SaiNr-frog2_waon a boong", "num": 9}], [10, {"ori": [], "gloss": [["...(3.6)", "", ""], ["ka==,/", "NOM", "主格"]], "free": [], "s_end": false, "iu_a_span": [24.47, 28.41], "meta": {"topic": "frog2", "type": "Narrative", "language": "賽夏語, Saisiyat, Saisiyat", "speaker": "風玉雲, waon a bo:ong, female, 1943-2-28", "collected": "2003-01-01", "revised": "None", "video": "SaiNr-frog2_waon a boong.mp3"}, "file": "Saisiyat_Tong-he/SaiNr-frog2_waon a boong", "num": 10}], [11, {"ori": [], "gloss": [["...", "", ""], ["korkoring", "child", "小孩"], ["maStaba'", "AF.lie.down", "主焦.趴著"], ["ila.\\", "PFV", "完成"]], "free": ["#e The child lay on his stomach.", "#c  小孩躺下了。"], "s_end": true, "iu_a_span": [28.41, 30.86], "meta": {"topic": "frog2", "type": "Narrative", "language": "賽夏語, Saisiyat, Saisiyat", "speaker": "風玉雲, waon a bo:ong, female, 1943-2-28", "collected": "2003-01-01", "revised": "None", "video": "SaiNr-frog2_waon a boong.mp3"}, "s_a_span": [24.47, 30.86], "file": "Saisiyat_Tong-he/SaiNr-frog2_waon a boong", "num": 11}], [12, {"ori": [], "gloss": [["...(1.8)", "", ""], ["nia", "3SG.GEN", "3SG.屬格"], ["takem,\\", "frog", "青蛙"]], "free": ["#e His frog ...", "#c  他的青蛙 ..."], "s_end": true, "iu_a_span": [30.86, 33.65], "meta": {"topic": "frog2", "type": "Narrative", "language": "賽夏語, Saisiyat, Saisiyat", "speaker": "風玉雲, waon a bo:ong, female, 1943-2-28", "collected": "2003-01-01", "revised": "None", "video": "SaiNr-frog2_waon a boong.mp3"}, "s_a_span": [30.86, 33.65], "file": "Saisiyat_Tong-he/SaiNr-frog2_waon a boong", "num": 12}], [13, {"ori": [], "gloss": [["...", "", ""], ["'aewhay", "AF.bad", "主焦.不好"], ["kainaz'azem.\\", "mood", "心情"]], "free": ["#e (He felt) sad.", "#c  (他)覺得難過。"], "s_end": true, "iu_a_span": [33.65, 34.81], "meta": {"topic": "frog2", "type": "Narrative", "language": "賽夏語, Saisiyat, Saisiyat", "speaker": "風玉雲, waon a bo:ong, female, 1943-2-28", "collected": "2003-01-01", "revised": "None", "video": "SaiNr-frog2_waon a boong.mp3"}, "s_a_span": [33.65, 34.81], "file": "Saisiyat_Tong-he/SaiNr-frog2_waon a boong", "num": 13}], [14, {"ori": [], "gloss": [["...(1.3)", "", ""], ["'aehoe'", "dog", "狗"], ["rima'", "AF.go", "主焦.去"], ["ki:im", "look.for", "<主焦>尋找"], ["ka==", "ACC", "受格"], ["takem,\\", "frog", "青蛙"]], "free": [], "s_end": false, "iu_a_span": [34.81, 38.73], "meta": {"topic": "frog2", "type": "Narrative", "language": "賽夏語, Saisiyat, Saisiyat", "speaker": "風玉雲, waon a bo:ong, female, 1943-2-28", "collected": "2003-01-01", "revised": "None", "video": "SaiNr-frog2_waon a boong.mp3"}, "file": "Saisiyat_Tong-he/SaiNr-frog2_waon a boong", "num": 14}], [15, {"ori": [], "gloss": [["ray", "LOC", "處格"], ["binbinisitan", "container", "瓶子"], ["'izo'", "inside", "裡面"], ["'askan-an", "put-NMZ", "<完成>放-名物化"], ["ka==,\\", "NOM", "主格"]], "free": [], "s_end": false, "iu_a_span": [38.73, 41.31], "meta": {"topic": "frog2", "type": "Narrative", "language": "賽夏語, Saisiyat, Saisiyat", "speaker": "風玉雲, waon a bo:ong, female, 1943-2-28", "collected": "2003-01-01", "revised": "None", "video": "SaiNr-frog2_waon a boong.mp3"}, "file": "Saisiyat_Tong-he/SaiNr-frog2_waon a boong", "num": 15}], [16, {"ori": [], "gloss": [["...(1.0)", "", ""], ["takem,\\", "frog", "青蛙"]], "free": ["#e The dog went to look for the frog inside the container where the frog had been kept.", "#c  狗去放青蛙的瓶子裡找青蛙。"], "s_end": true, "iu_a_span": [41.31, 42.87], "meta": {"topic": "frog2", "type": "Narrative", "language": "賽夏語, Saisiyat, Saisiyat", "speaker": "風玉雲, waon a bo:ong, female, 1943-2-28", "collected": "2003-01-01", "revised": "None", "video": "SaiNr-frog2_waon a boong.mp3"}, "s_a_span": [34.81, 42.87], "file": "Saisiyat_Tong-he/SaiNr-frog2_waon a boong", "num": 16}], [17, {"ori": [], "gloss": [["...", "", ""], ["pa-taboe'", "CAU-insert", "使役-插進"], ["ila", "PFV", "完成"], ["hao", "there", "那裡"], ["'izo',/", "inside", "裡面"]], "free": ["#e (The dog) inserted (its head) inside (the container).", "#c  (狗)把(頭)放到(瓶子)裡。"], "s_end": true, "iu_a_span": [42.87, 44.66], "meta": {"topic": "frog2", "type": "Narrative", "language": "賽夏語, Saisiyat, Saisiyat", "speaker": "風玉雲, waon a bo:ong, female, 1943-2-28", "collected": "2003-01-01", "revised": "None", "video": "SaiNr-frog2_waon a boong.mp3"}, "s_a_span": [42.87, 44.66], "file": "Saisiyat_Tong-he/SaiNr-frog2_waon a boong", "num": 17}], [18, {"ori": [], "gloss": [["...(1.4)", "", ""], ["ho", "DM", "DM"], ["..", "", ""], ["hasa'", "NEG", "否定"], ["ila", "PFV", "完成"], ["ma==,\\", "FIL", "FIL"]], "free": [], "s_end": false, "iu_a_span": [44.66, 47.6], "meta": {"topic": "frog2", "type": "Narrative", "language": "賽夏語, Saisiyat, Saisiyat", "speaker": "風玉雲, waon a bo:ong, female, 1943-2-28", "collected": "2003-01-01", "revised": "None", "video": "SaiNr-frog2_waon a boong.mp3"}, "file": "Saisiyat_Tong-he/SaiNr-frog2_waon a boong", "num": 18}], [19, {"ori": [], "gloss": [["...(0.8)", "", ""], ["al'-oehaz", "to.take-move.out", "拿-出"], ["ka==", "ACC", "受格"], ["binbinisitan", "container", "瓶子"], [".\\", "", ""]], "free": ["#e (It) cannot take out (its head) from the container.", "#c  (牠)不能(把頭)從瓶子中拿出來。"], "s_end": true, "iu_a_span": [47.6, 50.9], "meta": {"topic": "frog2", "type": "Narrative", "language": "賽夏語, Saisiyat, Saisiyat", "speaker": "風玉雲, waon a bo:ong, female, 1943-2-28", "collected": "2003-01-01", "revised": "None", "video": "SaiNr-frog2_waon a boong.mp3"}, "s_a_span": [44.66, 50.9], "file": "Saisiyat_Tong-he/SaiNr-frog2_waon a boong", "num": 19}], [20, {"ori": [], "gloss": [["...", "", ""], ["payho", "AF.insert", "主焦.插進"], ["ila", "PFV", "完成"], ["ka==", "NOM", "主格"], ["ta'oeloeh", "head", "頭"], [".\\", "", ""]], "free": ["#e Its head got stuck (inside the container).", "#c  牠的頭卡在瓶子內了。"], "s_end": true, "iu_a_span": [50.9, 52.65], "meta": {"topic": "frog2", "type": "Narrative", "language": "賽夏語, Saisiyat, Saisiyat", "speaker": "風玉雲, waon a bo:ong, female, 1943-2-28", "collected": "2003-01-01", "revised": "None", "video": "SaiNr-frog2_waon a boong.mp3"}, "s_a_span": [50.9, 52.65], "file": "Saisiyat_Tong-he/SaiNr-frog2_waon a boong", "num": 20}], [21, {"ori": [], "gloss": [["...(1.0)", "", ""], ["'oka'", "NEG", "否定"], ["ila", "PFV", "完成"], ["i==,\\", "FIL", "FIL"]], "free": [], "s_end": false, "iu_a_span": [52.65, 54.58], "meta": {"topic": "frog2", "type": "Narrative", "language": "賽夏語, Saisiyat, Saisiyat", "speaker": "風玉雲, waon a bo:ong, female, 1943-2-28", "collected": "2003-01-01", "revised": "None", "video": "SaiNr-frog2_waon a boong.mp3"}, "file": "Saisiyat_Tong-he/SaiNr-frog2_waon a boong", "num": 21}], [22, {"ori": [], "gloss": [["...(1.2)", "", ""], ["'i==k,\\", "FIL", "FIL"]], "free": [], "s_end": false, "iu_a_span": [54.58, 57.43], "meta": {"topic": "frog2", "type": "Narrative", "language": "賽夏語, Saisiyat, Saisiyat", "speaker": "風玉雲, waon a bo:ong, female, 1943-2-28", "collected": "2003-01-01", "revised": "None", "video": "SaiNr-frog2_waon a boong.mp3"}, "file": "Saisiyat_Tong-he/SaiNr-frog2_waon a boong", "num": 22}], [23, {"ori": [], "gloss": [["..", "", ""], ["lobih", "AF.return", "主焦.回來"], ["ka", "NOM", "主格"], ["ta'oeloeh", "head", "頭"], [".\\", "", ""]], "free": ["#e (The dog) cannot pull out its head.", "#c  頭回不來了。"], "s_end": true, "iu_a_span": [57.43, 58.23], "meta": {"topic": "frog2", "type": "Narrative", "language": "賽夏語, Saisiyat, Saisiyat", "speaker": "風玉雲, waon a bo:ong, female, 1943-2-28", "collected": "2003-01-01", "revised": "None", "video": "SaiNr-frog2_waon a boong.mp3"}, "s_a_span": [52.65, 58.23], "file": "Saisiyat_Tong-he/SaiNr-frog2_waon a boong", "num": 23}], [24, {"ori": [], "gloss": [["..", "", ""], ["haysia", "still", "仍然"], ["ila", "PFV", "完成"], ["rihao", "there", "那裡"], ["'izo',\\", "inside", "裡面"]], "free": [], "s_end": false, "iu_a_span": [58.23, 59.56], "meta": {"topic": "frog2", "type": "Narrative", "language": "賽夏語, Saisiyat, Saisiyat", "speaker": "風玉雲, waon a bo:ong, female, 1943-2-28", "collected": "2003-01-01", "revised": "None", "video": "SaiNr-frog2_waon a boong.mp3"}, "file": "Saisiyat_Tong-he/SaiNr-frog2_waon a boong", "num": 24}], [25, {"ori": [], "gloss": [["...(3.0)", "", ""], ["noka==", "GEN", "屬格"], ["korkoring", "child", "小孩"], ["ila", "PFV", "完成"], [".\\", "", ""]], "free": [], "s_end": false, "iu_a_span": [59.56, 64.2], "meta": {"topic": "frog2", "type": "Narrative", "language": "賽夏語, Saisiyat, Saisiyat", "speaker": "風玉雲, waon a bo:ong, female, 1943-2-28", "collected": "2003-01-01", "revised": "None", "video": "SaiNr-frog2_waon a boong.mp3"}, "file": "Saisiyat_Tong-he/SaiNr-frog2_waon a boong", "num": 25}], [26, {"ori": [], "gloss": [["...(1.2)", "", ""], ["kita'-en==,/", "see-PF", "看-受焦"]], "free": [], "s_end": false, "iu_a_span": [64.2, 65.86], "meta": {"topic": "frog2", "type": "Narrative", "language": "賽夏語, Saisiyat, Saisiyat", "speaker": "風玉雲, waon a bo:ong, female, 1943-2-28", "collected": "2003-01-01", "revised": "None", "video": "SaiNr-frog2_waon a boong.mp3"}, "file": "Saisiyat_Tong-he/SaiNr-frog2_waon a boong", "num": 26}], [27, {"ori": [], "gloss": [["..", "", ""], ["ma", "FIL", "FIL"], ["ra==,\\", "FIL", "FIL"]], "free": [], "s_end": false, "iu_a_span": [65.86, 66.9], "meta": {"topic": "frog2", "type": "Narrative", "language": "賽夏語, Saisiyat, Saisiyat", "speaker": "風玉雲, waon a bo:ong, female, 1943-2-28", "collected": "2003-01-01", "revised": "None", "video": "SaiNr-frog2_waon a boong.mp3"}, "file": "Saisiyat_Tong-he/SaiNr-frog2_waon a boong", "num": 27}], [28, {"ori": [], "gloss": [["lakay-en", "break-PF", "打破-受焦"], ["ka", "NOM", "主格"], ["hiza'", "that", "那個"], ["ka==", "NOM", "主格"], ["binbinisitan", "container", "瓶子"], [".\\", "", ""]], "free": ["#e (The dog tried to) break the container.", "#c  (狗)要打破那個瓶子。"], "s_end": true, "iu_a_span": [66.9, 69.21], "meta": {"topic": "frog2", "type": "Narrative", "language": "賽夏語, Saisiyat, Saisiyat", "speaker": "風玉雲, waon a bo:ong, female, 1943-2-28", "collected": "2003-01-01", "revised": "None", "video": "SaiNr-frog2_waon a boong.mp3"}, "s_a_span": [58.23, 69.21], "file": "Saisiyat_Tong-he/SaiNr-frog2_waon a boong", "num": 28}], [29, {"ori": [], "gloss": [["...(1.6)", "", ""], ["ma==,\\", "FIL", "FIL"]], "free": [], "s_end": false, "iu_a_span": [69.21, 71.28], "meta": {"topic": "frog2", "type": "Narrative", "language": "賽夏語, Saisiyat, Saisiyat", "speaker": "風玉雲, waon a bo:ong, female, 1943-2-28", "collected": "2003-01-01", "revised": "None", "video": "SaiNr-frog2_waon a boong.mp3"}, "file": "Saisiyat_Tong-he/SaiNr-frog2_waon a boong", "num": 29}], [30, {"ori": [], "gloss": [["..", "", ""], ["mari'-in", "take-PF", "拿-受焦"], ["ila", "PFV", "完成"], ["'al-'al-oehaez-en", "RED-to.take-move.out-PF", "重疊-拿-出-受焦"], ["ila", "PFV", "完成"], ["ka==", "NOM", "主格"], ["ta'oeloeh", "head", "頭"], [".\\", "", ""]], "free": [], "s_end": false, "iu_a_span": [71.28, 73.73], "meta": {"topic": "frog2", "type": "Narrative", "language": "賽夏語, Saisiyat, Saisiyat", "speaker": "風玉雲, waon a bo:ong, female, 1943-2-28", "collected": "2003-01-01", "revised": "None", "video": "SaiNr-frog2_waon a boong.mp3"}, "file": "Saisiyat_Tong-he/SaiNr-frog2_waon a boong", "num": 30}], [31, {"ori": [], "gloss": [["...", "", ""], ["noka", "GEN", "屬格"], ["i:", "FIL", "FIL"], ["noka", "GEN", "屬格"], ["'aehoe'", "dog", "狗"], ["a./", "FIL", "FIL"]], "free": ["#e (The child) pulled the dog's head out (of the container).", "#c  (小孩)把狗的頭拉出來。"], "s_end": true, "iu_a_span": [73.73, 75.46], "meta": {"topic": "frog2", "type": "Narrative", "language": "賽夏語, Saisiyat, Saisiyat", "speaker": "風玉雲, waon a bo:ong, female, 1943-2-28", "collected": "2003-01-01", "revised": "None", "video": "SaiNr-frog2_waon a boong.mp3"}, "s_a_span": [69.21, 75.46], "file": "Saisiyat_Tong-he/SaiNr-frog2_waon a boong", "num": 31}], [32, {"ori": [], "gloss": [["...", "", ""], ["'aewpoe'-on", "hold-PF", "抱著-受焦"], ["ila", "PFV", "完成"], ["nisia", "3SG.GEN", "3SG.屬格"], ["noka", "GEN", "屬格"], ["korkoring.\\", "child", "小孩"]], "free": ["#e The child held (the dog) with arms.", "#c  小孩抱著(狗)。"], "s_end": true, "iu_a_span": [75.46, 77.7], "meta": {"topic": "frog2", "type": "Narrative", "language": "賽夏語, Saisiyat, Saisiyat", "speaker": "風玉雲, waon a bo:ong, female, 1943-2-28", "collected": "2003-01-01", "revised": "None", "video": "SaiNr-frog2_waon a boong.mp3"}, "s_a_span": [75.46, 77.7], "file": "Saisiyat_Tong-he/SaiNr-frog2_waon a boong", "num": 32}], [33, {"ori": [], "gloss": [["...(1.8)", "", ""], ["sia", "3SG.NOM", "3SG.主格"], ["...", "", ""], ["ki", "and", "和"], ["'aehoe',\\", "dog", "狗"]], "free": [], "s_end": false, "iu_a_span": [77.7, 81.09], "meta": {"topic": "frog2", "type": "Narrative", "language": "賽夏語, Saisiyat, Saisiyat", "speaker": "風玉雲, waon a bo:ong, female, 1943-2-28", "collected": "2003-01-01", "revised": "None", "video": "SaiNr-frog2_waon a boong.mp3"}, "file": "Saisiyat_Tong-he/SaiNr-frog2_waon a boong", "num": 33}], [34, {"ori": [], "gloss": [["...", "", ""], ["korkoring", "child", "小孩"], ["rima'", "AF.go", "主焦.去"], ["ila", "PFV", "完成"], ["ki:im", "look.for", "<主焦>尋找"], ["ka==,/", "ACC", "受格"]], "free": [], "s_end": false, "iu_a_span": [81.09, 82.82], "meta": {"topic": "frog2", "type": "Narrative", "language": "賽夏語, Saisiyat, Saisiyat", "speaker": "風玉雲, waon a bo:ong, female, 1943-2-28", "collected": "2003-01-01", "revised": "None", "video": "SaiNr-frog2_waon a boong.mp3"}, "file": "Saisiyat_Tong-he/SaiNr-frog2_waon a boong", "num": 34}], [35, {"ori": [], "gloss": [["..", "", ""], ["takem", "frog", "青蛙"], [".\\", "", ""]], "free": ["#e The child and the dog went to look for the frog.", "#c  小孩和狗去找青蛙。"], "s_end": true, "iu_a_span": [82.82, 83.26], "meta": {"topic": "frog2", "type": "Narrative", "language": "賽夏語, Saisiyat, Saisiyat", "speaker": "風玉雲, waon a bo:ong, female, 1943-2-28", "collected": "2003-01-01", "revised": "None", "video": "SaiNr-frog2_waon a boong.mp3"}, "s_a_span": [77.7, 83.26], "file": "Saisiyat_Tong-he/SaiNr-frog2_waon a boong", "num": 35}], [36, {"ori": [], "gloss": [["...(1.1)", "", ""], ["'oe'oe", "call", "<主焦>叫"], ["'oe'oe", "call", "<主焦>叫"], ["ray", "LOC", "處格"], ["'oeS'oeSoe'an", "woods", "樹林"], ["ki:im", "look.for", "<主焦>尋找"], ["ka==", "ACC", "受格"], ["takem", "frog", "青蛙"], [".\\", "", ""]], "free": ["#e (They) called and called toward the woods looking for the frog.", "#c  (他們)往樹林那邊叫,找青蛙。"], "s_end": true, "iu_a_span": [83.26, 87.26], "meta": {"topic": "frog2", "type": "Narrative", "language": "賽夏語, Saisiyat, Saisiyat", "speaker": "風玉雲, waon a bo:ong, female, 1943-2-28", "collected": "2003-01-01", "revised": "None", "video": "SaiNr-frog2_waon a boong.mp3"}, "s_a_span": [83.26, 87.26], "file": "Saisiyat_Tong-he/SaiNr-frog2_waon a boong", "num": 36}], [37, {"ori": [], "gloss": [["...(1.8)", "", ""], ["rima'", "AF.go", "主焦.去"], ["kas-hoeroe'", "step.on-hole", "踩-洞"], ["ka==", "ACC", "受格"], ["boya'./", "beehive", "蜂窩"]], "free": ["#e They stepped on a beehive.", "#c  他們踩到蜂窩。"], "s_end": true, "iu_a_span": [87.26, 91.14], "meta": {"topic": "frog2", "type": "Narrative", "language": "賽夏語, Saisiyat, Saisiyat", "speaker": "風玉雲, waon a bo:ong, female, 1943-2-28", "collected": "2003-01-01", "revised": "None", "video": "SaiNr-frog2_waon a boong.mp3"}, "s_a_span": [87.26, 91.14], "file": "Saisiyat_Tong-he/SaiNr-frog2_waon a boong", "num": 37}], [38, {"ori": [], "gloss": [["...(1.4)", "", ""], ["korkoring", "child", "小孩"], ["'aehoe'", "dog", "狗"], ["rima'", "AF.go", "主焦.去"], ["tobong", "call", "<主焦>叫"], ["ka", "ACC", "受格"], ["boya',\\", "beehive", "蜂窩"]], "free": ["#e The child and the dog called at the hive.", "#c  小孩和狗對著蜂窩叫。"], "s_end": true, "iu_a_span": [91.14, 94.6], "meta": {"topic": "frog2", "type": "Narrative", "language": "賽夏語, Saisiyat, Saisiyat", "speaker": "風玉雲, waon a bo:ong, female, 1943-2-28", "collected": "2003-01-01", "revised": "None", "video": "SaiNr-frog2_waon a boong.mp3"}, "s_a_span": [91.14, 94.6], "file": "Saisiyat_Tong-he/SaiNr-frog2_waon a boong", "num": 38}], [39, {"ori": [], "gloss": [["..", "", ""], ["korkoring", "child", "小孩"], ["rima'", "AF.go", "主焦.去"], ["kita'", "see", "<主焦>看"], ["ka==,/", "ACC", "受格"]], "free": [], "s_end": false, "iu_a_span": [94.6, 96.49], "meta": {"topic": "frog2", "type": "Narrative", "language": "賽夏語, Saisiyat, Saisiyat", "speaker": "風玉雲, waon a bo:ong, female, 1943-2-28", "collected": "2003-01-01", "revised": "None", "video": "SaiNr-frog2_waon a boong.mp3"}, "file": "Saisiyat_Tong-he/SaiNr-frog2_waon a boong", "num": 39}], [40, {"ori": [], "gloss": [["...", "", ""], ["inoka", "POSS", "所有格"], ["aewhaes", "rat", "老鼠"], ["a", "POSS", "所有格"], ["ka", "ACC", "受格"], ["hoeroe'.\\", "hole", "洞"]], "free": ["#e The child went to see a rat hole.", "#c  小孩去看老鼠洞。"], "s_end": true, "iu_a_span": [96.49, 98.66], "meta": {"topic": "frog2", "type": "Narrative", "language": "賽夏語, Saisiyat, Saisiyat", "speaker": "風玉雲, waon a bo:ong, female, 1943-2-28", "collected": "2003-01-01", "revised": "None", "video": "SaiNr-frog2_waon a boong.mp3"}, "s_a_span": [94.6, 98.66], "file": "Saisiyat_Tong-he/SaiNr-frog2_waon a boong", "num": 40}], [41, {"ori": [], "gloss": [["...(1.3)", "", ""], ["kita'-en,/", "see-PF", "看-受焦"]], "free": [], "s_end": false, "iu_a_span": [98.66, 100.48], "meta": {"topic": "frog2", "type": "Narrative", "language": "賽夏語, Saisiyat, Saisiyat", "speaker": "風玉雲, waon a bo:ong, female, 1943-2-28", "collected": "2003-01-01", "revised": "None", "video": "SaiNr-frog2_waon a boong.mp3"}, "file": "Saisiyat_Tong-he/SaiNr-frog2_waon a boong", "num": 41}], [42, {"ori": [], "gloss": [["...", "", ""], ["sathang", "AF.appear", "主焦.出現"], ["ka==", "NOM", "主格"], ["'aewhaes", "rat", "老鼠"], [".\\", "", ""]], "free": ["#e A rat appeared.", "#c  一隻老鼠出現了。"], "s_end": true, "iu_a_span": [100.48, 102.25], "meta": {"topic": "frog2", "type": "Narrative", "language": "賽夏語, Saisiyat, Saisiyat", "speaker": "風玉雲, waon a bo:ong, female, 1943-2-28", "collected": "2003-01-01", "revised": "None", "video": "SaiNr-frog2_waon a boong.mp3"}, "s_a_span": [98.66, 102.25], "file": "Saisiyat_Tong-he/SaiNr-frog2_waon a boong", "num": 42}], [43, {"ori": [], "gloss": [["..", "", ""], ["korkoring", "child", "小孩"], ["homses", "AF.frightened", "主焦.嚇到"], [".\\", "", ""]], "free": ["#e The child got frightened.", "#c  小孩嚇到了。"], "s_end": true, "iu_a_span": [102.25, 104.03], "meta": {"topic": "frog2", "type": "Narrative", "language": "賽夏語, Saisiyat, Saisiyat", "speaker": "風玉雲, waon a bo:ong, female, 1943-2-28", "collected": "2003-01-01", "revised": "None", "video": "SaiNr-frog2_waon a boong.mp3"}, "s_a_span": [102.25, 104.03], "file": "Saisiyat_Tong-he/SaiNr-frog2_waon a boong", "num": 43}], [44, {"ori": [], "gloss": [["...(4.3)", "", ""], ["'aehoe',/", "dog", "狗"]], "free": [], "s_end": false, "iu_a_span": [104.03, 109.01], "meta": {"topic": "frog2", "type": "Narrative", "language": "賽夏語, Saisiyat, Saisiyat", "speaker": "風玉雲, waon a bo:ong, female, 1943-2-28", "collected": "2003-01-01", "revised": "None", "video": "SaiNr-frog2_waon a boong.mp3"}, "file": "Saisiyat_Tong-he/SaiNr-frog2_waon a boong", "num": 44}], [45, {"ori": [], "gloss": [["...(1.8)", "", ""], ["'aehoe',/", "dog", "狗"]], "free": [], "s_end": false, "iu_a_span": [109.01, 111.27], "meta": {"topic": "frog2", "type": "Narrative", "language": "賽夏語, Saisiyat, Saisiyat", "speaker": "風玉雲, waon a bo:ong, female, 1943-2-28", "collected": "2003-01-01", "revised": "None", "video": "SaiNr-frog2_waon a boong.mp3"}, "file": "Saisiyat_Tong-he/SaiNr-frog2_waon a boong", "num": 45}], [46, {"ori": [], "gloss": [["...", "", ""], ["kita'", "see", "<主焦>看"], ["ka", "ACC", "受格"], ["boya',\\", "beehive", "蜂窩"]], "free": [], "s_end": false, "iu_a_span": [111.27, 112.78], "meta": {"topic": "frog2", "type": "Narrative", "language": "賽夏語, Saisiyat, Saisiyat", "speaker": "風玉雲, waon a bo:ong, female, 1943-2-28", "collected": "2003-01-01", "revised": "None", "video": "SaiNr-frog2_waon a boong.mp3"}, "file": "Saisiyat_Tong-he/SaiNr-frog2_waon a boong", "num": 46}], [47, {"ori": [], "gloss": [["...", "", ""], ["ray", "LOC", "處格"], ["'oeS'oeSoe'an", "woods", "樹林"], [".\\", "", ""]], "free": ["#e The dog saw a beehive in the woods.", "#c  狗看到一個蜂窩在樹林裡。"], "s_end": true, "iu_a_span": [112.78, 113.83], "meta": {"topic": "frog2", "type": "Narrative", "language": "賽夏語, Saisiyat, Saisiyat", "speaker": "風玉雲, waon a bo:ong, female, 1943-2-28", "collected": "2003-01-01", "revised": "None", "video": "SaiNr-frog2_waon a boong.mp3"}, "s_a_span": [104.03, 113.83], "file": "Saisiyat_Tong-he/SaiNr-frog2_waon a boong", "num": 47}], [48, {"ori": [], "gloss": [["..", "", ""], ["tikot", "AF.afraid", "主焦.害怕"], ["ila", "PFV", "完成"], [".\\", "", ""]], "free": ["#e (The dog) was afraid.", "#c  很害怕。"], "s_end": true, "iu_a_span": [113.83, 114.79], "meta": {"topic": "frog2", "type": "Narrative", "language": "賽夏語, Saisiyat, Saisiyat", "speaker": "風玉雲, waon a bo:ong, female, 1943-2-28", "collected": "2003-01-01", "revised": "None", "video": "SaiNr-frog2_waon a boong.mp3"}, "s_a_span": [113.83, 114.79], "file": "Saisiyat_Tong-he/SaiNr-frog2_waon a boong", "num": 48}], [49, {"ori": [], "gloss": [["...(1.0)", "", ""], ["hini'", "this", "這個"], ["ka", "NOM", "主格"], ["korkoring", "child", "小孩"], ["ta'itol", "AF.move.up", "主焦.爬上"], ["ray", "LOC", "處格"], ["kaehoey", "tree", "樹"], ["babaw", "up", "上面"], [".\\", "", ""]], "free": [], "s_end": false, "iu_a_span": [114.79, 118.01], "meta": {"topic": "frog2", "type": "Narrative", "language": "賽夏語, Saisiyat, Saisiyat", "speaker": "風玉雲, waon a bo:ong, female, 1943-2-28", "collected": "2003-01-01", "revised": "None", "video": "SaiNr-frog2_waon a boong.mp3"}, "file": "Saisiyat_Tong-he/SaiNr-frog2_waon a boong", "num": 49}], [50, {"ori": [], "gloss": [["...(1.0)", "", ""], ["kita'", "see", "<主焦>看"], ["ka==,/", "ACC", "受格"]], "free": [], "s_end": false, "iu_a_span": [118.01, 120.29], "meta": {"topic": "frog2", "type": "Narrative", "language": "賽夏語, Saisiyat, Saisiyat", "speaker": "風玉雲, waon a bo:ong, female, 1943-2-28", "collected": "2003-01-01", "revised": "None", "video": "SaiNr-frog2_waon a boong.mp3"}, "file": "Saisiyat_Tong-he/SaiNr-frog2_waon a boong", "num": 50}], [51, {"ori": [], "gloss": [["...(2.2)", "", ""], ["hoeroe',/", "hole", "洞"]], "free": [], "s_end": false, "iu_a_span": [120.29, 123.15], "meta": {"topic": "frog2", "type": "Narrative", "language": "賽夏語, Saisiyat, Saisiyat", "speaker": "風玉雲, waon a bo:ong, female, 1943-2-28", "collected": "2003-01-01", "revised": "None", "video": "SaiNr-frog2_waon a boong.mp3"}, "file": "Saisiyat_Tong-he/SaiNr-frog2_waon a boong", "num": 51}], [52, {"ori": [], "gloss": [["...", "", ""], ["ray", "LOC", "處格"], ["kaehoey", "tree", "樹"], [".\\", "", ""]], "free": ["#e The child climbed up the tree and saw a hole.", "#c  小孩爬上樹,看到一個洞。"], "s_end": true, "iu_a_span": [123.15, 124.2], "meta": {"topic": "frog2", "type": "Narrative", "language": "賽夏語, Saisiyat, Saisiyat", "speaker": "風玉雲, waon a bo:ong, female, 1943-2-28", "collected": "2003-01-01", "revised": "None", "video": "SaiNr-frog2_waon a boong.mp3"}, "s_a_span": [114.79, 124.2], "file": "Saisiyat_Tong-he/SaiNr-frog2_waon a boong", "num": 52}], [53, {"ori": [], "gloss": [["...(2.8)", "", ""], ["kita'-en", "see-PF", "看-受焦"], ["hiza'", "that", "那個"], ["ka==", "NOM", "主格"], ["'oewi',\\", "owl", "貓頭鷹"]], "free": [], "s_end": false, "iu_a_span": [124.2, 128.5], "meta": {"topic": "frog2", "type": "Narrative", "language": "賽夏語, Saisiyat, Saisiyat", "speaker": "風玉雲, waon a bo:ong, female, 1943-2-28", "collected": "2003-01-01", "revised": "None", "video": "SaiNr-frog2_waon a boong.mp3"}, "file": "Saisiyat_Tong-he/SaiNr-frog2_waon a boong", "num": 53}], [54, {"ori": [], "gloss": [["...", "", ""], ["ka", "FIL", "FIL"], ["s==athang", "AF.appear", "主焦.出現"], ["ila", "PFV", "完成"], [".\\", "", ""]], "free": ["#e (He) saw the owl appear (from the hole).", "#c  看到貓頭鷹出現了。"], "s_end": true, "iu_a_span": [128.5, 129.9], "meta": {"topic": "frog2", "type": "Narrative", "language": "賽夏語, Saisiyat, Saisiyat", "speaker": "風玉雲, waon a bo:ong, female, 1943-2-28", "collected": "2003-01-01", "revised": "None", "video": "SaiNr-frog2_waon a boong.mp3"}, "s_a_span": [124.2, 129.9], "file": "Saisiyat_Tong-he/SaiNr-frog2_waon a boong", "num": 54}], [55, {"ori": [], "gloss": [["hao", "there", "那裡"], ["'izo'", "inside", "裡面"], ["ray", "LOC", "處格"], ["hoeroe',/", "hole", "洞"]], "free": ["#e (from) inside the hole.", "#c  (從)洞裡面。"], "s_end": true, "iu_a_span": [129.9, 131.34], "meta": {"topic": "frog2", "type": "Narrative", "language": "賽夏語, Saisiyat, Saisiyat", "speaker": "風玉雲, waon a bo:ong, female, 1943-2-28", "collected": "2003-01-01", "revised": "None", "video": "SaiNr-frog2_waon a boong.mp3"}, "s_a_span": [129.9, 131.34], "file": "Saisiyat_Tong-he/SaiNr-frog2_waon a boong", "num": 55}], [56, {"ori": [], "gloss": [["...", "", ""], ["korkoring", "child", "小孩"], ["homses", "AF.frightened", "主焦.嚇到"], ["sahae'", "AF.fall", "主焦.掉下去"], ["ila", "PFV", "完成"], [".\\", "", ""]], "free": ["#e The child was frightened and fell down.", "#c  小孩嚇到,掉下去了。"], "s_end": true, "iu_a_span": [131.34, 133.59], "meta": {"topic": "frog2", "type": "Narrative", "language": "賽夏語, Saisiyat, Saisiyat", "speaker": "風玉雲, waon a bo:ong, female, 1943-2-28", "collected": "2003-01-01", "revised": "None", "video": "SaiNr-frog2_waon a boong.mp3"}, "s_a_span": [131.34, 133.59], "file": "Saisiyat_Tong-he/SaiNr-frog2_waon a boong", "num": 56}], [57, {"ori": [], "gloss": [["...(1.3)", "", ""], ["'ahoe'", "dog", "狗"], ["...", "", ""], ["kita'", "see", "<主焦>看"], ["ka", "ACC", "受格"], ["bo:ya'.\\", "beehive", "蜂窩"]], "free": ["#e The dog saw a beehive.", "#c  狗看到蜂窩。"], "s_end": true, "iu_a_span": [133.59, 136.48], "meta": {"topic": "frog2", "type": "Narrative", "language": "賽夏語, Saisiyat, Saisiyat", "speaker": "風玉雲, waon a bo:ong, female, 1943-2-28", "collected": "2003-01-01", "revised": "None", "video": "SaiNr-frog2_waon a boong.mp3"}, "s_a_span": [133.59, 136.48], "file": "Saisiyat_Tong-he/SaiNr-frog2_waon a boong", "num": 57}], [58, {"ori": [], "gloss": [["...(1.5)", "", ""], ["'akoy", "AF.many", "主焦.很多"], ["'atomalan", "really", "真的"], ["'ima", "PROG", "進行"], ["sowaw", "chase", "<主焦>追"], ["hisia.\\", "3SG.ACC", "3SG.受格"]], "free": ["#e Many (bees) were chasing after (the dog).", "#c  很多(蜂)在追牠。"], "s_end": true, "iu_a_span": [136.48, 139.72], "meta": {"topic": "frog2", "type": "Narrative", "language": "賽夏語, Saisiyat, Saisiyat", "speaker": "風玉雲, waon a bo:ong, female, 1943-2-28", "collected": "2003-01-01", "revised": "None", "video": "SaiNr-frog2_waon a boong.mp3"}, "s_a_span": [136.48, 139.72], "file": "Saisiyat_Tong-he/SaiNr-frog2_waon a boong", "num": 58}], [59, {"ori": [], "gloss": [["sia", "3SG.NOM", "3SG.主格"], ["'am'-amoeh", "quick", "<主焦>快"], ["ra:iw", "AF.leave", "主焦.離開"], [".\\", "", ""]], "free": ["#e He left hurriedly.", "#c  他很快地跑掉。"], "s_end": true, "iu_a_span": [139.72, 140.95], "meta": {"topic": "frog2", "type": "Narrative", "language": "賽夏語, Saisiyat, Saisiyat", "speaker": "風玉雲, waon a bo:ong, female, 1943-2-28", "collected": "2003-01-01", "revised": "None", "video": "SaiNr-frog2_waon a boong.mp3"}, "s_a_span": [139.72, 140.95], "file": "Saisiyat_Tong-he/SaiNr-frog2_waon a boong", "num": 59}], [60, {"ori": [], "gloss": [["...(1.6)", "", ""], ["'oewi',/", "owl", "貓頭鷹"]], "free": [], "s_end": false, "iu_a_span": [140.95, 143.24], "meta": {"topic": "frog2", "type": "Narrative", "language": "賽夏語, Saisiyat, Saisiyat", "speaker": "風玉雲, waon a bo:ong, female, 1943-2-28", "collected": "2003-01-01", "revised": "None", "video": "SaiNr-frog2_waon a boong.mp3"}, "file": "Saisiyat_Tong-he/SaiNr-frog2_waon a boong", "num": 60}], [61, {"ori": [], "gloss": [["...", "", ""], ["hayap", "fly", "<主焦>飛"], ["ila", "PFV", "完成"], [".\\", "", ""]], "free": ["#e The owl flew (away).", "#c  貓頭鷹飛(走)了。"], "s_end": true, "iu_a_span": [143.24, 144.4], "meta": {"topic": "frog2", "type": "Narrative", "language": "賽夏語, Saisiyat, Saisiyat", "speaker": "風玉雲, waon a bo:ong, female, 1943-2-28", "collected": "2003-01-01", "revised": "None", "video": "SaiNr-frog2_waon a boong.mp3"}, "s_a_span": [140.95, 144.4], "file": "Saisiyat_Tong-he/SaiNr-frog2_waon a boong", "num": 61}], [62, {"ori": [], "gloss": [["..", "", ""], ["hini'", "this", "這個"], ["ka==,/", "NOM", "主格"]], "free": [], "s_end": false, "iu_a_span": [144.4, 145.4], "meta": {"topic": "frog2", "type": "Narrative", "language": "賽夏語, Saisiyat, Saisiyat", "speaker": "風玉雲, waon a bo:ong, female, 1943-2-28", "collected": "2003-01-01", "revised": "None", "video": "SaiNr-frog2_waon a boong.mp3"}, "file": "Saisiyat_Tong-he/SaiNr-frog2_waon a boong", "num": 62}], [63, {"ori": [], "gloss": [["...", "", ""], ["mae'iyaeh,/", "person", "人"]], "free": [], "s_end": false, "iu_a_span": [145.4, 146.55], "meta": {"topic": "frog2", "type": "Narrative", "language": "賽夏語, Saisiyat, Saisiyat", "speaker": "風玉雲, waon a bo:ong, female, 1943-2-28", "collected": "2003-01-01", "revised": "None", "video": "SaiNr-frog2_waon a boong.mp3"}, "file": "Saisiyat_Tong-he/SaiNr-frog2_waon a boong", "num": 63}], [64, {"ori": [], "gloss": [["...(0.7)", "", ""], ["ra:iw", "AF.leave", "主焦.離開"], ["ila", "PFV", "完成"], [".\\", "", ""]], "free": ["#e The person left.", "#c  這個人離開了。"], "s_end": true, "iu_a_span": [146.55, 147.46], "meta": {"topic": "frog2", "type": "Narrative", "language": "賽夏語, Saisiyat, Saisiyat", "speaker": "風玉雲, waon a bo:ong, female, 1943-2-28", "collected": "2003-01-01", "revised": "None", "video": "SaiNr-frog2_waon a boong.mp3"}, "s_a_span": [144.4, 147.46], "file": "Saisiyat_Tong-he/SaiNr-frog2_waon a boong", "num": 64}], [65, {"ori": [], "gloss": [["..", "", ""], ["sia", "3SG.NOM", "3SG.主格"], ["rima',\\", "AF.go", "主焦.去"]], "free": [], "s_end": false, "iu_a_span": [147.46, 148.24], "meta": {"topic": "frog2", "type": "Narrative", "language": "賽夏語, Saisiyat, Saisiyat", "speaker": "風玉雲, waon a bo:ong, female, 1943-2-28", "collected": "2003-01-01", "revised": "None", "video": "SaiNr-frog2_waon a boong.mp3"}, "file": "Saisiyat_Tong-he/SaiNr-frog2_waon a boong", "num": 65}], [66, {"ori": [], "gloss": [["...", "", ""], ["ki:im", "look.for", "<主焦>尋找"], ["ka", "ACC", "受格"], ["takem./", "frog", "青蛙"]], "free": ["#e He went to look for the frog.", "#c  他去找青蛙。"], "s_end": true, "iu_a_span": [148.24, 149.7], "meta": {"topic": "frog2", "type": "Narrative", "language": "賽夏語, Saisiyat, Saisiyat", "speaker": "風玉雲, waon a bo:ong, female, 1943-2-28", "collected": "2003-01-01", "revised": "None", "video": "SaiNr-frog2_waon a boong.mp3"}, "s_a_span": [147.46, 149.7], "file": "Saisiyat_Tong-he/SaiNr-frog2_waon a boong", "num": 66}], [67, {"ori": [], "gloss": [["..", "", ""], ["'okik", "NEG", "否定"], ["ra:am", "AF.know", "主焦.知道"], ["hiza", "that", "那個"], ["ka==,/", "FIL", "FIL"]], "free": [], "s_end": false, "iu_a_span": [149.7, 151.56], "meta": {"topic": "frog2", "type": "Narrative", "language": "賽夏語, Saisiyat, Saisiyat", "speaker": "風玉雲, waon a bo:ong, female, 1943-2-28", "collected": "2003-01-01", "revised": "None", "video": "SaiNr-frog2_waon a boong.mp3"}, "file": "Saisiyat_Tong-he/SaiNr-frog2_waon a boong", "num": 67}], [68, {"ori": [], "gloss": [["...(1.5)", "", ""], ["pa-koSa:", "CAU-say", "使役-說"], ["kaehoey", "tree", "樹"], ["inoka", "GEN", "屬格"], ["wae'ae'", "deer", "鹿"], ["ka==./", "FIL", "FIL"]], "free": ["#e (He) did't realize that there was a deer antler (behind) the tree.", "#c  不知道有鹿在樹後面。"], "s_end": true, "iu_a_span": [151.56, 155.27], "meta": {"topic": "frog2", "type": "Narrative", "language": "賽夏語, Saisiyat, Saisiyat", "speaker": "風玉雲, waon a bo:ong, female, 1943-2-28", "collected": "2003-01-01", "revised": "None", "video": "SaiNr-frog2_waon a boong.mp3"}, "s_a_span": [149.7, 155.27], "file": "Saisiyat_Tong-he/SaiNr-frog2_waon a boong", "num": 68}], [69, {"ori": [], "gloss": [["...", "", ""], ["kaeh'oeng", "antler", "鹿角"], [".\\", "", ""]], "free": [], "s_end": false, "iu_a_span": [155.27, 156.5], "meta": {"topic": "frog2", "type": "Narrative", "language": "賽夏語, Saisiyat, Saisiyat", "speaker": "風玉雲, waon a bo:ong, female, 1943-2-28", "collected": "2003-01-01", "revised": "None", "video": "SaiNr-frog2_waon a boong.mp3"}, "file": "Saisiyat_Tong-he/SaiNr-frog2_waon a boong", "num": 69}], [70, {"ori": [], "gloss": [["...(0.8)", "", ""], ["nisia", "3SG.GEN", "3SG.屬格"], ["tay'itol-on./", "move.up-PF", "爬上-受焦"]], "free": ["#e The deer (lifted) him.", "#c  鹿抬起了他。"], "s_end": true, "iu_a_span": [156.5, 158.51], "meta": {"topic": "frog2", "type": "Narrative", "language": "賽夏語, Saisiyat, Saisiyat", "speaker": "風玉雲, waon a bo:ong, female, 1943-2-28", "collected": "2003-01-01", "revised": "None", "video": "SaiNr-frog2_waon a boong.mp3"}, "s_a_span": [155.27, 158.51], "file": "Saisiyat_Tong-he/SaiNr-frog2_waon a boong", "num": 70}], [71, {"ori": [], "gloss": [["...(1.9)", "", ""], ["noka==", "GEN", "屬格"], ["wae'ae',/", "deer", "鹿"]], "free": [], "s_end": false, "iu_a_span": [158.51, 161.45], "meta": {"topic": "frog2", "type": "Narrative", "language": "賽夏語, Saisiyat, Saisiyat", "speaker": "風玉雲, waon a bo:ong, female, 1943-2-28", "collected": "2003-01-01", "revised": "None", "video": "SaiNr-frog2_waon a boong.mp3"}, "file": "Saisiyat_Tong-he/SaiNr-frog2_waon a boong", "num": 71}], [72, {"ori": [], "gloss": [["...", "", ""], ["pa-hangal", "CAU-hang", "使役-吊掛"], [".\\", "", ""]], "free": ["#e The deer caused (the child) to hang on it.", "#c  鹿使(小孩)垂吊(在他身上)。"], "s_end": true, "iu_a_span": [161.45, 162.54], "meta": {"topic": "frog2", "type": "Narrative", "language": "賽夏語, Saisiyat, Saisiyat", "speaker": "風玉雲, waon a bo:ong, female, 1943-2-28", "collected": "2003-01-01", "revised": "None", "video": "SaiNr-frog2_waon a boong.mp3"}, "s_a_span": [158.51, 162.54], "file": "Saisiyat_Tong-he/SaiNr-frog2_waon a boong", "num": 72}], [73, {"ori": [], "gloss": [["...(1.0)", "", ""], ["si-panra:an", "RF-walk", "指焦-走"], ["ila", "PFV", "完成"], ["'araS-en", "take-PF", "拿-受焦"], ["ila", "PFV", "完成"], ["hiza'", "that", "那個"], ["'aehoe',\\", "dog", "狗"]], "free": [], "s_end": false, "iu_a_span": [162.54, 165.65], "meta": {"topic": "frog2", "type": "Narrative", "language": "賽夏語, Saisiyat, Saisiyat", "speaker": "風玉雲, waon a bo:ong, female, 1943-2-28", "collected": "2003-01-01", "revised": "None", "video": "SaiNr-frog2_waon a boong.mp3"}, "file": "Saisiyat_Tong-he/SaiNr-frog2_waon a boong", "num": 73}], [74, {"ori": [], "gloss": [["...", "", ""], ["noka", "GEN", "屬格"], ["wae'ae',/", "deer", "鹿"]], "free": [], "s_end": false, "iu_a_span": [165.65, 166.53], "meta": {"topic": "frog2", "type": "Narrative", "language": "賽夏語, Saisiyat, Saisiyat", "speaker": "風玉雲, waon a bo:ong, female, 1943-2-28", "collected": "2003-01-01", "revised": "None", "video": "SaiNr-frog2_waon a boong.mp3"}, "file": "Saisiyat_Tong-he/SaiNr-frog2_waon a boong", "num": 74}], [75, {"ori": [], "gloss": [["...", "", ""], ["'araS-en,/", "bring-PF", "帶-受焦"]], "free": ["#e The dog followed the child being taken away by the deer.", "#c  狗跟著被鹿帶走的小孩。", "#n 老師覺得應在73和74句中間加上下面這一句會比較完整:", "#n tanisowaw tanisowaw ka korkoring", "#n af.follow af.follow acc child", "#n 主焦.跟隨 主焦.跟隨 受格 小孩"], "s_end": true, "iu_a_span": [166.53, 167.62], "meta": {"topic": "frog2", "type": "Narrative", "language": "賽夏語, Saisiyat, Saisiyat", "speaker": "風玉雲, waon a bo:ong, female, 1943-2-28", "collected": "2003-01-01", "revised": "None", "video": "SaiNr-frog2_waon a boong.mp3"}, "s_a_span": [162.54, 167.62], "file": "Saisiyat_Tong-he/SaiNr-frog2_waon a boong", "num": 75}], [76, {"ori": [], "gloss": [["...", "", ""], ["s==i-'osa", "RF-throw", "指焦-丟"], ["ila", "PFV", "完成"], ["hato", "there", "那裡"], ["kamasal", "down", "下面"], ["ray", "LOC", "處格"], ["'oeS'oeSoe'an", "woods", "森林"], [".\\", "", ""]], "free": ["#e (The deer) threw (the child) down in the woods.", "#c  (鹿)把(小孩)丟到森林的下面。"], "s_end": true, "iu_a_span": [167.62, 170.73], "meta": {"topic": "frog2", "type": "Narrative", "language": "賽夏語, Saisiyat, Saisiyat", "speaker": "風玉雲, waon a bo:ong, female, 1943-2-28", "collected": "2003-01-01", "revised": "None", "video": "SaiNr-frog2_waon a boong.mp3"}, "s_a_span": [167.62, 170.73], "file": "Saisiyat_Tong-he/SaiNr-frog2_waon a boong", "num": 76}], [77, {"ori": [], "gloss": [["...(2.0)", "", ""], ["rima',/", "AF.go", "主焦.去"]], "free": [], "s_end": false, "iu_a_span": [170.73, 173.38], "meta": {"topic": "frog2", "type": "Narrative", "language": "賽夏語, Saisiyat, Saisiyat", "speaker": "風玉雲, waon a bo:ong, female, 1943-2-28", "collected": "2003-01-01", "revised": "None", "video": "SaiNr-frog2_waon a boong.mp3"}, "file": "Saisiyat_Tong-he/SaiNr-frog2_waon a boong", "num": 77}], [78, {"ori": [], "gloss": [["...(0.8)", "", ""], ["s==", "FS", "FS"], ["sahae'", "AF.fall", "主焦.跌落"], ["ra==y", "LOC", "處格"], ["iniya", "iniya", "iniya"], ["ralom", "water", "水"], [".\\", "", ""]], "free": [], "s_end": false, "iu_a_span": [173.38, 176.84], "meta": {"topic": "frog2", "type": "Narrative", "language": "賽夏語, Saisiyat, Saisiyat", "speaker": "風玉雲, waon a bo:ong, female, 1943-2-28", "collected": "2003-01-01", "revised": "None", "video": "SaiNr-frog2_waon a boong.mp3"}, "file": "Saisiyat_Tong-he/SaiNr-frog2_waon a boong", "num": 78}], [79, {"ori": [], "gloss": [["...(2.4)", "", ""], ["'insa'an", "a.while", "一會兒"], ["sia", "3SG.NOM", "3SG.主格"], ["ki", "and", "和"], ["'aehoe'", "dog", "狗"], ["sia", "3SG.NOM", "3SG.主格"], ["totoko',\\", "carry.on.back", "<主焦>揹"]], "free": [], "s_end": false, "iu_a_span": [176.84, 181.41], "meta": {"topic": "frog2", "type": "Narrative", "language": "賽夏語, Saisiyat, Saisiyat", "speaker": "風玉雲, waon a bo:ong, female, 1943-2-28", "collected": "2003-01-01", "revised": "None", "video": "SaiNr-frog2_waon a boong.mp3"}, "file": "Saisiyat_Tong-he/SaiNr-frog2_waon a boong", "num": 79}], [80, {"ori": [], "gloss": [["ka", "ACC", "受格"], ["'aehoe'./", "dog", "狗"]], "free": ["#e He fell into the water. In a while, he carried the dog on his back.", "#c 他掉到水中. 過了一會兒,他揹著狗。"], "s_end": true, "iu_a_span": [181.41, 182.1], "meta": {"topic": "frog2", "type": "Narrative", "language": "賽夏語, Saisiyat, Saisiyat", "speaker": "風玉雲, waon a bo:ong, female, 1943-2-28", "collected": "2003-01-01", "revised": "None", "video": "SaiNr-frog2_waon a boong.mp3"}, "s_a_span": [170.73, 182.1], "file": "Saisiyat_Tong-he/SaiNr-frog2_waon a boong", "num": 80}], [81, {"ori": [], "gloss": [["...(2.4)", "", ""], ["sa", "FIL", "FIL"], ["kano'", "what", "什麼"], ["ray", "LOC", "處格"], ["hani", "inside.here", "這裡面"], ["sa", "FIL", "FIL"], ["homngas", "sound", "聲音"], ["ray", "LOC", "處格"], ["kaehoey", "tree", "樹"], ["'izo'.\\", "inside", "裡面"]], "free": ["#e What sound is it coming from inside the tree?", "#c  從樹裡面傳出來的是什麼聲音?"], "s_end": true, "iu_a_span": [182.1, 186.8], "meta": {"topic": "frog2", "type": "Narrative", "language": "賽夏語, Saisiyat, Saisiyat", "speaker": "風玉雲, waon a bo:ong, female, 1943-2-28", "collected": "2003-01-01", "revised": "None", "video": "SaiNr-frog2_waon a boong.mp3"}, "s_a_span": [182.1, 186.8], "file": "Saisiyat_Tong-he/SaiNr-frog2_waon a boong", "num": 81}], [82, {"ori": [], "gloss": [["...", "", ""], ["o", "FIL", "FIL"], ["ay==", "FIL", "FIL"], ["'i,\\", "FIL", "FIL"]], "free": [], "s_end": false, "iu_a_span": [186.8, 187.97], "meta": {"topic": "frog2", "type": "Narrative", "language": "賽夏語, Saisiyat, Saisiyat", "speaker": "風玉雲, waon a bo:ong, female, 1943-2-28", "collected": "2003-01-01", "revised": "None", "video": "SaiNr-frog2_waon a boong.mp3"}, "file": "Saisiyat_Tong-he/SaiNr-frog2_waon a boong", "num": 82}], [83, {"ori": [], "gloss": [["...(1.3)", "", ""], ["ay==h,\\", "FIL", "FIL"]], "free": [], "s_end": false, "iu_a_span": [187.97, 190.39], "meta": {"topic": "frog2", "type": "Narrative", "language": "賽夏語, Saisiyat, Saisiyat", "speaker": "風玉雲, waon a bo:ong, female, 1943-2-28", "collected": "2003-01-01", "revised": "None", "video": "SaiNr-frog2_waon a boong.mp3"}, "file": "Saisiyat_Tong-he/SaiNr-frog2_waon a boong", "num": 83}], [84, {"ori": [], "gloss": [["...(2.2)", "", ""], ["iniya", "iniya", "iniya"], ["ralom", "water", "水"], ["hao", "there", "那裡"], ["hayza'", "EXIST", "存在"], ["ka", "NOM", "主格"], ["kaehoey.\\", "tree", "樹"]], "free": ["#e There is a piece of wood on the water.", "#c  有木頭在水上。"], "s_end": true, "iu_a_span": [190.39, 194.07], "meta": {"topic": "frog2", "type": "Narrative", "language": "賽夏語, Saisiyat, Saisiyat", "speaker": "風玉雲, waon a bo:ong, female, 1943-2-28", "collected": "2003-01-01", "revised": "None", "video": "SaiNr-frog2_waon a boong.mp3"}, "s_a_span": [186.8, 194.07], "file": "Saisiyat_Tong-he/SaiNr-frog2_waon a boong", "num": 84}], [85, {"ori": [], "gloss": [["..", "", ""], ["hayza", "EXIST", "存在"], ["ka", "NOM", "主格"], ["hoeroe'.\\", "hole", "洞"]], "free": ["#e There is a hole.", "#c  有一個洞。"], "s_end": true, "iu_a_span": [194.07, 195.07], "meta": {"topic": "frog2", "type": "Narrative", "language": "賽夏語, Saisiyat, Saisiyat", "speaker": "風玉雲, waon a bo:ong, female, 1943-2-28", "collected": "2003-01-01", "revised": "None", "video": "SaiNr-frog2_waon a boong.mp3"}, "s_a_span": [194.07, 195.07], "file": "Saisiyat_Tong-he/SaiNr-frog2_waon a boong", "num": 85}], [86, {"ori": [], "gloss": [["...(0.8)", "", ""], ["hiza'", "that", "那個"], ["'aehoe'", "dog", "狗"], ["tobong", "call", "<主焦>叫"], ["hiza", "that", "那個"], ["ka", "ACC", "受格"], ["mae'iyaeh.\\", "person", "人"]], "free": ["#e The dog called the person (child).", "#c  那個狗叫那個人(小孩)。"], "s_end": true, "iu_a_span": [195.07, 197.58], "meta": {"topic": "frog2", "type": "Narrative", "language": "賽夏語, Saisiyat, Saisiyat", "speaker": "風玉雲, waon a bo:ong, female, 1943-2-28", "collected": "2003-01-01", "revised": "None", "video": "SaiNr-frog2_waon a boong.mp3"}, "s_a_span": [195.07, 197.58], "file": "Saisiyat_Tong-he/SaiNr-frog2_waon a boong", "num": 86}], [87, {"ori": [], "gloss": [["sa", "FIL", "FIL"], ["'iya", "IYA", "IYA"], ["himi", "quiet", "安靜"], ["sa", "FIL", "FIL"], ["'iya", "IYA", "IYA"], ["tobong", "call", "叫"], ["sa", "FIL", "FIL"], ["ka-kita',\\", "RED-see", "重疊-看"]], "free": [], "s_end": false, "iu_a_span": [197.58, 200.42], "meta": {"topic": "frog2", "type": "Narrative", "language": "賽夏語, Saisiyat, Saisiyat", "speaker": "風玉雲, waon a bo:ong, female, 1943-2-28", "collected": "2003-01-01", "revised": "None", "video": "SaiNr-frog2_waon a boong.mp3"}, "file": "Saisiyat_Tong-he/SaiNr-frog2_waon a boong", "num": 87}], [88, {"ori": [], "gloss": [["..", "", ""], ["kano'", "what", "什麼"], ["hani", "here", "這裡"], ["'izo'", "inside", "裡面"], ["a'.\\", "FIL", "FIL"]], "free": ["#e They kept quiet and called out and saw (something).What is here inside?", "#c  什麼在這裡面?"], "s_end": true, "iu_a_span": [200.42, 201.32], "meta": {"topic": "frog2", "type": "Narrative", "language": "賽夏語, Saisiyat, Saisiyat", "speaker": "風玉雲, waon a bo:ong, female, 1943-2-28", "collected": "2003-01-01", "revised": "None", "video": "SaiNr-frog2_waon a boong.mp3"}, "s_a_span": [197.58, 201.32], "file": "Saisiyat_Tong-he/SaiNr-frog2_waon a boong", "num": 88}], [89, {"ori": [], "gloss": [["...(2.4)", "", ""], ["rima'", "AF.go", "主焦.去"], ["kita'", "see", "<主焦>看"], ["kita'-en", "see-PF", "看.受焦"], ["sa", "FIL", "FIL"], ["takem", "frog", "青蛙"], [".\\", "", ""]], "free": ["#e (He) went to see and saw a frog.", "#c  (他)去看,看到青蛙。"], "s_end": true, "iu_a_span": [201.32, 205.56], "meta": {"topic": "frog2", "type": "Narrative", "language": "賽夏語, Saisiyat, Saisiyat", "speaker": "風玉雲, waon a bo:ong, female, 1943-2-28", "collected": "2003-01-01", "revised": "None", "video": "SaiNr-frog2_waon a boong.mp3"}, "s_a_span": [201.32, 205.56], "file": "Saisiyat_Tong-he/SaiNr-frog2_waon a boong", "num": 89}], [90, {"ori": [], "gloss": [["...(0.9)", "", ""], ["kit-kita-en", "RED-see-pf(see.repeatedly)", "重疊-看-受焦"], ["sa", "FIL", "FIL"], ["kin", "very", "很"], ["'akoy", "AF.many", "主焦.很多"], ["ila", "PFV", "完成"], ["sa", "FIL", "FIL"], ["m-wa:i'", "AF-come", "主焦-來"], ["sa==,\\", "FIL", "FIL"]], "free": [], "s_end": false, "iu_a_span": [205.56, 209.13], "meta": {"topic": "frog2", "type": "Narrative", "language": "賽夏語, Saisiyat, Saisiyat", "speaker": "風玉雲, waon a bo:ong, female, 1943-2-28", "collected": "2003-01-01", "revised": "None", "video": "SaiNr-frog2_waon a boong.mp3"}, "file": "Saisiyat_Tong-he/SaiNr-frog2_waon a boong", "num": 90}], [91, {"ori": [], "gloss": [["...", "", ""], ["kita-en", "see-PF", "看-受焦"], ["kin,/", "FS", "FS"]], "free": [], "s_end": false, "iu_a_span": [209.13, 209.94], "meta": {"topic": "frog2", "type": "Narrative", "language": "賽夏語, Saisiyat, Saisiyat", "speaker": "風玉雲, waon a bo:ong, female, 1943-2-28", "collected": "2003-01-01", "revised": "None", "video": "SaiNr-frog2_waon a boong.mp3"}, "file": "Saisiyat_Tong-he/SaiNr-frog2_waon a boong", "num": 91}], [92, {"ori": [], "gloss": [["...", "", ""], ["(H)", "", ""], ["nasia", "3PL.GEN", "3PL.屬格"], ["rakep-en", "catch-PF", "抓-受焦"], ["takem", "frog", "青蛙"], ["sa", "FIL", "FIL"], ["u=", "FIL", "FIL"], ["'akoy", "AF.many", "主焦.很多"], ["'atomalan", "really", "真的"], ["ila", "PFV", "完成"], [".\\", "", ""]], "free": ["#e (He) saw many frogs and caught them. There were so many of them.", "#c  看到很多青蛙，並抓了牠們。"], "s_end": true, "iu_a_span": [209.94, 213.14], "meta": {"topic": "frog2", "type": "Narrative", "language": "賽夏語, Saisiyat, Saisiyat", "speaker": "風玉雲, waon a bo:ong, female, 1943-2-28", "collected": "2003-01-01", "revised": "None", "video": "SaiNr-frog2_waon a boong.mp3"}, "s_a_span": [205.56, 213.14], "file": "Saisiyat_Tong-he/SaiNr-frog2_waon a boong", "num": 92}]], "meta": {"topic": "frog2", "type": "Narrative", "language": "賽夏語, Saisiyat, Saisiyat", "speaker": "風玉雲, waon a bo:ong, female, 1943-2-28", "collected": "2003-01-01", "revised": "None", "video": "SaiNr-frog2_waon a boong.mp3"}}