{"glosses": [[1, {"ori": [], "gloss": [["...(3.6)", "", ""], ["korkoring", "child", "小孩"], ["ma'rem.\\", "AFrest", "主焦<完成>睡覺"]], "free": ["#e \"A child was asleep.\"", "#c 小孩在睡覺。"], "s_end": true, "iu_a_span": [3.66, 5.25], "meta": {"topic": "frog1", "type": "Narrative", "language": "賽夏語, Saisiyat, Saisiyat", "speaker": "風德輝, bownay a tahes, male, 1933-4-22", "collected": "2002-07-24", "revised": "None", "video": "SaiNr-frog1_bownay a tahes.mp3"}, "s_a_span": [3.66, 5.25], "file": "Saisiyat_Tong-he/SaiNr-frog1_bownay a tahes", "num": 1}], [2, {"ori": [], "gloss": [["...(3.8)", "", ""], ["min-'itol.\\", "MIN-move.up", "MIN-起來"]], "free": ["#e \"(He) woke up.\"", "#c (他)起來。"], "s_end": true, "iu_a_span": [5.25, 10.37], "meta": {"topic": "frog1", "type": "Narrative", "language": "賽夏語, Saisiyat, Saisiyat", "speaker": "風德輝, bownay a tahes, male, 1933-4-22", "collected": "2002-07-24", "revised": "None", "video": "SaiNr-frog1_bownay a tahes.mp3"}, "s_a_span": [5.25, 10.37], "file": "Saisiyat_Tong-he/SaiNr-frog1_bownay a tahes", "num": 2}], [3, {"ori": [], "gloss": [["...", "", ""], ["'ima", "PROG", "進行"], ["ki:im", "look.for", "<主焦>尋找"], ["ka", "ACC", "受格"], ["takem.\\", "frog", "青蛙"]], "free": ["#e \"(He) was looking for (his) frog.\"", "#c (他)在找青蛙。"], "s_end": true, "iu_a_span": [10.37, 12.56], "meta": {"topic": "frog1", "type": "Narrative", "language": "賽夏語, Saisiyat, Saisiyat", "speaker": "風德輝, bownay a tahes, male, 1933-4-22", "collected": "2002-07-24", "revised": "None", "video": "SaiNr-frog1_bownay a tahes.mp3"}, "s_a_span": [10.37, 12.56], "file": "Saisiyat_Tong-he/SaiNr-frog1_bownay a tahes", "num": 3}], [4, {"ori": [], "gloss": [["...(1.8)", "", ""], ["kita'-en", "see-PF", "看-受焦"], ["takem", "frog", "青蛙"], ["ray", "LOC", "處格"], ["binbinisitan", "container", "瓶子"], ["'izo'.\\", "inside", "裡面"]], "free": ["#e \"(He) saw the frog inside the container.\"", "#c (他)看青蛙在瓶子裡。"], "s_end": true, "iu_a_span": [12.56, 17.79], "meta": {"topic": "frog1", "type": "Narrative", "language": "賽夏語, Saisiyat, Saisiyat", "speaker": "風德輝, bownay a tahes, male, 1933-4-22", "collected": "2002-07-24", "revised": "None", "video": "SaiNr-frog1_bownay a tahes.mp3"}, "s_a_span": [12.56, 17.79], "file": "Saisiyat_Tong-he/SaiNr-frog1_bownay a tahes", "num": 4}], [5, {"ori": [], "gloss": [["...(1.0)", "", ""], ["'aehoe'", "dog", "狗"], ["m-wa:i'", "AF-come", "主焦-來"], ["ila", "PFV", "完成"], ["kita'", "see", "<主焦>看"], ["oyae'.\\", "together", "一起"]], "free": ["#e \"(His pet) dog also came to see (the frog).\"", "#c （他的）狗也來看（青蛙）。"], "s_end": true, "iu_a_span": [17.79, 21.55], "meta": {"topic": "frog1", "type": "Narrative", "language": "賽夏語, Saisiyat, Saisiyat", "speaker": "風德輝, bownay a tahes, male, 1933-4-22", "collected": "2002-07-24", "revised": "None", "video": "SaiNr-frog1_bownay a tahes.mp3"}, "s_a_span": [17.79, 21.55], "file": "Saisiyat_Tong-he/SaiNr-frog1_bownay a tahes", "num": 5}], [6, {"ori": [], "gloss": [["...(3.7)", "", ""], ["hiza", "that", "那"], ["korkoring,\\", "child", "小孩"]], "free": [], "s_end": false, "iu_a_span": [21.55, 26.64], "meta": {"topic": "frog1", "type": "Narrative", "language": "賽夏語, Saisiyat, Saisiyat", "speaker": "風德輝, bownay a tahes, male, 1933-4-22", "collected": "2002-07-24", "revised": "None", "video": "SaiNr-frog1_bownay a tahes.mp3"}, "file": "Saisiyat_Tong-he/SaiNr-frog1_bownay a tahes", "num": 6}], [7, {"ori": [], "gloss": [["...", "", ""], ["ma'rem", "AF.rest", "主焦.睡"], ["ila", "PFV", "完成"], ["naehaen.\\", "again", "再度"]], "free": ["#e \"The child went to sleep again.\"", "#c 小孩又去睡了。"], "s_end": true, "iu_a_span": [26.64, 28.26], "meta": {"topic": "frog1", "type": "Narrative", "language": "賽夏語, Saisiyat, Saisiyat", "speaker": "風德輝, bownay a tahes, male, 1933-4-22", "collected": "2002-07-24", "revised": "None", "video": "SaiNr-frog1_bownay a tahes.mp3"}, "s_a_span": [21.55, 28.26], "file": "Saisiyat_Tong-he/SaiNr-frog1_bownay a tahes", "num": 7}], [8, {"ori": [], "gloss": [["...(2.7)", "", ""], ["hiza", "that", "那"], ["takem,\\", "frog", "青蛙"]], "free": [], "s_end": false, "iu_a_span": [28.26, 32.15], "meta": {"topic": "frog1", "type": "Narrative", "language": "賽夏語, Saisiyat, Saisiyat", "speaker": "風德輝, bownay a tahes, male, 1933-4-22", "collected": "2002-07-24", "revised": "None", "video": "SaiNr-frog1_bownay a tahes.mp3"}, "file": "Saisiyat_Tong-he/SaiNr-frog1_bownay a tahes", "num": 8}], [9, {"ori": [], "gloss": [["...", "", ""], ["'in'aray", "from", "從"], ["binbinisitan", "container", "瓶子"], ["'izo'", "inside", "裡面"], ["kaSna--,\\", "FS", "FS"]], "free": [], "s_end": false, "iu_a_span": [32.15, 34.91], "meta": {"topic": "frog1", "type": "Narrative", "language": "賽夏語, Saisiyat, Saisiyat", "speaker": "風德輝, bownay a tahes, male, 1933-4-22", "collected": "2002-07-24", "revised": "None", "video": "SaiNr-frog1_bownay a tahes.mp3"}, "file": "Saisiyat_Tong-he/SaiNr-frog1_bownay a tahes", "num": 9}], [10, {"ori": [], "gloss": [["...(1.4)", "", ""], ["kaSna'itol", "AF.move.up", "主焦.起來"], ["ila.\\", "PFV", "完成"]], "free": ["#e \"The frog climbed (out) from inside the container.\"", "#c 青蛙從瓶子裡爬出來。"], "s_end": true, "iu_a_span": [34.91, 37.25], "meta": {"topic": "frog1", "type": "Narrative", "language": "賽夏語, Saisiyat, Saisiyat", "speaker": "風德輝, bownay a tahes, male, 1933-4-22", "collected": "2002-07-24", "revised": "None", "video": "SaiNr-frog1_bownay a tahes.mp3"}, "s_a_span": [28.26, 37.25], "file": "Saisiyat_Tong-he/SaiNr-frog1_bownay a tahes", "num": 10}], [11, {"ori": [], "gloss": [["...(3.0)", "", ""], ["hiza", "that", "那"], ["korkoring", "child", "小孩"], ["ma'rem,\\", "AFrest", "主焦<完成>睡"]], "free": [], "s_end": false, "iu_a_span": [37.25, 42.14], "meta": {"topic": "frog1", "type": "Narrative", "language": "賽夏語, Saisiyat, Saisiyat", "speaker": "風德輝, bownay a tahes, male, 1933-4-22", "collected": "2002-07-24", "revised": "None", "video": "SaiNr-frog1_bownay a tahes.mp3"}, "file": "Saisiyat_Tong-he/SaiNr-frog1_bownay a tahes", "num": 11}], [12, {"ori": [], "gloss": [["...(1.1)", "", ""], ["noka", "GEN", "屬格"], ["'aehoe'_", "dog", "狗"]], "free": [], "s_end": false, "iu_a_span": [42.14, 44.12], "meta": {"topic": "frog1", "type": "Narrative", "language": "賽夏語, Saisiyat, Saisiyat", "speaker": "風德輝, bownay a tahes, male, 1933-4-22", "collected": "2002-07-24", "revised": "None", "video": "SaiNr-frog1_bownay a tahes.mp3"}, "file": "Saisiyat_Tong-he/SaiNr-frog1_bownay a tahes", "num": 12}], [13, {"ori": [], "gloss": [["...", "", ""], ["'itol-on.\\", "move.up-PF", "起來-受焦"]], "free": ["#e \"The dog woke up the sleeping child.\"", "#c 小狗把在睡覺的小孩叫醒。"], "s_end": true, "iu_a_span": [44.12, 45.35], "meta": {"topic": "frog1", "type": "Narrative", "language": "賽夏語, Saisiyat, Saisiyat", "speaker": "風德輝, bownay a tahes, male, 1933-4-22", "collected": "2002-07-24", "revised": "None", "video": "SaiNr-frog1_bownay a tahes.mp3"}, "s_a_span": [37.25, 45.35], "file": "Saisiyat_Tong-he/SaiNr-frog1_bownay a tahes", "num": 13}], [14, {"ori": [], "gloss": [["...(2.9)", "", ""], ["hiza", "that", "那"], ["ka==,\\", "FIL", "FIL"]], "free": [], "s_end": false, "iu_a_span": [45.35, 49.1], "meta": {"topic": "frog1", "type": "Narrative", "language": "賽夏語, Saisiyat, Saisiyat", "speaker": "風德輝, bownay a tahes, male, 1933-4-22", "collected": "2002-07-24", "revised": "None", "video": "SaiNr-frog1_bownay a tahes.mp3"}, "file": "Saisiyat_Tong-he/SaiNr-frog1_bownay a tahes", "num": 14}], [15, {"ori": [], "gloss": [["...(3.0)", "", ""], ["sakosiza", "turn.head", "回頭看"], ["..", "", ""], ["ray", "LOC", "處格"], ["binbinisitan", "container", "瓶子"], ["takem,\\", "frog", "青蛙"]], "free": [], "s_end": false, "iu_a_span": [49.1, 54.92], "meta": {"topic": "frog1", "type": "Narrative", "language": "賽夏語, Saisiyat, Saisiyat", "speaker": "風德輝, bownay a tahes, male, 1933-4-22", "collected": "2002-07-24", "revised": "None", "video": "SaiNr-frog1_bownay a tahes.mp3"}, "file": "Saisiyat_Tong-he/SaiNr-frog1_bownay a tahes", "num": 15}], [16, {"ori": [], "gloss": [["...", "", ""], ["haw==ka'", "NEG", "否定"], ["ila.\\", "PFV", "完成"]], "free": ["#e \"(They) went to take a look at the frog inside the container, (but it's) not there (anymore).\"", "#c (他們)看瓶子理的青蛙，但是（青蛙）不見了。"], "s_end": true, "iu_a_span": [54.92, 56.54], "meta": {"topic": "frog1", "type": "Narrative", "language": "賽夏語, Saisiyat, Saisiyat", "speaker": "風德輝, bownay a tahes, male, 1933-4-22", "collected": "2002-07-24", "revised": "None", "video": "SaiNr-frog1_bownay a tahes.mp3"}, "s_a_span": [45.35, 56.54], "file": "Saisiyat_Tong-he/SaiNr-frog1_bownay a tahes", "num": 16}], [17, {"ori": [], "gloss": [["...(7.8)", "", ""], ["hiza", "that", "那"], ["korkoring==,\\", "child", "小孩"]], "free": [], "s_end": false, "iu_a_span": [56.54, 65.48], "meta": {"topic": "frog1", "type": "Narrative", "language": "賽夏語, Saisiyat, Saisiyat", "speaker": "風德輝, bownay a tahes, male, 1933-4-22", "collected": "2002-07-24", "revised": "None", "video": "SaiNr-frog1_bownay a tahes.mp3"}, "file": "Saisiyat_Tong-he/SaiNr-frog1_bownay a tahes", "num": 17}], [18, {"ori": [], "gloss": [["...", "", ""], ["min-'itol.\\", "MIN-move.up", "MIN-起來"]], "free": ["#e \"The child got up.\"", "#c 小孩起來。"], "s_end": true, "iu_a_span": [65.48, 67.0], "meta": {"topic": "frog1", "type": "Narrative", "language": "賽夏語, Saisiyat, Saisiyat", "speaker": "風德輝, bownay a tahes, male, 1933-4-22", "collected": "2002-07-24", "revised": "None", "video": "SaiNr-frog1_bownay a tahes.mp3"}, "s_a_span": [56.54, 67.0], "file": "Saisiyat_Tong-he/SaiNr-frog1_bownay a tahes", "num": 18}], [19, {"ori": [], "gloss": [["...(4.4)", "", ""], ["'aehoe'", "dog", "狗"], ["m-wa:i'", "AF-come", "主焦-來"], ["ila_", "PFV", "完成"]], "free": ["#e \"The dog came.\"", "#c  狗來了。"], "s_end": true, "iu_a_span": [67.0, 72.98], "meta": {"topic": "frog1", "type": "Narrative", "language": "賽夏語, Saisiyat, Saisiyat", "speaker": "風德輝, bownay a tahes, male, 1933-4-22", "collected": "2002-07-24", "revised": "None", "video": "SaiNr-frog1_bownay a tahes.mp3"}, "s_a_span": [67.0, 72.98], "file": "Saisiyat_Tong-he/SaiNr-frog1_bownay a tahes", "num": 19}], [20, {"ori": [], "gloss": [["...(2.7)", "", ""], ["kisnaray", "by", "從"], ["hinoehas", "window", "窗"], ["korkoring", "child", "小孩"], ["'oe'oe", "call", "<主焦>叫"], ["ila", "PFV", "完成"], ["ka", "ACC", "受格"], ["takem.\\", "frog", "青蛙"]], "free": ["#e \"The child called the frog by the window.\"", "#c 那小孩在窗邊叫青蛙。"], "s_end": true, "iu_a_span": [72.98, 78.93], "meta": {"topic": "frog1", "type": "Narrative", "language": "賽夏語, Saisiyat, Saisiyat", "speaker": "風德輝, bownay a tahes, male, 1933-4-22", "collected": "2002-07-24", "revised": "None", "video": "SaiNr-frog1_bownay a tahes.mp3"}, "s_a_span": [72.98, 78.93], "file": "Saisiyat_Tong-he/SaiNr-frog1_bownay a tahes", "num": 20}], [21, {"ori": [], "gloss": [["...(0.8)", "", ""], ["hiza", "that", "那"], ["noka", "GEN", "屬格"], ["'aehoe'_", "dog", "狗"]], "free": [], "s_end": false, "iu_a_span": [78.93, 81.13], "meta": {"topic": "frog1", "type": "Narrative", "language": "賽夏語, Saisiyat, Saisiyat", "speaker": "風德輝, bownay a tahes, male, 1933-4-22", "collected": "2002-07-24", "revised": "None", "video": "SaiNr-frog1_bownay a tahes.mp3"}, "file": "Saisiyat_Tong-he/SaiNr-frog1_bownay a tahes", "num": 21}], [22, {"ori": [], "gloss": [["...", "", ""], ["binbinisitan_", "container", "瓶子"]], "free": [], "s_end": false, "iu_a_span": [81.13, 82.54], "meta": {"topic": "frog1", "type": "Narrative", "language": "賽夏語, Saisiyat, Saisiyat", "speaker": "風德輝, bownay a tahes, male, 1933-4-22", "collected": "2002-07-24", "revised": "None", "video": "SaiNr-frog1_bownay a tahes.mp3"}, "file": "Saisiyat_Tong-he/SaiNr-frog1_bownay a tahes", "num": 22}], [23, {"ori": [], "gloss": [["...(1.0)", "", ""], ["paiho'-on", "stuck-PF", "卡住-受焦"], ["ka", "NOM", "主格"], ["ta'oeloeh_", "head", "頭"]], "free": [], "s_end": false, "iu_a_span": [82.54, 84.88], "meta": {"topic": "frog1", "type": "Narrative", "language": "賽夏語, Saisiyat, Saisiyat", "speaker": "風德輝, bownay a tahes, male, 1933-4-22", "collected": "2002-07-24", "revised": "None", "video": "SaiNr-frog1_bownay a tahes.mp3"}, "file": "Saisiyat_Tong-he/SaiNr-frog1_bownay a tahes", "num": 23}], [24, {"ori": [], "gloss": [["...(3.8)", "", ""], ["hiza", "that", "那"], ["ka", "NOM", "主格"], ["'ahoe'", "dog", "狗"], ["'ima", "PROG", "進行"], ["paiho'", "AF.stuck", "主焦.卡"], ["ray", "LOC", "處格"], ["binbinisitan_", "container", "瓶子"]], "free": ["#e \"The dog's head was getting stuck inside the container.\"", "#c 那隻狗的頭卡在瓶子裡。"], "s_end": true, "iu_a_span": [84.88, 91.72], "meta": {"topic": "frog1", "type": "Narrative", "language": "賽夏語, Saisiyat, Saisiyat", "speaker": "風德輝, bownay a tahes, male, 1933-4-22", "collected": "2002-07-24", "revised": "None", "video": "SaiNr-frog1_bownay a tahes.mp3"}, "s_a_span": [78.93, 91.72], "file": "Saisiyat_Tong-he/SaiNr-frog1_bownay a tahes", "num": 24}], [25, {"ori": [], "gloss": [["..", "", ""], ["'in'aray", "from", "從"], ["ray_", "LOC", "處格"]], "free": [], "s_end": false, "iu_a_span": [91.72, 92.84], "meta": {"topic": "frog1", "type": "Narrative", "language": "賽夏語, Saisiyat, Saisiyat", "speaker": "風德輝, bownay a tahes, male, 1933-4-22", "collected": "2002-07-24", "revised": "None", "video": "SaiNr-frog1_bownay a tahes.mp3"}, "file": "Saisiyat_Tong-he/SaiNr-frog1_bownay a tahes", "num": 25}], [26, {"ori": [], "gloss": [["...", "", ""], ["hinoehas", "window", "窗戶"], ["sahae'", "AF.fall", "主.焦掉"], ["ila.\\", "PFV", "完成"]], "free": ["#e \"(The dog) fell out the window.\"", "#c (狗)掉到窗戶外面。"], "s_end": true, "iu_a_span": [92.84, 94.74], "meta": {"topic": "frog1", "type": "Narrative", "language": "賽夏語, Saisiyat, Saisiyat", "speaker": "風德輝, bownay a tahes, male, 1933-4-22", "collected": "2002-07-24", "revised": "None", "video": "SaiNr-frog1_bownay a tahes.mp3"}, "s_a_span": [91.72, 94.74], "file": "Saisiyat_Tong-he/SaiNr-frog1_bownay a tahes", "num": 26}], [27, {"ori": [], "gloss": [["...(3.4)", "", ""], ["korkoring", "child", "小孩"], ["kita'", "see", "<主焦>看"], ["ka", "ACC", "受格"], ["'aehoe'", "dog", "狗"], ["si-sahae'.\\", "RF-fall", "指焦-掉"]], "free": ["#e \"The child saw the dog falling.\"", "#c 那小孩看著狗掉下去。"], "s_end": true, "iu_a_span": [94.74, 100.69], "meta": {"topic": "frog1", "type": "Narrative", "language": "賽夏語, Saisiyat, Saisiyat", "speaker": "風德輝, bownay a tahes, male, 1933-4-22", "collected": "2002-07-24", "revised": "None", "video": "SaiNr-frog1_bownay a tahes.mp3"}, "s_a_span": [94.74, 100.69], "file": "Saisiyat_Tong-he/SaiNr-frog1_bownay a tahes", "num": 27}], [28, {"ori": [], "gloss": [["...(1.1)", "", ""], ["'aehoe'", "dog", "狗"], ["sahae'", "AF.fall", "主焦.掉"], ["binbinisitan,\\", "container", "瓶子"]], "free": [], "s_end": false, "iu_a_span": [100.69, 103.74], "meta": {"topic": "frog1", "type": "Narrative", "language": "賽夏語, Saisiyat, Saisiyat", "speaker": "風德輝, bownay a tahes, male, 1933-4-22", "collected": "2002-07-24", "revised": "None", "video": "SaiNr-frog1_bownay a tahes.mp3"}, "file": "Saisiyat_Tong-he/SaiNr-frog1_bownay a tahes", "num": 28}], [29, {"ori": [], "gloss": [["...(1.2)", "", ""], ["min-lakay", "MIN-break", "MIN-破"], ["ila_", "PFV", "完成"]], "free": ["#e \"The dog fell down and the container broke.\"", "#c 狗掉下去，瓶子破了。"], "s_end": true, "iu_a_span": [103.74, 106.16], "meta": {"topic": "frog1", "type": "Narrative", "language": "賽夏語, Saisiyat, Saisiyat", "speaker": "風德輝, bownay a tahes, male, 1933-4-22", "collected": "2002-07-24", "revised": "None", "video": "SaiNr-frog1_bownay a tahes.mp3"}, "s_a_span": [100.69, 106.16], "file": "Saisiyat_Tong-he/SaiNr-frog1_bownay a tahes", "num": 29}], [30, {"ori": [], "gloss": [["...(1.7)", "", ""], ["korkoring,\\", "child", "小孩"]], "free": [], "s_end": false, "iu_a_span": [106.16, 108.53], "meta": {"topic": "frog1", "type": "Narrative", "language": "賽夏語, Saisiyat, Saisiyat", "speaker": "風德輝, bownay a tahes, male, 1933-4-22", "collected": "2002-07-24", "revised": "None", "video": "SaiNr-frog1_bownay a tahes.mp3"}, "file": "Saisiyat_Tong-he/SaiNr-frog1_bownay a tahes", "num": 30}], [31, {"ori": [], "gloss": [["...(0.9)", "", ""], ["isaa", "that", "那"], ["ka==_", "NOM", "主格"]], "free": [], "s_end": false, "iu_a_span": [108.53, 110.01], "meta": {"topic": "frog1", "type": "Narrative", "language": "賽夏語, Saisiyat, Saisiyat", "speaker": "風德輝, bownay a tahes, male, 1933-4-22", "collected": "2002-07-24", "revised": "None", "video": "SaiNr-frog1_bownay a tahes.mp3"}, "file": "Saisiyat_Tong-he/SaiNr-frog1_bownay a tahes", "num": 31}], [32, {"ori": [], "gloss": [["...(0.8)", "", ""], ["'aehoe'", "dog", "狗"], ["'aewpoe'-oen", "carry-PF", "帶-受焦"], ["'araS-en", "take-PF", "拿-受焦"], ["ila,\\", "PFV", "完成"]], "free": [], "s_end": false, "iu_a_span": [110.01, 113.74], "meta": {"topic": "frog1", "type": "Narrative", "language": "賽夏語, Saisiyat, Saisiyat", "speaker": "風德輝, bownay a tahes, male, 1933-4-22", "collected": "2002-07-24", "revised": "None", "video": "SaiNr-frog1_bownay a tahes.mp3"}, "file": "Saisiyat_Tong-he/SaiNr-frog1_bownay a tahes", "num": 32}], [33, {"ori": [], "gloss": [["...(0.9)", "", ""], ["rima'", "AF.go", "主焦.去"], ["ila==", "PFV", "完成"], ["latar.\\", "outside", "外面"]], "free": ["#e \"The child carried the dog and took it outside.\"", "#c 小孩抱著狗帶牠去外面。"], "s_end": true, "iu_a_span": [113.74, 116.18], "meta": {"topic": "frog1", "type": "Narrative", "language": "賽夏語, Saisiyat, Saisiyat", "speaker": "風德輝, bownay a tahes, male, 1933-4-22", "collected": "2002-07-24", "revised": "None", "video": "SaiNr-frog1_bownay a tahes.mp3"}, "s_a_span": [106.16, 116.18], "file": "Saisiyat_Tong-he/SaiNr-frog1_bownay a tahes", "num": 33}], [34, {"ori": [], "gloss": [["...(1.2)", "", ""], ["hiza", "that", "那"], ["korkoring", "child", "孩子"], ["'oe'oe", "call", "<主焦>叫"], ["ila,\\", "PFV", "完成"]], "free": [], "s_end": false, "iu_a_span": [116.18, 119.33], "meta": {"topic": "frog1", "type": "Narrative", "language": "賽夏語, Saisiyat, Saisiyat", "speaker": "風德輝, bownay a tahes, male, 1933-4-22", "collected": "2002-07-24", "revised": "None", "video": "SaiNr-frog1_bownay a tahes.mp3"}, "file": "Saisiyat_Tong-he/SaiNr-frog1_bownay a tahes", "num": 34}], [35, {"ori": [], "gloss": [["...(1.2)", "", ""], ["'oe'oe", "call", "<主焦>叫"], ["hiza", "that", "那"], ["'aehoe'", "dog", "狗"], ["ma'", "too", "也"], ["..", "", ""], ["'oe'oe", "call", "<主焦>叫"], ["oyae'.\\", "together", "一起"]], "free": ["#e \"The child (kept) calling; the dog (kept) calling too.\"", "#c 小孩一直叫，小狗也在叫。"], "s_end": true, "iu_a_span": [119.33, 123.16], "meta": {"topic": "frog1", "type": "Narrative", "language": "賽夏語, Saisiyat, Saisiyat", "speaker": "風德輝, bownay a tahes, male, 1933-4-22", "collected": "2002-07-24", "revised": "None", "video": "SaiNr-frog1_bownay a tahes.mp3"}, "s_a_span": [116.18, 123.16], "file": "Saisiyat_Tong-he/SaiNr-frog1_bownay a tahes", "num": 35}], [36, {"ori": [], "gloss": [["...(1.4)", "", ""], ["si-'oe'oe", "RF-call", "指焦-叫"], ["si-'oe'oe", "RF-call", "指焦-叫"], ["hiza==,\\", "there", "那裡"]], "free": [], "s_end": false, "iu_a_span": [123.16, 126.24], "meta": {"topic": "frog1", "type": "Narrative", "language": "賽夏語, Saisiyat, Saisiyat", "speaker": "風德輝, bownay a tahes, male, 1933-4-22", "collected": "2002-07-24", "revised": "None", "video": "SaiNr-frog1_bownay a tahes.mp3"}, "file": "Saisiyat_Tong-he/SaiNr-frog1_bownay a tahes", "num": 36}], [37, {"ori": [], "gloss": [["...", "", ""], ["ray", "LOC", "處格"], ["kaeh-kaehoey-an.\\", "RED-tree-NMZ", "重疊-樹-名物化"]], "free": ["#e \"(They) kept calling in the woods.\"", "#c 他們在樹林裡一直叫。"], "s_end": true, "iu_a_span": [126.24, 127.81], "meta": {"topic": "frog1", "type": "Narrative", "language": "賽夏語, Saisiyat, Saisiyat", "speaker": "風德輝, bownay a tahes, male, 1933-4-22", "collected": "2002-07-24", "revised": "None", "video": "SaiNr-frog1_bownay a tahes.mp3"}, "s_a_span": [123.16, 127.81], "file": "Saisiyat_Tong-he/SaiNr-frog1_bownay a tahes", "num": 37}], [38, {"ori": [], "gloss": [["...(1.6)", "", ""], ["'ima", "PROG", "進行"], ["kano'a", "what", "什麼"], ["hiza_", "that", "那"]], "free": ["#e \"(They) didn't know what that was.\"", "#c 他們不知道那個是什麼。"], "s_end": true, "iu_a_span": [127.81, 130.45], "meta": {"topic": "frog1", "type": "Narrative", "language": "賽夏語, Saisiyat, Saisiyat", "speaker": "風德輝, bownay a tahes, male, 1933-4-22", "collected": "2002-07-24", "revised": "None", "video": "SaiNr-frog1_bownay a tahes.mp3"}, "s_a_span": [127.81, 130.45], "file": "Saisiyat_Tong-he/SaiNr-frog1_bownay a tahes", "num": 38}], [39, {"ori": [], "gloss": [["...(1.2)", "", ""], ["ma", "too", "也"], ["kik", "NEG", "否定"], ["bazae'_", "AF.hear", "主焦.聽"]], "free": ["#e \"(They) didn't hear anything.\"", "#c 也沒有聽見什麼。"], "s_end": true, "iu_a_span": [130.45, 132.5], "meta": {"topic": "frog1", "type": "Narrative", "language": "賽夏語, Saisiyat, Saisiyat", "speaker": "風德輝, bownay a tahes, male, 1933-4-22", "collected": "2002-07-24", "revised": "None", "video": "SaiNr-frog1_bownay a tahes.mp3"}, "s_a_span": [130.45, 132.5], "file": "Saisiyat_Tong-he/SaiNr-frog1_bownay a tahes", "num": 39}], [40, {"ori": [], "gloss": [["...(2.7)", "", ""], ["rima'", "AF.go", "主焦.去"], ["ila", "PFV", "完成"], ["hiza", "that", "那"], ["kabih.\\", "side", "旁邊"]], "free": ["#e \"(They) went that way.\"", "#c (他們)去那邊。"], "s_end": true, "iu_a_span": [132.5, 136.56], "meta": {"topic": "frog1", "type": "Narrative", "language": "賽夏語, Saisiyat, Saisiyat", "speaker": "風德輝, bownay a tahes, male, 1933-4-22", "collected": "2002-07-24", "revised": "None", "video": "SaiNr-frog1_bownay a tahes.mp3"}, "s_a_span": [132.5, 136.56], "file": "Saisiyat_Tong-he/SaiNr-frog1_bownay a tahes", "num": 40}], [41, {"ori": [], "gloss": [["...(1.0)", "", ""], ["'aehoe'==,\\", "dog", "狗"]], "free": [], "s_end": false, "iu_a_span": [136.56, 138.04], "meta": {"topic": "frog1", "type": "Narrative", "language": "賽夏語, Saisiyat, Saisiyat", "speaker": "風德輝, bownay a tahes, male, 1933-4-22", "collected": "2002-07-24", "revised": "None", "video": "SaiNr-frog1_bownay a tahes.mp3"}, "file": "Saisiyat_Tong-he/SaiNr-frog1_bownay a tahes", "num": 41}], [42, {"ori": [], "gloss": [["...(1.2)", "", ""], ["'ima", "PROG", "進行"], ["tanisowaw,\\", "follow", "跟著"]], "free": [], "s_end": false, "iu_a_span": [138.04, 140.48], "meta": {"topic": "frog1", "type": "Narrative", "language": "賽夏語, Saisiyat, Saisiyat", "speaker": "風德輝, bownay a tahes, male, 1933-4-22", "collected": "2002-07-24", "revised": "None", "video": "SaiNr-frog1_bownay a tahes.mp3"}, "file": "Saisiyat_Tong-he/SaiNr-frog1_bownay a tahes", "num": 42}], [43, {"ori": [], "gloss": [["...(1.5)", "", ""], ["'am", "FUT", "未來"], ["ta-ta'itol", "RED-AF.move.up", "重疊-主焦.起來"], ["hiza'", "there", "那裡"], ["ray,\\", "LOC", "處格"]], "free": [], "s_end": false, "iu_a_span": [140.48, 143.88], "meta": {"topic": "frog1", "type": "Narrative", "language": "賽夏語, Saisiyat, Saisiyat", "speaker": "風德輝, bownay a tahes, male, 1933-4-22", "collected": "2002-07-24", "revised": "None", "video": "SaiNr-frog1_bownay a tahes.mp3"}, "file": "Saisiyat_Tong-he/SaiNr-frog1_bownay a tahes", "num": 43}], [44, {"ori": [], "gloss": [["...(0.7)", "", ""], ["kaehoey.\\", "tree", "樹"]], "free": ["#e \"The dog followed (him) and stood by the tree.\"", "#c 狗跟著（小孩）站在樹那裡。"], "s_end": true, "iu_a_span": [143.88, 145.22], "meta": {"topic": "frog1", "type": "Narrative", "language": "賽夏語, Saisiyat, Saisiyat", "speaker": "風德輝, bownay a tahes, male, 1933-4-22", "collected": "2002-07-24", "revised": "None", "video": "SaiNr-frog1_bownay a tahes.mp3"}, "s_a_span": [136.56, 145.22], "file": "Saisiyat_Tong-he/SaiNr-frog1_bownay a tahes", "num": 44}], [45, {"ori": [], "gloss": [["...(0.9)", "", ""], ["hiza'", "that", "那"], ["korkoring", "child", "小孩"], ["sakosiza", "AF.turn.head", "主焦.轉頭看"], ["ka==", "ACC", "受格"], ["minathang", "hole", "洞"], ["..", "", ""], ["'oe'oe_", "call", "<主焦>叫"]], "free": ["#e \"The child peeked in the hole and called.\"", "#c 小孩往洞裡看，並且叫。"], "s_end": true, "iu_a_span": [145.22, 150.38], "meta": {"topic": "frog1", "type": "Narrative", "language": "賽夏語, Saisiyat, Saisiyat", "speaker": "風德輝, bownay a tahes, male, 1933-4-22", "collected": "2002-07-24", "revised": "None", "video": "SaiNr-frog1_bownay a tahes.mp3"}, "s_a_span": [145.22, 150.38], "file": "Saisiyat_Tong-he/SaiNr-frog1_bownay a tahes", "num": 45}], [46, {"ori": [], "gloss": [["...(2.8)", "", ""], ["hiza'==_", "there", "那裡"]], "free": [], "s_end": false, "iu_a_span": [150.38, 153.39], "meta": {"topic": "frog1", "type": "Narrative", "language": "賽夏語, Saisiyat, Saisiyat", "speaker": "風德輝, bownay a tahes, male, 1933-4-22", "collected": "2002-07-24", "revised": "None", "video": "SaiNr-frog1_bownay a tahes.mp3"}, "file": "Saisiyat_Tong-he/SaiNr-frog1_bownay a tahes", "num": 46}], [47, {"ori": [], "gloss": [["...(3.3)", "", ""], ["hiza'", "there", "那裡"], ["ray", "LOC", "處格"], ["hoeroe',\\", "hole", "洞"]], "free": [], "s_end": false, "iu_a_span": [153.39, 157.84], "meta": {"topic": "frog1", "type": "Narrative", "language": "賽夏語, Saisiyat, Saisiyat", "speaker": "風德輝, bownay a tahes, male, 1933-4-22", "collected": "2002-07-24", "revised": "None", "video": "SaiNr-frog1_bownay a tahes.mp3"}, "file": "Saisiyat_Tong-he/SaiNr-frog1_bownay a tahes", "num": 47}], [48, {"ori": [], "gloss": [["...(0.9)", "", ""], ["takem", "frog", "青蛙"], ["kas'oehaz", "AF.move.out", "主焦.出來"], ["ila.\\", "PFV", "完成"]], "free": ["#e \"The frog came out from the hole there.\"", "#c 青蛙從洞裡出來。"], "s_end": true, "iu_a_span": [157.84, 160.31], "meta": {"topic": "frog1", "type": "Narrative", "language": "賽夏語, Saisiyat, Saisiyat", "speaker": "風德輝, bownay a tahes, male, 1933-4-22", "collected": "2002-07-24", "revised": "None", "video": "SaiNr-frog1_bownay a tahes.mp3"}, "s_a_span": [150.38, 160.31], "file": "Saisiyat_Tong-he/SaiNr-frog1_bownay a tahes", "num": 48}], [49, {"ori": [], "gloss": [["...(1.1)", "", ""], ["'aehoe'", "dog", "狗"], ["rima',\\", "AF.go", "主焦.去"]], "free": [], "s_end": false, "iu_a_span": [160.31, 162.32], "meta": {"topic": "frog1", "type": "Narrative", "language": "賽夏語, Saisiyat, Saisiyat", "speaker": "風德輝, bownay a tahes, male, 1933-4-22", "collected": "2002-07-24", "revised": "None", "video": "SaiNr-frog1_bownay a tahes.mp3"}, "file": "Saisiyat_Tong-he/SaiNr-frog1_bownay a tahes", "num": 49}], [50, {"ori": [], "gloss": [["...", "", ""], ["kita'", "see", "<主焦>看"], ["'am", "FUT", "未來"], ["tay'itol", "AF.move.up", "主焦.往上"], ["komoSa:", "FIL", "FIL"], ["hiza'", "there", "那裡"], ["babaw.\\", "above", "上面"]], "free": ["#e \"The dog saw and (wanted to) climb up there.\"", "#c 狗看了（想）爬上去。"], "s_end": true, "iu_a_span": [162.32, 165.62], "meta": {"topic": "frog1", "type": "Narrative", "language": "賽夏語, Saisiyat, Saisiyat", "speaker": "風德輝, bownay a tahes, male, 1933-4-22", "collected": "2002-07-24", "revised": "None", "video": "SaiNr-frog1_bownay a tahes.mp3"}, "s_a_span": [160.31, 165.62], "file": "Saisiyat_Tong-he/SaiNr-frog1_bownay a tahes", "num": 50}], [51, {"ori": [], "gloss": [["...(0.8)", "", ""], ["kai", "NEG", "否定"], ["kosa", "AF.say", "主焦.說"], ["hiza'", "that", "那"], ["boya'.\\", "hive", "蜂窩"]], "free": ["#e \"(They) didn't expect that to be a beehive.\"", "#c (他們)沒想到那是蜂窩。"], "s_end": true, "iu_a_span": [165.62, 167.93], "meta": {"topic": "frog1", "type": "Narrative", "language": "賽夏語, Saisiyat, Saisiyat", "speaker": "風德輝, bownay a tahes, male, 1933-4-22", "collected": "2002-07-24", "revised": "None", "video": "SaiNr-frog1_bownay a tahes.mp3"}, "s_a_span": [165.62, 167.93], "file": "Saisiyat_Tong-he/SaiNr-frog1_bownay a tahes", "num": 51}], [52, {"ori": [], "gloss": [["...(0.8)", "", ""], ["tete-en", "knock-PF", "敲-受焦"], ["m-wa:i'", "AF-come", "主焦-來"], ["ila", "PFV", "完成"], ["ka", "NOM", "主格"], ["ka'ina'an.\\", "bee", "蜂"]], "free": ["#e \"(The dog) knocked (on the tree) and (there) came the bees.\"", "#c (狗)敲樹，蜂跑出來。", "#n ka-'ina'-anka-'ina'-an 'bee' 蜜蜂", "#n KA-mother-nmz", "#n KA-母親-名物化"], "s_end": true, "iu_a_span": [167.93, 170.96], "meta": {"topic": "frog1", "type": "Narrative", "language": "賽夏語, Saisiyat, Saisiyat", "speaker": "風德輝, bownay a tahes, male, 1933-4-22", "collected": "2002-07-24", "revised": "None", "video": "SaiNr-frog1_bownay a tahes.mp3"}, "s_a_span": [167.93, 170.96], "file": "Saisiyat_Tong-he/SaiNr-frog1_bownay a tahes", "num": 52}], [53, {"ori": [], "gloss": [["...(6.9)", "", ""], ["'aehoe'", "dog", "狗"], ["...", "", ""], ["tay'itol_", "AF.move.up", "主焦.起來"]], "free": [], "s_end": false, "iu_a_span": [170.96, 179.37], "meta": {"topic": "frog1", "type": "Narrative", "language": "賽夏語, Saisiyat, Saisiyat", "speaker": "風德輝, bownay a tahes, male, 1933-4-22", "collected": "2002-07-24", "revised": "None", "video": "SaiNr-frog1_bownay a tahes.mp3"}, "file": "Saisiyat_Tong-he/SaiNr-frog1_bownay a tahes", "num": 53}], [54, {"ori": [], "gloss": [["...(0.8)", "", ""], ["pontete:-en", "knock-PF", "敲-受焦"], ["ka,\\", "NOM", "主格"]], "free": [], "s_end": false, "iu_a_span": [179.37, 181.19], "meta": {"topic": "frog1", "type": "Narrative", "language": "賽夏語, Saisiyat, Saisiyat", "speaker": "風德輝, bownay a tahes, male, 1933-4-22", "collected": "2002-07-24", "revised": "None", "video": "SaiNr-frog1_bownay a tahes.mp3"}, "file": "Saisiyat_Tong-he/SaiNr-frog1_bownay a tahes", "num": 54}], [55, {"ori": [], "gloss": [["...(0.7)", "", ""], ["kaehoey.\\", "tree", "樹"]], "free": ["#e \"The dog stood up and knocked on the tree.\"", "#c 狗起來敲那棵樹。"], "s_end": true, "iu_a_span": [181.19, 182.5], "meta": {"topic": "frog1", "type": "Narrative", "language": "賽夏語, Saisiyat, Saisiyat", "speaker": "風德輝, bownay a tahes, male, 1933-4-22", "collected": "2002-07-24", "revised": "None", "video": "SaiNr-frog1_bownay a tahes.mp3"}, "s_a_span": [170.96, 182.5], "file": "Saisiyat_Tong-he/SaiNr-frog1_bownay a tahes", "num": 55}], [56, {"ori": [], "gloss": [["...", "", ""], ["hiza'", "that", "那"], ["boya'", "hive", "蜂窩"], ["ay", "Q", "疑問"], ["ina", "EXPER", "經驗"], ["sahae'", "AF.fall", "主焦.掉"], ["ray", "LOC", "處格"], ["ra:i'.\\", "ground", "地"]], "free": ["#e \"The hive fell down the ground.\"", "#c 蜂窩掉在地上。"], "s_end": true, "iu_a_span": [182.5, 185.27], "meta": {"topic": "frog1", "type": "Narrative", "language": "賽夏語, Saisiyat, Saisiyat", "speaker": "風德輝, bownay a tahes, male, 1933-4-22", "collected": "2002-07-24", "revised": "None", "video": "SaiNr-frog1_bownay a tahes.mp3"}, "s_a_span": [182.5, 185.27], "file": "Saisiyat_Tong-he/SaiNr-frog1_bownay a tahes", "num": 56}], [57, {"ori": [], "gloss": [["...(2.7)", "", ""], ["hiza'", "that", "那"], ["korkoring,\\", "child", "小孩"]], "free": [], "s_end": false, "iu_a_span": [185.27, 188.97], "meta": {"topic": "frog1", "type": "Narrative", "language": "賽夏語, Saisiyat, Saisiyat", "speaker": "風德輝, bownay a tahes, male, 1933-4-22", "collected": "2002-07-24", "revised": "None", "video": "SaiNr-frog1_bownay a tahes.mp3"}, "file": "Saisiyat_Tong-he/SaiNr-frog1_bownay a tahes", "num": 57}], [58, {"ori": [], "gloss": [["...", "", ""], ["tay'itol", "AF.move.up", "主焦.起來"], ["ray", "LOC", "處格"], ["kaehoey", "tree", "樹"], ["kita'", "see", "<主焦>看"], ["ka==_", "ACC", "受格"]], "free": [], "s_end": false, "iu_a_span": [188.97, 191.81], "meta": {"topic": "frog1", "type": "Narrative", "language": "賽夏語, Saisiyat, Saisiyat", "speaker": "風德輝, bownay a tahes, male, 1933-4-22", "collected": "2002-07-24", "revised": "None", "video": "SaiNr-frog1_bownay a tahes.mp3"}, "file": "Saisiyat_Tong-he/SaiNr-frog1_bownay a tahes", "num": 58}], [59, {"ori": [], "gloss": [["...(2.5)", "", ""], ["roro:o',\\", "rotten.leaves", "腐葉"]], "free": [], "s_end": false, "iu_a_span": [191.81, 194.94], "meta": {"topic": "frog1", "type": "Narrative", "language": "賽夏語, Saisiyat, Saisiyat", "speaker": "風德輝, bownay a tahes, male, 1933-4-22", "collected": "2002-07-24", "revised": "None", "video": "SaiNr-frog1_bownay a tahes.mp3"}, "file": "Saisiyat_Tong-he/SaiNr-frog1_bownay a tahes", "num": 59}], [60, {"ori": [], "gloss": [["...", "", ""], ["paykosiza,\\", "view.slantly", "??"]], "free": [], "s_end": false, "iu_a_span": [194.94, 196.11], "meta": {"topic": "frog1", "type": "Narrative", "language": "賽夏語, Saisiyat, Saisiyat", "speaker": "風德輝, bownay a tahes, male, 1933-4-22", "collected": "2002-07-24", "revised": "None", "video": "SaiNr-frog1_bownay a tahes.mp3"}, "file": "Saisiyat_Tong-he/SaiNr-frog1_bownay a tahes", "num": 60}], [61, {"ori": [], "gloss": [["...", "", ""], ["'a", "FUT", "FUT"], ["'oe'oe==.\\", "call", "叫"]], "free": ["#e \"The child climbed up the tree and saw some rotten leaves and brushed them aside and called out.\"", "#c 小孩爬上去，看到一些枯葉，把那些撥到一邊，然後喊。"], "s_end": true, "iu_a_span": [196.11, 197.52], "meta": {"topic": "frog1", "type": "Narrative", "language": "賽夏語, Saisiyat, Saisiyat", "speaker": "風德輝, bownay a tahes, male, 1933-4-22", "collected": "2002-07-24", "revised": "None", "video": "SaiNr-frog1_bownay a tahes.mp3"}, "s_a_span": [185.27, 197.52], "file": "Saisiyat_Tong-he/SaiNr-frog1_bownay a tahes", "num": 61}], [62, {"ori": [], "gloss": [["...(4.0)", "", ""], ["korkoring", "child", "小孩"], ["'oe'oe", "call", "<主焦>叫"], ["'oe'oe==.\\", "call", "<主焦>叫"]], "free": ["#e \"The child kept calling.\"", "#c 小孩叫呀叫。"], "s_end": true, "iu_a_span": [197.52, 203.5], "meta": {"topic": "frog1", "type": "Narrative", "language": "賽夏語, Saisiyat, Saisiyat", "speaker": "風德輝, bownay a tahes, male, 1933-4-22", "collected": "2002-07-24", "revised": "None", "video": "SaiNr-frog1_bownay a tahes.mp3"}, "s_a_span": [197.52, 203.5], "file": "Saisiyat_Tong-he/SaiNr-frog1_bownay a tahes", "num": 62}], [63, {"ori": [], "gloss": [["...", "", ""], ["'in'aray", "from", "從"], ["...", "", ""], ["kaehoey", "tree", "樹"], ["babaw", "above", "上面"], ["'i'izo'_", "deep.inside", "裡面"]], "free": [], "s_end": false, "iu_a_span": [203.5, 206.33], "meta": {"topic": "frog1", "type": "Narrative", "language": "賽夏語, Saisiyat, Saisiyat", "speaker": "風德輝, bownay a tahes, male, 1933-4-22", "collected": "2002-07-24", "revised": "None", "video": "SaiNr-frog1_bownay a tahes.mp3"}, "file": "Saisiyat_Tong-he/SaiNr-frog1_bownay a tahes", "num": 63}], [64, {"ori": [], "gloss": [["...(0.9)", "", ""], ["m-wa:i'", "AF-come", "主焦-來"], ["ila", "PFV", "完成"], ["ka", "NOM", "主格"], ["'oewi',\\", "owl", "貓頭鷹"]], "free": ["#e \"Came an owl from up the tree.\"", "#c 一隻貓頭鷹從樹上（飛了）下來。"], "s_end": true, "iu_a_span": [206.33, 208.49], "meta": {"topic": "frog1", "type": "Narrative", "language": "賽夏語, Saisiyat, Saisiyat", "speaker": "風德輝, bownay a tahes, male, 1933-4-22", "collected": "2002-07-24", "revised": "None", "video": "SaiNr-frog1_bownay a tahes.mp3"}, "s_a_span": [203.5, 208.49], "file": "Saisiyat_Tong-he/SaiNr-frog1_bownay a tahes", "num": 64}], [65, {"ori": [], "gloss": [["...(0.8)", "", ""], ["kas'oehaz", "AF.move.out", "主焦.出來"], ["ka", "NOM", "主格"], ["'oewi'.\\", "owl", "貓頭鷹"]], "free": ["#e \"The owl came out.\"", "#c 貓頭鷹出來。"], "s_end": true, "iu_a_span": [208.49, 210.37], "meta": {"topic": "frog1", "type": "Narrative", "language": "賽夏語, Saisiyat, Saisiyat", "speaker": "風德輝, bownay a tahes, male, 1933-4-22", "collected": "2002-07-24", "revised": "None", "video": "SaiNr-frog1_bownay a tahes.mp3"}, "s_a_span": [208.49, 210.37], "file": "Saisiyat_Tong-he/SaiNr-frog1_bownay a tahes", "num": 65}], [66, {"ori": [], "gloss": [["...(0.7)", "", ""], ["korkoring", "child", "小孩"], ["homses.\\", "AF.frighten", "主焦.嚇到"]], "free": ["#e \"The child got frightened.\"", "#c 小孩嚇到。"], "s_end": true, "iu_a_span": [210.37, 212.27], "meta": {"topic": "frog1", "type": "Narrative", "language": "賽夏語, Saisiyat, Saisiyat", "speaker": "風德輝, bownay a tahes, male, 1933-4-22", "collected": "2002-07-24", "revised": "None", "video": "SaiNr-frog1_bownay a tahes.mp3"}, "s_a_span": [210.37, 212.27], "file": "Saisiyat_Tong-he/SaiNr-frog1_bownay a tahes", "num": 66}], [67, {"ori": [], "gloss": [["...(2.9)", "", ""], ["ina-'itol,\\", "EXPER-AF.up", "經驗-主焦.起來"]], "free": [], "s_end": false, "iu_a_span": [212.27, 215.95], "meta": {"topic": "frog1", "type": "Narrative", "language": "賽夏語, Saisiyat, Saisiyat", "speaker": "風德輝, bownay a tahes, male, 1933-4-22", "collected": "2002-07-24", "revised": "None", "video": "SaiNr-frog1_bownay a tahes.mp3"}, "file": "Saisiyat_Tong-he/SaiNr-frog1_bownay a tahes", "num": 67}], [68, {"ori": [], "gloss": [["...(1.5)", "", ""], ["'aehoe'_", "dog", "狗"]], "free": [], "s_end": false, "iu_a_span": [215.95, 217.9], "meta": {"topic": "frog1", "type": "Narrative", "language": "賽夏語, Saisiyat, Saisiyat", "speaker": "風德輝, bownay a tahes, male, 1933-4-22", "collected": "2002-07-24", "revised": "None", "video": "SaiNr-frog1_bownay a tahes.mp3"}, "file": "Saisiyat_Tong-he/SaiNr-frog1_bownay a tahes", "num": 68}], [69, {"ori": [], "gloss": [["...(1.2)", "", ""], ["noka", "GEN", "屬格"], ["boya'", "bee", "蜂"], ["aseng==-en_", "chase-PF", "追-受焦"]], "free": [], "s_end": false, "iu_a_span": [217.9, 220.46], "meta": {"topic": "frog1", "type": "Narrative", "language": "賽夏語, Saisiyat, Saisiyat", "speaker": "風德輝, bownay a tahes, male, 1933-4-22", "collected": "2002-07-24", "revised": "None", "video": "SaiNr-frog1_bownay a tahes.mp3"}, "file": "Saisiyat_Tong-he/SaiNr-frog1_bownay a tahes", "num": 69}], [70, {"ori": [], "gloss": [["...(1.0)", "", ""], ["ra:iw", "AF.leave", "離開"], ["ila.\\", "PFV", "完成"]], "free": ["#e \"The bees chased the dog; the dog ran away.\"", "#c 蜂追狗，狗跑走。"], "s_end": true, "iu_a_span": [220.46, 222.31], "meta": {"topic": "frog1", "type": "Narrative", "language": "賽夏語, Saisiyat, Saisiyat", "speaker": "風德輝, bownay a tahes, male, 1933-4-22", "collected": "2002-07-24", "revised": "None", "video": "SaiNr-frog1_bownay a tahes.mp3"}, "s_a_span": [212.27, 222.31], "file": "Saisiyat_Tong-he/SaiNr-frog1_bownay a tahes", "num": 70}], [71, {"ori": [], "gloss": [["...(2.3)", "", ""], ["hiza'", "that", "那"], ["korkoring,\\", "child", "小孩"]], "free": [], "s_end": false, "iu_a_span": [222.31, 225.59], "meta": {"topic": "frog1", "type": "Narrative", "language": "賽夏語, Saisiyat, Saisiyat", "speaker": "風德輝, bownay a tahes, male, 1933-4-22", "collected": "2002-07-24", "revised": "None", "video": "SaiNr-frog1_bownay a tahes.mp3"}, "file": "Saisiyat_Tong-he/SaiNr-frog1_bownay a tahes", "num": 71}], [72, {"ori": [], "gloss": [["...(2.0)", "", ""], ["kita'", "see", "<主焦>看"], ["ka", "ACC", "受格"], ["'oewi'", "owl", "貓頭鷹"], ["homses,\\", "AF.frighten", "主焦.嚇"]], "free": [], "s_end": false, "iu_a_span": [225.59, 229.45], "meta": {"topic": "frog1", "type": "Narrative", "language": "賽夏語, Saisiyat, Saisiyat", "speaker": "風德輝, bownay a tahes, male, 1933-4-22", "collected": "2002-07-24", "revised": "None", "video": "SaiNr-frog1_bownay a tahes.mp3"}, "file": "Saisiyat_Tong-he/SaiNr-frog1_bownay a tahes", "num": 72}], [73, {"ori": [], "gloss": [["...", "", ""], ["ra:iw", "AF.leave", "主焦離開."], ["ila", "PFV", "完成"], ["'oyae'.\\", "together", "一起"]], "free": ["#e \"The child got frightened seeing the owl and ran away too.\"", "#c 小孩看到貓頭鷹嚇一跳也跑開了。"], "s_end": true, "iu_a_span": [229.45, 230.9], "meta": {"topic": "frog1", "type": "Narrative", "language": "賽夏語, Saisiyat, Saisiyat", "speaker": "風德輝, bownay a tahes, male, 1933-4-22", "collected": "2002-07-24", "revised": "None", "video": "SaiNr-frog1_bownay a tahes.mp3"}, "s_a_span": [222.31, 230.9], "file": "Saisiyat_Tong-he/SaiNr-frog1_bownay a tahes", "num": 73}], [74, {"ori": [], "gloss": [["...(2.0)", "", ""], ["kisray", "from", "從"], ["bato'", "rock", "石頭"], ["..", "", ""], ["babaw,\\", "above", "上面"]], "free": [], "s_end": false, "iu_a_span": [230.9, 234.55], "meta": {"topic": "frog1", "type": "Narrative", "language": "賽夏語, Saisiyat, Saisiyat", "speaker": "風德輝, bownay a tahes, male, 1933-4-22", "collected": "2002-07-24", "revised": "None", "video": "SaiNr-frog1_bownay a tahes.mp3"}, "file": "Saisiyat_Tong-he/SaiNr-frog1_bownay a tahes", "num": 74}], [75, {"ori": [], "gloss": [["..", "", ""], ["'oe'oe", "call", "<主焦>叫"], ["ila,\\", "PFV", "完成"]], "free": [], "s_end": false, "iu_a_span": [234.55, 235.39], "meta": {"topic": "frog1", "type": "Narrative", "language": "賽夏語, Saisiyat, Saisiyat", "speaker": "風德輝, bownay a tahes, male, 1933-4-22", "collected": "2002-07-24", "revised": "None", "video": "SaiNr-frog1_bownay a tahes.mp3"}, "file": "Saisiyat_Tong-he/SaiNr-frog1_bownay a tahes", "num": 75}], [76, {"ori": [], "gloss": [["...(1.7)", "", ""], ["si-'oe'oe", "RF-call", "指焦-叫"], ["si-'oe'oe", "RF-call", "指焦-叫"], ["hiza'", "there", "那裡"], ["babaw.\\", "above", "上面"]], "free": ["#e \"(They) kept calling from above the rock.\"", "#c (他們)從石頭上面一直叫。"], "s_end": true, "iu_a_span": [235.39, 239.04], "meta": {"topic": "frog1", "type": "Narrative", "language": "賽夏語, Saisiyat, Saisiyat", "speaker": "風德輝, bownay a tahes, male, 1933-4-22", "collected": "2002-07-24", "revised": "None", "video": "SaiNr-frog1_bownay a tahes.mp3"}, "s_a_span": [230.9, 239.04], "file": "Saisiyat_Tong-he/SaiNr-frog1_bownay a tahes", "num": 76}], [77, {"ori": [], "gloss": [["..", "", ""], ["ray", "LOC", "處焦"], ["kaehoey,\\", "tree", "樹"]], "free": [], "s_end": false, "iu_a_span": [239.04, 240.04], "meta": {"topic": "frog1", "type": "Narrative", "language": "賽夏語, Saisiyat, Saisiyat", "speaker": "風德輝, bownay a tahes, male, 1933-4-22", "collected": "2002-07-24", "revised": "None", "video": "SaiNr-frog1_bownay a tahes.mp3"}, "file": "Saisiyat_Tong-he/SaiNr-frog1_bownay a tahes", "num": 77}], [78, {"ori": [], "gloss": [["...(0.7)", "", ""], ["m-wa:i'", "AF-come", "主焦-來"], ["ila", "PFV", "完成"], ["ka", "NOM", "主格"], ["kano'-kano'.\\", "RED-what", "重疊-什麼"]], "free": ["#e \"There appeared something from the tree.\"", "#c 樹上好像有什麼東西跑出來了。"], "s_end": true, "iu_a_span": [240.04, 242.05], "meta": {"topic": "frog1", "type": "Narrative", "language": "賽夏語, Saisiyat, Saisiyat", "speaker": "風德輝, bownay a tahes, male, 1933-4-22", "collected": "2002-07-24", "revised": "None", "video": "SaiNr-frog1_bownay a tahes.mp3"}, "s_a_span": [239.04, 242.05], "file": "Saisiyat_Tong-he/SaiNr-frog1_bownay a tahes", "num": 78}], [79, {"ori": [], "gloss": [["...(4.6)", "", ""], ["ilahao", "go.there", "去那裡"], ["ila", "PFV", "完成"], ["ray,\\", "LOC", "處格"]], "free": [], "s_end": false, "iu_a_span": [242.05, 247.63], "meta": {"topic": "frog1", "type": "Narrative", "language": "賽夏語, Saisiyat, Saisiyat", "speaker": "風德輝, bownay a tahes, male, 1933-4-22", "collected": "2002-07-24", "revised": "None", "video": "SaiNr-frog1_bownay a tahes.mp3"}, "file": "Saisiyat_Tong-he/SaiNr-frog1_bownay a tahes", "num": 79}], [80, {"ori": [], "gloss": [["..", "", ""], ["kaehkaehoeyan", "forest", "森林"], ["'i'izo',\\", "inside", "裡面"]], "free": [], "s_end": false, "iu_a_span": [247.63, 248.98], "meta": {"topic": "frog1", "type": "Narrative", "language": "賽夏語, Saisiyat, Saisiyat", "speaker": "風德輝, bownay a tahes, male, 1933-4-22", "collected": "2002-07-24", "revised": "None", "video": "SaiNr-frog1_bownay a tahes.mp3"}, "file": "Saisiyat_Tong-he/SaiNr-frog1_bownay a tahes", "num": 80}], [81, {"ori": [], "gloss": [["..", "", ""], ["si-'oe'oe.\\", "RF-call", "指焦-叫"]], "free": ["#e \"(The child) moves close to the trees and calls out.\"", "#c (那小孩)到樹林那邊叫。"], "s_end": true, "iu_a_span": [248.98, 249.9], "meta": {"topic": "frog1", "type": "Narrative", "language": "賽夏語, Saisiyat, Saisiyat", "speaker": "風德輝, bownay a tahes, male, 1933-4-22", "collected": "2002-07-24", "revised": "None", "video": "SaiNr-frog1_bownay a tahes.mp3"}, "s_a_span": [242.05, 249.9], "file": "Saisiyat_Tong-he/SaiNr-frog1_bownay a tahes", "num": 81}], [82, {"ori": [], "gloss": [["..", "", ""], ["wae'ae'", "deer", "鹿"], ["m-wa:i'", "AF-come", "AF-來"], ["ila", "PFV", "完成"], ["kakas-'oeha-'oehaz,\\", "move.out-RED", "出去-重疊"]], "free": [], "s_end": false, "iu_a_span": [249.9, 252.52], "meta": {"topic": "frog1", "type": "Narrative", "language": "賽夏語, Saisiyat, Saisiyat", "speaker": "風德輝, bownay a tahes, male, 1933-4-22", "collected": "2002-07-24", "revised": "None", "video": "SaiNr-frog1_bownay a tahes.mp3"}, "file": "Saisiyat_Tong-he/SaiNr-frog1_bownay a tahes", "num": 82}], [83, {"ori": [], "gloss": [["...(3.1)", "", ""], ["hiza'", "that", "那"], ["korkoring", "child", "小孩"], ["noka", "GEN", "屬格"], ["wae'ae'", "deer", "鹿"], ["isaa,\\", "there", "那裡"]], "free": [], "s_end": false, "iu_a_span": [252.52, 257.77], "meta": {"topic": "frog1", "type": "Narrative", "language": "賽夏語, Saisiyat, Saisiyat", "speaker": "風德輝, bownay a tahes, male, 1933-4-22", "collected": "2002-07-24", "revised": "None", "video": "SaiNr-frog1_bownay a tahes.mp3"}, "file": "Saisiyat_Tong-he/SaiNr-frog1_bownay a tahes", "num": 83}], [84, {"ori": [], "gloss": [["...(3.6)", "", ""], ["ka", "NOM", "主格"], ["korkoring,\\", "child", "小孩"]], "free": [], "s_end": false, "iu_a_span": [257.77, 262.21], "meta": {"topic": "frog1", "type": "Narrative", "language": "賽夏語, Saisiyat, Saisiyat", "speaker": "風德輝, bownay a tahes, male, 1933-4-22", "collected": "2002-07-24", "revised": "None", "video": "SaiNr-frog1_bownay a tahes.mp3"}, "file": "Saisiyat_Tong-he/SaiNr-frog1_bownay a tahes", "num": 84}], [85, {"ori": [], "gloss": [["...", "", ""], ["papama'", "AF.ride", "主焦.乘坐"], ["ila", "PFV", "完成"], ["ray", "LOC", "處格"], ["wae'ae'", "deer", "鹿"], ["ba--", "FS", "FS"], ["...", "", ""], ["babaw,\\", "above", "上面"]], "free": [], "s_end": false, "iu_a_span": [262.21, 265.27], "meta": {"topic": "frog1", "type": "Narrative", "language": "賽夏語, Saisiyat, Saisiyat", "speaker": "風德輝, bownay a tahes, male, 1933-4-22", "collected": "2002-07-24", "revised": "None", "video": "SaiNr-frog1_bownay a tahes.mp3"}, "file": "Saisiyat_Tong-he/SaiNr-frog1_bownay a tahes", "num": 85}], [86, {"ori": [], "gloss": [["...(1.2)", "", ""], ["tas--..", "FS", "FS"], ["bilis,\\", "hold.tight.AF", "主焦.握緊"]], "free": [], "s_end": false, "iu_a_span": [265.27, 267.37], "meta": {"topic": "frog1", "type": "Narrative", "language": "賽夏語, Saisiyat, Saisiyat", "speaker": "風德輝, bownay a tahes, male, 1933-4-22", "collected": "2002-07-24", "revised": "None", "video": "SaiNr-frog1_bownay a tahes.mp3"}, "file": "Saisiyat_Tong-he/SaiNr-frog1_bownay a tahes", "num": 86}], [87, {"ori": [], "gloss": [["...(2.0)", "", ""], ["ka", "ACC", "受格"], ["kah'oeng.\\", "antler", "（鹿）角"]], "free": ["#e \"The child rode on top of the deer and held on tight to its antlers.\"", "#c 小孩騎在鹿上面，緊緊握著鹿角。"], "s_end": true, "iu_a_span": [267.37, 270.11], "meta": {"topic": "frog1", "type": "Narrative", "language": "賽夏語, Saisiyat, Saisiyat", "speaker": "風德輝, bownay a tahes, male, 1933-4-22", "collected": "2002-07-24", "revised": "None", "video": "SaiNr-frog1_bownay a tahes.mp3"}, "s_a_span": [249.9, 270.11], "file": "Saisiyat_Tong-he/SaiNr-frog1_bownay a tahes", "num": 87}], [88, {"ori": [], "gloss": [["...(0.8)", "", ""], ["hiza'", "there", "那裡"], ["'aras-en", "take-PF", "帶.受焦"], ["ila", "PFV", "完成"], ["hiza'", "there", "那裡"], ["'ae'aeaew,\\", "AF.run", "主焦.跑"]], "free": [], "s_end": false, "iu_a_span": [270.11, 272.59], "meta": {"topic": "frog1", "type": "Narrative", "language": "賽夏語, Saisiyat, Saisiyat", "speaker": "風德輝, bownay a tahes, male, 1933-4-22", "collected": "2002-07-24", "revised": "None", "video": "SaiNr-frog1_bownay a tahes.mp3"}, "file": "Saisiyat_Tong-he/SaiNr-frog1_bownay a tahes", "num": 88}], [89, {"ori": [], "gloss": [["...(2.5)", "", ""], ["maray", "by", "到"], ["'at'atas-an,\\", "cliff-location", "懸崖-處所"]], "free": [], "s_end": false, "iu_a_span": [272.59, 276.5], "meta": {"topic": "frog1", "type": "Narrative", "language": "賽夏語, Saisiyat, Saisiyat", "speaker": "風德輝, bownay a tahes, male, 1933-4-22", "collected": "2002-07-24", "revised": "None", "video": "SaiNr-frog1_bownay a tahes.mp3"}, "file": "Saisiyat_Tong-he/SaiNr-frog1_bownay a tahes", "num": 89}], [90, {"ori": [], "gloss": [["...(1.3)", "", ""], ["hiza'", "that", "那"], ["ka==,\\", "FIL", "FIL"]], "free": [], "s_end": false, "iu_a_span": [276.5, 278.65], "meta": {"topic": "frog1", "type": "Narrative", "language": "賽夏語, Saisiyat, Saisiyat", "speaker": "風德輝, bownay a tahes, male, 1933-4-22", "collected": "2002-07-24", "revised": "None", "video": "SaiNr-frog1_bownay a tahes.mp3"}, "file": "Saisiyat_Tong-he/SaiNr-frog1_bownay a tahes", "num": 90}], [91, {"ori": [], "gloss": [["...(1.0)", "", ""], ["korkoring", "child", "小孩"], ["kayni'", "NEG", "否定"], ["'aras-en,\\", "take-PF", "拿-受焦"]], "free": [], "s_end": false, "iu_a_span": [278.65, 281.3], "meta": {"topic": "frog1", "type": "Narrative", "language": "賽夏語, Saisiyat, Saisiyat", "speaker": "風德輝, bownay a tahes, male, 1933-4-22", "collected": "2002-07-24", "revised": "None", "video": "SaiNr-frog1_bownay a tahes.mp3"}, "file": "Saisiyat_Tong-he/SaiNr-frog1_bownay a tahes", "num": 91}], [92, {"ori": [], "gloss": [["...(0.9)", "", ""], ["pa-taaes", "CAU-separate", "使役-分開"], ["ka==,\\", "ACC", "受格"]], "free": [], "s_end": false, "iu_a_span": [281.3, 283.57], "meta": {"topic": "frog1", "type": "Narrative", "language": "賽夏語, Saisiyat, Saisiyat", "speaker": "風德輝, bownay a tahes, male, 1933-4-22", "collected": "2002-07-24", "revised": "None", "video": "SaiNr-frog1_bownay a tahes.mp3"}, "file": "Saisiyat_Tong-he/SaiNr-frog1_bownay a tahes", "num": 92}], [93, {"ori": [], "gloss": [["...", "", ""], ["bilis", "hold", "<完成>握"], ["kah'oeng.\\", "antler", "(鹿)角"]], "free": ["#e \"The child, not wanting to be taken away, let go (of the deer), of which the antler he held with hands.\"", "#c 小孩不想被帶走，放開緊握著的鹿角。", "#n IU#89 音檔與transcription 不同", "#n Note: Transcription is different from contents of sound file."], "s_end": true, "iu_a_span": [283.57, 285.27], "meta": {"topic": "frog1", "type": "Narrative", "language": "賽夏語, Saisiyat, Saisiyat", "speaker": "風德輝, bownay a tahes, male, 1933-4-22", "collected": "2002-07-24", "revised": "None", "video": "SaiNr-frog1_bownay a tahes.mp3"}, "s_a_span": [270.11, 285.27], "file": "Saisiyat_Tong-he/SaiNr-frog1_bownay a tahes", "num": 93}], [94, {"ori": [], "gloss": [["...(2.1)", "", ""], ["sahae'", "AF.fall", "主焦.掉"], ["ila", "PFV", "完成"], ["hiza'", "that", "那"], ["ra--.\\", "FS", "FS"]], "free": ["#e \"The child fell.\"", "#c 那孩子掉下來了。"], "s_end": true, "iu_a_span": [285.27, 288.59], "meta": {"topic": "frog1", "type": "Narrative", "language": "賽夏語, Saisiyat, Saisiyat", "speaker": "風德輝, bownay a tahes, male, 1933-4-22", "collected": "2002-07-24", "revised": "None", "video": "SaiNr-frog1_bownay a tahes.mp3"}, "s_a_span": [285.27, 288.59], "file": "Saisiyat_Tong-he/SaiNr-frog1_bownay a tahes", "num": 94}], [95, {"ori": [], "gloss": [["...(0.8)", "", ""], ["hiza'", "there", "那裡"], ["ila", "PFV", "完成"], ["ahoe'.\\", "dog", "狗"]], "free": ["#e \"There went the dog.\"", "#c 狗跑了過來。"], "s_end": true, "iu_a_span": [288.59, 290.15], "meta": {"topic": "frog1", "type": "Narrative", "language": "賽夏語, Saisiyat, Saisiyat", "speaker": "風德輝, bownay a tahes, male, 1933-4-22", "collected": "2002-07-24", "revised": "None", "video": "SaiNr-frog1_bownay a tahes.mp3"}, "s_a_span": [288.59, 290.15], "file": "Saisiyat_Tong-he/SaiNr-frog1_bownay a tahes", "num": 95}], [96, {"ori": [], "gloss": [["...(4.7)", "", ""], ["hiza'", "that", "那"], ["korkoring,\\", "child", "小孩"]], "free": [], "s_end": false, "iu_a_span": [290.15, 296.14], "meta": {"topic": "frog1", "type": "Narrative", "language": "賽夏語, Saisiyat, Saisiyat", "speaker": "風德輝, bownay a tahes, male, 1933-4-22", "collected": "2002-07-24", "revised": "None", "video": "SaiNr-frog1_bownay a tahes.mp3"}, "file": "Saisiyat_Tong-he/SaiNr-frog1_bownay a tahes", "num": 96}], [97, {"ori": [], "gloss": [["...", "", ""], ["pak-sahae'-en", "CAU-fall-PF", "使役-掉下-受焦"], ["ila", "PFV", "完成"], ["hao", "there", "那裡"], ["ray", "LOC", "處格"], ["ralom", "water", "水"], ["'i'izo'.\\", "inside", "裡面"]], "free": ["#e \"The child fell into the water.\"", "#c 小孩掉到水裡面。"], "s_end": true, "iu_a_span": [296.14, 298.89], "meta": {"topic": "frog1", "type": "Narrative", "language": "賽夏語, Saisiyat, Saisiyat", "speaker": "風德輝, bownay a tahes, male, 1933-4-22", "collected": "2002-07-24", "revised": "None", "video": "SaiNr-frog1_bownay a tahes.mp3"}, "s_a_span": [290.15, 298.89], "file": "Saisiyat_Tong-he/SaiNr-frog1_bownay a tahes", "num": 97}], [98, {"ori": [], "gloss": [["...(1.6)", "", ""], ["hiza'", "that", "那"], ["ahoe',\\", "dog", "狗"]], "free": [], "s_end": false, "iu_a_span": [298.89, 301.36], "meta": {"topic": "frog1", "type": "Narrative", "language": "賽夏語, Saisiyat, Saisiyat", "speaker": "風德輝, bownay a tahes, male, 1933-4-22", "collected": "2002-07-24", "revised": "None", "video": "SaiNr-frog1_bownay a tahes.mp3"}, "file": "Saisiyat_Tong-he/SaiNr-frog1_bownay a tahes", "num": 98}], [99, {"ori": [], "gloss": [["...", "", ""], ["m-wa:i'", "AF-come", "主焦-來"], ["tatilhaehael.\\", "help", "幫忙"]], "free": ["#e \"The dog came to help.\"\\", "#c 小狗來幫忙。"], "s_end": true, "iu_a_span": [301.36, 303.59], "meta": {"topic": "frog1", "type": "Narrative", "language": "賽夏語, Saisiyat, Saisiyat", "speaker": "風德輝, bownay a tahes, male, 1933-4-22", "collected": "2002-07-24", "revised": "None", "video": "SaiNr-frog1_bownay a tahes.mp3"}, "s_a_span": [298.89, 303.59], "file": "Saisiyat_Tong-he/SaiNr-frog1_bownay a tahes", "num": 99}]], "meta": {"topic": "frog1", "type": "Narrative", "language": "賽夏語, Saisiyat, Saisiyat", "speaker": "風德輝, bownay a tahes, male, 1933-4-22", "collected": "2002-07-24", "revised": "None", "video": "SaiNr-frog1_bownay a tahes.mp3"}}