{"glosses": [[1, {"ori": [], "gloss": [["hayzani==", "now", "現在"], ["'aehae'", "one", "一"], ["ka==", "NOM", "主格"], ["mae'iyaeh", "person", "人"], ["kamamanra:an,\\", "male", "男性"]], "free": ["#n kamamanra:an (<kama-road) 男性或男人 male person; man", "#n kamamanra:an (&lt;kama-road) 男性或男人 male person; man"], "s_end": false, "iu_a_span": [2.35, 5.32], "meta": {"topic": "pear5", "type": "Narrative", "language": "賽夏語, Saisiyat, Saisiyat", "speaker": "日繁雄, 'awi' a basi', male, 1945-4-4", "collected": "2002-01-01", "revised": "None", "video": "SaiNr-pear5__awi_ a basi_.mp3"}, "file": "Saisiyat_Tong-he/SaiNr-pear5__awi_ a basi_", "num": 1}], [2, {"ori": [], "gloss": [["...(1.2)", "", ""], ["'am==", "FUT", "未來"], ["rokrok", "pick", "<主焦>摘"], ["ka==", "ACC", "受格"], ["boway", "fruit", "水果"], ["sa'oewaz,\\", "really", "真的"]], "free": [], "s_end": false, "iu_a_span": [5.32, 8.98], "meta": {"topic": "pear5", "type": "Narrative", "language": "賽夏語, Saisiyat, Saisiyat", "speaker": "日繁雄, 'awi' a basi', male, 1945-4-4", "collected": "2002-01-01", "revised": "None", "video": "SaiNr-pear5__awi_ a basi_.mp3"}, "file": "Saisiyat_Tong-he/SaiNr-pear5__awi_ a basi_", "num": 2}], [3, {"ori": [], "gloss": [["...(1.9)", "", ""], ["o==,\\", "FIL", "FIL"]], "free": [], "s_end": false, "iu_a_span": [8.98, 11.84], "meta": {"topic": "pear5", "type": "Narrative", "language": "賽夏語, Saisiyat, Saisiyat", "speaker": "日繁雄, 'awi' a basi', male, 1945-4-4", "collected": "2002-01-01", "revised": "None", "video": "SaiNr-pear5__awi_ a basi_.mp3"}, "file": "Saisiyat_Tong-he/SaiNr-pear5__awi_ a basi_", "num": 3}], [4, {"ori": [], "gloss": [["...(1.3)", "", ""], ["'am", "FUT", "未來"], ["rokrok", "pick", "<主焦>摘"], ["ka", "ACC", "受格"], ["boway.\\", "fruit", "水果"]], "free": ["#e Now there was a man picking fruits.", "#c 現在有一個男人摘水果。"], "s_end": true, "iu_a_span": [11.84, 13.86], "meta": {"topic": "pear5", "type": "Narrative", "language": "賽夏語, Saisiyat, Saisiyat", "speaker": "日繁雄, 'awi' a basi', male, 1945-4-4", "collected": "2002-01-01", "revised": "None", "video": "SaiNr-pear5__awi_ a basi_.mp3"}, "s_a_span": [2.35, 13.86], "file": "Saisiyat_Tong-he/SaiNr-pear5__awi_ a basi_", "num": 4}], [5, {"ori": [], "gloss": [["...(1.4)", "", ""], ["m-wa:i'", "AF-come", "主焦-來"], ["'aehae',\\", "one", "一"]], "free": [], "s_end": false, "iu_a_span": [13.86, 16.28], "meta": {"topic": "pear5", "type": "Narrative", "language": "賽夏語, Saisiyat, Saisiyat", "speaker": "日繁雄, 'awi' a basi', male, 1945-4-4", "collected": "2002-01-01", "revised": "None", "video": "SaiNr-pear5__awi_ a basi_.mp3"}, "file": "Saisiyat_Tong-he/SaiNr-pear5__awi_ a basi_", "num": 5}], [6, {"ori": [], "gloss": [["...(1.2)", "", ""], ["mae'iyaeh,\\", "person", "人"]], "free": [], "s_end": false, "iu_a_span": [16.28, 18.14], "meta": {"topic": "pear5", "type": "Narrative", "language": "賽夏語, Saisiyat, Saisiyat", "speaker": "日繁雄, 'awi' a basi', male, 1945-4-4", "collected": "2002-01-01", "revised": "None", "video": "SaiNr-pear5__awi_ a basi_.mp3"}, "file": "Saisiyat_Tong-he/SaiNr-pear5__awi_ a basi_", "num": 6}], [7, {"ori": [], "gloss": [["...(1.7)", "", ""], ["ka==,/", "FIL", "FIL"]], "free": [], "s_end": false, "iu_a_span": [18.14, 20.39], "meta": {"topic": "pear5", "type": "Narrative", "language": "賽夏語, Saisiyat, Saisiyat", "speaker": "日繁雄, 'awi' a basi', male, 1945-4-4", "collected": "2002-01-01", "revised": "None", "video": "SaiNr-pear5__awi_ a basi_.mp3"}, "file": "Saisiyat_Tong-he/SaiNr-pear5__awi_ a basi_", "num": 7}], [8, {"ori": [], "gloss": [["...(1.2)", "", ""], ["'ima", "PROG", "進行"], ["hoehoe", "pull", "<主焦>拉"], ["ka==", "ACC", "受格"], ["...", "", ""], ["'a", "FIL", "FIL"], ["Siri'.\\", "goat", "山羊"]], "free": ["#e (There) came a person pulling a goat.", "#c 來了一個拉著山羊的人。"], "s_end": true, "iu_a_span": [20.39, 23.25], "meta": {"topic": "pear5", "type": "Narrative", "language": "賽夏語, Saisiyat, Saisiyat", "speaker": "日繁雄, 'awi' a basi', male, 1945-4-4", "collected": "2002-01-01", "revised": "None", "video": "SaiNr-pear5__awi_ a basi_.mp3"}, "s_a_span": [13.86, 23.25], "file": "Saisiyat_Tong-he/SaiNr-pear5__awi_ a basi_", "num": 8}], [9, {"ori": [], "gloss": [["...(1.5)", "", ""], ["may", "AF.pass.by", "主焦.經過"], ["isason,\\", "there", "那裡"]], "free": [], "s_end": false, "iu_a_span": [23.25, 25.3], "meta": {"topic": "pear5", "type": "Narrative", "language": "賽夏語, Saisiyat, Saisiyat", "speaker": "日繁雄, 'awi' a basi', male, 1945-4-4", "collected": "2002-01-01", "revised": "None", "video": "SaiNr-pear5__awi_ a basi_.mp3"}, "file": "Saisiyat_Tong-he/SaiNr-pear5__awi_ a basi_", "num": 9}], [10, {"ori": [], "gloss": [["...(1.5)", "", ""], ["ray==", "LOC", "處格"], ["...", "", ""], ["kaehoey", "tree", "樹"], ["pingi'./", "beneath", "下面"]], "free": ["#e (He) passed by there under the tree.", "#c (他)經過那個樹下面。"], "s_end": true, "iu_a_span": [25.3, 28.65], "meta": {"topic": "pear5", "type": "Narrative", "language": "賽夏語, Saisiyat, Saisiyat", "speaker": "日繁雄, 'awi' a basi', male, 1945-4-4", "collected": "2002-01-01", "revised": "None", "video": "SaiNr-pear5__awi_ a basi_.mp3"}, "s_a_span": [23.25, 28.65], "file": "Saisiyat_Tong-he/SaiNr-pear5__awi_ a basi_", "num": 10}], [11, {"ori": [], "gloss": [["...", "", ""], ["naw", "as.IF", "好像"], ["koSa'en", "FIL", "FIL"], ["..", "", ""], ["bo--", "FS", "FS"], ["boway", "fruit", "水果"], ["...", "", ""], ["bilis,\\", "AF.touch", "主焦.碰"]], "free": [], "s_end": false, "iu_a_span": [28.65, 32.84], "meta": {"topic": "pear5", "type": "Narrative", "language": "賽夏語, Saisiyat, Saisiyat", "speaker": "日繁雄, 'awi' a basi', male, 1945-4-4", "collected": "2002-01-01", "revised": "None", "video": "SaiNr-pear5__awi_ a basi_.mp3"}, "file": "Saisiyat_Tong-he/SaiNr-pear5__awi_ a basi_", "num": 11}], [12, {"ori": [], "gloss": [["...(1.3)", "", ""], ["sahpih,/", "AF.go.past", "主焦.經過"]], "free": ["#e (The man) touched the fruits and went away.", "#c (那個男人)碰了一下水果然後走了。"], "s_end": true, "iu_a_span": [32.84, 34.58], "meta": {"topic": "pear5", "type": "Narrative", "language": "賽夏語, Saisiyat, Saisiyat", "speaker": "日繁雄, 'awi' a basi', male, 1945-4-4", "collected": "2002-01-01", "revised": "None", "video": "SaiNr-pear5__awi_ a basi_.mp3"}, "s_a_span": [28.65, 34.58], "file": "Saisiyat_Tong-he/SaiNr-pear5__awi_ a basi_", "num": 12}], [13, {"ori": [], "gloss": [["...(0.9)", "", ""], ["m-wa:i'", "AF-come", "主焦-來"], ["'aehae'", "one", "一"], ["ka==", "NOM", "主格"], ["...", "", ""], ["'a", "FIL", "FIL"], ["korkoring,\\", "child", "小孩"]], "free": [], "s_end": false, "iu_a_span": [34.58, 37.58], "meta": {"topic": "pear5", "type": "Narrative", "language": "賽夏語, Saisiyat, Saisiyat", "speaker": "日繁雄, 'awi' a basi', male, 1945-4-4", "collected": "2002-01-01", "revised": "None", "video": "SaiNr-pear5__awi_ a basi_.mp3"}, "file": "Saisiyat_Tong-he/SaiNr-pear5__awi_ a basi_", "num": 13}], [14, {"ori": [], "gloss": [["...(1.4)", "", ""], ["hiya=='", "who", "誰"], ["hayza", "EXIST", "存在"], ["koSa'en", "FIL", "FIL"], ["ka==...", "NOM", "主格"], ["ka-papama'-an", "KA-ride-NMZ", "KA-騎-名物化"], ["noka", "GEN", "屬格"], ["mae'iyaeh,/", "person", "人"]], "free": ["#n ka-papama'-an  車輛 vehicle", "#n KA-ride-NMZ", "#n KA-乘坐-NMZ", "#n ka-papama'-an  車輛 vehicle", "#n KA-ride-NMZ", "#n KA-乘坐-NMZ"], "s_end": false, "iu_a_span": [37.58, 42.44], "meta": {"topic": "pear5", "type": "Narrative", "language": "賽夏語, Saisiyat, Saisiyat", "speaker": "日繁雄, 'awi' a basi', male, 1945-4-4", "collected": "2002-01-01", "revised": "None", "video": "SaiNr-pear5__awi_ a basi_.mp3"}, "file": "Saisiyat_Tong-he/SaiNr-pear5__awi_ a basi_", "num": 14}], [15, {"ori": [], "gloss": [["...(1.0)", "", ""], ["a==,\\", "FIL", "FIL"]], "free": [], "s_end": false, "iu_a_span": [42.44, 44.25], "meta": {"topic": "pear5", "type": "Narrative", "language": "賽夏語, Saisiyat, Saisiyat", "speaker": "日繁雄, 'awi' a basi', male, 1945-4-4", "collected": "2002-01-01", "revised": "None", "video": "SaiNr-pear5__awi_ a basi_.mp3"}, "file": "Saisiyat_Tong-he/SaiNr-pear5__awi_ a basi_", "num": 15}], [16, {"ori": [], "gloss": [["...(1.5)", "", ""], ["sarak", "stomp", "<主焦>踩"], ["nak", "like", "像"], ["hini.\\", "this", "這樣"]], "free": ["#e (There) came a child riding a vehicle which you stomp like this.", "#c 來了一個騎腳踏車的小孩, 就像這樣踩", "#n 說這句時, informant 用手勢比腳, 所以應該加上noka 'a'ay, \"with the feet\"", "#n Note: Informant gestures with feet, so requires noka 'a' ay"], "s_end": true, "iu_a_span": [44.25, 46.91], "meta": {"topic": "pear5", "type": "Narrative", "language": "賽夏語, Saisiyat, Saisiyat", "speaker": "日繁雄, 'awi' a basi', male, 1945-4-4", "collected": "2002-01-01", "revised": "None", "video": "SaiNr-pear5__awi_ a basi_.mp3"}, "s_a_span": [34.58, 46.91], "file": "Saisiyat_Tong-he/SaiNr-pear5__awi_ a basi_", "num": 16}], [17, {"ori": [], "gloss": [["...(1.4)", "", ""], ["sa==,/", "FS", "FS"]], "free": [], "s_end": false, "iu_a_span": [46.91, 48.81], "meta": {"topic": "pear5", "type": "Narrative", "language": "賽夏語, Saisiyat, Saisiyat", "speaker": "日繁雄, 'awi' a basi', male, 1945-4-4", "collected": "2002-01-01", "revised": "None", "video": "SaiNr-pear5__awi_ a basi_.mp3"}, "file": "Saisiyat_Tong-he/SaiNr-pear5__awi_ a basi_", "num": 17}], [18, {"ori": [], "gloss": [["...(1.5)", "", ""], ["sak-sakosiza,\\", "RED-AF.look.around", "重疊-主焦.東張西望"]], "free": [], "s_end": false, "iu_a_span": [48.81, 51.5], "meta": {"topic": "pear5", "type": "Narrative", "language": "賽夏語, Saisiyat, Saisiyat", "speaker": "日繁雄, 'awi' a basi', male, 1945-4-4", "collected": "2002-01-01", "revised": "None", "video": "SaiNr-pear5__awi_ a basi_.mp3"}, "file": "Saisiyat_Tong-he/SaiNr-pear5__awi_ a basi_", "num": 18}], [19, {"ori": [], "gloss": [["...(1.6)", "", ""], ["sararakis.\\", "AF.look.upward", "主焦.望上看"]], "free": ["#e (The boy) looked around and upward (to the man).", "#c (那個男孩)東張西望往上看(那個男人)。"], "s_end": true, "iu_a_span": [51.5, 53.86], "meta": {"topic": "pear5", "type": "Narrative", "language": "賽夏語, Saisiyat, Saisiyat", "speaker": "日繁雄, 'awi' a basi', male, 1945-4-4", "collected": "2002-01-01", "revised": "None", "video": "SaiNr-pear5__awi_ a basi_.mp3"}, "s_a_span": [46.91, 53.86], "file": "Saisiyat_Tong-he/SaiNr-pear5__awi_ a basi_", "num": 19}], [20, {"ori": [], "gloss": [["...(2.0)", "", ""], ["'aehae'", "one", "一"], ["koSa'en", "FIL", "FIL"], ["ka==", "NOM", "主格"], ["kamamanra:an,\\", "male", "男人"]], "free": [], "s_end": false, "iu_a_span": [53.86, 57.2], "meta": {"topic": "pear5", "type": "Narrative", "language": "賽夏語, Saisiyat, Saisiyat", "speaker": "日繁雄, 'awi' a basi', male, 1945-4-4", "collected": "2002-01-01", "revised": "None", "video": "SaiNr-pear5__awi_ a basi_.mp3"}, "file": "Saisiyat_Tong-he/SaiNr-pear5__awi_ a basi_", "num": 20}], [21, {"ori": [], "gloss": [["...(1.7)", "", ""], ["m==", "FIL", "FIL"], ["rokrok", "pick", "<主焦>摘"], ["ka", "ACC", "受格"], ["boway,\\", "fruit", "水果"]], "free": [], "s_end": false, "iu_a_span": [57.2, 60.28], "meta": {"topic": "pear5", "type": "Narrative", "language": "賽夏語, Saisiyat, Saisiyat", "speaker": "日繁雄, 'awi' a basi', male, 1945-4-4", "collected": "2002-01-01", "revised": "None", "video": "SaiNr-pear5__awi_ a basi_.mp3"}, "file": "Saisiyat_Tong-he/SaiNr-pear5__awi_ a basi_", "num": 21}], [22, {"ori": [], "gloss": [["...", "", ""], ["'okay", "NEG", "否定"], ["sahae'oe.\\", "AF.look.downwards", "主焦.往下看"]], "free": ["#e The man picking fruits did not look downward.", "#c 摘水果的人沒有往下看。"], "s_end": true, "iu_a_span": [60.28, 62.16], "meta": {"topic": "pear5", "type": "Narrative", "language": "賽夏語, Saisiyat, Saisiyat", "speaker": "日繁雄, 'awi' a basi', male, 1945-4-4", "collected": "2002-01-01", "revised": "None", "video": "SaiNr-pear5__awi_ a basi_.mp3"}, "s_a_span": [53.86, 62.16], "file": "Saisiyat_Tong-he/SaiNr-pear5__awi_ a basi_", "num": 22}], [23, {"ori": [], "gloss": [["...(1.8)", "", ""], ["a==", "FIL", "FIL"], ["noka==", "GEN", "屬格"], ["..", "", ""], ["a", "FIL", "FIL"], ["korkoring,\\", "child", "小孩"]], "free": [], "s_end": false, "iu_a_span": [62.16, 65.23], "meta": {"topic": "pear5", "type": "Narrative", "language": "賽夏語, Saisiyat, Saisiyat", "speaker": "日繁雄, 'awi' a basi', male, 1945-4-4", "collected": "2002-01-01", "revised": "None", "video": "SaiNr-pear5__awi_ a basi_.mp3"}, "file": "Saisiyat_Tong-he/SaiNr-pear5__awi_ a basi_", "num": 23}], [24, {"ori": [], "gloss": [["...(1.0)", "", ""], ["si-karma'", "RF-steal", "指焦-偷"], ["...", "", ""], ["'aehae'", "one", "一"], ["koSa'en", "FIL", "FIL"], ["kala'", "basket", "籃子"], ["ka==", "NOM", "主格"], ["...", "", ""], ["'a", "FIL", "FIL"], ["boway,\\", "fruit", "水果"]], "free": [], "s_end": false, "iu_a_span": [65.23, 70.29], "meta": {"topic": "pear5", "type": "Narrative", "language": "賽夏語, Saisiyat, Saisiyat", "speaker": "日繁雄, 'awi' a basi', male, 1945-4-4", "collected": "2002-01-01", "revised": "None", "video": "SaiNr-pear5__awi_ a basi_.mp3"}, "file": "Saisiyat_Tong-he/SaiNr-pear5__awi_ a basi_", "num": 24}], [25, {"ori": [], "gloss": [["...(1.4)", "", ""], ["pama'-en", "ride-PF", "騎-受焦"], ["ila.\\", "PFV", "完成"]], "free": ["#e The child took away one basket and rode off.", "#c 小孩偷了一籃, 載走了。"], "s_end": true, "iu_a_span": [70.29, 72.0], "meta": {"topic": "pear5", "type": "Narrative", "language": "賽夏語, Saisiyat, Saisiyat", "speaker": "日繁雄, 'awi' a basi', male, 1945-4-4", "collected": "2002-01-01", "revised": "None", "video": "SaiNr-pear5__awi_ a basi_.mp3"}, "s_a_span": [62.16, 72.0], "file": "Saisiyat_Tong-he/SaiNr-pear5__awi_ a basi_", "num": 25}], [26, {"ori": [], "gloss": [["..", "", ""], ["si-panra:an,\\", "RF-walk", "指焦-走"]], "free": [], "s_end": false, "iu_a_span": [72.0, 73.24], "meta": {"topic": "pear5", "type": "Narrative", "language": "賽夏語, Saisiyat, Saisiyat", "speaker": "日繁雄, 'awi' a basi', male, 1945-4-4", "collected": "2002-01-01", "revised": "None", "video": "SaiNr-pear5__awi_ a basi_.mp3"}, "file": "Saisiyat_Tong-he/SaiNr-pear5__awi_ a basi_", "num": 26}], [27, {"ori": [], "gloss": [["...(1.3)", "", ""], ["'ita'", "1IPL.NOM", "1IPL.主格"], ["koSaen", "FIL", "FIL"], ["ka==,/", "NOM", "主格"]], "free": [], "s_end": false, "iu_a_span": [73.24, 75.41], "meta": {"topic": "pear5", "type": "Narrative", "language": "賽夏語, Saisiyat, Saisiyat", "speaker": "日繁雄, 'awi' a basi', male, 1945-4-4", "collected": "2002-01-01", "revised": "None", "video": "SaiNr-pear5__awi_ a basi_.mp3"}, "file": "Saisiyat_Tong-he/SaiNr-pear5__awi_ a basi_", "num": 27}], [28, {"ori": [], "gloss": [["tinawa'an,\\", "road", "路"]], "free": ["#n t<in>awa'-an  道路 road", "#n <PFV>dig-LOC.NMZ", "#n PFV-挖-LOC.NMZ", "#n t&lt;in&gt;awa'-an  道路 road", "#n &lt;PFV&gt;dig-LOC.NMZ", "#n PFV-挖-LOC.NMZ"], "s_end": false, "iu_a_span": [75.41, 76.22], "meta": {"topic": "pear5", "type": "Narrative", "language": "賽夏語, Saisiyat, Saisiyat", "speaker": "日繁雄, 'awi' a basi', male, 1945-4-4", "collected": "2002-01-01", "revised": "None", "video": "SaiNr-pear5__awi_ a basi_.mp3"}, "file": "Saisiyat_Tong-he/SaiNr-pear5__awi_ a basi_", "num": 28}], [29, {"ori": [], "gloss": [["...(1.5)", "", ""], ["bat-bato'-an,\\", "RED-stone-NMZ", "重疊-石頭-名物化"]], "free": [], "s_end": false, "iu_a_span": [76.22, 78.72], "meta": {"topic": "pear5", "type": "Narrative", "language": "賽夏語, Saisiyat, Saisiyat", "speaker": "日繁雄, 'awi' a basi', male, 1945-4-4", "collected": "2002-01-01", "revised": "None", "video": "SaiNr-pear5__awi_ a basi_.mp3"}, "file": "Saisiyat_Tong-he/SaiNr-pear5__awi_ a basi_", "num": 29}], [30, {"ori": [], "gloss": [["...(1.7)", "", ""], ["ki", "with", "和"], ["hinghae'.\\", "same", "一樣"]], "free": ["#e (The child rode his bike) through a stony road.", "#c (小孩騎著它的腳踏車)經過一條石頭路。"], "s_end": true, "iu_a_span": [78.72, 81.38], "meta": {"topic": "pear5", "type": "Narrative", "language": "賽夏語, Saisiyat, Saisiyat", "speaker": "日繁雄, 'awi' a basi', male, 1945-4-4", "collected": "2002-01-01", "revised": "None", "video": "SaiNr-pear5__awi_ a basi_.mp3"}, "s_a_span": [72.0, 81.38], "file": "Saisiyat_Tong-he/SaiNr-pear5__awi_ a basi_", "num": 30}], [31, {"ori": [], "gloss": [["...(2.1)", "", ""], ["a==,/", "FIL", "FIL"]], "free": [], "s_end": false, "iu_a_span": [81.38, 83.56], "meta": {"topic": "pear5", "type": "Narrative", "language": "賽夏語, Saisiyat, Saisiyat", "speaker": "日繁雄, 'awi' a basi', male, 1945-4-4", "collected": "2002-01-01", "revised": "None", "video": "SaiNr-pear5__awi_ a basi_.mp3"}, "file": "Saisiyat_Tong-he/SaiNr-pear5__awi_ a basi_", "num": 31}], [32, {"ori": [], "gloss": [["...(1.1)", "", ""], ["m-wa:i'", "AF-come", "主焦-來"], ["naehaen", "again", "又"], ["'aehae'", "one", "一"], ["koSa'en", "FIL", "FIL"], ["ka==,/", "NOM", "主格"]], "free": [], "s_end": false, "iu_a_span": [83.56, 86.59], "meta": {"topic": "pear5", "type": "Narrative", "language": "賽夏語, Saisiyat, Saisiyat", "speaker": "日繁雄, 'awi' a basi', male, 1945-4-4", "collected": "2002-01-01", "revised": "None", "video": "SaiNr-pear5__awi_ a basi_.mp3"}, "file": "Saisiyat_Tong-he/SaiNr-pear5__awi_ a basi_", "num": 32}], [33, {"ori": [], "gloss": [["...", "", ""], ["a", "FIL", "FIL"], ["kabinao',\\", "girl", "女孩"]], "free": [], "s_end": false, "iu_a_span": [86.59, 87.89], "meta": {"topic": "pear5", "type": "Narrative", "language": "賽夏語, Saisiyat, Saisiyat", "speaker": "日繁雄, 'awi' a basi', male, 1945-4-4", "collected": "2002-01-01", "revised": "None", "video": "SaiNr-pear5__awi_ a basi_.mp3"}, "file": "Saisiyat_Tong-he/SaiNr-pear5__awi_ a basi_", "num": 33}], [34, {"ori": [], "gloss": [["...(0.8)", "", ""], ["hinghae',\\", "same", "一樣"]], "free": [], "s_end": false, "iu_a_span": [87.89, 89.14], "meta": {"topic": "pear5", "type": "Narrative", "language": "賽夏語, Saisiyat, Saisiyat", "speaker": "日繁雄, 'awi' a basi', male, 1945-4-4", "collected": "2002-01-01", "revised": "None", "video": "SaiNr-pear5__awi_ a basi_.mp3"}, "file": "Saisiyat_Tong-he/SaiNr-pear5__awi_ a basi_", "num": 34}], [35, {"ori": [], "gloss": [["...(0.8)", "", ""], ["ma==,/", "also", "也"]], "free": [], "s_end": false, "iu_a_span": [89.14, 90.52], "meta": {"topic": "pear5", "type": "Narrative", "language": "賽夏語, Saisiyat, Saisiyat", "speaker": "日繁雄, 'awi' a basi', male, 1945-4-4", "collected": "2002-01-01", "revised": "None", "video": "SaiNr-pear5__awi_ a basi_.mp3"}, "file": "Saisiyat_Tong-he/SaiNr-pear5__awi_ a basi_", "num": 35}], [36, {"ori": [], "gloss": [["...(1.0)", "", ""], ["papama-an", "ride-NMZ", "騎-名物化"], ["nak", "like", "像"], ["hini", "this", "這樣"], ["koSa'en", "FIL", "FIL"], ["ka==", "NOM", "主格"], ["a", "FIL", "FIL"], ["nonak,\\", "self", "自己"]], "free": [], "s_end": false, "iu_a_span": [90.52, 93.41], "meta": {"topic": "pear5", "type": "Narrative", "language": "賽夏語, Saisiyat, Saisiyat", "speaker": "日繁雄, 'awi' a basi', male, 1945-4-4", "collected": "2002-01-01", "revised": "None", "video": "SaiNr-pear5__awi_ a basi_.mp3"}, "file": "Saisiyat_Tong-he/SaiNr-pear5__awi_ a basi_", "num": 36}], [37, {"ori": [], "gloss": [["...", "", ""], ["sarak-an", "stomp-NMZ", "<完成>踩-名物化"], ["ka==", "NOM", "主格"], ["...", "", ""], ["ka-papama'-an.\\", "KA-ride-NMZ", "KA-騎-名物化"]], "free": ["#e (There) came a girl also riding a vehicle which you stomp like this.", "#c 又來了一個女孩像這樣踩著腳踏車來。"], "s_end": true, "iu_a_span": [93.41, 96.31], "meta": {"topic": "pear5", "type": "Narrative", "language": "賽夏語, Saisiyat, Saisiyat", "speaker": "日繁雄, 'awi' a basi', male, 1945-4-4", "collected": "2002-01-01", "revised": "None", "video": "SaiNr-pear5__awi_ a basi_.mp3"}, "s_a_span": [81.38, 96.31], "file": "Saisiyat_Tong-he/SaiNr-pear5__awi_ a basi_", "num": 37}], [38, {"ori": ["...(1.4)", "hiza==", "'am==", "kaklepiih,\\"], "gloss": [["this", "這", "Note:"], ["FUT", "", ""], ["AF.meet", "未來", "without"]], "free": ["#n 沒有跟對方說話或互相碰撞", "#n 沒有跟對方說話或互相碰撞"], "s_end": false, "iu_a_span": [96.31, 99.26], "meta": {"topic": "pear5", "type": "Narrative", "language": "賽夏語, Saisiyat, Saisiyat", "speaker": "日繁雄, 'awi' a basi', male, 1945-4-4", "collected": "2002-01-01", "revised": "None", "video": "SaiNr-pear5__awi_ a basi_.mp3"}, "file": "Saisiyat_Tong-he/SaiNr-pear5__awi_ a basi_", "num": 38}], [39, {"ori": [], "gloss": [["...(1.0)", "", ""], ["rima',\\", "AF.go", "主焦.走"]], "free": [], "s_end": false, "iu_a_span": [99.26, 100.65], "meta": {"topic": "pear5", "type": "Narrative", "language": "賽夏語, Saisiyat, Saisiyat", "speaker": "日繁雄, 'awi' a basi', male, 1945-4-4", "collected": "2002-01-01", "revised": "None", "video": "SaiNr-pear5__awi_ a basi_.mp3"}, "file": "Saisiyat_Tong-he/SaiNr-pear5__awi_ a basi_", "num": 39}], [40, {"ori": [], "gloss": [["...(1.1)", "", ""], ["pon'ais-in", "touch-PF", "觸碰-受焦"], ["seiti',\\", "a.bit", "一點"]], "free": [], "s_end": false, "iu_a_span": [100.65, 102.55], "meta": {"topic": "pear5", "type": "Narrative", "language": "賽夏語, Saisiyat, Saisiyat", "speaker": "日繁雄, 'awi' a basi', male, 1945-4-4", "collected": "2002-01-01", "revised": "None", "video": "SaiNr-pear5__awi_ a basi_.mp3"}, "file": "Saisiyat_Tong-he/SaiNr-pear5__awi_ a basi_", "num": 40}], [41, {"ori": [], "gloss": [["...(0.9)", "", ""], ["ka", "NOM", "主格"], ["...", "", ""], ["'a", "FIL", "FIL"], ["tatpo',/", "hat", "帽子"]], "free": [], "s_end": false, "iu_a_span": [102.55, 104.95], "meta": {"topic": "pear5", "type": "Narrative", "language": "賽夏語, Saisiyat, Saisiyat", "speaker": "日繁雄, 'awi' a basi', male, 1945-4-4", "collected": "2002-01-01", "revised": "None", "video": "SaiNr-pear5__awi_ a basi_.mp3"}, "file": "Saisiyat_Tong-he/SaiNr-pear5__awi_ a basi_", "num": 41}], [42, {"ori": [], "gloss": [["...(1.3)", "", ""], ["sahae'", "AF.fall", "主焦.掉下"], ["ila", "PFV", "完成"], ["...", "", ""], ["ray", "LOC", "處格"], ["ra:i',\\", "ground", "地"]], "free": [], "s_end": false, "iu_a_span": [104.95, 108.01], "meta": {"topic": "pear5", "type": "Narrative", "language": "賽夏語, Saisiyat, Saisiyat", "speaker": "日繁雄, 'awi' a basi', male, 1945-4-4", "collected": "2002-01-01", "revised": "None", "video": "SaiNr-pear5__awi_ a basi_.mp3"}, "file": "Saisiyat_Tong-he/SaiNr-pear5__awi_ a basi_", "num": 42}], [43, {"ori": [], "gloss": [["...(1.1)", "", ""], ["ray", "LOC", "處格"], ["ra:an,/", "road", "路"]], "free": [], "s_end": false, "iu_a_span": [108.01, 109.69], "meta": {"topic": "pear5", "type": "Narrative", "language": "賽夏語, Saisiyat, Saisiyat", "speaker": "日繁雄, 'awi' a basi', male, 1945-4-4", "collected": "2002-01-01", "revised": "None", "video": "SaiNr-pear5__awi_ a basi_.mp3"}, "file": "Saisiyat_Tong-he/SaiNr-pear5__awi_ a basi_", "num": 43}], [44, {"ori": [], "gloss": [["...(1.0)", "", ""], ["isaa./", "there", "那裡"]], "free": ["#e (Both of them) met along the way; (one of them) touched the hat (causing it) to fall on the ground.", "#c (他們兩個)在途中相遇, (其中一個)碰到帽子 (使得帽子)掉在地上。"], "s_end": true, "iu_a_span": [109.69, 111.25], "meta": {"topic": "pear5", "type": "Narrative", "language": "賽夏語, Saisiyat, Saisiyat", "speaker": "日繁雄, 'awi' a basi', male, 1945-4-4", "collected": "2002-01-01", "revised": "None", "video": "SaiNr-pear5__awi_ a basi_.mp3"}, "s_a_span": [96.31, 111.25], "file": "Saisiyat_Tong-he/SaiNr-pear5__awi_ a basi_", "num": 44}], [45, {"ori": [], "gloss": [["...(1.6)", "", ""], ["hiza", "that", "那"], ["kamamanra:an", "male", "男性"], ["korkoring,\\", "child", "小孩"]], "free": [], "s_end": false, "iu_a_span": [111.25, 114.27], "meta": {"topic": "pear5", "type": "Narrative", "language": "賽夏語, Saisiyat, Saisiyat", "speaker": "日繁雄, 'awi' a basi', male, 1945-4-4", "collected": "2002-01-01", "revised": "None", "video": "SaiNr-pear5__awi_ a basi_.mp3"}, "file": "Saisiyat_Tong-he/SaiNr-pear5__awi_ a basi_", "num": 45}], [46, {"ori": [], "gloss": [["...(0.9)", "", ""], ["hibih", "turn.around", "<完成>回頭"], ["sakosizah,\\", "AF.see", "主焦.看"]], "free": ["#e The child turned his head around and saw.", "#c 男孩回頭看。"], "s_end": true, "iu_a_span": [114.27, 116.38], "meta": {"topic": "pear5", "type": "Narrative", "language": "賽夏語, Saisiyat, Saisiyat", "speaker": "日繁雄, 'awi' a basi', male, 1945-4-4", "collected": "2002-01-01", "revised": "None", "video": "SaiNr-pear5__awi_ a basi_.mp3"}, "s_a_span": [111.25, 116.38], "file": "Saisiyat_Tong-he/SaiNr-pear5__awi_ a basi_", "num": 46}], [47, {"ori": [], "gloss": [["...(1.8)", "", ""], ["nisia", "3SG.GEN", "3SG.屬格"], ["ka==", "NOM", "主格"], ["...", "", ""], ["ka-papama'-an", "KA-ride-NMZ", "KA-騎-名物化"], ["...", "", ""], ["rima", "AF.go", "主焦.走"], ["isaa,/", "there", "那裡"]], "free": [], "s_end": false, "iu_a_span": [116.38, 121.53], "meta": {"topic": "pear5", "type": "Narrative", "language": "賽夏語, Saisiyat, Saisiyat", "speaker": "日繁雄, 'awi' a basi', male, 1945-4-4", "collected": "2002-01-01", "revised": "None", "video": "SaiNr-pear5__awi_ a basi_.mp3"}, "file": "Saisiyat_Tong-he/SaiNr-pear5__awi_ a basi_", "num": 47}], [48, {"ori": [], "gloss": [["...(0.8)", "", ""], ["si-pa-tono'", "RF-CAU-bump", "指焦-使役-撞"], ["ila", "PFV", "完成"], ["ray==,/", "LOC", "處格"]], "free": [], "s_end": false, "iu_a_span": [121.53, 123.48], "meta": {"topic": "pear5", "type": "Narrative", "language": "賽夏語, Saisiyat, Saisiyat", "speaker": "日繁雄, 'awi' a basi', male, 1945-4-4", "collected": "2002-01-01", "revised": "None", "video": "SaiNr-pear5__awi_ a basi_.mp3"}, "file": "Saisiyat_Tong-he/SaiNr-pear5__awi_ a basi_", "num": 48}], [50, {"ori": [], "gloss": [["...(1.2)", "", ""], ["ta--", "FS", "FS"], ["m-alben", "AF-fall", "主焦-倒"], ["ila,\\", "PFV", "完成"]], "free": [], "s_end": false, "iu_a_span": [124.09, 126.26], "meta": {"topic": "pear5", "type": "Narrative", "language": "賽夏語, Saisiyat, Saisiyat", "speaker": "日繁雄, 'awi' a basi', male, 1945-4-4", "collected": "2002-01-01", "revised": "None", "video": "SaiNr-pear5__awi_ a basi_.mp3"}, "file": "Saisiyat_Tong-he/SaiNr-pear5__awi_ a basi_", "num": 50}], [51, {"ori": [], "gloss": [["...(1.8)", "", ""], ["m-alben", "AF-fall", "主焦-倒"], ["hiza", "there", "那裡"], ["...", "", ""], ["karma'", "AF.steal", "<完成>主焦.偷"], ["koSa'en", "FIL", "FIL"], ["ka==,/", "NOM", "主焦"]], "free": [], "s_end": false, "iu_a_span": [126.26, 130.17], "meta": {"topic": "pear5", "type": "Narrative", "language": "賽夏語, Saisiyat, Saisiyat", "speaker": "日繁雄, 'awi' a basi', male, 1945-4-4", "collected": "2002-01-01", "revised": "None", "video": "SaiNr-pear5__awi_ a basi_.mp3"}, "file": "Saisiyat_Tong-he/SaiNr-pear5__awi_ a basi_", "num": 51}], [52, {"ori": [], "gloss": [["...(0.8)", "", ""], ["'a", "FIL", "FIL"], ["boway", "fruit", "水果"], ["'aehae'", "one", "一"], ["kala',\\", "basket", "籃"]], "free": [], "s_end": false, "iu_a_span": [130.17, 132.2], "meta": {"topic": "pear5", "type": "Narrative", "language": "賽夏語, Saisiyat, Saisiyat", "speaker": "日繁雄, 'awi' a basi', male, 1945-4-4", "collected": "2002-01-01", "revised": "None", "video": "SaiNr-pear5__awi_ a basi_.mp3"}, "file": "Saisiyat_Tong-he/SaiNr-pear5__awi_ a basi_", "num": 52}], [53, {"ori": [], "gloss": [["...", "", ""], ["si-saah", "RF-fall.all.over", "指焦-撒翻"], ["ila", "PFV", "完成"], ["ray,/", "LOC", "處格"]], "free": [], "s_end": false, "iu_a_span": [132.2, 133.9], "meta": {"topic": "pear5", "type": "Narrative", "language": "賽夏語, Saisiyat, Saisiyat", "speaker": "日繁雄, 'awi' a basi', male, 1945-4-4", "collected": "2002-01-01", "revised": "None", "video": "SaiNr-pear5__awi_ a basi_.mp3"}, "file": "Saisiyat_Tong-he/SaiNr-pear5__awi_ a basi_", "num": 53}], [54, {"ori": [], "gloss": [["...(0.9)", "", ""], ["'a", "FIL", "FIL"], ["tinawa'an.\\", "road", "路"]], "free": ["#e The basket of fruit that (the boy) had stolen fell on the ground.", "#c 那籃(被男孩)偷走的水果掉到地上。"], "s_end": true, "iu_a_span": [133.9, 135.48], "meta": {"topic": "pear5", "type": "Narrative", "language": "賽夏語, Saisiyat, Saisiyat", "speaker": "日繁雄, 'awi' a basi', male, 1945-4-4", "collected": "2002-01-01", "revised": "None", "video": "SaiNr-pear5__awi_ a basi_.mp3"}, "s_a_span": [116.38, 135.48], "file": "Saisiyat_Tong-he/SaiNr-pear5__awi_ a basi_", "num": 54}], [55, {"ori": [], "gloss": [["...(1.3)", "", ""], ["hayza'", "EXIST", "存在"], ["m-wa:i',/", "AF-come", "主焦-來"]], "free": [], "s_end": false, "iu_a_span": [135.48, 137.55], "meta": {"topic": "pear5", "type": "Narrative", "language": "賽夏語, Saisiyat, Saisiyat", "speaker": "日繁雄, 'awi' a basi', male, 1945-4-4", "collected": "2002-01-01", "revised": "None", "video": "SaiNr-pear5__awi_ a basi_.mp3"}, "file": "Saisiyat_Tong-he/SaiNr-pear5__awi_ a basi_", "num": 55}], [56, {"ori": [], "gloss": [["...(1.5)", "", ""], ["sepat", "four", "四"], ["ka==", "NOM", "主格"], ["..", "", ""], ["korkoring,\\", "child", "小孩"]], "free": [], "s_end": false, "iu_a_span": [137.55, 140.89], "meta": {"topic": "pear5", "type": "Narrative", "language": "賽夏語, Saisiyat, Saisiyat", "speaker": "日繁雄, 'awi' a basi', male, 1945-4-4", "collected": "2002-01-01", "revised": "None", "video": "SaiNr-pear5__awi_ a basi_.mp3"}, "file": "Saisiyat_Tong-he/SaiNr-pear5__awi_ a basi_", "num": 56}], [57, {"ori": [], "gloss": [["...(2.1)", "", ""], ["ta==,/", "FS", "FS"]], "free": [], "s_end": false, "iu_a_span": [140.89, 143.43], "meta": {"topic": "pear5", "type": "Narrative", "language": "賽夏語, Saisiyat, Saisiyat", "speaker": "日繁雄, 'awi' a basi', male, 1945-4-4", "collected": "2002-01-01", "revised": "None", "video": "SaiNr-pear5__awi_ a basi_.mp3"}, "file": "Saisiyat_Tong-he/SaiNr-pear5__awi_ a basi_", "num": 57}], [58, {"ori": [], "gloss": [["...(1.0)", "", ""], ["tatilhaehael,\\", "AF.help", "主焦.幫忙"]], "free": [], "s_end": false, "iu_a_span": [143.43, 145.26], "meta": {"topic": "pear5", "type": "Narrative", "language": "賽夏語, Saisiyat, Saisiyat", "speaker": "日繁雄, 'awi' a basi', male, 1945-4-4", "collected": "2002-01-01", "revised": "None", "video": "SaiNr-pear5__awi_ a basi_.mp3"}, "file": "Saisiyat_Tong-he/SaiNr-pear5__awi_ a basi_", "num": 58}], [59, {"ori": [], "gloss": [["...(0.8)", "", ""], ["rokrok", "pick", "<主焦>撿"], ["hayza'", "EXIST", "存在"], ["ka==", "ACC", "受格"], ["boway.\\", "fruit", "水果"]], "free": ["#e Came four children who helped pick the fruits.", "#c 來了四個小孩幫忙撿水果。"], "s_end": true, "iu_a_span": [145.26, 147.54], "meta": {"topic": "pear5", "type": "Narrative", "language": "賽夏語, Saisiyat, Saisiyat", "speaker": "日繁雄, 'awi' a basi', male, 1945-4-4", "collected": "2002-01-01", "revised": "None", "video": "SaiNr-pear5__awi_ a basi_.mp3"}, "s_a_span": [135.48, 147.54], "file": "Saisiyat_Tong-he/SaiNr-pear5__awi_ a basi_", "num": 59}], [60, {"ori": [], "gloss": [["...(0.8)", "", ""], ["taboe'-en", "fill-PF", "裝-受焦"], ["naehaen", "again", "再"], ["ray", "LOC", "處格"], ["kala',\\", "basket", "籃子"]], "free": [], "s_end": false, "iu_a_span": [147.54, 149.64], "meta": {"topic": "pear5", "type": "Narrative", "language": "賽夏語, Saisiyat, Saisiyat", "speaker": "日繁雄, 'awi' a basi', male, 1945-4-4", "collected": "2002-01-01", "revised": "None", "video": "SaiNr-pear5__awi_ a basi_.mp3"}, "file": "Saisiyat_Tong-he/SaiNr-pear5__awi_ a basi_", "num": 60}], [61, {"ori": [], "gloss": [["...(1.4)", "", ""], ["...", "", ""], ["tatilhaehael-en", "help-PF", "幫忙-受焦"], ["si-til'itol==", "RF-lift", "指焦-提起"], ["..", "", ""], ["'askan-en", "put-PF", "放-受焦"], ["ray,/", "LOC", "處格"]], "free": [], "s_end": false, "iu_a_span": [149.64, 154.23], "meta": {"topic": "pear5", "type": "Narrative", "language": "賽夏語, Saisiyat, Saisiyat", "speaker": "日繁雄, 'awi' a basi', male, 1945-4-4", "collected": "2002-01-01", "revised": "None", "video": "SaiNr-pear5__awi_ a basi_.mp3"}, "file": "Saisiyat_Tong-he/SaiNr-pear5__awi_ a basi_", "num": 61}], [62, {"ori": [], "gloss": [["...(0.8)", "", ""], ["ka-papama'-an", "KA-ride-NMZ", "KA-騎-名物化"], ["nisia.\\", "3SG.GEN", "3SG.屬格"]], "free": ["#e (They) put (the fruits) in the basket, lifted it, and put it on the bike.", "#c 放到籃子裡, 提起來, 放到腳踏車。"], "s_end": true, "iu_a_span": [154.23, 156.19], "meta": {"topic": "pear5", "type": "Narrative", "language": "賽夏語, Saisiyat, Saisiyat", "speaker": "日繁雄, 'awi' a basi', male, 1945-4-4", "collected": "2002-01-01", "revised": "None", "video": "SaiNr-pear5__awi_ a basi_.mp3"}, "s_a_span": [147.54, 156.19], "file": "Saisiyat_Tong-he/SaiNr-pear5__awi_ a basi_", "num": 62}], [63, {"ori": [], "gloss": [["...(2.0)", "", ""], ["ka==,/", "FIL", "FIL"]], "free": [], "s_end": false, "iu_a_span": [156.19, 158.53], "meta": {"topic": "pear5", "type": "Narrative", "language": "賽夏語, Saisiyat, Saisiyat", "speaker": "日繁雄, 'awi' a basi', male, 1945-4-4", "collected": "2002-01-01", "revised": "None", "video": "SaiNr-pear5__awi_ a basi_.mp3"}, "file": "Saisiyat_Tong-he/SaiNr-pear5__awi_ a basi_", "num": 63}], [64, {"ori": [], "gloss": [["...(1.4)", "", ""], ["manra:an", "AF.walk", "主焦.走"], ["ila.\\", "PFV", "完成"]], "free": ["#e (The boy) walked away.", "#c (男孩)走了。"], "s_end": true, "iu_a_span": [158.53, 160.63], "meta": {"topic": "pear5", "type": "Narrative", "language": "賽夏語, Saisiyat, Saisiyat", "speaker": "日繁雄, 'awi' a basi', male, 1945-4-4", "collected": "2002-01-01", "revised": "None", "video": "SaiNr-pear5__awi_ a basi_.mp3"}, "s_a_span": [156.19, 160.63], "file": "Saisiyat_Tong-he/SaiNr-pear5__awi_ a basi_", "num": 64}], [65, {"ori": [], "gloss": [["...(1.5)", "", ""], ["manra:an", "AF.walk", "主焦.走"], ["'okik", "NEG", "否定"], ["koza'", "much", "多"], ["'oSa'-an./", "go-NMZ", "<完成>走-名物化"]], "free": ["#e (When the boy) had not gone long/far,", "#c (當那個男孩)沒有走多遠,"], "s_end": true, "iu_a_span": [160.63, 163.79], "meta": {"topic": "pear5", "type": "Narrative", "language": "賽夏語, Saisiyat, Saisiyat", "speaker": "日繁雄, 'awi' a basi', male, 1945-4-4", "collected": "2002-01-01", "revised": "None", "video": "SaiNr-pear5__awi_ a basi_.mp3"}, "s_a_span": [160.63, 163.79], "file": "Saisiyat_Tong-he/SaiNr-pear5__awi_ a basi_", "num": 65}], [66, {"ori": [], "gloss": [["...(1.6)", "", ""], ["nisia", "3SG.GEN", "3SG.屬格"], ["ka", "NOM", "主格"], ["tatpo'", "hat", "帽子"], ["...", "", ""], ["haysia,/", "still", "還"]], "free": [], "s_end": false, "iu_a_span": [163.79, 167.53], "meta": {"topic": "pear5", "type": "Narrative", "language": "賽夏語, Saisiyat, Saisiyat", "speaker": "日繁雄, 'awi' a basi', male, 1945-4-4", "collected": "2002-01-01", "revised": "None", "video": "SaiNr-pear5__awi_ a basi_.mp3"}, "file": "Saisiyat_Tong-he/SaiNr-pear5__awi_ a basi_", "num": 66}], [67, {"ori": [], "gloss": [["...(1.3)", "", ""], ["ray==", "LOC", "處格"], ["tinawa'an.\\", "road", "路"]], "free": ["#e His hat was still on the ground.", "#c 他的帽子還在路上。"], "s_end": true, "iu_a_span": [167.53, 170.05], "meta": {"topic": "pear5", "type": "Narrative", "language": "賽夏語, Saisiyat, Saisiyat", "speaker": "日繁雄, 'awi' a basi', male, 1945-4-4", "collected": "2002-01-01", "revised": "None", "video": "SaiNr-pear5__awi_ a basi_.mp3"}, "s_a_span": [163.79, 170.05], "file": "Saisiyat_Tong-he/SaiNr-pear5__awi_ a basi_", "num": 67}], [68, {"ori": [], "gloss": [["...(1.0)", "", ""], ["hayza'", "EXIST", "存在"], ["to:o'", "three", "三"], ["..", "", ""], ["sahoeroe'", "AF.see", "主焦.看見"], ["ka", "ACC", "受格"], ["tatpo'.\\", "hat", "帽子"]], "free": ["#e There were three... (they) found the hat.", "#c 有三個 ... (他們)找到帽子。"], "s_end": true, "iu_a_span": [170.05, 173.06], "meta": {"topic": "pear5", "type": "Narrative", "language": "賽夏語, Saisiyat, Saisiyat", "speaker": "日繁雄, 'awi' a basi', male, 1945-4-4", "collected": "2002-01-01", "revised": "None", "video": "SaiNr-pear5__awi_ a basi_.mp3"}, "s_a_span": [170.05, 173.06], "file": "Saisiyat_Tong-he/SaiNr-pear5__awi_ a basi_", "num": 68}], [69, {"ori": [], "gloss": [["...(0.9)", "", ""], ["mari'-in", "take-PF", "拿-受焦"], ["nisia,\\", "3SG.GEN", "3SG.屬格"]], "free": [], "s_end": false, "iu_a_span": [173.06, 174.61], "meta": {"topic": "pear5", "type": "Narrative", "language": "賽夏語, Saisiyat, Saisiyat", "speaker": "日繁雄, 'awi' a basi', male, 1945-4-4", "collected": "2002-01-01", "revised": "None", "video": "SaiNr-pear5__awi_ a basi_.mp3"}, "file": "Saisiyat_Tong-he/SaiNr-pear5__awi_ a basi_", "num": 69}], [70, {"ori": [], "gloss": [["...", "", ""], ["pal'is'is-en,\\", "shake-PF", "甩-受焦"]], "free": [], "s_end": false, "iu_a_span": [174.61, 175.88], "meta": {"topic": "pear5", "type": "Narrative", "language": "賽夏語, Saisiyat, Saisiyat", "speaker": "日繁雄, 'awi' a basi', male, 1945-4-4", "collected": "2002-01-01", "revised": "None", "video": "SaiNr-pear5__awi_ a basi_.mp3"}, "file": "Saisiyat_Tong-he/SaiNr-pear5__awi_ a basi_", "num": 70}], [71, {"ori": [], "gloss": [["...(1.7)", "", ""], ["pal'is'is-en./", "shake-PF", "甩-受焦"]], "free": ["#e (One of the boys) took (the hat and) shook it clean.", "#c (有一個男孩)拿起(帽子)拍一拍, 拍乾淨。"], "s_end": true, "iu_a_span": [175.88, 178.2], "meta": {"topic": "pear5", "type": "Narrative", "language": "賽夏語, Saisiyat, Saisiyat", "speaker": "日繁雄, 'awi' a basi', male, 1945-4-4", "collected": "2002-01-01", "revised": "None", "video": "SaiNr-pear5__awi_ a basi_.mp3"}, "s_a_span": [173.06, 178.2], "file": "Saisiyat_Tong-he/SaiNr-pear5__awi_ a basi_", "num": 71}], [72, {"ori": [], "gloss": [["...(1.0)", "", ""], ["ta", "exhort", "exhort"], ["m-intani'", "AF-stay.on.the.side", "主焦-停在一旁"], ["ila", "PFV", "完成"], ["naehaen./", "a.while", "一會兒"]], "free": ["#e \"The boy stopped for a while.", "#c 那男孩停了一會兒。"], "s_end": true, "iu_a_span": [178.2, 180.33], "meta": {"topic": "pear5", "type": "Narrative", "language": "賽夏語, Saisiyat, Saisiyat", "speaker": "日繁雄, 'awi' a basi', male, 1945-4-4", "collected": "2002-01-01", "revised": "None", "video": "SaiNr-pear5__awi_ a basi_.mp3"}, "s_a_span": [178.2, 180.33], "file": "Saisiyat_Tong-he/SaiNr-pear5__awi_ a basi_", "num": 72}], [73, {"ori": [], "gloss": [["...(1.3)", "", ""], ["sa-boway-en", "go-give-PF", "去-給-受焦"], ["ila", "PFV", "完成"], ["nisia", "3SG.GEN", "3SG.屬格"], ["ka==", "NOM", "主格"], ["...", "", ""], ["'a", "FIL", "FIL"], ["tatpo',\\", "hat", "帽子"]], "free": [], "s_end": false, "iu_a_span": [180.33, 184.73], "meta": {"topic": "pear5", "type": "Narrative", "language": "賽夏語, Saisiyat, Saisiyat", "speaker": "日繁雄, 'awi' a basi', male, 1945-4-4", "collected": "2002-01-01", "revised": "None", "video": "SaiNr-pear5__awi_ a basi_.mp3"}, "file": "Saisiyat_Tong-he/SaiNr-pear5__awi_ a basi_", "num": 73}], [74, {"ori": [], "gloss": [["...(1.1)", "", ""], ["sa-boway-en", "go-give-PF", "去-給-受焦"], ["ka", "NOM", "主格"], ["tatpo'./", "hat", "帽子"]], "free": ["#e (One of the boys) walked toward (the boy) and gave the hat (back to him).", "#c (一個男孩)走向 (那個小孩) 把帽子還給他。"], "s_end": true, "iu_a_span": [184.73, 186.91], "meta": {"topic": "pear5", "type": "Narrative", "language": "賽夏語, Saisiyat, Saisiyat", "speaker": "日繁雄, 'awi' a basi', male, 1945-4-4", "collected": "2002-01-01", "revised": "None", "video": "SaiNr-pear5__awi_ a basi_.mp3"}, "s_a_span": [180.33, 186.91], "file": "Saisiyat_Tong-he/SaiNr-pear5__awi_ a basi_", "num": 74}], [75, {"ori": [], "gloss": [["...(1.1)", "", ""], ["isa", "DM", "DM"], ["mo-bay", "AF-give", "主格-給"], ["ila==", "PFV", "完成"], ["ka==", "ACC", "受格"], ["boway.\\", "fruit", "水果"]], "free": ["#e (The boy) gave (them) fruit.", "#c (小孩)給(他們)水果。"], "s_end": true, "iu_a_span": [186.91, 189.98], "meta": {"topic": "pear5", "type": "Narrative", "language": "賽夏語, Saisiyat, Saisiyat", "speaker": "日繁雄, 'awi' a basi', male, 1945-4-4", "collected": "2002-01-01", "revised": "None", "video": "SaiNr-pear5__awi_ a basi_.mp3"}, "s_a_span": [186.91, 189.98], "file": "Saisiyat_Tong-he/SaiNr-pear5__awi_ a basi_", "num": 75}], [76, {"ori": [], "gloss": [["...(1.0)", "", ""], ["kayzaeh", "AF.good", "主焦.好"], ["to:o'", "three", "三"], ["koSa'en", "FIL", "FIL"], ["ka==,\\", "NOM", "主格"]], "free": [], "s_end": false, "iu_a_span": [189.98, 192.29], "meta": {"topic": "pear5", "type": "Narrative", "language": "賽夏語, Saisiyat, Saisiyat", "speaker": "日繁雄, 'awi' a basi', male, 1945-4-4", "collected": "2002-01-01", "revised": "None", "video": "SaiNr-pear5__awi_ a basi_.mp3"}, "file": "Saisiyat_Tong-he/SaiNr-pear5__awi_ a basi_", "num": 76}], [77, {"ori": [], "gloss": [["'a", "FIL", "FIL"], ["korkoring.\\", "child", "小孩"]], "free": ["#e The three children were good.", "#c 那三個小孩很好。"], "s_end": true, "iu_a_span": [192.29, 193.49], "meta": {"topic": "pear5", "type": "Narrative", "language": "賽夏語, Saisiyat, Saisiyat", "speaker": "日繁雄, 'awi' a basi', male, 1945-4-4", "collected": "2002-01-01", "revised": "None", "video": "SaiNr-pear5__awi_ a basi_.mp3"}, "s_a_span": [189.98, 193.49], "file": "Saisiyat_Tong-he/SaiNr-pear5__awi_ a basi_", "num": 77}], [78, {"ori": [], "gloss": [["...(0.8)", "", ""], ["'ima", "PROG", "進行"], ["manra:an", "AF.walk", "主焦.走"], ["ila,\\", "PFV", "完成"]], "free": [], "s_end": false, "iu_a_span": [193.49, 195.25], "meta": {"topic": "pear5", "type": "Narrative", "language": "賽夏語, Saisiyat, Saisiyat", "speaker": "日繁雄, 'awi' a basi', male, 1945-4-4", "collected": "2002-01-01", "revised": "None", "video": "SaiNr-pear5__awi_ a basi_.mp3"}, "file": "Saisiyat_Tong-he/SaiNr-pear5__awi_ a basi_", "num": 78}], [79, {"ori": [], "gloss": [["...(1.2)", "", ""], ["rihani'", "there", "那裡"], ["ma==,\\", "FIL", "FIL"]], "free": [], "s_end": false, "iu_a_span": [195.25, 197.57], "meta": {"topic": "pear5", "type": "Narrative", "language": "賽夏語, Saisiyat, Saisiyat", "speaker": "日繁雄, 'awi' a basi', male, 1945-4-4", "collected": "2002-01-01", "revised": "None", "video": "SaiNr-pear5__awi_ a basi_.mp3"}, "file": "Saisiyat_Tong-he/SaiNr-pear5__awi_ a basi_", "num": 79}], [80, {"ori": [], "gloss": [["...(1.2)", "", ""], ["'a", "FIL", "FIL"], ["rima'", "AF.go", "主焦.走"], ["nakhini", "like.this", "像這樣"], ["koSa'en,\\", "FIL", "FIL"]], "free": [], "s_end": false, "iu_a_span": [197.57, 200.29], "meta": {"topic": "pear5", "type": "Narrative", "language": "賽夏語, Saisiyat, Saisiyat", "speaker": "日繁雄, 'awi' a basi', male, 1945-4-4", "collected": "2002-01-01", "revised": "None", "video": "SaiNr-pear5__awi_ a basi_.mp3"}, "file": "Saisiyat_Tong-he/SaiNr-pear5__awi_ a basi_", "num": 80}], [81, {"ori": [], "gloss": [["...(1.5)", "", ""], ["makak-siyae',\\", "REC-AF.happy", "交互-主焦.高興"]], "free": [], "s_end": false, "iu_a_span": [200.29, 202.24], "meta": {"topic": "pear5", "type": "Narrative", "language": "賽夏語, Saisiyat, Saisiyat", "speaker": "日繁雄, 'awi' a basi', male, 1945-4-4", "collected": "2002-01-01", "revised": "None", "video": "SaiNr-pear5__awi_ a basi_.mp3"}, "file": "Saisiyat_Tong-he/SaiNr-pear5__awi_ a basi_", "num": 81}], [82, {"ori": [], "gloss": [["...(1.3)", "", ""], ["a", "FIL", "FIL"], ["si'ael", "eat", "<主焦>吃"], ["ka", "ACC", "受格"], ["boway.\\", "fruit", "水果"]], "free": ["#e (The children) walked away happily eating the fruit.", "#c (那些小孩)吃著水果高興的走了。"], "s_end": true, "iu_a_span": [202.24, 204.86], "meta": {"topic": "pear5", "type": "Narrative", "language": "賽夏語, Saisiyat, Saisiyat", "speaker": "日繁雄, 'awi' a basi', male, 1945-4-4", "collected": "2002-01-01", "revised": "None", "video": "SaiNr-pear5__awi_ a basi_.mp3"}, "s_a_span": [193.49, 204.86], "file": "Saisiyat_Tong-he/SaiNr-pear5__awi_ a basi_", "num": 82}], [83, {"ori": [], "gloss": [["...", "", ""], ["manra:an,/", "AF.walk", "主焦.走"]], "free": [], "s_end": false, "iu_a_span": [204.86, 206.06], "meta": {"topic": "pear5", "type": "Narrative", "language": "賽夏語, Saisiyat, Saisiyat", "speaker": "日繁雄, 'awi' a basi', male, 1945-4-4", "collected": "2002-01-01", "revised": "None", "video": "SaiNr-pear5__awi_ a basi_.mp3"}, "file": "Saisiyat_Tong-he/SaiNr-pear5__awi_ a basi_", "num": 83}], [84, {"ori": [], "gloss": [["...(0.8)", "", ""], ["rima'", "AF.go", "主焦.走"], ["may", "AF.pass.by", "主焦.經過"], ["hiza", "there", "那裡"], ["ray==,/", "LOC", "處格"]], "free": [], "s_end": false, "iu_a_span": [206.06, 208.0], "meta": {"topic": "pear5", "type": "Narrative", "language": "賽夏語, Saisiyat, Saisiyat", "speaker": "日繁雄, 'awi' a basi', male, 1945-4-4", "collected": "2002-01-01", "revised": "None", "video": "SaiNr-pear5__awi_ a basi_.mp3"}, "file": "Saisiyat_Tong-he/SaiNr-pear5__awi_ a basi_", "num": 84}], [85, {"ori": [], "gloss": [["...(1.1)", "", ""], ["kaehoey", "tree", "樹"], ["pingi'.\\", "beneath", "下面"]], "free": ["#e (They) walked away passing by under the tree.", "#c (他們)經過樹下面。"], "s_end": true, "iu_a_span": [208.0, 209.85], "meta": {"topic": "pear5", "type": "Narrative", "language": "賽夏語, Saisiyat, Saisiyat", "speaker": "日繁雄, 'awi' a basi', male, 1945-4-4", "collected": "2002-01-01", "revised": "None", "video": "SaiNr-pear5__awi_ a basi_.mp3"}, "s_a_span": [204.86, 209.85], "file": "Saisiyat_Tong-he/SaiNr-pear5__awi_ a basi_", "num": 85}], [86, {"ori": [], "gloss": [["...(1.6)", "", ""], ["isahiza", "there", "那裡"], ["ina==", "Exper", "經驗"], ["rokrok", "pick", "<主焦>摘"], ["koSa'en", "FIL", "FIL"], ["ka=", "ACC", "受格"], ["...", "", ""], ["'a", "FIL", "FIL"], ["boway,\\", "fruit", "水果"]], "free": [], "s_end": false, "iu_a_span": [209.85, 214.38], "meta": {"topic": "pear5", "type": "Narrative", "language": "賽夏語, Saisiyat, Saisiyat", "speaker": "日繁雄, 'awi' a basi', male, 1945-4-4", "collected": "2002-01-01", "revised": "None", "video": "SaiNr-pear5__awi_ a basi_.mp3"}, "file": "Saisiyat_Tong-he/SaiNr-pear5__awi_ a basi_", "num": 86}], [87, {"ori": [], "gloss": [["...(1.9)", "", ""], ["hiza", "there", "那裡"], ["ray", "LOC", "處格"], ["pingi'.\\", "beneath", "下面"]], "free": ["#e (The man) picking fruits (was) there under the tree.", "#c (那個)摘水果的(男人)在樹下。"], "s_end": true, "iu_a_span": [214.38, 217.09], "meta": {"topic": "pear5", "type": "Narrative", "language": "賽夏語, Saisiyat, Saisiyat", "speaker": "日繁雄, 'awi' a basi', male, 1945-4-4", "collected": "2002-01-01", "revised": "None", "video": "SaiNr-pear5__awi_ a basi_.mp3"}, "s_a_span": [209.85, 217.09], "file": "Saisiyat_Tong-he/SaiNr-pear5__awi_ a basi_", "num": 87}], [88, {"ori": [], "gloss": [["...(0.8)", "", ""], ["sope", "count", "<主焦>數"], ["ila.\\", "PFV", "完成"]], "free": ["#e (He) counted (the baskets).", "#c (他)數 (籃子)。"], "s_end": true, "iu_a_span": [217.09, 218.6], "meta": {"topic": "pear5", "type": "Narrative", "language": "賽夏語, Saisiyat, Saisiyat", "speaker": "日繁雄, 'awi' a basi', male, 1945-4-4", "collected": "2002-01-01", "revised": "None", "video": "SaiNr-pear5__awi_ a basi_.mp3"}, "s_a_span": [217.09, 218.6], "file": "Saisiyat_Tong-he/SaiNr-pear5__awi_ a basi_", "num": 88}], [89, {"ori": [], "gloss": [["...", "", ""], ["'ampowa", "why", "為什麼"], ["ila", "PFV", "完成"], ["ma'an", "1SG.GEN", "1SG.屬格"], ["...", "", ""], ["kaysa'an", "just", "剛剛"], ["rokrok", "pick", "<完成>摘"], ["ka==", "ACC", "受格"], ["...", "", ""], ["'a", "FIL", "FIL"], ["boway.\\", "fruit", "水果"]], "free": ["#e What's happened? (Where are) the fruits I just picked?", "#c 怎麼了? 我剛剛摘的水果(哪裡去了)?"], "s_end": true, "iu_a_span": [218.6, 223.19], "meta": {"topic": "pear5", "type": "Narrative", "language": "賽夏語, Saisiyat, Saisiyat", "speaker": "日繁雄, 'awi' a basi', male, 1945-4-4", "collected": "2002-01-01", "revised": "None", "video": "SaiNr-pear5__awi_ a basi_.mp3"}, "s_a_span": [218.6, 223.19], "file": "Saisiyat_Tong-he/SaiNr-pear5__awi_ a basi_", "num": 89}], [90, {"ori": [], "gloss": [["...(0.8)", "", ""], ["hawka'", "NEG", "否定"], ["hini", "here", "這"], ["'aehae'", "one", "一"], ["kala',\\", "basket", "籃"]], "free": [], "s_end": false, "iu_a_span": [223.19, 225.21], "meta": {"topic": "pear5", "type": "Narrative", "language": "賽夏語, Saisiyat, Saisiyat", "speaker": "日繁雄, 'awi' a basi', male, 1945-4-4", "collected": "2002-01-01", "revised": "None", "video": "SaiNr-pear5__awi_ a basi_.mp3"}, "file": "Saisiyat_Tong-he/SaiNr-pear5__awi_ a basi_", "num": 90}], [91, {"ori": [], "gloss": [["...(1.6)", "", ""], ["a==./", "FIL", "FIL"]], "free": ["#e (He) didn't see the (one) basket.", "#c (他)不見了一籃。"], "s_end": true, "iu_a_span": [225.21, 227.16], "meta": {"topic": "pear5", "type": "Narrative", "language": "賽夏語, Saisiyat, Saisiyat", "speaker": "日繁雄, 'awi' a basi', male, 1945-4-4", "collected": "2002-01-01", "revised": "None", "video": "SaiNr-pear5__awi_ a basi_.mp3"}, "s_a_span": [223.19, 227.16], "file": "Saisiyat_Tong-he/SaiNr-pear5__awi_ a basi_", "num": 91}], [92, {"ori": [], "gloss": [["...(0.8)", "", ""], ["sak-sakosiza", "RED-AF.turn.around", "重疊-主焦.四下張望"], ["ila,\\", "PFV", "完成"]], "free": [], "s_end": false, "iu_a_span": [227.16, 229.29], "meta": {"topic": "pear5", "type": "Narrative", "language": "賽夏語, Saisiyat, Saisiyat", "speaker": "日繁雄, 'awi' a basi', male, 1945-4-4", "collected": "2002-01-01", "revised": "None", "video": "SaiNr-pear5__awi_ a basi_.mp3"}, "file": "Saisiyat_Tong-he/SaiNr-pear5__awi_ a basi_", "num": 92}], [93, {"ori": [], "gloss": [["...(1.7)", "", ""], ["'oka'i:==,/", "NEG", "否定"]], "free": [], "s_end": false, "iu_a_span": [229.29, 231.23], "meta": {"topic": "pear5", "type": "Narrative", "language": "賽夏語, Saisiyat, Saisiyat", "speaker": "日繁雄, 'awi' a basi', male, 1945-4-4", "collected": "2002-01-01", "revised": "None", "video": "SaiNr-pear5__awi_ a basi_.mp3"}, "file": "Saisiyat_Tong-he/SaiNr-pear5__awi_ a basi_", "num": 93}], [94, {"ori": [], "gloss": [["...", "", ""], ["'ikoSa==,\\", "FIL", "FIL"]], "free": [], "s_end": false, "iu_a_span": [231.23, 232.57], "meta": {"topic": "pear5", "type": "Narrative", "language": "賽夏語, Saisiyat, Saisiyat", "speaker": "日繁雄, 'awi' a basi', male, 1945-4-4", "collected": "2002-01-01", "revised": "None", "video": "SaiNr-pear5__awi_ a basi_.mp3"}, "file": "Saisiyat_Tong-he/SaiNr-pear5__awi_ a basi_", "num": 94}], [95, {"ori": [], "gloss": [["...(1.2)", "", ""], ["karma'-en==", "steal-PF", "偷-受焦"], ["haysani", "now", "現在"], ["hayno'", "where", "哪裡"], ["ila.\\", "PFV", "完成"]], "free": ["#e He turned around and said, 'where is the stolen (basket) now?'", "#c 他四下張望, 說, 被偷的那一籃現在在哪裡?"], "s_end": true, "iu_a_span": [232.57, 235.48], "meta": {"topic": "pear5", "type": "Narrative", "language": "賽夏語, Saisiyat, Saisiyat", "speaker": "日繁雄, 'awi' a basi', male, 1945-4-4", "collected": "2002-01-01", "revised": "None", "video": "SaiNr-pear5__awi_ a basi_.mp3"}, "s_a_span": [227.16, 235.48], "file": "Saisiyat_Tong-he/SaiNr-pear5__awi_ a basi_", "num": 95}], [96, {"ori": [], "gloss": [["...", "", ""], ["hiza", "there", "那裡"], ["ray", "LOC", "處格"], ["'inaz'azem,\\", "thought", "思想"]], "free": ["#n '-in-az-'azem 思想 thought", "#n <PFV>-RED-soul", "#n <PFV>-重疊-靈魂", "#n '-in-az-'azem 思想 thought", "#n &lt;PFV&gt;-RED-soul", "#n &lt;PFV&gt;-重疊-靈魂"], "s_end": false, "iu_a_span": [235.48, 237.43], "meta": {"topic": "pear5", "type": "Narrative", "language": "賽夏語, Saisiyat, Saisiyat", "speaker": "日繁雄, 'awi' a basi', male, 1945-4-4", "collected": "2002-01-01", "revised": "None", "video": "SaiNr-pear5__awi_ a basi_.mp3"}, "file": "Saisiyat_Tong-he/SaiNr-pear5__awi_ a basi_", "num": 96}], [97, {"ori": [], "gloss": [["...", "", ""], ["'ima", "PROG", "進行"], ["komoSa:", "FIL", "FIL"], ["hayza", "EXIST", "存在"], ["to:o'", "three", "三"], ["korkoring,\\", "child", "小孩"]], "free": [], "s_end": false, "iu_a_span": [237.43, 239.73], "meta": {"topic": "pear5", "type": "Narrative", "language": "賽夏語, Saisiyat, Saisiyat", "speaker": "日繁雄, 'awi' a basi', male, 1945-4-4", "collected": "2002-01-01", "revised": "None", "video": "SaiNr-pear5__awi_ a basi_.mp3"}, "file": "Saisiyat_Tong-he/SaiNr-pear5__awi_ a basi_", "num": 97}], [98, {"ori": [], "gloss": [["...(1.2)", "", ""], ["m-arma'", "AF-steal", "主焦-偷"], ["sa-sail-in,\\", "RED-hide-PF", "重疊-藏-受焦"]], "free": [], "s_end": false, "iu_a_span": [239.73, 242.12], "meta": {"topic": "pear5", "type": "Narrative", "language": "賽夏語, Saisiyat, Saisiyat", "speaker": "日繁雄, 'awi' a basi', male, 1945-4-4", "collected": "2002-01-01", "revised": "None", "video": "SaiNr-pear5__awi_ a basi_.mp3"}, "file": "Saisiyat_Tong-he/SaiNr-pear5__awi_ a basi_", "num": 98}], [99, {"ori": [], "gloss": [["..", "", ""], ["rihani'", "nearby", "附近"], ["'ima", "PROG", "進行"], ["nak'ino", "how", "如何"], ["a',/", "FIL", "FIL"]], "free": [], "s_end": false, "iu_a_span": [242.12, 243.53], "meta": {"topic": "pear5", "type": "Narrative", "language": "賽夏語, Saisiyat, Saisiyat", "speaker": "日繁雄, 'awi' a basi', male, 1945-4-4", "collected": "2002-01-01", "revised": "None", "video": "SaiNr-pear5__awi_ a basi_.mp3"}, "file": "Saisiyat_Tong-he/SaiNr-pear5__awi_ a basi_", "num": 99}]], "meta": {"topic": "pear5", "type": "Narrative", "language": "賽夏語, Saisiyat, Saisiyat", "speaker": "日繁雄, 'awi' a basi', male, 1945-4-4", "collected": "2002-01-01", "revised": "None", "video": "SaiNr-pear5__awi_ a basi_.mp3"}}