{"glosses": [[1, {"ori": [], "gloss": [["...(1.5)", "", ""], ["izaw", "EXIST", "存在詞"], ["kya", "NOM.that", "主格.這個"], ["wawa", "child", "小孩"], ["ya", "that", "那"], ["wacu", "dog", "狗"], ["ya", "that", "那"], ["balaut.\\", "frog", "青蛙"]], "free": ["#e There are a child, a dog and a frog.", "#c 有小孩、狗和青蛙。"], "s_end": true, "iu_a_span": [1.56, 4.26], "meta": {"topic": "frog_Bunuk", "type": "Narrative", "language": "撒奇萊雅語, Sakizaya, Sakizaya", "speaker": "葉珠君, bunuk, female, 1958-04-24", "collected": "2008-01-05", "revised": "None", "video": "skzyNr-frog_bunuk.mp3"}, "s_a_span": [1.56, 4.26], "file": "Sakizaya_Sakizaya/skzyNr-frog_bunuk", "num": 1}], [2, {"ori": [], "gloss": [["..", "", ""], ["sa-demi-demia==d-sa", "SA-RED-day-SA", "SA-重疊-天-SA"], ["kuheni", "3PL.NOM", "3PL.主格"], ["mi-salama.\\", "AF-play", "主焦-玩"]], "free": ["#e They play every day.", "#c 他們每天玩耍。", "#n mi-salama 為 南勢及中部阿美語；mi-hulul 北勢阿美語；mi-balakas 為Sakizaya"], "s_end": true, "iu_a_span": [4.26, 7.0], "meta": {"topic": "frog_Bunuk", "type": "Narrative", "language": "撒奇萊雅語, Sakizaya, Sakizaya", "speaker": "葉珠君, bunuk, female, 1958-04-24", "collected": "2008-01-05", "revised": "None", "video": "skzyNr-frog_bunuk.mp3"}, "s_a_span": [4.26, 7.0], "file": "Sakizaya_Sakizaya/skzyNr-frog_bunuk", "num": 2}], [3, {"ori": [], "gloss": [["..", "", ""], ["pazeng", "put", "放"], ["^han", "HAN", "HAN"], ["nya", "GEN.that", "屬格.那個"], ["wawa", "child", "小孩"], ["i", "PREP", "介系詞"], ["tiza", "there", "那裡"], ["i", "PREP", "介系詞"], ["cungal", "bottle", "瓶子"], ["kya", "NOM.that", "主格.那個"], ["balaut.\\", "frog", "青蛙"]], "free": ["#e That child put the frog in the bottle.", "#c 那小孩把青蛙放在瓶中。", "#n u chungal nu pah 酒瓶"], "s_end": true, "iu_a_span": [7.0, 10.35], "meta": {"topic": "frog_Bunuk", "type": "Narrative", "language": "撒奇萊雅語, Sakizaya, Sakizaya", "speaker": "葉珠君, bunuk, female, 1958-04-24", "collected": "2008-01-05", "revised": "None", "video": "skzyNr-frog_bunuk.mp3"}, "s_a_span": [7.0, 10.35], "file": "Sakizaya_Sakizaya/skzyNr-frog_bunuk", "num": 3}], [4, {"ori": [], "gloss": [["..", "", ""], ["tu", "OBL", "斜格"], ["labi", "night", "晚上"], ["sa=tu", "SA=PFV", "SA=完成貌"], ["sa", "DM", "DM"], ["ma-bi’", "AF-sleep", "主焦-睡"], ["kya", "NOM.that", "主格.那個"], ["wawa.\\", "child", "小孩"]], "free": ["#e That child was sleeping at night.", "#c 那小孩在晚上睡覺。"], "s_end": true, "iu_a_span": [10.35, 12.97], "meta": {"topic": "frog_Bunuk", "type": "Narrative", "language": "撒奇萊雅語, Sakizaya, Sakizaya", "speaker": "葉珠君, bunuk, female, 1958-04-24", "collected": "2008-01-05", "revised": "None", "video": "skzyNr-frog_bunuk.mp3"}, "s_a_span": [10.35, 12.97], "file": "Sakizaya_Sakizaya/skzyNr-frog_bunuk", "num": 4}], [5, {"ori": [], "gloss": [["..", "", ""], ["melaw", "see", "看"], ["han", "HAN", "HAN"], ["kya", "NOM.that", "主格.那個"], ["balaut", "frog", "青蛙"], ["sa.\\", "DM", "DM"]], "free": ["#e That frog was seen (by us).", "#c 青蛙被(我們)看。", "#n 這裡是敘事者看青蛙", "#n melaw 為阿美語 mazih 為 Sakizaya"], "s_end": true, "iu_a_span": [12.97, 14.61], "meta": {"topic": "frog_Bunuk", "type": "Narrative", "language": "撒奇萊雅語, Sakizaya, Sakizaya", "speaker": "葉珠君, bunuk, female, 1958-04-24", "collected": "2008-01-05", "revised": "None", "video": "skzyNr-frog_bunuk.mp3"}, "s_a_span": [12.97, 14.61], "file": "Sakizaya_Sakizaya/skzyNr-frog_bunuk", "num": 5}], [6, {"ori": [], "gloss": [["..", "", ""], ["kidem", "steal", "偷"], ["a", "LNK", "連繫詞"], ["tahkal", "go.out", "去外面"], ["kiza", "NOM.this", "主格.這個"], ["balaut", "frog", "青蛙"], ["na", "PAST=PREP", "過去貌=介系詞"], ["i", "bottle", "瓶子"], ["cungal.\\", "", ""]], "free": ["#e The frog that was in the bottle went out secretly.", "#c 在瓶子的那隻青蛙偷跑出去。"], "s_end": true, "iu_a_span": [14.61, 18.3], "meta": {"topic": "frog_Bunuk", "type": "Narrative", "language": "撒奇萊雅語, Sakizaya, Sakizaya", "speaker": "葉珠君, bunuk, female, 1958-04-24", "collected": "2008-01-05", "revised": "None", "video": "skzyNr-frog_bunuk.mp3"}, "s_a_span": [14.61, 18.3], "file": "Sakizaya_Sakizaya/skzyNr-frog_bunuk", "num": 6}], [7, {"ori": [], "gloss": [["...(0.7)", "", ""], ["mulkal", "wake.up", "醒來"], ["sa", "DM", "DM"], ["kya", "NOM.that", "主格.那個"], ["wawa", "child", "小孩"], ["melaw", "AF.see", "主焦.看"], ["sa", "DM", "DM"], ["tya", "OBL.that", "斜格.那個"], ["cungal.\\", "bottle", "瓶子"]], "free": ["#e That child woke up and saw that bottle.", "#c 那小孩醒來並看那瓶子。"], "s_end": true, "iu_a_span": [18.3, 21.46], "meta": {"topic": "frog_Bunuk", "type": "Narrative", "language": "撒奇萊雅語, Sakizaya, Sakizaya", "speaker": "葉珠君, bunuk, female, 1958-04-24", "collected": "2008-01-05", "revised": "None", "video": "skzyNr-frog_bunuk.mp3"}, "s_a_span": [18.3, 21.46], "file": "Sakizaya_Sakizaya/skzyNr-frog_bunuk", "num": 7}], [8, {"ori": [], "gloss": [["..", "", ""], ["inayi’", "NEG", "否定詞"], ["kya", "NOM.that", "主格.那個"], ["balaut.\\", "frog", "青蛙"]], "free": ["#e That frog disappeared.", "#c 青蛙不見了。"], "s_end": true, "iu_a_span": [21.46, 23.1], "meta": {"topic": "frog_Bunuk", "type": "Narrative", "language": "撒奇萊雅語, Sakizaya, Sakizaya", "speaker": "葉珠君, bunuk, female, 1958-04-24", "collected": "2008-01-05", "revised": "None", "video": "skzyNr-frog_bunuk.mp3"}, "s_a_span": [21.46, 23.1], "file": "Sakizaya_Sakizaya/skzyNr-frog_bunuk", "num": 8}], [9, {"ori": [], "gloss": [["...(1.4)", "", ""], ["kuheni", "3PL.NOM", "3PL.主格"], ["a", "LNK", "連繫詞"], ["tya", "OBL.that", "斜格.那個"], ["wacu,\\", "dog", "狗"]], "free": [], "s_end": false, "iu_a_span": [23.1, 25.77], "meta": {"topic": "frog_Bunuk", "type": "Narrative", "language": "撒奇萊雅語, Sakizaya, Sakizaya", "speaker": "葉珠君, bunuk, female, 1958-04-24", "collected": "2008-01-05", "revised": "None", "video": "skzyNr-frog_bunuk.mp3"}, "file": "Sakizaya_Sakizaya/skzyNr-frog_bunuk", "num": 9}], [10, {"ori": [], "gloss": [["..", "", ""], ["ta-cuwa", "go-where", "去-哪裡"], ["kya", "NOM.that", "主格.那個"], ["balaut", "frog", "青蛙"], ["sa", "DM", "DM"], ["ma-ka-kilim=tu.\\", "PF-CaRED-search=PFV", "受焦-Ca重疊-找=完成貌"]], "free": ["#e They searched for that frog.", "#c 他們去找青蛙了。", "#n ma-Ca-/ ma-sasi 為reciprocal verbal prefix", "#n tengil聽 ma-ta-tengil 互相問", "#n ma-la-likeluh (ma-likeluh) 碰面", "#n ma-ta-tiik 打架  ma-sa-su-tiik 互相打", "#n 但在這有另一形式為 ma-sa-su-verb", "#n ma-sa-su-kamu 互相一起講 (開會)", "#n ma-sa-su-azih  ma-sa-su-melaw 互相看 (見面)"], "s_end": true, "iu_a_span": [25.77, 27.9], "meta": {"topic": "frog_Bunuk", "type": "Narrative", "language": "撒奇萊雅語, Sakizaya, Sakizaya", "speaker": "葉珠君, bunuk, female, 1958-04-24", "collected": "2008-01-05", "revised": "None", "video": "skzyNr-frog_bunuk.mp3"}, "s_a_span": [23.1, 27.9], "file": "Sakizaya_Sakizaya/skzyNr-frog_bunuk", "num": 10}], [11, {"ori": [], "gloss": [["...(1.2)", "", ""], ["i", "PREP", "介系詞"], ["labu", "inside", "裡面"], ["nu", "GEN", "屬格"], ["<L2Jku^cuL2J>", "shoe", "鞋子"], ["belih-en", "turn.upside.down-PF", "翻-受焦"], ["nya", "GEN.that", "屬格.那個"], ["wawa.\\", "child", "小孩"]], "free": ["#e The shoes were turned upside down by the child.", "#c 鞋子被小孩翻過來。", "#n belih 衍生成反對", "#n kucu為日本漢字音，漢字寫成靴"], "s_end": true, "iu_a_span": [27.9, 31.72], "meta": {"topic": "frog_Bunuk", "type": "Narrative", "language": "撒奇萊雅語, Sakizaya, Sakizaya", "speaker": "葉珠君, bunuk, female, 1958-04-24", "collected": "2008-01-05", "revised": "None", "video": "skzyNr-frog_bunuk.mp3"}, "s_a_span": [27.9, 31.72], "file": "Sakizaya_Sakizaya/skzyNr-frog_bunuk", "num": 11}], [12, {"ori": [], "gloss": [["...", "", ""], ["ha", "HA", "HA"], ["ka-kabi’-an=tu", "CaRED-KA.sleep-LF=PFV", "Ca重疊-KA.睡覺-處焦=完成貌"], ["i", "PREP", "介系詞"], ["kalibung-an=tu", "under.bed-LF=PFV", "床下-處焦=完成貌"], ["ki==lim", "search", "找"], ["sa", "DM", "DM"], ["kuheni,\\", "3PL.NOM", "3PL.主格"]], "free": [], "s_end": false, "iu_a_span": [31.72, 35.7], "meta": {"topic": "frog_Bunuk", "type": "Narrative", "language": "撒奇萊雅語, Sakizaya, Sakizaya", "speaker": "葉珠君, bunuk, female, 1958-04-24", "collected": "2008-01-05", "revised": "None", "video": "skzyNr-frog_bunuk.mp3"}, "file": "Sakizaya_Sakizaya/skzyNr-frog_bunuk", "num": 12}], [13, {"ori": [], "gloss": [["..", "", ""], ["tya", "OBL.that", "斜格.那個"], ["wacu", "dog", "狗"], ["tya", "OBL.that", "斜格.那個"], ["wacu", "dog", "狗"], ["sa.\\", "DM", "DM"]], "free": ["#e They were looking for", "#c 他們在床上床下一直找。", "#n ka-kabi’-an指床上 ma-bi’ 睡覺", "#n libung 瘟疫"], "s_end": true, "iu_a_span": [35.7, 36.94], "meta": {"topic": "frog_Bunuk", "type": "Narrative", "language": "撒奇萊雅語, Sakizaya, Sakizaya", "speaker": "葉珠君, bunuk, female, 1958-04-24", "collected": "2008-01-05", "revised": "None", "video": "skzyNr-frog_bunuk.mp3"}, "s_a_span": [31.72, 36.94], "file": "Sakizaya_Sakizaya/skzyNr-frog_bunuk", "num": 13}], [14, {"ori": [], "gloss": [["..", "", ""], ["^pa-cumud", "CAU-enter", "使動-進入"], ["han", "HAN", "HAN"], ["nya", "GEN.that", "屬格.那個"], ["wacu", "dog", "狗"], ["a", "LNK", "連繫詞"], ["mi-sanek", "AF-smell", "主焦-聞"], ["kya", "NOM.that", "主格.那個"], ["cungal.\\", "bottle", "瓶子"]], "free": ["#e That dog put (his head) into the bottle and smelled it.", "#c 狗把頭放到瓶中並聞一聞。"], "s_end": true, "iu_a_span": [36.94, 39.71], "meta": {"topic": "frog_Bunuk", "type": "Narrative", "language": "撒奇萊雅語, Sakizaya, Sakizaya", "speaker": "葉珠君, bunuk, female, 1958-04-24", "collected": "2008-01-05", "revised": "None", "video": "skzyNr-frog_bunuk.mp3"}, "s_a_span": [36.94, 39.71], "file": "Sakizaya_Sakizaya/skzyNr-frog_bunuk", "num": 14}], [15, {"ori": [], "gloss": [["...(0.7)", "", ""], ["ma-caledung", "PF-put.on", "受焦-穿"], ["nya==", "GEN.that", "屬格.那個"], ["wacu", "dog", "狗"], ["kya", "NOM.that", "主格.那個"], ["cungal.\\", "bottle", "瓶子"]], "free": ["#e That dog put the bottle on its head.", "#c 那狗把瓶子戴在頭上。", "#n mi-caledung kaku tu zikuc我穿衣服了 (我穿衣服)", "#n ma-caledung aku kya zikuc 衣服被我穿了", "#n ma-caledung tu aku 較mi-caledung tu 常用", "#n si-kucu 穿鞋", "#n si-zikuc 穿衣服"], "s_end": true, "iu_a_span": [39.71, 43.79], "meta": {"topic": "frog_Bunuk", "type": "Narrative", "language": "撒奇萊雅語, Sakizaya, Sakizaya", "speaker": "葉珠君, bunuk, female, 1958-04-24", "collected": "2008-01-05", "revised": "None", "video": "skzyNr-frog_bunuk.mp3"}, "s_a_span": [39.71, 43.79], "file": "Sakizaya_Sakizaya/skzyNr-frog_bunuk", "num": 15}], [16, {"ori": [], "gloss": [["...", "", ""], ["hya-hya-en=tu", "RED-this.way-PF=PFV", "重疊-這樣-受焦=完成貌"], ["niza", "3SG.GEN", "3SG.屬格"], ["mi-^bikbik", "AF-get.rid.of", "主焦-甩掉"], ["kya", "NOM.that", "主格.那個"], ["cungal", "bottle", "瓶子"], ["sa.\\", "DM", "DM"]], "free": ["#e It wanted to get rid of that bottle.", "#c 它一直想甩掉那瓶子。", "#n hyahya-en 原型為hya hya -en (那樣 那樣 -受焦) 用來代替動詞，表示以那樣子重複動詞的動作，如：hyahya-en a mi-banaw 重複洗到乾淨為止。", "#n banaw han 一直洗"], "s_end": true, "iu_a_span": [43.79, 46.91], "meta": {"topic": "frog_Bunuk", "type": "Narrative", "language": "撒奇萊雅語, Sakizaya, Sakizaya", "speaker": "葉珠君, bunuk, female, 1958-04-24", "collected": "2008-01-05", "revised": "None", "video": "skzyNr-frog_bunuk.mp3"}, "s_a_span": [43.79, 46.91], "file": "Sakizaya_Sakizaya/skzyNr-frog_bunuk", "num": 16}], [17, {"ori": [], "gloss": [["...", "", ""], ["ca’ay", "NEG", "否定詞"], ["ka-huduc", "KA-pull.out", "KA-拔出來"], ["kya", "NOM.that", "主格.那個"], ["tangah", "head", "頭"], ["niza", "3SG.GEN", "3SG.屬格"], ["i", "PREP", "介系詞"], ["labu", "inside", "裡面"], ["nu", "GEN", "屬格"], ["cungal.\\", "bottle", "瓶子"]], "free": ["#e It failed to pull its head out.", "#c 它拔不出頭來。"], "s_end": true, "iu_a_span": [46.91, 51.27], "meta": {"topic": "frog_Bunuk", "type": "Narrative", "language": "撒奇萊雅語, Sakizaya, Sakizaya", "speaker": "葉珠君, bunuk, female, 1958-04-24", "collected": "2008-01-05", "revised": "None", "video": "skzyNr-frog_bunuk.mp3"}, "s_a_span": [46.91, 51.27], "file": "Sakizaya_Sakizaya/skzyNr-frog_bunuk", "num": 17}], [18, {"ori": [], "gloss": [["...", "", ""], ["mi-sa-balu-balukud=tu", "AF-do-RED-kick=PFV", "主焦-做-重疊-踢=完成貌"], ["kya", "NOM.that", "主格.那個"], ["wacu.\\", "dog", "狗"]], "free": ["#e That dog kept kicking.", "#c 那狗一直踢。"], "s_end": true, "iu_a_span": [51.27, 53.76], "meta": {"topic": "frog_Bunuk", "type": "Narrative", "language": "撒奇萊雅語, Sakizaya, Sakizaya", "speaker": "葉珠君, bunuk, female, 1958-04-24", "collected": "2008-01-05", "revised": "None", "video": "skzyNr-frog_bunuk.mp3"}, "s_a_span": [51.27, 53.76], "file": "Sakizaya_Sakizaya/skzyNr-frog_bunuk", "num": 18}], [19, {"ori": [], "gloss": [["...", "", ""], ["^ma-hetik", "AF-fall.off", "主焦-掉下去"], ["kya", "NOM.that", "主格.那個"], ["wacu", "dog", "狗"], ["na=i", "PAST=PREP", "過去=介系詞"], ["ka-kabi’-an,\\", "KA-sleep-LF", "KA-睡覺-處焦"]], "free": [], "s_end": false, "iu_a_span": [53.76, 56.68], "meta": {"topic": "frog_Bunuk", "type": "Narrative", "language": "撒奇萊雅語, Sakizaya, Sakizaya", "speaker": "葉珠君, bunuk, female, 1958-04-24", "collected": "2008-01-05", "revised": "None", "video": "skzyNr-frog_bunuk.mp3"}, "file": "Sakizaya_Sakizaya/skzyNr-frog_bunuk", "num": 19}], [20, {"ori": [], "gloss": [["..", "", ""], ["tahkal", "go.out", "去外面"], ["tayza", "go.there", "去那裡"], ["i==,\\", "PREP", "介系詞"]], "free": [], "s_end": false, "iu_a_span": [56.68, 58.18], "meta": {"topic": "frog_Bunuk", "type": "Narrative", "language": "撒奇萊雅語, Sakizaya, Sakizaya", "speaker": "葉珠君, bunuk, female, 1958-04-24", "collected": "2008-01-05", "revised": "None", "video": "skzyNr-frog_bunuk.mp3"}, "file": "Sakizaya_Sakizaya/skzyNr-frog_bunuk", "num": 20}], [21, {"ori": [], "gloss": [["...", "", ""], ["i", "PREP", "介系詞"], ["sasingal-an.\\", "window-LF", "窗戶-處焦"]], "free": ["#e That dog fell from bed and then went out to the window.", "#c 那狗從床上跌下去，然後走出去到窗戶。", "#n mi-hetik kaku tya balaut", "#n ma-hetik aku kya balaut"], "s_end": true, "iu_a_span": [58.18, 59.63], "meta": {"topic": "frog_Bunuk", "type": "Narrative", "language": "撒奇萊雅語, Sakizaya, Sakizaya", "speaker": "葉珠君, bunuk, female, 1958-04-24", "collected": "2008-01-05", "revised": "None", "video": "skzyNr-frog_bunuk.mp3"}, "s_a_span": [53.76, 59.63], "file": "Sakizaya_Sakizaya/skzyNr-frog_bunuk", "num": 21}], [22, {"ori": [], "gloss": [["...(0.8)", "", ""], ["ma-pe^ci’=tu", "AF-break=PFV", "主焦-破=完成貌"], ["kya", "NOM.that", "主格.那個"], ["cungal.\\", "bottle", "瓶子"]], "free": ["#e That bottle was broken.", "#c 那瓶子破了。"], "s_end": true, "iu_a_span": [59.63, 62.58], "meta": {"topic": "frog_Bunuk", "type": "Narrative", "language": "撒奇萊雅語, Sakizaya, Sakizaya", "speaker": "葉珠君, bunuk, female, 1958-04-24", "collected": "2008-01-05", "revised": "None", "video": "skzyNr-frog_bunuk.mp3"}, "s_a_span": [59.63, 62.58], "file": "Sakizaya_Sakizaya/skzyNr-frog_bunuk", "num": 22}], [23, {"ori": [], "gloss": [["...", "", ""], ["a", "LNK", "連繫詞"], ["ya==", "YA", "YA"], ["kya", "NOM.that", "主格.那個"], ["wacu", "dog", "狗"], ["aku", "1SG.GEN", "1SG.屬格"], ["sa", "say", "說"], ["kya", "NOM.that", "主格.那個"], ["wawa.\\", "child", "小孩"]], "free": ["#e That child exclaimed, “My dog!”", "#c 那小孩大叫：「我的狗啊!」"], "s_end": true, "iu_a_span": [62.58, 65.59], "meta": {"topic": "frog_Bunuk", "type": "Narrative", "language": "撒奇萊雅語, Sakizaya, Sakizaya", "speaker": "葉珠君, bunuk, female, 1958-04-24", "collected": "2008-01-05", "revised": "None", "video": "skzyNr-frog_bunuk.mp3"}, "s_a_span": [62.58, 65.59], "file": "Sakizaya_Sakizaya/skzyNr-frog_bunuk", "num": 23}], [24, {"ori": [], "gloss": [["...(0.8)", "", ""], ["adada", "hurt", "痛"], ["haw", "Q", "疑問"], ["adada", "hurt", "痛"], ["haw", "Q", "疑問"], ["han", "be.said", "被說"], ["niza", "3SG.GEN", "3SG.屬格"], ["kya", "NOM.that", "主格.那個"], ["wacu.\\", "dog", "狗"]], "free": ["#e He asked that dog, “Is it painful?”", "#c 他對著狗說 ‘會痛嗎’"], "s_end": true, "iu_a_span": [65.59, 69.12], "meta": {"topic": "frog_Bunuk", "type": "Narrative", "language": "撒奇萊雅語, Sakizaya, Sakizaya", "speaker": "葉珠君, bunuk, female, 1958-04-24", "collected": "2008-01-05", "revised": "None", "video": "skzyNr-frog_bunuk.mp3"}, "s_a_span": [65.59, 69.12], "file": "Sakizaya_Sakizaya/skzyNr-frog_bunuk", "num": 24}], [25, {"ori": [], "gloss": [["...", "", ""], ["na=ma-htik", "past=AF-fall.off", "過去貌=主焦-掉下來"], ["i", "PREP", "介系詞"], ["tiza", "there", "那裡"], ["i", "PREP", "介系詞"], ["hekal.\\", "outside", "外面"]], "free": ["#e (They) fell outside.", "#c 掉到外面了。"], "s_end": true, "iu_a_span": [69.12, 71.25], "meta": {"topic": "frog_Bunuk", "type": "Narrative", "language": "撒奇萊雅語, Sakizaya, Sakizaya", "speaker": "葉珠君, bunuk, female, 1958-04-24", "collected": "2008-01-05", "revised": "None", "video": "skzyNr-frog_bunuk.mp3"}, "s_a_span": [69.12, 71.25], "file": "Sakizaya_Sakizaya/skzyNr-frog_bunuk", "num": 25}], [26, {"ori": [], "gloss": [["...(1.1)", "", ""], ["tahkal=tu", "go.out=PFV", "去外面=完成貌"], ["kuheni", "3PL.NOM", "3PL.主格"], ["mi-kilim", "AF-search", "主焦-找"], ["^balaut-aw==", "frog-VOC", "青蛙-呼格"], ["balaut-aw==", "frog-VOC", "青蛙-呼格"], ["sa", "say", "說"], ["kya", "NOM.that", "主格.那個"], ["wawa", "child", "小孩"], ["atu", "and", "和"], ["ya", "that", "那個"], ["wacu’.\\", "dog", "狗"]], "free": [], "s_end": false, "iu_a_span": [71.25, 77.84], "meta": {"topic": "frog_Bunuk", "type": "Narrative", "language": "撒奇萊雅語, Sakizaya, Sakizaya", "speaker": "葉珠君, bunuk, female, 1958-04-24", "collected": "2008-01-05", "revised": "None", "video": "skzyNr-frog_bunuk.mp3"}, "file": "Sakizaya_Sakizaya/skzyNr-frog_bunuk", "num": 26}], [27, {"ori": [], "gloss": [["...", "", ""], ["mi-ka-kilim", "AF-KA-search", "主焦-KA-找"], ["i", "PREP", "介系詞"], ["hekal.\\", "outside", "外面"]], "free": ["#e They went out to search for frog, yelled \"Frog! Frog!\"", "#c 他們到外面找青蛙，叫著「青蛙啊！青蛙啊！」"], "s_end": true, "iu_a_span": [77.84, 80.11], "meta": {"topic": "frog_Bunuk", "type": "Narrative", "language": "撒奇萊雅語, Sakizaya, Sakizaya", "speaker": "葉珠君, bunuk, female, 1958-04-24", "collected": "2008-01-05", "revised": "None", "video": "skzyNr-frog_bunuk.mp3"}, "s_a_span": [71.25, 80.11], "file": "Sakizaya_Sakizaya/skzyNr-frog_bunuk", "num": 27}], [28, {"ori": [], "gloss": [["...", "", ""], ["tayza=tu", "go.there=PFV", "去.那裡=完成貌"], ["i", "PREP", "介系詞"], ["tiza", "there", "那裡"], ["i==,\\", "PREP", "介系詞"]], "free": [], "s_end": false, "iu_a_span": [80.11, 82.02], "meta": {"topic": "frog_Bunuk", "type": "Narrative", "language": "撒奇萊雅語, Sakizaya, Sakizaya", "speaker": "葉珠君, bunuk, female, 1958-04-24", "collected": "2008-01-05", "revised": "None", "video": "skzyNr-frog_bunuk.mp3"}, "file": "Sakizaya_Sakizaya/skzyNr-frog_bunuk", "num": 28}], [29, {"ori": [], "gloss": [["..", "", ""], ["lutu-lutuk-an=tu", "RED-bush-LF=PFV", "重疊-草叢-處焦=完成貌"], ["buyu-buyu’-an=tu", "RED-mountain-LF=PFV", "重疊-山-處焦=完成貌"], ["mi-kilim", "AF-search", "主焦-找"], ["kya", "NOM.that", "主格.那個"], ["wawa", "child", "小孩"], ["atu", "and", "和"], ["ya", "that", "那個"], ["wacu.\\", "dog", "狗"]], "free": ["#e The child and dog searched (for the frog) in bushes and mountains.", "#c 小孩跟狗在草叢中及山中找。"], "s_end": true, "iu_a_span": [82.02, 86.48], "meta": {"topic": "frog_Bunuk", "type": "Narrative", "language": "撒奇萊雅語, Sakizaya, Sakizaya", "speaker": "葉珠君, bunuk, female, 1958-04-24", "collected": "2008-01-05", "revised": "None", "video": "skzyNr-frog_bunuk.mp3"}, "s_a_span": [80.11, 86.48], "file": "Sakizaya_Sakizaya/skzyNr-frog_bunuk", "num": 29}], [30, {"ori": [], "gloss": [["...(1.0)", "", ""], ["ma-melaw", "PF-see", "受焦-看"], ["nuheni", "3PL.GEN", "3PL.屬格"], ["kya", "NOM.that", "主格.那個"], ["kilang", "tree", "樹"], ["i", "PREP", "介系詞"], ["tiza", "there", "那裡"], ["haw.\\", "Q", "疑問"]], "free": ["#e They saw trees.", "#c 他們看到樹。"], "s_end": true, "iu_a_span": [86.48, 89.78], "meta": {"topic": "frog_Bunuk", "type": "Narrative", "language": "撒奇萊雅語, Sakizaya, Sakizaya", "speaker": "葉珠君, bunuk, female, 1958-04-24", "collected": "2008-01-05", "revised": "None", "video": "skzyNr-frog_bunuk.mp3"}, "s_a_span": [86.48, 89.78], "file": "Sakizaya_Sakizaya/skzyNr-frog_bunuk", "num": 30}], [31, {"ori": [], "gloss": [["..", "", ""], ["kya", "NOM.that", "主格.那個"], ["balaut", "frog", "青蛙"], ["hakay", "probably", "可能"], ["mi-lime==k", "AF-hide", "主焦-躲"], ["i", "PREP", "介系詞"], ["tiza", "there", "那裡"], ["sa", "say", "說"], ["kya", "NOM.that", "主格.那個"], ["wawa.\\", "frog", "青蛙"]], "free": ["#e The child thought that frog might hide over there.", "#c 小孩認為青蛙可能躲在那裡。"], "s_end": true, "iu_a_span": [89.78, 94.03], "meta": {"topic": "frog_Bunuk", "type": "Narrative", "language": "撒奇萊雅語, Sakizaya, Sakizaya", "speaker": "葉珠君, bunuk, female, 1958-04-24", "collected": "2008-01-05", "revised": "None", "video": "skzyNr-frog_bunuk.mp3"}, "s_a_span": [89.78, 94.03], "file": "Sakizaya_Sakizaya/skzyNr-frog_bunuk", "num": 31}], [32, {"ori": [], "gloss": [["...(0.9)", "", ""], ["laday", "bring", "帶"], ["han=tu", "HAN=PFV", "HAN=完成貌"], ["niza", "3SG.GEN", "3SG.屬格"], ["kya", "NOM.that", "主格.那個"], ["wacu.\\", "dog", "狗"]], "free": ["#e He brought his dog.", "#c 他就帶著狗。"], "s_end": true, "iu_a_span": [94.03, 96.16], "meta": {"topic": "frog_Bunuk", "type": "Narrative", "language": "撒奇萊雅語, Sakizaya, Sakizaya", "speaker": "葉珠君, bunuk, female, 1958-04-24", "collected": "2008-01-05", "revised": "None", "video": "skzyNr-frog_bunuk.mp3"}, "s_a_span": [94.03, 96.16], "file": "Sakizaya_Sakizaya/skzyNr-frog_bunuk", "num": 32}], [33, {"ori": [], "gloss": [["...(1.1)", "", ""], ["ma-melaw", "PF-see", "受焦-看"], ["niza", "3SG.GEN", "3SG.屬格"], ["kya", "NOM.that", "主格.那個"], ["buhang", "hole", "洞"], ["i", "PREP", "介系詞"], ["tiza", "there", "那裡"], ["i", "PREP", "介系詞"], ["labu", "inside", "裡面"], ["i", "PREP", "介系詞"], ["lala',\\", "ground", "地上"]], "free": [], "s_end": false, "iu_a_span": [96.16, 100.36], "meta": {"topic": "frog_Bunuk", "type": "Narrative", "language": "撒奇萊雅語, Sakizaya, Sakizaya", "speaker": "葉珠君, bunuk, female, 1958-04-24", "collected": "2008-01-05", "revised": "None", "video": "skzyNr-frog_bunuk.mp3"}, "file": "Sakizaya_Sakizaya/skzyNr-frog_bunuk", "num": 33}], [34, {"ori": [], "gloss": [["...(0.9)", "", ""], ["balaut-aw", "frog-VOC", "青蛙-呼格"], ["balaut-^aw", "frog-VOC", "青蛙-呼格"], ["han", "be.said", "被說"], ["niza", "3SG.GEN", "3SG.屬格"], ["kya", "NOM.that", "主格.那個"], ["buhang", "hole", "洞"], ["nya", "GEN.that", "屬格.那個"], ["lala'", "ground", "地上"]], "free": ["#e He yelled to the hole on the ground, ‘Frog! Frog!’", "#c 他對著地上的洞喊：「青蛙啊！青蛙啊！」"], "s_end": true, "iu_a_span": [100.36, 105.37], "meta": {"topic": "frog_Bunuk", "type": "Narrative", "language": "撒奇萊雅語, Sakizaya, Sakizaya", "speaker": "葉珠君, bunuk, female, 1958-04-24", "collected": "2008-01-05", "revised": "None", "video": "skzyNr-frog_bunuk.mp3"}, "s_a_span": [96.16, 105.37], "file": "Sakizaya_Sakizaya/skzyNr-frog_bunuk", "num": 34}], [35, {"ori": [], "gloss": [["...(1.8)", "", ""], ["ya", "that", "那"], ["wacu", "dog", "狗"], ["sa,\\", "SA", "SA"]], "free": [], "s_end": false, "iu_a_span": [105.37, 108.01], "meta": {"topic": "frog_Bunuk", "type": "Narrative", "language": "撒奇萊雅語, Sakizaya, Sakizaya", "speaker": "葉珠君, bunuk, female, 1958-04-24", "collected": "2008-01-05", "revised": "None", "video": "skzyNr-frog_bunuk.mp3"}, "file": "Sakizaya_Sakizaya/skzyNr-frog_bunuk", "num": 35}], [36, {"ori": [], "gloss": [["...", "", ""], ["waw", "WAW", "WAW"], ["waw", "WAW", "WAW"], ["waw,", "WAW", "WAW"], ["\\", "", ""]], "free": [], "s_end": false, "iu_a_span": [108.01, 109.89], "meta": {"topic": "frog_Bunuk", "type": "Narrative", "language": "撒奇萊雅語, Sakizaya, Sakizaya", "speaker": "葉珠君, bunuk, female, 1958-04-24", "collected": "2008-01-05", "revised": "None", "video": "skzyNr-frog_bunuk.mp3"}, "file": "Sakizaya_Sakizaya/skzyNr-frog_bunuk", "num": 36}], [37, {"ori": [], "gloss": [["..", "", ""], ["ma-melaw", "PF-see", "受焦-看"], ["niza", "3SG.GEN", "3SG.屬格"], ["ma-tating", "AF-hang", "主焦-掛"], ["ma-cacuy", "AF-hang", "主焦-掛"], ["kya==,\\", "NOM.that", "主格.那個"]], "free": [], "s_end": false, "iu_a_span": [109.89, 113.77], "meta": {"topic": "frog_Bunuk", "type": "Narrative", "language": "撒奇萊雅語, Sakizaya, Sakizaya", "speaker": "葉珠君, bunuk, female, 1958-04-24", "collected": "2008-01-05", "revised": "None", "video": "skzyNr-frog_bunuk.mp3"}, "file": "Sakizaya_Sakizaya/skzyNr-frog_bunuk", "num": 37}], [38, {"ori": [], "gloss": [["...", "", ""], ["tatekuh.\\", "hornet", "虎頭蜂"]], "free": ["#e The dog barked and saw the beehives hang.", "#c 狗吠及看到虎頭蜂窩垂掛著。", "#n IU36 為狗叫的擬聲詞", "#n IU37中ma-tating為人為的動作; ma-cacuy 為自然地吊掛著"], "s_end": true, "iu_a_span": [113.77, 114.84], "meta": {"topic": "frog_Bunuk", "type": "Narrative", "language": "撒奇萊雅語, Sakizaya, Sakizaya", "speaker": "葉珠君, bunuk, female, 1958-04-24", "collected": "2008-01-05", "revised": "None", "video": "skzyNr-frog_bunuk.mp3"}, "s_a_span": [105.37, 114.84], "file": "Sakizaya_Sakizaya/skzyNr-frog_bunuk", "num": 38}], [39, {"ori": [], "gloss": [["...(0.7)", "", ""], ["kya,\\", "NOM.that", "主格.那個"]], "free": [], "s_end": false, "iu_a_span": [114.84, 116.0], "meta": {"topic": "frog_Bunuk", "type": "Narrative", "language": "撒奇萊雅語, Sakizaya, Sakizaya", "speaker": "葉珠君, bunuk, female, 1958-04-24", "collected": "2008-01-05", "revised": "None", "video": "skzyNr-frog_bunuk.mp3"}, "file": "Sakizaya_Sakizaya/skzyNr-frog_bunuk", "num": 39}], [40, {"ori": [], "gloss": [["...", "", ""], ["izaw", "EXIST", "存在詞"], ["ku==,\\", "NOM", "主格"]], "free": [], "s_end": false, "iu_a_span": [116.0, 117.45], "meta": {"topic": "frog_Bunuk", "type": "Narrative", "language": "撒奇萊雅語, Sakizaya, Sakizaya", "speaker": "葉珠君, bunuk, female, 1958-04-24", "collected": "2008-01-05", "revised": "None", "video": "skzyNr-frog_bunuk.mp3"}, "file": "Sakizaya_Sakizaya/skzyNr-frog_bunuk", "num": 40}], [41, {"ori": [], "gloss": [["...", "", ""], ["mi-tyung=ay", "AF-pat=FAC", "主焦-拍=FAC"], ["i", "PREP", "介系詞"], ["takuan", "1SG.OBL", "1SG.斜格"], ["sa", "DM", "DM"], ["huyahuy-en", "shake-PF", "搖-受焦"], ["nya", "GEN.that", "屬格.那個"], ["wacu", "dog", "狗"], ["kya==", "NOM.that", "主格.那個"], ["kilang.\\", "tree", "樹"]], "free": ["#e (Someone was patting.) That dog shook that tree.", "#c (有人在輕拍) 那隻狗搖樹。"], "s_end": true, "iu_a_span": [117.45, 122.04], "meta": {"topic": "frog_Bunuk", "type": "Narrative", "language": "撒奇萊雅語, Sakizaya, Sakizaya", "speaker": "葉珠君, bunuk, female, 1958-04-24", "collected": "2008-01-05", "revised": "None", "video": "skzyNr-frog_bunuk.mp3"}, "s_a_span": [114.84, 122.04], "file": "Sakizaya_Sakizaya/skzyNr-frog_bunuk", "num": 41}], [42, {"ori": [], "gloss": [["...", "", ""], ["mi-huyahuy,\\", "AF-shake", "主焦-搖"]], "free": [], "s_end": false, "iu_a_span": [122.04, 123.39], "meta": {"topic": "frog_Bunuk", "type": "Narrative", "language": "撒奇萊雅語, Sakizaya, Sakizaya", "speaker": "葉珠君, bunuk, female, 1958-04-24", "collected": "2008-01-05", "revised": "None", "video": "skzyNr-frog_bunuk.mp3"}, "file": "Sakizaya_Sakizaya/skzyNr-frog_bunuk", "num": 42}], [43, {"ori": [], "gloss": [["...", "", ""], ["(1.3)kya==", "NOM.that", "主格.那個"], ["ma==", "AF", "主焦"], ["ma-hica", "AF-how", "主焦-怎麼"], ["ma-hica", "AF-how", "主焦-怎麼"], ["sa", "DM", "DM"], ["kya", "NOM.that", "主格.那個"], ["tatekuh.\\", "hornet", "虎頭蜂"]], "free": ["#e How was that hornet?", "#c 虎頭蜂怎麼了?"], "s_end": true, "iu_a_span": [123.39, 127.45], "meta": {"topic": "frog_Bunuk", "type": "Narrative", "language": "撒奇萊雅語, Sakizaya, Sakizaya", "speaker": "葉珠君, bunuk, female, 1958-04-24", "collected": "2008-01-05", "revised": "None", "video": "skzyNr-frog_bunuk.mp3"}, "s_a_span": [122.04, 127.45], "file": "Sakizaya_Sakizaya/skzyNr-frog_bunuk", "num": 43}], [44, {"ori": [], "gloss": [["..", "", ""], ["^tahkal", "go.out", "去\b外面"], ["mu-bahel", "AF-fly", "主焦-飛"], ["kya", "NOM.that", "主格.那個"], ["tatekuh.\\", "hornet", "虎頭蜂"]], "free": ["#e The hornet flew out.", "#c 虎頭蜂飛出來。"], "s_end": true, "iu_a_span": [127.45, 129.19], "meta": {"topic": "frog_Bunuk", "type": "Narrative", "language": "撒奇萊雅語, Sakizaya, Sakizaya", "speaker": "葉珠君, bunuk, female, 1958-04-24", "collected": "2008-01-05", "revised": "None", "video": "skzyNr-frog_bunuk.mp3"}, "s_a_span": [127.45, 129.19], "file": "Sakizaya_Sakizaya/skzyNr-frog_bunuk", "num": 44}], [45, {"ori": [], "gloss": [["...", "", ""], ["ya", "that", "那個"], ["wawa", "child", "小孩"], ["nya", "GEN.that", "屬格.那個"], ["ni=awaw-an", "PAST=yell-LF", "過去貌=呼喊-處焦"], ["kya", "NOM.that", "主格.那個"], ["balaut", "frog", "青蛙"], ["i", "PREP", "介系詞"], ["tiza", "there", "那裡"], ["i", "PREP", "介系詞"], ["labu", "inside", "裡面"], ["nu", "GEN", "屬格"], ["buhang", "hole", "洞"], ["sa.\\", "DM", "DM"]], "free": ["#e To the hole, that child yelled at the Frog.", "#c 那小孩對著洞裡面呼喊著青蛙。"], "s_end": true, "iu_a_span": [129.19, 133.51], "meta": {"topic": "frog_Bunuk", "type": "Narrative", "language": "撒奇萊雅語, Sakizaya, Sakizaya", "speaker": "葉珠君, bunuk, female, 1958-04-24", "collected": "2008-01-05", "revised": "None", "video": "skzyNr-frog_bunuk.mp3"}, "s_a_span": [129.19, 133.51], "file": "Sakizaya_Sakizaya/skzyNr-frog_bunuk", "num": 45}], [46, {"ori": [], "gloss": [["...(1.4)", "", ""], ["ma-tengil", "PF-hear", "受焦-聽"], ["nya==", "GEN.that", "屬格.那個"], ["balaut", "frog", "青蛙"], ["ku==,\\", "NOM", "主格"]], "free": [], "s_end": false, "iu_a_span": [133.51, 137.1], "meta": {"topic": "frog_Bunuk", "type": "Narrative", "language": "撒奇萊雅語, Sakizaya, Sakizaya", "speaker": "葉珠君, bunuk, female, 1958-04-24", "collected": "2008-01-05", "revised": "None", "video": "skzyNr-frog_bunuk.mp3"}, "file": "Sakizaya_Sakizaya/skzyNr-frog_bunuk", "num": 46}], [47, {"ori": [], "gloss": [["...", "", ""], ["ngiha’", "sound", "聲音"], ["nya", "GEN.that", "屬格.那個"], ["wawa", "child", "小孩"], ["tahkal", "go.out", "去外面"], ["kya", "NOM.that", "主格.那個"], ["balaut.\\", "frog", "青蛙"]], "free": ["#e That frog heard sound and came out.", "#c 那青蛙聽到聲音就出來。"], "s_end": true, "iu_a_span": [137.1, 140.18], "meta": {"topic": "frog_Bunuk", "type": "Narrative", "language": "撒奇萊雅語, Sakizaya, Sakizaya", "speaker": "葉珠君, bunuk, female, 1958-04-24", "collected": "2008-01-05", "revised": "None", "video": "skzyNr-frog_bunuk.mp3"}, "s_a_span": [133.51, 140.18], "file": "Sakizaya_Sakizaya/skzyNr-frog_bunuk", "num": 47}], [48, {"ori": [], "gloss": [["...(0.9)", "", ""], ["i^ni", "here", "這裡"], ["kaku", "1SG.NOM", "1SG.主格"], ["sa", "say", "說"], ["kya", "NOM.that", "主格.那個"], ["balaut.\\", "frog", "青蛙"]], "free": ["#e That frog said, “I am here.”", "#c 青蛙說：「我在這。」"], "s_end": true, "iu_a_span": [140.18, 143.05], "meta": {"topic": "frog_Bunuk", "type": "Narrative", "language": "撒奇萊雅語, Sakizaya, Sakizaya", "speaker": "葉珠君, bunuk, female, 1958-04-24", "collected": "2008-01-05", "revised": "None", "video": "skzyNr-frog_bunuk.mp3"}, "s_a_span": [140.18, 143.05], "file": "Sakizaya_Sakizaya/skzyNr-frog_bunuk", "num": 48}], [49, {"ori": [], "gloss": [["...", "", ""], ["melaw", "see", "看"], ["han", "HAN", "HAN"], ["kya", "NOM.that", "主格.那個"], ["tatekuh", "hornet", "虎頭蜂"], ["kya,\\", "NOM.that", "主格.那個"]], "free": [], "s_end": false, "iu_a_span": [143.05, 144.87], "meta": {"topic": "frog_Bunuk", "type": "Narrative", "language": "撒奇萊雅語, Sakizaya, Sakizaya", "speaker": "葉珠君, bunuk, female, 1958-04-24", "collected": "2008-01-05", "revised": "None", "video": "skzyNr-frog_bunuk.mp3"}, "file": "Sakizaya_Sakizaya/skzyNr-frog_bunuk", "num": 49}], [50, {"ori": [], "gloss": [["..", "", ""], ["kya==", "Q", "疑問"], ["hiyan", "this.way", "這樣"], ["ku", "NOM", "主格"], ["luma’", "home", "家"], ["aku", "1SG.GEN", "1SG.屬格"], ["saw", "Q", "疑問"], ["ma-hetik", "AF-fall.off", "主焦-掉下來"], ["na=ni=huyahuy-an", "PAST=NI-=shake-PF", "過去貌=NI-搖-受焦"], ["nya", "GEN.that", "屬格.那個"], ["wacu", "dog", "狗"], ["kya==,\\", "NOM.that", "主格.那個"]], "free": [], "s_end": false, "iu_a_span": [144.87, 149.39], "meta": {"topic": "frog_Bunuk", "type": "Narrative", "language": "撒奇萊雅語, Sakizaya, Sakizaya", "speaker": "葉珠君, bunuk, female, 1958-04-24", "collected": "2008-01-05", "revised": "None", "video": "skzyNr-frog_bunuk.mp3"}, "file": "Sakizaya_Sakizaya/skzyNr-frog_bunuk", "num": 50}], [51, {"ori": [], "gloss": [["...(1.2)", "", ""], ["tatekuh", "hornet", "虎頭蜂"], ["ma-hetik.\\", "AF-fall.off", "主焦-掉下來"]], "free": ["#e (Why did you do to my house?) The hornet fell off the place where the dog shook.", "#c (為何把我家弄成這樣呢?) 虎頭蜂從狗搖的地方掉下來。", "#n SAW 中文意思近似於 ‘呢’", "#n kya hian是kya hiya-en 那個 的縮寫"], "s_end": true, "iu_a_span": [149.39, 151.4], "meta": {"topic": "frog_Bunuk", "type": "Narrative", "language": "撒奇萊雅語, Sakizaya, Sakizaya", "speaker": "葉珠君, bunuk, female, 1958-04-24", "collected": "2008-01-05", "revised": "None", "video": "skzyNr-frog_bunuk.mp3"}, "s_a_span": [143.05, 151.4], "file": "Sakizaya_Sakizaya/skzyNr-frog_bunuk", "num": 51}], [52, {"ori": [], "gloss": [["...(1.1)", "", ""], ["u", "CN", "CN"], ["canan", "what", "什麼"], ["ku", "NOM", "主格"], ["ma-hini=ay", "AF-this.way=FAC", "主焦-這樣=FAC"], ["sa", "say", "說"], ["kya==", "NOM.that", "主格.那個"], ["tatekuh,\\", "hornet", "虎頭蜂"]], "free": [], "s_end": false, "iu_a_span": [151.4, 154.8], "meta": {"topic": "frog_Bunuk", "type": "Narrative", "language": "撒奇萊雅語, Sakizaya, Sakizaya", "speaker": "葉珠君, bunuk, female, 1958-04-24", "collected": "2008-01-05", "revised": "None", "video": "skzyNr-frog_bunuk.mp3"}, "file": "Sakizaya_Sakizaya/skzyNr-frog_bunuk", "num": 52}], [53, {"ori": [], "gloss": [["..", "", ""], ["ma-idih", "AF-want", "主焦-想"], ["a", "LNK", "連繫詞"], ["mu-kalat", "AF-bite", "主焦-咬"], ["tya", "OBL.that", "斜格.那個"], ["wacu-an.\\", "dog-AN", "狗-AN"]], "free": ["#e The hornet said, “Why is it in this way?” and wanted to bite that dog.", "#c 虎頭蜂說：「為何會這樣？」 而且想咬那隻狗。"], "s_end": true, "iu_a_span": [154.8, 157.23], "meta": {"topic": "frog_Bunuk", "type": "Narrative", "language": "撒奇萊雅語, Sakizaya, Sakizaya", "speaker": "葉珠君, bunuk, female, 1958-04-24", "collected": "2008-01-05", "revised": "None", "video": "skzyNr-frog_bunuk.mp3"}, "s_a_span": [151.4, 157.23], "file": "Sakizaya_Sakizaya/skzyNr-frog_bunuk", "num": 53}], [54, {"ori": [], "gloss": [["...(0.7)", "", ""], ["ya", "that", "那個"], ["wawa", "child", "小孩"], ["han", "HAN", "HAN"], ["tya", "OBL.that", "斜格.那個"], ["wawa", "child", "小孩"], ["sa,\\", "SA", "SA"]], "free": [], "s_end": false, "iu_a_span": [157.23, 159.6], "meta": {"topic": "frog_Bunuk", "type": "Narrative", "language": "撒奇萊雅語, Sakizaya, Sakizaya", "speaker": "葉珠君, bunuk, female, 1958-04-24", "collected": "2008-01-05", "revised": "None", "video": "skzyNr-frog_bunuk.mp3"}, "file": "Sakizaya_Sakizaya/skzyNr-frog_bunuk", "num": 54}], [55, {"ori": [], "gloss": [["...", "", ""], ["mi-kalic", "AF-climb", "主焦-爬"], ["i", "PREP", "介系詞"], ["hiya,\\", "that", "那個"]], "free": [], "s_end": false, "iu_a_span": [159.6, 161.36], "meta": {"topic": "frog_Bunuk", "type": "Narrative", "language": "撒奇萊雅語, Sakizaya, Sakizaya", "speaker": "葉珠君, bunuk, female, 1958-04-24", "collected": "2008-01-05", "revised": "None", "video": "skzyNr-frog_bunuk.mp3"}, "file": "Sakizaya_Sakizaya/skzyNr-frog_bunuk", "num": 55}], [56, {"ori": [], "gloss": [["i", "PREP", "介系詞"], ["kilang.\\", "tree", "樹"]], "free": ["#e That child climbed that tree.", "#c 那小孩爬那個樹。", "#n mi-kalic 為阿美語，sakizaya 則為mi-kayakay"], "s_end": true, "iu_a_span": [161.36, 162.52], "meta": {"topic": "frog_Bunuk", "type": "Narrative", "language": "撒奇萊雅語, Sakizaya, Sakizaya", "speaker": "葉珠君, bunuk, female, 1958-04-24", "collected": "2008-01-05", "revised": "None", "video": "skzyNr-frog_bunuk.mp3"}, "s_a_span": [157.23, 162.52], "file": "Sakizaya_Sakizaya/skzyNr-frog_bunuk", "num": 56}], [57, {"ori": [], "gloss": [["...(1.1)", "", ""], ["ma-melaw", "PF-see", "受焦-看"], ["niza", "3SG.GEN", "3SG.屬格"], ["kya", "NOM.that", "主格.那個"], ["^tabaki-ay", "big-NMZ", "大-名物化"], ["a", "LNK", "連繫詞"], ["kilang", "tree", "樹"], ["izaw", "EXIST", "存在詞"], ["ku", "NOM", "主格"], ["buhang", "hole", "洞"], ["nya", "GEN.that", "屬格.那個"], ["^tabaki-ay", "big-NMZ", "大-名物化"], ["a", "LNK", "連繫詞"], ["kilang.\\", "tree", "樹"]], "free": ["#e He saw a big tree with a big hole.", "#c 看到那棵大樹有洞。"], "s_end": true, "iu_a_span": [162.52, 168.05], "meta": {"topic": "frog_Bunuk", "type": "Narrative", "language": "撒奇萊雅語, Sakizaya, Sakizaya", "speaker": "葉珠君, bunuk, female, 1958-04-24", "collected": "2008-01-05", "revised": "None", "video": "skzyNr-frog_bunuk.mp3"}, "s_a_span": [162.52, 168.05], "file": "Sakizaya_Sakizaya/skzyNr-frog_bunuk", "num": 57}], [58, {"ori": [], "gloss": [["...", "", ""], ["tayza", "go.there", "去那裡"], ["ciniza", "3SG.NOM", "3SG.主格"], ["a", "LNK", "連繫詞"], ["mi-melaw,\\", "AF-see", "主焦-看"]], "free": [], "s_end": false, "iu_a_span": [168.05, 170.03], "meta": {"topic": "frog_Bunuk", "type": "Narrative", "language": "撒奇萊雅語, Sakizaya, Sakizaya", "speaker": "葉珠君, bunuk, female, 1958-04-24", "collected": "2008-01-05", "revised": "None", "video": "skzyNr-frog_bunuk.mp3"}, "file": "Sakizaya_Sakizaya/skzyNr-frog_bunuk", "num": 58}], [59, {"ori": [], "gloss": [["...", "", ""], ["u", "CN", "CN"], ["canan", "what", "什麼"], ["kina", "NOM.this", "主格.這個"], ["hiya", "this", "這個"], ["sa.\\", "DM", "DM"]], "free": ["#e He went to see what it is.", "#c 他去看是什麼。"], "s_end": true, "iu_a_span": [170.03, 171.88], "meta": {"topic": "frog_Bunuk", "type": "Narrative", "language": "撒奇萊雅語, Sakizaya, Sakizaya", "speaker": "葉珠君, bunuk, female, 1958-04-24", "collected": "2008-01-05", "revised": "None", "video": "skzyNr-frog_bunuk.mp3"}, "s_a_span": [168.05, 171.88], "file": "Sakizaya_Sakizaya/skzyNr-frog_bunuk", "num": 59}], [60, {"ori": [], "gloss": [["..", "", ""], ["susu’==", "put.inside", "伸進去"], ["han", "HAN", "HAN"], ["nya", "GEN.that", "屬格.那個"], ["wawa", "child", "小孩"], ["kya==,\\", "NOM.that", "主格.那個"]], "free": [], "s_end": false, "iu_a_span": [171.88, 174.73], "meta": {"topic": "frog_Bunuk", "type": "Narrative", "language": "撒奇萊雅語, Sakizaya, Sakizaya", "speaker": "葉珠君, bunuk, female, 1958-04-24", "collected": "2008-01-05", "revised": "None", "video": "skzyNr-frog_bunuk.mp3"}, "file": "Sakizaya_Sakizaya/skzyNr-frog_bunuk", "num": 60}], [61, {"ori": [], "gloss": [["...", "", ""], ["buhang", "hole", "洞"], ["nya", "GEN.that", "屬格.那個"], ["kilang", "tree", "樹"], ["sa.\\", "DM", "DM"]], "free": ["#e That child put his hand into the tree hole.", "#c 那小孩把手伸進樹洞裡。"], "s_end": true, "iu_a_span": [174.73, 176.64], "meta": {"topic": "frog_Bunuk", "type": "Narrative", "language": "撒奇萊雅語, Sakizaya, Sakizaya", "speaker": "葉珠君, bunuk, female, 1958-04-24", "collected": "2008-01-05", "revised": "None", "video": "skzyNr-frog_bunuk.mp3"}, "s_a_span": [171.88, 176.64], "file": "Sakizaya_Sakizaya/skzyNr-frog_bunuk", "num": 61}], [62, {"ori": [], "gloss": [["...(1.4)", "", ""], ["^tahkal", "go.out", "去外面"], ["ku", "NOM", "主格"], ["kung.\\", "owl", "貓頭鷹"]], "free": ["#e The owl went out.", "#c 貓頭鷹出來。", "#n 貓頭鷹亦可為deku"], "s_end": true, "iu_a_span": [176.64, 179.01], "meta": {"topic": "frog_Bunuk", "type": "Narrative", "language": "撒奇萊雅語, Sakizaya, Sakizaya", "speaker": "葉珠君, bunuk, female, 1958-04-24", "collected": "2008-01-05", "revised": "None", "video": "skzyNr-frog_bunuk.mp3"}, "s_a_span": [176.64, 179.01], "file": "Sakizaya_Sakizaya/skzyNr-frog_bunuk", "num": 62}], [63, {"ori": [], "gloss": [["...(1.0)", "", ""], ["^mi-hica", "AF-do.what", "主焦-做什麼"], ["kisu", "2SG.NOM", "2SG主格"], ["saw", "Q", "疑問"], ["^ma-^tawid", "AF-shock", "主焦-驚訝"], ["kya", "NOM.that", "主格.那個"], ["wawa", "child", "小孩"], ["tya", "OBL.that", "斜格.那個"], ["kung.\\", "owl", "貓頭鷹"]], "free": ["#e The owl said, “what are you doing?” and the child was shocked by owl.", "#c 貓頭鷹說：「你做什麼？」小孩被貓頭鷹嚇到了。", "#n ma-tawid kya wawa nya kung 的說法較好"], "s_end": true, "iu_a_span": [179.01, 183.08], "meta": {"topic": "frog_Bunuk", "type": "Narrative", "language": "撒奇萊雅語, Sakizaya, Sakizaya", "speaker": "葉珠君, bunuk, female, 1958-04-24", "collected": "2008-01-05", "revised": "None", "video": "skzyNr-frog_bunuk.mp3"}, "s_a_span": [179.01, 183.08], "file": "Sakizaya_Sakizaya/skzyNr-frog_bunuk", "num": 63}], [64, {"ori": [], "gloss": [["...", "", ""], ["ma-pa-tawid", "PF-CAU-shock", "受焦-使動-驚訝"], ["nya", "GEN.that", "屬格.那個"], ["wawa", "child", "小孩"], ["kya", "NOM.that", "主格.那個"], ["ma-pa-tawid", "PF-CAU-shock", "受焦-使動-驚訝"], ["nya==", "GEN.that", "屬格.那個"], ["kung", "owl", "貓頭鷹"], ["kya", "NOM.that", "主格.那個"], ["wawa.\\", "child", "小孩"]], "free": ["#e The child was shocked by the owl.", "#c 小孩被貓頭鷹嚇到。"], "s_end": true, "iu_a_span": [183.08, 187.38], "meta": {"topic": "frog_Bunuk", "type": "Narrative", "language": "撒奇萊雅語, Sakizaya, Sakizaya", "speaker": "葉珠君, bunuk, female, 1958-04-24", "collected": "2008-01-05", "revised": "None", "video": "skzyNr-frog_bunuk.mp3"}, "s_a_span": [183.08, 187.38], "file": "Sakizaya_Sakizaya/skzyNr-frog_bunuk", "num": 64}], [65, {"ori": [], "gloss": [["...", "", ""], ["ma-hatik", "AF-fall.off", "主焦-掉下來"], ["na=i", "PAST=PREP", "過去貌=介系詞"], ["tiza", "there", "那裡"], ["i==,\\", "PREP", "介系詞"]], "free": [], "s_end": false, "iu_a_span": [187.38, 189.97], "meta": {"topic": "frog_Bunuk", "type": "Narrative", "language": "撒奇萊雅語, Sakizaya, Sakizaya", "speaker": "葉珠君, bunuk, female, 1958-04-24", "collected": "2008-01-05", "revised": "None", "video": "skzyNr-frog_bunuk.mp3"}, "file": "Sakizaya_Sakizaya/skzyNr-frog_bunuk", "num": 65}], [66, {"ori": [], "gloss": [["...", "", ""], ["kilang", "tree", "樹"], ["kya", "NOM.that", "主格.那個"], ["wawa.\\", "child", "小孩"]], "free": ["#e The child fell off the tree.", "#c 小孩從樹上掉下來。"], "s_end": true, "iu_a_span": [189.97, 191.47], "meta": {"topic": "frog_Bunuk", "type": "Narrative", "language": "撒奇萊雅語, Sakizaya, Sakizaya", "speaker": "葉珠君, bunuk, female, 1958-04-24", "collected": "2008-01-05", "revised": "None", "video": "skzyNr-frog_bunuk.mp3"}, "s_a_span": [187.38, 191.47], "file": "Sakizaya_Sakizaya/skzyNr-frog_bunuk", "num": 66}], [67, {"ori": [], "gloss": [["...", "", ""], ["ya", "that", "那個"], ["tatekuh", "hornet", "虎頭蜂"], ["han", "be.said", "被說"], ["ya", "that", "那個"], ["tatekuh", "hornet", "虎頭蜂"], ["u", "CN", "CN"], ["^canan", "what", "什麼"], ["ku", "NOM", "主格"], ["na=ma-hini=ay.\\", "PAST=AF-this.way=FAC", "過去貌=主焦-這樣=FAC"]], "free": ["#e Hornet said, “what is this?”", "#c 虎頭蜂就說：「這是什麼東西？」"], "s_end": true, "iu_a_span": [191.47, 194.77], "meta": {"topic": "frog_Bunuk", "type": "Narrative", "language": "撒奇萊雅語, Sakizaya, Sakizaya", "speaker": "葉珠君, bunuk, female, 1958-04-24", "collected": "2008-01-05", "revised": "None", "video": "skzyNr-frog_bunuk.mp3"}, "s_a_span": [191.47, 194.77], "file": "Sakizaya_Sakizaya/skzyNr-frog_bunuk", "num": 67}], [68, {"ori": [], "gloss": [["...", "", ""], ["tada", "TADA", "TADA"], ["^mi-huya==huy=tu==,\\", "AF-shake=PFV", "主焦-搖=完成貌"]], "free": [], "s_end": false, "iu_a_span": [194.77, 196.95], "meta": {"topic": "frog_Bunuk", "type": "Narrative", "language": "撒奇萊雅語, Sakizaya, Sakizaya", "speaker": "葉珠君, bunuk, female, 1958-04-24", "collected": "2008-01-05", "revised": "None", "video": "skzyNr-frog_bunuk.mp3"}, "file": "Sakizaya_Sakizaya/skzyNr-frog_bunuk", "num": 68}], [69, {"ori": [], "gloss": [["...", "", ""], ["a", "LNK", "連繫詞"], ["eneng-an", "sit-LF", "坐-處焦"], ["aku", "1SG.GEN", "1SG.屬格"], ["sa", "say", "說"], ["kya", "NOM.that", "主格.那個"], ["tatekuh.\\", "hornet", "虎頭蜂"]], "free": ["#e The hornet wondered, “why is my home shaking?", "#c 虎頭蜂說：「我住的地方怎麼一直搖呢？」", "#n tada 常用在自言自語的時候，如：tada mi-kilul i taku-an", "#n 若是有聽話者出現時，則為kya，如：kya mi-kilul i taku-an"], "s_end": true, "iu_a_span": [196.95, 199.18], "meta": {"topic": "frog_Bunuk", "type": "Narrative", "language": "撒奇萊雅語, Sakizaya, Sakizaya", "speaker": "葉珠君, bunuk, female, 1958-04-24", "collected": "2008-01-05", "revised": "None", "video": "skzyNr-frog_bunuk.mp3"}, "s_a_span": [194.77, 199.18], "file": "Sakizaya_Sakizaya/skzyNr-frog_bunuk", "num": 69}], [70, {"ori": [], "gloss": [["...", "", ""], ["lala^ba", "chase", "追"], ["han", "HAN", "HAN"], ["nya", "GEN.that", "屬格.那個"], ["tatekuh", "hornet", "虎頭蜂"], ["kya", "NOM.that", "主格.那個"], ["wacu,\\", "dog", "狗"]], "free": [], "s_end": false, "iu_a_span": [199.18, 201.99], "meta": {"topic": "frog_Bunuk", "type": "Narrative", "language": "撒奇萊雅語, Sakizaya, Sakizaya", "speaker": "葉珠君, bunuk, female, 1958-04-24", "collected": "2008-01-05", "revised": "None", "video": "skzyNr-frog_bunuk.mp3"}, "file": "Sakizaya_Sakizaya/skzyNr-frog_bunuk", "num": 70}], [71, {"ori": [], "gloss": [["...", "", ""], ["a=ma-idih", "FUT=AF-want", "未來貌-主焦-想要"], ["mi-kalat", "AF-bite", "主焦-咬"], ["tya", "OBL.that", "斜格.那個"], ["wacu.\\", "dog", "狗"]], "free": ["#e The hornet wanted to bite that dog.", "#c 虎頭蜂追狗想要咬狗。"], "s_end": true, "iu_a_span": [201.99, 204.24], "meta": {"topic": "frog_Bunuk", "type": "Narrative", "language": "撒奇萊雅語, Sakizaya, Sakizaya", "speaker": "葉珠君, bunuk, female, 1958-04-24", "collected": "2008-01-05", "revised": "None", "video": "skzyNr-frog_bunuk.mp3"}, "s_a_span": [199.18, 204.24], "file": "Sakizaya_Sakizaya/skzyNr-frog_bunuk", "num": 71}], [72, {"ori": [], "gloss": [["...", "", ""], ["ma-bilil", "AF-in.a.hurry", "主焦-趕快"], ["a==,", "LNK", "連繫詞"]], "free": [], "s_end": false, "iu_a_span": [204.24, 205.9], "meta": {"topic": "frog_Bunuk", "type": "Narrative", "language": "撒奇萊雅語, Sakizaya, Sakizaya", "speaker": "葉珠君, bunuk, female, 1958-04-24", "collected": "2008-01-05", "revised": "None", "video": "skzyNr-frog_bunuk.mp3"}, "file": "Sakizaya_Sakizaya/skzyNr-frog_bunuk", "num": 72}], [73, {"ori": [], "gloss": [["...", "", ""], ["mu-laliw", "AF-run.away", "主焦-跑掉"], ["kya", "NOM.that", "主格.那個"], ["wacu,\\", "dog", "狗"]], "free": [], "s_end": false, "iu_a_span": [205.9, 207.41], "meta": {"topic": "frog_Bunuk", "type": "Narrative", "language": "撒奇萊雅語, Sakizaya, Sakizaya", "speaker": "葉珠君, bunuk, female, 1958-04-24", "collected": "2008-01-05", "revised": "None", "video": "skzyNr-frog_bunuk.mp3"}, "file": "Sakizaya_Sakizaya/skzyNr-frog_bunuk", "num": 73}], [74, {"ori": [], "gloss": [["...(0.8)", "", ""], ["ya", "that", "那個"], ["wawa", "child", "小孩"], ["sa.\\", "DM", "DM"]], "free": ["#e The dog and child ran away in a hurry.", "#c 那隻狗跟小孩趕緊跑了。"], "s_end": true, "iu_a_span": [207.41, 208.92], "meta": {"topic": "frog_Bunuk", "type": "Narrative", "language": "撒奇萊雅語, Sakizaya, Sakizaya", "speaker": "葉珠君, bunuk, female, 1958-04-24", "collected": "2008-01-05", "revised": "None", "video": "skzyNr-frog_bunuk.mp3"}, "s_a_span": [204.24, 208.92], "file": "Sakizaya_Sakizaya/skzyNr-frog_bunuk", "num": 74}], [75, {"ori": [], "gloss": [["...", "", ""], ["mu-laliw=tu", "AF-run.away=PFV", "主焦-跑走=完成貌"], ["kuheni", "3PL.NOM", "3PL.主格"], ["pa-laliw-en=tu", "CAU-run.away-PF=PFV", "使動-跑走-受焦=完成貌"], ["nuheni", "3PL.OBL", "3PL.斜格"], ["kya==", "NOM.that", "主格.那個"], ["kung._", "owl", "貓頭鷹"]], "free": ["#e They ran away, and the owl was released.", "#c 他們跑走了，貓頭鷹也被放走了。"], "s_end": true, "iu_a_span": [208.92, 212.0], "meta": {"topic": "frog_Bunuk", "type": "Narrative", "language": "撒奇萊雅語, Sakizaya, Sakizaya", "speaker": "葉珠君, bunuk, female, 1958-04-24", "collected": "2008-01-05", "revised": "None", "video": "skzyNr-frog_bunuk.mp3"}, "s_a_span": [208.92, 212.0], "file": "Sakizaya_Sakizaya/skzyNr-frog_bunuk", "num": 75}], [76, {"ori": [], "gloss": [["...", "", ""], ["ma-laliw", "PF-run.away", "受焦-跑走"], ["nuheni", "OBL.3PL", "斜格.3PL"], ["kya", "NOM.that", "主格.那個"], ["tatekuh.\\", "hornet", "虎頭蜂"]], "free": ["#e They escaped from hornets.", "#c 他們擺脫虎頭蜂了。"], "s_end": true, "iu_a_span": [212.0, 213.93], "meta": {"topic": "frog_Bunuk", "type": "Narrative", "language": "撒奇萊雅語, Sakizaya, Sakizaya", "speaker": "葉珠君, bunuk, female, 1958-04-24", "collected": "2008-01-05", "revised": "None", "video": "skzyNr-frog_bunuk.mp3"}, "s_a_span": [212.0, 213.93], "file": "Sakizaya_Sakizaya/skzyNr-frog_bunuk", "num": 76}], [77, {"ori": [], "gloss": [["..", "", ""], ["tayza=tu", "go.there=PFV", "去那裡=完成貌"], ["kuheni", "3PL.NOM", "3PL.主格"], ["i", "PREP", "介系詞"], ["\bhiya,\\", "there", "那裡"]], "free": [], "s_end": false, "iu_a_span": [213.93, 216.18], "meta": {"topic": "frog_Bunuk", "type": "Narrative", "language": "撒奇萊雅語, Sakizaya, Sakizaya", "speaker": "葉珠君, bunuk, female, 1958-04-24", "collected": "2008-01-05", "revised": "None", "video": "skzyNr-frog_bunuk.mp3"}, "file": "Sakizaya_Sakizaya/skzyNr-frog_bunuk", "num": 77}], [78, {"ori": [], "gloss": [["...(2.1)", "", ""], ["ma-melaw", "PF-see", "受焦-看"], ["nuheni", "3PL.GEN", "3PL.屬格"], ["kya", "NOM.that", "主格.那個"], ["taba^ki-ay", "big-NMZ", "大-名物化"], ["ungcuy.\\", "rock", "岩石"]], "free": ["#e They went there and saw a big rock.", "#c 他們又去那裡看到大岩石。"], "s_end": true, "iu_a_span": [216.18, 220.63], "meta": {"topic": "frog_Bunuk", "type": "Narrative", "language": "撒奇萊雅語, Sakizaya, Sakizaya", "speaker": "葉珠君, bunuk, female, 1958-04-24", "collected": "2008-01-05", "revised": "None", "video": "skzyNr-frog_bunuk.mp3"}, "s_a_span": [213.93, 220.63], "file": "Sakizaya_Sakizaya/skzyNr-frog_bunuk", "num": 78}], [79, {"ori": [], "gloss": [["...(1.6)", "", ""], ["u", "CN", "CN"], ["ca’ay", "NEG", "否定詞"], ["ka", "KA", "KA"], ["u", "CN", "CN"], ["niya,\\", "FS", "FS"]], "free": [], "s_end": false, "iu_a_span": [220.63, 224.66], "meta": {"topic": "frog_Bunuk", "type": "Narrative", "language": "撒奇萊雅語, Sakizaya, Sakizaya", "speaker": "葉珠君, bunuk, female, 1958-04-24", "collected": "2008-01-05", "revised": "None", "video": "skzyNr-frog_bunuk.mp3"}, "file": "Sakizaya_Sakizaya/skzyNr-frog_bunuk", "num": 79}], [80, {"ori": [], "gloss": [["..", "", ""], ["ni-salama==-an", "NI-play-LF", "NI-把玩-處焦"], ["niza", "3SG.GEN", "3SG.屬格"], ["kya", "NOM.that", "主格.那個"], ["balaut", "frog", "青蛙"], ["kyami.\\", "probably", "可能"]], "free": ["#e He probably played with the frog.", "#c 他可能在玩青蛙。"], "s_end": true, "iu_a_span": [224.66, 227.18], "meta": {"topic": "frog_Bunuk", "type": "Narrative", "language": "撒奇萊雅語, Sakizaya, Sakizaya", "speaker": "葉珠君, bunuk, female, 1958-04-24", "collected": "2008-01-05", "revised": "None", "video": "skzyNr-frog_bunuk.mp3"}, "s_a_span": [220.63, 227.18], "file": "Sakizaya_Sakizaya/skzyNr-frog_bunuk", "num": 80}], [81, {"ori": [], "gloss": [["...(0.6)", "", ""], ["mi-liyaw", "AF-repeat", "主焦-重複"], ["ciniza", "3SG.NOM", "3SG.主格"], ["a==", "LNK", "連繫詞"], ["mi-kilim", "AF-search", "主焦-找"], ["tya==,\\", "OBL.that", "斜格.那個"]], "free": [], "s_end": false, "iu_a_span": [227.18, 230.08], "meta": {"topic": "frog_Bunuk", "type": "Narrative", "language": "撒奇萊雅語, Sakizaya, Sakizaya", "speaker": "葉珠君, bunuk, female, 1958-04-24", "collected": "2008-01-05", "revised": "None", "video": "skzyNr-frog_bunuk.mp3"}, "file": "Sakizaya_Sakizaya/skzyNr-frog_bunuk", "num": 81}], [82, {"ori": [], "gloss": [["...", "", ""], ["ni-pa-habay-an", "NI-CAU-millet-LF", "NI-使動-小米-處焦"], ["niza", "3SG.GEN", "3SG.屬格"], ["a==,\\", "LNK", "連繫詞"]], "free": [], "s_end": false, "iu_a_span": [230.08, 232.38], "meta": {"topic": "frog_Bunuk", "type": "Narrative", "language": "撒奇萊雅語, Sakizaya, Sakizaya", "speaker": "葉珠君, bunuk, female, 1958-04-24", "collected": "2008-01-05", "revised": "None", "video": "skzyNr-frog_bunuk.mp3"}, "file": "Sakizaya_Sakizaya/skzyNr-frog_bunuk", "num": 82}], [83, {"ori": [], "gloss": [["...", "", ""], ["balaut.\\", "frog", "青蛙"]], "free": ["#e He searched for the frog he kept again.", "#c 他重新去找他養的青蛙。", "#n habay 為小米，加上使役pa-habay之後，語意成為飼養", "#n mi-liyaw ciniza ma-tubah (重複做同一樣動作  跑過去走回來在跑)"], "s_end": true, "iu_a_span": [232.38, 233.18], "meta": {"topic": "frog_Bunuk", "type": "Narrative", "language": "撒奇萊雅語, Sakizaya, Sakizaya", "speaker": "葉珠君, bunuk, female, 1958-04-24", "collected": "2008-01-05", "revised": "None", "video": "skzyNr-frog_bunuk.mp3"}, "s_a_span": [227.18, 233.18], "file": "Sakizaya_Sakizaya/skzyNr-frog_bunuk", "num": 83}], [84, {"ori": [], "gloss": [["...", "", ""], ["izaw", "EXSIT", "存在"], ["kya", "NOM.that", "主格.那個"], ["ungcuy", "rock", "岩石"], ["kalic", "climb", "爬"], ["sa=tu", "SA=PFV", "SA=完成貌"], ["kya", "NOM.that", "主格.那個"], ["wawa", "child", "小孩"], ["tya", "OBL.that", "斜格.那個"], ["ungcuy.\\", "rock", "石頭"]], "free": ["#e That child climbed up that rock.", "#c 小孩爬上大石頭。"], "s_end": true, "iu_a_span": [233.18, 236.54], "meta": {"topic": "frog_Bunuk", "type": "Narrative", "language": "撒奇萊雅語, Sakizaya, Sakizaya", "speaker": "葉珠君, bunuk, female, 1958-04-24", "collected": "2008-01-05", "revised": "None", "video": "skzyNr-frog_bunuk.mp3"}, "s_a_span": [233.18, 236.54], "file": "Sakizaya_Sakizaya/skzyNr-frog_bunuk", "num": 84}], [85, {"ori": [], "gloss": [["...(1.5)", "", ""], ["balaut-aw==", "frog-VOC", "青蛙\b-呼格"], ["balaut-aw", "frog-VOC", "青蛙-呼格"], ["sa", "say", "說"], ["ciniza.\\", "3SG.NOM", "3SG.主格"]], "free": ["#e He yelled, “Frog! Frog!”", "#c 他大喊著：「青蛙啊！青蛙啊！」"], "s_end": true, "iu_a_span": [236.54, 240.23], "meta": {"topic": "frog_Bunuk", "type": "Narrative", "language": "撒奇萊雅語, Sakizaya, Sakizaya", "speaker": "葉珠君, bunuk, female, 1958-04-24", "collected": "2008-01-05", "revised": "None", "video": "skzyNr-frog_bunuk.mp3"}, "s_a_span": [236.54, 240.23], "file": "Sakizaya_Sakizaya/skzyNr-frog_bunuk", "num": 85}], [86, {"ori": [], "gloss": [["...", "", ""], ["mi-cekul", "AF-look.for", "主焦-探看"], ["ciniza", "3SG.NOM", "3SG.主格"], ["mi-melaw", "AF-see", "主焦-看"], ["tu", "OBL", "斜格"], ["zuma,\\", "other", "其他"]], "free": [], "s_end": false, "iu_a_span": [240.23, 242.38], "meta": {"topic": "frog_Bunuk", "type": "Narrative", "language": "撒奇萊雅語, Sakizaya, Sakizaya", "speaker": "葉珠君, bunuk, female, 1958-04-24", "collected": "2008-01-05", "revised": "None", "video": "skzyNr-frog_bunuk.mp3"}, "file": "Sakizaya_Sakizaya/skzyNr-frog_bunuk", "num": 86}], [87, {"ori": [], "gloss": [["...", "", ""], ["ha", "HA", "HA"], ["i", "FS", "FS"], ["izaw", "EXIST", "存在詞"], ["henay", "still", "仍然"], ["sa.\\", "DM", "DM"]], "free": ["#e He was looking for other things.", "#c 他探看還有其他的。"], "s_end": true, "iu_a_span": [242.38, 244.0], "meta": {"topic": "frog_Bunuk", "type": "Narrative", "language": "撒奇萊雅語, Sakizaya, Sakizaya", "speaker": "葉珠君, bunuk, female, 1958-04-24", "collected": "2008-01-05", "revised": "None", "video": "skzyNr-frog_bunuk.mp3"}, "s_a_span": [240.23, 244.0], "file": "Sakizaya_Sakizaya/skzyNr-frog_bunuk", "num": 87}], [88, {"ori": [], "gloss": [["...(0.9)", "", ""], ["ya", "that", "那個"], ["buyu’", "mountain", "山"], ["tuyza", "OBL.that", "斜格.那個"], ["sa,\\", "SA", "SA"]], "free": [], "s_end": false, "iu_a_span": [244.0, 246.13], "meta": {"topic": "frog_Bunuk", "type": "Narrative", "language": "撒奇萊雅語, Sakizaya, Sakizaya", "speaker": "葉珠君, bunuk, female, 1958-04-24", "collected": "2008-01-05", "revised": "None", "video": "skzyNr-frog_bunuk.mp3"}, "file": "Sakizaya_Sakizaya/skzyNr-frog_bunuk", "num": 88}], [89, {"ori": [], "gloss": [["...(2.0)", "", ""], ["izaw", "EXIST", "存在詞"], ["kya==", "NOM.this", "主格.這個"], ["hiya,\\", "this", "這個"]], "free": [], "s_end": false, "iu_a_span": [246.13, 249.65], "meta": {"topic": "frog_Bunuk", "type": "Narrative", "language": "撒奇萊雅語, Sakizaya, Sakizaya", "speaker": "葉珠君, bunuk, female, 1958-04-24", "collected": "2008-01-05", "revised": "None", "video": "skzyNr-frog_bunuk.mp3"}, "file": "Sakizaya_Sakizaya/skzyNr-frog_bunuk", "num": 89}], [90, {"ori": [], "gloss": [["...", "", ""], ["ya", "that", "那個"], ["caket.\\", "deer", "鹿"]], "free": ["#e There were deer in mountain.", "#c 那個山有鹿。", "#n caket 不確定是何種動物，但應該是鹿之類的動物。"], "s_end": true, "iu_a_span": [249.65, 251.99], "meta": {"topic": "frog_Bunuk", "type": "Narrative", "language": "撒奇萊雅語, Sakizaya, Sakizaya", "speaker": "葉珠君, bunuk, female, 1958-04-24", "collected": "2008-01-05", "revised": "None", "video": "skzyNr-frog_bunuk.mp3"}, "s_a_span": [244.0, 251.99], "file": "Sakizaya_Sakizaya/skzyNr-frog_bunuk", "num": 90}], [91, {"ori": [], "gloss": [["...(2.1)", "", ""], ["mi-melaw", "AF-see", "主焦-看"], ["ciniza,\\", "3SG.NOM", "3SG.主格"]], "free": [], "s_end": false, "iu_a_span": [251.99, 255.08], "meta": {"topic": "frog_Bunuk", "type": "Narrative", "language": "撒奇萊雅語, Sakizaya, Sakizaya", "speaker": "葉珠君, bunuk, female, 1958-04-24", "collected": "2008-01-05", "revised": "None", "video": "skzyNr-frog_bunuk.mp3"}, "file": "Sakizaya_Sakizaya/skzyNr-frog_bunuk", "num": 91}], [92, {"ori": [], "gloss": [["...(0.8)", "", ""], ["ini=tu", "here=PFV", "這裡=完成貌"], ["sa", "SA", "SA"], ["mi-kalic", "AF-climb", "主焦-爬"], ["ciniza", "3SG.NOM", "3SG.主格"], ["kacaw-en", "climb-PF", "爬-受焦"], ["niza", "3SG.GEN", "3SG.屬格"], ["kya", "NOM.this", "主格.這個"], ["hiya,\\", "this", "這個"]], "free": [], "s_end": false, "iu_a_span": [255.08, 259.6], "meta": {"topic": "frog_Bunuk", "type": "Narrative", "language": "撒奇萊雅語, Sakizaya, Sakizaya", "speaker": "葉珠君, bunuk, female, 1958-04-24", "collected": "2008-01-05", "revised": "None", "video": "skzyNr-frog_bunuk.mp3"}, "file": "Sakizaya_Sakizaya/skzyNr-frog_bunuk", "num": 92}], [93, {"ori": [], "gloss": [["...(1.4)", "", ""], ["kya", "NOM.that", "主格.那個"], ["caket.\\", "deer", "鹿"]], "free": [], "s_end": false, "iu_a_span": [259.6, 261.46], "meta": {"topic": "frog_Bunuk", "type": "Narrative", "language": "撒奇萊雅語, Sakizaya, Sakizaya", "speaker": "葉珠君, bunuk, female, 1958-04-24", "collected": "2008-01-05", "revised": "None", "video": "skzyNr-frog_bunuk.mp3"}, "file": "Sakizaya_Sakizaya/skzyNr-frog_bunuk", "num": 93}], [94, {"ori": [], "gloss": [["...(0.8)", "", ""], ["kacaw", "climb", "爬"], ["han", "HAN", "HAN"], ["niza", "3SG.GEN", "3SG.屬格"], ["i", "PREP", "介系詞"], ["pabaw", "upper.part", "上面"], ["sa,\\", "DM", "DM"]], "free": [], "s_end": false, "iu_a_span": [261.46, 263.67], "meta": {"topic": "frog_Bunuk", "type": "Narrative", "language": "撒奇萊雅語, Sakizaya, Sakizaya", "speaker": "葉珠君, bunuk, female, 1958-04-24", "collected": "2008-01-05", "revised": "None", "video": "skzyNr-frog_bunuk.mp3"}, "file": "Sakizaya_Sakizaya/skzyNr-frog_bunuk", "num": 94}], [95, {"ori": [], "gloss": [["...(1.0)", "", ""], ["mi-melaw.\\", "AF-see", "主焦-看"]], "free": ["#e He climbed up to the deer to see.", "#c 他爬到鹿身上去看。"], "s_end": true, "iu_a_span": [263.67, 265.33], "meta": {"topic": "frog_Bunuk", "type": "Narrative", "language": "撒奇萊雅語, Sakizaya, Sakizaya", "speaker": "葉珠君, bunuk, female, 1958-04-24", "collected": "2008-01-05", "revised": "None", "video": "skzyNr-frog_bunuk.mp3"}, "s_a_span": [251.99, 265.33], "file": "Sakizaya_Sakizaya/skzyNr-frog_bunuk", "num": 95}], [96, {"ori": [], "gloss": [["...", "", ""], ["ingain", "shake.head", "搖頭"], ["han", "HAN", "HAN"], ["nya", "GEN.that", "屬格.那個"], ["caket", "deer", "鹿"], ["kya", "NOM.that", "主格.那個"], ["tangah", "head", "頭"], ["niza", "3SG.GEN", "3SG.屬格"], ["sa.\\", "DM", "DM"]], "free": ["#e The deer shook its head.", "#c 鹿搖動著自己的頭。", "#n lingain 為ingain 原形"], "s_end": true, "iu_a_span": [265.33, 269.77], "meta": {"topic": "frog_Bunuk", "type": "Narrative", "language": "撒奇萊雅語, Sakizaya, Sakizaya", "speaker": "葉珠君, bunuk, female, 1958-04-24", "collected": "2008-01-05", "revised": "None", "video": "skzyNr-frog_bunuk.mp3"}, "s_a_span": [265.33, 269.77], "file": "Sakizaya_Sakizaya/skzyNr-frog_bunuk", "num": 96}], [97, {"ori": [], "gloss": [["...(1.0)", "", ""], ["ma-hetik", "PF-fall.off", "受焦-掉下來"], ["na=i", "PSAT=PREP", "過去貌=介系詞"], ["tiza", "there", "那裡"], ["i", "PREP", "介系詞"], ["tangah", "head", "頭"], ["nya", "GEN.that", "屬格.那個"], ["caket", "deer", "鹿"], ["kya", "NOM.that", "主格.那個"], ["wawa.\\", "child", "小孩"]], "free": ["#e The child fell off from the head of the deer.", "#c 小孩從鹿頭上掉下來。"], "s_end": true, "iu_a_span": [269.77, 274.33], "meta": {"topic": "frog_Bunuk", "type": "Narrative", "language": "撒奇萊雅語, Sakizaya, Sakizaya", "speaker": "葉珠君, bunuk, female, 1958-04-24", "collected": "2008-01-05", "revised": "None", "video": "skzyNr-frog_bunuk.mp3"}, "s_a_span": [269.77, 274.33], "file": "Sakizaya_Sakizaya/skzyNr-frog_bunuk", "num": 97}], [98, {"ori": [], "gloss": [["...(1.2)", "", ""], ["ya", "that", "那個"], ["wacu", "dog", "狗"], ["han", "HAN", "HAN"], ["tya", "OBL.that", "斜格.那個"], ["wacu", "dog", "狗"], ["ma-hiza=tu.\\", "AF-that.way=PFV", "主焦-那樣=完成貌"]], "free": ["#e That dog fell off in the same way.", "#c 那狗也一樣掉下去。"], "s_end": true, "iu_a_span": [274.33, 277.7], "meta": {"topic": "frog_Bunuk", "type": "Narrative", "language": "撒奇萊雅語, Sakizaya, Sakizaya", "speaker": "葉珠君, bunuk, female, 1958-04-24", "collected": "2008-01-05", "revised": "None", "video": "skzyNr-frog_bunuk.mp3"}, "s_a_span": [274.33, 277.7], "file": "Sakizaya_Sakizaya/skzyNr-frog_bunuk", "num": 98}], [99, {"ori": [], "gloss": [["..", "", ""], ["tabilalac", "slip", "滑倒"], ["kya", "NOM.that", "主格.那個"], ["wacu", "dog", "狗"], ["ma-hetik", "AF-fall.off", "主焦-跌倒"], ["i", "PREP", "介系詞"], ["tiza", "there", "那裡"], ["hiya,\\", "this", "這個"]], "free": [], "s_end": false, "iu_a_span": [277.7, 280.1], "meta": {"topic": "frog_Bunuk", "type": "Narrative", "language": "撒奇萊雅語, Sakizaya, Sakizaya", "speaker": "葉珠君, bunuk, female, 1958-04-24", "collected": "2008-01-05", "revised": "None", "video": "skzyNr-frog_bunuk.mp3"}, "file": "Sakizaya_Sakizaya/skzyNr-frog_bunuk", "num": 99}], [100, {"ori": [], "gloss": [["...", "", ""], ["i", "PREP", "介系詞"], ["sasa", "lower.part", "下面"], ["nya==,\\", "GEN.that", "屬格.那個"]], "free": [], "s_end": false, "iu_a_span": [280.1, 281.87], "meta": {"topic": "frog_Bunuk", "type": "Narrative", "language": "撒奇萊雅語, Sakizaya, Sakizaya", "speaker": "葉珠君, bunuk, female, 1958-04-24", "collected": "2008-01-05", "revised": "None", "video": "skzyNr-frog_bunuk.mp3"}, "file": "Sakizaya_Sakizaya/skzyNr-frog_bunuk", "num": 100}], [101, {"ori": [], "gloss": [["...", "", ""], ["nya", "GEN.that", "屬格.那個"], ["hiya…", "this", "這個"], ["nya", "GEN.that", "屬格.那個"], ["ni-tizeng-an", "NI-stand-LF", "NI-站-處焦"], ["nuheni", "3PL.OBL", "3PL.斜格"], ["sa.\\", "DM", "DM"]], "free": ["#e The dog slipped and fell into where they stood.", "#c 那狗滑倒，跌到下面他們站的地方。"], "s_end": true, "iu_a_span": [281.87, 285.06], "meta": {"topic": "frog_Bunuk", "type": "Narrative", "language": "撒奇萊雅語, Sakizaya, Sakizaya", "speaker": "葉珠君, bunuk, female, 1958-04-24", "collected": "2008-01-05", "revised": "None", "video": "skzyNr-frog_bunuk.mp3"}, "s_a_span": [277.7, 285.06], "file": "Sakizaya_Sakizaya/skzyNr-frog_bunuk", "num": 101}], [102, {"ori": [], "gloss": [["...(1.5)", "", ""], ["u", "CN", "CN"], ["nanum", "water", "水"], ["u", "CN", "CN"], ["sauwac,\\", "river", "河"]], "free": [], "s_end": false, "iu_a_span": [285.06, 288.43], "meta": {"topic": "frog_Bunuk", "type": "Narrative", "language": "撒奇萊雅語, Sakizaya, Sakizaya", "speaker": "葉珠君, bunuk, female, 1958-04-24", "collected": "2008-01-05", "revised": "None", "video": "skzyNr-frog_bunuk.mp3"}, "file": "Sakizaya_Sakizaya/skzyNr-frog_bunuk", "num": 102}], [103, {"ori": [], "gloss": [["...(1.6)", "", ""], ["i", "PREP", "介系詞"], ["labu", "inside", "裡面"], ["kya", "NOM.that", "主格.那個"], ["sauwac", "river", "河"], ["ma-hetik", "AF-fall.off", "主焦-掉下來"], ["kya", "NOM.that", "主格.那個"], ["wawa", "child", "小孩"], ["na=i", "PAST=PREP", "過去貌=介系詞"], ["tiza", "there", "那裡"], ["i", "PREP", "介系詞"], ["pabaw.\\", "upper.part", "上面"]], "free": ["#e The river was deep and the child fell off from the upper part.", "#c 河很深，小孩從上面掉下來。"], "s_end": true, "iu_a_span": [288.43, 294.52], "meta": {"topic": "frog_Bunuk", "type": "Narrative", "language": "撒奇萊雅語, Sakizaya, Sakizaya", "speaker": "葉珠君, bunuk, female, 1958-04-24", "collected": "2008-01-05", "revised": "None", "video": "skzyNr-frog_bunuk.mp3"}, "s_a_span": [285.06, 294.52], "file": "Sakizaya_Sakizaya/skzyNr-frog_bunuk", "num": 103}], [104, {"ori": [], "gloss": [["...(2.1)", "", ""], ["ma-hetik", "AF-fall.off", "主焦-掉下來"], ["sa=tu", "SA=\bPFV", "SA=完成貌"], ["kya", "NOM.that", "主格.那個"], ["wawa", "child", "小孩"], ["sa.\\", "DM", "DM"]], "free": ["#e The child fell down.", "#c 小孩掉下來。"], "s_end": true, "iu_a_span": [294.52, 298.0], "meta": {"topic": "frog_Bunuk", "type": "Narrative", "language": "撒奇萊雅語, Sakizaya, Sakizaya", "speaker": "葉珠君, bunuk, female, 1958-04-24", "collected": "2008-01-05", "revised": "None", "video": "skzyNr-frog_bunuk.mp3"}, "s_a_span": [294.52, 298.0], "file": "Sakizaya_Sakizaya/skzyNr-frog_bunuk", "num": 104}], [105, {"ori": [], "gloss": [["...(1.0)", "", ""], ["mi-sa-dangu-danguy", "AF-do-RED-swim", "主焦-做-重疊-游泳"], ["ciniza", "3SG.NOM", "3SG.主格"], ["a", "LNK", "連繫詞"], ["kapah", "good", "好"], ["sa", "say", "說"], ["henay.\\", "still", "仍然"]], "free": ["#e He tried to swim, and felt it wasn't bad.", "#c 他試著游了一下，覺得還好。"], "s_end": true, "iu_a_span": [298.0, 302.87], "meta": {"topic": "frog_Bunuk", "type": "Narrative", "language": "撒奇萊雅語, Sakizaya, Sakizaya", "speaker": "葉珠君, bunuk, female, 1958-04-24", "collected": "2008-01-05", "revised": "None", "video": "skzyNr-frog_bunuk.mp3"}, "s_a_span": [298.0, 302.87], "file": "Sakizaya_Sakizaya/skzyNr-frog_bunuk", "num": 105}], [106, {"ori": [], "gloss": [["...", "", ""], ["ca’ay", "NEG", "否定詞"], ["ka-i", "KA-PREP", "KA-介系詞"], ["labu", "inside", "裡面"], ["kina", "NOM.this", "主格.這個"], ["nanum", "water", "水"], ["sa", "say", "說"], ["kya", "NOM.that", "主格.那個"], ["wawa.\\", "child", "小孩"]], "free": ["#e The child said, “the water is not deep.”", "#c 小孩說：「這水沒很深。」"], "s_end": true, "iu_a_span": [302.87, 306.18], "meta": {"topic": "frog_Bunuk", "type": "Narrative", "language": "撒奇萊雅語, Sakizaya, Sakizaya", "speaker": "葉珠君, bunuk, female, 1958-04-24", "collected": "2008-01-05", "revised": "None", "video": "skzyNr-frog_bunuk.mp3"}, "s_a_span": [302.87, 306.18], "file": "Sakizaya_Sakizaya/skzyNr-frog_bunuk", "num": 106}], [107, {"ori": [], "gloss": [["...(1.4)", "", ""], ["tya", "OBL.that", "斜格.那個"], ["ini", "here", "這裡"], ["kisu", "2SG.NOM", "2SG.主格"], ["sa", "say", "說"], ["kya", "NOM.that", "主格.那個"], ["wawa", "child", "小孩"], ["tya", "OBL.that", "斜格.那個"], ["wacu-an,\\", "dog-AN", "狗-AN"]], "free": ["#e The dog said to the dog, “Here you are!”", "#c 小孩對狗說：「你在這裡喔！」"], "s_end": true, "iu_a_span": [306.18, 311.17], "meta": {"topic": "frog_Bunuk", "type": "Narrative", "language": "撒奇萊雅語, Sakizaya, Sakizaya", "speaker": "葉珠君, bunuk, female, 1958-04-24", "collected": "2008-01-05", "revised": "None", "video": "skzyNr-frog_bunuk.mp3"}, "s_a_span": [306.18, 311.17], "file": "Sakizaya_Sakizaya/skzyNr-frog_bunuk", "num": 107}], [108, {"ori": [], "gloss": [["..", "", ""], ["muku", "carry", "扛"], ["han", "HAN", "HAN"], ["nya", "GEN.that", "屬格.那個"], ["wawa", "child", "小孩"], ["kya", "NOM.that", "主格.那個"], ["wacu.\\", "dog", "狗"]], "free": ["#e The child carried the dog.", "#c 小孩扛著狗。"], "s_end": true, "iu_a_span": [311.17, 313.42], "meta": {"topic": "frog_Bunuk", "type": "Narrative", "language": "撒奇萊雅語, Sakizaya, Sakizaya", "speaker": "葉珠君, bunuk, female, 1958-04-24", "collected": "2008-01-05", "revised": "None", "video": "skzyNr-frog_bunuk.mp3"}, "s_a_span": [311.17, 313.42], "file": "Sakizaya_Sakizaya/skzyNr-frog_bunuk", "num": 108}], [109, {"ori": [], "gloss": [["...(1.4)", "", ""], ["na=mi-muku", "PAST=AF-carry", "過去貌=主焦-扛"], ["kya", "NOM.that", "主格.那個"], ["wawa", "child", "小孩"], ["tya", "OBL.that", "斜格.那個"], ["wacu", "dog", "狗"], ["sa,\\", "DM", "DM"]], "free": [], "s_end": false, "iu_a_span": [313.42, 316.55], "meta": {"topic": "frog_Bunuk", "type": "Narrative", "language": "撒奇萊雅語, Sakizaya, Sakizaya", "speaker": "葉珠君, bunuk, female, 1958-04-24", "collected": "2008-01-05", "revised": "None", "video": "skzyNr-frog_bunuk.mp3"}, "file": "Sakizaya_Sakizaya/skzyNr-frog_bunuk", "num": 109}], [110, {"ori": [], "gloss": [["...(1.0)", "", ""], ["ma-idih", "AF-want", "主焦-想要"], ["ciniza", "3SG.NOM", "3SG.主格"], ["a", "LNK", "連繫詞"], ["mi-kilim=tu", "AF-search=PFV", "主焦-找=完成貌"], ["anu", "COND", "條件詞"], ["i", "PREP", "介系詞"], ["cuwa", "where", "哪裡"], ["kya==,\\", "NOM.that", "主格.那個"]], "free": [], "s_end": false, "iu_a_span": [316.55, 320.39], "meta": {"topic": "frog_Bunuk", "type": "Narrative", "language": "撒奇萊雅語, Sakizaya, Sakizaya", "speaker": "葉珠君, bunuk, female, 1958-04-24", "collected": "2008-01-05", "revised": "None", "video": "skzyNr-frog_bunuk.mp3"}, "file": "Sakizaya_Sakizaya/skzyNr-frog_bunuk", "num": 110}], [111, {"ori": [], "gloss": [["...(1.1)", "", ""], ["kya", "NOM.that", "主格.那個"], ["ta-tayza-an", "CaRED-go.there-LF", "Ca重疊-去那裡-處焦"], ["aku", "1SG.GEN", "1SG.屬格"], ["sa.\\", "DM", "DM"]], "free": ["#e The child wanted to search again, but he did not know where to go.", "#c 小孩想要去找，可是不知道要去哪裡。"], "s_end": true, "iu_a_span": [320.39, 322.84], "meta": {"topic": "frog_Bunuk", "type": "Narrative", "language": "撒奇萊雅語, Sakizaya, Sakizaya", "speaker": "葉珠君, bunuk, female, 1958-04-24", "collected": "2008-01-05", "revised": "None", "video": "skzyNr-frog_bunuk.mp3"}, "s_a_span": [313.42, 322.84], "file": "Sakizaya_Sakizaya/skzyNr-frog_bunuk", "num": 111}], [112, {"ori": [], "gloss": [["...(3.8)", "", ""], ["izaw", "FS", "FS"], ["izaw", "EXIST", "存在詞"], ["kya", "NOM.that", "主格.那個"], ["kilang", "tree", "樹"], ["ma-melaw", "PF-see", "受焦-看"], ["niza", "3SG.GEN", "3SG.屬格"], ["kya", "NOM.that", "主格.那個"], ["kilang.\\", "tree", "樹"]], "free": ["#e He saw a tree.", "#c 他看到一棵樹。"], "s_end": true, "iu_a_span": [322.84, 329.6], "meta": {"topic": "frog_Bunuk", "type": "Narrative", "language": "撒奇萊雅語, Sakizaya, Sakizaya", "speaker": "葉珠君, bunuk, female, 1958-04-24", "collected": "2008-01-05", "revised": "None", "video": "skzyNr-frog_bunuk.mp3"}, "s_a_span": [322.84, 329.6], "file": "Sakizaya_Sakizaya/skzyNr-frog_bunuk", "num": 112}], [113, {"ori": [], "gloss": [["..", "", ""], ["ini", "here", "這裡"], ["kina", "NOM.this", "主格.這個"], ["kilang", "tree", "樹"], ["aca=tu", "and=PFV", "和=完成貌"], ["kita==,\\", "1PL.NOM.INCL", "1PL.主格.包含"]], "free": [], "s_end": false, "iu_a_span": [329.6, 332.48], "meta": {"topic": "frog_Bunuk", "type": "Narrative", "language": "撒奇萊雅語, Sakizaya, Sakizaya", "speaker": "葉珠君, bunuk, female, 1958-04-24", "collected": "2008-01-05", "revised": "None", "video": "skzyNr-frog_bunuk.mp3"}, "file": "Sakizaya_Sakizaya/skzyNr-frog_bunuk", "num": 113}], [114, {"ori": [], "gloss": [["..", "", ""], ["nya", "GEN.that", "屬格.那個"], ["kila-kilang", "RED-tree", "重疊-樹"], ["kacaw", "climb", "爬"], ["han=tu", "HAN=PFV", "HAN=完成貌"], ["nya", "GEN.that", "屬格.那個"], ["wawa", "child", "小孩"], ["kya", "NOM.that", "主格.那個"], ["kilang.\\", "tree", "樹"]], "free": ["#e The tree was here and we climbed up to it.", "#c 樹在這裡，而且我們爬到樹上了。"], "s_end": true, "iu_a_span": [332.48, 335.17], "meta": {"topic": "frog_Bunuk", "type": "Narrative", "language": "撒奇萊雅語, Sakizaya, Sakizaya", "speaker": "葉珠君, bunuk, female, 1958-04-24", "collected": "2008-01-05", "revised": "None", "video": "skzyNr-frog_bunuk.mp3"}, "s_a_span": [329.6, 335.17], "file": "Sakizaya_Sakizaya/skzyNr-frog_bunuk", "num": 114}], [115, {"ori": [], "gloss": [["...", "", ""], ["pa-kacaw-en", "CAU-climb-PF", "使動-爬-受焦"], ["niza", "3SG.GEN", "3SG.屬格"], ["kya", "NOM.that", "主格.那個"], ["wacu", "dog", "狗"], ["mi-kacaw", "AF-climb", "主焦-爬"], ["ciniza", "3SG.NOM", "3SG.主格"], ["i", "PREP", "介系詞"], ["pabaw", "upper.part", "上面"], ["nya", "GEN.that", "屬格.那個"], ["kilang.\\", "tree", "樹"]], "free": ["#e He let the dog climb up and he climbed up too.", "#c 他讓狗爬上去，他也爬到樹上。"], "s_end": true, "iu_a_span": [335.17, 339.0], "meta": {"topic": "frog_Bunuk", "type": "Narrative", "language": "撒奇萊雅語, Sakizaya, Sakizaya", "speaker": "葉珠君, bunuk, female, 1958-04-24", "collected": "2008-01-05", "revised": "None", "video": "skzyNr-frog_bunuk.mp3"}, "s_a_span": [335.17, 339.0], "file": "Sakizaya_Sakizaya/skzyNr-frog_bunuk", "num": 115}], [116, {"ori": [], "gloss": [["...", "", ""], ["malcad", "AF.same", "主焦.一樣"], ["sa=tu==,_", "SA=PFV", "SA=完成貌"]], "free": [], "s_end": false, "iu_a_span": [339.0, 340.83], "meta": {"topic": "frog_Bunuk", "type": "Narrative", "language": "撒奇萊雅語, Sakizaya, Sakizaya", "speaker": "葉珠君, bunuk, female, 1958-04-24", "collected": "2008-01-05", "revised": "None", "video": "skzyNr-frog_bunuk.mp3"}, "file": "Sakizaya_Sakizaya/skzyNr-frog_bunuk", "num": 116}], [117, {"ori": [], "gloss": [["..", "", ""], ["u", "CN", "CN"], ["tamina", "ship", "船"], ["a", "LNK", "連繫詞"], ["simsim-en", "think-PF", "想-受焦"], ["niza", "3SG.GEN", "3SG.屬格"], ["kya==,\\", "NOM.that", "主格.那個"]], "free": [], "s_end": false, "iu_a_span": [340.83, 343.53], "meta": {"topic": "frog_Bunuk", "type": "Narrative", "language": "撒奇萊雅語, Sakizaya, Sakizaya", "speaker": "葉珠君, bunuk, female, 1958-04-24", "collected": "2008-01-05", "revised": "None", "video": "skzyNr-frog_bunuk.mp3"}, "file": "Sakizaya_Sakizaya/skzyNr-frog_bunuk", "num": 117}], [118, {"ori": [], "gloss": [["...", "", ""], ["kya", "NOM.that", "主格.那個"], ["kilang.\\", "tree", "樹"]], "free": ["#e He regarded the tree as a ship.", "#c 他心想這樹很像一艘船。", "#n simsim 為阿美語，撒奇來雅語應該是為zateng", "#n tamina為阿美語，撒齊來雅語為balunga"], "s_end": true, "iu_a_span": [343.53, 344.79], "meta": {"topic": "frog_Bunuk", "type": "Narrative", "language": "撒奇萊雅語, Sakizaya, Sakizaya", "speaker": "葉珠君, bunuk, female, 1958-04-24", "collected": "2008-01-05", "revised": "None", "video": "skzyNr-frog_bunuk.mp3"}, "s_a_span": [339.0, 344.79], "file": "Sakizaya_Sakizaya/skzyNr-frog_bunuk", "num": 118}], [119, {"ori": [], "gloss": [["...(1.0)", "", ""], ["tya", "OBL.that", "斜格.那個"], ["ma-hiya", "AF-this.way", "主焦-這樣"], ["kuheni", "3PL.NOM", "3PL.主格"], ["tayza=tu", "go.there=PFV", "去那裡=完成貌"], ["i==za", "there", "那裡"], ["i==", "PREP", "介系詞"], ["sasa.\\", "lower.part", "下面"]], "free": [], "s_end": false, "iu_a_span": [344.79, 349.13], "meta": {"topic": "frog_Bunuk", "type": "Narrative", "language": "撒奇萊雅語, Sakizaya, Sakizaya", "speaker": "葉珠君, bunuk, female, 1958-04-24", "collected": "2008-01-05", "revised": "None", "video": "skzyNr-frog_bunuk.mp3"}, "file": "Sakizaya_Sakizaya/skzyNr-frog_bunuk", "num": 119}], [120, {"ori": [], "gloss": [["...(0.9)", "", ""], ["ma==-hiya", "AF-this.way", "主焦-這樣"], ["nu", "GEN", "屬格"], ["namun.\\", "water", "水"]], "free": ["#e They went down there and got wet.", "#c 他們去到那裡的下面且沾到水。"], "s_end": true, "iu_a_span": [349.13, 351.98], "meta": {"topic": "frog_Bunuk", "type": "Narrative", "language": "撒奇萊雅語, Sakizaya, Sakizaya", "speaker": "葉珠君, bunuk, female, 1958-04-24", "collected": "2008-01-05", "revised": "None", "video": "skzyNr-frog_bunuk.mp3"}, "s_a_span": [344.79, 351.98], "file": "Sakizaya_Sakizaya/skzyNr-frog_bunuk", "num": 120}], [121, {"ori": [], "gloss": [["...", "", ""], ["izaw", "EXIST", "存在詞"], ["kya==,\\", "NOM.that", "主格.那個"]], "free": [], "s_end": false, "iu_a_span": [351.98, 353.73], "meta": {"topic": "frog_Bunuk", "type": "Narrative", "language": "撒奇萊雅語, Sakizaya, Sakizaya", "speaker": "葉珠君, bunuk, female, 1958-04-24", "collected": "2008-01-05", "revised": "None", "video": "skzyNr-frog_bunuk.mp3"}, "file": "Sakizaya_Sakizaya/skzyNr-frog_bunuk", "num": 121}], [122, {"ori": [], "gloss": [["...(0.9)", "", ""], ["cay=tu", "NEG=PFV", "否定詞=完成貌"], ["ka-i", "KA-PREP", "KA-介系詞"], ["la==bu", "inside", "裡面"], ["kya", "NOM.that", "主格.那個"], ["nanum.\\", "water", "水"]], "free": ["#e The water was not deep.", "#c 水不深。"], "s_end": true, "iu_a_span": [353.73, 356.29], "meta": {"topic": "frog_Bunuk", "type": "Narrative", "language": "撒奇萊雅語, Sakizaya, Sakizaya", "speaker": "葉珠君, bunuk, female, 1958-04-24", "collected": "2008-01-05", "revised": "None", "video": "skzyNr-frog_bunuk.mp3"}, "s_a_span": [351.98, 356.29], "file": "Sakizaya_Sakizaya/skzyNr-frog_bunuk", "num": 122}], [123, {"ori": [], "gloss": [["...", "", ""], ["ta-sasa=tu", "go-lower.part=PFV", "去-下面=完成貌"], ["kuheni", "3PL.NOM", "3PL.主格"], ["na=i", "PAST=PREP", "過去貌=介系詞"], ["kilang.\\", "tree", "樹"]], "free": ["#e They came down from the tree.", "#c 他們從樹上下來。"], "s_end": true, "iu_a_span": [356.29, 358.16], "meta": {"topic": "frog_Bunuk", "type": "Narrative", "language": "撒奇萊雅語, Sakizaya, Sakizaya", "speaker": "葉珠君, bunuk, female, 1958-04-24", "collected": "2008-01-05", "revised": "None", "video": "skzyNr-frog_bunuk.mp3"}, "s_a_span": [356.29, 358.16], "file": "Sakizaya_Sakizaya/skzyNr-frog_bunuk", "num": 123}], [124, {"ori": [], "gloss": [["...", "", ""], ["izaw", "EXIST", "存在詞"], ["ku", "NOM", "主格"], ["zuma", "other", "其他"], ["a", "LNK", "連繫詞"], ["balaut.\\", "frog", "青蛙"]], "free": ["#e There were other frogs.", "#c 有其他的青蛙。"], "s_end": true, "iu_a_span": [358.16, 359.91], "meta": {"topic": "frog_Bunuk", "type": "Narrative", "language": "撒奇萊雅語, Sakizaya, Sakizaya", "speaker": "葉珠君, bunuk, female, 1958-04-24", "collected": "2008-01-05", "revised": "None", "video": "skzyNr-frog_bunuk.mp3"}, "s_a_span": [358.16, 359.91], "file": "Sakizaya_Sakizaya/skzyNr-frog_bunuk", "num": 124}], [125, {"ori": [], "gloss": [["...", "", ""], ["a==", "INT", "驚歎"], ["ini", "here", "這裡"], ["ku", "NOM", "主格"], ["zuma", "other", "其他"], ["a", "LNK", "連繫詞"], ["balaut", "frog", "青蛙"], ["sa.\\", "DM", "DM"]], "free": ["#e Ah! Here were other frogs.", "#c 啊! 這裡還有其他的青蛙。", "#n a 在此不表達時態亦不為連詞，為發語詞。"], "s_end": true, "iu_a_span": [359.91, 362.18], "meta": {"topic": "frog_Bunuk", "type": "Narrative", "language": "撒奇萊雅語, Sakizaya, Sakizaya", "speaker": "葉珠君, bunuk, female, 1958-04-24", "collected": "2008-01-05", "revised": "None", "video": "skzyNr-frog_bunuk.mp3"}, "s_a_span": [359.91, 362.18], "file": "Sakizaya_Sakizaya/skzyNr-frog_bunuk", "num": 125}], [126, {"ori": [], "gloss": [["...", "", ""], ["anu", "COND", "條件詞"], ["cima", "who", "誰"], ["kya", "NOM.that", "主格.那個"], ["balaut", "frog", "青蛙"], ["katuud,\\", "many", "許多"]], "free": [], "s_end": false, "iu_a_span": [362.18, 363.91], "meta": {"topic": "frog_Bunuk", "type": "Narrative", "language": "撒奇萊雅語, Sakizaya, Sakizaya", "speaker": "葉珠君, bunuk, female, 1958-04-24", "collected": "2008-01-05", "revised": "None", "video": "skzyNr-frog_bunuk.mp3"}, "file": "Sakizaya_Sakizaya/skzyNr-frog_bunuk", "num": 126}], [127, {"ori": [], "gloss": [["..", "", ""], ["kya", "NOM.that", "主格.那個"], ["balaut", "frog", "青蛙"], ["yadah", "many", "許多"], ["yadah", "many", "許多"], ["kya", "NOM.that", "主格.那個"], ["balaut,\\", "frog", "青蛙"]], "free": [], "s_end": false, "iu_a_span": [363.91, 366.55], "meta": {"topic": "frog_Bunuk", "type": "Narrative", "language": "撒奇萊雅語, Sakizaya, Sakizaya", "speaker": "葉珠君, bunuk, female, 1958-04-24", "collected": "2008-01-05", "revised": "None", "video": "skzyNr-frog_bunuk.mp3"}, "file": "Sakizaya_Sakizaya/skzyNr-frog_bunuk", "num": 127}], [128, {"ori": [], "gloss": [["...", "", ""], ["sa.\\", "DM", "DM"]], "free": ["#e There were many frogs.", "#c 很多青蛙。", "#n yadah 指很多東西 katuud指很多人"], "s_end": true, "iu_a_span": [366.55, 367.31], "meta": {"topic": "frog_Bunuk", "type": "Narrative", "language": "撒奇萊雅語, Sakizaya, Sakizaya", "speaker": "葉珠君, bunuk, female, 1958-04-24", "collected": "2008-01-05", "revised": "None", "video": "skzyNr-frog_bunuk.mp3"}, "s_a_span": [362.18, 367.31], "file": "Sakizaya_Sakizaya/skzyNr-frog_bunuk", "num": 128}], [129, {"ori": [], "gloss": [["...(0.9)", "", ""], ["tiza", "there", "那裡"], ["sa=tu", "SA=PFV", "SA=完成貌"], ["a=ma-nanahay", "FUT=AF-play", "未來貌=主焦-玩"], ["kya", "NOM.that", "主格.那個"], ["wawa", "child", "小孩"], ["atu", "and", "和"], ["balaut.\\", "frog", "青蛙"]], "free": ["#e The child and frog played there.", "#c 小孩和青蛙在那裡玩。"], "s_end": true, "iu_a_span": [367.31, 371.59], "meta": {"topic": "frog_Bunuk", "type": "Narrative", "language": "撒奇萊雅語, Sakizaya, Sakizaya", "speaker": "葉珠君, bunuk, female, 1958-04-24", "collected": "2008-01-05", "revised": "None", "video": "skzyNr-frog_bunuk.mp3"}, "s_a_span": [367.31, 371.59], "file": "Sakizaya_Sakizaya/skzyNr-frog_bunuk", "num": 129}], [130, {"ori": [], "gloss": [["...", "", ""], ["mi-liyaw", "AF-repeat", "主焦-重複"], ["kuheni", "3PL.NOM", "3PL.主格"], ["mi-salama,\\", "AF-play", "主焦-玩"]], "free": [], "s_end": false, "iu_a_span": [371.59, 373.52], "meta": {"topic": "frog_Bunuk", "type": "Narrative", "language": "撒奇萊雅語, Sakizaya, Sakizaya", "speaker": "葉珠君, bunuk, female, 1958-04-24", "collected": "2008-01-05", "revised": "None", "video": "skzyNr-frog_bunuk.mp3"}, "file": "Sakizaya_Sakizaya/skzyNr-frog_bunuk", "num": 130}], [131, {"ori": [], "gloss": [["...", "", ""], ["mi-salama", "AF-play", "主焦-玩"], ["i", "PREP", "介系詞"], ["nanu-nanum-an.\\", "RED-water-LF", "重疊-水-處焦"]], "free": ["#e They were playing in water.", "#c 他們在水中一直玩。", "#n mi-salama is 為南勢阿美語; mi-hulul 為北勢阿美語", "#n 撒齊來雅語則為 mi-dang"], "s_end": true, "iu_a_span": [373.52, 375.37], "meta": {"topic": "frog_Bunuk", "type": "Narrative", "language": "撒奇萊雅語, Sakizaya, Sakizaya", "speaker": "葉珠君, bunuk, female, 1958-04-24", "collected": "2008-01-05", "revised": "None", "video": "skzyNr-frog_bunuk.mp3"}, "s_a_span": [371.59, 375.37], "file": "Sakizaya_Sakizaya/skzyNr-frog_bunuk", "num": 131}], [132, {"ori": [], "gloss": [["...", "", ""], ["ma-tineng", "AF-know", "主焦-知道"], ["kya", "NOM.that", "主格.那個"], ["wawa", "child", "小孩"], ["a", "LNK", "連繫詞"], ["ma-namuh", "AF-like", "主焦-喜歡"], ["kya==,\\", "NOM.that", "主格.那個"]], "free": [], "s_end": false, "iu_a_span": [375.37, 378.01], "meta": {"topic": "frog_Bunuk", "type": "Narrative", "language": "撒奇萊雅語, Sakizaya, Sakizaya", "speaker": "葉珠君, bunuk, female, 1958-04-24", "collected": "2008-01-05", "revised": "None", "video": "skzyNr-frog_bunuk.mp3"}, "file": "Sakizaya_Sakizaya/skzyNr-frog_bunuk", "num": 132}], [133, {"ori": [], "gloss": [["..", "", ""], ["balaut", "frog", "青蛙"], ["i", "PREP", "介系詞"], ["nanu-nanum-an", "RED-water-LF", "重疊-水-處焦"], ["sa.\\", "DM", "DM"]], "free": ["#e The child knew that the frog liked to be in water.", "#c 小孩知道青蛙喜歡在水中。"], "s_end": true, "iu_a_span": [378.01, 379.81], "meta": {"topic": "frog_Bunuk", "type": "Narrative", "language": "撒奇萊雅語, Sakizaya, Sakizaya", "speaker": "葉珠君, bunuk, female, 1958-04-24", "collected": "2008-01-05", "revised": "None", "video": "skzyNr-frog_bunuk.mp3"}, "s_a_span": [375.37, 379.81], "file": "Sakizaya_Sakizaya/skzyNr-frog_bunuk", "num": 133}], [134, {"ori": [], "gloss": [["..", "", ""], ["awza", "come", "來"], ["awza", "come", "來"], ["awza", "come", "來"], ["tini", "here", "這裡"], ["kita", "1PL.NOM.INCL", "1PL.主格.包含"], ["mi-sala^ma", "AF-play", "主焦-玩"], ["han", "HAN", "HAN"], ["nya", "GEN.that", "屬格.那個"], ["wawa", "child", "小孩"], ["kya", "NOM.that", "主格.那個"], ["balaut.\\", "frog", "青蛙"]], "free": ["#e The child said to the frog, “Come! Come! Come! Let’s play here.”", "#c 孩子對著青蛙說：「來來來！我們在這裡玩。」"], "s_end": true, "iu_a_span": [379.81, 383.53], "meta": {"topic": "frog_Bunuk", "type": "Narrative", "language": "撒奇萊雅語, Sakizaya, Sakizaya", "speaker": "葉珠君, bunuk, female, 1958-04-24", "collected": "2008-01-05", "revised": "None", "video": "skzyNr-frog_bunuk.mp3"}, "s_a_span": [379.81, 383.53], "file": "Sakizaya_Sakizaya/skzyNr-frog_bunuk", "num": 134}], [135, {"ori": [], "gloss": [["...(0.7)", "", ""], ["i", "PREP", "介系詞"], ["labu", "inside", "裡面"], ["nya==", "GEN.that", "屬格.那個"], ["nanum", "water", "水"], ["kuheni,\\", "3PL.NOM", "3PL.主格"]], "free": [], "s_end": false, "iu_a_span": [383.53, 386.0], "meta": {"topic": "frog_Bunuk", "type": "Narrative", "language": "撒奇萊雅語, Sakizaya, Sakizaya", "speaker": "葉珠君, bunuk, female, 1958-04-24", "collected": "2008-01-05", "revised": "None", "video": "skzyNr-frog_bunuk.mp3"}, "file": "Sakizaya_Sakizaya/skzyNr-frog_bunuk", "num": 135}], [136, {"ori": [], "gloss": [["...", "", ""], ["mi-salama", "AF-play", "主焦-玩"], ["kuheni", "3PL.NOM", "3PL.主格"], ["mi-danguy", "AF-swim", "主焦-游泳"], ["kuheni.\\", "3PL.NOM", "3PL.主格"]], "free": ["#e They were having fun in water and swimming.", "#c 他們在水裡玩水和游泳。"], "s_end": true, "iu_a_span": [386.0, 388.27], "meta": {"topic": "frog_Bunuk", "type": "Narrative", "language": "撒奇萊雅語, Sakizaya, Sakizaya", "speaker": "葉珠君, bunuk, female, 1958-04-24", "collected": "2008-01-05", "revised": "None", "video": "skzyNr-frog_bunuk.mp3"}, "s_a_span": [383.53, 388.27], "file": "Sakizaya_Sakizaya/skzyNr-frog_bunuk", "num": 136}], [137, {"ori": [], "gloss": [["...(0.9)", "", ""], ["tanu-namuh-sa", "very-happy-SA", "非常-高興-SA"], ["kya", "NOM.that", "主格.那個"], ["wawa", "child", "小孩"], ["anu", "COND", "條件詞"], ["ma-heti-hetik", "AF-RED-fall.off", "主焦-重疊-掉下來"], ["ciniza", "3SG.NOM", "3SG.主格"], ["na=i", "PAST=PREP", "過去貌=介系詞"], ["nanum", "water", "水"], ["sa.\\", "DM", "DM"]], "free": ["#e The child was very happy even thought he fell into water many times.", "#c 小孩非常高興即使他一再掉進水裡。"], "s_end": true, "iu_a_span": [388.27, 392.84], "meta": {"topic": "frog_Bunuk", "type": "Narrative", "language": "撒奇萊雅語, Sakizaya, Sakizaya", "speaker": "葉珠君, bunuk, female, 1958-04-24", "collected": "2008-01-05", "revised": "None", "video": "skzyNr-frog_bunuk.mp3"}, "s_a_span": [388.27, 392.84], "file": "Sakizaya_Sakizaya/skzyNr-frog_bunuk", "num": 137}], [138, {"ori": [], "gloss": [["...", "", ""], ["cay", "NEG", "否定詞"], ["ka==-…biyalaw", "KA-nervous", "KA-緊張"], ["ciniza.\\", "3SG.NOM", "3SG.主格"]], "free": ["#e It was not nervous.", "#c 它不緊張。"], "s_end": true, "iu_a_span": [392.84, 396.0], "meta": {"topic": "frog_Bunuk", "type": "Narrative", "language": "撒奇萊雅語, Sakizaya, Sakizaya", "speaker": "葉珠君, bunuk, female, 1958-04-24", "collected": "2008-01-05", "revised": "None", "video": "skzyNr-frog_bunuk.mp3"}, "s_a_span": [392.84, 396.0], "file": "Sakizaya_Sakizaya/skzyNr-frog_bunuk", "num": 138}], [139, {"ori": [], "gloss": [["...", "", ""], ["izaw", "EXIST", "存在詞"], ["kyami", "probably", "可能"], ["ku", "NOM", "主格"], ["cabay", "friend", "朋友"], ["niza", "3SG.GEN", "3SG.屬格"], ["tya", "OBL.that", "斜格.那個"], ["zuma", "other", "其他"], ["a", "LNK", "連繫詞"], ["balaut.\\", "frog", "青蛙"]], "free": ["#e It was probably due to other frogs.", "#c 可能有其他的青蛙朋友。"], "s_end": true, "iu_a_span": [396.0, 399.4], "meta": {"topic": "frog_Bunuk", "type": "Narrative", "language": "撒奇萊雅語, Sakizaya, Sakizaya", "speaker": "葉珠君, bunuk, female, 1958-04-24", "collected": "2008-01-05", "revised": "None", "video": "skzyNr-frog_bunuk.mp3"}, "s_a_span": [396.0, 399.4], "file": "Sakizaya_Sakizaya/skzyNr-frog_bunuk", "num": 139}], [140, {"ori": [], "gloss": [["...", "", ""], ["na=cacay", "PAST=one", "過去貌=一個"], ["kya", "NOM.that", "主格.那個"], ["balaut", "frog", "青蛙"], ["a,_", "LNK", "連繫詞"]], "free": [], "s_end": false, "iu_a_span": [399.4, 401.79], "meta": {"topic": "frog_Bunuk", "type": "Narrative", "language": "撒奇萊雅語, Sakizaya, Sakizaya", "speaker": "葉珠君, bunuk, female, 1958-04-24", "collected": "2008-01-05", "revised": "None", "video": "skzyNr-frog_bunuk.mp3"}, "file": "Sakizaya_Sakizaya/skzyNr-frog_bunuk", "num": 140}], [141, {"ori": [], "gloss": [["..", "", ""], ["salama-an", "play-PF", "玩-受焦"], ["niza", "3SG.GEN", "3SG.屬格"], ["yadah=tu", "many=PFV", "許多=完成貌"], ["ayza", "now", "現在"], ["kya", "NOM.that", "主格.那個"], ["balaut.\\", "frog", "青蛙"]], "free": ["#e There was one frog, but now there were many frogs.", "#c 本來只有玩一隻青蛙 現在有很多隻青蛙。"], "s_end": true, "iu_a_span": [401.79, 404.12], "meta": {"topic": "frog_Bunuk", "type": "Narrative", "language": "撒奇萊雅語, Sakizaya, Sakizaya", "speaker": "葉珠君, bunuk, female, 1958-04-24", "collected": "2008-01-05", "revised": "None", "video": "skzyNr-frog_bunuk.mp3"}, "s_a_span": [399.4, 404.12], "file": "Sakizaya_Sakizaya/skzyNr-frog_bunuk", "num": 141}], [142, {"ori": [], "gloss": [["...(0.8)", "", ""], ["mi-salama=tu", "AF-play=PFV", "主焦-玩=完成貌"], ["kuheni", "3PL.NOM", "3PL.主格"], ["tu", "OBL", "斜格"], ["nanum.\\", "water", "水"]], "free": ["#e They were playing in water.", "#c 他們在玩水。"], "s_end": true, "iu_a_span": [404.12, 406.38], "meta": {"topic": "frog_Bunuk", "type": "Narrative", "language": "撒奇萊雅語, Sakizaya, Sakizaya", "speaker": "葉珠君, bunuk, female, 1958-04-24", "collected": "2008-01-05", "revised": "None", "video": "skzyNr-frog_bunuk.mp3"}, "s_a_span": [404.12, 406.38], "file": "Sakizaya_Sakizaya/skzyNr-frog_bunuk", "num": 142}], [143, {"ori": [], "gloss": [["...", "", ""], ["limulak", "happy", "高興"], ["sa=tu", "SA=PFV", "SA=完成貌"], ["ciniza", "3SG.NOM", "3SG.主格"], ["i", "PREP", "介系詞"], ["tiza", "there", "那裡"], ["i", "PREP", "介系詞"], ["nanu-nanum-an.\\", "RED-water-LF", "重疊-水-處焦"]], "free": ["#e It was happy in water.", "#c 它在水中很高興。", "#n ma-limulak 原意為慶祝"], "s_end": true, "iu_a_span": [406.38, 409.5], "meta": {"topic": "frog_Bunuk", "type": "Narrative", "language": "撒奇萊雅語, Sakizaya, Sakizaya", "speaker": "葉珠君, bunuk, female, 1958-04-24", "collected": "2008-01-05", "revised": "None", "video": "skzyNr-frog_bunuk.mp3"}, "s_a_span": [406.38, 409.5], "file": "Sakizaya_Sakizaya/skzyNr-frog_bunuk", "num": 143}]], "meta": {"topic": "frog_Bunuk", "type": "Narrative", "language": "撒奇萊雅語, Sakizaya, Sakizaya", "speaker": "葉珠君, bunuk, female, 1958-04-24", "collected": "2008-01-05", "revised": "None", "video": "skzyNr-frog_bunuk.mp3"}}