{"glosses": [[1, {"ori": [], "gloss": [["..", "", ""], ["ayza", "now", "現在"], ["sa", "DM", "DM"], ["a", "LNK", "連繫詞"], ["mi-sa-kamu", "AF-do-speech", "AF-做-話"], ["kaku", "1SG.NOM", "1SG.主格"], ["tu==,-", "OBL", "斜格"]], "free": [], "s_end": false, "iu_a_span": [0.35, 2.87], "meta": {"topic": "sapad-panay", "type": "Narrative", "language": "撒奇萊雅語, Sakizaya, Sakizaya", "speaker": "葉阿妹, panay, female, 1949-11-20", "collected": "2008-01-05", "revised": "2017-7-9", "video": "skzyNr-sapat_Panay.mp3"}, "file": "Sakizaya_Sakizaya/skzyNr-sapat_Panay", "num": 1}], [2, {"ori": [], "gloss": [["...", "", ""], ["paka-ini", "from-here", "從-這邊"], ["i==,-", "PREP", "介系詞"]], "free": [], "s_end": false, "iu_a_span": [2.87, 4.54], "meta": {"topic": "sapad-panay", "type": "Narrative", "language": "撒奇萊雅語, Sakizaya, Sakizaya", "speaker": "葉阿妹, panay, female, 1949-11-20", "collected": "2008-01-05", "revised": "2017-7-9", "video": "skzyNr-sapat_Panay.mp3"}, "file": "Sakizaya_Sakizaya/skzyNr-sapat_Panay", "num": 2}], [3, {"ori": [], "gloss": [["..", "", ""], ["Sapad", "PN", "地名"], ["hananay", "so.called", "所謂的"], ["a", "LNK", "連繫詞"], ["ni", "GEN", "屬格"], ["ka", "KA", "KA"], ["ci==,-", "NCM.SG.NOM", "NCM.SG.主格"]], "free": [], "s_end": false, "iu_a_span": [4.54, 7.03], "meta": {"topic": "sapad-panay", "type": "Narrative", "language": "撒奇萊雅語, Sakizaya, Sakizaya", "speaker": "葉阿妹, panay, female, 1949-11-20", "collected": "2008-01-05", "revised": "2017-7-9", "video": "skzyNr-sapat_Panay.mp3"}, "file": "Sakizaya_Sakizaya/skzyNr-sapat_Panay", "num": 3}], [4, {"ori": [], "gloss": [["...", "", ""], ["ngangan", "name", "名字"], ["nu", "GEN", "屬格"], ["niyazu’", "tribe", "部落"], ["nu", "GEN", "屬格"], ["Sapad.\\", "PN", "地名"]], "free": ["#e I am going to talk about the name, Sapad, for a tribe.", "#c 我要講有關Sapad這個部落的名字。", "#n kamu「話」。"], "s_end": true, "iu_a_span": [7.03, 9.39], "meta": {"topic": "sapad-panay", "type": "Narrative", "language": "撒奇萊雅語, Sakizaya, Sakizaya", "speaker": "葉阿妹, panay, female, 1949-11-20", "collected": "2008-01-05", "revised": "2017-7-9", "video": "skzyNr-sapat_Panay.mp3"}, "s_a_span": [0.35, 9.39], "file": "Sakizaya_Sakizaya/skzyNr-sapat_Panay", "num": 4}], [5, {"ori": [], "gloss": [["...(0.7)", "", ""], ["tawya", "that.time", "那時候"], ["henay", "still", "還"], ["sa,\\", "DM", "DM"]], "free": [], "s_end": false, "iu_a_span": [9.39, 11.37], "meta": {"topic": "sapad-panay", "type": "Narrative", "language": "撒奇萊雅語, Sakizaya, Sakizaya", "speaker": "葉阿妹, panay, female, 1949-11-20", "collected": "2008-01-05", "revised": "2017-7-9", "video": "skzyNr-sapat_Panay.mp3"}, "file": "Sakizaya_Sakizaya/skzyNr-sapat_Panay", "num": 5}], [6, {"ori": [], "gloss": [["..", "", ""], ["u", "CN", "CN"], ["yu==", "YU", "YU"], ["ma-sa==-,\\", "AF-do-", "主焦-做-"]], "free": [], "s_end": false, "iu_a_span": [11.37, 13.71], "meta": {"topic": "sapad-panay", "type": "Narrative", "language": "撒奇萊雅語, Sakizaya, Sakizaya", "speaker": "葉阿妹, panay, female, 1949-11-20", "collected": "2008-01-05", "revised": "2017-7-9", "video": "skzyNr-sapat_Panay.mp3"}, "file": "Sakizaya_Sakizaya/skzyNr-sapat_Panay", "num": 6}], [7, {"ori": [], "gloss": [["...(1.7)", "", ""], ["ma-sa-hiya-ay==,-", "AF-do-this.way-FAC", "主焦-做-這樣-表事實"]], "free": [], "s_end": false, "iu_a_span": [13.71, 17.13], "meta": {"topic": "sapad-panay", "type": "Narrative", "language": "撒奇萊雅語, Sakizaya, Sakizaya", "speaker": "葉阿妹, panay, female, 1949-11-20", "collected": "2008-01-05", "revised": "2017-7-9", "video": "skzyNr-sapat_Panay.mp3"}, "file": "Sakizaya_Sakizaya/skzyNr-sapat_Panay", "num": 7}], [8, {"ori": [], "gloss": [["...", "", ""], ["a==", "LNK", "連繫詞"], ["ma-sa-abilid-ay", "AF-do-steep-FAC", "主焦-做-陡-表事實"], ["a==,-", "LNK", "連繫詞"]], "free": [], "s_end": false, "iu_a_span": [17.13, 19.94], "meta": {"topic": "sapad-panay", "type": "Narrative", "language": "撒奇萊雅語, Sakizaya, Sakizaya", "speaker": "葉阿妹, panay, female, 1949-11-20", "collected": "2008-01-05", "revised": "2017-7-9", "video": "skzyNr-sapat_Panay.mp3"}, "file": "Sakizaya_Sakizaya/skzyNr-sapat_Panay", "num": 8}], [9, {"ori": [], "gloss": [["...(1.0)", "", ""], ["a==", "LNK", "連繫詞"], ["lala'", "land", "土地"], ["sa.\\", "DM", "DM"]], "free": ["#e It was flat at that time.", "#c 那時候還是平地。"], "s_end": true, "iu_a_span": [19.94, 22.14], "meta": {"topic": "sapad-panay", "type": "Narrative", "language": "撒奇萊雅語, Sakizaya, Sakizaya", "speaker": "葉阿妹, panay, female, 1949-11-20", "collected": "2008-01-05", "revised": "2017-7-9", "video": "skzyNr-sapat_Panay.mp3"}, "s_a_span": [9.39, 22.14], "file": "Sakizaya_Sakizaya/skzyNr-sapat_Panay", "num": 9}], [10, {"ori": [], "gloss": [["...(0.7)", "", ""], ["i", "PREP", "介系詞"], ["pabaw", "upper.part", "上面"], ["sa", "DM", "DM"], ["ma-sa-enal", "AF-do-plateau", "主焦-做-平原"], ["sa.\\", "DM", "DM"]], "free": ["#e The upper part was the plateau.", "#c 上面是平原。"], "s_end": true, "iu_a_span": [22.14, 24.78], "meta": {"topic": "sapad-panay", "type": "Narrative", "language": "撒奇萊雅語, Sakizaya, Sakizaya", "speaker": "葉阿妹, panay, female, 1949-11-20", "collected": "2008-01-05", "revised": "2017-7-9", "video": "skzyNr-sapat_Panay.mp3"}, "s_a_span": [22.14, 24.78], "file": "Sakizaya_Sakizaya/skzyNr-sapat_Panay", "num": 10}], [11, {"ori": [], "gloss": [["...", "", ""], ["u==", "CN", "CN"], ["Sapad,\\", "PN", "地名"]], "free": [], "s_end": false, "iu_a_span": [24.78, 26.06], "meta": {"topic": "sapad-panay", "type": "Narrative", "language": "撒奇萊雅語, Sakizaya, Sakizaya", "speaker": "葉阿妹, panay, female, 1949-11-20", "collected": "2008-01-05", "revised": "2017-7-9", "video": "skzyNr-sapat_Panay.mp3"}, "file": "Sakizaya_Sakizaya/skzyNr-sapat_Panay", "num": 11}], [12, {"ori": [], "gloss": [["..", "", ""], ["han", "be.said", "被說"], ["nu==", "GEN", "屬格"], ["mas,\\", "MAS", "MAS"]], "free": [], "s_end": false, "iu_a_span": [26.06, 27.67], "meta": {"topic": "sapad-panay", "type": "Narrative", "language": "撒奇萊雅語, Sakizaya, Sakizaya", "speaker": "葉阿妹, panay, female, 1949-11-20", "collected": "2008-01-05", "revised": "2017-7-9", "video": "skzyNr-sapat_Panay.mp3"}, "file": "Sakizaya_Sakizaya/skzyNr-sapat_Panay", "num": 12}], [13, {"ori": [], "gloss": [["..", "", ""], ["u", "CN", "CN"], ["Tabtab", "PN", "地名"], ["han", "be.said", "被說"], ["nu", "GEN", "屬格"], ["babalaki", "old.man", "老人"], ["i", "PREP", "介系詞"], ["tawya", "that.time", "那時候"], ["henay", "still", "還"], ["sa.\\", "DM", "DM"]], "free": [], "s_end": false, "iu_a_span": [27.67, 31.18], "meta": {"topic": "sapad-panay", "type": "Narrative", "language": "撒奇萊雅語, Sakizaya, Sakizaya", "speaker": "葉阿妹, panay, female, 1949-11-20", "collected": "2008-01-05", "revised": "2017-7-9", "video": "skzyNr-sapat_Panay.mp3"}, "file": "Sakizaya_Sakizaya/skzyNr-sapat_Panay", "num": 13}], [14, {"ori": [], "gloss": [["...", "", ""], ["u==", "CN", "CN"], ["babalaki,\\", "old.man", "老人"]], "free": ["#e At that time, the old man called Sapad as Tabtab.", "#c 老人在那時稱Sapad為Tabtab。"], "s_end": true, "iu_a_span": [31.18, 32.7], "meta": {"topic": "sapad-panay", "type": "Narrative", "language": "撒奇萊雅語, Sakizaya, Sakizaya", "speaker": "葉阿妹, panay, female, 1949-11-20", "collected": "2008-01-05", "revised": "2017-7-9", "video": "skzyNr-sapat_Panay.mp3"}, "s_a_span": [24.78, 32.7], "file": "Sakizaya_Sakizaya/skzyNr-sapat_Panay", "num": 14}], [15, {"ori": [], "gloss": [["...(0.7)", "", ""], ["Tabtab", "PN", "地名"], ["han=tu", "HAN=PFV", "HAN=完成貌"], ["ku", "NOM", "主格"], ["uma-umah", "RED-farmland", "重疊-田"], ["han=tu", "HAN=PFV", "HAN=完成貌"], ["ma-sa==-,\\", "AF-do-,", "主焦-做-"]], "free": [], "s_end": false, "iu_a_span": [32.7, 36.47], "meta": {"topic": "sapad-panay", "type": "Narrative", "language": "撒奇萊雅語, Sakizaya, Sakizaya", "speaker": "葉阿妹, panay, female, 1949-11-20", "collected": "2008-01-05", "revised": "2017-7-9", "video": "skzyNr-sapat_Panay.mp3"}, "file": "Sakizaya_Sakizaya/skzyNr-sapat_Panay", "num": 15}], [16, {"ori": [], "gloss": [["...", "", ""], ["ma-sa-enal-ay", "AF-do-plateau-FAC", "主焦-做-平原-表事實"], ["i", "PREP", "介系詞"], ["pabaw", "upper.part", "上面"], ["a", "LNK", "連繫詞"], ["umah.-", "farmland", "田"]], "free": ["#e Tabtab is the farmland on the upper part of the plateau.", "#c Tabtab是上面平原的田。"], "s_end": true, "iu_a_span": [36.47, 39.57], "meta": {"topic": "sapad-panay", "type": "Narrative", "language": "撒奇萊雅語, Sakizaya, Sakizaya", "speaker": "葉阿妹, panay, female, 1949-11-20", "collected": "2008-01-05", "revised": "2017-7-9", "video": "skzyNr-sapat_Panay.mp3"}, "s_a_span": [32.7, 39.57], "file": "Sakizaya_Sakizaya/skzyNr-sapat_Panay", "num": 16}], [17, {"ori": [], "gloss": [["...", "", ""], ["ma-sa-abilis", "AF-do-steep", "主焦-做-陡"], ["ku==,-", "NOM", "主格"]], "free": [], "s_end": false, "iu_a_span": [39.57, 41.83], "meta": {"topic": "sapad-panay", "type": "Narrative", "language": "撒奇萊雅語, Sakizaya, Sakizaya", "speaker": "葉阿妹, panay, female, 1949-11-20", "collected": "2008-01-05", "revised": "2017-7-9", "video": "skzyNr-sapat_Panay.mp3"}, "file": "Sakizaya_Sakizaya/skzyNr-sapat_Panay", "num": 17}], [18, {"ori": [], "gloss": [["..", "", ""], ["ku", "NOM", "主格"], ["sasa", "lower.part", "下面"], ["ma-sa-enal", "AF-do-plateau", "主焦-做-平原"], ["i", "PREP", "介系詞"], ["pabaw.\\", "upper.part", "上面"]], "free": ["#e The lower part is the precipice and the upper part is the plateau.", "#c 下面是懸崖，上面是平原。", "#n IU17中的ma-sa-abilis應為語誤正確的是ma-sa-abilid", "#n abilis為 阿美語。"], "s_end": true, "iu_a_span": [41.83, 43.97], "meta": {"topic": "sapad-panay", "type": "Narrative", "language": "撒奇萊雅語, Sakizaya, Sakizaya", "speaker": "葉阿妹, panay, female, 1949-11-20", "collected": "2008-01-05", "revised": "2017-7-9", "video": "skzyNr-sapat_Panay.mp3"}, "s_a_span": [39.57, 43.97], "file": "Sakizaya_Sakizaya/skzyNr-sapat_Panay", "num": 18}], [19, {"ori": [], "gloss": [["...(0.8)", "", ""], ["ye==za", "there", "那裡"], ["i==", "PREP", "介系詞"], ["niyazu’", "tribe", "部落"], ["nu", "GEN", "屬格"], ["Sapad", "PN", "地名"], ["hananay", "so.called", "所謂的"], ["sa.\\", "DM", "DM"]], "free": ["#e A tribe like Sapad was over there.", "#c Sapad這樣的部落在那裡。"], "s_end": true, "iu_a_span": [43.97, 49.12], "meta": {"topic": "sapad-panay", "type": "Narrative", "language": "撒奇萊雅語, Sakizaya, Sakizaya", "speaker": "葉阿妹, panay, female, 1949-11-20", "collected": "2008-01-05", "revised": "2017-7-9", "video": "skzyNr-sapat_Panay.mp3"}, "s_a_span": [43.97, 49.12], "file": "Sakizaya_Sakizaya/skzyNr-sapat_Panay", "num": 19}], [20, {"ori": [], "gloss": [["...(1.0)", "", ""], ["u==.\\", "CN", "CN"]], "free": [], "s_end": false, "iu_a_span": [49.12, 50.73], "meta": {"topic": "sapad-panay", "type": "Narrative", "language": "撒奇萊雅語, Sakizaya, Sakizaya", "speaker": "葉阿妹, panay, female, 1949-11-20", "collected": "2008-01-05", "revised": "2017-7-9", "video": "skzyNr-sapat_Panay.mp3"}, "file": "Sakizaya_Sakizaya/skzyNr-sapat_Panay", "num": 20}], [21, {"ori": [], "gloss": [["..", "", ""], ["u", "CN", "CN"], ["sa", "DM", "DM"], ["u", "CN", "CN"], ["sa", "DM", "DM"], ["u", "CN", "CN"], ["Tapad,\\", "PN", "地名"]], "free": [], "s_end": false, "iu_a_span": [50.73, 52.81], "meta": {"topic": "sapad-panay", "type": "Narrative", "language": "撒奇萊雅語, Sakizaya, Sakizaya", "speaker": "葉阿妹, panay, female, 1949-11-20", "collected": "2008-01-05", "revised": "2017-7-9", "video": "skzyNr-sapat_Panay.mp3"}, "file": "Sakizaya_Sakizaya/skzyNr-sapat_Panay", "num": 21}], [22, {"ori": [], "gloss": [["..", "", ""], ["han", "be.said", "被說"], ["nu==", "GEN", "屬格"], ["mita", "1PL.POSS.INCL", "1PL.所有格.包含"], ["i", "PREP", "介系詞"], ["tawya", "that.time", "那時候"], ["henay", "still", "還"], ["u==,\\", "DM", "DM"]], "free": [], "s_end": false, "iu_a_span": [52.81, 55.28], "meta": {"topic": "sapad-panay", "type": "Narrative", "language": "撒奇萊雅語, Sakizaya, Sakizaya", "speaker": "葉阿妹, panay, female, 1949-11-20", "collected": "2008-01-05", "revised": "2017-7-9", "video": "skzyNr-sapat_Panay.mp3"}, "file": "Sakizaya_Sakizaya/skzyNr-sapat_Panay", "num": 22}], [23, {"ori": [], "gloss": [["...", "", ""], ["u", "CN", "CN"], ["hiya", "that", "那個"], ["u==", "CN", "CN"], ["Sakizaya", "PN", "專名"], ["kya==,\\", "NOM.that", "主格.那個"]], "free": [], "s_end": false, "iu_a_span": [55.28, 58.12], "meta": {"topic": "sapad-panay", "type": "Narrative", "language": "撒奇萊雅語, Sakizaya, Sakizaya", "speaker": "葉阿妹, panay, female, 1949-11-20", "collected": "2008-01-05", "revised": "2017-7-9", "video": "skzyNr-sapat_Panay.mp3"}, "file": "Sakizaya_Sakizaya/skzyNr-sapat_Panay", "num": 23}], [24, {"ori": [], "gloss": [["..", "", ""], ["niyazu’", "tribe", "部落"], ["nya==", "GEN.that", "屬格.那個"], ["Sapad,\\", "PN", "地名"]], "free": [], "s_end": false, "iu_a_span": [58.12, 59.84], "meta": {"topic": "sapad-panay", "type": "Narrative", "language": "撒奇萊雅語, Sakizaya, Sakizaya", "speaker": "葉阿妹, panay, female, 1949-11-20", "collected": "2008-01-05", "revised": "2017-7-9", "video": "skzyNr-sapat_Panay.mp3"}, "file": "Sakizaya_Sakizaya/skzyNr-sapat_Panay", "num": 24}], [25, {"ori": [], "gloss": [["...", "", ""], ["sa.\\", "DM", "DM"]], "free": ["#e Tapad tribe belonged to Sakizaya at that time.", "#c Tapad部落在那時是我們Sakizaya的。", "#n 發音者的Tapad與Sapad為同義。"], "s_end": true, "iu_a_span": [59.84, 60.78], "meta": {"topic": "sapad-panay", "type": "Narrative", "language": "撒奇萊雅語, Sakizaya, Sakizaya", "speaker": "葉阿妹, panay, female, 1949-11-20", "collected": "2008-01-05", "revised": "2017-7-9", "video": "skzyNr-sapat_Panay.mp3"}, "s_a_span": [49.12, 60.78], "file": "Sakizaya_Sakizaya/skzyNr-sapat_Panay", "num": 25}], [26, {"ori": [], "gloss": [["...", "", ""], ["iza", "EXIST", "存在詞"], ["sa=tu", "DM=PFV", "DM=完成貌"], ["ku==", "NOM", "主格"], ["<L2JlipunL2J>", "Japanese", "日本人"], ["tayni", "come.here", "來這裡"], ["sakyami", "it.is.said", "據說"], ["sa,\\", "say", "說"]], "free": [], "s_end": false, "iu_a_span": [60.78, 64.45], "meta": {"topic": "sapad-panay", "type": "Narrative", "language": "撒奇萊雅語, Sakizaya, Sakizaya", "speaker": "葉阿妹, panay, female, 1949-11-20", "collected": "2008-01-05", "revised": "2017-7-9", "video": "skzyNr-sapat_Panay.mp3"}, "file": "Sakizaya_Sakizaya/skzyNr-sapat_Panay", "num": 26}], [27, {"ori": [], "gloss": [["...", "", ""], ["e==,\\", "E", "E"]], "free": [], "s_end": false, "iu_a_span": [64.45, 65.55], "meta": {"topic": "sapad-panay", "type": "Narrative", "language": "撒奇萊雅語, Sakizaya, Sakizaya", "speaker": "葉阿妹, panay, female, 1949-11-20", "collected": "2008-01-05", "revised": "2017-7-9", "video": "skzyNr-sapat_Panay.mp3"}, "file": "Sakizaya_Sakizaya/skzyNr-sapat_Panay", "num": 27}], [28, {"ori": [], "gloss": [["...", "", ""], ["u==,-", "CN", "CN"]], "free": [], "s_end": false, "iu_a_span": [65.55, 67.04], "meta": {"topic": "sapad-panay", "type": "Narrative", "language": "撒奇萊雅語, Sakizaya, Sakizaya", "speaker": "葉阿妹, panay, female, 1949-11-20", "collected": "2008-01-05", "revised": "2017-7-9", "video": "skzyNr-sapat_Panay.mp3"}, "file": "Sakizaya_Sakizaya/skzyNr-sapat_Panay", "num": 28}], [29, {"ori": [], "gloss": [["...(1.6)", "", ""], ["u", "CN", "CN"], ["sa", "DM", "DM"], ["u==", "CN", "CN"], ["Tapad,\\", "PN", "地名"]], "free": [], "s_end": false, "iu_a_span": [67.04, 70.04], "meta": {"topic": "sapad-panay", "type": "Narrative", "language": "撒奇萊雅語, Sakizaya, Sakizaya", "speaker": "葉阿妹, panay, female, 1949-11-20", "collected": "2008-01-05", "revised": "2017-7-9", "video": "skzyNr-sapat_Panay.mp3"}, "file": "Sakizaya_Sakizaya/skzyNr-sapat_Panay", "num": 29}], [30, {"ori": [], "gloss": [["..", "", ""], ["han", "be.said", "被說"], ["nya", "GEN.that", "屬格.那個"], ["babalaki,\\", "old.man", "老人"]], "free": [], "s_end": false, "iu_a_span": [70.04, 71.62], "meta": {"topic": "sapad-panay", "type": "Narrative", "language": "撒奇萊雅語, Sakizaya, Sakizaya", "speaker": "葉阿妹, panay, female, 1949-11-20", "collected": "2008-01-05", "revised": "2017-7-9", "video": "skzyNr-sapat_Panay.mp3"}, "file": "Sakizaya_Sakizaya/skzyNr-sapat_Panay", "num": 30}], [31, {"ori": [], "gloss": [["..", "", ""], ["kya==", "NOM.that", "主格.那個"], ["<L2JlipunL2J>", "Japanese", "日本人"], ["sa.\\", "DM", "DM"]], "free": ["#e It was said that when Japanese came here, the old man told them Tapad.", "#c 聽說日本人來的時候，那老人就跟日本人說是Tapad。", "#n IU 26中的iza 為izaw。"], "s_end": true, "iu_a_span": [71.62, 72.88], "meta": {"topic": "sapad-panay", "type": "Narrative", "language": "撒奇萊雅語, Sakizaya, Sakizaya", "speaker": "葉阿妹, panay, female, 1949-11-20", "collected": "2008-01-05", "revised": "2017-7-9", "video": "skzyNr-sapat_Panay.mp3"}, "s_a_span": [60.78, 72.88], "file": "Sakizaya_Sakizaya/skzyNr-sapat_Panay", "num": 31}], [32, {"ori": [], "gloss": [["...", "", ""], ["sa-kamu", "do-speech", "做-話"], ["sa", "say", "說"], ["kya==", "NOM.that", "主格.那個"], ["baba", "BABA", "BABA"], ["ya", "that", "那"], ["<L2JlipunL2J>", "Japanese", "日本人"], ["sa,\\", "DM", "DM"]], "free": [], "s_end": false, "iu_a_span": [72.88, 75.99], "meta": {"topic": "sapad-panay", "type": "Narrative", "language": "撒奇萊雅語, Sakizaya, Sakizaya", "speaker": "葉阿妹, panay, female, 1949-11-20", "collected": "2008-01-05", "revised": "2017-7-9", "video": "skzyNr-sapat_Panay.mp3"}, "file": "Sakizaya_Sakizaya/skzyNr-sapat_Panay", "num": 32}], [33, {"ori": [], "gloss": [["...(0.8)", "", ""], ["u==,\\", "CN", "CN"]], "free": [], "s_end": false, "iu_a_span": [75.99, 77.55], "meta": {"topic": "sapad-panay", "type": "Narrative", "language": "撒奇萊雅語, Sakizaya, Sakizaya", "speaker": "葉阿妹, panay, female, 1949-11-20", "collected": "2008-01-05", "revised": "2017-7-9", "video": "skzyNr-sapat_Panay.mp3"}, "file": "Sakizaya_Sakizaya/skzyNr-sapat_Panay", "num": 33}], [34, {"ori": [], "gloss": [["...(1.0)", "", ""], ["u==", "CN", "CN"], ["sa,\\", "DM", "DM"]], "free": [], "s_end": false, "iu_a_span": [77.55, 79.35], "meta": {"topic": "sapad-panay", "type": "Narrative", "language": "撒奇萊雅語, Sakizaya, Sakizaya", "speaker": "葉阿妹, panay, female, 1949-11-20", "collected": "2008-01-05", "revised": "2017-7-9", "video": "skzyNr-sapat_Panay.mp3"}, "file": "Sakizaya_Sakizaya/skzyNr-sapat_Panay", "num": 34}], [35, {"ori": [], "gloss": [["..", "", ""], ["Sapad,\\", "PN", "地名"]], "free": [], "s_end": false, "iu_a_span": [79.35, 80.25], "meta": {"topic": "sapad-panay", "type": "Narrative", "language": "撒奇萊雅語, Sakizaya, Sakizaya", "speaker": "葉阿妹, panay, female, 1949-11-20", "collected": "2008-01-05", "revised": "2017-7-9", "video": "skzyNr-sapat_Panay.mp3"}, "file": "Sakizaya_Sakizaya/skzyNr-sapat_Panay", "num": 35}], [36, {"ori": [], "gloss": [["..", "", ""], ["han", "be.said", "被說"], ["nya==", "GEN.that", "屬格.那個"], ["<L2JlipunL2J>.\\", "Japanese", "日本人"]], "free": ["#e Japanese called it Sapad.", "#c 日本人說是Sapad。"], "s_end": true, "iu_a_span": [80.25, 81.96], "meta": {"topic": "sapad-panay", "type": "Narrative", "language": "撒奇萊雅語, Sakizaya, Sakizaya", "speaker": "葉阿妹, panay, female, 1949-11-20", "collected": "2008-01-05", "revised": "2017-7-9", "video": "skzyNr-sapat_Panay.mp3"}, "s_a_span": [72.88, 81.96], "file": "Sakizaya_Sakizaya/skzyNr-sapat_Panay", "num": 36}], [37, {"ori": [], "gloss": [["...", "", ""], ["ye==", "there", "那裡"], ["za", "PREP", "介系詞"], ["i", "FS", "FS"], ["sa", "PREP", "介系詞"], ["i", "PN", "地名"], ["Sapad", "be.said", "被說"], ["han", "GEN.that", "屬格.那個"], ["nya", "Japanese", "日本人"], ["<L2JlipunL2J>.\\", "", ""]], "free": ["#e There were Japanese in Sapad.", "#c 有日本人在Sapad。"], "s_end": true, "iu_a_span": [81.96, 85.79], "meta": {"topic": "sapad-panay", "type": "Narrative", "language": "撒奇萊雅語, Sakizaya, Sakizaya", "speaker": "葉阿妹, panay, female, 1949-11-20", "collected": "2008-01-05", "revised": "2017-7-9", "video": "skzyNr-sapat_Panay.mp3"}, "s_a_span": [81.96, 85.79], "file": "Sakizaya_Sakizaya/skzyNr-sapat_Panay", "num": 37}], [38, {"ori": [], "gloss": [["...", "", ""], ["tayni", "come.here", "來這裡"], ["sa=tu", "DM=PFV", "DM=完成貌"], ["ku==,\\", "NOM", "主格"]], "free": [], "s_end": false, "iu_a_span": [85.79, 87.55], "meta": {"topic": "sapad-panay", "type": "Narrative", "language": "撒奇萊雅語, Sakizaya, Sakizaya", "speaker": "葉阿妹, panay, female, 1949-11-20", "collected": "2008-01-05", "revised": "2017-7-9", "video": "skzyNr-sapat_Panay.mp3"}, "file": "Sakizaya_Sakizaya/skzyNr-sapat_Panay", "num": 38}], [39, {"ori": [], "gloss": [["..", "", ""], ["u==", "CN", "CN"], ["hya", "that", "那個"], ["u==", "CN", "CN"], ["luwak", "Chinese", "漢人"], ["sa.\\", "DM", "DM"]], "free": ["#e The Chinese came here.", "#c 漢人來這裡。"], "s_end": true, "iu_a_span": [87.55, 90.06], "meta": {"topic": "sapad-panay", "type": "Narrative", "language": "撒奇萊雅語, Sakizaya, Sakizaya", "speaker": "葉阿妹, panay, female, 1949-11-20", "collected": "2008-01-05", "revised": "2017-7-9", "video": "skzyNr-sapat_Panay.mp3"}, "s_a_span": [85.79, 90.06], "file": "Sakizaya_Sakizaya/skzyNr-sapat_Panay", "num": 39}], [40, {"ori": [], "gloss": [["...(0.7)", "", ""], ["u", "CN", "CN"], ["Sapadien", "PN", "地名"], ["han", "HAN", "HAN"], ["ku", "TOP", "主題標記"], ["nu", "GEN", "屬格"], ["luwak", "Chinese", "漢人"], ["a=ni-pa-ngangan", "FUT=NI-CAU-name", "表未來=NI-使動-名字"], ["saka.\\", "DM", "DM"]], "free": ["#e The Chinese named it as Sapadien.", "#c 漢人取名為Sapadien。", "#n 其他例子為ani-ka-sumad，sumad為「改變」，而ani-ka-sumad有「自然變化」的意思。"], "s_end": true, "iu_a_span": [90.06, 94.48], "meta": {"topic": "sapad-panay", "type": "Narrative", "language": "撒奇萊雅語, Sakizaya, Sakizaya", "speaker": "葉阿妹, panay, female, 1949-11-20", "collected": "2008-01-05", "revised": "2017-7-9", "video": "skzyNr-sapat_Panay.mp3"}, "s_a_span": [90.06, 94.48], "file": "Sakizaya_Sakizaya/skzyNr-sapat_Panay", "num": 40}], [41, {"ori": [], "gloss": [["...", "", ""], ["ta-cuwa", "go-where", "去-哪裡"], ["kamu", "2PL.NOM", "2PL.主格"], ["han", "be.said", "被說"], ["i", "PREP", "介系詞"], ["mahini", "this.time", "這時候"], ["ku==", "NOM", "主格"], ["sa", "DM", "DM"], ["ku==", "NOM", "主格"], ["hiya", "that", "那個"], ["ku==,-", "NOM", "主格"]], "free": [], "s_end": false, "iu_a_span": [94.48, 98.88], "meta": {"topic": "sapad-panay", "type": "Narrative", "language": "撒奇萊雅語, Sakizaya, Sakizaya", "speaker": "葉阿妹, panay, female, 1949-11-20", "collected": "2008-01-05", "revised": "2017-7-9", "video": "skzyNr-sapat_Panay.mp3"}, "file": "Sakizaya_Sakizaya/skzyNr-sapat_Panay", "num": 41}], [42, {"ori": [], "gloss": [["...", "", ""], ["ku", "NOM", "主格"], ["tamdaw", "people", "人"], ["amin", "all", "全部"], ["sa.\\", "DM", "DM"]], "free": [], "s_end": false, "iu_a_span": [98.88, 100.78], "meta": {"topic": "sapad-panay", "type": "Narrative", "language": "撒奇萊雅語, Sakizaya, Sakizaya", "speaker": "葉阿妹, panay, female, 1949-11-20", "collected": "2008-01-05", "revised": "2017-7-9", "video": "skzyNr-sapat_Panay.mp3"}, "file": "Sakizaya_Sakizaya/skzyNr-sapat_Panay", "num": 42}], [43, {"ori": [], "gloss": [["...", "", ""], ["Sapadien", "PN", "地名"], ["sa", "say", "說"], ["ku", "NOM", "主格"], ["luwak.\\", "Chinese", "漢人"]], "free": ["#e When asked where you were, the Chinese answered Sapadien.", "#c 當被問到哪裡去了，漢人就說 Sapadien。", "#n tamdaw 為阿美語，撒奇萊雅語則為tademaw。"], "s_end": true, "iu_a_span": [100.78, 102.95], "meta": {"topic": "sapad-panay", "type": "Narrative", "language": "撒奇萊雅語, Sakizaya, Sakizaya", "speaker": "葉阿妹, panay, female, 1949-11-20", "collected": "2008-01-05", "revised": "2017-7-9", "video": "skzyNr-sapat_Panay.mp3"}, "s_a_span": [94.48, 102.95], "file": "Sakizaya_Sakizaya/skzyNr-sapat_Panay", "num": 43}], [44, {"ori": [], "gloss": [["...", "", ""], ["u", "CN", "CN"], ["nu", "GEN", "屬格"], ["mita", "1PL.POSS.INCL", "1PL.所有格.包含"], ["sa", "TOP", "主題標記"], ["u", "CN", "CN"], ["Sakizaya", "PN", "專名"], ["sa", "say", "說"], ["i", "PREP", "介系詞"], ["Sapad.\\", "PN", "地名"]], "free": [], "s_end": false, "iu_a_span": [102.95, 106.25], "meta": {"topic": "sapad-panay", "type": "Narrative", "language": "撒奇萊雅語, Sakizaya, Sakizaya", "speaker": "葉阿妹, panay, female, 1949-11-20", "collected": "2008-01-05", "revised": "2017-7-9", "video": "skzyNr-sapat_Panay.mp3"}, "file": "Sakizaya_Sakizaya/skzyNr-sapat_Panay", "num": 44}], [45, {"ori": [], "gloss": [["..", "", ""], ["han", "be.said", "被說"], ["ku", "NOM", "主格"], ["nu", "GEN", "屬格"], ["mita", "1PL.POSS.INCL", "1PL.所有格.包含"], ["i", "PREP", "介系詞"], ["mahini.-", "AF-this.way", "主焦-這樣"]], "free": ["#e At this time, the Sakizaya said Sapad.", "#c 我們Sakizaya這時候就說Sapad。"], "s_end": true, "iu_a_span": [106.25, 107.86], "meta": {"topic": "sapad-panay", "type": "Narrative", "language": "撒奇萊雅語, Sakizaya, Sakizaya", "speaker": "葉阿妹, panay, female, 1949-11-20", "collected": "2008-01-05", "revised": "2017-7-9", "video": "skzyNr-sapat_Panay.mp3"}, "s_a_span": [102.95, 107.86], "file": "Sakizaya_Sakizaya/skzyNr-sapat_Panay", "num": 45}], [46, {"ori": [], "gloss": [["..", "", ""], ["izay", "because", "因為"], ["han", "be.said", "被說"], ["sa", "DM", "DM"], ["ya", "that", "那"], ["Sapad", "PN", "地名"], ["hananay", "so.called", "所謂的"], ["a", "LNK", "連繫詞"], ["ngangan,-", "name", "名字"]], "free": [], "s_end": false, "iu_a_span": [107.86, 110.4], "meta": {"topic": "sapad-panay", "type": "Narrative", "language": "撒奇萊雅語, Sakizaya, Sakizaya", "speaker": "葉阿妹, panay, female, 1949-11-20", "collected": "2008-01-05", "revised": "2017-7-9", "video": "skzyNr-sapat_Panay.mp3"}, "file": "Sakizaya_Sakizaya/skzyNr-sapat_Panay", "num": 46}], [47, {"ori": [], "gloss": [["...", "", ""], ["u", "CN", "CN"], ["nu", "GEN", "屬格"], ["<L2JlipunL2J>", "Japanese", "日本人"], ["kuyza", "NOM.that", "主格.那個"], ["a=ni-pa-ngangan", "FUT=NI-CAU-name", "表未來=NI-使動-名字"], ["sa.\\", "DM", "DM"]], "free": ["#e Because the Japanese named this place as Sapad.", "#c 因為日本人把這裡取做 Sapad。"], "s_end": true, "iu_a_span": [110.4, 113.37], "meta": {"topic": "sapad-panay", "type": "Narrative", "language": "撒奇萊雅語, Sakizaya, Sakizaya", "speaker": "葉阿妹, panay, female, 1949-11-20", "collected": "2008-01-05", "revised": "2017-7-9", "video": "skzyNr-sapat_Panay.mp3"}, "s_a_span": [107.86, 113.37], "file": "Sakizaya_Sakizaya/skzyNr-sapat_Panay", "num": 47}], [48, {"ori": [], "gloss": [["...", "", ""], ["u", "CN", "CN"], ["nu", "GEN", "屬格"], ["Sakizaya", "PN", "專名"], ["a=ni-pa-ngangan", "FUT=NI-CAU-name", "表未來=NI-使動-名字"], ["i", "PREP", "介系詞"], ["tawya", "that.time", "那時"], ["henay", "still", "還"], ["tya,\\", "GEN.that", "屬格.那個"]], "free": [], "s_end": false, "iu_a_span": [113.37, 117.58], "meta": {"topic": "sapad-panay", "type": "Narrative", "language": "撒奇萊雅語, Sakizaya, Sakizaya", "speaker": "葉阿妹, panay, female, 1949-11-20", "collected": "2008-01-05", "revised": "2017-7-9", "video": "skzyNr-sapat_Panay.mp3"}, "file": "Sakizaya_Sakizaya/skzyNr-sapat_Panay", "num": 48}], [49, {"ori": [], "gloss": [["..", "", ""], ["e", "FIL", "FIL"], ["i", "PREP", "介系詞"], ["tiza-ay", "there-FAC", "那裏-表事實"], ["i", "PREP", "介系詞"], ["sapad.\\", "PN", "地名"]], "free": ["#e The name given by the Sakizaya was Sapad.", "#c 那時候撒奇萊雅族取的名字是Sapad。"], "s_end": true, "iu_a_span": [117.58, 119.56], "meta": {"topic": "sapad-panay", "type": "Narrative", "language": "撒奇萊雅語, Sakizaya, Sakizaya", "speaker": "葉阿妹, panay, female, 1949-11-20", "collected": "2008-01-05", "revised": "2017-7-9", "video": "skzyNr-sapat_Panay.mp3"}, "s_a_span": [113.37, 119.56], "file": "Sakizaya_Sakizaya/skzyNr-sapat_Panay", "num": 49}], [50, {"ori": [], "gloss": [["..", "", ""], ["i==,-", "PREP", "介系詞"]], "free": [], "s_end": false, "iu_a_span": [119.56, 120.26], "meta": {"topic": "sapad-panay", "type": "Narrative", "language": "撒奇萊雅語, Sakizaya, Sakizaya", "speaker": "葉阿妹, panay, female, 1949-11-20", "collected": "2008-01-05", "revised": "2017-7-9", "video": "skzyNr-sapat_Panay.mp3"}, "file": "Sakizaya_Sakizaya/skzyNr-sapat_Panay", "num": 50}], [51, {"ori": [], "gloss": [["...", "", ""], ["ma-sa-enal-ay", "AF-do-plateau-FAC", "主焦-做-平原-表事實"], ["i", "PREP", "介系詞"], ["pabaw", "upper.part", "上面"], ["a", "LNK", "連繫詞"], ["niyazu’", "tribe", "部落"], ["sa.\\", "DM", "DM"]], "free": [], "s_end": false, "iu_a_span": [120.26, 122.97], "meta": {"topic": "sapad-panay", "type": "Narrative", "language": "撒奇萊雅語, Sakizaya, Sakizaya", "speaker": "葉阿妹, panay, female, 1949-11-20", "collected": "2008-01-05", "revised": "2017-7-9", "video": "skzyNr-sapat_Panay.mp3"}, "file": "Sakizaya_Sakizaya/skzyNr-sapat_Panay", "num": 51}], [52, {"ori": [], "gloss": [["...(0.7)", "", ""], ["Tapad", "PN", "地名"], ["han", "TOP", "主題標記"], ["ku", "NOM", "主格"], ["kamu", "2PL.NOM", "2PL.主格"], ["sa", "say", "說"], ["ku", "NOM", "主格"], ["babalaki", "old.man", "老人"], ["i", "PREP", "介系詞"], ["tawya", "that.time", "那時候"], ["henay.\\", "still", "還"]], "free": ["#e At that time, the old man called the tribe on a plateau Sapad.", "#c 那時候老人家說平原上的部落是Sapad。"], "s_end": true, "iu_a_span": [122.97, 127.29], "meta": {"topic": "sapad-panay", "type": "Narrative", "language": "撒奇萊雅語, Sakizaya, Sakizaya", "speaker": "葉阿妹, panay, female, 1949-11-20", "collected": "2008-01-05", "revised": "2017-7-9", "video": "skzyNr-sapat_Panay.mp3"}, "s_a_span": [119.56, 127.29], "file": "Sakizaya_Sakizaya/skzyNr-sapat_Panay", "num": 52}], [53, {"ori": [], "gloss": [["...", "", ""], ["saka", "SAKA", "SAKA"], ["i", "PREP", "介系詞"], ["mahini", "this.time", "這時"], ["e==,-", "FIL", "FIL"]], "free": [], "s_end": false, "iu_a_span": [127.29, 129.23], "meta": {"topic": "sapad-panay", "type": "Narrative", "language": "撒奇萊雅語, Sakizaya, Sakizaya", "speaker": "葉阿妹, panay, female, 1949-11-20", "collected": "2008-01-05", "revised": "2017-7-9", "video": "skzyNr-sapat_Panay.mp3"}, "file": "Sakizaya_Sakizaya/skzyNr-sapat_Panay", "num": 53}], [54, {"ori": [], "gloss": [["...", "", ""], ["u", "CN", "CN"], ["<L2JcosinL2J>", "center", "中心"], ["tu", "TOP", "主題標記"], ["nu==", "GEN", "屬格"], ["sa-sakamu-an=tu", "SA-speak-PF=PFV", "SA-說-受焦=完成貌"], ["i", "PREP", "介系詞"], ["mahini", "this.time", "這時"], ["tu", "OBL", "斜格"], ["ngangan", "name", "名字"], ["nya", "GEN.that", "屬格.那個"], ["hiza", "that", "那個"], ["sa.\\", "DM", "DM"]], "free": ["#e It became the center of conversation then.", "#c 這時候那東西變成談話的中心。", "#n cosin為日本漢字語，寫成中心。"], "s_end": true, "iu_a_span": [129.23, 133.73], "meta": {"topic": "sapad-panay", "type": "Narrative", "language": "撒奇萊雅語, Sakizaya, Sakizaya", "speaker": "葉阿妹, panay, female, 1949-11-20", "collected": "2008-01-05", "revised": "2017-7-9", "video": "skzyNr-sapat_Panay.mp3"}, "s_a_span": [127.29, 133.73], "file": "Sakizaya_Sakizaya/skzyNr-sapat_Panay", "num": 54}], [55, {"ori": [], "gloss": [["...", "", ""], ["u", "CN", "CN"], ["Sapad", "PN", "地名"], ["han", "TOP", "主題標記"], ["ku", "NOM", "主格"], ["nu", "GEN", "屬格"], ["mita", "1PL.POSS.INCL", "1PL.所有格.包含"], ["u==,-", "CN", "CN"]], "free": [], "s_end": false, "iu_a_span": [133.73, 136.81], "meta": {"topic": "sapad-panay", "type": "Narrative", "language": "撒奇萊雅語, Sakizaya, Sakizaya", "speaker": "葉阿妹, panay, female, 1949-11-20", "collected": "2008-01-05", "revised": "2017-7-9", "video": "skzyNr-sapat_Panay.mp3"}, "file": "Sakizaya_Sakizaya/skzyNr-sapat_Panay", "num": 55}], [56, {"ori": [], "gloss": [["..", "", ""], ["u", "CN", "CN"], ["Pangcah,\\", "Amis", "阿美族"]], "free": [], "s_end": false, "iu_a_span": [136.81, 137.79], "meta": {"topic": "sapad-panay", "type": "Narrative", "language": "撒奇萊雅語, Sakizaya, Sakizaya", "speaker": "葉阿妹, panay, female, 1949-11-20", "collected": "2008-01-05", "revised": "2017-7-9", "video": "skzyNr-sapat_Panay.mp3"}, "file": "Sakizaya_Sakizaya/skzyNr-sapat_Panay", "num": 56}], [57, {"ori": [], "gloss": [["...", "", ""], ["u==", "CN", "CN"], ["Sakizaya,\\", "sakizaya", "撒其萊雅族"]], "free": ["#e Sapad was ours (Sakizaya’s).", "#c 我們撒其萊雅族的Sapad。", "#n pangcah為阿美族族人稱阿美族人時的用法。"], "s_end": true, "iu_a_span": [137.79, 139.8], "meta": {"topic": "sapad-panay", "type": "Narrative", "language": "撒奇萊雅語, Sakizaya, Sakizaya", "speaker": "葉阿妹, panay, female, 1949-11-20", "collected": "2008-01-05", "revised": "2017-7-9", "video": "skzyNr-sapat_Panay.mp3"}, "s_a_span": [133.73, 139.8], "file": "Sakizaya_Sakizaya/skzyNr-sapat_Panay", "num": 57}], [58, {"ori": [], "gloss": [["...", "", ""], ["nu", "GEN", "屬格"], ["tek", "TEK", "TEK"], ["nu", "GEN", "屬格"], ["hya", "that", "那個"], ["aca", "too", "也"], ["nu", "GEN", "屬格"], ["luwak,\\", "Chinese", "漢人"]], "free": [], "s_end": false, "iu_a_span": [139.8, 142.14], "meta": {"topic": "sapad-panay", "type": "Narrative", "language": "撒奇萊雅語, Sakizaya, Sakizaya", "speaker": "葉阿妹, panay, female, 1949-11-20", "collected": "2008-01-05", "revised": "2017-7-9", "video": "skzyNr-sapat_Panay.mp3"}, "file": "Sakizaya_Sakizaya/skzyNr-sapat_Panay", "num": 58}], [59, {"ori": [], "gloss": [["..", "", ""], ["a", "LNK", "連繫詞"], ["kamu", "speech", "話"], ["kuyza", "NOM.that", "主格.那個"], ["u,", "CN", "CN"]], "free": [], "s_end": false, "iu_a_span": [142.14, 143.39], "meta": {"topic": "sapad-panay", "type": "Narrative", "language": "撒奇萊雅語, Sakizaya, Sakizaya", "speaker": "葉阿妹, panay, female, 1949-11-20", "collected": "2008-01-05", "revised": "2017-7-9", "video": "skzyNr-sapat_Panay.mp3"}, "file": "Sakizaya_Sakizaya/skzyNr-sapat_Panay", "num": 59}], [60, {"ori": [], "gloss": [["...", "", ""], ["Sapadien", "PN", "地名"], ["sa", "say", "說"], ["hananay", "so.called", "所謂的"], ["mahini-ay.\\", "this.time-FAC", "這時候-表事實"]], "free": ["#e Only the Chinese called it Sapadien.", "#c 只有漢人會說Sapadien。"], "s_end": true, "iu_a_span": [143.39, 146.06], "meta": {"topic": "sapad-panay", "type": "Narrative", "language": "撒奇萊雅語, Sakizaya, Sakizaya", "speaker": "葉阿妹, panay, female, 1949-11-20", "collected": "2008-01-05", "revised": "2017-7-9", "video": "skzyNr-sapat_Panay.mp3"}, "s_a_span": [139.8, 146.06], "file": "Sakizaya_Sakizaya/skzyNr-sapat_Panay", "num": 60}]], "meta": {"topic": "sapad-panay", "type": "Narrative", "language": "撒奇萊雅語, Sakizaya, Sakizaya", "speaker": "葉阿妹, panay, female, 1949-11-20", "collected": "2008-01-05", "revised": "2017-7-9", "video": "skzyNr-sapat_Panay.mp3"}}