{"glosses": [[1, {"ori": [], "gloss": [["...(6.6)", "", ""], ["miana,_", "in.the.past", "以前"]], "free": [], "s_end": false, "iu_a_span": [6.64, 7.24], "meta": {"topic": "Frog story", "type": "Narrative", "language": "卡那卡那富語, Kanakanavu, Kanakanavu", "speaker": "翁博學, 'Angai Ka'angena, male, 1953-11-16", "collected": "13:57", "revised": "2015-9-2", "video": "kkvNr-frogstory_angai.mp3"}, "file": "Kanakanavu_Kanakanavu/kkvNr-frogstory_angai", "num": 1}], [2, {"ori": [], "gloss": [["...", "", ""], ["’una", "EXIST", "存在"], ["kaan", "KAN", "KAN"], ["tacin", "one.HUM", "一.屬人"], ["manu,\\", "kid", "小孩"]], "free": [], "s_end": false, "iu_a_span": [7.24, 10.44], "meta": {"topic": "Frog story", "type": "Narrative", "language": "卡那卡那富語, Kanakanavu, Kanakanavu", "speaker": "翁博學, 'Angai Ka'angena, male, 1953-11-16", "collected": "13:57", "revised": "2015-9-2", "video": "kkvNr-frogstory_angai.mp3"}, "file": "Kanakanavu_Kanakanavu/kkvNr-frogstory_angai", "num": 2}], [3, {"ori": [], "gloss": [["...(0.9)", "", ""], ["ah", "FIL", "FIL專有名詞"], ["Pori", "PN", "KAN"], ["kaan", "KAN", "FIL"], ["ah", "FIL", "名字=3SG.屬格"], ["nganai=in.\\", "", ""]], "free": ["#e In the past, there was a kid named Pori.", "#c 從前，有一個小孩，名字是Pori。"], "s_end": true, "iu_a_span": [10.44, 13.26], "meta": {"topic": "Frog story", "type": "Narrative", "language": "卡那卡那富語, Kanakanavu, Kanakanavu", "speaker": "翁博學, 'Angai Ka'angena, male, 1953-11-16", "collected": "13:57", "revised": "2015-9-2", "video": "kkvNr-frogstory_angai.mp3"}, "s_a_span": [6.64, 13.26], "file": "Kanakanavu_Kanakanavu/kkvNr-frogstory_angai", "num": 3}], [4, {"ori": [], "gloss": [["...(1.2)", "", ""], ["uh", "FIL", "FIL"], ["’una,_", "EXIST", "存在"]], "free": [], "s_end": false, "iu_a_span": [13.26, 15.72], "meta": {"topic": "Frog story", "type": "Narrative", "language": "卡那卡那富語, Kanakanavu, Kanakanavu", "speaker": "翁博學, 'Angai Ka'angena, male, 1953-11-16", "collected": "13:57", "revised": "2015-9-2", "video": "kkvNr-frogstory_angai.mp3"}, "file": "Kanakanavu_Kanakanavu/kkvNr-frogstory_angai", "num": 4}], [5, {"ori": [], "gloss": [["...", "", ""], ["ni-pa-pa-cʉvʉrʉ=kee,\\", "PFV-RED-CAU-grow=3SG.GEN", "過去-重疊-使役-生長=3SG.屬格"]], "free": ["#n cʉvʉrʉ生長。", "#n 「使生長」亦即「飼養」。", "#n cʉvʉrʉ生長。", "#n 「使生長」亦即「飼養」。"], "s_end": false, "iu_a_span": [15.72, 17.31], "meta": {"topic": "Frog story", "type": "Narrative", "language": "卡那卡那富語, Kanakanavu, Kanakanavu", "speaker": "翁博學, 'Angai Ka'angena, male, 1953-11-16", "collected": "13:57", "revised": "2015-9-2", "video": "kkvNr-frogstory_angai.mp3"}, "file": "Kanakanavu_Kanakanavu/kkvNr-frogstory_angai", "num": 5}], [6, {"ori": [], "gloss": [["...(1.3)", "", ""], ["takarura,\\", "grog", "青蛙"]], "free": [], "s_end": false, "iu_a_span": [17.31, 19.24], "meta": {"topic": "Frog story", "type": "Narrative", "language": "卡那卡那富語, Kanakanavu, Kanakanavu", "speaker": "翁博學, 'Angai Ka'angena, male, 1953-11-16", "collected": "13:57", "revised": "2015-9-2", "video": "kkvNr-frogstory_angai.mp3"}, "file": "Kanakanavu_Kanakanavu/kkvNr-frogstory_angai", "num": 6}], [7, {"ori": [], "gloss": [["...(0.8)", "", ""], ["mataa", "and", "和"], ["’una", "EXIST", "存在"], ["tamtitu.\\", "puppy", "幼狗"]], "free": ["#e (he) kept a frog and a puppy.", "#c 養了青蛙和小狗。", "#n tamtitu特指幼狗; tacau 狗的總稱。"], "s_end": true, "iu_a_span": [19.24, 21.49], "meta": {"topic": "Frog story", "type": "Narrative", "language": "卡那卡那富語, Kanakanavu, Kanakanavu", "speaker": "翁博學, 'Angai Ka'angena, male, 1953-11-16", "collected": "13:57", "revised": "2015-9-2", "video": "kkvNr-frogstory_angai.mp3"}, "s_a_span": [13.26, 21.49], "file": "Kanakanavu_Kanakanavu/kkvNr-frogstory_angai", "num": 7}], [8, {"ori": [], "gloss": [["...(1.5)", "", ""], ["eh", "FIL", "FIL"], ["cʉ’ʉrʉ-ʉn=kee", "see-PF=3SG.GEN", "看-受焦=3SG.屬格"], ["sua,_", "NOM", "主格"]], "free": [], "s_end": false, "iu_a_span": [21.49, 24.41], "meta": {"topic": "Frog story", "type": "Narrative", "language": "卡那卡那富語, Kanakanavu, Kanakanavu", "speaker": "翁博學, 'Angai Ka'angena, male, 1953-11-16", "collected": "13:57", "revised": "2015-9-2", "video": "kkvNr-frogstory_angai.mp3"}, "file": "Kanakanavu_Kanakanavu/kkvNr-frogstory_angai", "num": 8}], [9, {"ori": [], "gloss": [["...(1.4)", "", ""], ["uh", "FIL", "FIL"], ["ni-pa-pa-cʉvʉrʉ=kee", "PFV-RED-CAU-grow=3SG.GEN", "過去-重複-使役-生長=3SG.屬格"], ["sua,_", "NOM", "主格"]], "free": [], "s_end": false, "iu_a_span": [24.41, 27.88], "meta": {"topic": "Frog story", "type": "Narrative", "language": "卡那卡那富語, Kanakanavu, Kanakanavu", "speaker": "翁博學, 'Angai Ka'angena, male, 1953-11-16", "collected": "13:57", "revised": "2015-9-2", "video": "kkvNr-frogstory_angai.mp3"}, "file": "Kanakanavu_Kanakanavu/kkvNr-frogstory_angai", "num": 9}], [10, {"ori": [], "gloss": [["...(1.9)", "", ""], ["takarura._", "frog", "青蛙"]], "free": ["#e (He) saw the frog he kept.", "#c 看到所飼養的青蛙。"], "s_end": true, "iu_a_span": [27.88, 30.34], "meta": {"topic": "Frog story", "type": "Narrative", "language": "卡那卡那富語, Kanakanavu, Kanakanavu", "speaker": "翁博學, 'Angai Ka'angena, male, 1953-11-16", "collected": "13:57", "revised": "2015-9-2", "video": "kkvNr-frogstory_angai.mp3"}, "s_a_span": [21.49, 30.34], "file": "Kanakanavu_Kanakanavu/kkvNr-frogstory_angai", "num": 10}], [11, {"ori": [], "gloss": [["...", "", ""], ["’esi", "EXIST", "存在"], ["nia", "there", "那邊"], ["kangvang", "all", "全部"], ["sua,_", "NOM", "主格"]], "free": [], "s_end": false, "iu_a_span": [30.34, 32.22], "meta": {"topic": "Frog story", "type": "Narrative", "language": "卡那卡那富語, Kanakanavu, Kanakanavu", "speaker": "翁博學, 'Angai Ka'angena, male, 1953-11-16", "collected": "13:57", "revised": "2015-9-2", "video": "kkvNr-frogstory_angai.mp3"}, "file": "Kanakanavu_Kanakanavu/kkvNr-frogstory_angai", "num": 11}], [12, {"ori": [], "gloss": [["..", "", ""], ["ta", "FS", "FS"], ["ʉncoo", "FIL", "FIL"], ["tamtitu,_", "puppy", "幼狗"]], "free": [], "s_end": false, "iu_a_span": [32.22, 33.55], "meta": {"topic": "Frog story", "type": "Narrative", "language": "卡那卡那富語, Kanakanavu, Kanakanavu", "speaker": "翁博學, 'Angai Ka'angena, male, 1953-11-16", "collected": "13:57", "revised": "2015-9-2", "video": "kkvNr-frogstory_angai.mp3"}, "file": "Kanakanavu_Kanakanavu/kkvNr-frogstory_angai", "num": 12}], [13, {"ori": [], "gloss": [["...", "", ""], ["’esi", "EXIST", "存在"], ["(COUGH)", "", ""], ["^porun.\\", "bark.AF", "狗吠.主焦"]], "free": ["#e The puppy was barking there.", "#c 小狗都在那邊一直叫。", "#n umoni 鳥禽類在叫。"], "s_end": true, "iu_a_span": [33.55, 35.15], "meta": {"topic": "Frog story", "type": "Narrative", "language": "卡那卡那富語, Kanakanavu, Kanakanavu", "speaker": "翁博學, 'Angai Ka'angena, male, 1953-11-16", "collected": "13:57", "revised": "2015-9-2", "video": "kkvNr-frogstory_angai.mp3"}, "s_a_span": [30.34, 35.15], "file": "Kanakanavu_Kanakanavu/kkvNr-frogstory_angai", "num": 13}], [14, {"ori": [], "gloss": [["...(1.6)", "", ""], ["ʉ", "", ""], ["makasua=cu,_", "FIL", "FIL"]], "free": [], "s_end": false, "iu_a_span": [35.15, 37.83], "meta": {"topic": "Frog story", "type": "Narrative", "language": "卡那卡那富語, Kanakanavu, Kanakanavu", "speaker": "翁博學, 'Angai Ka'angena, male, 1953-11-16", "collected": "13:57", "revised": "2015-9-2", "video": "kkvNr-frogstory_angai.mp3"}, "file": "Kanakanavu_Kanakanavu/kkvNr-frogstory_angai", "num": 14}], [15, {"ori": [], "gloss": [["...(2.1)", "", ""], ["ʉ==,_", "", ""]], "free": [], "s_end": false, "iu_a_span": [37.83, 40.57], "meta": {"topic": "Frog story", "type": "Narrative", "language": "卡那卡那富語, Kanakanavu, Kanakanavu", "speaker": "翁博學, 'Angai Ka'angena, male, 1953-11-16", "collected": "13:57", "revised": "2015-9-2", "video": "kkvNr-frogstory_angai.mp3"}, "file": "Kanakanavu_Kanakanavu/kkvNr-frogstory_angai", "num": 15}], [16, {"ori": [], "gloss": [["...ʉ", "", ""], ["’esi=cu", "FIL", "FIL"], ["masarunpʉ,_", "EXIST=COS", "存在=COS"]], "free": ["#n n這裡常有同化作用，會發成masarumpʉ。", "#n n這裡常有同化作用，會發成masarumpʉ。"], "s_end": false, "iu_a_span": [40.57, 42.61], "meta": {"topic": "Frog story", "type": "Narrative", "language": "卡那卡那富語, Kanakanavu, Kanakanavu", "speaker": "翁博學, 'Angai Ka'angena, male, 1953-11-16", "collected": "13:57", "revised": "2015-9-2", "video": "kkvNr-frogstory_angai.mp3"}, "file": "Kanakanavu_Kanakanavu/kkvNr-frogstory_angai", "num": 16}], [17, {"ori": [], "gloss": [["...", "", ""], ["s<in>’icʉpʉ", "<PFV>sleep.AF", "<過去>睡.主焦"], ["na,_", "LOC", "處所"]], "free": [], "s_end": false, "iu_a_span": [42.61, 44.11], "meta": {"topic": "Frog story", "type": "Narrative", "language": "卡那卡那富語, Kanakanavu, Kanakanavu", "speaker": "翁博學, 'Angai Ka'angena, male, 1953-11-16", "collected": "13:57", "revised": "2015-9-2", "video": "kkvNr-frogstory_angai.mp3"}, "file": "Kanakanavu_Kanakanavu/kkvNr-frogstory_angai", "num": 17}], [18, {"ori": [], "gloss": [["..", "", ""], ["tatarʉ", "bed", "床鋪"], ["sua,_", "NOM", "主格"]], "free": [], "s_end": false, "iu_a_span": [44.11, 45.07], "meta": {"topic": "Frog story", "type": "Narrative", "language": "卡那卡那富語, Kanakanavu, Kanakanavu", "speaker": "翁博學, 'Angai Ka'angena, male, 1953-11-16", "collected": "13:57", "revised": "2015-9-2", "video": "kkvNr-frogstory_angai.mp3"}, "file": "Kanakanavu_Kanakanavu/kkvNr-frogstory_angai", "num": 18}], [19, {"ori": [], "gloss": [["...", "", ""], ["ʉ==", "", ""], ["ma-manu.\\", "FIL", "FIL"]], "free": ["#e Afterwards, the kids had felt sleepy and slept in the bed.", "#c 之後，小孩覺得睏了，在床上睡覺。"], "s_end": true, "iu_a_span": [45.07, 46.72], "meta": {"topic": "Frog story", "type": "Narrative", "language": "卡那卡那富語, Kanakanavu, Kanakanavu", "speaker": "翁博學, 'Angai Ka'angena, male, 1953-11-16", "collected": "13:57", "revised": "2015-9-2", "video": "kkvNr-frogstory_angai.mp3"}, "s_a_span": [35.15, 46.72], "file": "Kanakanavu_Kanakanavu/kkvNr-frogstory_angai", "num": 19}], [20, {"ori": [], "gloss": [["...", "", ""], ["sua", "NOM", "主格"], ["Pori", "PN", "專有名詞"], ["kisʉ-ʉn,\\", "call-PV", "稱作-受焦"]], "free": [], "s_end": false, "iu_a_span": [46.72, 48.04], "meta": {"topic": "Frog story", "type": "Narrative", "language": "卡那卡那富語, Kanakanavu, Kanakanavu", "speaker": "翁博學, 'Angai Ka'angena, male, 1953-11-16", "collected": "13:57", "revised": "2015-9-2", "video": "kkvNr-frogstory_angai.mp3"}, "file": "Kanakanavu_Kanakanavu/kkvNr-frogstory_angai", "num": 20}], [21, {"ori": [], "gloss": [["...(0.8)", "", ""], ["mataa", "and", "和"], ["nguain", "3SG.NOM", "3SG.主格"], ["tamna", "POSS", "所有"], ["tamtitu,_", "puppy", "幼狗"]], "free": [], "s_end": false, "iu_a_span": [48.04, 50.49], "meta": {"topic": "Frog story", "type": "Narrative", "language": "卡那卡那富語, Kanakanavu, Kanakanavu", "speaker": "翁博學, 'Angai Ka'angena, male, 1953-11-16", "collected": "13:57", "revised": "2015-9-2", "video": "kkvNr-frogstory_angai.mp3"}, "file": "Kanakanavu_Kanakanavu/kkvNr-frogstory_angai", "num": 21}], [22, {"ori": [], "gloss": [["...", "", ""], ["arakukun", "together.AF", "一起.主焦"], ["si’icʉpʉ.\\", "sleep.AF", "睡覺.主焦"]], "free": ["#e Pori and his puppy slept together.", "#c Pori和她的小狗一起睡覺。"], "s_end": true, "iu_a_span": [50.49, 52.04], "meta": {"topic": "Frog story", "type": "Narrative", "language": "卡那卡那富語, Kanakanavu, Kanakanavu", "speaker": "翁博學, 'Angai Ka'angena, male, 1953-11-16", "collected": "13:57", "revised": "2015-9-2", "video": "kkvNr-frogstory_angai.mp3"}, "s_a_span": [46.72, 52.04], "file": "Kanakanavu_Kanakanavu/kkvNr-frogstory_angai", "num": 22}], [23, {"ori": [], "gloss": [["...(1.2)", "", ""], ["ʉ==", "", ""], ["mesua", "FIL", "FIL"], ["ia,_", "then", "當時"]], "free": ["#n mesua稍早的發音是miasua。", "#n mesua稍早的發音是miasua。"], "s_end": false, "iu_a_span": [52.04, 54.31], "meta": {"topic": "Frog story", "type": "Narrative", "language": "卡那卡那富語, Kanakanavu, Kanakanavu", "speaker": "翁博學, 'Angai Ka'angena, male, 1953-11-16", "collected": "13:57", "revised": "2015-9-2", "video": "kkvNr-frogstory_angai.mp3"}, "file": "Kanakanavu_Kanakanavu/kkvNr-frogstory_angai", "num": 23}], [24, {"ori": [], "gloss": [["...(1.2)", "", ""], ["sua", "NOM", "主格"], ["kavangvang,_", "all", "全部"]], "free": [], "s_end": false, "iu_a_span": [54.31, 56.36], "meta": {"topic": "Frog story", "type": "Narrative", "language": "卡那卡那富語, Kanakanavu, Kanakanavu", "speaker": "翁博學, 'Angai Ka'angena, male, 1953-11-16", "collected": "13:57", "revised": "2015-9-2", "video": "kkvNr-frogstory_angai.mp3"}, "file": "Kanakanavu_Kanakanavu/kkvNr-frogstory_angai", "num": 24}], [25, {"ori": [], "gloss": [["...", "", ""], ["nguain", "3SG.NOM", "3SG.主格"], ["tamna", "POSS", "所有"], ["tikuru,_", "clothes", "衣服"]], "free": ["#n vankavuku 長褲。", "#n saputu 裙子。", "#n nakʉvʉ 指某物品，可能用布或麻所製成。", "#n nonoman 指除了吃的東西除外的所有物品。", "#n vankavuku 長褲。", "#n saputu 裙子。", "#n nakʉvʉ 指某物品，可能用布或麻所製成。", "#n nonoman 指除了吃的東西除外的所有物品。"], "s_end": false, "iu_a_span": [56.36, 57.96], "meta": {"topic": "Frog story", "type": "Narrative", "language": "卡那卡那富語, Kanakanavu, Kanakanavu", "speaker": "翁博學, 'Angai Ka'angena, male, 1953-11-16", "collected": "13:57", "revised": "2015-9-2", "video": "kkvNr-frogstory_angai.mp3"}, "file": "Kanakanavu_Kanakanavu/kkvNr-frogstory_angai", "num": 25}], [26, {"ori": [], "gloss": [["...(0.8)", "", ""], ["mataa", "and", "和"], ["nguain", "3SG.NOM", "3SG.主格"], ["tamna", "POSS", "所有"], ["carapung,_", "hat", "帽子"]], "free": [], "s_end": false, "iu_a_span": [57.96, 60.72], "meta": {"topic": "Frog story", "type": "Narrative", "language": "卡那卡那富語, Kanakanavu, Kanakanavu", "speaker": "翁博學, 'Angai Ka'angena, male, 1953-11-16", "collected": "13:57", "revised": "2015-9-2", "video": "kkvNr-frogstory_angai.mp3"}, "file": "Kanakanavu_Kanakanavu/kkvNr-frogstory_angai", "num": 26}], [27, {"ori": [], "gloss": [["...(0.8)", "", ""], ["sua", "NOM", "主格"], ["ni-pa-pa-cʉvʉrʉ=kee.\\", "PFV-RED-CAU-grow=3SG.GEN", "完成-重疊-使役-生長=3SG.屬格"]], "free": ["#e Then, all his clothes, hat, and what he fed…", "#c 當時，他的所有衣服、帽子和所養的", "#n 此句尚未完整。"], "s_end": true, "iu_a_span": [60.72, 62.9], "meta": {"topic": "Frog story", "type": "Narrative", "language": "卡那卡那富語, Kanakanavu, Kanakanavu", "speaker": "翁博學, 'Angai Ka'angena, male, 1953-11-16", "collected": "13:57", "revised": "2015-9-2", "video": "kkvNr-frogstory_angai.mp3"}, "s_a_span": [52.04, 62.9], "file": "Kanakanavu_Kanakanavu/kkvNr-frogstory_angai", "num": 27}], [28, {"ori": [], "gloss": [["...", "", ""], ["sua", "NOM", "主格"], ["ʉncoo,_", "FIL", "FIL"]], "free": [], "s_end": false, "iu_a_span": [62.9, 64.26], "meta": {"topic": "Frog story", "type": "Narrative", "language": "卡那卡那富語, Kanakanavu, Kanakanavu", "speaker": "翁博學, 'Angai Ka'angena, male, 1953-11-16", "collected": "13:57", "revised": "2015-9-2", "video": "kkvNr-frogstory_angai.mp3"}, "file": "Kanakanavu_Kanakanavu/kkvNr-frogstory_angai", "num": 28}], [29, {"ori": [], "gloss": [["..", "", ""], ["takaruru", "frog", "青蛙"], ["ia,_", "TOP", "主題"]], "free": [], "s_end": false, "iu_a_span": [64.26, 65.22], "meta": {"topic": "Frog story", "type": "Narrative", "language": "卡那卡那富語, Kanakanavu, Kanakanavu", "speaker": "翁博學, 'Angai Ka'angena, male, 1953-11-16", "collected": "13:57", "revised": "2015-9-2", "video": "kkvNr-frogstory_angai.mp3"}, "file": "Kanakanavu_Kanakanavu/kkvNr-frogstory_angai", "num": 29}], [30, {"ori": [], "gloss": [["...", "", ""], ["’esi", "EXIST", "存在"], ["tisikara", "inside", "裡面"], ["na,_", "LOC", "處所"]], "free": ["#n tisikara指在洞或是容器裡面。", "#n pipiningi 室外、外面、廣場。", "#n aravang 有屋子的室內。", "#n tisikara指在洞或是容器裡面。", "#n pipiningi 室外、外面、廣場。", "#n aravang 有屋子的室內。"], "s_end": false, "iu_a_span": [65.22, 66.81], "meta": {"topic": "Frog story", "type": "Narrative", "language": "卡那卡那富語, Kanakanavu, Kanakanavu", "speaker": "翁博學, 'Angai Ka'angena, male, 1953-11-16", "collected": "13:57", "revised": "2015-9-2", "video": "kkvNr-frogstory_angai.mp3"}, "file": "Kanakanavu_Kanakanavu/kkvNr-frogstory_angai", "num": 30}], [31, {"ori": [], "gloss": [["...", "", ""], ["ʉ==", "", ""], ["pupunga", "FIL", "FIL"], ["pania.\\", "container", "容器"]], "free": ["#e The frog was in the bamboo bottle.", "#c 青蛙在竹製的瓶子裡面。", "#n 特指竹製的容器。"], "s_end": true, "iu_a_span": [66.81, 69.55], "meta": {"topic": "Frog story", "type": "Narrative", "language": "卡那卡那富語, Kanakanavu, Kanakanavu", "speaker": "翁博學, 'Angai Ka'angena, male, 1953-11-16", "collected": "13:57", "revised": "2015-9-2", "video": "kkvNr-frogstory_angai.mp3"}, "s_a_span": [62.9, 69.55], "file": "Kanakanavu_Kanakanavu/kkvNr-frogstory_angai", "num": 31}], [32, {"ori": [], "gloss": [["...(1.1)", "", ""], ["ʉ,_", "", ""]], "free": [], "s_end": false, "iu_a_span": [69.55, 71.21], "meta": {"topic": "Frog story", "type": "Narrative", "language": "卡那卡那富語, Kanakanavu, Kanakanavu", "speaker": "翁博學, 'Angai Ka'angena, male, 1953-11-16", "collected": "13:57", "revised": "2015-9-2", "video": "kkvNr-frogstory_angai.mp3"}, "file": "Kanakanavu_Kanakanavu/kkvNr-frogstory_angai", "num": 32}], [33, {"ori": [], "gloss": [["...", "", ""], ["sh", "FS", "FS"], ["acuu,_", "go.past", "去.過去"]], "free": ["#n acuu有表達行動過後的結果。", "#n 孔老師不確定此字是否有詞根。", "#n acuu有表達行動過後的結果。", "#n 孔老師不確定此字是否有詞根。"], "s_end": false, "iu_a_span": [71.21, 73.17], "meta": {"topic": "Frog story", "type": "Narrative", "language": "卡那卡那富語, Kanakanavu, Kanakanavu", "speaker": "翁博學, 'Angai Ka'angena, male, 1953-11-16", "collected": "13:57", "revised": "2015-9-2", "video": "kkvNr-frogstory_angai.mp3"}, "file": "Kanakanavu_Kanakanavu/kkvNr-frogstory_angai", "num": 33}], [34, {"ori": [], "gloss": [["...(1.8)", "", ""], ["si", "FS", "FS"], ["si’icʉpʉ", "sleep.AF", "睡覺.主焦"], ["’aan", "NEG", "否定"], ["tavarʉ’ʉ", "know.AF", "知道.主焦"], ["sua", "NOM", "那個"], ["ʉncoo,_", "FIL", "FIL"]], "free": [], "s_end": false, "iu_a_span": [73.17, 78.52], "meta": {"topic": "Frog story", "type": "Narrative", "language": "卡那卡那富語, Kanakanavu, Kanakanavu", "speaker": "翁博學, 'Angai Ka'angena, male, 1953-11-16", "collected": "13:57", "revised": "2015-9-2", "video": "kkvNr-frogstory_angai.mp3"}, "file": "Kanakanavu_Kanakanavu/kkvNr-frogstory_angai", "num": 34}], [35, {"ori": [], "gloss": [["...(1.0)", "", ""], ["takarura", "frog", "青蛙"], ["ia,_", "TOP", "主題"]], "free": [], "s_end": false, "iu_a_span": [78.52, 80.34], "meta": {"topic": "Frog story", "type": "Narrative", "language": "卡那卡那富語, Kanakanavu, Kanakanavu", "speaker": "翁博學, 'Angai Ka'angena, male, 1953-11-16", "collected": "13:57", "revised": "2015-9-2", "video": "kkvNr-frogstory_angai.mp3"}, "file": "Kanakanavu_Kanakanavu/kkvNr-frogstory_angai", "num": 35}], [36, {"ori": [], "gloss": [["...", "", ""], ["’eseva", "EXIST.AVA", "存在.AVA"], ["ni-ara-pa-pining,_", "PFV-become-CAU-outside", "完成-變成-使役-外面"]], "free": ["#n ’eseva是’esi-ava 音變而來，意思是「原來是」", "#n ara-pa-pining指出去。", "#n ’eseva是’esi-ava 音變而來，意思是「原來是」", "#n ara-pa-pining指出去。"], "s_end": false, "iu_a_span": [80.34, 82.95], "meta": {"topic": "Frog story", "type": "Narrative", "language": "卡那卡那富語, Kanakanavu, Kanakanavu", "speaker": "翁博學, 'Angai Ka'angena, male, 1953-11-16", "collected": "13:57", "revised": "2015-9-2", "video": "kkvNr-frogstory_angai.mp3"}, "file": "Kanakanavu_Kanakanavu/kkvNr-frogstory_angai", "num": 36}], [37, {"ori": [], "gloss": [["...", "", ""], ["tia", "IRR", "未實現"], ["manguru,\\", "flee.AF", "脫逃.主焦"]], "free": ["#e Well, (he) was sleeping, not knowing the frog was going to escape to outside.", "#c 嗯，在睡覺，不知道青蛙要逃到外面。"], "s_end": true, "iu_a_span": [82.95, 84.52], "meta": {"topic": "Frog story", "type": "Narrative", "language": "卡那卡那富語, Kanakanavu, Kanakanavu", "speaker": "翁博學, 'Angai Ka'angena, male, 1953-11-16", "collected": "13:57", "revised": "2015-9-2", "video": "kkvNr-frogstory_angai.mp3"}, "s_a_span": [69.55, 84.52], "file": "Kanakanavu_Kanakanavu/kkvNr-frogstory_angai", "num": 37}], [38, {"ori": [], "gloss": [["...(1.2)", "", ""], ["ʉ,_", "", ""]], "free": [], "s_end": false, "iu_a_span": [84.52, 86.24], "meta": {"topic": "Frog story", "type": "Narrative", "language": "卡那卡那富語, Kanakanavu, Kanakanavu", "speaker": "翁博學, 'Angai Ka'angena, male, 1953-11-16", "collected": "13:57", "revised": "2015-9-2", "video": "kkvNr-frogstory_angai.mp3"}, "file": "Kanakanavu_Kanakanavu/kkvNr-frogstory_angai", "num": 38}], [39, {"ori": [], "gloss": [["...(1.0)", "", ""], ["mee", "when", "當"], ["aratakarʉ,_", "stand.AF", "起立.主焦"]], "free": ["#n mee為miaa音變而來。", "#n takarʉ並沒有意思；maritakarʉ 抬起。", "#n mee為miaa音變而來。", "#n takarʉ並沒有意思；maritakarʉ 抬起。"], "s_end": false, "iu_a_span": [86.24, 88.62], "meta": {"topic": "Frog story", "type": "Narrative", "language": "卡那卡那富語, Kanakanavu, Kanakanavu", "speaker": "翁博學, 'Angai Ka'angena, male, 1953-11-16", "collected": "13:57", "revised": "2015-9-2", "video": "kkvNr-frogstory_angai.mp3"}, "file": "Kanakanavu_Kanakanavu/kkvNr-frogstory_angai", "num": 39}], [40, {"ori": [], "gloss": [["...(2.3)", "", ""], ["nguain,_", "3SG.NOM", "3SG.主焦"]], "free": [], "s_end": false, "iu_a_span": [88.62, 91.38], "meta": {"topic": "Frog story", "type": "Narrative", "language": "卡那卡那富語, Kanakanavu, Kanakanavu", "speaker": "翁博學, 'Angai Ka'angena, male, 1953-11-16", "collected": "13:57", "revised": "2015-9-2", "video": "kkvNr-frogstory_angai.mp3"}, "file": "Kanakanavu_Kanakanavu/kkvNr-frogstory_angai", "num": 40}], [41, {"ori": [], "gloss": [["...(1.0)", "", ""], ["cʉmʉ’ʉra", "see.AF", "看.主焦"], ["sua", "NOM", "主格"], ["ʉncoo,_", "FIL", "FIL"]], "free": ["#n te=ku c<um>a-cʉ’ʉra pani 我要看Pani。", "#n cʉmʉ’ʉra ‘ikua pori Pori看我。", "#n te=ku c&lt;um&gt;a-cʉ’ʉra pani 我要看Pani。", "#n cʉmʉ’ʉra ‘ikua pori Pori看我。"], "s_end": false, "iu_a_span": [91.38, 93.76], "meta": {"topic": "Frog story", "type": "Narrative", "language": "卡那卡那富語, Kanakanavu, Kanakanavu", "speaker": "翁博學, 'Angai Ka'angena, male, 1953-11-16", "collected": "13:57", "revised": "2015-9-2", "video": "kkvNr-frogstory_angai.mp3"}, "file": "Kanakanavu_Kanakanavu/kkvNr-frogstory_angai", "num": 41}], [42, {"ori": [], "gloss": [["...(1.7)", "", ""], ["takarura", "frog", "青蛙"], ["na", "LOC", "處所"], ["’esi", "EXIST", "存在"], ["ni", "FS", "FS"], ["na", "LOC", "處所FIL瓶子"], ["ʉncoo", "", ""], ["pania.\\", "", ""]], "free": ["#e When he stood up, he saw the frog was in the bottle.", "#c 當他起來時，看到青蛙在瓶子裏面。"], "s_end": true, "iu_a_span": [93.76, 98.36], "meta": {"topic": "Frog story", "type": "Narrative", "language": "卡那卡那富語, Kanakanavu, Kanakanavu", "speaker": "翁博學, 'Angai Ka'angena, male, 1953-11-16", "collected": "13:57", "revised": "2015-9-2", "video": "kkvNr-frogstory_angai.mp3"}, "s_a_span": [84.52, 98.36], "file": "Kanakanavu_Kanakanavu/kkvNr-frogstory_angai", "num": 42}], [43, {"ori": [], "gloss": [["...(1.2)", "", ""], ["ʉ,_", "", ""]], "free": [], "s_end": false, "iu_a_span": [98.36, 100.07], "meta": {"topic": "Frog story", "type": "Narrative", "language": "卡那卡那富語, Kanakanavu, Kanakanavu", "speaker": "翁博學, 'Angai Ka'angena, male, 1953-11-16", "collected": "13:57", "revised": "2015-9-2", "video": "kkvNr-frogstory_angai.mp3"}, "file": "Kanakanavu_Kanakanavu/kkvNr-frogstory_angai", "num": 43}], [44, {"ori": [], "gloss": [["...(0.8)", "", ""], ["pupunga", "container", "容器"], ["ia,_", "TOP", "主題"]], "free": [], "s_end": false, "iu_a_span": [100.07, 101.63], "meta": {"topic": "Frog story", "type": "Narrative", "language": "卡那卡那富語, Kanakanavu, Kanakanavu", "speaker": "翁博學, 'Angai Ka'angena, male, 1953-11-16", "collected": "13:57", "revised": "2015-9-2", "video": "kkvNr-frogstory_angai.mp3"}, "file": "Kanakanavu_Kanakanavu/kkvNr-frogstory_angai", "num": 44}], [45, {"ori": [], "gloss": [["...", "", ""], ["ʉ", "", ""], ["misen", "FIL", "FIL為什麼.主焦"], ["’akia=cu", "why.AF", "否定=COS"], ["ʉ", "", ""], ["ni-manguru.\\", "NEG=COS", "FIL"]], "free": ["#e Why wasn’t it (frog) in the bottle? (It) escaped.", "#c 為什麼(青蛙)不在瓶子裡?(青蛙)跑掉了。"], "s_end": true, "iu_a_span": [101.63, 105.27], "meta": {"topic": "Frog story", "type": "Narrative", "language": "卡那卡那富語, Kanakanavu, Kanakanavu", "speaker": "翁博學, 'Angai Ka'angena, male, 1953-11-16", "collected": "13:57", "revised": "2015-9-2", "video": "kkvNr-frogstory_angai.mp3"}, "s_a_span": [98.36, 105.27], "file": "Kanakanavu_Kanakanavu/kkvNr-frogstory_angai", "num": 45}], [46, {"ori": [], "gloss": [["...(1.7)", "", ""], ["imo-va", "So-AVA", "所以.AVA"], ["sua", "NOM", "主格3SG.主格"], ["nguain", "3SG.NOM", "所有"], ["tamna", "POSS", "幼狗"], ["tamtitu", "puppy", "XX"], ["XX", "", ""], ["’esi,_", "XX", "存在"]], "free": ["#n 孔老師猜測卡那卡那富語原本沒有i,o的音，此字應該會說成imuava。", "#n 孔老師猜測卡那卡那富語原本沒有i,o的音，此字應該會說成imuava。"], "s_end": false, "iu_a_span": [105.27, 109.88], "meta": {"topic": "Frog story", "type": "Narrative", "language": "卡那卡那富語, Kanakanavu, Kanakanavu", "speaker": "翁博學, 'Angai Ka'angena, male, 1953-11-16", "collected": "13:57", "revised": "2015-9-2", "video": "kkvNr-frogstory_angai.mp3"}, "file": "Kanakanavu_Kanakanavu/kkvNr-frogstory_angai", "num": 46}], [47, {"ori": [], "gloss": [["..", "", ""], ["hm", "FIL", "FIL狗吠.主焦"], ["^porun.\\", "", ""]], "free": ["#e Therefore, his puppy barked.", "#c 所以他的小狗吠叫。"], "s_end": true, "iu_a_span": [109.88, 111.08], "meta": {"topic": "Frog story", "type": "Narrative", "language": "卡那卡那富語, Kanakanavu, Kanakanavu", "speaker": "翁博學, 'Angai Ka'angena, male, 1953-11-16", "collected": "13:57", "revised": "2015-9-2", "video": "kkvNr-frogstory_angai.mp3"}, "s_a_span": [105.27, 111.08], "file": "Kanakanavu_Kanakanavu/kkvNr-frogstory_angai", "num": 47}], [48, {"ori": [], "gloss": [["...(5.8)", "", ""], ["ʉ", "", ""], ["makasua=cu,_", "FIL", "FIL"]], "free": [], "s_end": false, "iu_a_span": [111.08, 117.9], "meta": {"topic": "Frog story", "type": "Narrative", "language": "卡那卡那富語, Kanakanavu, Kanakanavu", "speaker": "翁博學, 'Angai Ka'angena, male, 1953-11-16", "collected": "13:57", "revised": "2015-9-2", "video": "kkvNr-frogstory_angai.mp3"}, "file": "Kanakanavu_Kanakanavu/kkvNr-frogstory_angai", "num": 48}], [49, {"ori": [], "gloss": [["...", "", ""], ["ah", "FIL", "FIL"], ["aratakarʉ", "stand.AF", "起立.主焦"], ["nguani,_", "3PL.NOM", "3PL.主格"]], "free": ["#n aratakarʉ 另有有動身(開始做)的意思。", "#n aratakarʉ 另有有動身(開始做)的意思。"], "s_end": false, "iu_a_span": [117.9, 119.57], "meta": {"topic": "Frog story", "type": "Narrative", "language": "卡那卡那富語, Kanakanavu, Kanakanavu", "speaker": "翁博學, 'Angai Ka'angena, male, 1953-11-16", "collected": "13:57", "revised": "2015-9-2", "video": "kkvNr-frogstory_angai.mp3"}, "file": "Kanakanavu_Kanakanavu/kkvNr-frogstory_angai", "num": 49}], [50, {"ori": [], "gloss": [["...(0.9)", "", ""], ["ʉ", "", ""], ["nguain", "FIL", "FIL"], ["sua", "3SG.NOM", "3SG.主格"], ["ʉncoo,_", "NOM", "主格"]], "free": [], "s_end": false, "iu_a_span": [119.57, 121.62], "meta": {"topic": "Frog story", "type": "Narrative", "language": "卡那卡那富語, Kanakanavu, Kanakanavu", "speaker": "翁博學, 'Angai Ka'angena, male, 1953-11-16", "collected": "13:57", "revised": "2015-9-2", "video": "kkvNr-frogstory_angai.mp3"}, "file": "Kanakanavu_Kanakanavu/kkvNr-frogstory_angai", "num": 50}], [51, {"ori": [], "gloss": [["..", "", ""], ["ma", "FS", "FS"], ["manu", "kid", "小孩"], ["isi,_", "this", "這"]], "free": [], "s_end": false, "iu_a_span": [121.62, 123.27], "meta": {"topic": "Frog story", "type": "Narrative", "language": "卡那卡那富語, Kanakanavu, Kanakanavu", "speaker": "翁博學, 'Angai Ka'angena, male, 1953-11-16", "collected": "13:57", "revised": "2015-9-2", "video": "kkvNr-frogstory_angai.mp3"}, "file": "Kanakanavu_Kanakanavu/kkvNr-frogstory_angai", "num": 51}], [51, {"ori": [], "gloss": [["..", "", ""], ["ma", "FS", "FS"], ["manu", "kid", "小孩"], ["isi,_", "this", "這"]], "free": [], "s_end": false, "iu_a_span": [121.62, 123.27], "meta": {"topic": "Frog story", "type": "Narrative", "language": "卡那卡那富語, Kanakanavu, Kanakanavu", "speaker": "翁博學, 'Angai Ka'angena, male, 1953-11-16", "collected": "13:57", "revised": "2015-9-2", "video": "kkvNr-frogstory_angai.mp3"}, "file": "Kanakanavu_Kanakanavu/kkvNr-frogstory_angai", "num": 51}], [53, {"ori": [], "gloss": [["...", "", ""], ["maka-carapung.\\", "MAKA-hat.AV", "MAKA-帽子.主焦"]], "free": ["#e Afterwards, this kid, he stood up and put on the hat.", "#c 之後，這小孩他起來帶戴帽子。", "#n maka-carapung為戴帽子之意。", "#n numangʉ 刀; siki-numangʉ 佩刀。", "#n cara’ʉ; musu-cara’ʉ 流血。"], "s_end": true, "iu_a_span": [124.37, 125.83], "meta": {"topic": "Frog story", "type": "Narrative", "language": "卡那卡那富語, Kanakanavu, Kanakanavu", "speaker": "翁博學, 'Angai Ka'angena, male, 1953-11-16", "collected": "13:57", "revised": "2015-9-2", "video": "kkvNr-frogstory_angai.mp3"}, "s_a_span": [111.08, 125.83], "file": "Kanakanavu_Kanakanavu/kkvNr-frogstory_angai", "num": 53}], [54, {"ori": [], "gloss": [["...(0.9)", "", ""], ["mataa", "and", "和FS"], ["tiki", "FS", "XX"], ["XX", "", ""], ["tikirim=kee,\\", "XX", "尋找.主格=3SG.屬格"]], "free": ["#n tikirim即是tikirimi變化而來；ti<ni>kirimi 找(過去)。", "#n tikirima請找(主焦祈使); tikirimoo去找(受焦祈使)。", "#n tikiriman 找找看。", "#n ’apa-tikirimi 使…尋找; ’apa-tikirimi ’ikua cina tamtitu 媽媽讓我尋找小狗", "#n tikirim即是tikirimi變化而來；ti&lt;ni&gt;kirimi 找(過去)。", "#n tikirima請找(主焦祈使); tikirimoo去找(受焦祈使)。", "#n tikiriman 找找看。", "#n ’apa-tikirimi 使…尋找; ’apa-tikirimi ’ikua cina tamtitu 媽媽讓我尋找小狗"], "s_end": false, "iu_a_span": [125.83, 128.81], "meta": {"topic": "Frog story", "type": "Narrative", "language": "卡那卡那富語, Kanakanavu, Kanakanavu", "speaker": "翁博學, 'Angai Ka'angena, male, 1953-11-16", "collected": "13:57", "revised": "2015-9-2", "video": "kkvNr-frogstory_angai.mp3"}, "file": "Kanakanavu_Kanakanavu/kkvNr-frogstory_angai", "num": 54}], [55, {"ori": [], "gloss": [["...", "", ""], ["na", "LOC", "處所"], ["ʉncoo", "FIL", "FIL"], ["sapuarʉ.\\", "net", "撈網"]], "free": ["#e Then, (he) looked for a net.", "#c 然後，找網子。", "#n sapuarʉ指網狀、可捕捉的工具。", "#n mari-sapuarʉ 用撈的動作捕捉東西。"], "s_end": true, "iu_a_span": [128.81, 131.02], "meta": {"topic": "Frog story", "type": "Narrative", "language": "卡那卡那富語, Kanakanavu, Kanakanavu", "speaker": "翁博學, 'Angai Ka'angena, male, 1953-11-16", "collected": "13:57", "revised": "2015-9-2", "video": "kkvNr-frogstory_angai.mp3"}, "s_a_span": [125.83, 131.02], "file": "Kanakanavu_Kanakanavu/kkvNr-frogstory_angai", "num": 55}], [56, {"ori": [], "gloss": [["...", "", ""], ["’esi=kara", "EXIST=Q", "存在=疑問"], ["ni-mitʉvʉng", "PFV-hide.AF", "過去-躲藏.主焦"], ["’inia", "there", "那裏"], ["sua,_", "NOM", "主格"]], "free": ["#e Did it hide there?", "#c 他躲在那邊嗎?", "#n 詞根tʉvʉngʉ 沒有意義。", "#n mitʉʉvʉng由mitʉvʉngʉ音變而來。"], "s_end": true, "iu_a_span": [131.02, 133.91], "meta": {"topic": "Frog story", "type": "Narrative", "language": "卡那卡那富語, Kanakanavu, Kanakanavu", "speaker": "翁博學, 'Angai Ka'angena, male, 1953-11-16", "collected": "13:57", "revised": "2015-9-2", "video": "kkvNr-frogstory_angai.mp3"}, "s_a_span": [131.02, 133.91], "file": "Kanakanavu_Kanakanavu/kkvNr-frogstory_angai", "num": 56}], [57, {"ori": [], "gloss": [["...(0.8)", "", ""], ["ʉ==,_", "", ""]], "free": [], "s_end": false, "iu_a_span": [133.91, 135.33], "meta": {"topic": "Frog story", "type": "Narrative", "language": "卡那卡那富語, Kanakanavu, Kanakanavu", "speaker": "翁博學, 'Angai Ka'angena, male, 1953-11-16", "collected": "13:57", "revised": "2015-9-2", "video": "kkvNr-frogstory_angai.mp3"}, "file": "Kanakanavu_Kanakanavu/kkvNr-frogstory_angai", "num": 57}], [58, {"ori": [], "gloss": [["...(1.4)", "", ""], ["takaruru,\\", "frog", "青蛙"]], "free": [], "s_end": false, "iu_a_span": [135.33, 137.21], "meta": {"topic": "Frog story", "type": "Narrative", "language": "卡那卡那富語, Kanakanavu, Kanakanavu", "speaker": "翁博學, 'Angai Ka'angena, male, 1953-11-16", "collected": "13:57", "revised": "2015-9-2", "video": "kkvNr-frogstory_angai.mp3"}, "file": "Kanakanavu_Kanakanavu/kkvNr-frogstory_angai", "num": 58}], [59, {"ori": [], "gloss": [["...(1.2)", "", ""], ["ʉ", "", ""], ["akia-va.\\", "FIL", "FIL"]], "free": ["#e The frog should be gone!", "#c 青蛙竟然不見了!", "#n 表達akia加了-ava暗示有恍然大悟的意思。"], "s_end": true, "iu_a_span": [137.21, 139.15], "meta": {"topic": "Frog story", "type": "Narrative", "language": "卡那卡那富語, Kanakanavu, Kanakanavu", "speaker": "翁博學, 'Angai Ka'angena, male, 1953-11-16", "collected": "13:57", "revised": "2015-9-2", "video": "kkvNr-frogstory_angai.mp3"}, "s_a_span": [133.91, 139.15], "file": "Kanakanavu_Kanakanavu/kkvNr-frogstory_angai", "num": 59}], [60, {"ori": [], "gloss": [["...(0.8)", "", ""], ["ʉ", "", ""], ["makasua", "FIL", "FIL"], ["sua", "in.that.way.AF", "那樣.主焦"], ["ʉncoo", "NOM", "主格"], ["nguain", "FIL", "FIL"], ["tamna", "3SG.NOM", "3SG.主格"], ["tamtitu", "POSS", "所有"], ["ia,_", "puppy", "幼狗"]], "free": [], "s_end": false, "iu_a_span": [139.15, 142.51], "meta": {"topic": "Frog story", "type": "Narrative", "language": "卡那卡那富語, Kanakanavu, Kanakanavu", "speaker": "翁博學, 'Angai Ka'angena, male, 1953-11-16", "collected": "13:57", "revised": "2015-9-2", "video": "kkvNr-frogstory_angai.mp3"}, "file": "Kanakanavu_Kanakanavu/kkvNr-frogstory_angai", "num": 60}], [61, {"ori": [], "gloss": [["...", "", ""], ["ʉ==", "", ""], ["’esi,\\", "FIL", "FIL"]], "free": [], "s_end": false, "iu_a_span": [142.51, 143.88], "meta": {"topic": "Frog story", "type": "Narrative", "language": "卡那卡那富語, Kanakanavu, Kanakanavu", "speaker": "翁博學, 'Angai Ka'angena, male, 1953-11-16", "collected": "13:57", "revised": "2015-9-2", "video": "kkvNr-frogstory_angai.mp3"}, "file": "Kanakanavu_Kanakanavu/kkvNr-frogstory_angai", "num": 61}], [62, {"ori": [], "gloss": [["...", "", ""], ["ari-sovu-un=kee", "ARI-smell-PF=3SG.GEN", "ARI-味道-受焦=3SG.屬格"], ["sua", "NOM", "主格"], ["pania,_", "bottle", "瓶子"]], "free": ["#n sovu 味道", "#n mari-sovu 聞; mari-sovu pani vungavung Pani聞花。", "#n sovu 味道", "#n mari-sovu 聞; mari-sovu pani vungavung Pani聞花。"], "s_end": false, "iu_a_span": [143.88, 145.88], "meta": {"topic": "Frog story", "type": "Narrative", "language": "卡那卡那富語, Kanakanavu, Kanakanavu", "speaker": "翁博學, 'Angai Ka'angena, male, 1953-11-16", "collected": "13:57", "revised": "2015-9-2", "video": "kkvNr-frogstory_angai.mp3"}, "file": "Kanakanavu_Kanakanavu/kkvNr-frogstory_angai", "num": 62}], [63, {"ori": [], "gloss": [["...", "", ""], ["ʉ==,_", "", ""]], "free": [], "s_end": false, "iu_a_span": [145.88, 146.9], "meta": {"topic": "Frog story", "type": "Narrative", "language": "卡那卡那富語, Kanakanavu, Kanakanavu", "speaker": "翁博學, 'Angai Ka'angena, male, 1953-11-16", "collected": "13:57", "revised": "2015-9-2", "video": "kkvNr-frogstory_angai.mp3"}, "file": "Kanakanavu_Kanakanavu/kkvNr-frogstory_angai", "num": 63}], [64, {"ori": [], "gloss": [["...(1.2)", "", ""], ["pupunga.\\", "container", "容器"]], "free": ["#e Afterwards, his dog smelt the bamboo bottle.", "#c 之後，他的小狗聞竹製的瓶子。"], "s_end": true, "iu_a_span": [146.9, 148.61], "meta": {"topic": "Frog story", "type": "Narrative", "language": "卡那卡那富語, Kanakanavu, Kanakanavu", "speaker": "翁博學, 'Angai Ka'angena, male, 1953-11-16", "collected": "13:57", "revised": "2015-9-2", "video": "kkvNr-frogstory_angai.mp3"}, "s_a_span": [139.15, 148.61], "file": "Kanakanavu_Kanakanavu/kkvNr-frogstory_angai", "num": 64}], [65, {"ori": [], "gloss": [["...", "", ""], ["’esi=kara", "EXIST=Q", "存在=疑問"], ["tisikara", "inside", "裡面"], ["’inia?\\", "there", "那裏"]], "free": ["#e Was it inside there?", "#c 有在裡面嗎?"], "s_end": true, "iu_a_span": [148.61, 150.45], "meta": {"topic": "Frog story", "type": "Narrative", "language": "卡那卡那富語, Kanakanavu, Kanakanavu", "speaker": "翁博學, 'Angai Ka'angena, male, 1953-11-16", "collected": "13:57", "revised": "2015-9-2", "video": "kkvNr-frogstory_angai.mp3"}, "s_a_span": [148.61, 150.45], "file": "Kanakanavu_Kanakanavu/kkvNr-frogstory_angai", "num": 65}], [66, {"ori": [], "gloss": [["...(0.8)", "", ""], ["ʉ==,_", "", ""]], "free": [], "s_end": false, "iu_a_span": [150.45, 151.68], "meta": {"topic": "Frog story", "type": "Narrative", "language": "卡那卡那富語, Kanakanavu, Kanakanavu", "speaker": "翁博學, 'Angai Ka'angena, male, 1953-11-16", "collected": "13:57", "revised": "2015-9-2", "video": "kkvNr-frogstory_angai.mp3"}, "file": "Kanakanavu_Kanakanavu/kkvNr-frogstory_angai", "num": 66}], [67, {"ori": [], "gloss": [["...(0.9)", "", ""], ["’ukunai", "X", "X"], ["na", "LOC", "處所"], ["ʉncoo,_", "FIL", "FIL"]], "free": ["#n 孔老師不確定’ukunai的意思，但范秀月老師認為是「哪裡」。", "#n 孔老師不確定’ukunai的意思，但范秀月老師認為是「哪裡」。"], "s_end": false, "iu_a_span": [151.68, 153.93], "meta": {"topic": "Frog story", "type": "Narrative", "language": "卡那卡那富語, Kanakanavu, Kanakanavu", "speaker": "翁博學, 'Angai Ka'angena, male, 1953-11-16", "collected": "13:57", "revised": "2015-9-2", "video": "kkvNr-frogstory_angai.mp3"}, "file": "Kanakanavu_Kanakanavu/kkvNr-frogstory_angai", "num": 67}], [68, {"ori": [], "gloss": [["...", "", ""], ["ʉ", "", ""], ["tapcara", "FIL", "FIL"], ["sinʉva.\\", "above", "在上面"]], "free": ["#e (It’s) above the door.", "#c 在門的上面。", "#n 此字音發為tapucara，若p後面接有母音可能會不發音。", "#n amacara 上面; amurocu 下面。", "#n sinʉva應為si’inʉva的簡化。"], "s_end": true, "iu_a_span": [153.93, 156.26], "meta": {"topic": "Frog story", "type": "Narrative", "language": "卡那卡那富語, Kanakanavu, Kanakanavu", "speaker": "翁博學, 'Angai Ka'angena, male, 1953-11-16", "collected": "13:57", "revised": "2015-9-2", "video": "kkvNr-frogstory_angai.mp3"}, "s_a_span": [150.45, 156.26], "file": "Kanakanavu_Kanakanavu/kkvNr-frogstory_angai", "num": 68}], [69, {"ori": [], "gloss": [["...", "", ""], ["ʉ", "", ""], ["tarakusa", "FIL", "FIL望向.主焦"], ["pipining,_", "direct.to.see.AF", "外面"]], "free": ["#n tarakusa指往某個方向看。", "#n tarakusa指往某個方向看。"], "s_end": false, "iu_a_span": [156.26, 158.13], "meta": {"topic": "Frog story", "type": "Narrative", "language": "卡那卡那富語, Kanakanavu, Kanakanavu", "speaker": "翁博學, 'Angai Ka'angena, male, 1953-11-16", "collected": "13:57", "revised": "2015-9-2", "video": "kkvNr-frogstory_angai.mp3"}, "file": "Kanakanavu_Kanakanavu/kkvNr-frogstory_angai", "num": 69}], [70, {"ori": [], "gloss": [["...", "", ""], ["ʉ,_", "", ""]], "free": [], "s_end": false, "iu_a_span": [158.13, 158.78], "meta": {"topic": "Frog story", "type": "Narrative", "language": "卡那卡那富語, Kanakanavu, Kanakanavu", "speaker": "翁博學, 'Angai Ka'angena, male, 1953-11-16", "collected": "13:57", "revised": "2015-9-2", "video": "kkvNr-frogstory_angai.mp3"}, "file": "Kanakanavu_Kanakanavu/kkvNr-frogstory_angai", "num": 70}], [71, {"ori": [], "gloss": [["...", "", ""], ["c<um>a-cʉ’ʉra", "<AF>Ca-see", "<主焦>Ca重疊-看"], ["tikirim.\\", "look.for.AF", "尋找.主焦"]], "free": ["#e (The dog) looked toward outside, looking for (the frog).", "#c (狗)向外面看，尋找(青蛙)。"], "s_end": true, "iu_a_span": [158.78, 160.58], "meta": {"topic": "Frog story", "type": "Narrative", "language": "卡那卡那富語, Kanakanavu, Kanakanavu", "speaker": "翁博學, 'Angai Ka'angena, male, 1953-11-16", "collected": "13:57", "revised": "2015-9-2", "video": "kkvNr-frogstory_angai.mp3"}, "s_a_span": [156.26, 160.58], "file": "Kanakanavu_Kanakanavu/kkvNr-frogstory_angai", "num": 71}], [72, {"ori": [], "gloss": [["...(1.8)", "", ""], ["(COUGH)", "", ""]], "free": [], "s_end": false, "iu_a_span": [160.58, 162.97], "meta": {"topic": "Frog story", "type": "Narrative", "language": "卡那卡那富語, Kanakanavu, Kanakanavu", "speaker": "翁博學, 'Angai Ka'angena, male, 1953-11-16", "collected": "13:57", "revised": "2015-9-2", "video": "kkvNr-frogstory_angai.mp3"}, "file": "Kanakanavu_Kanakanavu/kkvNr-frogstory_angai", "num": 72}], [73, {"ori": [], "gloss": [["...(1.3)", "", ""], ["sua", "NOM", "主格"], ["ʉncoo,_", "FIL", "FIL"]], "free": [], "s_end": false, "iu_a_span": [162.97, 164.96], "meta": {"topic": "Frog story", "type": "Narrative", "language": "卡那卡那富語, Kanakanavu, Kanakanavu", "speaker": "翁博學, 'Angai Ka'angena, male, 1953-11-16", "collected": "13:57", "revised": "2015-9-2", "video": "kkvNr-frogstory_angai.mp3"}, "file": "Kanakanavu_Kanakanavu/kkvNr-frogstory_angai", "num": 73}], [74, {"ori": [], "gloss": [["...(1.8)", "", ""], ["nguain", "3SG.NOM", "3SG.主格"], ["tamna", "POSS", "所有"], ["tamtitu", "puppy", "幼狗"], ["ia,_", "TOP", "主題"]], "free": [], "s_end": false, "iu_a_span": [164.96, 168.17], "meta": {"topic": "Frog story", "type": "Narrative", "language": "卡那卡那富語, Kanakanavu, Kanakanavu", "speaker": "翁博學, 'Angai Ka'angena, male, 1953-11-16", "collected": "13:57", "revised": "2015-9-2", "video": "kkvNr-frogstory_angai.mp3"}, "file": "Kanakanavu_Kanakanavu/kkvNr-frogstory_angai", "num": 74}], [75, {"ori": [], "gloss": [["...(2.2)", "", ""], ["ha’au", "FS", "FS"], ["koo,_", "not.yet", "未曾"]], "free": [], "s_end": false, "iu_a_span": [168.17, 171.21], "meta": {"topic": "Frog story", "type": "Narrative", "language": "卡那卡那富語, Kanakanavu, Kanakanavu", "speaker": "翁博學, 'Angai Ka'angena, male, 1953-11-16", "collected": "13:57", "revised": "2015-9-2", "video": "kkvNr-frogstory_angai.mp3"}, "file": "Kanakanavu_Kanakanavu/kkvNr-frogstory_angai", "num": 75}], [76, {"ori": [], "gloss": [["...(1.7)", "", ""], ["’aan", "NEG", "否定"], ["tavarʉ’ʉ,_", "know.AF", "知道.主焦"]], "free": [], "s_end": false, "iu_a_span": [171.21, 173.66], "meta": {"topic": "Frog story", "type": "Narrative", "language": "卡那卡那富語, Kanakanavu, Kanakanavu", "speaker": "翁博學, 'Angai Ka'angena, male, 1953-11-16", "collected": "13:57", "revised": "2015-9-2", "video": "kkvNr-frogstory_angai.mp3"}, "file": "Kanakanavu_Kanakanavu/kkvNr-frogstory_angai", "num": 76}], [77, {"ori": [], "gloss": [["..", "", ""], ["’esi", "EXIST", "存在"], ["na", "LOC", "處所"], ["navung=in", "head=3SG.GEN", "頭=3SG.屬格"], ["sua", "NOM", "主格"], ["ʉncoo,_", "FIL", "FIL"]], "free": [], "s_end": false, "iu_a_span": [173.66, 175.45], "meta": {"topic": "Frog story", "type": "Narrative", "language": "卡那卡那富語, Kanakanavu, Kanakanavu", "speaker": "翁博學, 'Angai Ka'angena, male, 1953-11-16", "collected": "13:57", "revised": "2015-9-2", "video": "kkvNr-frogstory_angai.mp3"}, "file": "Kanakanavu_Kanakanavu/kkvNr-frogstory_angai", "num": 77}], [78, {"ori": [], "gloss": [["...", "", ""], ["ʉ,_", "", ""]], "free": [], "s_end": false, "iu_a_span": [175.45, 176.28], "meta": {"topic": "Frog story", "type": "Narrative", "language": "卡那卡那富語, Kanakanavu, Kanakanavu", "speaker": "翁博學, 'Angai Ka'angena, male, 1953-11-16", "collected": "13:57", "revised": "2015-9-2", "video": "kkvNr-frogstory_angai.mp3"}, "file": "Kanakanavu_Kanakanavu/kkvNr-frogstory_angai", "num": 78}], [79, {"ori": [], "gloss": [["...", "", ""], ["pupunga,_", "container", "容器"]], "free": [], "s_end": false, "iu_a_span": [176.28, 177.75], "meta": {"topic": "Frog story", "type": "Narrative", "language": "卡那卡那富語, Kanakanavu, Kanakanavu", "speaker": "翁博學, 'Angai Ka'angena, male, 1953-11-16", "collected": "13:57", "revised": "2015-9-2", "video": "kkvNr-frogstory_angai.mp3"}, "file": "Kanakanavu_Kanakanavu/kkvNr-frogstory_angai", "num": 79}], [80, {"ori": [], "gloss": [["...", "", ""], ["ah", "FIL", "FIL"], ["pania.\\", "bottle", "瓶子"]], "free": ["#e His dog didn’t know his head was in the bamboo bottle.", "#c 他的狗不知道他的頭在竹製的瓶子裡。", "#n pupunga後面接了pania形容像瓶子的容器。"], "s_end": true, "iu_a_span": [177.75, 178.83], "meta": {"topic": "Frog story", "type": "Narrative", "language": "卡那卡那富語, Kanakanavu, Kanakanavu", "speaker": "翁博學, 'Angai Ka'angena, male, 1953-11-16", "collected": "13:57", "revised": "2015-9-2", "video": "kkvNr-frogstory_angai.mp3"}, "s_a_span": [160.58, 178.83], "file": "Kanakanavu_Kanakanavu/kkvNr-frogstory_angai", "num": 80}], [81, {"ori": [], "gloss": [["...(0.8)", "", ""], ["makasua=cu", "in.that.way.AF=COS", "那樣.主焦=COS"], ["ni-matapari’i", "PFV-drop.AV", "完成-掉落.主焦"], ["na", "LOC", "處所"], ["aranai", "from.AF", "從.主焦"], ["na,_", "LOC", "處所"]], "free": [], "s_end": false, "iu_a_span": [178.83, 182.04], "meta": {"topic": "Frog story", "type": "Narrative", "language": "卡那卡那富語, Kanakanavu, Kanakanavu", "speaker": "翁博學, 'Angai Ka'angena, male, 1953-11-16", "collected": "13:57", "revised": "2015-9-2", "video": "kkvNr-frogstory_angai.mp3"}, "file": "Kanakanavu_Kanakanavu/kkvNr-frogstory_angai", "num": 81}], [82, {"ori": [], "gloss": [["...(1.7)", "", ""], ["tapcaraa", "top", "上面"], ["sinʉva,\\", "door", "門"]], "free": ["#n 表示位置時常會用 ta或ra或tara，孔老師猜測這句話可能是表達門的方向或者指窗戶所在的位置 (tara-sinʉva)。", "#n 表示位置時常會用 ta或ra或tara，孔老師猜測這句話可能是表達門的方向或者指窗戶所在的位置 (tara-sinʉva)。"], "s_end": false, "iu_a_span": [182.04, 185.01], "meta": {"topic": "Frog story", "type": "Narrative", "language": "卡那卡那富語, Kanakanavu, Kanakanavu", "speaker": "翁博學, 'Angai Ka'angena, male, 1953-11-16", "collected": "13:57", "revised": "2015-9-2", "video": "kkvNr-frogstory_angai.mp3"}, "file": "Kanakanavu_Kanakanavu/kkvNr-frogstory_angai", "num": 82}], [83, {"ori": [], "gloss": [["...(1.2)", "", ""], ["makasi", "direct.AF", "往.主焦"], ["na", "LOC", "處所"], ["’ʉnʉ-’ʉnai", "RED-soil", "重疊-土壤"], ["matapari’i.\\", "drop.AF", "掉落.主焦"]], "free": ["#n ’ʉnai指土地、土壤，這裡重疊音節特指地面。", "#n 以mata-為詞首的尚有mata-cuvucuvungu 集合、相聚。", "#n ’ʉnai指土地、土壤，這裡重疊音節特指地面。", "#n 以mata-為詞首的尚有mata-cuvucuvungu 集合、相聚。"], "s_end": false, "iu_a_span": [185.01, 188.25], "meta": {"topic": "Frog story", "type": "Narrative", "language": "卡那卡那富語, Kanakanavu, Kanakanavu", "speaker": "翁博學, 'Angai Ka'angena, male, 1953-11-16", "collected": "13:57", "revised": "2015-9-2", "video": "kkvNr-frogstory_angai.mp3"}, "file": "Kanakanavu_Kanakanavu/kkvNr-frogstory_angai", "num": 83}], [84, {"ori": [], "gloss": [["...(1.0)", "", ""], ["ʉ==,_", "", ""]], "free": [], "s_end": false, "iu_a_span": [188.25, 189.72], "meta": {"topic": "Frog story", "type": "Narrative", "language": "卡那卡那富語, Kanakanavu, Kanakanavu", "speaker": "翁博學, 'Angai Ka'angena, male, 1953-11-16", "collected": "13:57", "revised": "2015-9-2", "video": "kkvNr-frogstory_angai.mp3"}, "file": "Kanakanavu_Kanakanavu/kkvNr-frogstory_angai", "num": 84}], [85, {"ori": [], "gloss": [["...(2.2)", "", ""], ["manasʉ", "perhaps.AF", "或許.主焦"], ["musukom,_", "sore.AF", "痛.主焦"]], "free": ["#e (The dog) fell from the door to the ground. It perhaps got hurt.", "#c (狗)從門的上面掉到地上，可能很痛。", "#n 詞根為mususkʉmʉ，後音變成musukom。"], "s_end": true, "iu_a_span": [189.72, 192.92], "meta": {"topic": "Frog story", "type": "Narrative", "language": "卡那卡那富語, Kanakanavu, Kanakanavu", "speaker": "翁博學, 'Angai Ka'angena, male, 1953-11-16", "collected": "13:57", "revised": "2015-9-2", "video": "kkvNr-frogstory_angai.mp3"}, "s_a_span": [178.83, 192.92], "file": "Kanakanavu_Kanakanavu/kkvNr-frogstory_angai", "num": 85}], [86, {"ori": [], "gloss": [["...", "", ""], ["sua", "NOM", "主格"], ["ʉncoo,_", "FIL", "FIL"]], "free": [], "s_end": false, "iu_a_span": [192.92, 194.22], "meta": {"topic": "Frog story", "type": "Narrative", "language": "卡那卡那富語, Kanakanavu, Kanakanavu", "speaker": "翁博學, 'Angai Ka'angena, male, 1953-11-16", "collected": "13:57", "revised": "2015-9-2", "video": "kkvNr-frogstory_angai.mp3"}, "file": "Kanakanavu_Kanakanavu/kkvNr-frogstory_angai", "num": 86}], [87, {"ori": [], "gloss": [["...(0.8)", "", ""], ["ʉ", "", ""], ["manu,_", "FIL", "FIL"]], "free": [], "s_end": false, "iu_a_span": [194.22, 196.16], "meta": {"topic": "Frog story", "type": "Narrative", "language": "卡那卡那富語, Kanakanavu, Kanakanavu", "speaker": "翁博學, 'Angai Ka'angena, male, 1953-11-16", "collected": "13:57", "revised": "2015-9-2", "video": "kkvNr-frogstory_angai.mp3"}, "file": "Kanakanavu_Kanakanavu/kkvNr-frogstory_angai", "num": 87}], [88, {"ori": [], "gloss": [["...(0.8)", "", ""], ["Pori", "PN", "專有名詞"], ["kisʉ-ʉn", "call-PF", "稱作-受焦"], ["nia,\\", "3SG.OBL", "3SG.斜格"]], "free": [], "s_end": false, "iu_a_span": [196.16, 197.29], "meta": {"topic": "Frog story", "type": "Narrative", "language": "卡那卡那富語, Kanakanavu, Kanakanavu", "speaker": "翁博學, 'Angai Ka'angena, male, 1953-11-16", "collected": "13:57", "revised": "2015-9-2", "video": "kkvNr-frogstory_angai.mp3"}, "file": "Kanakanavu_Kanakanavu/kkvNr-frogstory_angai", "num": 88}], [89, {"ori": [], "gloss": [["...", "", ""], ["ʉ", "", ""], ["neri=kee", "FIL", "FIL"], ["sua", "bolt=3SG.GEN", "拴=3SG.屬格"], ["nguain", "NOM", "主格"], ["tamna", "3SG.NOM", "3SG.主格"], ["tacau.\\", "POSS", "所有"]], "free": ["#e Then, the kid called Pori fastened his dog.", "#c 然後，那個叫Pori的小孩把他的狗拴住。"], "s_end": true, "iu_a_span": [197.29, 200.13], "meta": {"topic": "Frog story", "type": "Narrative", "language": "卡那卡那富語, Kanakanavu, Kanakanavu", "speaker": "翁博學, 'Angai Ka'angena, male, 1953-11-16", "collected": "13:57", "revised": "2015-9-2", "video": "kkvNr-frogstory_angai.mp3"}, "s_a_span": [192.92, 200.13], "file": "Kanakanavu_Kanakanavu/kkvNr-frogstory_angai", "num": 89}], [90, {"ori": [], "gloss": [["...", "", ""], ["ʉ==,_", "", ""]], "free": [], "s_end": false, "iu_a_span": [200.13, 201.36], "meta": {"topic": "Frog story", "type": "Narrative", "language": "卡那卡那富語, Kanakanavu, Kanakanavu", "speaker": "翁博學, 'Angai Ka'angena, male, 1953-11-16", "collected": "13:57", "revised": "2015-9-2", "video": "kkvNr-frogstory_angai.mp3"}, "file": "Kanakanavu_Kanakanavu/kkvNr-frogstory_angai", "num": 90}], [91, {"ori": [], "gloss": [["...(0.6)", "", ""], ["maris", "FS", "FS"]], "free": [], "s_end": false, "iu_a_span": [201.36, 202.36], "meta": {"topic": "Frog story", "type": "Narrative", "language": "卡那卡那富語, Kanakanavu, Kanakanavu", "speaker": "翁博學, 'Angai Ka'angena, male, 1953-11-16", "collected": "13:57", "revised": "2015-9-2", "video": "kkvNr-frogstory_angai.mp3"}, "file": "Kanakanavu_Kanakanavu/kkvNr-frogstory_angai", "num": 91}], [92, {"ori": [], "gloss": [["...", "", ""], ["marisari,_", "yell.AF", "喊叫.主焦"]], "free": [], "s_end": false, "iu_a_span": [202.36, 204.11], "meta": {"topic": "Frog story", "type": "Narrative", "language": "卡那卡那富語, Kanakanavu, Kanakanavu", "speaker": "翁博學, 'Angai Ka'angena, male, 1953-11-16", "collected": "13:57", "revised": "2015-9-2", "video": "kkvNr-frogstory_angai.mp3"}, "file": "Kanakanavu_Kanakanavu/kkvNr-frogstory_angai", "num": 92}], [93, {"ori": [], "gloss": [["...(0.9)", "", ""], ["eh==", "FIL", "FIL"], ["sii,_", "because", "因為"]], "free": [], "s_end": false, "iu_a_span": [204.11, 206.15], "meta": {"topic": "Frog story", "type": "Narrative", "language": "卡那卡那富語, Kanakanavu, Kanakanavu", "speaker": "翁博學, 'Angai Ka'angena, male, 1953-11-16", "collected": "13:57", "revised": "2015-9-2", "video": "kkvNr-frogstory_angai.mp3"}, "file": "Kanakanavu_Kanakanavu/kkvNr-frogstory_angai", "num": 93}], [94, {"ori": [], "gloss": [["...", "", ""], ["manasʉ", "perhaps.AF", "或許.主焦"], ["musukom,_", "sore.AF", "痛.主焦"]], "free": ["#e (The dog) barked perhaps because it hurt.", "#c (狗)可能因為痛而叫。"], "s_end": true, "iu_a_span": [206.15, 207.51], "meta": {"topic": "Frog story", "type": "Narrative", "language": "卡那卡那富語, Kanakanavu, Kanakanavu", "speaker": "翁博學, 'Angai Ka'angena, male, 1953-11-16", "collected": "13:57", "revised": "2015-9-2", "video": "kkvNr-frogstory_angai.mp3"}, "s_a_span": [200.13, 207.51], "file": "Kanakanavu_Kanakanavu/kkvNr-frogstory_angai", "num": 94}], [95, {"ori": [], "gloss": [["...", "", ""], ["acuu", "go.past", "去.過去"], ["nim", "FS", "FS"], ["uh", "FIL", "FIL過去-變成-破掉"], ["ni-ara-purupuru", "PFV-become-break", "主格"], ["sua", "NOM", "FIL"], ["ʉncoo,_", "", ""]], "free": ["#n mari-purupu 打破，詞根為purupu。", "#n ni-ara-purupuru=maku takupin 我打破碗了。", "#n ravi’a 裂開。", "#n mari-purupu 打破，詞根為purupu。", "#n ni-ara-purupuru=maku takupin 我打破碗了。", "#n ravi’a 裂開。"], "s_end": false, "iu_a_span": [207.51, 210.6], "meta": {"topic": "Frog story", "type": "Narrative", "language": "卡那卡那富語, Kanakanavu, Kanakanavu", "speaker": "翁博學, 'Angai Ka'angena, male, 1953-11-16", "collected": "13:57", "revised": "2015-9-2", "video": "kkvNr-frogstory_angai.mp3"}, "file": "Kanakanavu_Kanakanavu/kkvNr-frogstory_angai", "num": 95}], [96, {"ori": [], "gloss": [["...", "", ""], ["ʉ", "", ""], ["pania,\\", "FIL", "FIL瓶子"]], "free": ["#n 根據孔老師，pania通常為玻璃製成的瓶子。", "#n 根據孔老師，pania通常為玻璃製成的瓶子。"], "s_end": false, "iu_a_span": [210.6, 211.99], "meta": {"topic": "Frog story", "type": "Narrative", "language": "卡那卡那富語, Kanakanavu, Kanakanavu", "speaker": "翁博學, 'Angai Ka'angena, male, 1953-11-16", "collected": "13:57", "revised": "2015-9-2", "video": "kkvNr-frogstory_angai.mp3"}, "file": "Kanakanavu_Kanakanavu/kkvNr-frogstory_angai", "num": 96}], [97, {"ori": [], "gloss": [["...(1.0)", "", ""], ["ʉ", "", ""], ["pupunga.\\", "FIL", "FIL"]], "free": ["#e (The dog) broke the bamboo bottle.", "#c (狗)打破了竹製的瓶子。", "#n pania pupunga 表形狀像瓶子的容器。"], "s_end": true, "iu_a_span": [211.99, 213.77], "meta": {"topic": "Frog story", "type": "Narrative", "language": "卡那卡那富語, Kanakanavu, Kanakanavu", "speaker": "翁博學, 'Angai Ka'angena, male, 1953-11-16", "collected": "13:57", "revised": "2015-9-2", "video": "kkvNr-frogstory_angai.mp3"}, "s_a_span": [207.51, 213.77], "file": "Kanakanavu_Kanakanavu/kkvNr-frogstory_angai", "num": 97}], [98, {"ori": [], "gloss": [["...(6.0)", "", ""], ["eh", "FIL", "FIL"], ["makasua=cu,_", "in.that.way.AF=COS", "那樣.主焦=COS"]], "free": [], "s_end": false, "iu_a_span": [213.77, 220.84], "meta": {"topic": "Frog story", "type": "Narrative", "language": "卡那卡那富語, Kanakanavu, Kanakanavu", "speaker": "翁博學, 'Angai Ka'angena, male, 1953-11-16", "collected": "13:57", "revised": "2015-9-2", "video": "kkvNr-frogstory_angai.mp3"}, "file": "Kanakanavu_Kanakanavu/kkvNr-frogstory_angai", "num": 98}], [99, {"ori": [], "gloss": [["...", "", ""], ["acuu,_", "go.past", "去.過去"]], "free": ["#n 原意是「去了」，後虛化成一種discourse marker，表示連續動作的進行(接續)。", "#n 原意是「去了」，後虛化成一種discourse marker，表示連續動作的進行(接續)。"], "s_end": false, "iu_a_span": [220.84, 222.07], "meta": {"topic": "Frog story", "type": "Narrative", "language": "卡那卡那富語, Kanakanavu, Kanakanavu", "speaker": "翁博學, 'Angai Ka'angena, male, 1953-11-16", "collected": "13:57", "revised": "2015-9-2", "video": "kkvNr-frogstory_angai.mp3"}, "file": "Kanakanavu_Kanakanavu/kkvNr-frogstory_angai", "num": 99}]], "meta": {"topic": "Frog story", "type": "Narrative", "language": "卡那卡那富語, Kanakanavu, Kanakanavu", "speaker": "翁博學, 'Angai Ka'angena, male, 1953-11-16", "collected": "13:57", "revised": "2015-9-2", "video": "kkvNr-frogstory_angai.mp3"}}