{"glosses": [[1, {"ori": [], "gloss": [["...(2.5)", "", ""], ["eh==,_", "FIL", "FIL"]], "free": [], "s_end": false, "iu_a_span": [2.53, 3.56], "meta": {"topic": "Frog story", "type": "Narrative", "language": "卡那卡那富語, Kanakanavu, Kanakanavu", "speaker": "孔金治, Uva Kapanena, male, 1951-11", "collected": "None", "revised": "2016-5-24", "video": "kkvNr_frog_Uva.mp3"}, "file": "Kanakanavu_Kanakanavu/kkvNr_frog_Uva", "num": 1}], [2, {"ori": [], "gloss": [["..", "", ""], ["sua", "NOM", "主格"], ["taa,_", "IRR", "非實現"]], "free": ["#n taa就是tia，個人發音的習慣", "#n taa就是tia，個人發音的習慣"], "s_end": false, "iu_a_span": [3.56, 4.81], "meta": {"topic": "Frog story", "type": "Narrative", "language": "卡那卡那富語, Kanakanavu, Kanakanavu", "speaker": "孔金治, Uva Kapanena, male, 1951-11", "collected": "None", "revised": "2016-5-24", "video": "kkvNr_frog_Uva.mp3"}, "file": "Kanakanavu_Kanakanavu/kkvNr_frog_Uva", "num": 2}], [3, {"ori": [], "gloss": [["..", "", ""], ["po-mo-muara", "say-AF-pleasure", "說-主焦-玩樂"], ["mahin", "now", "現在"], ["ia,\\", "TOP", "主題"]], "free": ["#n mahin就是masin，也可以唸masini，是發音人的習慣", "#n po-mo-muarU要聊的，有閒聊的意思（muarU玩具）", "#n mahin就是masin，也可以唸masini，是發音人的習慣", "#n po-mo-muarU要聊的，有閒聊的意思（muarU玩具）"], "s_end": false, "iu_a_span": [4.81, 6.63], "meta": {"topic": "Frog story", "type": "Narrative", "language": "卡那卡那富語, Kanakanavu, Kanakanavu", "speaker": "孔金治, Uva Kapanena, male, 1951-11", "collected": "None", "revised": "2016-5-24", "video": "kkvNr_frog_Uva.mp3"}, "file": "Kanakanavu_Kanakanavu/kkvNr_frog_Uva", "num": 3}], [4, {"ori": [], "gloss": [["..", "", ""], ["’una", "EXIST", "存在"], ["manu,\\", "child", "小孩"]], "free": [], "s_end": false, "iu_a_span": [6.63, 7.67], "meta": {"topic": "Frog story", "type": "Narrative", "language": "卡那卡那富語, Kanakanavu, Kanakanavu", "speaker": "孔金治, Uva Kapanena, male, 1951-11", "collected": "None", "revised": "2016-5-24", "video": "kkvNr_frog_Uva.mp3"}, "file": "Kanakanavu_Kanakanavu/kkvNr_frog_Uva", "num": 4}], [5, {"ori": [], "gloss": [["..", "", ""], ["t<in>puru", "<PFV>sit", "<完成>坐"], ["ia,/", "TOP", "主題"]], "free": ["#n t<in>puru，本來是t<in>ipuru（正式），但現在都說t<in>puru了。坐下來，坐著的", "#n 這裡的ia是提示接下來要說有什麼東西了", "#n t&lt;in&gt;puru，本來是t&lt;in&gt;ipuru（正式），但現在都說t&lt;in&gt;puru了。坐下來，坐著的", "#n 這裡的ia是提示接下來要說有什麼東西了"], "s_end": false, "iu_a_span": [7.67, 8.9], "meta": {"topic": "Frog story", "type": "Narrative", "language": "卡那卡那富語, Kanakanavu, Kanakanavu", "speaker": "孔金治, Uva Kapanena, male, 1951-11", "collected": "None", "revised": "2016-5-24", "video": "kkvNr_frog_Uva.mp3"}, "file": "Kanakanavu_Kanakanavu/kkvNr_frog_Uva", "num": 5}], [6, {"ori": [], "gloss": [["..", "", ""], ["mataa", "and", "以及"], ["tamtitu=in,/", "puppy=3SG.GEN", "小狗-3SG.屬格"]], "free": [], "s_end": false, "iu_a_span": [8.9, 10.28], "meta": {"topic": "Frog story", "type": "Narrative", "language": "卡那卡那富語, Kanakanavu, Kanakanavu", "speaker": "孔金治, Uva Kapanena, male, 1951-11", "collected": "None", "revised": "2016-5-24", "video": "kkvNr_frog_Uva.mp3"}, "file": "Kanakanavu_Kanakanavu/kkvNr_frog_Uva", "num": 6}], [7, {"ori": [], "gloss": [["...", "", ""], ["’e=nia", "EXIST=there", "存在=那裡"], ["pungana,/", "urn", "甕"]], "free": ["#n ’e=nia是’esi ‘inia的簡化，「在那裡存在有」的意思，口語上有「也有」、「列舉」的意思", "#n ’e=nia是’esi ‘inia的簡化，「在那裡存在有」的意思，口語上有「也有」、「列舉」的意思"], "s_end": false, "iu_a_span": [10.28, 12.12], "meta": {"topic": "Frog story", "type": "Narrative", "language": "卡那卡那富語, Kanakanavu, Kanakanavu", "speaker": "孔金治, Uva Kapanena, male, 1951-11", "collected": "None", "revised": "2016-5-24", "video": "kkvNr_frog_Uva.mp3"}, "file": "Kanakanavu_Kanakanavu/kkvNr_frog_Uva", "num": 7}], [8, {"ori": [], "gloss": [["..", "", ""], ["’e=nia", "EXIST=there", "存在=那裡"], ["takarura.\\", "frog", "青蛙"]], "free": ["#c 現在要聊的是一個小孩和他的狗坐著，還有一個水缸和青蛙。", "#e Now we are going to talk about a child sitting with his dog. There is an urn and a frog."], "s_end": true, "iu_a_span": [12.12, 13.64], "meta": {"topic": "Frog story", "type": "Narrative", "language": "卡那卡那富語, Kanakanavu, Kanakanavu", "speaker": "孔金治, Uva Kapanena, male, 1951-11", "collected": "None", "revised": "2016-5-24", "video": "kkvNr_frog_Uva.mp3"}, "s_a_span": [2.53, 13.64], "file": "Kanakanavu_Kanakanavu/kkvNr_frog_Uva", "num": 8}], [9, {"ori": [], "gloss": [["...", "", ""], ["’e=na,_", "EXIST=LOC", "存在=處格"]], "free": ["#n ‘e=na為’esi na的簡化", "#n ‘e=na為’esi na的簡化"], "s_end": false, "iu_a_span": [13.64, 14.59], "meta": {"topic": "Frog story", "type": "Narrative", "language": "卡那卡那富語, Kanakanavu, Kanakanavu", "speaker": "孔金治, Uva Kapanena, male, 1951-11", "collected": "None", "revised": "2016-5-24", "video": "kkvNr_frog_Uva.mp3"}, "file": "Kanakanavu_Kanakanavu/kkvNr_frog_Uva", "num": 9}], [10, {"ori": [], "gloss": [["..", "", ""], ["pungana,_", "urn", "甕"]], "free": [], "s_end": false, "iu_a_span": [14.59, 15.68], "meta": {"topic": "Frog story", "type": "Narrative", "language": "卡那卡那富語, Kanakanavu, Kanakanavu", "speaker": "孔金治, Uva Kapanena, male, 1951-11", "collected": "None", "revised": "2016-5-24", "video": "kkvNr_frog_Uva.mp3"}, "file": "Kanakanavu_Kanakanavu/kkvNr_frog_Uva", "num": 10}], [11, {"ori": [], "gloss": [["..", "", ""], ["takarura./", "frog", "青蛙"]], "free": ["#c 青蛙在水缸裡面。", "#e The frog is in the urn."], "s_end": true, "iu_a_span": [15.68, 16.41], "meta": {"topic": "Frog story", "type": "Narrative", "language": "卡那卡那富語, Kanakanavu, Kanakanavu", "speaker": "孔金治, Uva Kapanena, male, 1951-11", "collected": "None", "revised": "2016-5-24", "video": "kkvNr_frog_Uva.mp3"}, "s_a_span": [13.64, 16.41], "file": "Kanakanavu_Kanakanavu/kkvNr_frog_Uva", "num": 11}], [12, {"ori": [], "gloss": [["...(0.9)", "", ""], ["uh==,_", "FIL", "FIL"]], "free": [], "s_end": false, "iu_a_span": [16.41, 17.58], "meta": {"topic": "Frog story", "type": "Narrative", "language": "卡那卡那富語, Kanakanavu, Kanakanavu", "speaker": "孔金治, Uva Kapanena, male, 1951-11", "collected": "None", "revised": "2016-5-24", "video": "kkvNr_frog_Uva.mp3"}, "file": "Kanakanavu_Kanakanavu/kkvNr_frog_Uva", "num": 12}], [13, {"ori": [], "gloss": [["..", "", ""], ["tanahe=en", "house=3SG.GEN", "家=3SG.屬格"], ["isi", "this", "這個"], ["'una", "EXIST", "存在"], ["vuan,_", "moon", "月亮"]], "free": ["#n tanahe=n 為 tanasa=in的音變", "#n vuan 為 vuanʉ的簡化", "#n tanahe=n 為 tanasa=in的音變", "#n vuan 為 vuanʉ的簡化"], "s_end": false, "iu_a_span": [17.58, 19.75], "meta": {"topic": "Frog story", "type": "Narrative", "language": "卡那卡那富語, Kanakanavu, Kanakanavu", "speaker": "孔金治, Uva Kapanena, male, 1951-11", "collected": "None", "revised": "2016-5-24", "video": "kkvNr_frog_Uva.mp3"}, "file": "Kanakanavu_Kanakanavu/kkvNr_frog_Uva", "num": 13}], [14, {"ori": [], "gloss": [["...", "", ""], ["i", "X", "X"], ["sua", "NOM", "主格"], ["ihi", "this", "這個"], ["ia", "TOP", "焦點"], ["ʉncoo", "FIL", "FIL"], ["sinang=in.\\", "light=3SG.GEN", "光=3SG.屬格"]], "free": ["#n ʉncoo 思考中的聲音", "#n sinang 也可以是sigangU，光或是照明；sinang=in 也可以唸 sinangʉ=in", "#n ihi 為 isi的發音音變（孔老師說他們族人，女生常會把s的音發成h）", "#n ʉncoo 思考中的聲音", "#n sinang 也可以是sigangU，光或是照明；sinang=in 也可以唸 sinangʉ=in", "#n ihi 為 isi的發音音變（孔老師說他們族人，女生常會把s的音發成h）"], "s_end": false, "iu_a_span": [19.75, 22.87], "meta": {"topic": "Frog story", "type": "Narrative", "language": "卡那卡那富語, Kanakanavu, Kanakanavu", "speaker": "孔金治, Uva Kapanena, male, 1951-11", "collected": "None", "revised": "2016-5-24", "video": "kkvNr_frog_Uva.mp3"}, "file": "Kanakanavu_Kanakanavu/kkvNr_frog_Uva", "num": 14}], [15, {"ori": [], "gloss": [["...(0.8)", "", ""], ["sinang=in", "light=3SG.GEN", "光=3SG.屬格"], ["misee==._", "say.AF", "說.主焦"]], "free": ["#c 這是他的家，月亮是他的照明。我想應該是照明吧。", "#e This is his home. There exists the moon which is his lighting. I think it must be the lighting.", "#n misee的本意是說的意思。但這裡表示說話人在想，「我覺得，我想應該是」的意思"], "s_end": true, "iu_a_span": [22.87, 25.45], "meta": {"topic": "Frog story", "type": "Narrative", "language": "卡那卡那富語, Kanakanavu, Kanakanavu", "speaker": "孔金治, Uva Kapanena, male, 1951-11", "collected": "None", "revised": "2016-5-24", "video": "kkvNr_frog_Uva.mp3"}, "s_a_span": [16.41, 25.45], "file": "Kanakanavu_Kanakanavu/kkvNr_frog_Uva", "num": 15}], [16, {"ori": [], "gloss": [["...(0.9)", "", ""], ["eh==", "FIL", "FIL"], ["muha=cu", "go=COS", "去=COS"], ["ne--,_", "X", "X"]], "free": ["#n muha 為 musa，是mokusa的簡化", "#n muha 為 musa，是mokusa的簡化"], "s_end": false, "iu_a_span": [25.45, 28.04], "meta": {"topic": "Frog story", "type": "Narrative", "language": "卡那卡那富語, Kanakanavu, Kanakanavu", "speaker": "孔金治, Uva Kapanena, male, 1951-11", "collected": "None", "revised": "2016-5-24", "video": "kkvNr_frog_Uva.mp3"}, "file": "Kanakanavu_Kanakanavu/kkvNr_frog_Uva", "num": 16}], [17, {"ori": [], "gloss": [["...", "", ""], ["cu", "COS", "COS"], ["muha=cu", "go=COS", "去=COS"], ["nesi", "here", "這裡"], ["ia,_", "TOP", "主題"]], "free": ["#n nesi 是這裡，sian 是「我這裡」（靠近說話的人）", "#n nesi 是這裡，sian 是「我這裡」（靠近說話的人）"], "s_end": false, "iu_a_span": [28.04, 29.95], "meta": {"topic": "Frog story", "type": "Narrative", "language": "卡那卡那富語, Kanakanavu, Kanakanavu", "speaker": "孔金治, Uva Kapanena, male, 1951-11", "collected": "None", "revised": "2016-5-24", "video": "kkvNr_frog_Uva.mp3"}, "file": "Kanakanavu_Kanakanavu/kkvNr_frog_Uva", "num": 17}], [18, {"ori": [], "gloss": [["..", "", ""], ["se’ecʉpʉ", "sleep.AF", "睡覺.主焦"], ["manu", "child", "小孩"], ["iha,_", "that", "那個"]], "free": ["#n se’ecʉpʉ 本來應該是 si’icʉpʉ", "#n se’ecʉpʉ 本來應該是 si’icʉpʉ"], "s_end": false, "iu_a_span": [29.95, 31.52], "meta": {"topic": "Frog story", "type": "Narrative", "language": "卡那卡那富語, Kanakanavu, Kanakanavu", "speaker": "孔金治, Uva Kapanena, male, 1951-11", "collected": "None", "revised": "2016-5-24", "video": "kkvNr_frog_Uva.mp3"}, "file": "Kanakanavu_Kanakanavu/kkvNr_frog_Uva", "num": 18}], [19, {"ori": [], "gloss": [["..", "", ""], ["ta-tarʉ.\\", "RED-shelf", "重疊-架子"]], "free": ["#c 在這裡，那個小孩在床舖睡覺。", "#e Here the child slept in the bed.", "#n tarʉ 是放東西的架子；ta-tarʉ 是給人睡的床"], "s_end": true, "iu_a_span": [31.52, 32.36], "meta": {"topic": "Frog story", "type": "Narrative", "language": "卡那卡那富語, Kanakanavu, Kanakanavu", "speaker": "孔金治, Uva Kapanena, male, 1951-11", "collected": "None", "revised": "2016-5-24", "video": "kkvNr_frog_Uva.mp3"}, "s_a_span": [25.45, 32.36], "file": "Kanakanavu_Kanakanavu/kkvNr_frog_Uva", "num": 19}], [20, {"ori": [], "gloss": [["...(0.7)", "", ""], ["se’ecʉpʉ,/", "sleep.AF", "睡覺.主焦"]], "free": ["#n 音調上揚，有「睡覺之中」、「睡覺之後」的意思", "#n 音調上揚，有「睡覺之中」、「睡覺之後」的意思"], "s_end": false, "iu_a_span": [32.36, 34.14], "meta": {"topic": "Frog story", "type": "Narrative", "language": "卡那卡那富語, Kanakanavu, Kanakanavu", "speaker": "孔金治, Uva Kapanena, male, 1951-11", "collected": "None", "revised": "2016-5-24", "video": "kkvNr_frog_Uva.mp3"}, "file": "Kanakanavu_Kanakanavu/kkvNr_frog_Uva", "num": 20}], [21, {"ori": [], "gloss": [["...(1.0)", "", ""], ["’e", "LOC", "處所"], ["tikirimi", "look.for", "尋找"], ["ʉh==", "FIL", "FIL"], ["aramia’ʉ==", "wake.up", "醒"], ["cumu’ʉra", "stare.at", "看"], ["ʉh,_", "FIL", "FIL"]], "free": ["#n ’e 為 ’esi，存在的意思", "#n ’e 為 ’esi，存在的意思"], "s_end": false, "iu_a_span": [34.14, 38.13], "meta": {"topic": "Frog story", "type": "Narrative", "language": "卡那卡那富語, Kanakanavu, Kanakanavu", "speaker": "孔金治, Uva Kapanena, male, 1951-11", "collected": "None", "revised": "2016-5-24", "video": "kkvNr_frog_Uva.mp3"}, "file": "Kanakanavu_Kanakanavu/kkvNr_frog_Uva", "num": 21}], [22, {"ori": [], "gloss": [["..", "", ""], ["takarura", "frog", "青蛙"], ["ni-mon,_", "PFV-stay", "完成-待在"]], "free": ["#n mon（待在） 和 ’esi（存在）意思有點不一樣", "#n mon（待在） 和 ’esi（存在）意思有點不一樣"], "s_end": false, "iu_a_span": [38.13, 39.59], "meta": {"topic": "Frog story", "type": "Narrative", "language": "卡那卡那富語, Kanakanavu, Kanakanavu", "speaker": "孔金治, Uva Kapanena, male, 1951-11", "collected": "None", "revised": "2016-5-24", "video": "kkvNr_frog_Uva.mp3"}, "file": "Kanakanavu_Kanakanavu/kkvNr_frog_Uva", "num": 22}], [23, {"ori": [], "gloss": [["..", "", ""], ["ni-musikarʉ", "PFV-AF.enter", "完成-主焦.進入"], ["na,_", "LOC", "處格"]], "free": [], "s_end": false, "iu_a_span": [39.59, 40.86], "meta": {"topic": "Frog story", "type": "Narrative", "language": "卡那卡那富語, Kanakanavu, Kanakanavu", "speaker": "孔金治, Uva Kapanena, male, 1951-11", "collected": "None", "revised": "2016-5-24", "video": "kkvNr_frog_Uva.mp3"}, "file": "Kanakanavu_Kanakanavu/kkvNr_frog_Uva", "num": 23}], [24, {"ori": [], "gloss": [["..", "", ""], ["pungana.\\", "urn", "甕"]], "free": ["#c 睡醒之後，（男孩）在尋找曾經掉到那個水缸裡面的青蛙。", "#e After sleeping, (the boy) was seeking the frog which had dropped into the urn.", "#n 沒有na的話會誤解是不是水缸掉下去。"], "s_end": true, "iu_a_span": [40.86, 41.68], "meta": {"topic": "Frog story", "type": "Narrative", "language": "卡那卡那富語, Kanakanavu, Kanakanavu", "speaker": "孔金治, Uva Kapanena, male, 1951-11", "collected": "None", "revised": "2016-5-24", "video": "kkvNr_frog_Uva.mp3"}, "s_a_span": [32.36, 41.68], "file": "Kanakanavu_Kanakanavu/kkvNr_frog_Uva", "num": 24}], [25, {"ori": [], "gloss": [["...", "", ""], ["ni-musika,_", "FS", "FS"]], "free": [], "s_end": false, "iu_a_span": [41.68, 42.87], "meta": {"topic": "Frog story", "type": "Narrative", "language": "卡那卡那富語, Kanakanavu, Kanakanavu", "speaker": "孔金治, Uva Kapanena, male, 1951-11", "collected": "None", "revised": "2016-5-24", "video": "kkvNr_frog_Uva.mp3"}, "file": "Kanakanavu_Kanakanavu/kkvNr_frog_Uva", "num": 25}], [26, {"ori": [], "gloss": [["..", "", ""], ["ni-musikarʉ", "PFV-AF.enter", "完成-主焦.進入"], ["na", "LOC", "處格"], ["pungana,_", "urn", "甕"]], "free": [], "s_end": false, "iu_a_span": [42.87, 44.18], "meta": {"topic": "Frog story", "type": "Narrative", "language": "卡那卡那富語, Kanakanavu, Kanakanavu", "speaker": "孔金治, Uva Kapanena, male, 1951-11", "collected": "None", "revised": "2016-5-24", "video": "kkvNr_frog_Uva.mp3"}, "file": "Kanakanavu_Kanakanavu/kkvNr_frog_Uva", "num": 26}], [27, {"ori": [], "gloss": [["..", "", ""], ["tia", "IRR", "非實現"], ["ara-pa-pining.\\", "become-RED-outside.AF", "變成-重疊-外面.主事焦點"]], "free": ["#c 曾經掉入水缸的（青蛙），要出去。", "#e (The frog) which had been dropped into the urn went out.", "#n arapapining 就是 arapipining", "#n piningi：平坦的地方；pipiningi：外頭的廣場；arapipiningi：出來、出去", "#n sikaru 裡面", "#n pupunga 更小的容器"], "s_end": true, "iu_a_span": [44.18, 45.26], "meta": {"topic": "Frog story", "type": "Narrative", "language": "卡那卡那富語, Kanakanavu, Kanakanavu", "speaker": "孔金治, Uva Kapanena, male, 1951-11", "collected": "None", "revised": "2016-5-24", "video": "kkvNr_frog_Uva.mp3"}, "s_a_span": [41.68, 45.26], "file": "Kanakanavu_Kanakanavu/kkvNr_frog_Uva", "num": 27}], [28, {"ori": [], "gloss": [["...", "", ""], ["aramia’ʉ", "AF.wake.up", "醒"], ["manu", "child", "小孩"], ["isa", "that", "那個"], ["tikirim._", "look.for", "尋找"]], "free": ["#c 那位小孩醒來後四處找。", "#e That child woke up and looked around.", "#n 這裡的isa應該是isua，「那位」的意思"], "s_end": true, "iu_a_span": [45.26, 47.54], "meta": {"topic": "Frog story", "type": "Narrative", "language": "卡那卡那富語, Kanakanavu, Kanakanavu", "speaker": "孔金治, Uva Kapanena, male, 1951-11", "collected": "None", "revised": "2016-5-24", "video": "kkvNr_frog_Uva.mp3"}, "s_a_span": [45.26, 47.54], "file": "Kanakanavu_Kanakanavu/kkvNr_frog_Uva", "num": 28}], [29, {"ori": [], "gloss": [["..", "", ""], ["makasi,_", "X", "X"]], "free": [], "s_end": false, "iu_a_span": [47.54, 48.27], "meta": {"topic": "Frog story", "type": "Narrative", "language": "卡那卡那富語, Kanakanavu, Kanakanavu", "speaker": "孔金治, Uva Kapanena, male, 1951-11", "collected": "None", "revised": "2016-5-24", "video": "kkvNr_frog_Uva.mp3"}, "file": "Kanakanavu_Kanakanavu/kkvNr_frog_Uva", "num": 29}], [30, {"ori": [], "gloss": [["..", "", ""], ["makahua=cu==,_", "AF.that.way=COS", "主焦.那樣=COS"]], "free": ["#n makahua 就是 makasua，那樣了之後", "#n makahua 就是 makasua，那樣了之後"], "s_end": false, "iu_a_span": [48.27, 49.4], "meta": {"topic": "Frog story", "type": "Narrative", "language": "卡那卡那富語, Kanakanavu, Kanakanavu", "speaker": "孔金治, Uva Kapanena, male, 1951-11", "collected": "None", "revised": "2016-5-24", "video": "kkvNr_frog_Uva.mp3"}, "file": "Kanakanavu_Kanakanavu/kkvNr_frog_Uva", "num": 30}], [31, {"ori": [], "gloss": [["...", "", ""], ["uh==", "FIL", "FIL"], ["aramia’ʉ", "wake.up", "醒"], ["manu", "child", "小孩"], ["iat,_", "FIL", "FIL"]], "free": ["#n iat 來自布農語的語氣詞，表示後面還有話要講", "#n iat還有isua的隱含意，「之後那個人呢」的意思", "#n iat 來自布農語的語氣詞，表示後面還有話要講", "#n iat還有isua的隱含意，「之後那個人呢」的意思"], "s_end": false, "iu_a_span": [49.4, 51.42], "meta": {"topic": "Frog story", "type": "Narrative", "language": "卡那卡那富語, Kanakanavu, Kanakanavu", "speaker": "孔金治, Uva Kapanena, male, 1951-11", "collected": "None", "revised": "2016-5-24", "video": "kkvNr_frog_Uva.mp3"}, "file": "Kanakanavu_Kanakanavu/kkvNr_frog_Uva", "num": 31}], [32, {"ori": [], "gloss": [["..", "", ""], ["risu", "X", "X"], ["sua", "NOM", "主格"], ["tamtitu=in", "puppy=3SG.GEN", "小狗=3SG.屬格"], ["ia,/", "TOP", "主題"]], "free": [], "s_end": false, "iu_a_span": [51.42, 52.88], "meta": {"topic": "Frog story", "type": "Narrative", "language": "卡那卡那富語, Kanakanavu, Kanakanavu", "speaker": "孔金治, Uva Kapanena, male, 1951-11", "collected": "None", "revised": "2016-5-24", "video": "kkvNr_frog_Uva.mp3"}, "file": "Kanakanavu_Kanakanavu/kkvNr_frog_Uva", "num": 32}], [33, {"ori": [], "gloss": [["..", "", ""], ["’esi", "EXIST", "存在"], ["na", "LOC", "處格"], ["kukuce=en.\\", "back=3SG.GEN", "後面=3SG.屬格"]], "free": ["#c 之後（那個）小孩醒來，他的小狗在他的後面。", "#e Then the child woke up, and his dog was behind him.", "#n kukuce=en 就是 kukuca-in的音變；kukuca 後面"], "s_end": true, "iu_a_span": [52.88, 54.21], "meta": {"topic": "Frog story", "type": "Narrative", "language": "卡那卡那富語, Kanakanavu, Kanakanavu", "speaker": "孔金治, Uva Kapanena, male, 1951-11", "collected": "None", "revised": "2016-5-24", "video": "kkvNr_frog_Uva.mp3"}, "s_a_span": [47.54, 54.21], "file": "Kanakanavu_Kanakanavu/kkvNr_frog_Uva", "num": 33}], [34, {"ori": [], "gloss": [["...(0.7)", "", ""], ["aʉncee,/", "here.it.is", "就在這裡"]], "free": ["#n aʉncee 「就在這裡啊」，表示一種意外的發現，「找很久終於找到了」。老一輩會用。", "#n aʉncee 「就在這裡啊」，表示一種意外的發現，「找很久終於找到了」。老一輩會用。"], "s_end": false, "iu_a_span": [54.21, 55.48], "meta": {"topic": "Frog story", "type": "Narrative", "language": "卡那卡那富語, Kanakanavu, Kanakanavu", "speaker": "孔金治, Uva Kapanena, male, 1951-11", "collected": "None", "revised": "2016-5-24", "video": "kkvNr_frog_Uva.mp3"}, "file": "Kanakanavu_Kanakanavu/kkvNr_frog_Uva", "num": 34}], [35, {"ori": [], "gloss": [["..", "", ""], ["pungana", "urn", "甕"], ["ni’ona", "place.where.someone.stayed", "待過的地方"], ["tamtitu", "puppy", "完成-使役-內部空間？？？"], ["ni-pu-’ara’ang,\\", "", ""]], "free": ["#n ni’ona 就是 nito’ona 來的、曾經待的地方；to’ona 位置、場所", "#n ni-pu-’ara’ang 可能是 ni-pu-’aravang 曾經放進的一個空間、地方", "#n ni’ona 就是 nito’ona 來的、曾經待的地方；to’ona 位置、場所", "#n ni-pu-’ara’ang 可能是 ni-pu-’aravang 曾經放進的一個空間、地方"], "s_end": false, "iu_a_span": [55.48, 58.05], "meta": {"topic": "Frog story", "type": "Narrative", "language": "卡那卡那富語, Kanakanavu, Kanakanavu", "speaker": "孔金治, Uva Kapanena, male, 1951-11", "collected": "None", "revised": "2016-5-24", "video": "kkvNr_frog_Uva.mp3"}, "file": "Kanakanavu_Kanakanavu/kkvNr_frog_Uva", "num": 35}], [36, {"ori": [], "gloss": [["..", "", ""], ["ra", "X", "X"], ["arapapining", "AF.go.out", "AF.到外面"], ["Uncue", "X", "X"], ["ta’an-in", "chair=3SG.GEN", "椅子=3SG.屬格"], ["kangvang./", "all", "全部"]], "free": ["#c 水缸在這裡啊，本來待在這裡跑出去的小狗也在這裡啊，椅子全在這裡啊", "#e Here is the urn! The dog that had been outstayed.", "#n 椅子 ta’anʉ"], "s_end": true, "iu_a_span": [58.05, 60.44], "meta": {"topic": "Frog story", "type": "Narrative", "language": "卡那卡那富語, Kanakanavu, Kanakanavu", "speaker": "孔金治, Uva Kapanena, male, 1951-11", "collected": "None", "revised": "2016-5-24", "video": "kkvNr_frog_Uva.mp3"}, "s_a_span": [54.21, 60.44], "file": "Kanakanavu_Kanakanavu/kkvNr_frog_Uva", "num": 36}], [37, {"ori": [], "gloss": [["...", "", ""], ["ʉncaa==,_", "over.there", "在那邊"]], "free": [], "s_end": false, "iu_a_span": [60.44, 61.49], "meta": {"topic": "Frog story", "type": "Narrative", "language": "卡那卡那富語, Kanakanavu, Kanakanavu", "speaker": "孔金治, Uva Kapanena, male, 1951-11", "collected": "None", "revised": "2016-5-24", "video": "kkvNr_frog_Uva.mp3"}, "file": "Kanakanavu_Kanakanavu/kkvNr_frog_Uva", "num": 37}], [38, {"ori": [], "gloss": [["..", "", ""], ["nguain", "3SG.NOM", "3SG.主格"], ["tamna,_", "POSS", "所有"]], "free": [], "s_end": false, "iu_a_span": [61.49, 62.43], "meta": {"topic": "Frog story", "type": "Narrative", "language": "卡那卡那富語, Kanakanavu, Kanakanavu", "speaker": "孔金治, Uva Kapanena, male, 1951-11", "collected": "None", "revised": "2016-5-24", "video": "kkvNr_frog_Uva.mp3"}, "file": "Kanakanavu_Kanakanavu/kkvNr_frog_Uva", "num": 38}], [39, {"ori": [], "gloss": [["..", "", ""], ["<L2JkucuL2J>,\\", "shoe", "鞋子"]], "free": ["#n kucu，日語的借字", "#n kucu，日語的借字"], "s_end": false, "iu_a_span": [62.43, 63.22], "meta": {"topic": "Frog story", "type": "Narrative", "language": "卡那卡那富語, Kanakanavu, Kanakanavu", "speaker": "孔金治, Uva Kapanena, male, 1951-11", "collected": "None", "revised": "2016-5-24", "video": "kkvNr_frog_Uva.mp3"}, "file": "Kanakanavu_Kanakanavu/kkvNr_frog_Uva", "num": 39}], [40, {"ori": [], "gloss": [["...", "", ""], ["manu", "child", "孩子"], ["tamna", "POSS", "所有"], ["<L2JkucuL2J>.\\", "shoe", "鞋子"]], "free": ["#c 那邊有他的鞋子，那個小孩的鞋子。", "#e There are his shoes, the kid’s shoes."], "s_end": true, "iu_a_span": [63.22, 65.19], "meta": {"topic": "Frog story", "type": "Narrative", "language": "卡那卡那富語, Kanakanavu, Kanakanavu", "speaker": "孔金治, Uva Kapanena, male, 1951-11", "collected": "None", "revised": "2016-5-24", "video": "kkvNr_frog_Uva.mp3"}, "s_a_span": [60.44, 65.19], "file": "Kanakanavu_Kanakanavu/kkvNr_frog_Uva", "num": 40}], [41, {"ori": [], "gloss": [["...", "", ""], ["eh==", "FIL", "FIL"], ["makasua=cu,_", "AF.that.way=COS", "主焦.那樣=COS"]], "free": [], "s_end": false, "iu_a_span": [65.19, 67.0], "meta": {"topic": "Frog story", "type": "Narrative", "language": "卡那卡那富語, Kanakanavu, Kanakanavu", "speaker": "孔金治, Uva Kapanena, male, 1951-11", "collected": "None", "revised": "2016-5-24", "video": "kkvNr_frog_Uva.mp3"}, "file": "Kanakanavu_Kanakanavu/kkvNr_frog_Uva", "num": 41}], [42, {"ori": [], "gloss": [["..", "", ""], ["sua", "NOM", "主格"], ["tamtitu", "puppy", "小狗"], ["iha,_", "that", "那個"]], "free": ["#n iha 是 isa的發音變化。", "#n iha 是 isa的發音變化。"], "s_end": false, "iu_a_span": [67.0, 68.21], "meta": {"topic": "Frog story", "type": "Narrative", "language": "卡那卡那富語, Kanakanavu, Kanakanavu", "speaker": "孔金治, Uva Kapanena, male, 1951-11", "collected": "None", "revised": "2016-5-24", "video": "kkvNr_frog_Uva.mp3"}, "file": "Kanakanavu_Kanakanavu/kkvNr_frog_Uva", "num": 42}], [43, {"ori": [], "gloss": [["...", "", ""], ["ni-musikarʉ", "PFV-AF.enter", "完成-主焦.進入"], ["na", "LOC", "處格"], ["pungana,_", "urn", "甕"]], "free": [], "s_end": false, "iu_a_span": [68.21, 70.03], "meta": {"topic": "Frog story", "type": "Narrative", "language": "卡那卡那富語, Kanakanavu, Kanakanavu", "speaker": "孔金治, Uva Kapanena, male, 1951-11", "collected": "None", "revised": "2016-5-24", "video": "kkvNr_frog_Uva.mp3"}, "file": "Kanakanavu_Kanakanavu/kkvNr_frog_Uva", "num": 43}], [44, {"ori": ["..", "’an", "tavarʉ’ʉ", "ara-pa-pining.\\"], "gloss": [["NEG", "", ""], ["be.able.to", "否定", "45"], ["become-RED-outside.AF", "能夠", "X"], ["...", "", ""], ["’a’enee", "變-重疊-外面.主焦", "X"], ["tam._", "", ""]], "free": ["#c 那之後，在甕裡面的那隻小狗無法出來。", "#e After that, the dog inside the urn couldn’t get out of it.", "#n sikarʉ：裡面，內部", "#n ‘an 是 ka’an的簡化。", "#n tavarʉ’ʉ，本來是知道，這邊有點語法化，表示能力的助動詞。"], "s_end": true, "iu_a_span": [70.03, 71.71], "meta": {"topic": "Frog story", "type": "Narrative", "language": "卡那卡那富語, Kanakanavu, Kanakanavu", "speaker": "孔金治, Uva Kapanena, male, 1951-11", "collected": "None", "revised": "2016-5-24", "video": "kkvNr_frog_Uva.mp3"}, "s_a_span": [65.19, 71.71], "file": "Kanakanavu_Kanakanavu/kkvNr_frog_Uva", "num": 44}], [46, {"ori": [], "gloss": [["..", "", ""], ["eh==,_", "FIL", "FIL"]], "free": [], "s_end": false, "iu_a_span": [73.29, 74.24], "meta": {"topic": "Frog story", "type": "Narrative", "language": "卡那卡那富語, Kanakanavu, Kanakanavu", "speaker": "孔金治, Uva Kapanena, male, 1951-11", "collected": "None", "revised": "2016-5-24", "video": "kkvNr_frog_Uva.mp3"}, "file": "Kanakanavu_Kanakanavu/kkvNr_frog_Uva", "num": 46}], [47, {"ori": [], "gloss": [["..", "", ""], ["manu", "child", "孩子"], ["isi,_", "this", "這個"]], "free": [], "s_end": false, "iu_a_span": [74.24, 75.71], "meta": {"topic": "Frog story", "type": "Narrative", "language": "卡那卡那富語, Kanakanavu, Kanakanavu", "speaker": "孔金治, Uva Kapanena, male, 1951-11", "collected": "None", "revised": "2016-5-24", "video": "kkvNr_frog_Uva.mp3"}, "file": "Kanakanavu_Kanakanavu/kkvNr_frog_Uva", "num": 47}], [48, {"ori": [], "gloss": [["...", "", ""], ["cʉrʉ-ʉn", "look.at-PF", "看-受焦"], ["kee", "3SG.GEN", "3SG.屬格"], ["carapung=in", "hat=3SG.GEN", "帽子=3SG.屬格"], ["te,_", "X", "X"]], "free": ["#c 這個小孩，他看著他的帽子。", "#e This kid, he looked at his hat.", "#n cʉ’ʉrʉnʉ 看，簡化為cʉrʉʉn。"], "s_end": true, "iu_a_span": [75.71, 77.63], "meta": {"topic": "Frog story", "type": "Narrative", "language": "卡那卡那富語, Kanakanavu, Kanakanavu", "speaker": "孔金治, Uva Kapanena, male, 1951-11", "collected": "None", "revised": "2016-5-24", "video": "kkvNr_frog_Uva.mp3"}, "s_a_span": [73.29, 77.63], "file": "Kanakanavu_Kanakanavu/kkvNr_frog_Uva", "num": 48}], [49, {"ori": [], "gloss": [["..", "", ""], ["’an", "NEG", "否定"], ["tara’ʉ", "be.able.to", "能夠"], ["makacarapung,_", "AF.wear.a.hat", "主焦.戴帽子"]], "free": [], "s_end": false, "iu_a_span": [77.63, 79.18], "meta": {"topic": "Frog story", "type": "Narrative", "language": "卡那卡那富語, Kanakanavu, Kanakanavu", "speaker": "孔金治, Uva Kapanena, male, 1951-11", "collected": "None", "revised": "2016-5-24", "video": "kkvNr_frog_Uva.mp3"}, "file": "Kanakanavu_Kanakanavu/kkvNr_frog_Uva", "num": 49}], [50, {"ori": [], "gloss": [["..", "", ""], ["si", "because", "因為"], ["ni-musikarʉ", "PFV-AF.enter", "完成-主焦.進入"], ["na", "LOC", "處格"], ["pungana.\\", "urn", "甕"]], "free": ["#c 他不能戴帽子，因為（帽子）掉到水缸裡。", "#e He couldn’t wear the hat because it had dropped into the urn.", "#n tara’ʉ是tavarʉ’ʉ的意思，唸比較快，v掉了"], "s_end": true, "iu_a_span": [79.18, 80.66], "meta": {"topic": "Frog story", "type": "Narrative", "language": "卡那卡那富語, Kanakanavu, Kanakanavu", "speaker": "孔金治, Uva Kapanena, male, 1951-11", "collected": "None", "revised": "2016-5-24", "video": "kkvNr_frog_Uva.mp3"}, "s_a_span": [77.63, 80.66], "file": "Kanakanavu_Kanakanavu/kkvNr_frog_Uva", "num": 50}], [51, {"ori": [], "gloss": [["..", "", ""], ["’e=nia", "EXIST=there", "存在.那裡"], ["kan", "KAN", "知識詞"], ["ta’an=in,_", "chair=3SG.GEN", "椅子=3SG.屬格"]], "free": ["#c 他的椅子在那邊。", "#e It said that his chair was there.", "#n ’e=nia 是 ’esi ’inia 的簡化", "#n kani簡化成kan，「據說」「聽說」的意思"], "s_end": true, "iu_a_span": [80.66, 82.64], "meta": {"topic": "Frog story", "type": "Narrative", "language": "卡那卡那富語, Kanakanavu, Kanakanavu", "speaker": "孔金治, Uva Kapanena, male, 1951-11", "collected": "None", "revised": "2016-5-24", "video": "kkvNr_frog_Uva.mp3"}, "s_a_span": [80.66, 82.64], "file": "Kanakanavu_Kanakanavu/kkvNr_frog_Uva", "num": 51}], [52, {"ori": [], "gloss": [["...", "", ""], ["makahua=cu", "AF.that.way=COS", "主焦.那樣=COS"], ["m-osa==-,_", "AF-go", "主焦-去"]], "free": ["#n makahua=cu 本來是 makasua=cu", "#n makahua=cu 本來是 makasua=cu"], "s_end": false, "iu_a_span": [82.64, 84.85], "meta": {"topic": "Frog story", "type": "Narrative", "language": "卡那卡那富語, Kanakanavu, Kanakanavu", "speaker": "孔金治, Uva Kapanena, male, 1951-11", "collected": "None", "revised": "2016-5-24", "video": "kkvNr_frog_Uva.mp3"}, "file": "Kanakanavu_Kanakanavu/kkvNr_frog_Uva", "num": 52}], [53, {"ori": [], "gloss": [["..", "", ""], ["manu", "child", "孩子"], ["iha", "that", "那個"], ["na", "LOC", "處格"], ["si’inʉva.\\", "door", "門"]], "free": ["#c 在那之後，那個小孩到門口。", "#e After that, that kid went to the door.", "#n mosa 本來應該是 mokusa"], "s_end": true, "iu_a_span": [84.85, 86.62], "meta": {"topic": "Frog story", "type": "Narrative", "language": "卡那卡那富語, Kanakanavu, Kanakanavu", "speaker": "孔金治, Uva Kapanena, male, 1951-11", "collected": "None", "revised": "2016-5-24", "video": "kkvNr_frog_Uva.mp3"}, "s_a_span": [82.64, 86.62], "file": "Kanakanavu_Kanakanavu/kkvNr_frog_Uva", "num": 53}], [54, {"ori": [], "gloss": [["...", "", ""], ["po-kari==,_", "say-word.AF", "說-話.主焦"]], "free": [], "s_end": false, "iu_a_span": [86.62, 88.07], "meta": {"topic": "Frog story", "type": "Narrative", "language": "卡那卡那富語, Kanakanavu, Kanakanavu", "speaker": "孔金治, Uva Kapanena, male, 1951-11", "collected": "None", "revised": "2016-5-24", "video": "kkvNr_frog_Uva.mp3"}, "file": "Kanakanavu_Kanakanavu/kkvNr_frog_Uva", "num": 54}], [55, {"ori": [], "gloss": [["...", "", ""], ["’akia", "NEG.EXIST", "否定.存在"], ["kan", "EVI", "知識詞"], ["nguain", "3SG.NOM", "3SG.主格"], ["tamna", "POSS", "所有"], ["takarura._", "frog", "青蛙"]], "free": ["#c （男孩）大叫說他的青蛙不見了。", "#e (The kid) shouted that his frog had disappeared."], "s_end": true, "iu_a_span": [88.07, 90.32], "meta": {"topic": "Frog story", "type": "Narrative", "language": "卡那卡那富語, Kanakanavu, Kanakanavu", "speaker": "孔金治, Uva Kapanena, male, 1951-11", "collected": "None", "revised": "2016-5-24", "video": "kkvNr_frog_Uva.mp3"}, "s_a_span": [86.62, 90.32], "file": "Kanakanavu_Kanakanavu/kkvNr_frog_Uva", "num": 55}], [56, {"ori": [], "gloss": [["..", "", ""], ["mara-co-cocua", "RED-two.people.walk.together", "重疊-兩個人一起走"], ["mataa", "and", "和"], ["tamtitu=in.\\", "puppy=3SG.GEN", "小狗=3SG.屬格"]], "free": ["#c 一直和他的狗一起走。", "#e He kept walking with his doggy.", "#n 1. maracocua 兩個人一起走。2. takacocua 兩個人一起工作。3. kipapa 跟著走。4. marivivini 隨後到"], "s_end": true, "iu_a_span": [90.32, 92.69], "meta": {"topic": "Frog story", "type": "Narrative", "language": "卡那卡那富語, Kanakanavu, Kanakanavu", "speaker": "孔金治, Uva Kapanena, male, 1951-11", "collected": "None", "revised": "2016-5-24", "video": "kkvNr_frog_Uva.mp3"}, "s_a_span": [90.32, 92.69], "file": "Kanakanavu_Kanakanavu/kkvNr_frog_Uva", "num": 56}], [57, {"ori": [], "gloss": [["...", "", ""], ["ʉh", "FIL", "FIL"], ["tamtitu", "puppy", "小狗"], ["ia", "TOP", "主題"], ["ni-musikarʉ", "PFV-enter", "完成-進入"], ["’inia,_", "there", "那裡"]], "free": [], "s_end": false, "iu_a_span": [92.69, 94.95], "meta": {"topic": "Frog story", "type": "Narrative", "language": "卡那卡那富語, Kanakanavu, Kanakanavu", "speaker": "孔金治, Uva Kapanena, male, 1951-11", "collected": "None", "revised": "2016-5-24", "video": "kkvNr_frog_Uva.mp3"}, "file": "Kanakanavu_Kanakanavu/kkvNr_frog_Uva", "num": 57}], [58, {"ori": [], "gloss": [["..", "", ""], ["pungana,_", "urn", "甕"]], "free": [], "s_end": false, "iu_a_span": [94.95, 95.81], "meta": {"topic": "Frog story", "type": "Narrative", "language": "卡那卡那富語, Kanakanavu, Kanakanavu", "speaker": "孔金治, Uva Kapanena, male, 1951-11", "collected": "None", "revised": "2016-5-24", "video": "kkvNr_frog_Uva.mp3"}, "file": "Kanakanavu_Kanakanavu/kkvNr_frog_Uva", "num": 58}], [59, {"ori": [], "gloss": [["...", "", ""], ["’an", "NEG", "否定"], ["tarʉ’ʉ", "be.able.to", "能夠"], ["po-kari-kari.\\", "say-RED-話語.AF", "說-重疊-話語.主焦"]], "free": ["#c 小狗掉入水缸那裡，不能叫。", "#e The dog dropped into the urn and could not call out.", "#n pokari 說話，重疊後變成pokarikari", "#n porun 狗叫，umoni 鳥叫"], "s_end": true, "iu_a_span": [95.81, 97.79], "meta": {"topic": "Frog story", "type": "Narrative", "language": "卡那卡那富語, Kanakanavu, Kanakanavu", "speaker": "孔金治, Uva Kapanena, male, 1951-11", "collected": "None", "revised": "2016-5-24", "video": "kkvNr_frog_Uva.mp3"}, "s_a_span": [92.69, 97.79], "file": "Kanakanavu_Kanakanavu/kkvNr_frog_Uva", "num": 59}], [60, {"ori": [], "gloss": [["...(1.0)", "", ""], ["ʉh", "FIL", "FIL"], ["’e=cu", "PROG=COS", "進行=COS"], ["metetarʉ==,_", "AF.keep.waiting", "主焦.持續等待"]], "free": ["#n ’e=cu 就是 ’esi=cu", "#n itarU 等待", "#n te=ku maritarU kasua 我要等你", "#n ’e=cu 就是 ’esi=cu", "#n itarU 等待", "#n te=ku maritarU kasua 我要等你"], "s_end": false, "iu_a_span": [97.79, 100.51], "meta": {"topic": "Frog story", "type": "Narrative", "language": "卡那卡那富語, Kanakanavu, Kanakanavu", "speaker": "孔金治, Uva Kapanena, male, 1951-11", "collected": "None", "revised": "2016-5-24", "video": "kkvNr_frog_Uva.mp3"}, "file": "Kanakanavu_Kanakanavu/kkvNr_frog_Uva", "num": 60}], [61, {"ori": [], "gloss": [["..", "", ""], ["tikirimi=kee", "look.for=3SG.GEN", "尋找=3SG.屬格"], ["nguain", "3SG.NOM", "3SG.主格"], ["ʉh==,_", "FIL", "FIL"]], "free": [], "s_end": false, "iu_a_span": [100.51, 102.58], "meta": {"topic": "Frog story", "type": "Narrative", "language": "卡那卡那富語, Kanakanavu, Kanakanavu", "speaker": "孔金治, Uva Kapanena, male, 1951-11", "collected": "None", "revised": "2016-5-24", "video": "kkvNr_frog_Uva.mp3"}, "file": "Kanakanavu_Kanakanavu/kkvNr_frog_Uva", "num": 61}], [62, {"ori": [], "gloss": [["...", "", ""], ["takarura", "frog", "青蛙"], ["’akia.\\", "NEG.EXIST", "否定.存在"]], "free": ["#c （男孩）已經一直等了，尋找他的不見的青蛙。", "#e (The kid) kept waiting, and looked for his lost frog."], "s_end": true, "iu_a_span": [102.58, 104.12], "meta": {"topic": "Frog story", "type": "Narrative", "language": "卡那卡那富語, Kanakanavu, Kanakanavu", "speaker": "孔金治, Uva Kapanena, male, 1951-11", "collected": "None", "revised": "2016-5-24", "video": "kkvNr_frog_Uva.mp3"}, "s_a_span": [97.79, 104.12], "file": "Kanakanavu_Kanakanavu/kkvNr_frog_Uva", "num": 62}], [63, {"ori": [], "gloss": [["...(0.7)", "", ""], ["mo-no-nang=cu", "RED-stay.still", "重疊-靜止不動"], ["na", "LOC", "處格"], ["si’inʉve=en.\\", "door=3SG.GEN", "門=3SG.屬格"]], "free": ["#c （男孩）一直安靜地待在他的門口。", "#e (The kid) stayed still at the door.", "#n monangU 靜止，待著別動", "#n si’inʉve=en 就是 si’inʉva-in"], "s_end": true, "iu_a_span": [104.12, 107.41], "meta": {"topic": "Frog story", "type": "Narrative", "language": "卡那卡那富語, Kanakanavu, Kanakanavu", "speaker": "孔金治, Uva Kapanena, male, 1951-11", "collected": "None", "revised": "2016-5-24", "video": "kkvNr_frog_Uva.mp3"}, "s_a_span": [104.12, 107.41], "file": "Kanakanavu_Kanakanavu/kkvNr_frog_Uva", "num": 63}], [64, {"ori": [], "gloss": [["...", "", ""], ["’esi,_", "EXIST", "存在"]], "free": [], "s_end": false, "iu_a_span": [107.41, 108.8], "meta": {"topic": "Frog story", "type": "Narrative", "language": "卡那卡那富語, Kanakanavu, Kanakanavu", "speaker": "孔金治, Uva Kapanena, male, 1951-11", "collected": "None", "revised": "2016-5-24", "video": "kkvNr_frog_Uva.mp3"}, "file": "Kanakanavu_Kanakanavu/kkvNr_frog_Uva", "num": 64}], [65, {"ori": [], "gloss": [["..", "", ""], ["meranasʉ", "worry", "苦惱"], ["tamtitu", "puppy", "小狗"], ["i==,_", "this", "這"]], "free": ["#n meranasʉ 應該是 miari’inasʉ", "#n meranasʉ 應該是 miari’inasʉ"], "s_end": false, "iu_a_span": [108.8, 110.93], "meta": {"topic": "Frog story", "type": "Narrative", "language": "卡那卡那富語, Kanakanavu, Kanakanavu", "speaker": "孔金治, Uva Kapanena, male, 1951-11", "collected": "None", "revised": "2016-5-24", "video": "kkvNr_frog_Uva.mp3"}, "file": "Kanakanavu_Kanakanavu/kkvNr_frog_Uva", "num": 65}], [66, {"ori": [], "gloss": [["..", "", ""], ["ni-musikarʉ", "PFV-AF.enter", "完成-主焦.進入"], ["na", "LOC", "處焦"], ["pungana", "urn", "甕"], ["’an", "NEG", "否定"], ["tara", "be.able.to", "能夠"], ["arapapining.\\", "AF.go.out", "主焦.出去"]], "free": ["#c 這隻小狗很苦惱，他進入到水缸裡面沒有辦法出來了。", "#e This distressed dog worried that it could not go out from the urn it had entered.", "#n tara 應該是 tavarʉ’ʉ 知道、可以（老師認為最初的唸法應該是tavara’ʉ，三四十年前的音檔是這麼唸的）", "#n ’an 應該是ka’an"], "s_end": true, "iu_a_span": [110.93, 113.62], "meta": {"topic": "Frog story", "type": "Narrative", "language": "卡那卡那富語, Kanakanavu, Kanakanavu", "speaker": "孔金治, Uva Kapanena, male, 1951-11", "collected": "None", "revised": "2016-5-24", "video": "kkvNr_frog_Uva.mp3"}, "s_a_span": [107.41, 113.62], "file": "Kanakanavu_Kanakanavu/kkvNr_frog_Uva", "num": 66}], [67, {"ori": [], "gloss": [["...", "", ""], ["ʉh", "FIL", "FIL"], ["arapa,_", "X", "X"]], "free": [], "s_end": false, "iu_a_span": [113.62, 114.97], "meta": {"topic": "Frog story", "type": "Narrative", "language": "卡那卡那富語, Kanakanavu, Kanakanavu", "speaker": "孔金治, Uva Kapanena, male, 1951-11", "collected": "None", "revised": "2016-5-24", "video": "kkvNr_frog_Uva.mp3"}, "file": "Kanakanavu_Kanakanavu/kkvNr_frog_Uva", "num": 67}], [68, {"ori": [], "gloss": [["..", "", ""], ["mecocua=cu._", "two.people.stay.together=COS", "兩個人在一起=COS"]], "free": ["#n mecocua 兩個人在一起（做什麼不知道）", "#n mecocua 兩個人在一起（做什麼不知道）"], "s_end": false, "iu_a_span": [114.97, 116.16], "meta": {"topic": "Frog story", "type": "Narrative", "language": "卡那卡那富語, Kanakanavu, Kanakanavu", "speaker": "孔金治, Uva Kapanena, male, 1951-11", "collected": "None", "revised": "2016-5-24", "video": "kkvNr_frog_Uva.mp3"}, "file": "Kanakanavu_Kanakanavu/kkvNr_frog_Uva", "num": 68}], [69, {"ori": [], "gloss": [["..", "", ""], ["nesi,_", "here", "這裡"]], "free": [], "s_end": false, "iu_a_span": [116.16, 117.03], "meta": {"topic": "Frog story", "type": "Narrative", "language": "卡那卡那富語, Kanakanavu, Kanakanavu", "speaker": "孔金治, Uva Kapanena, male, 1951-11", "collected": "None", "revised": "2016-5-24", "video": "kkvNr_frog_Uva.mp3"}, "file": "Kanakanavu_Kanakanavu/kkvNr_frog_Uva", "num": 69}], [70, {"ori": [], "gloss": [["..", "", ""], ["ara,_", "X", "X"]], "free": [], "s_end": false, "iu_a_span": [117.03, 117.38], "meta": {"topic": "Frog story", "type": "Narrative", "language": "卡那卡那富語, Kanakanavu, Kanakanavu", "speaker": "孔金治, Uva Kapanena, male, 1951-11", "collected": "None", "revised": "2016-5-24", "video": "kkvNr_frog_Uva.mp3"}, "file": "Kanakanavu_Kanakanavu/kkvNr_frog_Uva", "num": 70}], [71, {"ori": [], "gloss": [["..", "", ""], ["ni-arapapining=cu", "PFV-AF.go.out=COS", "完成-主焦.出去=COS"], ["tamtitu.\\", "puppy", "小狗"]], "free": [], "s_end": false, "iu_a_span": [117.38, 119.88], "meta": {"topic": "Frog story", "type": "Narrative", "language": "卡那卡那富語, Kanakanavu, Kanakanavu", "speaker": "孔金治, Uva Kapanena, male, 1951-11", "collected": "None", "revised": "2016-5-24", "video": "kkvNr_frog_Uva.mp3"}, "file": "Kanakanavu_Kanakanavu/kkvNr_frog_Uva", "num": 71}], [72, {"ori": [], "gloss": [["...(0.8)", "", ""], ["aio", "FIL", "FIL"], ["macangcangarʉ", "AF.happy", "主焦.高興"], ["manu", "child", "小孩"], ["ia", "this", "這個"], ["ca,_", "X", "X"]], "free": ["#n aio 嘆詞，有點被布農影響了", "#n ia 應該是isa，唸比較快", "#n aio 嘆詞，有點被布農影響了", "#n ia 應該是isa，唸比較快"], "s_end": false, "iu_a_span": [119.88, 122.73], "meta": {"topic": "Frog story", "type": "Narrative", "language": "卡那卡那富語, Kanakanavu, Kanakanavu", "speaker": "孔金治, Uva Kapanena, male, 1951-11", "collected": "None", "revised": "2016-5-24", "video": "kkvNr_frog_Uva.mp3"}, "file": "Kanakanavu_Kanakanavu/kkvNr_frog_Uva", "num": 72}], [73, {"ori": [], "gloss": [["..", "", ""], ["ke-rivi-in", "X-hold-PF", "X-抱-受焦"], ["kee", "3SG.GEN", "3SG.屬格"], ["makasi.\\", "AF.that.way", "主焦.那樣"]], "free": ["#c 兩個已經一起在這裡，小狗已經出來了，小孩非常高興把小狗這樣抱起來。", "#e Those two has been together. The dog has been out of the urn. The kid was very happy and held the dog.", "#n makasi 說，但這裡比較像是 makasia 如此", "#n marivi 抱入懷裡 (詞根rivi)", "#n uma’atʉpʉ 擁抱"], "s_end": true, "iu_a_span": [122.73, 125.12], "meta": {"topic": "Frog story", "type": "Narrative", "language": "卡那卡那富語, Kanakanavu, Kanakanavu", "speaker": "孔金治, Uva Kapanena, male, 1951-11", "collected": "None", "revised": "2016-5-24", "video": "kkvNr_frog_Uva.mp3"}, "s_a_span": [113.62, 125.12], "file": "Kanakanavu_Kanakanavu/kkvNr_frog_Uva", "num": 73}], [74, {"ori": [], "gloss": [["..", "", ""], ["sii", "because", "因為"], ["niara", "X", "X"], ["a,/", "FIL", "FIL"]], "free": [], "s_end": false, "iu_a_span": [125.12, 126.69], "meta": {"topic": "Frog story", "type": "Narrative", "language": "卡那卡那富語, Kanakanavu, Kanakanavu", "speaker": "孔金治, Uva Kapanena, male, 1951-11", "collected": "None", "revised": "2016-5-24", "video": "kkvNr_frog_Uva.mp3"}, "file": "Kanakanavu_Kanakanavu/kkvNr_frog_Uva", "num": 74}], [75, {"ori": [], "gloss": [["..", "", ""], ["ni-musikarʉ", "PFV-enter", "完成-進入"], ["na", "LOC", "處格"], ["‘a", "FIL", "FIL"], ["satu’u", "box", "箱子"], ["a’", "FIL", "FIL"], ["ʉ’ʉ", "", ""], ["satu’u,\\", "yes", "是的"]], "free": ["#n 這裡的填充詞 ’a 有疑問的意思在", "#n 這裡的填充詞 ’a 有疑問的意思在"], "s_end": false, "iu_a_span": [126.69, 129.96], "meta": {"topic": "Frog story", "type": "Narrative", "language": "卡那卡那富語, Kanakanavu, Kanakanavu", "speaker": "孔金治, Uva Kapanena, male, 1951-11", "collected": "None", "revised": "2016-5-24", "video": "kkvNr_frog_Uva.mp3"}, "file": "Kanakanavu_Kanakanavu/kkvNr_frog_Uva", "num": 75}], [76, {"ori": [], "gloss": [["...(1.3)", "", ""], ["’a", "FIL", "FIL"], ["nen=cu", "Q=COS", "疑問=COS"], ["maracocua", "two.people.walk.together", "兩個人走在一起"], ["mataa", "and", "和"], ["tamtitu", "puppy", "小狗"], ["mataa", "and", "和"], ["manu", "child", "小孩"], ["ihi./", "this", "這個"]], "free": ["#c 因為曾經掉到箱子，嗯，對，箱子裡面。怎樣了？小狗和小孩走在一起", "#e Because (it) had dropped into the box... yeah, the box. How is it? The dog and the kid walked together.", "#n maracocua 是兩個人走在一起", "#n neni how who what 都可以"], "s_end": true, "iu_a_span": [129.96, 135.14], "meta": {"topic": "Frog story", "type": "Narrative", "language": "卡那卡那富語, Kanakanavu, Kanakanavu", "speaker": "孔金治, Uva Kapanena, male, 1951-11", "collected": "None", "revised": "2016-5-24", "video": "kkvNr_frog_Uva.mp3"}, "s_a_span": [125.12, 135.14], "file": "Kanakanavu_Kanakanavu/kkvNr_frog_Uva", "num": 76}], [77, {"ori": [], "gloss": [["...", "", ""], ["’i=na=karu==,_", "EXIST=LOC=tree", "存在=處格=樹"]], "free": ["#n ’esi na karu 的連音", "#n ’esi na karu 的連音"], "s_end": false, "iu_a_span": [135.14, 136.89], "meta": {"topic": "Frog story", "type": "Narrative", "language": "卡那卡那富語, Kanakanavu, Kanakanavu", "speaker": "孔金治, Uva Kapanena, male, 1951-11", "collected": "None", "revised": "2016-5-24", "video": "kkvNr_frog_Uva.mp3"}, "file": "Kanakanavu_Kanakanavu/kkvNr_frog_Uva", "num": 77}], [78, {"ori": [], "gloss": [["..", "", ""], ["ʉh==", "FIL", "FIL"], ["na,_", "LOC", "處格"]], "free": [], "s_end": false, "iu_a_span": [136.89, 138.21], "meta": {"topic": "Frog story", "type": "Narrative", "language": "卡那卡那富語, Kanakanavu, Kanakanavu", "speaker": "孔金治, Uva Kapanena, male, 1951-11", "collected": "None", "revised": "2016-5-24", "video": "kkvNr_frog_Uva.mp3"}, "file": "Kanakanavu_Kanakanavu/kkvNr_frog_Uva", "num": 78}], [79, {"ori": [], "gloss": [["..", "", ""], ["ramisi", "root", "根"], ["’ʉnʉ’ʉnai.\\", "the.earth", "地面"]], "free": ["#n ’ʉnai 土地", "#n ’ʉnai 土地"], "s_end": false, "iu_a_span": [138.21, 139.94], "meta": {"topic": "Frog story", "type": "Narrative", "language": "卡那卡那富語, Kanakanavu, Kanakanavu", "speaker": "孔金治, Uva Kapanena, male, 1951-11", "collected": "None", "revised": "2016-5-24", "video": "kkvNr_frog_Uva.mp3"}, "file": "Kanakanavu_Kanakanavu/kkvNr_frog_Uva", "num": 79}], [80, {"ori": [], "gloss": [["...(0.7)", "", ""], ["maracocua", "two.people.stay.together", "兩個人在一起"], ["mo=nia,_", "stay=there", "待在=那裡"]], "free": ["#n maracocua 應該就是 maracocua，發音有點改變而已", "#n mon ’inia 的意思", "#n maracocua 應該就是 maracocua，發音有點改變而已", "#n mon ’inia 的意思"], "s_end": false, "iu_a_span": [139.94, 142.36], "meta": {"topic": "Frog story", "type": "Narrative", "language": "卡那卡那富語, Kanakanavu, Kanakanavu", "speaker": "孔金治, Uva Kapanena, male, 1951-11", "collected": "None", "revised": "2016-5-24", "video": "kkvNr_frog_Uva.mp3"}, "file": "Kanakanavu_Kanakanavu/kkvNr_frog_Uva", "num": 80}], [81, {"ori": [], "gloss": [["..", "", ""], ["po-kari,\\", "say-word.AF", "說-話語.主焦"]], "free": [], "s_end": false, "iu_a_span": [142.36, 143.17], "meta": {"topic": "Frog story", "type": "Narrative", "language": "卡那卡那富語, Kanakanavu, Kanakanavu", "speaker": "孔金治, Uva Kapanena, male, 1951-11", "collected": "None", "revised": "2016-5-24", "video": "kkvNr_frog_Uva.mp3"}, "file": "Kanakanavu_Kanakanavu/kkvNr_frog_Uva", "num": 81}], [82, {"ori": [], "gloss": [["..", "", ""], ["to", "X", "X"], ["takarura==", "frog", "青蛙"], ["’e=kasu", "EXIST=2SG.NOM", "存在=2SG.主格"], ["nan", "where", "哪裡"], ["takarura", "frog", "青蛙"], ["ara-pa-pining-a.\\", "become-RED-outside-IMP.AF", "變成-重疊-外頭-祈使.主焦"]], "free": ["#c 在樹上，呃，在樹根那裡的地面上，兩個一起在那裡呼叫，青蛙，你在哪裡，青蛙，出來啊！", "#e The stay in the tree, uh... at the tree, calling “Frog~~ where are you, frog, come on out.”", "#n po-kari 呼叫，malisusuna 呼喊（沒目的，就純發聲）", "#n 孔老師覺得最完整的說法，應該是 arapipiningi-a 出來！"], "s_end": true, "iu_a_span": [143.17, 147.18], "meta": {"topic": "Frog story", "type": "Narrative", "language": "卡那卡那富語, Kanakanavu, Kanakanavu", "speaker": "孔金治, Uva Kapanena, male, 1951-11", "collected": "None", "revised": "2016-5-24", "video": "kkvNr_frog_Uva.mp3"}, "s_a_span": [135.14, 147.18], "file": "Kanakanavu_Kanakanavu/kkvNr_frog_Uva", "num": 82}], [83, {"ori": [], "gloss": [["...", "", ""], ["’a", "FIL", "FIL"], ["cʉ’ʉr=e=nia", "look.at=3SG.GEN=there", "看著=3SG=那裡"], ["karu", "tree", "樹"], ["ihi,_", "this", "這個"]], "free": ["#n cʉ’ʉre 他看 cʉ’ʉrʉnʉ kee 的連音； =nia 就是 ‘inia", "#n cʉ’ʉre 他看 cʉ’ʉrʉnʉ kee 的連音； =nia 就是 ‘inia"], "s_end": false, "iu_a_span": [147.18, 149.2], "meta": {"topic": "Frog story", "type": "Narrative", "language": "卡那卡那富語, Kanakanavu, Kanakanavu", "speaker": "孔金治, Uva Kapanena, male, 1951-11", "collected": "None", "revised": "2016-5-24", "video": "kkvNr_frog_Uva.mp3"}, "file": "Kanakanavu_Kanakanavu/kkvNr_frog_Uva", "num": 83}], [84, {"ori": [], "gloss": [["..", "", ""], ["taru’u", "X", "X"], ["’una==,_", "EXIST", "存在"]], "free": [], "s_end": false, "iu_a_span": [149.2, 150.76], "meta": {"topic": "Frog story", "type": "Narrative", "language": "卡那卡那富語, Kanakanavu, Kanakanavu", "speaker": "孔金治, Uva Kapanena, male, 1951-11", "collected": "None", "revised": "2016-5-24", "video": "kkvNr_frog_Uva.mp3"}, "file": "Kanakanavu_Kanakanavu/kkvNr_frog_Uva", "num": 84}], [85, {"ori": [], "gloss": [["...", "", ""], ["uh==", "FIL", "FIL"], ["tarako.\\", "hole", "洞"]], "free": ["#c 他看著這顆樹，啊，有個洞。", "#e He looked at this tree. There is a hole."], "s_end": true, "iu_a_span": [150.76, 152.88], "meta": {"topic": "Frog story", "type": "Narrative", "language": "卡那卡那富語, Kanakanavu, Kanakanavu", "speaker": "孔金治, Uva Kapanena, male, 1951-11", "collected": "None", "revised": "2016-5-24", "video": "kkvNr_frog_Uva.mp3"}, "s_a_span": [147.18, 152.88], "file": "Kanakanavu_Kanakanavu/kkvNr_frog_Uva", "num": 85}], [86, {"ori": [], "gloss": [["...", "", ""], ["’una", "EXIST", "存在"], ["tarako,/", "hole", "洞"]], "free": [], "s_end": false, "iu_a_span": [152.88, 154.42], "meta": {"topic": "Frog story", "type": "Narrative", "language": "卡那卡那富語, Kanakanavu, Kanakanavu", "speaker": "孔金治, Uva Kapanena, male, 1951-11", "collected": "None", "revised": "2016-5-24", "video": "kkvNr_frog_Uva.mp3"}, "file": "Kanakanavu_Kanakanavu/kkvNr_frog_Uva", "num": 86}], [87, {"ori": [], "gloss": [["..", "", ""], ["a’", "FIL", "FIL"], ["eio==", "FIL", "FIL"], ["’una=ava", "EXIST=AVA", "存在=AVA"], ["nesi", "here", "這裡"], ["anu", "beehive", "蜂窩"], ["ni-mu-tatin", "PFV-AF-suspend", "完成-主焦-懸吊"], ["na", "LOC", "處格"], ["karu.\\", "tree", "樹"]], "free": ["#c 有個洞，啊呀！原來有個蜂窩掛在樹這裡！", "#e There is a hole. Oh! So there is a beehive suspended here in the tree!", "#n anu 可以是蜜蜂或蜂蜜，也可以是蜂窩", "#n te=ku tumatatini tikuru 我要掛衣服；詞根 tini"], "s_end": true, "iu_a_span": [154.42, 157.96], "meta": {"topic": "Frog story", "type": "Narrative", "language": "卡那卡那富語, Kanakanavu, Kanakanavu", "speaker": "孔金治, Uva Kapanena, male, 1951-11", "collected": "None", "revised": "2016-5-24", "video": "kkvNr_frog_Uva.mp3"}, "s_a_span": [152.88, 157.96], "file": "Kanakanavu_Kanakanavu/kkvNr_frog_Uva", "num": 87}], [88, {"ori": [], "gloss": [["...", "", ""], ["mon=inia", "stay=there", "待在=那裡"], ["tasa", "two.people", "兩個人"], ["ihi._", "this", "這個"]], "free": ["#c 這兩個人待在那裡。", "#e These two stayed there.", "#n mon=inia 是 mon 'inia 的連音"], "s_end": true, "iu_a_span": [157.96, 160.34], "meta": {"topic": "Frog story", "type": "Narrative", "language": "卡那卡那富語, Kanakanavu, Kanakanavu", "speaker": "孔金治, Uva Kapanena, male, 1951-11", "collected": "None", "revised": "2016-5-24", "video": "kkvNr_frog_Uva.mp3"}, "s_a_span": [157.96, 160.34], "file": "Kanakanavu_Kanakanavu/kkvNr_frog_Uva", "num": 88}], [89, {"ori": [], "gloss": [["...(1.0)", "", ""], ["mara", "hold", "拿"], ["na", "LOC", "處格"], ["anu", "beehive", "蜂窩"], ["ia", "that", "那個"], ["ni-matapari’i", "PFV-drop", "完成-掉落"], ["tamtitu", "puppy", "小狗"], ["na", "LOC", "處格"], ["canum.\\", "water", "水"]], "free": ["#c 拿那個蜂窩，小狗掉到池塘裡面。", "#e Holding that beehive, the dog dropped into the pool.", "#n ia應該是 isa"], "s_end": true, "iu_a_span": [160.34, 164.51], "meta": {"topic": "Frog story", "type": "Narrative", "language": "卡那卡那富語, Kanakanavu, Kanakanavu", "speaker": "孔金治, Uva Kapanena, male, 1951-11", "collected": "None", "revised": "2016-5-24", "video": "kkvNr_frog_Uva.mp3"}, "s_a_span": [160.34, 164.51], "file": "Kanakanavu_Kanakanavu/kkvNr_frog_Uva", "num": 89}], [90, {"ori": [], "gloss": [["...(1.1)", "", ""], ["ni-matapari", "PFV-drop", "完成-掉落"], ["na", "LOC", "處格"], ["tamti,_", "X", "X"]], "free": ["#n ni-matapari掉落，但是後面的i掉了", "#n ni-matapari掉落，但是後面的i掉了"], "s_end": false, "iu_a_span": [164.51, 167.2], "meta": {"topic": "Frog story", "type": "Narrative", "language": "卡那卡那富語, Kanakanavu, Kanakanavu", "speaker": "孔金治, Uva Kapanena, male, 1951-11", "collected": "None", "revised": "2016-5-24", "video": "kkvNr_frog_Uva.mp3"}, "file": "Kanakanavu_Kanakanavu/kkvNr_frog_Uva", "num": 90}], [91, {"ori": [], "gloss": [["..", "", ""], ["tamtitu", "puppy", "小狗"], ["ia", "that", "那個"], ["ni-matapari", "PFV-drop", "完成-掉落"], ["na", "LOC", "處格"], ["canum.\\", "water", "水"]], "free": ["#c 那個狗掉到池塘裡面。", "#e That dog dropped into the pool"], "s_end": true, "iu_a_span": [167.2, 169.48], "meta": {"topic": "Frog story", "type": "Narrative", "language": "卡那卡那富語, Kanakanavu, Kanakanavu", "speaker": "孔金治, Uva Kapanena, male, 1951-11", "collected": "None", "revised": "2016-5-24", "video": "kkvNr_frog_Uva.mp3"}, "s_a_span": [164.51, 169.48], "file": "Kanakanavu_Kanakanavu/kkvNr_frog_Uva", "num": 91}], [92, {"ori": [], "gloss": [["...", "", ""], ["’ee=pa=nia", "EXIST=still=there", "存在=仍然=那裡"], ["ʉh==", "FIL", "FIL"], ["meranasʉ", "struggle", "掙扎"], ["tamtitu", "puppy", "小狗"], ["ia,_", "that", "那個"]], "free": ["#n ’esi pa ’inia 那裡還有", "#n ia 是 isa", "#n ’esi pa ’inia 那裡還有", "#n ia 是 isa"], "s_end": false, "iu_a_span": [169.48, 173.03], "meta": {"topic": "Frog story", "type": "Narrative", "language": "卡那卡那富語, Kanakanavu, Kanakanavu", "speaker": "孔金治, Uva Kapanena, male, 1951-11", "collected": "None", "revised": "2016-5-24", "video": "kkvNr_frog_Uva.mp3"}, "file": "Kanakanavu_Kanakanavu/kkvNr_frog_Uva", "num": 92}], [93, {"ori": [], "gloss": [["..", "", ""], ["tia", "IRR", "非實現"], ["asa", "want", "想要"], ["matisa’ʉ", "grasp", "抓"], ["ʉh==", "FIL", "FIL"], ["anu", "beehive", "蜂窩"], ["ia.\\", "that", "那個"]], "free": ["#c 那隻小狗還在那邊掙扎，想要抓那個蜂窩。", "#e That dog was still struggling and wanted to grasp the beehive.", "#n asa 是布農語"], "s_end": true, "iu_a_span": [173.03, 175.84], "meta": {"topic": "Frog story", "type": "Narrative", "language": "卡那卡那富語, Kanakanavu, Kanakanavu", "speaker": "孔金治, Uva Kapanena, male, 1951-11", "collected": "None", "revised": "2016-5-24", "video": "kkvNr_frog_Uva.mp3"}, "s_a_span": [169.48, 175.84], "file": "Kanakanavu_Kanakanavu/kkvNr_frog_Uva", "num": 93}], [96, {"ori": [], "gloss": [["..", "", ""], ["ma’icʉpʉ", "AF.feel.fear", "主焦.懼怕"], ["’una", "EXIST", "存在"], ["anu", "bee", "蜜蜂"], ["misee.\\", "say.AF", "說.主焦"]], "free": ["#c 小孩在地上睡覺，小孩可能怕蜜蜂吧。", "#e The kid slept on the floor. It appeared that he felt fear about bees.", "#n misee 的本意是說，但是這邊是表示「以為」的意思，內心的想法", "#n nivatu pani misee 我以為Pani來了"], "s_end": true, "iu_a_span": [181.55, 184.31], "meta": {"topic": "Frog story", "type": "Narrative", "language": "卡那卡那富語, Kanakanavu, Kanakanavu", "speaker": "孔金治, Uva Kapanena, male, 1951-11", "collected": "None", "revised": "2016-5-24", "video": "kkvNr_frog_Uva.mp3"}, "s_a_span": [181.55, 184.31], "file": "Kanakanavu_Kanakanavu/kkvNr_frog_Uva", "num": 96}], [97, {"ori": [], "gloss": [["...", "", ""], ["makasua=cu", "AF.that.way=COS", "主焦.那樣=COS"], ["tia", "IRR", "非實現"], ["asa", "want", "想要"], ["mopara", "climb", "爬"], ["’inia", "there", "那裡"], ["ni-vatu", "PFV-come", "完成-來"], ["ai,/", "FIL", "FIL"]], "free": ["#n asa是布農語，想要的意思", "#n makasi 某人說，makasia這樣， makasua那樣", "#n Kanakanavu 沒有「想要」這個字，孔老師表示他說不出來", "#n asa是布農語，想要的意思", "#n makasi 某人說，makasia這樣， makasua那樣", "#n Kanakanavu 沒有「想要」這個字，孔老師表示他說不出來"], "s_end": false, "iu_a_span": [184.31, 187.61], "meta": {"topic": "Frog story", "type": "Narrative", "language": "卡那卡那富語, Kanakanavu, Kanakanavu", "speaker": "孔金治, Uva Kapanena, male, 1951-11", "collected": "None", "revised": "2016-5-24", "video": "kkvNr_frog_Uva.mp3"}, "file": "Kanakanavu_Kanakanavu/kkvNr_frog_Uva", "num": 97}], [98, {"ori": [], "gloss": [["...", "", ""], ["mo=nia", "stay.there", "待在.那裡"], ["manu", "child", "小孩"], ["ia", "that", "那個"], ["pokari", "AF.call", "主焦.呼叫"], ["mataa", "and", "和"], ["tacau", "dog", "狗"], ["’a", "X", "X"], ["is._", "X", "X"]], "free": ["#c 之後他想爬上去和小狗待在那裡呼喊。", "#e Then the child wanted to come climbing up and stayed there, and then called with the dog.", "#n mo=nia 是 mon ’inia 的簡略", "#n 這裡的ia比較像iha，是個人習慣的isa的發音"], "s_end": true, "iu_a_span": [187.61, 191.23], "meta": {"topic": "Frog story", "type": "Narrative", "language": "卡那卡那富語, Kanakanavu, Kanakanavu", "speaker": "孔金治, Uva Kapanena, male, 1951-11", "collected": "None", "revised": "2016-5-24", "video": "kkvNr_frog_Uva.mp3"}, "s_a_span": [184.31, 191.23], "file": "Kanakanavu_Kanakanavu/kkvNr_frog_Uva", "num": 98}], [99, {"ori": [], "gloss": [["...(0.8)", "", ""], ["’ei", "FIL", "FIL"], ["ni-arapapining", "PFV-AF.go.out", "完成-主焦.出去"], ["na", "LOC", "處格"], ["canumu", "water", "水"], ["takarura", "frog", "青蛙"], ["isa.\\", "that", "那個"]], "free": ["#c 那個青蛙出現在水上。", "#e That frog emerged from the water."], "s_end": true, "iu_a_span": [191.23, 195.63], "meta": {"topic": "Frog story", "type": "Narrative", "language": "卡那卡那富語, Kanakanavu, Kanakanavu", "speaker": "孔金治, Uva Kapanena, male, 1951-11", "collected": "None", "revised": "2016-5-24", "video": "kkvNr_frog_Uva.mp3"}, "s_a_span": [191.23, 195.63], "file": "Kanakanavu_Kanakanavu/kkvNr_frog_Uva", "num": 99}]], "meta": {"topic": "Frog story", "type": "Narrative", "language": "卡那卡那富語, Kanakanavu, Kanakanavu", "speaker": "孔金治, Uva Kapanena, male, 1951-11", "collected": "None", "revised": "2016-5-24", "video": "kkvNr_frog_Uva.mp3"}}