{"glosses": [[1, {"ori": [], "gloss": [["ralu'=mu", "name=1SG.GEN", "名字-受焦-1SG.屬格"], ["ga", "TOP", "主題"], ["..", "", ""], ["Buyung", "PN", "人名"], ["na", "GEN", "屬格"], ["Siyat.\\", "PN", "人名"]], "free": ["#e My name is Buyung na Siyat.", "#c 我的名字叫Buyung na Siyat。"], "s_end": true, "iu_a_span": [22.71, 26.56], "meta": {"topic": "Hunting 2", "type": "Narrative", "language": "泰雅語, Atayal, Mayrinax", "speaker": "林逢禮, Buyung, male, 1946-03-25", "collected": "2011-04-01", "revised": "2013-1-25", "video": "AtaNr-hunting2_Buyung.mp3"}, "s_a_span": [22.71, 26.56], "file": "Atayal_Mayrinax/AtaNr-hunting2_Buyung", "num": 1}], [2, {"ori": [], "gloss": [["...(1.8)", "", ""], ["aring", "start", "開始"], ["sku", "ACC", "受格"], ["ulaqi'", "child", "小孩"], ["kuwing", "1SG.NOM", "1SG.主格"], ["ga,/", "TOP", "主題"]], "free": ["#n 汶水泰雅不同村之間有b/v, c/s等發音上的差異。清安村發音人較年輕一輩的詞彙已無b和c的音，但較年長的發音人的部分詞彙仍保留b和c的音。此篇語料係依照發音人的發音而給予標記。", "#n 汶水泰雅不同村之間有b/v, c/s等發音上的差異。清安村發音人較年輕一輩的詞彙已無b和c的音，但較年長的發音人的部分詞彙仍保留b和c的音。此篇語料係依照發音人的發音而給予標記。"], "s_end": false, "iu_a_span": [26.56, 31.48], "meta": {"topic": "Hunting 2", "type": "Narrative", "language": "泰雅語, Atayal, Mayrinax", "speaker": "林逢禮, Buyung, male, 1946-03-25", "collected": "2011-04-01", "revised": "2013-1-25", "video": "AtaNr-hunting2_Buyung.mp3"}, "file": "Atayal_Mayrinax/AtaNr-hunting2_Buyung", "num": 2}], [3, {"ori": [], "gloss": [["X", "", ""], ["tiku,_", "DM", "DM"]], "free": [], "s_end": false, "iu_a_span": [31.48, 32.46], "meta": {"topic": "Hunting 2", "type": "Narrative", "language": "泰雅語, Atayal, Mayrinax", "speaker": "林逢禮, Buyung, male, 1946-03-25", "collected": "2011-04-01", "revised": "2013-1-25", "video": "AtaNr-hunting2_Buyung.mp3"}, "file": "Atayal_Mayrinax/AtaNr-hunting2_Buyung", "num": 3}], [4, {"ori": [], "gloss": [["..", "", ""], ["vaq-un=mu", "know-PF=1SG.GEN", "知道-受焦=1SG.屬格"], ["ga,_", "TOP", "主題"]], "free": [], "s_end": false, "iu_a_span": [32.46, 34.72], "meta": {"topic": "Hunting 2", "type": "Narrative", "language": "泰雅語, Atayal, Mayrinax", "speaker": "林逢禮, Buyung, male, 1946-03-25", "collected": "2011-04-01", "revised": "2013-1-25", "video": "AtaNr-hunting2_Buyung.mp3"}, "file": "Atayal_Mayrinax/AtaNr-hunting2_Buyung", "num": 4}], [5, {"ori": [], "gloss": [["...(1.0)", "", ""], ["a,_", "FS", "FS"]], "free": [], "s_end": false, "iu_a_span": [34.72, 36.46], "meta": {"topic": "Hunting 2", "type": "Narrative", "language": "泰雅語, Atayal, Mayrinax", "speaker": "林逢禮, Buyung, male, 1946-03-25", "collected": "2011-04-01", "revised": "2013-1-25", "video": "AtaNr-hunting2_Buyung.mp3"}, "file": "Atayal_Mayrinax/AtaNr-hunting2_Buyung", "num": 5}], [6, {"ori": [], "gloss": [["m-iru'", "AF-study", "主焦-讀書"], ["kuwing", "1SG.NOM", "1SG.主格"], ["su,_", "ACC", "受格"]], "free": [], "s_end": false, "iu_a_span": [36.46, 38.05], "meta": {"topic": "Hunting 2", "type": "Narrative", "language": "泰雅語, Atayal, Mayrinax", "speaker": "林逢禮, Buyung, male, 1946-03-25", "collected": "2011-04-01", "revised": "2013-1-25", "video": "AtaNr-hunting2_Buyung.mp3"}, "file": "Atayal_Mayrinax/AtaNr-hunting2_Buyung", "num": 6}], [7, {"ori": [], "gloss": [["...(2.2)", "", ""], ["tataykay", "childhood", "童年"], ["na'", "still", "還"], ["ga,_", "TOP", "主題"]], "free": ["#e Since I was a child, when I knew things, when I studied in my childhood.", "#c 當我是孩子，開始有意識，童年開始讀書的時候。", "#n tataykay是“tikay”小的複數，意為童年，強調年紀非常小的時候。", "#n na’結尾有喉塞音才是「還」的意思，和表「屬格」的na不同。"], "s_end": true, "iu_a_span": [38.05, 41.56], "meta": {"topic": "Hunting 2", "type": "Narrative", "language": "泰雅語, Atayal, Mayrinax", "speaker": "林逢禮, Buyung, male, 1946-03-25", "collected": "2011-04-01", "revised": "2013-1-25", "video": "AtaNr-hunting2_Buyung.mp3"}, "s_a_span": [26.56, 41.56], "file": "Atayal_Mayrinax/AtaNr-hunting2_Buyung", "num": 7}], [8, {"ori": [], "gloss": [["...(1.8)", "", ""], ["mamaspat", "eight", "八"], ["kung", "1SG.NOM", "1SG.主格"], ["su", "ACC", "受格"], ["kaal", "year", "年"], ["la", "PART", "語助詞"], ["ga,/", "TOP", "主題"]], "free": ["#n 汶水泰雅口語語料中會有語助詞和其他功能詞(主題標記、連接詞、主格)等連讀的現象（lga, lru, lgi, lku, etc.）。目前將此類例子拆解為兩個單位標記。", "#n 汶水泰雅口語語料中會有語助詞和其他功能詞(主題標記、連接詞、主格)等連讀的現象（lga, lru, lgi, lku, etc.）。目前將此類例子拆解為兩個單位標記。"], "s_end": false, "iu_a_span": [41.56, 45.44], "meta": {"topic": "Hunting 2", "type": "Narrative", "language": "泰雅語, Atayal, Mayrinax", "speaker": "林逢禮, Buyung, male, 1946-03-25", "collected": "2011-04-01", "revised": "2013-1-25", "video": "AtaNr-hunting2_Buyung.mp3"}, "file": "Atayal_Mayrinax/AtaNr-hunting2_Buyung", "num": 8}], [9, {"ori": [], "gloss": [["ras-un", "bring-PF", "帶-受焦"], ["kung", "1SG.NOM", "1SG.主格"], ["ni,_", "GEN", "屬格"]], "free": [], "s_end": false, "iu_a_span": [45.44, 46.87], "meta": {"topic": "Hunting 2", "type": "Narrative", "language": "泰雅語, Atayal, Mayrinax", "speaker": "林逢禮, Buyung, male, 1946-03-25", "collected": "2011-04-01", "revised": "2013-1-25", "video": "AtaNr-hunting2_Buyung.mp3"}, "file": "Atayal_Mayrinax/AtaNr-hunting2_Buyung", "num": 9}], [10, {"ori": [], "gloss": [["..", "", ""], ["yava'=mu,\\", "father=1SG.GEN", "爸爸=1SG.屬格"]], "free": [], "s_end": false, "iu_a_span": [46.87, 48.16], "meta": {"topic": "Hunting 2", "type": "Narrative", "language": "泰雅語, Atayal, Mayrinax", "speaker": "林逢禮, Buyung, male, 1946-03-25", "collected": "2011-04-01", "revised": "2013-1-25", "video": "AtaNr-hunting2_Buyung.mp3"}, "file": "Atayal_Mayrinax/AtaNr-hunting2_Buyung", "num": 10}], [11, {"ori": [], "gloss": [["m-usa'", "AF-go", "主焦-去"], ["i", "LOC", "處格"], ["ragiyax", "mountain", "山"], ["q<um>aluwap.\\", "<AF>hunt", "<主焦>狩獵"]], "free": ["#e When I was eight years old, my father brought me to hunt in the mountain.", "#c 我八歲的時候，我的爸爸帶我去山上打獵。", "#n kung和kuwing相同都是自由式的我，講話時會省略成kung，甚至只有ng的音接在前一個字後面。"], "s_end": true, "iu_a_span": [48.16, 50.32], "meta": {"topic": "Hunting 2", "type": "Narrative", "language": "泰雅語, Atayal, Mayrinax", "speaker": "林逢禮, Buyung, male, 1946-03-25", "collected": "2011-04-01", "revised": "2013-1-25", "video": "AtaNr-hunting2_Buyung.mp3"}, "s_a_span": [41.56, 50.32], "file": "Atayal_Mayrinax/AtaNr-hunting2_Buyung", "num": 11}], [12, {"ori": [], "gloss": [["...(1.2)", "", ""], ["g<um>lu=ng", "<AV>follo=1SG.NOM", "<主焦>跟=1SG.主格"], ["su", "ACC", "受格"], ["nabakis.\\", "elderly", "老人"]], "free": [], "s_end": false, "iu_a_span": [50.32, 53.33], "meta": {"topic": "Hunting 2", "type": "Narrative", "language": "泰雅語, Atayal, Mayrinax", "speaker": "林逢禮, Buyung, male, 1946-03-25", "collected": "2011-04-01", "revised": "2013-1-25", "video": "AtaNr-hunting2_Buyung.mp3"}, "file": "Atayal_Mayrinax/AtaNr-hunting2_Buyung", "num": 12}], [12, {"ori": [], "gloss": [["...(1.2)", "", ""], ["g<um>lu=ng", "<AV>follo=1SG.NOM", "<主焦>跟=1SG.主格"], ["su", "ACC", "受格"], ["nabakis.\\", "elderly", "老人"]], "free": [], "s_end": false, "iu_a_span": [50.32, 53.33], "meta": {"topic": "Hunting 2", "type": "Narrative", "language": "泰雅語, Atayal, Mayrinax", "speaker": "林逢禮, Buyung, male, 1946-03-25", "collected": "2011-04-01", "revised": "2013-1-25", "video": "AtaNr-hunting2_Buyung.mp3"}, "file": "Atayal_Mayrinax/AtaNr-hunting2_Buyung", "num": 12}], [14, {"ori": [], "gloss": [["...(1.3)", "", ""], ["tal-an=mu", "see-LF=1SG.GEN", "看-處焦=1SG.屬格"], ["ru,_", "CONJ", "連接詞"]], "free": [], "s_end": false, "iu_a_span": [53.8, 56.05], "meta": {"topic": "Hunting 2", "type": "Narrative", "language": "泰雅語, Atayal, Mayrinax", "speaker": "林逢禮, Buyung, male, 1946-03-25", "collected": "2011-04-01", "revised": "2013-1-25", "video": "AtaNr-hunting2_Buyung.mp3"}, "file": "Atayal_Mayrinax/AtaNr-hunting2_Buyung", "num": 14}], [15, {"ori": [], "gloss": [["..", "", ""], ["m-itaal", "AF-see", "主焦-看"], ["su", "ACC", "受格"], ["vawwak.\\", "boar", "山豬"]], "free": ["#e I followed the old people, and let me see…I saw boarss.", "#c 我跟著老人們，然後我看看…我看到山豬。", "#n talan是在考慮、思考等會要講的事情。"], "s_end": true, "iu_a_span": [56.05, 58.0], "meta": {"topic": "Hunting 2", "type": "Narrative", "language": "泰雅語, Atayal, Mayrinax", "speaker": "林逢禮, Buyung, male, 1946-03-25", "collected": "2011-04-01", "revised": "2013-1-25", "video": "AtaNr-hunting2_Buyung.mp3"}, "s_a_span": [50.32, 58.0], "file": "Atayal_Mayrinax/AtaNr-hunting2_Buyung", "num": 15}], [16, {"ori": [], "gloss": [["ru,_", "CONJ", "然後"]], "free": [], "s_end": false, "iu_a_span": [58.0, 58.56], "meta": {"topic": "Hunting 2", "type": "Narrative", "language": "泰雅語, Atayal, Mayrinax", "speaker": "林逢禮, Buyung, male, 1946-03-25", "collected": "2011-04-01", "revised": "2013-1-25", "video": "AtaNr-hunting2_Buyung.mp3"}, "file": "Atayal_Mayrinax/AtaNr-hunting2_Buyung", "num": 16}], [17, {"ori": [], "gloss": [["...(1.3)", "", ""], ["vahag-un", "chase-PF", "追逐-受焦"], ["nha'", "3PL.NEU", "3PL.中性格"], ["ru,_", "CONJ", "然後"]], "free": [], "s_end": false, "iu_a_span": [58.56, 61.48], "meta": {"topic": "Hunting 2", "type": "Narrative", "language": "泰雅語, Atayal, Mayrinax", "speaker": "林逢禮, Buyung, male, 1946-03-25", "collected": "2011-04-01", "revised": "2013-1-25", "video": "AtaNr-hunting2_Buyung.mp3"}, "file": "Atayal_Mayrinax/AtaNr-hunting2_Buyung", "num": 17}], [18, {"ori": [], "gloss": [["..", "", ""], ["qaluwap-un", "catch-PF", "抓-受焦"], ["nha'", "3PL.NEU", "3PL.中性格"], ["ru,_", "CONJ", "然後"]], "free": [], "s_end": false, "iu_a_span": [61.48, 63.22], "meta": {"topic": "Hunting 2", "type": "Narrative", "language": "泰雅語, Atayal, Mayrinax", "speaker": "林逢禮, Buyung, male, 1946-03-25", "collected": "2011-04-01", "revised": "2013-1-25", "video": "AtaNr-hunting2_Buyung.mp3"}, "file": "Atayal_Mayrinax/AtaNr-hunting2_Buyung", "num": 18}], [19, {"ori": [], "gloss": [["...(2.7)", "", ""], ["hav-un", "stab-PF", "刺-受焦"], ["nha'", "3PL.NEU", "3PL.中性格"], ["la.\\", "PART", "語助詞"]], "free": ["#e Then, they chased the hog, caught it, and stabbed it.", "#c 然後，他們追山豬、抓到它並把它刺死。", "#n nha可能是指老人們或是狗，通常找到獵物後先派狗去追，狗把獵物咬住後，人再上前刺死獵物。"], "s_end": true, "iu_a_span": [63.22, 67.46], "meta": {"topic": "Hunting 2", "type": "Narrative", "language": "泰雅語, Atayal, Mayrinax", "speaker": "林逢禮, Buyung, male, 1946-03-25", "collected": "2011-04-01", "revised": "2013-1-25", "video": "AtaNr-hunting2_Buyung.mp3"}, "s_a_span": [58.0, 67.46], "file": "Atayal_Mayrinax/AtaNr-hunting2_Buyung", "num": 19}], [20, {"ori": [], "gloss": [["...", "", ""], ["hav-un", "stab-PF", "刺-受焦"], ["nha'", "3PL.NEU", "3PL.中性格"], ["ku", "NOM", "主格"], ["vawwak", "hog", "語助詞"], ["la", "PART", "主題"], ["ga,/", "", ""]], "free": [], "s_end": false, "iu_a_span": [67.46, 69.99], "meta": {"topic": "Hunting 2", "type": "Narrative", "language": "泰雅語, Atayal, Mayrinax", "speaker": "林逢禮, Buyung, male, 1946-03-25", "collected": "2011-04-01", "revised": "2013-1-25", "video": "AtaNr-hunting2_Buyung.mp3"}, "file": "Atayal_Mayrinax/AtaNr-hunting2_Buyung", "num": 20}], [21, {"ori": [], "gloss": [["...", "", ""], ["hala--", "FS", "FS"], ["pk--", "FS", "FS"], ["sipalawa'=niya'", "beckon=1SG.GEN", "招呼-1SG.屬格"], ["m-aha", "AF-call", "主焦-叫"], ["uwah", "come", "來"], ["la.\\", "PART", "語助詞"]], "free": ["#e After stabbing the hog, he beckoned everyone to come.", "#c 他刺到山豬後，他就叫大家過來。"], "s_end": true, "iu_a_span": [69.99, 73.83], "meta": {"topic": "Hunting 2", "type": "Narrative", "language": "泰雅語, Atayal, Mayrinax", "speaker": "林逢禮, Buyung, male, 1946-03-25", "collected": "2011-04-01", "revised": "2013-1-25", "video": "AtaNr-hunting2_Buyung.mp3"}, "s_a_span": [67.46, 73.83], "file": "Atayal_Mayrinax/AtaNr-hunting2_Buyung", "num": 21}], [22, {"ori": [], "gloss": [["hav-un=mu", "stab-PF=1SG.ACC", "刺-受焦=1SG.受格"], ["ku", "NOM", "主格"], ["vawwak", "hog", "山豬"], ["la.\\", "PART", "PART"]], "free": [], "s_end": false, "iu_a_span": [73.83, 75.65], "meta": {"topic": "Hunting 2", "type": "Narrative", "language": "泰雅語, Atayal, Mayrinax", "speaker": "林逢禮, Buyung, male, 1946-03-25", "collected": "2011-04-01", "revised": "2013-1-25", "video": "AtaNr-hunting2_Buyung.mp3"}, "file": "Atayal_Mayrinax/AtaNr-hunting2_Buyung", "num": 22}], [23, {"ori": [], "gloss": [["uwah", "come", "來"], ["r-um-ag", "<AF>help", "<主焦>幫"], ["m-apanga'.\\", "AF-carry", "主焦-背"]], "free": ["#e I stabbed the hog; come and help carry it.", "#c 我刺到山豬了，來幫我抬山豬。"], "s_end": true, "iu_a_span": [75.65, 77.15], "meta": {"topic": "Hunting 2", "type": "Narrative", "language": "泰雅語, Atayal, Mayrinax", "speaker": "林逢禮, Buyung, male, 1946-03-25", "collected": "2011-04-01", "revised": "2013-1-25", "video": "AtaNr-hunting2_Buyung.mp3"}, "s_a_span": [73.83, 77.15], "file": "Atayal_Mayrinax/AtaNr-hunting2_Buyung", "num": 23}], [24, {"ori": [], "gloss": [["...(1.2)", "", ""], ["si-panga'", "IF-carry", "工焦-背"], ["nha'", "3PL.NOM", "3PL.主格"], ["ru", "LOC", "處格"]], "free": [], "s_end": false, "iu_a_span": [77.15, 79.67], "meta": {"topic": "Hunting 2", "type": "Narrative", "language": "泰雅語, Atayal, Mayrinax", "speaker": "林逢禮, Buyung, male, 1946-03-25", "collected": "2011-04-01", "revised": "2013-1-25", "video": "AtaNr-hunting2_Buyung.mp3"}, "file": "Atayal_Mayrinax/AtaNr-hunting2_Buyung", "num": 24}], [25, {"ori": [], "gloss": [["gawng", "river", "河"], ["la", "PART", "語助詞"], ["ga,/", "TOP", "主題"]], "free": [], "s_end": false, "iu_a_span": [79.67, 80.65], "meta": {"topic": "Hunting 2", "type": "Narrative", "language": "泰雅語, Atayal, Mayrinax", "speaker": "林逢禮, Buyung, male, 1946-03-25", "collected": "2011-04-01", "revised": "2013-1-25", "video": "AtaNr-hunting2_Buyung.mp3"}, "file": "Atayal_Mayrinax/AtaNr-hunting2_Buyung", "num": 25}], [26, {"ori": [], "gloss": [["...", "", ""], ["as--", "FS", "FS"]], "free": [], "s_end": false, "iu_a_span": [80.65, 81.71], "meta": {"topic": "Hunting 2", "type": "Narrative", "language": "泰雅語, Atayal, Mayrinax", "speaker": "林逢禮, Buyung, male, 1946-03-25", "collected": "2011-04-01", "revised": "2013-1-25", "video": "AtaNr-hunting2_Buyung.mp3"}, "file": "Atayal_Mayrinax/AtaNr-hunting2_Buyung", "num": 26}], [27, {"ori": [], "gloss": [["..", "", ""], ["sayuk-an", "burn.fur-LOC", "燒毛-處格"], ["mian", "1PL.ACC", "1PL.受格"], ["la.\\", "PART", "語助詞"]], "free": ["#e When we carried the pig to the river, we burned the fur.", "#c 把山豬背到河邊時，我們燒山豬的毛。", "#n 第一人稱複數屬格niam應為niyam，niam是口頭簡化。"], "s_end": true, "iu_a_span": [81.71, 83.72], "meta": {"topic": "Hunting 2", "type": "Narrative", "language": "泰雅語, Atayal, Mayrinax", "speaker": "林逢禮, Buyung, male, 1946-03-25", "collected": "2011-04-01", "revised": "2013-1-25", "video": "AtaNr-hunting2_Buyung.mp3"}, "s_a_span": [77.15, 83.72], "file": "Atayal_Mayrinax/AtaNr-hunting2_Buyung", "num": 27}], [28, {"ori": [], "gloss": [["..", "", ""], ["sayuk-an", "burn.fur-LF", "燒毛-處焦"], ["nha'", "3PL.NEU", "3PL.中性格"], ["la", "PART", "語助詞"], ["ru,_", "CONJ", "連接詞"]], "free": [], "s_end": false, "iu_a_span": [83.72, 85.54], "meta": {"topic": "Hunting 2", "type": "Narrative", "language": "泰雅語, Atayal, Mayrinax", "speaker": "林逢禮, Buyung, male, 1946-03-25", "collected": "2011-04-01", "revised": "2013-1-25", "video": "AtaNr-hunting2_Buyung.mp3"}, "file": "Atayal_Mayrinax/AtaNr-hunting2_Buyung", "num": 28}], [29, {"ori": [], "gloss": [["..", "", ""], ["naqaru'", "finish", "結束"], ["s-um-ayuk", "burn.fur-AF", "燒毛-主焦"], ["la", "PART", "語助詞"], ["ga,\\", "TOP", "主題"]], "free": [], "s_end": false, "iu_a_span": [85.54, 87.03], "meta": {"topic": "Hunting 2", "type": "Narrative", "language": "泰雅語, Atayal, Mayrinax", "speaker": "林逢禮, Buyung, male, 1946-03-25", "collected": "2011-04-01", "revised": "2013-1-25", "video": "AtaNr-hunting2_Buyung.mp3"}, "file": "Atayal_Mayrinax/AtaNr-hunting2_Buyung", "num": 29}], [30, {"ori": [], "gloss": [["...(1.0)", "", ""], ["a==", "FIL", "FIL"]], "free": [], "s_end": false, "iu_a_span": [87.03, 88.44], "meta": {"topic": "Hunting 2", "type": "Narrative", "language": "泰雅語, Atayal, Mayrinax", "speaker": "林逢禮, Buyung, male, 1946-03-25", "collected": "2011-04-01", "revised": "2013-1-25", "video": "AtaNr-hunting2_Buyung.mp3"}, "file": "Atayal_Mayrinax/AtaNr-hunting2_Buyung", "num": 30}], [31, {"ori": [], "gloss": [["..", "", ""], ["hawving-un", "cut-PF", "切-受焦"], ["nha'==", "3PL.NEU", "3PL.中性格"], ["la==", "PART", "語助詞"], ["ru", "CONJ", "連接詞"], ["qasung-un", "divide-PF", "分-受焦"], ["nha'.\\", "3PL.NEU", "3PL.中性格"]], "free": ["#e They burned the fur; after finishing burning the fur, they cut and divided the meat.", "#c 他們燒毛，結束燒毛之後，他們切肉並分肉。"], "s_end": true, "iu_a_span": [88.44, 91.7], "meta": {"topic": "Hunting 2", "type": "Narrative", "language": "泰雅語, Atayal, Mayrinax", "speaker": "林逢禮, Buyung, male, 1946-03-25", "collected": "2011-04-01", "revised": "2013-1-25", "video": "AtaNr-hunting2_Buyung.mp3"}, "s_a_span": [83.72, 91.7], "file": "Atayal_Mayrinax/AtaNr-hunting2_Buyung", "num": 31}], [37, {"ori": [], "gloss": [["...(1.0)", "", ""], ["ru,_", "CONJ", "而且"]], "free": [], "s_end": false, "iu_a_span": [99.14, 100.44], "meta": {"topic": "Hunting 2", "type": "Narrative", "language": "泰雅語, Atayal, Mayrinax", "speaker": "林逢禮, Buyung, male, 1946-03-25", "collected": "2011-04-01", "revised": "2013-1-25", "video": "AtaNr-hunting2_Buyung.mp3"}, "file": "Atayal_Mayrinax/AtaNr-hunting2_Buyung", "num": 37}], [38, {"ori": [], "gloss": [["...", "", ""], ["taqaru'", "finish", "結束"], ["sami", "1PL.NEU", "1PL.中性格"], ["m-aniq", "AF-eat", "主焦-吃"], ["ga,_", "TOP", "主題"]], "free": [], "s_end": false, "iu_a_span": [100.44, 102.18], "meta": {"topic": "Hunting 2", "type": "Narrative", "language": "泰雅語, Atayal, Mayrinax", "speaker": "林逢禮, Buyung, male, 1946-03-25", "collected": "2011-04-01", "revised": "2013-1-25", "video": "AtaNr-hunting2_Buyung.mp3"}, "file": "Atayal_Mayrinax/AtaNr-hunting2_Buyung", "num": 38}], [39, {"ori": [], "gloss": [["m-usa'", "AF-go", "主焦-去"], ["sami", "1PL.NEU", "1PL.中性格"], ["lawwi", "again", "再"], ["su,_", "ACC", "受格"]], "free": [], "s_end": false, "iu_a_span": [102.18, 103.66], "meta": {"topic": "Hunting 2", "type": "Narrative", "language": "泰雅語, Atayal, Mayrinax", "speaker": "林逢禮, Buyung, male, 1946-03-25", "collected": "2011-04-01", "revised": "2013-1-25", "video": "AtaNr-hunting2_Buyung.mp3"}, "file": "Atayal_Mayrinax/AtaNr-hunting2_Buyung", "num": 39}], [40, {"ori": [], "gloss": [["..", "", ""], ["qutux", "one", "一"], ["ragiyax", "mountain", "山"], ["ru,_", "CONJ", "然後"]], "free": [], "s_end": false, "iu_a_span": [103.66, 104.93], "meta": {"topic": "Hunting 2", "type": "Narrative", "language": "泰雅語, Atayal, Mayrinax", "speaker": "林逢禮, Buyung, male, 1946-03-25", "collected": "2011-04-01", "revised": "2013-1-25", "video": "AtaNr-hunting2_Buyung.mp3"}, "file": "Atayal_Mayrinax/AtaNr-hunting2_Buyung", "num": 40}], [41, {"ori": [], "gloss": [["..", "", ""], ["m-usa'", "AF-go", "主焦-去"], ["i--", "FS", "FS"]], "free": [], "s_end": false, "iu_a_span": [104.93, 106.41], "meta": {"topic": "Hunting 2", "type": "Narrative", "language": "泰雅語, Atayal, Mayrinax", "speaker": "林逢禮, Buyung, male, 1946-03-25", "collected": "2011-04-01", "revised": "2013-1-25", "video": "AtaNr-hunting2_Buyung.mp3"}, "file": "Atayal_Mayrinax/AtaNr-hunting2_Buyung", "num": 41}], [42, {"ori": [], "gloss": [["..", "", ""], ["m-usa'", "AF-go", "主焦-去"], ["sami", "1PL.NEU", "1PL.中性格"], ["ta^tak", "hunt.house", "獵寮"], ["la.\\", "PART", "PART"]], "free": [], "s_end": false, "iu_a_span": [106.41, 107.96], "meta": {"topic": "Hunting 2", "type": "Narrative", "language": "泰雅語, Atayal, Mayrinax", "speaker": "林逢禮, Buyung, male, 1946-03-25", "collected": "2011-04-01", "revised": "2013-1-25", "video": "AtaNr-hunting2_Buyung.mp3"}, "file": "Atayal_Mayrinax/AtaNr-hunting2_Buyung", "num": 42}], [43, {"ori": [], "gloss": [["..", "", ""], ["maki", "LOC", "處格"], ["sami", "1PL.NEU", "1PL.中性格"], ["tatak", "hunt.house", "獵寮"], ["la", "PART", "語助詞"], ["ru,_", "CONJ", "然後"]], "free": ["#e Then, finishing eating, again we went to one mountain- a hunting house… to a hunting house.", "#c 然後，結束吃肉以後，我們再去一座山…一個獵寮，去一個獵寮。"], "s_end": true, "iu_a_span": [107.96, 109.93], "meta": {"topic": "Hunting 2", "type": "Narrative", "language": "泰雅語, Atayal, Mayrinax", "speaker": "林逢禮, Buyung, male, 1946-03-25", "collected": "2011-04-01", "revised": "2013-1-25", "video": "AtaNr-hunting2_Buyung.mp3"}, "s_a_span": [99.14, 109.93], "file": "Atayal_Mayrinax/AtaNr-hunting2_Buyung", "num": 43}], [44, {"ori": [], "gloss": [["..", "", ""], ["tiku", "PART", "發語詞"], ["na-nabakis=miyan", "RED-elders=1PL.GEN", "重疊-老人們=1PL.屬格"], ["ga,_", "TOP", "主題"]], "free": [], "s_end": false, "iu_a_span": [109.93, 112.21], "meta": {"topic": "Hunting 2", "type": "Narrative", "language": "泰雅語, Atayal, Mayrinax", "speaker": "林逢禮, Buyung, male, 1946-03-25", "collected": "2011-04-01", "revised": "2013-1-25", "video": "AtaNr-hunting2_Buyung.mp3"}, "file": "Atayal_Mayrinax/AtaNr-hunting2_Buyung", "num": 44}], [45, {"ori": [], "gloss": [["...", "", ""], ["yava'=miyan", "father=1PL.GEN", "爸爸=1PL.屬格"], ["yutas=miyan", "grandfather=1PL.GEN", "爺爺=1PL.屬格"], ["X", "", ""], ["ru'", "CONJ", "叔伯=1PL.屬格"], ["mama'=miyan", "uncles=1PL.GEN", "x"], ["X", "", ""], ["ga,_", "x", "主題"]], "free": [], "s_end": false, "iu_a_span": [112.21, 115.38], "meta": {"topic": "Hunting 2", "type": "Narrative", "language": "泰雅語, Atayal, Mayrinax", "speaker": "林逢禮, Buyung, male, 1946-03-25", "collected": "2011-04-01", "revised": "2013-1-25", "video": "AtaNr-hunting2_Buyung.mp3"}, "file": "Atayal_Mayrinax/AtaNr-hunting2_Buyung", "num": 45}], [46, {"ori": [], "gloss": [["..", "", ""], ["m-usa'", "AF-go", "主焦-去"], ["q<um>buwang", "<AF>hide.hunt", "<主焦>躲找"], ["su", "ACC", "受格"], ["yapit", "flying.squirrel", "飛鼠"], ["la.\\", "PART", "PART"]], "free": [], "s_end": false, "iu_a_span": [115.38, 118.22], "meta": {"topic": "Hunting 2", "type": "Narrative", "language": "泰雅語, Atayal, Mayrinax", "speaker": "林逢禮, Buyung, male, 1946-03-25", "collected": "2011-04-01", "revised": "2013-1-25", "video": "AtaNr-hunting2_Buyung.mp3"}, "file": "Atayal_Mayrinax/AtaNr-hunting2_Buyung", "num": 46}], [47, {"ori": [], "gloss": [["...", "", ""], ["m-usa'", "AF-go", "主焦-去"], ["q<um>buwang", "<AV>hide.hunt", "<主焦>躲找"], ["su", "ACC", "受格"], ["yapit", "flying.squirrel", "飛鼠"], ["la", "PART", "PART"], ["ru,/", "CONJ", "然後"]], "free": ["#e Well, our elders- our father, grandfather, and uncles, hid in the bush to look for flying squirrels.", "#c 這個…我們的老人們，我們的爸爸爺爺叔伯們，躲在樹叢中找飛鼠…一面躲著一面找飛鼠。", "#n 45中的miyan是發音人自己的用法，意思和niyam一樣都是我們。"], "s_end": true, "iu_a_span": [118.22, 120.65], "meta": {"topic": "Hunting 2", "type": "Narrative", "language": "泰雅語, Atayal, Mayrinax", "speaker": "林逢禮, Buyung, male, 1946-03-25", "collected": "2011-04-01", "revised": "2013-1-25", "video": "AtaNr-hunting2_Buyung.mp3"}, "s_a_span": [109.93, 120.65], "file": "Atayal_Mayrinax/AtaNr-hunting2_Buyung", "num": 47}], [48, {"ori": [], "gloss": [["...", "", ""], ["e.\\", "FIL", "FIL"]], "free": [], "s_end": false, "iu_a_span": [120.65, 121.52], "meta": {"topic": "Hunting 2", "type": "Narrative", "language": "泰雅語, Atayal, Mayrinax", "speaker": "林逢禮, Buyung, male, 1946-03-25", "collected": "2011-04-01", "revised": "2013-1-25", "video": "AtaNr-hunting2_Buyung.mp3"}, "file": "Atayal_Mayrinax/AtaNr-hunting2_Buyung", "num": 48}], [49, {"ori": [], "gloss": [["kiya", "EXIST", "存在"], ["ku,_", "NOM", "主格"]], "free": [], "s_end": false, "iu_a_span": [121.52, 122.23], "meta": {"topic": "Hunting 2", "type": "Narrative", "language": "泰雅語, Atayal, Mayrinax", "speaker": "林逢禮, Buyung, male, 1946-03-25", "collected": "2011-04-01", "revised": "2013-1-25", "video": "AtaNr-hunting2_Buyung.mp3"}, "file": "Atayal_Mayrinax/AtaNr-hunting2_Buyung", "num": 49}], [50, {"ori": [], "gloss": [["...", "", ""], ["vaq", "can", "會"], ["s--", "FS", "FS"], ["i", "LNK", "連詞"], ["m-ru'", "AF-shoot", "主焦-射"], ["ga,_", "TOP", "主題"]], "free": [], "s_end": false, "iu_a_span": [122.23, 124.24], "meta": {"topic": "Hunting 2", "type": "Narrative", "language": "泰雅語, Atayal, Mayrinax", "speaker": "林逢禮, Buyung, male, 1946-03-25", "collected": "2011-04-01", "revised": "2013-1-25", "video": "AtaNr-hunting2_Buyung.mp3"}, "file": "Atayal_Mayrinax/AtaNr-hunting2_Buyung", "num": 50}], [51, {"ori": [], "gloss": [["..", "", ""], ["niya", "can", "會"], ["m-aras", "AF-bring", "主焦-帶"], ["su", "ACC", "受格"], ["saying", "two", "二"], ["ku", "NON", "主格"], ["s<in>bu'", "<IF>shoot", "<IF>射"], ["nha'", "3PL.NOM", "3PL.主格"], ["ka", "CONJ", "連接"], ["yapit.\\", "flying.squirrel", "飛鼠"]], "free": ["#e For those who shoot well, they will bring two flying squirrels.", "#c 有射很準的人，會帶兩隻他們射到的飛鼠。", "#n sazing是c'uli'的二，此發音人借用到汶水方言中。"], "s_end": true, "iu_a_span": [124.24, 127.41], "meta": {"topic": "Hunting 2", "type": "Narrative", "language": "泰雅語, Atayal, Mayrinax", "speaker": "林逢禮, Buyung, male, 1946-03-25", "collected": "2011-04-01", "revised": "2013-1-25", "video": "AtaNr-hunting2_Buyung.mp3"}, "s_a_span": [120.65, 127.41], "file": "Atayal_Mayrinax/AtaNr-hunting2_Buyung", "num": 51}], [52, {"ori": [], "gloss": [["..", "", ""], ["s-", "FS", "FS"], ["kiya", "EXIST", "存在"], ["ku", "NOM", "主格"], ["ini'", "NEG", "否定"], ["qavaq", "can", "會"], ["ga,_", "CONJ", "的話"]], "free": [], "s_end": false, "iu_a_span": [127.41, 129.07], "meta": {"topic": "Hunting 2", "type": "Narrative", "language": "泰雅語, Atayal, Mayrinax", "speaker": "林逢禮, Buyung, male, 1946-03-25", "collected": "2011-04-01", "revised": "2013-1-25", "video": "AtaNr-hunting2_Buyung.mp3"}, "file": "Atayal_Mayrinax/AtaNr-hunting2_Buyung", "num": 52}], [53, {"ori": [], "gloss": [["..", "", ""], ["ini'", "NEG", "否定"], ["sbu'", "shoot", "射"], ["ga,_", "TOP", "主題"]], "free": [], "s_end": false, "iu_a_span": [129.07, 130.36], "meta": {"topic": "Hunting 2", "type": "Narrative", "language": "泰雅語, Atayal, Mayrinax", "speaker": "林逢禮, Buyung, male, 1946-03-25", "collected": "2011-04-01", "revised": "2013-1-25", "video": "AtaNr-hunting2_Buyung.mp3"}, "file": "Atayal_Mayrinax/AtaNr-hunting2_Buyung", "num": 53}], [54, {"ori": [], "gloss": [["..", "", ""], ["anya--", "FS", "FS"], ["asi", "only", "只"], ["pqabaqava'", "bare.handed", "兩手空空"], ["ru", "CONJ", "主焦-來"], ["m-uwah", "AF-come", "獵寮"], ["tatak.\\", "", ""]], "free": ["#e For those who don't shoot well or didn't shoot anything, they came back to the hunting house bare-handed.", "#c 有射不準，或沒有射到的人，他們會兩手空空回來獵寮。", "#n uniyal才是正確的「來了」的意思。", "#n asi pqabaqaba’兩個合在一起才有「兩手空空、帶兩串香蕉」的意思。"], "s_end": true, "iu_a_span": [130.36, 132.99], "meta": {"topic": "Hunting 2", "type": "Narrative", "language": "泰雅語, Atayal, Mayrinax", "speaker": "林逢禮, Buyung, male, 1946-03-25", "collected": "2011-04-01", "revised": "2013-1-25", "video": "AtaNr-hunting2_Buyung.mp3"}, "s_a_span": [127.41, 132.99], "file": "Atayal_Mayrinax/AtaNr-hunting2_Buyung", "num": 54}], [55, {"ori": [], "gloss": [["...(1.1)", "", ""], ["ru,_", "CONJ", "然後"]], "free": [], "s_end": false, "iu_a_span": [132.99, 134.47], "meta": {"topic": "Hunting 2", "type": "Narrative", "language": "泰雅語, Atayal, Mayrinax", "speaker": "林逢禮, Buyung, male, 1946-03-25", "collected": "2011-04-01", "revised": "2013-1-25", "video": "AtaNr-hunting2_Buyung.mp3"}, "file": "Atayal_Mayrinax/AtaNr-hunting2_Buyung", "num": 55}], [56, {"ori": [], "gloss": [["...", "", ""], ["m--", "FS", "FS"], ["ma-patisan", "AF-chat", "主焦-聊天"], ["ru", "CONJ", "然後"], ["ma-nuvuag", "AF-drink", "主焦-喝"], ["su", "ACC", "受格"], ["quwaw", "wine", "酒"], ["la", "PART", "語助詞"], ["ru", "CONJ", "連接詞"], ["taihuk.\\", "arrive", "到達"]], "free": [], "s_end": false, "iu_a_span": [134.47, 139.24], "meta": {"topic": "Hunting 2", "type": "Narrative", "language": "泰雅語, Atayal, Mayrinax", "speaker": "林逢禮, Buyung, male, 1946-03-25", "collected": "2011-04-01", "revised": "2013-1-25", "video": "AtaNr-hunting2_Buyung.mp3"}, "file": "Atayal_Mayrinax/AtaNr-hunting2_Buyung", "num": 56}], [57, {"ori": [], "gloss": [["..", "", ""], ["i--", "FS", "FS"], ["ska'", "half", "一半"], ["mahngan", "night", "晚上"], ["la", "PART", "語助詞"], ["ga,_", "TOP", "主題"]], "free": [], "s_end": false, "iu_a_span": [139.24, 141.06], "meta": {"topic": "Hunting 2", "type": "Narrative", "language": "泰雅語, Atayal, Mayrinax", "speaker": "林逢禮, Buyung, male, 1946-03-25", "collected": "2011-04-01", "revised": "2013-1-25", "video": "AtaNr-hunting2_Buyung.mp3"}, "file": "Atayal_Mayrinax/AtaNr-hunting2_Buyung", "num": 57}], [58, {"ori": [], "gloss": [["...", "", ""], ["ma-qilaap", "AF-sleep", "主焦-睡"], ["la.\\", "PART", "語尾詞"]], "free": ["#e Then, we chatted with each other and drank wine until the middle of the night; and then we slept.", "#c 然後，我們互相聊天、喝酒到半夜、然後睡覺。", "#n mtisan聊天，中間加pa就是人數很多相互聊天的意思。", "#n malahngan才是完整晚上的意思。"], "s_end": true, "iu_a_span": [141.06, 142.5], "meta": {"topic": "Hunting 2", "type": "Narrative", "language": "泰雅語, Atayal, Mayrinax", "speaker": "林逢禮, Buyung, male, 1946-03-25", "collected": "2011-04-01", "revised": "2013-1-25", "video": "AtaNr-hunting2_Buyung.mp3"}, "s_a_span": [132.99, 142.5], "file": "Atayal_Mayrinax/AtaNr-hunting2_Buyung", "num": 58}], [59, {"ori": [], "gloss": [["ru,_", "CONJ", "然後"]], "free": [], "s_end": false, "iu_a_span": [142.5, 142.83], "meta": {"topic": "Hunting 2", "type": "Narrative", "language": "泰雅語, Atayal, Mayrinax", "speaker": "林逢禮, Buyung, male, 1946-03-25", "collected": "2011-04-01", "revised": "2013-1-25", "video": "AtaNr-hunting2_Buyung.mp3"}, "file": "Atayal_Mayrinax/AtaNr-hunting2_Buyung", "num": 59}], [60, {"ori": [], "gloss": [["kinsasan", "second.day", "第二天"], ["saluan", "morning", "早上"], ["ga,_", "TOP", "主題"]], "free": [], "s_end": false, "iu_a_span": [142.83, 144.26], "meta": {"topic": "Hunting 2", "type": "Narrative", "language": "泰雅語, Atayal, Mayrinax", "speaker": "林逢禮, Buyung, male, 1946-03-25", "collected": "2011-04-01", "revised": "2013-1-25", "video": "AtaNr-hunting2_Buyung.mp3"}, "file": "Atayal_Mayrinax/AtaNr-hunting2_Buyung", "num": 60}], [61, {"ori": [], "gloss": [["...", "", ""], ["tutul-un", "wake-PF", "叫醒-受焦"], ["sami", "1PL.NEU", "1PL.中性格"], ["naku", "that", "那個"], ["navakis", "elder", "老人"], ["maha", "say", "主焦-說"], ["tutul", "wake", "醒來"], ["la.\\", "PART", "語尾詞"]], "free": [], "s_end": false, "iu_a_span": [144.26, 147.65], "meta": {"topic": "Hunting 2", "type": "Narrative", "language": "泰雅語, Atayal, Mayrinax", "speaker": "林逢禮, Buyung, male, 1946-03-25", "collected": "2011-04-01", "revised": "2013-1-25", "video": "AtaNr-hunting2_Buyung.mp3"}, "file": "Atayal_Mayrinax/AtaNr-hunting2_Buyung", "num": 61}], [62, {"ori": [], "gloss": [["halay=ta'", "go=1PL.NOM", "走=1PL.主格"], ["ma-gaboq", "AF-hurry", "主焦-早點"], ["q<um>uvuwang", "<主焦>hide.hunt", "<主焦>獵"], ["lawwi.\\", "again", "再"]], "free": ["#e Then, the morning on the second day, the elder woke us and said wake up- we hurry go hunting.", "#c 然後，第二天早上，老人叫醒我們說醒來、我們提早去打獵。", "#n sasan是明天，kinsasan是第二天，意為出外打獵的第二天."], "s_end": true, "iu_a_span": [147.65, 149.61], "meta": {"topic": "Hunting 2", "type": "Narrative", "language": "泰雅語, Atayal, Mayrinax", "speaker": "林逢禮, Buyung, male, 1946-03-25", "collected": "2011-04-01", "revised": "2013-1-25", "video": "AtaNr-hunting2_Buyung.mp3"}, "s_a_span": [142.5, 149.61], "file": "Atayal_Mayrinax/AtaNr-hunting2_Buyung", "num": 62}], [63, {"ori": [], "gloss": [["...", "", ""], ["ru,_", "CONJ", "然後"]], "free": [], "s_end": false, "iu_a_span": [149.61, 150.51], "meta": {"topic": "Hunting 2", "type": "Narrative", "language": "泰雅語, Atayal, Mayrinax", "speaker": "林逢禮, Buyung, male, 1946-03-25", "collected": "2011-04-01", "revised": "2013-1-25", "video": "AtaNr-hunting2_Buyung.mp3"}, "file": "Atayal_Mayrinax/AtaNr-hunting2_Buyung", "num": 63}], [64, {"ori": [], "gloss": [["..", "", ""], ["m-tutul", "AF-wake", "主焦-醒來"], ["sami", "1PL.NEU", "1PL.中性格"], ["kahavaw", "all", "全部"], ["la", "PART", "語助詞"], ["ga,_", "TOP", "主題"]], "free": [], "s_end": false, "iu_a_span": [150.51, 152.05], "meta": {"topic": "Hunting 2", "type": "Narrative", "language": "泰雅語, Atayal, Mayrinax", "speaker": "林逢禮, Buyung, male, 1946-03-25", "collected": "2011-04-01", "revised": "2013-1-25", "video": "AtaNr-hunting2_Buyung.mp3"}, "file": "Atayal_Mayrinax/AtaNr-hunting2_Buyung", "num": 64}], [65, {"ori": [], "gloss": [["...", "", ""], ["ma-ga^gaang", "AF-divide", "主焦-分散"], ["sami", "1PL.NEU", "1PL.中性格"], ["^gi", "because", "主焦-去"], ["m-usa'", "AF-go", "主格"], ["^i,_", "", ""]], "free": [], "s_end": false, "iu_a_span": [152.05, 155.24], "meta": {"topic": "Hunting 2", "type": "Narrative", "language": "泰雅語, Atayal, Mayrinax", "speaker": "林逢禮, Buyung, male, 1946-03-25", "collected": "2011-04-01", "revised": "2013-1-25", "video": "AtaNr-hunting2_Buyung.mp3"}, "file": "Atayal_Mayrinax/AtaNr-hunting2_Buyung", "num": 65}], [66, {"ori": [], "gloss": [["...", "", ""], ["q<um>avuwang", "<AF>hunt", "<主焦>獵"], ["lawwi", "again", "再一次"], ["su,_", "ACC", "受格"]], "free": [], "s_end": false, "iu_a_span": [155.24, 157.25], "meta": {"topic": "Hunting 2", "type": "Narrative", "language": "泰雅語, Atayal, Mayrinax", "speaker": "林逢禮, Buyung, male, 1946-03-25", "collected": "2011-04-01", "revised": "2013-1-25", "video": "AtaNr-hunting2_Buyung.mp3"}, "file": "Atayal_Mayrinax/AtaNr-hunting2_Buyung", "num": 66}], [67, {"ori": [], "gloss": [["..", "", ""], ["e", "FIL", "FIL"]], "free": [], "s_end": false, "iu_a_span": [157.25, 158.06], "meta": {"topic": "Hunting 2", "type": "Narrative", "language": "泰雅語, Atayal, Mayrinax", "speaker": "林逢禮, Buyung, male, 1946-03-25", "collected": "2011-04-01", "revised": "2013-1-25", "video": "AtaNr-hunting2_Buyung.mp3"}, "file": "Atayal_Mayrinax/AtaNr-hunting2_Buyung", "num": 67}], [68, {"ori": [], "gloss": [["ya==pit", "flying.squirrel", "飛鼠"], ["va==hut.\\", "squirrel", "松鼠"]], "free": [], "s_end": false, "iu_a_span": [158.06, 159.6], "meta": {"topic": "Hunting 2", "type": "Narrative", "language": "泰雅語, Atayal, Mayrinax", "speaker": "林逢禮, Buyung, male, 1946-03-25", "collected": "2011-04-01", "revised": "2013-1-25", "video": "AtaNr-hunting2_Buyung.mp3"}, "file": "Atayal_Mayrinax/AtaNr-hunting2_Buyung", "num": 68}], [69, {"ori": [], "gloss": [["..", "", ""], ["hoN", "FIL", "FIL"]], "free": [], "s_end": false, "iu_a_span": [159.6, 160.41], "meta": {"topic": "Hunting 2", "type": "Narrative", "language": "泰雅語, Atayal, Mayrinax", "speaker": "林逢禮, Buyung, male, 1946-03-25", "collected": "2011-04-01", "revised": "2013-1-25", "video": "AtaNr-hunting2_Buyung.mp3"}, "file": "Atayal_Mayrinax/AtaNr-hunting2_Buyung", "num": 69}], [70, {"ori": [], "gloss": [["...", "", ""], ["tikuxi'.\\", "pheasant", "竹雞"]], "free": ["#e After we all woke up, we separated because we went hunting again for flying squirrels, squirrels, and pheasants.", "#c 我們全部醒來後，我們分散因為要再去獵飛鼠、松鼠、和竹雞。"], "s_end": true, "iu_a_span": [160.41, 161.87], "meta": {"topic": "Hunting 2", "type": "Narrative", "language": "泰雅語, Atayal, Mayrinax", "speaker": "林逢禮, Buyung, male, 1946-03-25", "collected": "2011-04-01", "revised": "2013-1-25", "video": "AtaNr-hunting2_Buyung.mp3"}, "s_a_span": [149.61, 161.87], "file": "Atayal_Mayrinax/AtaNr-hunting2_Buyung", "num": 70}], [71, {"ori": [], "gloss": [["..", "", ""], ["kya", "EXIST", "存在"], ["ku", "NOM", "主格"], ["ruma'", "some", "一些"], ["ga,_", "TOP", "主題"]], "free": [], "s_end": false, "iu_a_span": [161.87, 163.1], "meta": {"topic": "Hunting 2", "type": "Narrative", "language": "泰雅語, Atayal, Mayrinax", "speaker": "林逢禮, Buyung, male, 1946-03-25", "collected": "2011-04-01", "revised": "2013-1-25", "video": "AtaNr-hunting2_Buyung.mp3"}, "file": "Atayal_Mayrinax/AtaNr-hunting2_Buyung", "num": 71}], [72, {"ori": [], "gloss": [["..", "", ""], ["niyan", "can", "會"], ["s<un>bu'", "<PF>shoot", "<受焦>射"], ["ga,_", "TOP", "主題"]], "free": [], "s_end": false, "iu_a_span": [163.1, 164.18], "meta": {"topic": "Hunting 2", "type": "Narrative", "language": "泰雅語, Atayal, Mayrinax", "speaker": "林逢禮, Buyung, male, 1946-03-25", "collected": "2011-04-01", "revised": "2013-1-25", "video": "AtaNr-hunting2_Buyung.mp3"}, "file": "Atayal_Mayrinax/AtaNr-hunting2_Buyung", "num": 72}], [73, {"ori": [], "gloss": [["..", "", ""], ["ma-ras", "AF-bring", "主焦-帶"], ["su", "ACC", "受格"], ["tiku._", "pheasant", "竹雞"]], "free": [], "s_end": false, "iu_a_span": [164.18, 165.57], "meta": {"topic": "Hunting 2", "type": "Narrative", "language": "泰雅語, Atayal, Mayrinax", "speaker": "林逢禮, Buyung, male, 1946-03-25", "collected": "2011-04-01", "revised": "2013-1-25", "video": "AtaNr-hunting2_Buyung.mp3"}, "file": "Atayal_Mayrinax/AtaNr-hunting2_Buyung", "num": 73}], [74, {"ori": [], "gloss": [["saying", "two", "兩"], ["yapit.\\", "flying.squirrel", "飛鼠"]], "free": [], "s_end": false, "iu_a_span": [165.57, 166.6], "meta": {"topic": "Hunting 2", "type": "Narrative", "language": "泰雅語, Atayal, Mayrinax", "speaker": "林逢禮, Buyung, male, 1946-03-25", "collected": "2011-04-01", "revised": "2013-1-25", "video": "AtaNr-hunting2_Buyung.mp3"}, "file": "Atayal_Mayrinax/AtaNr-hunting2_Buyung", "num": 74}], [75, {"ori": [], "gloss": [["...", "", ""], ["qutux", "one", "一"], ["ku,_", "NOM", "主格"]], "free": [], "s_end": false, "iu_a_span": [166.6, 167.7], "meta": {"topic": "Hunting 2", "type": "Narrative", "language": "泰雅語, Atayal, Mayrinax", "speaker": "林逢禮, Buyung, male, 1946-03-25", "collected": "2011-04-01", "revised": "2013-1-25", "video": "AtaNr-hunting2_Buyung.mp3"}, "file": "Atayal_Mayrinax/AtaNr-hunting2_Buyung", "num": 75}], [76, {"ori": [], "gloss": [["..", "", ""], ["qavahaniq.\\", "bird", "鳥"]], "free": [], "s_end": false, "iu_a_span": [167.7, 168.65], "meta": {"topic": "Hunting 2", "type": "Narrative", "language": "泰雅語, Atayal, Mayrinax", "speaker": "林逢禮, Buyung, male, 1946-03-25", "collected": "2011-04-01", "revised": "2013-1-25", "video": "AtaNr-hunting2_Buyung.mp3"}, "file": "Atayal_Mayrinax/AtaNr-hunting2_Buyung", "num": 76}], [77, {"ori": [], "gloss": [["..", "", ""], ["qutux", "one", "一"], ["ku", "NOM", "主格"], ["vahut.\\", "squirrel", "松鼠"]], "free": ["#e There are some who shot something and they would bring one pheasant, two flying squirrels, one bird, and one squirrel.", "#c 有一些人有射到東西，會帶回一隻竹雞、兩隻飛鼠、一隻鳥和一隻松鼠。"], "s_end": true, "iu_a_span": [168.65, 170.15], "meta": {"topic": "Hunting 2", "type": "Narrative", "language": "泰雅語, Atayal, Mayrinax", "speaker": "林逢禮, Buyung, male, 1946-03-25", "collected": "2011-04-01", "revised": "2013-1-25", "video": "AtaNr-hunting2_Buyung.mp3"}, "s_a_span": [161.87, 170.15], "file": "Atayal_Mayrinax/AtaNr-hunting2_Buyung", "num": 77}], [78, {"ori": [], "gloss": [["...", "", ""], ["ru", "CONJ", "連接詞"], ["taihuk", "till", "到達"], ["tatak.\\", "hunt.house", "獵寮"]], "free": [], "s_end": false, "iu_a_span": [170.15, 171.81], "meta": {"topic": "Hunting 2", "type": "Narrative", "language": "泰雅語, Atayal, Mayrinax", "speaker": "林逢禮, Buyung, male, 1946-03-25", "collected": "2011-04-01", "revised": "2013-1-25", "video": "AtaNr-hunting2_Buyung.mp3"}, "file": "Atayal_Mayrinax/AtaNr-hunting2_Buyung", "num": 78}], [79, {"ori": [], "gloss": [["ru", "CONJ", "連接詞"], ["l--", "FS", "FS"], ["la", "PART", "語助詞"], ["squn-un", "put.together-PF", "放一起-受焦"], ["nha'", "3PL.NEU", "3PL.中性格"], ["la", "PART", "語助詞"], ["ga,\\", "TOP", "主題"]], "free": [], "s_end": false, "iu_a_span": [171.81, 173.1], "meta": {"topic": "Hunting 2", "type": "Narrative", "language": "泰雅語, Atayal, Mayrinax", "speaker": "林逢禮, Buyung, male, 1946-03-25", "collected": "2011-04-01", "revised": "2013-1-25", "video": "AtaNr-hunting2_Buyung.mp3"}, "file": "Atayal_Mayrinax/AtaNr-hunting2_Buyung", "num": 79}], [80, {"ori": [], "gloss": [["..", "", ""], ["pa==yux,\\", "many", "很多"]], "free": [], "s_end": false, "iu_a_span": [173.1, 173.87], "meta": {"topic": "Hunting 2", "type": "Narrative", "language": "泰雅語, Atayal, Mayrinax", "speaker": "林逢禮, Buyung, male, 1946-03-25", "collected": "2011-04-01", "revised": "2013-1-25", "video": "AtaNr-hunting2_Buyung.mp3"}, "file": "Atayal_Mayrinax/AtaNr-hunting2_Buyung", "num": 80}], [81, {"ori": [], "gloss": [["s<in>vu'", "<IV>shoot", "<工焦>射"], ["nha'", "3PL.NEU", "3PL.中性格"], ["la", "PART", "語助詞"], ["ga,\\", "TOP", "主題"]], "free": [], "s_end": false, "iu_a_span": [173.87, 175.2], "meta": {"topic": "Hunting 2", "type": "Narrative", "language": "泰雅語, Atayal, Mayrinax", "speaker": "林逢禮, Buyung, male, 1946-03-25", "collected": "2011-04-01", "revised": "2013-1-25", "video": "AtaNr-hunting2_Buyung.mp3"}, "file": "Atayal_Mayrinax/AtaNr-hunting2_Buyung", "num": 81}], [82, {"ori": [], "gloss": [["...", "", ""], ["manananak", "strange", "奇怪"], ["na", "GEN", "屬格"], ["qasinu.\\", "beast", "野獸"]], "free": ["#e Then arriving the hunting house, they put their trophies together; many trophies put together seemed to be many strange beasts.", "#c 然後到達獵寮之後，他們把獵物放在一起，很多獵物放在一起會變成很多很奇怪的動物。"], "s_end": true, "iu_a_span": [175.2, 177.84], "meta": {"topic": "Hunting 2", "type": "Narrative", "language": "泰雅語, Atayal, Mayrinax", "speaker": "林逢禮, Buyung, male, 1946-03-25", "collected": "2011-04-01", "revised": "2013-1-25", "video": "AtaNr-hunting2_Buyung.mp3"}, "s_a_span": [170.15, 177.84], "file": "Atayal_Mayrinax/AtaNr-hunting2_Buyung", "num": 82}], [83, {"ori": [], "gloss": [["...", "", ""], ["ru,_", "CONJ", "然後"]], "free": [], "s_end": false, "iu_a_span": [177.84, 178.72], "meta": {"topic": "Hunting 2", "type": "Narrative", "language": "泰雅語, Atayal, Mayrinax", "speaker": "林逢禮, Buyung, male, 1946-03-25", "collected": "2011-04-01", "revised": "2013-1-25", "video": "AtaNr-hunting2_Buyung.mp3"}, "file": "Atayal_Mayrinax/AtaNr-hunting2_Buyung", "num": 83}], [84, {"ori": [], "gloss": [["ma-qas=sami", "AF-glad=1PL.NOM", "主焦-高興=1PL.主格"], ["kahabaw", "all", "所有"], ["maha==", "say", "說"], ["ma-qariyat=ta'", "AF-lucky=1PL.NOM", "主焦-幸運=1PL.主格"], ["la==.\\", "PART", "語助詞"]], "free": ["#e We were all glad and we said that we were lucky.", "#c 我們很高興並說我們很幸運。"], "s_end": true, "iu_a_span": [178.72, 181.91], "meta": {"topic": "Hunting 2", "type": "Narrative", "language": "泰雅語, Atayal, Mayrinax", "speaker": "林逢禮, Buyung, male, 1946-03-25", "collected": "2011-04-01", "revised": "2013-1-25", "video": "AtaNr-hunting2_Buyung.mp3"}, "s_a_span": [177.84, 181.91], "file": "Atayal_Mayrinax/AtaNr-hunting2_Buyung", "num": 84}], [85, {"ori": [], "gloss": [["m-usa'=ta'", "AF-go-1PL.NOM", "主焦-去-1PL.主格"], ["i", "LOC", "處格"], ["imu", "home", "語助詞"], ["la", "PART", "主題"], ["ga,_", "", ""]], "free": [], "s_end": false, "iu_a_span": [181.91, 183.67], "meta": {"topic": "Hunting 2", "type": "Narrative", "language": "泰雅語, Atayal, Mayrinax", "speaker": "林逢禮, Buyung, male, 1946-03-25", "collected": "2011-04-01", "revised": "2013-1-25", "video": "AtaNr-hunting2_Buyung.mp3"}, "file": "Atayal_Mayrinax/AtaNr-hunting2_Buyung", "num": 85}], [86, {"ori": [], "gloss": [["...", "", ""], ["m-usa'", "AF-go", "主焦-去"], ["kiya", "there", "那邊"], ["ku,_", "NOM", "主格"]], "free": [], "s_end": false, "iu_a_span": [183.67, 185.39], "meta": {"topic": "Hunting 2", "type": "Narrative", "language": "泰雅語, Atayal, Mayrinax", "speaker": "林逢禮, Buyung, male, 1946-03-25", "collected": "2011-04-01", "revised": "2013-1-25", "video": "AtaNr-hunting2_Buyung.mp3"}, "file": "Atayal_Mayrinax/AtaNr-hunting2_Buyung", "num": 86}], [87, {"ori": [], "gloss": [["..", "", ""], ["si'-aras=ta'==", "IF-bring=1PL.NOM", "工焦-帶=1PL.主格"], ["suku,_", "ACC", "受格"]], "free": [], "s_end": false, "iu_a_span": [185.39, 187.51], "meta": {"topic": "Hunting 2", "type": "Narrative", "language": "泰雅語, Atayal, Mayrinax", "speaker": "林逢禮, Buyung, male, 1946-03-25", "collected": "2011-04-01", "revised": "2013-1-25", "video": "AtaNr-hunting2_Buyung.mp3"}, "file": "Atayal_Mayrinax/AtaNr-hunting2_Buyung", "num": 87}], [88, {"ori": [], "gloss": [["ul-'ulaqi'=ta'", "RED-child=1PL.GEN", "重疊-小孩=1PL.屬格"], ["imuwag", "home", "家"], ["ru", "CONJ", "然後"], ["naki", "will", "才會"], ["nha'", "3PL.NEU", "3PL.中性格"], ["pakas-un.\\", "glad-PF", "高興-受焦"]], "free": ["#e After we went home, we brought our children things, so that they would be happy.", "#c 我們回家，有帶東西給小孩他們才會高興。", "#n IU85中，imu是家imuwag的簡略。", "#n IU87中，此發音人的suku等於cku。"], "s_end": true, "iu_a_span": [187.51, 190.57], "meta": {"topic": "Hunting 2", "type": "Narrative", "language": "泰雅語, Atayal, Mayrinax", "speaker": "林逢禮, Buyung, male, 1946-03-25", "collected": "2011-04-01", "revised": "2013-1-25", "video": "AtaNr-hunting2_Buyung.mp3"}, "s_a_span": [181.91, 190.57], "file": "Atayal_Mayrinax/AtaNr-hunting2_Buyung", "num": 88}], [89, {"ori": [], "gloss": [["...(1.0)", "", ""], ["maha,\\", "say", "說"]], "free": [], "s_end": false, "iu_a_span": [190.57, 192.06], "meta": {"topic": "Hunting 2", "type": "Narrative", "language": "泰雅語, Atayal, Mayrinax", "speaker": "林逢禮, Buyung, male, 1946-03-25", "collected": "2011-04-01", "revised": "2013-1-25", "video": "AtaNr-hunting2_Buyung.mp3"}, "file": "Atayal_Mayrinax/AtaNr-hunting2_Buyung", "num": 89}], [90, {"ori": [], "gloss": [["...", "", ""], ["siki", "finish", "結束"], ["runi", "here", "這裡"], ["la.\\", "PART", "語助詞"]], "free": [], "s_end": false, "iu_a_span": [192.06, 193.39], "meta": {"topic": "Hunting 2", "type": "Narrative", "language": "泰雅語, Atayal, Mayrinax", "speaker": "林逢禮, Buyung, male, 1946-03-25", "collected": "2011-04-01", "revised": "2013-1-25", "video": "AtaNr-hunting2_Buyung.mp3"}, "file": "Atayal_Mayrinax/AtaNr-hunting2_Buyung", "num": 90}]], "meta": {"topic": "Hunting 2", "type": "Narrative", "language": "泰雅語, Atayal, Mayrinax", "speaker": "林逢禮, Buyung, male, 1946-03-25", "collected": "2011-04-01", "revised": "2013-1-25", "video": "AtaNr-hunting2_Buyung.mp3"}}