{"glosses": [[1, {"ori": [], "gloss": [["a==,_", "FIL", "FIL"]], "free": [], "s_end": false, "iu_a_span": [null, null], "meta": {"topic": "taboo", "type": "Narrative", "language": "賽德克語, Seediq, Tgdaya", "speaker": "", "collected": "None", "revised": "None", "video": "None"}, "file": "Seediq_Tgdaya/None-1.txt", "num": 1}], [2, {"ori": [], "gloss": [["..", "", ""], ["kes-un=daha,_", "say-PF=3PL.GEN", "說-受焦=3PL.屬格"]], "free": [], "s_end": false, "iu_a_span": [null, null], "meta": {"topic": "taboo", "type": "Narrative", "language": "賽德克語, Seediq, Tgdaya", "speaker": "", "collected": "None", "revised": "None", "video": "None"}, "file": "Seediq_Tgdaya/None-1.txt", "num": 2}], [3, {"ori": ["...", "(THROAT)"], "gloss": [], "free": [], "s_end": false, "iu_a_span": [null, null], "meta": {"topic": "taboo", "type": "Narrative", "language": "賽德克語, Seediq, Tgdaya", "speaker": "", "collected": "None", "revised": "None", "video": "None"}, "file": "Seediq_Tgdaya/None-1.txt", "num": 3}], [4, {"ori": [], "gloss": [["...(2.4)", "", ""], ["a==,_", "FIL", "FIL"]], "free": [], "s_end": false, "iu_a_span": [null, null], "meta": {"topic": "taboo", "type": "Narrative", "language": "賽德克語, Seediq, Tgdaya", "speaker": "", "collected": "None", "revised": "None", "video": "None"}, "file": "Seediq_Tgdaya/None-1.txt", "num": 4}], [5, {"ori": [], "gloss": [["..", "", ""], ["mu--", "FS", "FS"], ["m--", "FS", "FS"], ["msa-ane,\\", "REC-brother.in.law", "交互-連襟"]], "free": ["#n ane用以稱呼妹夫、姊夫、小舅子。", "#n ane用以稱呼妹夫、姊夫、小舅子。"], "s_end": false, "iu_a_span": [null, null], "meta": {"topic": "taboo", "type": "Narrative", "language": "賽德克語, Seediq, Tgdaya", "speaker": "", "collected": "None", "revised": "None", "video": "None"}, "file": "Seediq_Tgdaya/None-1.txt", "num": 5}], [6, {"ori": [], "gloss": [["...(1.1)", "", ""], ["ka", "NOM", "主格"], ["oda", "experience", "經歷"], ["nii.\\", "this", "這個"]], "free": ["#e Here is the story of their so-called brother-in-law relation.", "#c 他們所謂的連襟是這樣的。", "#n 給他人介紹自己姊妹的先生用msane，若是自己要呼叫自己姊妹的先生用ane。", "#n oda可以指「做過的事」；egu riyung oda很多事要做。"], "s_end": true, "iu_a_span": [null, null], "meta": {"topic": "taboo", "type": "Narrative", "language": "賽德克語, Seediq, Tgdaya", "speaker": "", "collected": "None", "revised": "None", "video": "None"}, "file": "Seediq_Tgdaya/None-1.txt", "num": 6}], [7, {"ori": ["..", "(THROAT)"], "gloss": [], "free": [], "s_end": false, "iu_a_span": [null, null], "meta": {"topic": "taboo", "type": "Narrative", "language": "賽德克語, Seediq, Tgdaya", "speaker": "", "collected": "None", "revised": "None", "video": "None"}, "file": "Seediq_Tgdaya/None-1.txt", "num": 7}], [8, {"ori": [], "gloss": [["...(1.0)", "", ""], ["kes-un=na", "say-PF=3SG.GEN", "說-受焦=3SG.屬格"], ["msa-ane", "REC-brother.in.law", "交互-連襟"], ["nii", "this", "這個"], ["we,_", "PART", "語助詞"]], "free": [], "s_end": false, "iu_a_span": [null, null], "meta": {"topic": "taboo", "type": "Narrative", "language": "賽德克語, Seediq, Tgdaya", "speaker": "", "collected": "None", "revised": "None", "video": "None"}, "file": "Seediq_Tgdaya/None-1.txt", "num": 8}], [9, {"ori": [], "gloss": [["...", "", ""], ["a,_", "FIL", "FIL"]], "free": [], "s_end": false, "iu_a_span": [null, null], "meta": {"topic": "taboo", "type": "Narrative", "language": "賽德克語, Seediq, Tgdaya", "speaker": "", "collected": "None", "revised": "None", "video": "None"}, "file": "Seediq_Tgdaya/None-1.txt", "num": 9}], [10, {"ori": [], "gloss": [["...(1.1)", "", ""], ["netun", "COND", "條件詞"], ["m-angan", "AF-take", "主焦-拿"], ["mqedil,\\", "woman", "女人"]], "free": ["#n m-angal為老一輩發音。", "#n m-angal為老一輩發音。"], "s_end": false, "iu_a_span": [null, null], "meta": {"topic": "taboo", "type": "Narrative", "language": "賽德克語, Seediq, Tgdaya", "speaker": "", "collected": "None", "revised": "None", "video": "None"}, "file": "Seediq_Tgdaya/None-1.txt", "num": 10}], [11, {"ori": [], "gloss": [["...", "", ""], ["netun", "COND", "條件詞"], ["m-angan", "AF-take", "主焦-拿"], ["mqedil", "woman", "女人"], ["ka==", "NOM", "主格"], ["rseno.\\", "man", "男人"]], "free": [], "s_end": false, "iu_a_span": [null, null], "meta": {"topic": "taboo", "type": "Narrative", "language": "賽德克語, Seediq, Tgdaya", "speaker": "", "collected": "None", "revised": "None", "video": "None"}, "file": "Seediq_Tgdaya/None-1.txt", "num": 11}], [12, {"ori": [], "gloss": [["...(1.0)", "", ""], ["ma==,_", "then", "然後"]], "free": [], "s_end": false, "iu_a_span": [null, null], "meta": {"topic": "taboo", "type": "Narrative", "language": "賽德克語, Seediq, Tgdaya", "speaker": "", "collected": "None", "revised": "None", "video": "None"}, "file": "Seediq_Tgdaya/None-1.txt", "num": 12}], [13, {"ori": [], "gloss": [["..", "", ""], ["niq-an", "EXIST-LF", "存在-處焦"], ["swai", "younger.sibling", "弟"], ["ma", "CONJ", "連接詞"], ["niq-an", "EXIST-LF", "存在-處焦"], ["qbsuran", "elder.sibling", "兄"], ["ka==,_", "NOM", "主格"]], "free": ["#n swai「弟弟或妹妹」；qbsuran「哥哥或姐姐」。", "#n swai「弟弟或妹妹」；qbsuran「哥哥或姐姐」。"], "s_end": false, "iu_a_span": [null, null], "meta": {"topic": "taboo", "type": "Narrative", "language": "賽德克語, Seediq, Tgdaya", "speaker": "", "collected": "None", "revised": "None", "video": "None"}, "file": "Seediq_Tgdaya/None-1.txt", "num": 13}], [14, {"ori": [], "gloss": [["...(0.9)", "", ""], ["ka", "NOM", "主格"], ["qedil=na.\\", "wife=3SG.GEN", "太太=3SG.屬格"]], "free": ["#e The so-called brother-in-law relation means that if a man marries a woman, she has an elder or younger brother.", "#c 所謂的連襟關係是指，如果男人娶太太的時候，她有兄弟。"], "s_end": true, "iu_a_span": [null, null], "meta": {"topic": "taboo", "type": "Narrative", "language": "賽德克語, Seediq, Tgdaya", "speaker": "", "collected": "None", "revised": "None", "video": "None"}, "file": "Seediq_Tgdaya/None-1.txt", "num": 14}], [15, {"ori": [], "gloss": [["..", "", ""], ["kiya,_", "that", "那個"]], "free": [], "s_end": false, "iu_a_span": [null, null], "meta": {"topic": "taboo", "type": "Narrative", "language": "賽德克語, Seediq, Tgdaya", "speaker": "", "collected": "None", "revised": "None", "video": "None"}, "file": "Seediq_Tgdaya/None-1.txt", "num": 15}], [16, {"ori": [], "gloss": [["..", "", ""], ["naqah", "AF.bad", "主焦.壞"], ["riyung", "very", "非常"], ["so,\\", "like", "像"]], "free": [], "s_end": false, "iu_a_span": [null, null], "meta": {"topic": "taboo", "type": "Narrative", "language": "賽德克語, Seediq, Tgdaya", "speaker": "", "collected": "None", "revised": "None", "video": "None"}, "file": "Seediq_Tgdaya/None-1.txt", "num": 16}], [17, {"ori": [], "gloss": [["..", "", ""], ["naqah", "AF.bad", "主焦.壞"], ["ka==,_", "NOM", "主格"]], "free": [], "s_end": false, "iu_a_span": [null, null], "meta": {"topic": "taboo", "type": "Narrative", "language": "賽德克語, Seediq, Tgdaya", "speaker": "", "collected": "None", "revised": "None", "video": "None"}, "file": "Seediq_Tgdaya/None-1.txt", "num": 17}], [18, {"ori": [], "gloss": [["...", "", ""], ["so", "like", "像"], ["p-qta-an", "CAU-see-LF", "使役-看-處焦"], ["n-da-an", "PFV-experience-LF", "完成-經歷-處焦"], ["so", "like", "像"], ["a==,_", "FIL", "FIL"]], "free": [], "s_end": false, "iu_a_span": [null, null], "meta": {"topic": "taboo", "type": "Narrative", "language": "賽德克語, Seediq, Tgdaya", "speaker": "", "collected": "None", "revised": "None", "video": "None"}, "file": "Seediq_Tgdaya/None-1.txt", "num": 18}], [19, {"ori": [], "gloss": [["...", "", ""], ["so,_", "like", "像"]], "free": [], "s_end": false, "iu_a_span": [null, null], "meta": {"topic": "taboo", "type": "Narrative", "language": "賽德克語, Seediq, Tgdaya", "speaker": "", "collected": "None", "revised": "None", "video": "None"}, "file": "Seediq_Tgdaya/None-1.txt", "num": 19}], [20, {"ori": [], "gloss": [["..", "", ""], ["a==,_", "FIL", "FIL"]], "free": [], "s_end": false, "iu_a_span": [null, null], "meta": {"topic": "taboo", "type": "Narrative", "language": "賽德克語, Seediq, Tgdaya", "speaker": "", "collected": "None", "revised": "None", "video": "None"}, "file": "Seediq_Tgdaya/None-1.txt", "num": 20}], [21, {"ori": [], "gloss": [["...(1.7)", "", ""], ["kndesan,_", "life", "生活"]], "free": [], "s_end": false, "iu_a_span": [null, null], "meta": {"topic": "taboo", "type": "Narrative", "language": "賽德克語, Seediq, Tgdaya", "speaker": "", "collected": "None", "revised": "None", "video": "None"}, "file": "Seediq_Tgdaya/None-1.txt", "num": 21}], [22, {"ori": [], "gloss": [["..", "", ""], ["kndesan", "life", "生活"], ["so", "like", "像"], ["a==,\\", "FIL", "FIL"]], "free": [], "s_end": false, "iu_a_span": [null, null], "meta": {"topic": "taboo", "type": "Narrative", "language": "賽德克語, Seediq, Tgdaya", "speaker": "", "collected": "None", "revised": "None", "video": "None"}, "file": "Seediq_Tgdaya/None-1.txt", "num": 22}], [23, {"ori": [], "gloss": [["...", "", ""], ["so", "like", "像"], ["a==,\\", "FIL", "FIL"]], "free": [], "s_end": false, "iu_a_span": [null, null], "meta": {"topic": "taboo", "type": "Narrative", "language": "賽德克語, Seediq, Tgdaya", "speaker": "", "collected": "None", "revised": "None", "video": "None"}, "file": "Seediq_Tgdaya/None-1.txt", "num": 23}], [24, {"ori": [], "gloss": [["..", "", ""], ["m-suupu", "AF-together", "主焦-一起"], ["ka==,_", "NOM", "主格"]], "free": ["#n m-suupu「聚在一起」為「性行為」的委婉說法。", "#n m-suupu「聚在一起」為「性行為」的委婉說法。"], "s_end": false, "iu_a_span": [null, null], "meta": {"topic": "taboo", "type": "Narrative", "language": "賽德克語, Seediq, Tgdaya", "speaker": "", "collected": "None", "revised": "None", "video": "None"}, "file": "Seediq_Tgdaya/None-1.txt", "num": 24}], [25, {"ori": [], "gloss": [["...", "", ""], ["a==", "FIL", "FIL"], ["dheya,\\", "3PL.NOM", "3PL.主格"]], "free": [], "s_end": false, "iu_a_span": [null, null], "meta": {"topic": "taboo", "type": "Narrative", "language": "賽德克語, Seediq, Tgdaya", "speaker": "", "collected": "None", "revised": "None", "video": "None"}, "file": "Seediq_Tgdaya/None-1.txt", "num": 25}], [26, {"ori": [], "gloss": [["...(1.2)", "", ""], ["ka", "NOM", "主格"], ["ane", "brother.in.law", "連襟"], ["di.\\", "ASP", "動貌"]], "free": ["#e It is very bad to let the brother-in-law see things done in life, such as they being together.", "#c 讓舅子看到生活中做的事很不好，像是他們聚在一起的事。"], "s_end": true, "iu_a_span": [null, null], "meta": {"topic": "taboo", "type": "Narrative", "language": "賽德克語, Seediq, Tgdaya", "speaker": "", "collected": "None", "revised": "None", "video": "None"}, "file": "Seediq_Tgdaya/None-1.txt", "num": 26}], [27, {"ori": [], "gloss": [["...(0.7)", "", ""], ["m-netun,_", "AF-meet", "主焦-碰到"]], "free": [], "s_end": false, "iu_a_span": [null, null], "meta": {"topic": "taboo", "type": "Narrative", "language": "賽德克語, Seediq, Tgdaya", "speaker": "", "collected": "None", "revised": "None", "video": "None"}, "file": "Seediq_Tgdaya/None-1.txt", "num": 27}], [28, {"ori": ["..", "(THROAT)"], "gloss": [], "free": [], "s_end": false, "iu_a_span": [null, null], "meta": {"topic": "taboo", "type": "Narrative", "language": "賽德克語, Seediq, Tgdaya", "speaker": "", "collected": "None", "revised": "None", "video": "None"}, "file": "Seediq_Tgdaya/None-1.txt", "num": 28}], [29, {"ori": [], "gloss": [["..", "", ""], ["qta-an=daha", "see-LF=3PL.GEN", "看-處焦=3PL.屬格"], ["duwe,\\", "PART", "語助詞"]], "free": [], "s_end": false, "iu_a_span": [null, null], "meta": {"topic": "taboo", "type": "Narrative", "language": "賽德克語, Seediq, Tgdaya", "speaker": "", "collected": "None", "revised": "None", "video": "None"}, "file": "Seediq_Tgdaya/None-1.txt", "num": 29}], [30, {"ori": [], "gloss": [["...", "", ""], ["e==", "FIL", "FIL"], ["s<n>gaya", "IF<PFV>law", "工具焦<完成>族律"], ["mesa.\\", "AF.say", "主焦.說"]], "free": ["#e If it happens that they see it, this is said to have broken the law.", "#c 如果碰到他們看到了，這就說是犯了族律的。", "#n gaya指族律或社會規範；s-gaya違反族律。"], "s_end": true, "iu_a_span": [null, null], "meta": {"topic": "taboo", "type": "Narrative", "language": "賽德克語, Seediq, Tgdaya", "speaker": "", "collected": "None", "revised": "None", "video": "None"}, "file": "Seediq_Tgdaya/None-1.txt", "num": 30}], [31, {"ori": [], "gloss": [["...(1.0)", "", ""], ["ma==,_", "then", "然後"]], "free": [], "s_end": false, "iu_a_span": [null, null], "meta": {"topic": "taboo", "type": "Narrative", "language": "賽德克語, Seediq, Tgdaya", "speaker": "", "collected": "None", "revised": "None", "video": "None"}, "file": "Seediq_Tgdaya/None-1.txt", "num": 31}], [32, {"ori": [], "gloss": [["...", "", ""], ["kiya", "that", "那個"], ["ka,_", "NOM", "主格"]], "free": [], "s_end": false, "iu_a_span": [null, null], "meta": {"topic": "taboo", "type": "Narrative", "language": "賽德克語, Seediq, Tgdaya", "speaker": "", "collected": "None", "revised": "None", "video": "None"}, "file": "Seediq_Tgdaya/None-1.txt", "num": 32}], [33, {"ori": [], "gloss": [["..", "", ""], ["a", "FIL", "FIL"], ["p-gya-un=daha.\\", "P-law-PF=3PL.GEN", "P-族律-受焦=3PL.屬格"]], "free": ["#e Therefore they feel it is a taboo.", "#c 所以他們認為這犯了忌諱。"], "s_end": true, "iu_a_span": [null, null], "meta": {"topic": "taboo", "type": "Narrative", "language": "賽德克語, Seediq, Tgdaya", "speaker": "", "collected": "None", "revised": "None", "video": "None"}, "file": "Seediq_Tgdaya/None-1.txt", "num": 33}], [34, {"ori": [], "gloss": [["...(0.7)", "", ""], ["ma", "then", "然後"], ["niq-an,_", "EXIST-LF", "存在-處焦"]], "free": [], "s_end": false, "iu_a_span": [null, null], "meta": {"topic": "taboo", "type": "Narrative", "language": "賽德克語, Seediq, Tgdaya", "speaker": "", "collected": "None", "revised": "None", "video": "None"}, "file": "Seediq_Tgdaya/None-1.txt", "num": 34}], [35, {"ori": [], "gloss": [["..", "", ""], ["niq-an", "EXIST-LF", "存在-處焦"], ["duri,_", "also", "也"]], "free": [], "s_end": false, "iu_a_span": [null, null], "meta": {"topic": "taboo", "type": "Narrative", "language": "賽德克語, Seediq, Tgdaya", "speaker": "", "collected": "None", "revised": "None", "video": "None"}, "file": "Seediq_Tgdaya/None-1.txt", "num": 35}], [36, {"ori": [], "gloss": [["...", "", ""], ["m-netun", "AF-meet", "主焦-碰到"], ["so", "like", "像"], ["s<m>malu", "make<AF>make", "製作<主焦>製作"], ["so==", "like", "像"], ["sapah.\\", "house", "房子"]], "free": ["#e In addition, there are also situations like when building a house.", "#c 另外，還有像碰到像在蓋房子的情況。", "#n 通常「蓋房子」會用p-heyu 「使站立」這個字。"], "s_end": true, "iu_a_span": [null, null], "meta": {"topic": "taboo", "type": "Narrative", "language": "賽德克語, Seediq, Tgdaya", "speaker": "", "collected": "None", "revised": "None", "video": "None"}, "file": "Seediq_Tgdaya/None-1.txt", "num": 36}], [37, {"ori": [], "gloss": [["...", "", ""], ["ma", "then", "然後"], ["m-usa", "AF-go", "主焦-去"], ["baro", "up", "上"], ["ka==,_", "NOM", "主格"]], "free": [], "s_end": false, "iu_a_span": [null, null], "meta": {"topic": "taboo", "type": "Narrative", "language": "賽德克語, Seediq, Tgdaya", "speaker": "", "collected": "None", "revised": "None", "video": "None"}, "file": "Seediq_Tgdaya/None-1.txt", "num": 37}], [38, {"ori": [], "gloss": [["..", "", ""], ["ane=na", "brother.in.law=3SG.GEN", "連襟=3SG.屬格"], ["ma==,_", "then", "然後"]], "free": ["#e His brother-in-law went up there.", "#c 他的連襟到上面去。", "#n 這裡ane應指姊夫。"], "s_end": true, "iu_a_span": [null, null], "meta": {"topic": "taboo", "type": "Narrative", "language": "賽德克語, Seediq, Tgdaya", "speaker": "", "collected": "None", "revised": "None", "video": "None"}, "file": "Seediq_Tgdaya/None-1.txt", "num": 38}], [39, {"ori": [], "gloss": [["...", "", ""], ["m-eniq", "AF-stay", "主焦-在"], ["truma", "inside", "裡面"], ["ka==,_", "NOM", "主格"]], "free": ["#n eniq有些人念enaq，意為「居住」或是「停留」。", "#n eniq有些人念enaq，意為「居住」或是「停留」。"], "s_end": false, "iu_a_span": [null, null], "meta": {"topic": "taboo", "type": "Narrative", "language": "賽德克語, Seediq, Tgdaya", "speaker": "", "collected": "None", "revised": "None", "video": "None"}, "file": "Seediq_Tgdaya/None-1.txt", "num": 39}], [40, {"ori": [], "gloss": [["...", "", ""], ["so", "like", "像"], ["a,_", "FIL", "FIL"]], "free": [], "s_end": false, "iu_a_span": [null, null], "meta": {"topic": "taboo", "type": "Narrative", "language": "賽德克語, Seediq, Tgdaya", "speaker": "", "collected": "None", "revised": "None", "video": "None"}, "file": "Seediq_Tgdaya/None-1.txt", "num": 40}], [41, {"ori": [], "gloss": [["...", "", ""], ["a==,_", "FIL", "FIL"]], "free": [], "s_end": false, "iu_a_span": [null, null], "meta": {"topic": "taboo", "type": "Narrative", "language": "賽德克語, Seediq, Tgdaya", "speaker": "", "collected": "None", "revised": "None", "video": "None"}, "file": "Seediq_Tgdaya/None-1.txt", "num": 41}], [42, {"ori": [], "gloss": [["...(0.8)", "", ""], ["so==,_", "like", "像"]], "free": [], "s_end": false, "iu_a_span": [null, null], "meta": {"topic": "taboo", "type": "Narrative", "language": "賽德克語, Seediq, Tgdaya", "speaker": "", "collected": "None", "revised": "None", "video": "None"}, "file": "Seediq_Tgdaya/None-1.txt", "num": 42}], [43, {"ori": [], "gloss": [["..", "", ""], ["ka", "NOM", "主格"], ["swai", "younger.sibling", "弟妹"], ["rseno=na", "man=3SG.GEN", "男人=3SG.屬格"], ["qedil=na.\\", "wife=3SG.GEN", "太太=3SG.屬格"]], "free": ["#e The younger sibling of the man’s wife was inside (the house).", "#c 這男人的太太的弟弟在（房子）裡面。"], "s_end": true, "iu_a_span": [null, null], "meta": {"topic": "taboo", "type": "Narrative", "language": "賽德克語, Seediq, Tgdaya", "speaker": "", "collected": "None", "revised": "None", "video": "None"}, "file": "Seediq_Tgdaya/None-1.txt", "num": 43}], [44, {"ori": [], "gloss": [["..", "", ""], ["q<m>ita", "see<AF>see", "看<主焦>看"], ["so", "like", "像"], ["a,_", "FIL", "FIL"]], "free": [], "s_end": false, "iu_a_span": [null, null], "meta": {"topic": "taboo", "type": "Narrative", "language": "賽德克語, Seediq, Tgdaya", "speaker": "", "collected": "None", "revised": "None", "video": "None"}, "file": "Seediq_Tgdaya/None-1.txt", "num": 44}], [45, {"ori": [], "gloss": [["...(1.5)", "", ""], ["q<m>ita", "see<AF>see", "看<主焦>看"], ["so", "like", "像"], ["eyu", "penis", "陰莖"], ["a,_", "FIL", "FIL"]], "free": [], "s_end": false, "iu_a_span": [null, null], "meta": {"topic": "taboo", "type": "Narrative", "language": "賽德克語, Seediq, Tgdaya", "speaker": "", "collected": "None", "revised": "None", "video": "None"}, "file": "Seediq_Tgdaya/None-1.txt", "num": 45}], [46, {"ori": [], "gloss": [["..", "", ""], ["baro", "up", "上"], ["de", "PART", "語助詞"], ["qta-an=na", "see-LF=3SG.GEN", "看-處焦=3SG.屬格"], ["kana", "all", "全部"], ["so", "like", "像"], ["begax", "testicles", "睪丸"], ["duwe.\\", "PART", "語助詞"]], "free": ["#e If he sees his penis up there and even testicles.", "#c 如果他看到他的陰莖甚至睪丸。"], "s_end": true, "iu_a_span": [null, null], "meta": {"topic": "taboo", "type": "Narrative", "language": "賽德克語, Seediq, Tgdaya", "speaker": "", "collected": "None", "revised": "None", "video": "None"}, "file": "Seediq_Tgdaya/None-1.txt", "num": 46}], [47, {"ori": ["..", "(THROAT)"], "gloss": [], "free": [], "s_end": false, "iu_a_span": [null, null], "meta": {"topic": "taboo", "type": "Narrative", "language": "賽德克語, Seediq, Tgdaya", "speaker": "", "collected": "None", "revised": "None", "video": "None"}, "file": "Seediq_Tgdaya/None-1.txt", "num": 47}], [48, {"ori": [], "gloss": [["...", "", ""], ["kiya", "that", "那個"], ["ka,\\", "NOM", "主格"]], "free": [], "s_end": false, "iu_a_span": [null, null], "meta": {"topic": "taboo", "type": "Narrative", "language": "賽德克語, Seediq, Tgdaya", "speaker": "", "collected": "None", "revised": "None", "video": "None"}, "file": "Seediq_Tgdaya/None-1.txt", "num": 48}], [49, {"ori": [], "gloss": [["...", "", ""], ["a==,_", "FIL", "FIL"]], "free": [], "s_end": false, "iu_a_span": [null, null], "meta": {"topic": "taboo", "type": "Narrative", "language": "賽德克語, Seediq, Tgdaya", "speaker": "", "collected": "None", "revised": "None", "video": "None"}, "file": "Seediq_Tgdaya/None-1.txt", "num": 49}], [50, {"ori": [], "gloss": [["...(0.7)", "", ""], ["a", "FIL", "FIL"], ["mesa", "AF.say", "主焦.說"], ["ma", "why", "為什麼"], ["m-chaya", "AF-do.so", "主焦-這麼做"], ["ka", "NOM", "主格"], ["ane", "brother.in.law", "連襟"], ["du", "PART", "語助詞"], ["ma", "then", "然後"], ["kika.\\", "thus", "所以"]], "free": ["#n ma為什麼，完整說法為malux。", "#n ma為什麼，完整說法為malux。"], "s_end": false, "iu_a_span": [null, null], "meta": {"topic": "taboo", "type": "Narrative", "language": "賽德克語, Seediq, Tgdaya", "speaker": "", "collected": "None", "revised": "None", "video": "None"}, "file": "Seediq_Tgdaya/None-1.txt", "num": 50}], [51, {"ori": [], "gloss": [["...", "", ""], ["ini", "NEG", "否定"], ["rengo", "AF.say", "主焦.說"], ["hayan.\\", "first", "先"]], "free": ["#e He would say, “Why did brother-in-law do this?” but he did not say at that time.", "#c 他會想：「姊夫怎麼這樣做？」但他在當時先不說出來。", "#n mesa這裡應為「想」的意思。", "#n hayan意為「暫且；先」，不確定怎麼標比較適當。"], "s_end": true, "iu_a_span": [null, null], "meta": {"topic": "taboo", "type": "Narrative", "language": "賽德克語, Seediq, Tgdaya", "speaker": "", "collected": "None", "revised": "None", "video": "None"}, "file": "Seediq_Tgdaya/None-1.txt", "num": 51}], [52, {"ori": [], "gloss": [["...", "", ""], ["bobo=na", "afterwards=3.SG.GEN", "之後=3.SG.屬格"], ["mesa,_", "AF.say", "主焦.說"]], "free": ["#n bobo原意為「上面」。", "#n bobo原意為「上面」。"], "s_end": false, "iu_a_span": [null, null], "meta": {"topic": "taboo", "type": "Narrative", "language": "賽德克語, Seediq, Tgdaya", "speaker": "", "collected": "None", "revised": "None", "video": "None"}, "file": "Seediq_Tgdaya/None-1.txt", "num": 52}], [53, {"ori": [], "gloss": [["..", "", ""], ["bobo=na", "afterwards=3.SG.GEN", "之後=3.SG.屬格"], ["de==,_", "PART", "語助詞"]], "free": [], "s_end": false, "iu_a_span": [null, null], "meta": {"topic": "taboo", "type": "Narrative", "language": "賽德克語, Seediq, Tgdaya", "speaker": "", "collected": "None", "revised": "None", "video": "None"}, "file": "Seediq_Tgdaya/None-1.txt", "num": 53}], [54, {"ori": [], "gloss": [["..", "", ""], ["a==,_", "FIL", "FIL"]], "free": [], "s_end": false, "iu_a_span": [null, null], "meta": {"topic": "taboo", "type": "Narrative", "language": "賽德克語, Seediq, Tgdaya", "speaker": "", "collected": "None", "revised": "None", "video": "None"}, "file": "Seediq_Tgdaya/None-1.txt", "num": 54}], [55, {"ori": [], "gloss": [["..", "", ""], ["m-hedu,_", "AF-finish", "主焦-完成"]], "free": [], "s_end": false, "iu_a_span": [null, null], "meta": {"topic": "taboo", "type": "Narrative", "language": "賽德克語, Seediq, Tgdaya", "speaker": "", "collected": "None", "revised": "None", "video": "None"}, "file": "Seediq_Tgdaya/None-1.txt", "num": 55}], [56, {"ori": [], "gloss": [["..", "", ""], ["m-hedu", "AF-finish", "主焦-完成"], ["a==,_", "FIL", "FIL"]], "free": [], "s_end": false, "iu_a_span": [null, null], "meta": {"topic": "taboo", "type": "Narrative", "language": "賽德克語, Seediq, Tgdaya", "speaker": "", "collected": "None", "revised": "None", "video": "None"}, "file": "Seediq_Tgdaya/None-1.txt", "num": 56}], [57, {"ori": [], "gloss": [["...(1.2)", "", ""], ["a==,_", "FIL", "FIL"]], "free": [], "s_end": false, "iu_a_span": [null, null], "meta": {"topic": "taboo", "type": "Narrative", "language": "賽德克語, Seediq, Tgdaya", "speaker": "", "collected": "None", "revised": "None", "video": "None"}, "file": "Seediq_Tgdaya/None-1.txt", "num": 57}], [58, {"ori": [], "gloss": [["..", "", ""], ["ga", "PROG", "進行"], ["m-usa", "AF-go", "主焦-去"], ["baro", "up", "上"], ["ma", "then", "然後"], ["m-eyah--", "AF-come", "主焦-來"]], "free": ["#e Later, he finished the work up there and he went down.", "#c 之後，當他完成上面的工作，又下來。"], "s_end": true, "iu_a_span": [null, null], "meta": {"topic": "taboo", "type": "Narrative", "language": "賽德克語, Seediq, Tgdaya", "speaker": "", "collected": "None", "revised": "None", "video": "None"}, "file": "Seediq_Tgdaya/None-1.txt", "num": 58}], [59, {"ori": [], "gloss": [["..", "", ""], ["m-eyah", "AF-come", "主焦-來"], ["ciida", "then", "當時"], ["de", "PART", "語助詞"], ["kiya", "therefore", "所以"], ["ka,_", "", ""]], "free": [], "s_end": false, "iu_a_span": [null, null], "meta": {"topic": "taboo", "type": "Narrative", "language": "賽德克語, Seediq, Tgdaya", "speaker": "", "collected": "None", "revised": "None", "video": "None"}, "file": "Seediq_Tgdaya/None-1.txt", "num": 59}], [60, {"ori": [], "gloss": [["..", "", ""], ["a==", "FIL", "FIL"], ["ma", "why", "為什麼"], ["m-chaya", "AF-do.so", "主焦-這麼做"], ["ane", "brother.in.law", "連襟"], ["di", "PART", "語助詞"], ["mesa", "AF.say", "主焦.說"], ["ka,_", "NOM", "主格"]], "free": ["#n m-chaya不確定詞根的意思。在句中的意思為「這麼做」、「亂來」。IU50也有這個字。", "#n m-chaya不確定詞根的意思。在句中的意思為「這麼做」、「亂來」。IU50也有這個字。"], "s_end": false, "iu_a_span": [null, null], "meta": {"topic": "taboo", "type": "Narrative", "language": "賽德克語, Seediq, Tgdaya", "speaker": "", "collected": "None", "revised": "None", "video": "None"}, "file": "Seediq_Tgdaya/None-1.txt", "num": 60}], [61, {"ori": [], "gloss": [["...", "", ""], ["a==,_", "FIL", "FIL"]], "free": [], "s_end": false, "iu_a_span": [null, null], "meta": {"topic": "taboo", "type": "Narrative", "language": "賽德克語, Seediq, Tgdaya", "speaker": "", "collected": "None", "revised": "None", "video": "None"}, "file": "Seediq_Tgdaya/None-1.txt", "num": 61}], [62, {"ori": [], "gloss": [["..", "", ""], ["swai", "younger.sibling", "弟妹"], ["a,_", "FIL", "FIL"]], "free": [], "s_end": false, "iu_a_span": [null, null], "meta": {"topic": "taboo", "type": "Narrative", "language": "賽德克語, Seediq, Tgdaya", "speaker": "", "collected": "None", "revised": "None", "video": "None"}, "file": "Seediq_Tgdaya/None-1.txt", "num": 62}], [63, {"ori": [], "gloss": [["..", "", ""], ["rseno", "man", "男人"], ["mqedil=na", "woman=3SG.GEN", "女人-3SG.屬格"], ["di.\\", "ASP", "語助詞"]], "free": ["#n mqedil太太；女人；qedil 太太。", "#e The moment he came down, the younger sibling of his wife would say, “Why did he do that?”", "#c 他下來的時候，太太的弟弟便說：「他怎麼這樣子？」", "#n mqedil太太；女人；qedil 太太。"], "s_end": true, "iu_a_span": [null, null], "meta": {"topic": "taboo", "type": "Narrative", "language": "賽德克語, Seediq, Tgdaya", "speaker": "", "collected": "None", "revised": "None", "video": "None"}, "file": "Seediq_Tgdaya/None-1.txt", "num": 63}], [64, {"ori": [], "gloss": [["...", "", ""], ["ma", "then", "然後"], ["anaq", "even", "即使"], ["qbsuran=na", "older.sibling=3SG.GEN", "兄姊=3SG.屬格"], ["mqedil=na.\\", "woman=3SG.GEN", "女人=3SG.屬格"]], "free": ["#e Even his wife’s older sibilng.", "#c 即使是他太太的兄姊也一樣。", "#n anaq即使是，為ani naq的縮稱。", "#n 這裡的意思是：即使是太太的兄姊也不能看到。"], "s_end": true, "iu_a_span": [null, null], "meta": {"topic": "taboo", "type": "Narrative", "language": "賽德克語, Seediq, Tgdaya", "speaker": "", "collected": "None", "revised": "None", "video": "None"}, "file": "Seediq_Tgdaya/None-1.txt", "num": 64}], [65, {"ori": [], "gloss": [["..", "", ""], ["ma", "then", "然後"], ["kiya", "that", "那個"], ["ka==,_", "NOM", "主格"]], "free": [], "s_end": false, "iu_a_span": [null, null], "meta": {"topic": "taboo", "type": "Narrative", "language": "賽德克語, Seediq, Tgdaya", "speaker": "", "collected": "None", "revised": "None", "video": "None"}, "file": "Seediq_Tgdaya/None-1.txt", "num": 65}], [66, {"ori": [], "gloss": [["..", "", ""], ["a==,_", "FIL", "FIL"]], "free": [], "s_end": false, "iu_a_span": [null, null], "meta": {"topic": "taboo", "type": "Narrative", "language": "賽德克語, Seediq, Tgdaya", "speaker": "", "collected": "None", "revised": "None", "video": "None"}, "file": "Seediq_Tgdaya/None-1.txt", "num": 66}], [67, {"ori": [], "gloss": [["..", "", ""], ["kes-un=na", "say-PF=3SG.GEN", "說-受焦=3SG.屬格"], ["s<m>gaya", "<AF>break.taboo", "<主焦>犯禁忌"], ["kiya", "that", "那個"], ["di.\\", "ASP", "語助詞"]], "free": ["#e That is something that would break the taboo.", "#c 那個就是會違犯族律的事。"], "s_end": true, "iu_a_span": [null, null], "meta": {"topic": "taboo", "type": "Narrative", "language": "賽德克語, Seediq, Tgdaya", "speaker": "", "collected": "None", "revised": "None", "video": "None"}, "file": "Seediq_Tgdaya/None-1.txt", "num": 67}], [68, {"ori": [], "gloss": [["...", "", ""], ["ma==,_", "then", "然後"]], "free": [], "s_end": false, "iu_a_span": [null, null], "meta": {"topic": "taboo", "type": "Narrative", "language": "賽德克語, Seediq, Tgdaya", "speaker": "", "collected": "None", "revised": "None", "video": "None"}, "file": "Seediq_Tgdaya/None-1.txt", "num": 68}], [68, {"ori": [], "gloss": [["...", "", ""], ["ma==,_", "then", "然後"]], "free": [], "s_end": false, "iu_a_span": [null, null], "meta": {"topic": "taboo", "type": "Narrative", "language": "賽德克語, Seediq, Tgdaya", "speaker": "", "collected": "None", "revised": "None", "video": "None"}, "file": "Seediq_Tgdaya/None-1.txt", "num": 68}], [70, {"ori": [], "gloss": [["..", "", ""], ["s<m>gaya", "<AF>break.taboo", "<主焦>犯禁忌"], ["duwe,_", "PART", "語助詞"]], "free": [], "s_end": false, "iu_a_span": [null, null], "meta": {"topic": "taboo", "type": "Narrative", "language": "賽德克語, Seediq, Tgdaya", "speaker": "", "collected": "None", "revised": "None", "video": "None"}, "file": "Seediq_Tgdaya/None-1.txt", "num": 70}], [71, {"ori": [], "gloss": [["...", "", ""], ["en==,_", "FIL", "FIL"]], "free": [], "s_end": false, "iu_a_span": [null, null], "meta": {"topic": "taboo", "type": "Narrative", "language": "賽德克語, Seediq, Tgdaya", "speaker": "", "collected": "None", "revised": "None", "video": "None"}, "file": "Seediq_Tgdaya/None-1.txt", "num": 71}], [72, {"ori": [], "gloss": [["...", "", ""], ["maanu", "what", "什麼"], ["di", "ASP", "動貌"], ["asi", "must", "必須"], ["ka,_", "NOM", "主格"]], "free": [], "s_end": false, "iu_a_span": [null, null], "meta": {"topic": "taboo", "type": "Narrative", "language": "賽德克語, Seediq, Tgdaya", "speaker": "", "collected": "None", "revised": "None", "video": "None"}, "file": "Seediq_Tgdaya/None-1.txt", "num": 72}], [73, {"ori": [], "gloss": [["...", "", ""], ["asi", "must", "必須"], ["ka==,_", "NOM", "主格"]], "free": [], "s_end": false, "iu_a_span": [null, null], "meta": {"topic": "taboo", "type": "Narrative", "language": "賽德克語, Seediq, Tgdaya", "speaker": "", "collected": "None", "revised": "None", "video": "None"}, "file": "Seediq_Tgdaya/None-1.txt", "num": 73}], [74, {"ori": [], "gloss": [["..", "", ""], ["a==,_", "FIL", "FIL"]], "free": [], "s_end": false, "iu_a_span": [null, null], "meta": {"topic": "taboo", "type": "Narrative", "language": "賽德克語, Seediq, Tgdaya", "speaker": "", "collected": "None", "revised": "None", "video": "None"}, "file": "Seediq_Tgdaya/None-1.txt", "num": 74}], [75, {"ori": [], "gloss": [["...(2.4)", "", ""], ["d<m>ahur", "<AF>atone", "<主焦>補償"], ["ka==,_", "NOM", "主格"]], "free": [], "s_end": false, "iu_a_span": [null, null], "meta": {"topic": "taboo", "type": "Narrative", "language": "賽德克語, Seediq, Tgdaya", "speaker": "", "collected": "None", "revised": "None", "video": "None"}, "file": "Seediq_Tgdaya/None-1.txt", "num": 75}], [76, {"ori": [], "gloss": [["...", "", ""], ["ane=na", "brother.in.law=3SG.GEN", "連襟=3SG.屬格"], ["kiya", "that", "那個"], ["di._", "ASP", "動貌"]], "free": ["#e If the brother-in-law broke the taboo, he must make atonement to his brother-in-law.", "#c 假如連襟犯了禁忌，他就必須補償他的連襟。"], "s_end": true, "iu_a_span": [null, null], "meta": {"topic": "taboo", "type": "Narrative", "language": "賽德克語, Seediq, Tgdaya", "speaker": "", "collected": "None", "revised": "None", "video": "None"}, "file": "Seediq_Tgdaya/None-1.txt", "num": 76}], [77, {"ori": [], "gloss": [["...(0.8)", "", ""], ["ma", "then", "然後"], ["menaq", "about", "有關"], ["d<m>ahur,_", "<AF>atone", "<主焦>補償"]], "free": [], "s_end": false, "iu_a_span": [null, null], "meta": {"topic": "taboo", "type": "Narrative", "language": "賽德克語, Seediq, Tgdaya", "speaker": "", "collected": "None", "revised": "None", "video": "None"}, "file": "Seediq_Tgdaya/None-1.txt", "num": 77}], [78, {"ori": [], "gloss": [["..", "", ""], ["kiya", "that", "那個"], ["duwe,_", "PART", "語助詞"]], "free": [], "s_end": false, "iu_a_span": [null, null], "meta": {"topic": "taboo", "type": "Narrative", "language": "賽德克語, Seediq, Tgdaya", "speaker": "", "collected": "None", "revised": "None", "video": "None"}, "file": "Seediq_Tgdaya/None-1.txt", "num": 78}], [79, {"ori": [], "gloss": [["..", "", ""], ["e", "FIL", "FIL"], ["so", "like", "像"], ["s-angal=daha", "RF-take=3PL.GEN", "參焦-拿=3PL.屬格"], ["rodux", "chicken", "雞"], ["a", "FIL", "FIL主焦-去"], ["m-usa,_", "", ""]], "free": [], "s_end": false, "iu_a_span": [null, null], "meta": {"topic": "taboo", "type": "Narrative", "language": "賽德克語, Seediq, Tgdaya", "speaker": "", "collected": "None", "revised": "None", "video": "None"}, "file": "Seediq_Tgdaya/None-1.txt", "num": 79}], [80, {"ori": [], "gloss": [["..", "", ""], ["hunged-an=daha", "cook-LF=3PL.GEN", "煮-處焦=3PL.屬格"], ["p-mah-an=daha", "CAU-drink-PF=3PL.GEN", "使役-喝-受焦3PL.屬格"], ["sino.\\", "wine", "酒"]], "free": ["#e The atonement for it can be such that they take and cook chickens, and give other people wine to drink.", "#c 違反（這項）族律的賠補方式就像是拿雞煮雞、請其他人喝酒。"], "s_end": true, "iu_a_span": [null, null], "meta": {"topic": "taboo", "type": "Narrative", "language": "賽德克語, Seediq, Tgdaya", "speaker": "", "collected": "None", "revised": "None", "video": "None"}, "file": "Seediq_Tgdaya/None-1.txt", "num": 80}], [81, {"ori": [], "gloss": [["...(1.5)", "", ""], ["ma==,_", "then", "然後"]], "free": [], "s_end": false, "iu_a_span": [null, null], "meta": {"topic": "taboo", "type": "Narrative", "language": "賽德克語, Seediq, Tgdaya", "speaker": "", "collected": "None", "revised": "None", "video": "None"}, "file": "Seediq_Tgdaya/None-1.txt", "num": 81}], [82, {"ori": ["..", "(THROAT)"], "gloss": [], "free": [], "s_end": false, "iu_a_span": [null, null], "meta": {"topic": "taboo", "type": "Narrative", "language": "賽德克語, Seediq, Tgdaya", "speaker": "", "collected": "None", "revised": "None", "video": "None"}, "file": "Seediq_Tgdaya/None-1.txt", "num": 82}], [83, {"ori": [], "gloss": [["..", "", ""], ["niq-an", "EXIST-LF", "存在-處焦"], ["uri", "also", "也"], ["so==,_", "like", "像是"]], "free": ["#n uri和duri都是「也」的意思。", "#n uri和duri都是「也」的意思。"], "s_end": false, "iu_a_span": [null, null], "meta": {"topic": "taboo", "type": "Narrative", "language": "賽德克語, Seediq, Tgdaya", "speaker": "", "collected": "None", "revised": "None", "video": "None"}, "file": "Seediq_Tgdaya/None-1.txt", "num": 83}], [84, {"ori": [], "gloss": [["...(1.8)", "", ""], ["o==,_", "FIL", "FIL"]], "free": [], "s_end": false, "iu_a_span": [null, null], "meta": {"topic": "taboo", "type": "Narrative", "language": "賽德克語, Seediq, Tgdaya", "speaker": "", "collected": "None", "revised": "None", "video": "None"}, "file": "Seediq_Tgdaya/None-1.txt", "num": 84}], [85, {"ori": [], "gloss": [["...", "", ""], ["so", "like", "像"], ["m-ddidil", "AF-adultery", "主焦-私通"], ["so", "like", "像"], ["anu", "FIL", "FIL連襟"], ["ka", "", ""], ["ane,_", "", ""]], "free": ["#n m-ddidil是指和未結婚的人外遇。", "#n m-ddidil是指和未結婚的人外遇。"], "s_end": false, "iu_a_span": [null, null], "meta": {"topic": "taboo", "type": "Narrative", "language": "賽德克語, Seediq, Tgdaya", "speaker": "", "collected": "None", "revised": "None", "video": "None"}, "file": "Seediq_Tgdaya/None-1.txt", "num": 85}], [86, {"ori": [], "gloss": [["...", "", ""], ["m-ddidil", "AF-adultery", "主焦-私通"], ["ka", "NOM", "主格"], ["ane", "brother.in.law", "連襟"], ["duwe,_", "PART", "語助詞"]], "free": [], "s_end": false, "iu_a_span": [null, null], "meta": {"topic": "taboo", "type": "Narrative", "language": "賽德克語, Seediq, Tgdaya", "speaker": "", "collected": "None", "revised": "None", "video": "None"}, "file": "Seediq_Tgdaya/None-1.txt", "num": 86}], [87, {"ori": [], "gloss": [["...", "", ""], ["a==", "FIL", "FIL"], ["naqah", "AF.bad", "主焦.壞"], ["daha", "two", "兩個"], ["riyung", "very", "非常"], ["kiya", "that", "那樣"], ["duri.\\", "also", "也"]], "free": ["#e Like if the brother-in-law commits adultery, that is very bad as well.", "#c 像是如果連襟有外遇，那樣非常不好。"], "s_end": true, "iu_a_span": [null, null], "meta": {"topic": "taboo", "type": "Narrative", "language": "賽德克語, Seediq, Tgdaya", "speaker": "", "collected": "None", "revised": "None", "video": "None"}, "file": "Seediq_Tgdaya/None-1.txt", "num": 87}], [88, {"ori": [], "gloss": [["...(1.3)", "", ""], ["ma,_", "then", "然後"]], "free": [], "s_end": false, "iu_a_span": [null, null], "meta": {"topic": "taboo", "type": "Narrative", "language": "賽德克語, Seediq, Tgdaya", "speaker": "", "collected": "None", "revised": "None", "video": "None"}, "file": "Seediq_Tgdaya/None-1.txt", "num": 88}], [89, {"ori": [], "gloss": [["..", "", ""], ["so", "like", "像"], ["kiya,_", "that", "那個"]], "free": [], "s_end": false, "iu_a_span": [null, null], "meta": {"topic": "taboo", "type": "Narrative", "language": "賽德克語, Seediq, Tgdaya", "speaker": "", "collected": "None", "revised": "None", "video": "None"}, "file": "Seediq_Tgdaya/None-1.txt", "num": 89}], [90, {"ori": [], "gloss": [["..", "", ""], ["so", "like", "像"], ["m-ddidil", "AF-adultery", "主焦-不倫"], ["duwe,_", "PART", "語助詞"]], "free": ["#e If adultery happens.", "#c 如果發生婚外情。"], "s_end": true, "iu_a_span": [null, null], "meta": {"topic": "taboo", "type": "Narrative", "language": "賽德克語, Seediq, Tgdaya", "speaker": "", "collected": "None", "revised": "None", "video": "None"}, "file": "Seediq_Tgdaya/None-1.txt", "num": 90}], [91, {"ori": [], "gloss": [["...", "", ""], ["en==,_", "FIL", "FIL"]], "free": [], "s_end": false, "iu_a_span": [null, null], "meta": {"topic": "taboo", "type": "Narrative", "language": "賽德克語, Seediq, Tgdaya", "speaker": "", "collected": "None", "revised": "None", "video": "None"}, "file": "Seediq_Tgdaya/None-1.txt", "num": 91}], [92, {"ori": [], "gloss": [["...", "", ""], ["kiya", "that", "那個"], ["anu", "FIL", "FIL"], ["ka==,_", "NOM", "主格"]], "free": [], "s_end": false, "iu_a_span": [null, null], "meta": {"topic": "taboo", "type": "Narrative", "language": "賽德克語, Seediq, Tgdaya", "speaker": "", "collected": "None", "revised": "None", "video": "None"}, "file": "Seediq_Tgdaya/None-1.txt", "num": 92}], [93, {"ori": [], "gloss": [["..", "", ""], ["ngal-an=daha,\\", "take-LF=3PL.GEN", "拿-處焦=3PL.屬格"]], "free": [], "s_end": false, "iu_a_span": [null, null], "meta": {"topic": "taboo", "type": "Narrative", "language": "賽德克語, Seediq, Tgdaya", "speaker": "", "collected": "None", "revised": "None", "video": "None"}, "file": "Seediq_Tgdaya/None-1.txt", "num": 93}], [94, {"ori": [], "gloss": [["...(1.3)", "", ""], ["a", "FIL", "FIL"], ["ngal-an=daha", "take-LF=3PL.GEN", "拿-處焦=3PL.屬格"], ["babuy", "pig", "豬"], ["denu,\\", "PART", "語助詞"]], "free": ["#n denu表結果。", "#n denu表結果。"], "s_end": false, "iu_a_span": [null, null], "meta": {"topic": "taboo", "type": "Narrative", "language": "賽德克語, Seediq, Tgdaya", "speaker": "", "collected": "None", "revised": "None", "video": "None"}, "file": "Seediq_Tgdaya/None-1.txt", "num": 94}], [95, {"ori": [], "gloss": [["...", "", ""], ["ma,_", "then", "然後"]], "free": [], "s_end": false, "iu_a_span": [null, null], "meta": {"topic": "taboo", "type": "Narrative", "language": "賽德克語, Seediq, Tgdaya", "speaker": "", "collected": "None", "revised": "None", "video": "None"}, "file": "Seediq_Tgdaya/None-1.txt", "num": 95}], [96, {"ori": [], "gloss": [["..", "", ""], ["sug-un=daha", "give.out-PF=3PL.GEN", "分送-受焦=3PL.屬格"], ["ma", "CONJ", "連接詞"], ["ka^na,_", "all", "全部"]], "free": [], "s_end": false, "iu_a_span": [null, null], "meta": {"topic": "taboo", "type": "Narrative", "language": "賽德克語, Seediq, Tgdaya", "speaker": "", "collected": "None", "revised": "None", "video": "None"}, "file": "Seediq_Tgdaya/None-1.txt", "num": 96}], [97, {"ori": [], "gloss": [["..", "", ""], ["so", "like", "像"], ["alang", "village", "部落"], ["kika", "thus", "所以"], ["puq-un=daha,_", "eat-PF=3PL.GEN", "吃-受焦=3PL.屬格"]], "free": ["#e They would take pigs and give the pork out to the whole tribe.", "#c 他們會拿豬隻，並分送豬肉給全部落的人吃。", "#n 這裡的他們指部落的人。"], "s_end": true, "iu_a_span": [null, null], "meta": {"topic": "taboo", "type": "Narrative", "language": "賽德克語, Seediq, Tgdaya", "speaker": "", "collected": "None", "revised": "None", "video": "None"}, "file": "Seediq_Tgdaya/None-1.txt", "num": 97}], [98, {"ori": [], "gloss": [["...(1.1)", "", ""], ["ma==,_", "then", "然後"]], "free": [], "s_end": false, "iu_a_span": [null, null], "meta": {"topic": "taboo", "type": "Narrative", "language": "賽德克語, Seediq, Tgdaya", "speaker": "", "collected": "None", "revised": "None", "video": "None"}, "file": "Seediq_Tgdaya/None-1.txt", "num": 98}], [99, {"ori": ["..", "(THROAT)"], "gloss": [], "free": [], "s_end": false, "iu_a_span": [null, null], "meta": {"topic": "taboo", "type": "Narrative", "language": "賽德克語, Seediq, Tgdaya", "speaker": "", "collected": "None", "revised": "None", "video": "None"}, "file": "Seediq_Tgdaya/None-1.txt", "num": 99}], [100, {"ori": [], "gloss": [["...(1.5)", "", ""], ["ma", "then", "然後"], ["ani", "even", "即使"], ["kari", "word", "話"], ["uri.\\", "also", "也"]], "free": [], "s_end": false, "iu_a_span": [null, null], "meta": {"topic": "taboo", "type": "Narrative", "language": "賽德克語, Seediq, Tgdaya", "speaker": "", "collected": "None", "revised": "None", "video": "None"}, "file": "Seediq_Tgdaya/None-1.txt", "num": 100}], [101, {"ori": [], "gloss": [["...(1.0)", "", ""], ["m-rengo", "AF-say", "主焦-說"], ["kari", "word", "話"], ["duri", "also", "也"], ["duwe,_", "PART", "語助詞"]], "free": [], "s_end": false, "iu_a_span": [null, null], "meta": {"topic": "taboo", "type": "Narrative", "language": "賽德克語, Seediq, Tgdaya", "speaker": "", "collected": "None", "revised": "None", "video": "None"}, "file": "Seediq_Tgdaya/None-1.txt", "num": 101}], [102, {"ori": [], "gloss": [["..", "", ""], ["m-rengo", "AF-say", "主焦-說"], ["so", "like", "像"], ["a==,_", "FIL", "FIL"]], "free": [], "s_end": false, "iu_a_span": [null, null], "meta": {"topic": "taboo", "type": "Narrative", "language": "賽德克語, Seediq, Tgdaya", "speaker": "", "collected": "None", "revised": "None", "video": "None"}, "file": "Seediq_Tgdaya/None-1.txt", "num": 102}], [103, {"ori": [], "gloss": [["...", "", ""], ["so", "like", "像"], ["a==,_", "FIL", "FIL"]], "free": [], "s_end": false, "iu_a_span": [null, null], "meta": {"topic": "taboo", "type": "Narrative", "language": "賽德克語, Seediq, Tgdaya", "speaker": "", "collected": "None", "revised": "None", "video": "None"}, "file": "Seediq_Tgdaya/None-1.txt", "num": 103}], [104, {"ori": ["...", "(THROAT)"], "gloss": [], "free": [], "s_end": false, "iu_a_span": [null, null], "meta": {"topic": "taboo", "type": "Narrative", "language": "賽德克語, Seediq, Tgdaya", "speaker": "", "collected": "None", "revised": "None", "video": "None"}, "file": "Seediq_Tgdaya/None-1.txt", "num": 104}], [105, {"ori": [], "gloss": [["...", "", ""], ["m-rengo", "AF-say", "主焦-說"], ["naqah", "AF.bad", "主焦.壞"], ["kari,_", "word", "話"]], "free": ["#e Even when talking, when saying bad words.", "#c 即使講話的時候，說不好的話。"], "s_end": true, "iu_a_span": [null, null], "meta": {"topic": "taboo", "type": "Narrative", "language": "賽德克語, Seediq, Tgdaya", "speaker": "", "collected": "None", "revised": "None", "video": "None"}, "file": "Seediq_Tgdaya/None-1.txt", "num": 105}], [106, {"ori": [], "gloss": [["...(0.8)", "", ""], ["an._", "FIL", "FIL"]], "free": [], "s_end": false, "iu_a_span": [null, null], "meta": {"topic": "taboo", "type": "Narrative", "language": "賽德克語, Seediq, Tgdaya", "speaker": "", "collected": "None", "revised": "None", "video": "None"}, "file": "Seediq_Tgdaya/None-1.txt", "num": 106}], [107, {"ori": [], "gloss": [["..", "", ""], ["m-rengo", "AF-say", "主焦-說"], ["naqah", "AF.bad", "主焦.壞"], ["kari", "language", "言語"], ["duwe,_", "PART", "語助詞"]], "free": ["#e Say bad words.", "#c 說不好的話。"], "s_end": true, "iu_a_span": [null, null], "meta": {"topic": "taboo", "type": "Narrative", "language": "賽德克語, Seediq, Tgdaya", "speaker": "", "collected": "None", "revised": "None", "video": "None"}, "file": "Seediq_Tgdaya/None-1.txt", "num": 107}], [108, {"ori": [], "gloss": [["...", "", ""], ["s-qbahang=daha", "RF-hear=3PL.GEN", "參焦-聽-3PL.屬格"], ["bale", "real", "真的"], ["ma", "then", "然後"], ["naqah,\\", "AF.bad", "主焦.壞"]], "free": [], "s_end": false, "iu_a_span": [null, null], "meta": {"topic": "taboo", "type": "Narrative", "language": "賽德克語, Seediq, Tgdaya", "speaker": "", "collected": "None", "revised": "None", "video": "None"}, "file": "Seediq_Tgdaya/None-1.txt", "num": 108}], [109, {"ori": [], "gloss": [["..", "", ""], ["kari=na", "speech=3SG.GEN", "言語-3SG.屬格"], ["kes-un", "say-PF", "說-受焦"], ["ma", "thus", "所以"], ["kika.\\", "", ""]], "free": ["#e They hear that his words are bad.", "#c 他們聽，他的話真的不好。"], "s_end": true, "iu_a_span": [null, null], "meta": {"topic": "taboo", "type": "Narrative", "language": "賽德克語, Seediq, Tgdaya", "speaker": "", "collected": "None", "revised": "None", "video": "None"}, "file": "Seediq_Tgdaya/None-1.txt", "num": 109}], [110, {"ori": [], "gloss": [["..", "", ""], ["ado=ku", "because=1SG.NOM", "因為=1SG.主格"], ["m-netun", "AF-meet", "主焦-碰到"], ["so", "like", "像"], ["kiya,_", "that", "那個"]], "free": [], "s_end": false, "iu_a_span": [null, null], "meta": {"topic": "taboo", "type": "Narrative", "language": "賽德克語, Seediq, Tgdaya", "speaker": "", "collected": "None", "revised": "None", "video": "None"}, "file": "Seediq_Tgdaya/None-1.txt", "num": 110}], [111, {"ori": [], "gloss": [["...", "", ""], ["m-rengo", "AF-say", "主焦-說"], ["kari", "word", "話"], ["naqah", "AF.bad", "主焦.壞"], ["duwe,_", "PART", "語助詞"]], "free": [], "s_end": false, "iu_a_span": [null, null], "meta": {"topic": "taboo", "type": "Narrative", "language": "賽德克語, Seediq, Tgdaya", "speaker": "", "collected": "None", "revised": "None", "video": "None"}, "file": "Seediq_Tgdaya/None-1.txt", "num": 111}], [112, {"ori": [], "gloss": [["...", "", ""], ["kiya==,_", "that", "那個"]], "free": [], "s_end": false, "iu_a_span": [null, null], "meta": {"topic": "taboo", "type": "Narrative", "language": "賽德克語, Seediq, Tgdaya", "speaker": "", "collected": "None", "revised": "None", "video": "None"}, "file": "Seediq_Tgdaya/None-1.txt", "num": 112}], [113, {"ori": [], "gloss": [["..", "", ""], ["a==,_", "FIL", "FIL"]], "free": [], "s_end": false, "iu_a_span": [null, null], "meta": {"topic": "taboo", "type": "Narrative", "language": "賽德克語, Seediq, Tgdaya", "speaker": "", "collected": "None", "revised": "None", "video": "None"}, "file": "Seediq_Tgdaya/None-1.txt", "num": 113}], [114, {"ori": [], "gloss": [["..", "", ""], ["suta--", "FS", "FS"], ["anu--,_", "FS", "FS"]], "free": [], "s_end": false, "iu_a_span": [null, null], "meta": {"topic": "taboo", "type": "Narrative", "language": "賽德克語, Seediq, Tgdaya", "speaker": "", "collected": "None", "revised": "None", "video": "None"}, "file": "Seediq_Tgdaya/None-1.txt", "num": 114}], [115, {"ori": [], "gloss": [["...", "", ""], ["a==,_", "FIL", "FIL"]], "free": [], "s_end": false, "iu_a_span": [null, null], "meta": {"topic": "taboo", "type": "Narrative", "language": "賽德克語, Seediq, Tgdaya", "speaker": "", "collected": "None", "revised": "None", "video": "None"}, "file": "Seediq_Tgdaya/None-1.txt", "num": 115}], [116, {"ori": [], "gloss": [["...", "", ""], ["s-rengo=daha", "RF-speak=3PL.GEN", "參焦-說=3PL.屬格"], ["ma", "then", "然後"], ["kika,_", "thus", "所以"]], "free": ["#e Because I said something bad, the villagers will gossip about it.", "#c 由於我說不好的話，部落的人會說三道四。"], "s_end": true, "iu_a_span": [null, null], "meta": {"topic": "taboo", "type": "Narrative", "language": "賽德克語, Seediq, Tgdaya", "speaker": "", "collected": "None", "revised": "None", "video": "None"}, "file": "Seediq_Tgdaya/None-1.txt", "num": 116}], [117, {"ori": [], "gloss": [["..", "", ""], ["d<m>ahul", "<AF>atone", "<主焦>補償"], ["ka", "NOM", "主格"], ["ane", "brother.in.law", "連襟"], ["denu.\\", "PART", "語助詞"]], "free": ["#e The brother-in-law will make atonement for it.", "#c 連襟會補償。"], "s_end": true, "iu_a_span": [null, null], "meta": {"topic": "taboo", "type": "Narrative", "language": "賽德克語, Seediq, Tgdaya", "speaker": "", "collected": "None", "revised": "None", "video": "None"}, "file": "Seediq_Tgdaya/None-1.txt", "num": 117}], [118, {"ori": [], "gloss": [["...(0.9)", "", ""], ["a==", "FIL", "FIL"], ["so", "like", "像"], ["kiya", "that", "那個"], ["ka,_", "NOM", "主格"]], "free": [], "s_end": false, "iu_a_span": [null, null], "meta": {"topic": "taboo", "type": "Narrative", "language": "賽德克語, Seediq, Tgdaya", "speaker": "", "collected": "None", "revised": "None", "video": "None"}, "file": "Seediq_Tgdaya/None-1.txt", "num": 118}], [119, {"ori": [], "gloss": [["...", "", ""], ["a==", "FIL", "FIL"], ["ndaan=daha", "experience=3PL.GEN", "經歷=3PL.屬格"], ["cbeyo.\\", "before", "從前"]], "free": ["#e That is what is done in the past.", "#c 那就是以前的做法。"], "s_end": true, "iu_a_span": [null, null], "meta": {"topic": "taboo", "type": "Narrative", "language": "賽德克語, Seediq, Tgdaya", "speaker": "", "collected": "None", "revised": "None", "video": "None"}, "file": "Seediq_Tgdaya/None-1.txt", "num": 119}]], "meta": {"topic": "taboo", "type": "Narrative", "language": "賽德克語, Seediq, Tgdaya", "speaker": "", "collected": "None", "revised": "None", "video": "None"}}