{"glosses": [[1, {"ori": [], "gloss": [["...(0.7)", "", ""], ["te=ku", "IRR=1SG.NOM", "非實現=1SG.主格"], ["po-isua,\\", "say-that", "說-那個"]], "free": [], "s_end": false, "iu_a_span": [0.7, 1.91], "meta": {"topic": "Story", "type": "Narrative", "language": "卡那卡那富語, Kanakanavu, Kanakanavu", "speaker": "孔岳中, Pani Kanpanena, male, 1951", "collected": "00:10:14", "revised": "2017-7-24", "video": "kkvNr-story_pani.mp3"}, "file": "Kanakanavu_Kanakanavu/kkvNr-story_pani", "num": 1}], [2, {"ori": [], "gloss": [["...", "", ""], ["ni-aranai=kita", "PFV-from=1PL.NOM", "完成-來自=1PL.主格"], ["Kanakanavu.\\", "PN", "PN"]], "free": ["#e I am talking about where we Kanakanavu are from.", "#c 我要講關於我們Kanakanavu是從哪裡來的。", "#n 此句話根據孔老師應該是表述ni-aranai nanu ikita Kanakanavu."], "s_end": true, "iu_a_span": [1.91, 4.94], "meta": {"topic": "Story", "type": "Narrative", "language": "卡那卡那富語, Kanakanavu, Kanakanavu", "speaker": "孔岳中, Pani Kanpanena, male, 1951", "collected": "00:10:14", "revised": "2017-7-24", "video": "kkvNr-story_pani.mp3"}, "s_a_span": [0.7, 4.94], "file": "Kanakanavu_Kanakanavu/kkvNr-story_pani", "num": 2}], [3, {"ori": [], "gloss": [["...(1.8)", "", ""], ["eh._", "FIL", "FIL"]], "free": [], "s_end": false, "iu_a_span": [4.94, 7.4], "meta": {"topic": "Story", "type": "Narrative", "language": "卡那卡那富語, Kanakanavu, Kanakanavu", "speaker": "孔岳中, Pani Kanpanena, male, 1951", "collected": "00:10:14", "revised": "2017-7-24", "video": "kkvNr-story_pani.mp3"}, "file": "Kanakanavu_Kanakanavu/kkvNr-story_pani", "num": 3}], [4, {"ori": [], "gloss": [["...(0.8)", "", ""], ["sua", "NOM", "主格"], ["t<in>iman-a=maku,\\", "<PFV>-hear-REL=1SG.GEN", "<完成>-聽-關係詞=1SG.屬格"]], "free": ["#n t<um>a-timina 聽; timanʉ-ʉn; timano (IMP)", "#n t<in>iman-a 所聽到的", "#n t&lt;um&gt;a-timina 聽; timanʉ-ʉn; timano (IMP)", "#n t&lt;in&gt;iman-a 所聽到的"], "s_end": false, "iu_a_span": [7.4, 9.76], "meta": {"topic": "Story", "type": "Narrative", "language": "卡那卡那富語, Kanakanavu, Kanakanavu", "speaker": "孔岳中, Pani Kanpanena, male, 1951", "collected": "00:10:14", "revised": "2017-7-24", "video": "kkvNr-story_pani.mp3"}, "file": "Kanakanavu_Kanakanavu/kkvNr-story_pani", "num": 4}], [5, {"ori": [], "gloss": [["...(1.3)", "", ""], ["’una", "EXIST", "存在"], ["ma-marang", "RED-old", "重疊-老"], ["makasi,\\", "say.AF", "說.主焦"]], "free": ["#n maraang 長者、長輩、年長", "#n maraang 長者、長輩、年長"], "s_end": false, "iu_a_span": [9.76, 13.4], "meta": {"topic": "Story", "type": "Narrative", "language": "卡那卡那富語, Kanakanavu, Kanakanavu", "speaker": "孔岳中, Pani Kanpanena, male, 1951", "collected": "00:10:14", "revised": "2017-7-24", "video": "kkvNr-story_pani.mp3"}, "file": "Kanakanavu_Kanakanavu/kkvNr-story_pani", "num": 5}], [6, {"ori": [], "gloss": [["...", "", ""], ["ikita", "1PL.NOM", "1PL.主格"], ["Kanakanavu", "PN", "PN"], ["miana,\\", "then", "當時"]], "free": [], "s_end": false, "iu_a_span": [13.4, 16.63], "meta": {"topic": "Story", "type": "Narrative", "language": "卡那卡那富語, Kanakanavu, Kanakanavu", "speaker": "孔岳中, Pani Kanpanena, male, 1951", "collected": "00:10:14", "revised": "2017-7-24", "video": "kkvNr-story_pani.mp3"}, "file": "Kanakanavu_Kanakanavu/kkvNr-story_pani", "num": 6}], [7, {"ori": [], "gloss": [["...(1.2)", "", ""], ["ni-mon", "PFV-stay.AV", "完成-處於.主焦"], ["kan=kita", "KAN=1PL.NOM", "據說=1PL.主格"], ["racʉnga", "PN", "專名"], ["misee.\\", "say", "說"]], "free": ["#e According to the old sayings, once we were living in Racʉnga.", "#c 有老人家說 我們卡族曾經住在Racʉnga這個地方。", "#n racʉnga據說在台東卑南溪的上游內本鹿", "#n misee通常放在句尾"], "s_end": true, "iu_a_span": [16.63, 20.75], "meta": {"topic": "Story", "type": "Narrative", "language": "卡那卡那富語, Kanakanavu, Kanakanavu", "speaker": "孔岳中, Pani Kanpanena, male, 1951", "collected": "00:10:14", "revised": "2017-7-24", "video": "kkvNr-story_pani.mp3"}, "s_a_span": [4.94, 20.75], "file": "Kanakanavu_Kanakanavu/kkvNr-story_pani", "num": 7}], [8, {"ori": [], "gloss": [["...(1.9)", "", ""], ["nakai,\\", "but", "但是"]], "free": [], "s_end": false, "iu_a_span": [20.75, 23.44], "meta": {"topic": "Story", "type": "Narrative", "language": "卡那卡那富語, Kanakanavu, Kanakanavu", "speaker": "孔岳中, Pani Kanpanena, male, 1951", "collected": "00:10:14", "revised": "2017-7-24", "video": "kkvNr-story_pani.mp3"}, "file": "Kanakanavu_Kanakanavu/kkvNr-story_pani", "num": 8}], [9, {"ori": [], "gloss": [["...(0.9)", "", ""], ["kison-en=maku", "ask-PF=1SG.GEN", "問-受焦=1SG.屬格"], ["ma-marang,\\", "RED-old", "重疊-老"]], "free": ["#n 原本應為kesoni-ʉn，kesoni問; kesoni-o去問", "#n kesoni-ʉn=maku cina ni-ka-<manu>manu-ʉn nanu sua iiku我問媽媽我哪裡出生", "#n 原本應為kesoni-ʉn，kesoni問; kesoni-o去問", "#n kesoni-ʉn=maku cina ni-ka-&lt;manu&gt;manu-ʉn nanu sua iiku我問媽媽我哪裡出生"], "s_end": false, "iu_a_span": [23.44, 26.56], "meta": {"topic": "Story", "type": "Narrative", "language": "卡那卡那富語, Kanakanavu, Kanakanavu", "speaker": "孔岳中, Pani Kanpanena, male, 1951", "collected": "00:10:14", "revised": "2017-7-24", "video": "kkvNr-story_pani.mp3"}, "file": "Kanakanavu_Kanakanavu/kkvNr-story_pani", "num": 9}], [10, {"ori": [], "gloss": [["...(0.8)", "", ""], ["’esi", "LOC", "處在"], ["nanu", "where", "哪裡"], ["sua_", "NOM", "主格"]], "free": [], "s_end": false, "iu_a_span": [26.56, 28.72], "meta": {"topic": "Story", "type": "Narrative", "language": "卡那卡那富語, Kanakanavu, Kanakanavu", "speaker": "孔岳中, Pani Kanpanena, male, 1951", "collected": "00:10:14", "revised": "2017-7-24", "video": "kkvNr-story_pani.mp3"}, "file": "Kanakanavu_Kanakanavu/kkvNr-story_pani", "num": 10}], [11, {"ori": [], "gloss": [["...(0.7)", "", ""], ["ra-cʉng-a,\\", "PN", "專名"]], "free": [], "s_end": false, "iu_a_span": [28.72, 30.25], "meta": {"topic": "Story", "type": "Narrative", "language": "卡那卡那富語, Kanakanavu, Kanakanavu", "speaker": "孔岳中, Pani Kanpanena, male, 1951", "collected": "00:10:14", "revised": "2017-7-24", "video": "kkvNr-story_pani.mp3"}, "file": "Kanakanavu_Kanakanavu/kkvNr-story_pani", "num": 11}], [12, {"ori": [], "gloss": [["...(2.0)", "", ""], ["sua", "NOM", "主格"], ["kari", "word", "話語"], ["ma-marang", "RED-old", "重疊-老"], ["ia,\\", "TOP", "主題"]], "free": [], "s_end": false, "iu_a_span": [30.25, 33.89], "meta": {"topic": "Story", "type": "Narrative", "language": "卡那卡那富語, Kanakanavu, Kanakanavu", "speaker": "孔岳中, Pani Kanpanena, male, 1951", "collected": "00:10:14", "revised": "2017-7-24", "video": "kkvNr-story_pani.mp3"}, "file": "Kanakanavu_Kanakanavu/kkvNr-story_pani", "num": 12}], [13, {"ori": [], "gloss": [["...(1.1)", "", ""], ["makasi", "say.AF", "說.主焦"], ["maa", "only", "只"], ["ikua.\\", "1SG.OBL", "1SG.斜格"]], "free": ["#e But, when I asked our elders where Racʉnga was, they just answered me like this.", "#c 但是我請教長輩們Racʉnga在哪裡，老人家只這樣回答我。", "#n maa原來是mamia 只有/僅有"], "s_end": true, "iu_a_span": [33.89, 36.4], "meta": {"topic": "Story", "type": "Narrative", "language": "卡那卡那富語, Kanakanavu, Kanakanavu", "speaker": "孔岳中, Pani Kanpanena, male, 1951", "collected": "00:10:14", "revised": "2017-7-24", "video": "kkvNr-story_pani.mp3"}, "s_a_span": [20.75, 36.4], "file": "Kanakanavu_Kanakanavu/kkvNr-story_pani", "num": 13}], [14, {"ori": [], "gloss": [["...(2.1)", "", ""], ["cʉr-oo,\\", "see-IMP.PF", "看-祈使.受焦"]], "free": ["#n cu’ʉr-oo 看-命令式", "#n cu’ʉr-oo 看-命令式"], "s_end": false, "iu_a_span": [36.4, 39.32], "meta": {"topic": "Story", "type": "Narrative", "language": "卡那卡那富語, Kanakanavu, Kanakanavu", "speaker": "孔岳中, Pani Kanpanena, male, 1951", "collected": "00:10:14", "revised": "2017-7-24", "video": "kkvNr-story_pani.mp3"}, "file": "Kanakanavu_Kanakanavu/kkvNr-story_pani", "num": 14}], [15, {"ori": [], "gloss": [["...(0.7)", "", ""], ["tanairʉ_", "sun", "太陽"]], "free": [], "s_end": false, "iu_a_span": [39.32, 40.62], "meta": {"topic": "Story", "type": "Narrative", "language": "卡那卡那富語, Kanakanavu, Kanakanavu", "speaker": "孔岳中, Pani Kanpanena, male, 1951", "collected": "00:10:14", "revised": "2017-7-24", "video": "kkvNr-story_pani.mp3"}, "file": "Kanakanavu_Kanakanavu/kkvNr-story_pani", "num": 15}], [16, {"ori": [], "gloss": [["...(0.7)", "", ""], ["sua\\", "NOM", "主格"]], "free": [], "s_end": false, "iu_a_span": [40.62, 42.14], "meta": {"topic": "Story", "type": "Narrative", "language": "卡那卡那富語, Kanakanavu, Kanakanavu", "speaker": "孔岳中, Pani Kanpanena, male, 1951", "collected": "00:10:14", "revised": "2017-7-24", "video": "kkvNr-story_pani.mp3"}, "file": "Kanakanavu_Kanakanavu/kkvNr-story_pani", "num": 16}], [17, {"ori": [], "gloss": [["...", "", ""], ["ta-rarakau-a", "TA-rise-A", "TA-升起-A"], ["taniarʉ", "sun", "太陽"], ["ia,_", "TOP", "主題"]], "free": ["#n ara-pipining 出去、出現、冒出", "#n ararakau 接近", "#n ara-pipining 出去、出現、冒出", "#n ararakau 接近"], "s_end": false, "iu_a_span": [42.14, 44.74], "meta": {"topic": "Story", "type": "Narrative", "language": "卡那卡那富語, Kanakanavu, Kanakanavu", "speaker": "孔岳中, Pani Kanpanena, male, 1951", "collected": "00:10:14", "revised": "2017-7-24", "video": "kkvNr-story_pani.mp3"}, "file": "Kanakanavu_Kanakanavu/kkvNr-story_pani", "num": 17}], [18, {"ori": [], "gloss": [["...(0.6)", "", ""], ["isua_", "that", "那個"]], "free": [], "s_end": false, "iu_a_span": [44.74, 46.11], "meta": {"topic": "Story", "type": "Narrative", "language": "卡那卡那富語, Kanakanavu, Kanakanavu", "speaker": "孔岳中, Pani Kanpanena, male, 1951", "collected": "00:10:14", "revised": "2017-7-24", "video": "kkvNr-story_pani.mp3"}, "file": "Kanakanavu_Kanakanavu/kkvNr-story_pani", "num": 18}], [19, {"ori": [], "gloss": [["...", "", ""], ["to’onaa", "position", "位置"], ["racʉnga", "PN", "PN"], ["misee.\\", "say.AF", "說.主焦"]], "free": ["#e Look, where the sun arises is the place where Racʉnga was.", "#c 你看著太陽，太陽出現的地方，那裡就是Racʉnga的地方。"], "s_end": true, "iu_a_span": [46.11, 48.32], "meta": {"topic": "Story", "type": "Narrative", "language": "卡那卡那富語, Kanakanavu, Kanakanavu", "speaker": "孔岳中, Pani Kanpanena, male, 1951", "collected": "00:10:14", "revised": "2017-7-24", "video": "kkvNr-story_pani.mp3"}, "s_a_span": [36.4, 48.32], "file": "Kanakanavu_Kanakanavu/kkvNr-story_pani", "num": 19}], [20, {"ori": [], "gloss": [["...(1.3)", "", ""], ["ka’an", "NEG", "否定"], ["tavar’ʉ’ʉ", "know", "知道"], ["ʉngcoo", "FIL", "FIL"], ["tutuuru", "FS", "FS"], ["t<um>a-tuuturu", "Ca<AF>-say", "Ca重疊<主焦>"], ["sua", "NOM", "主格"], ["’esi", "LOC", "處所"], ["nanu", "where", "哪裡"], ["sua", "NOM", "主格"]], "free": ["#n 此處tutuuru為語誤", "#n 此處tutuuru為語誤"], "s_end": false, "iu_a_span": [48.32, 55.21], "meta": {"topic": "Story", "type": "Narrative", "language": "卡那卡那富語, Kanakanavu, Kanakanavu", "speaker": "孔岳中, Pani Kanpanena, male, 1951", "collected": "00:10:14", "revised": "2017-7-24", "video": "kkvNr-story_pani.mp3"}, "file": "Kanakanavu_Kanakanavu/kkvNr-story_pani", "num": 20}], [21, {"ori": [], "gloss": [["...(0.5)", "", ""], ["Racʉnga.\\", "PN", "專名"]], "free": ["#e He could not give me a clear answer about where Racʉnga was.", "#c 沒有辦法明確說出來Racʉnga究竟在哪個位子。"], "s_end": true, "iu_a_span": [55.21, 56.31], "meta": {"topic": "Story", "type": "Narrative", "language": "卡那卡那富語, Kanakanavu, Kanakanavu", "speaker": "孔岳中, Pani Kanpanena, male, 1951", "collected": "00:10:14", "revised": "2017-7-24", "video": "kkvNr-story_pani.mp3"}, "s_a_span": [48.32, 56.31], "file": "Kanakanavu_Kanakanavu/kkvNr-story_pani", "num": 21}], [22, {"ori": [], "gloss": [["...(1.9)", "", ""], ["timana=ku", "<PFV>hear=1SG.NOM", "<完成>聽=1SG.主格"], ["kangvang", "all", "所有"], ["’una", "EXIST", "存在"], ["Ra’arua,\\", "PN", "PN"]], "free": ["#n t<in>imana <完成>聽", "#n t&lt;in&gt;imana &lt;完成&gt;聽"], "s_end": false, "iu_a_span": [56.31, 60.63], "meta": {"topic": "Story", "type": "Narrative", "language": "卡那卡那富語, Kanakanavu, Kanakanavu", "speaker": "孔岳中, Pani Kanpanena, male, 1951", "collected": "00:10:14", "revised": "2017-7-24", "video": "kkvNr-story_pani.mp3"}, "file": "Kanakanavu_Kanakanavu/kkvNr-story_pani", "num": 22}], [23, {"ori": [], "gloss": [["..", "", ""], ["nguani", "3PL.NOM", "3PL.主格"], ["misee\\", "say", "說"]], "free": [], "s_end": false, "iu_a_span": [60.63, 62.33], "meta": {"topic": "Story", "type": "Narrative", "language": "卡那卡那富語, Kanakanavu, Kanakanavu", "speaker": "孔岳中, Pani Kanpanena, male, 1951", "collected": "00:10:14", "revised": "2017-7-24", "video": "kkvNr-story_pani.mp3"}, "file": "Kanakanavu_Kanakanavu/kkvNr-story_pani", "num": 23}], [24, {"ori": [], "gloss": [["...", "", ""], ["sua", "NOM", "主格"], ["to’onaa", "place", "地方"], ["nguani", "3PL.NOM", "3PL.主格"], ["miana", "then", "那時"], ["ia,_", "TOP", "主題"]], "free": ["#n to’onaa 位置、生活的地方", "#n to’onaa 位置、生活的地方"], "s_end": false, "iu_a_span": [62.33, 65.39], "meta": {"topic": "Story", "type": "Narrative", "language": "卡那卡那富語, Kanakanavu, Kanakanavu", "speaker": "孔岳中, Pani Kanpanena, male, 1951", "collected": "00:10:14", "revised": "2017-7-24", "video": "kkvNr-story_pani.mp3"}, "file": "Kanakanavu_Kanakanavu/kkvNr-story_pani", "num": 24}], [25, {"ori": [], "gloss": [["...(0.5)", "", ""], ["’esi", "LOC=QUOT", "處所=引述"], ["kani", "LOC", "處格"], ["na_", "", ""]], "free": [], "s_end": false, "iu_a_span": [65.39, 67.18], "meta": {"topic": "Story", "type": "Narrative", "language": "卡那卡那富語, Kanakanavu, Kanakanavu", "speaker": "孔岳中, Pani Kanpanena, male, 1951", "collected": "00:10:14", "revised": "2017-7-24", "video": "kkvNr-story_pani.mp3"}, "file": "Kanakanavu_Kanakanavu/kkvNr-story_pani", "num": 25}], [26, {"ori": [], "gloss": [["...", "", ""], ["hlacʉna.\\", "<L2RhlacʉnaL2R>", "地名"]], "free": ["#e I also heard that Ra’arua had once lived in a place called Hlacʉna.", "#c 我也曾經聽過拉阿魯阿族的人說他們以前所住的地方叫就Hlacʉna。", "#n hlacʉna為啦阿魯哇的發音，即為Kanakanavu的racʉna"], "s_end": true, "iu_a_span": [67.18, 68.47], "meta": {"topic": "Story", "type": "Narrative", "language": "卡那卡那富語, Kanakanavu, Kanakanavu", "speaker": "孔岳中, Pani Kanpanena, male, 1951", "collected": "00:10:14", "revised": "2017-7-24", "video": "kkvNr-story_pani.mp3"}, "s_a_span": [56.31, 68.47], "file": "Kanakanavu_Kanakanavu/kkvNr-story_pani", "num": 26}], [27, {"ori": [], "gloss": [["...(1.3)", "", ""], ["’esi=ku", "PROG=1SG.NOM", "進行=1SG.主格"], ["pa<cʉpʉ>cʉpʉngʉ\\", "<RED>think", "<重疊>想"]], "free": [], "s_end": false, "iu_a_span": [68.47, 71.39], "meta": {"topic": "Story", "type": "Narrative", "language": "卡那卡那富語, Kanakanavu, Kanakanavu", "speaker": "孔岳中, Pani Kanpanena, male, 1951", "collected": "00:10:14", "revised": "2017-7-24", "video": "kkvNr-story_pani.mp3"}, "file": "Kanakanavu_Kanakanavu/kkvNr-story_pani", "num": 27}], [28, {"ori": [], "gloss": [["...", "", ""], ["hlcʉna", "<L2RhlcʉnaL2R>", "地名"], ["mataa", "and", "和"], ["nacʉnga\\", "PN", "地名"]], "free": [], "s_end": false, "iu_a_span": [71.39, 74.57], "meta": {"topic": "Story", "type": "Narrative", "language": "卡那卡那富語, Kanakanavu, Kanakanavu", "speaker": "孔岳中, Pani Kanpanena, male, 1951", "collected": "00:10:14", "revised": "2017-7-24", "video": "kkvNr-story_pani.mp3"}, "file": "Kanakanavu_Kanakanavu/kkvNr-story_pani", "num": 28}], [29, {"ori": [], "gloss": [["...", "", ""], ["matʉa=kara", "same=Q", "一樣=Q"], ["’ʉnai", "earth", "土地"], ["isi.\\", "this", "這個"]], "free": ["#e I am thinking if the two locations mean the same place.", "#c 我在思索著hlcʉna跟nacʉnga這兩個地名是同一個的地方嗎？", "#n ’ʉnai土地; ’ʉnʉ’nai地面", "#n 卡族長輩講nacʉnga"], "s_end": true, "iu_a_span": [74.57, 77.3], "meta": {"topic": "Story", "type": "Narrative", "language": "卡那卡那富語, Kanakanavu, Kanakanavu", "speaker": "孔岳中, Pani Kanpanena, male, 1951", "collected": "00:10:14", "revised": "2017-7-24", "video": "kkvNr-story_pani.mp3"}, "s_a_span": [68.47, 77.3], "file": "Kanakanavu_Kanakanavu/kkvNr-story_pani", "num": 29}], [30, {"ori": [], "gloss": [["...(1.0)", "", ""], ["sua", "NOM", "主格"], ["isi", "this", "這個"], ["ia._", "TOP", "主題"]], "free": [], "s_end": false, "iu_a_span": [77.3, 79.38], "meta": {"topic": "Story", "type": "Narrative", "language": "卡那卡那富語, Kanakanavu, Kanakanavu", "speaker": "孔岳中, Pani Kanpanena, male, 1951", "collected": "00:10:14", "revised": "2017-7-24", "video": "kkvNr-story_pani.mp3"}, "file": "Kanakanavu_Kanakanavu/kkvNr-story_pani", "num": 30}], [31, {"ori": [], "gloss": [["...", "", ""], ["pacʉpʉngʉ=cu=maku", "think.AF=COS=1SG.GEN", "想.主焦=COS=1SG.屬格"], ["masini.\\", "now", "現在"]], "free": ["#e Until now, I am still thinking about this question.", "#c 這些到現在我還在思索。", "#n 標準說法應為pa-cʉpʉngʉ-ʉn", "#n masini現在(masin)"], "s_end": true, "iu_a_span": [79.38, 82.05], "meta": {"topic": "Story", "type": "Narrative", "language": "卡那卡那富語, Kanakanavu, Kanakanavu", "speaker": "孔岳中, Pani Kanpanena, male, 1951", "collected": "00:10:14", "revised": "2017-7-24", "video": "kkvNr-story_pani.mp3"}, "s_a_span": [77.3, 82.05], "file": "Kanakanavu_Kanakanavu/kkvNr-story_pani", "num": 31}], [38, {"ori": [], "gloss": [["...(1.7)", "", ""], ["rancurunga", "PN", "地名"], ["ia,", "TOP", "主題"], ["’esi", "PROG", "進行"], ["na", "LOC", "處格"], ["masini", "now", "現在"], ["to’onaa=mita.\\", "place=1PL.GEN", "位置=1PL.屬格"]], "free": ["#e Rancurunga is located at the place where we lived now.", "#c Rancurunga這個地方在現在我們所住的地方。"], "s_end": true, "iu_a_span": [99.74, 105.99], "meta": {"topic": "Story", "type": "Narrative", "language": "卡那卡那富語, Kanakanavu, Kanakanavu", "speaker": "孔岳中, Pani Kanpanena, male, 1951", "collected": "00:10:14", "revised": "2017-7-24", "video": "kkvNr-story_pani.mp3"}, "s_a_span": [99.74, 105.99], "file": "Kanakanavu_Kanakanavu/kkvNr-story_pani", "num": 38}], [39, {"ori": [], "gloss": [["...", "", ""], ["ʉncoo,\\", "FIL", "FIL"]], "free": [], "s_end": false, "iu_a_span": [105.99, 107.27], "meta": {"topic": "Story", "type": "Narrative", "language": "卡那卡那富語, Kanakanavu, Kanakanavu", "speaker": "孔岳中, Pani Kanpanena, male, 1951", "collected": "00:10:14", "revised": "2017-7-24", "video": "kkvNr-story_pani.mp3"}, "file": "Kanakanavu_Kanakanavu/kkvNr-story_pani", "num": 39}], [40, {"ori": [], "gloss": [["...(1.2)", "", ""], ["uh…\\", "FIL", "FIL"]], "free": [], "s_end": false, "iu_a_span": [107.27, 109.34], "meta": {"topic": "Story", "type": "Narrative", "language": "卡那卡那富語, Kanakanavu, Kanakanavu", "speaker": "孔岳中, Pani Kanpanena, male, 1951", "collected": "00:10:14", "revised": "2017-7-24", "video": "kkvNr-story_pani.mp3"}, "file": "Kanakanavu_Kanakanavu/kkvNr-story_pani", "num": 40}], [41, {"ori": [], "gloss": [["...(1.6)", "", ""], ["uh…", "FIL", "FIL"], ["’esi", "LOC", "LOC"], ["na\\", "LOC", "LOC"]], "free": [], "s_end": false, "iu_a_span": [109.34, 112.86], "meta": {"topic": "Story", "type": "Narrative", "language": "卡那卡那富語, Kanakanavu, Kanakanavu", "speaker": "孔岳中, Pani Kanpanena, male, 1951", "collected": "00:10:14", "revised": "2017-7-24", "video": "kkvNr-story_pani.mp3"}, "file": "Kanakanavu_Kanakanavu/kkvNr-story_pani", "num": 41}], [42, {"ori": [], "gloss": [["...(0.7)", "", ""], ["masini", "now", "現在"], ["Namasia.\\", "PN", "PN"]], "free": ["#e It is now at…", "#c 現在那瑪夏區的…"], "s_end": true, "iu_a_span": [112.86, 115.42], "meta": {"topic": "Story", "type": "Narrative", "language": "卡那卡那富語, Kanakanavu, Kanakanavu", "speaker": "孔岳中, Pani Kanpanena, male, 1951", "collected": "00:10:14", "revised": "2017-7-24", "video": "kkvNr-story_pani.mp3"}, "s_a_span": [105.99, 115.42], "file": "Kanakanavu_Kanakanavu/kkvNr-story_pani", "num": 42}], [43, {"ori": [], "gloss": [["...(1.5)", "", ""], ["ʉncoo,\\", "FIL", "FIL"]], "free": [], "s_end": false, "iu_a_span": [115.42, 117.8], "meta": {"topic": "Story", "type": "Narrative", "language": "卡那卡那富語, Kanakanavu, Kanakanavu", "speaker": "孔岳中, Pani Kanpanena, male, 1951", "collected": "00:10:14", "revised": "2017-7-24", "video": "kkvNr-story_pani.mp3"}, "file": "Kanakanavu_Kanakanavu/kkvNr-story_pani", "num": 43}], [44, {"ori": [], "gloss": [["...(1.5)", "", ""], ["amuseni", "how.to.say", "如何說"], ["kʉcʉ_", "PART", "語助詞"]], "free": ["#n kʉcʉ在思考、懷疑時所說的發語詞", "#n kʉcʉ在思考、懷疑時所說的發語詞"], "s_end": false, "iu_a_span": [117.8, 121.13], "meta": {"topic": "Story", "type": "Narrative", "language": "卡那卡那富語, Kanakanavu, Kanakanavu", "speaker": "孔岳中, Pani Kanpanena, male, 1951", "collected": "00:10:14", "revised": "2017-7-24", "video": "kkvNr-story_pani.mp3"}, "file": "Kanakanavu_Kanakanavu/kkvNr-story_pani", "num": 44}], [45, {"ori": [], "gloss": [["...", "", ""], ["’ʉnai", "earth", "土地"], ["isua?\\", "that", "那"]], "free": ["#e What is the name of that place?", "#c 那個地名究竟怎麼稱呼去了？"], "s_end": true, "iu_a_span": [121.13, 122.95], "meta": {"topic": "Story", "type": "Narrative", "language": "卡那卡那富語, Kanakanavu, Kanakanavu", "speaker": "孔岳中, Pani Kanpanena, male, 1951", "collected": "00:10:14", "revised": "2017-7-24", "video": "kkvNr-story_pani.mp3"}, "s_a_span": [115.42, 122.95], "file": "Kanakanavu_Kanakanavu/kkvNr-story_pani", "num": 45}], [46, {"ori": [], "gloss": [["...", "", ""], ["uh…\\", "FIL", "FIL"]], "free": [], "s_end": false, "iu_a_span": [122.95, 124.7], "meta": {"topic": "Story", "type": "Narrative", "language": "卡那卡那富語, Kanakanavu, Kanakanavu", "speaker": "孔岳中, Pani Kanpanena, male, 1951", "collected": "00:10:14", "revised": "2017-7-24", "video": "kkvNr-story_pani.mp3"}, "file": "Kanakanavu_Kanakanavu/kkvNr-story_pani", "num": 46}], [47, {"ori": [], "gloss": [["...(4.2)", "", ""], ["ah!\\", "INT", "感嘆"]], "free": [], "s_end": false, "iu_a_span": [124.7, 129.23], "meta": {"topic": "Story", "type": "Narrative", "language": "卡那卡那富語, Kanakanavu, Kanakanavu", "speaker": "孔岳中, Pani Kanpanena, male, 1951", "collected": "00:10:14", "revised": "2017-7-24", "video": "kkvNr-story_pani.mp3"}, "file": "Kanakanavu_Kanakanavu/kkvNr-story_pani", "num": 47}], [48, {"ori": [], "gloss": [["...(1.2)", "", ""], ["’esi", "LOC", "處所"], ["na_", "LOC", "處格"]], "free": [], "s_end": false, "iu_a_span": [129.23, 131.31], "meta": {"topic": "Story", "type": "Narrative", "language": "卡那卡那富語, Kanakanavu, Kanakanavu", "speaker": "孔岳中, Pani Kanpanena, male, 1951", "collected": "00:10:14", "revised": "2017-7-24", "video": "kkvNr-story_pani.mp3"}, "file": "Kanakanavu_Kanakanavu/kkvNr-story_pani", "num": 48}], [49, {"ori": [], "gloss": [["...(1.8)", "", ""], ["nangisarʉ", "PN", "地名"], ["tamna", "POSS", "屬於"], ["cimʉrʉ.\\", "mountain", "山"]], "free": ["#e It is located at the mountain of Nangisarʉ.", "#c 那個位置在屬於南沙魯里的山上。", "#n nangisarʉ南沙魯"], "s_end": true, "iu_a_span": [131.31, 135.73], "meta": {"topic": "Story", "type": "Narrative", "language": "卡那卡那富語, Kanakanavu, Kanakanavu", "speaker": "孔岳中, Pani Kanpanena, male, 1951", "collected": "00:10:14", "revised": "2017-7-24", "video": "kkvNr-story_pani.mp3"}, "s_a_span": [122.95, 135.73], "file": "Kanakanavu_Kanakanavu/kkvNr-story_pani", "num": 49}], [50, {"ori": [], "gloss": [["...(1.4)", "", ""], ["’una", "EXIST", "存在"], ["’ʉnai", "earth", "土地"], ["taca", "FS", "FS"], ["cacaru=in", "top=3SG.GEN", "頂端=3SG.屬格"], ["ia,\\", "TOP", "主題"]], "free": ["#n taca為語誤", "#n cacaru 尖端", "#n taca為語誤", "#n cacaru 尖端"], "s_end": false, "iu_a_span": [135.73, 140.43], "meta": {"topic": "Story", "type": "Narrative", "language": "卡那卡那富語, Kanakanavu, Kanakanavu", "speaker": "孔岳中, Pani Kanpanena, male, 1951", "collected": "00:10:14", "revised": "2017-7-24", "video": "kkvNr-story_pani.mp3"}, "file": "Kanakanavu_Kanakanavu/kkvNr-story_pani", "num": 50}], [51, {"ori": [], "gloss": [["...(1.5)", "", ""], ["tʉnʉkai=in", "crown=3SG.GEN", "樹冠=3SG.屬格"], ["ia,\\", "TOP", "主題"]], "free": ["#n tʉnʉkai 樹的頂端", "#n tʉnʉkai 樹的頂端"], "s_end": false, "iu_a_span": [140.43, 142.86], "meta": {"topic": "Story", "type": "Narrative", "language": "卡那卡那富語, Kanakanavu, Kanakanavu", "speaker": "孔岳中, Pani Kanpanena, male, 1951", "collected": "00:10:14", "revised": "2017-7-24", "video": "kkvNr-story_pani.mp3"}, "file": "Kanakanavu_Kanakanavu/kkvNr-story_pani", "num": 51}], [52, {"ori": [], "gloss": [["...", "", ""], ["’una", "EXIST", "存在"], ["’ʉnai", "earth", "土地"], ["rancurunga", "PN", "專名"], ["kisʉ-ʉn=mita", "say-PF=1PL.GEN", "說-受焦=1PL.屬格"], ["Kanakanavu.\\", "PN", "地名"]], "free": ["#e At the crown layer of the trees, there is a place we call Rangurunga.", "#c 在他的頂端有一個地方卡那卡那富稱其為Rangurunga。"], "s_end": true, "iu_a_span": [142.86, 147.71], "meta": {"topic": "Story", "type": "Narrative", "language": "卡那卡那富語, Kanakanavu, Kanakanavu", "speaker": "孔岳中, Pani Kanpanena, male, 1951", "collected": "00:10:14", "revised": "2017-7-24", "video": "kkvNr-story_pani.mp3"}, "s_a_span": [135.73, 147.71], "file": "Kanakanavu_Kanakanavu/kkvNr-story_pani", "num": 52}], [53, {"ori": [], "gloss": [["...(2.3)", "", ""], ["ni-moon", "PFV-stay.AF", "完成-待.主焦"], ["’inia,\\", "there", "那裏"]], "free": [], "s_end": false, "iu_a_span": [147.71, 151.15], "meta": {"topic": "Story", "type": "Narrative", "language": "卡那卡那富語, Kanakanavu, Kanakanavu", "speaker": "孔岳中, Pani Kanpanena, male, 1951", "collected": "00:10:14", "revised": "2017-7-24", "video": "kkvNr-story_pani.mp3"}, "file": "Kanakanavu_Kanakanavu/kkvNr-story_pani", "num": 53}], [54, {"ori": [], "gloss": [["...(2.4)", "", ""], ["sa-sarunai", "RED-male", "重疊-男"], ["Kanakanvu", "PN", "專名"], ["’uma’anupu\\", "dog.hunting.AF", "帶狗打獵.主焦"]], "free": [], "s_end": false, "iu_a_span": [151.15, 156.78], "meta": {"topic": "Story", "type": "Narrative", "language": "卡那卡那富語, Kanakanavu, Kanakanavu", "speaker": "孔岳中, Pani Kanpanena, male, 1951", "collected": "00:10:14", "revised": "2017-7-24", "video": "kkvNr-story_pani.mp3"}, "file": "Kanakanavu_Kanakanavu/kkvNr-story_pani", "num": 54}], [55, {"ori": [], "gloss": [["...(0.8)", "", ""], ["aracakanʉ", "hunt.AF", "打獵.主焦"], ["’inia.\\", "there", "那裏"]], "free": ["#e There was a Kanakanavu male hunting with his dog.", "#c 一個卡那卡那富男子帶著他的狗打獵。", "#n ’uma’anupu 狩獵的一種，用狗來追獵物", "#n ta’anupua 或是 taracakana獵場"], "s_end": true, "iu_a_span": [156.78, 158.74], "meta": {"topic": "Story", "type": "Narrative", "language": "卡那卡那富語, Kanakanavu, Kanakanavu", "speaker": "孔岳中, Pani Kanpanena, male, 1951", "collected": "00:10:14", "revised": "2017-7-24", "video": "kkvNr-story_pani.mp3"}, "s_a_span": [147.71, 158.74], "file": "Kanakanavu_Kanakanavu/kkvNr-story_pani", "num": 55}], [56, {"ori": [], "gloss": [["...(1.6)", "", ""], ["sua_", "NOM", "主格"]], "free": [], "s_end": false, "iu_a_span": [158.74, 161.19], "meta": {"topic": "Story", "type": "Narrative", "language": "卡那卡那富語, Kanakanavu, Kanakanavu", "speaker": "孔岳中, Pani Kanpanena, male, 1951", "collected": "00:10:14", "revised": "2017-7-24", "video": "kkvNr-story_pani.mp3"}, "file": "Kanakanavu_Kanakanavu/kkvNr-story_pani", "num": 56}], [57, {"ori": [], "gloss": [["...(1.2)", "", ""], ["nericeni", "what.they.bring", "他們所帶的"], ["tacau", "dog", "狗"], ["ia,_", "TOP", "主題"]], "free": ["#n ni-avici-a=ni 他們所帶的", "#n ni-avici-a=ni 他們所帶的"], "s_end": false, "iu_a_span": [161.19, 164.08], "meta": {"topic": "Story", "type": "Narrative", "language": "卡那卡那富語, Kanakanavu, Kanakanavu", "speaker": "孔岳中, Pani Kanpanena, male, 1951", "collected": "00:10:14", "revised": "2017-7-24", "video": "kkvNr-story_pani.mp3"}, "file": "Kanakanavu_Kanakanavu/kkvNr-story_pani", "num": 57}], [59, {"ori": [], "gloss": [["...(2.5)", "", ""], ["’una\\", "EXIST", "存在"]], "free": [], "s_end": false, "iu_a_span": [166.99, 170.2], "meta": {"topic": "Story", "type": "Narrative", "language": "卡那卡那富語, Kanakanavu, Kanakanavu", "speaker": "孔岳中, Pani Kanpanena, male, 1951", "collected": "00:10:14", "revised": "2017-7-24", "video": "kkvNr-story_pani.mp3"}, "file": "Kanakanavu_Kanakanavu/kkvNr-story_pani", "num": 59}], [60, {"ori": [], "gloss": [["...(0.8)", "", ""], ["ni-ka-manu-manu\\", "PFV-make-RED-kid", "完成-做-重疊-小孩"]], "free": [], "s_end": false, "iu_a_span": [170.2, 172.16], "meta": {"topic": "Story", "type": "Narrative", "language": "卡那卡那富語, Kanakanavu, Kanakanavu", "speaker": "孔岳中, Pani Kanpanena, male, 1951", "collected": "00:10:14", "revised": "2017-7-24", "video": "kkvNr-story_pani.mp3"}, "file": "Kanakanavu_Kanakanavu/kkvNr-story_pani", "num": 60}], [61, {"ori": [], "gloss": [["...(2.2)", "", ""], ["tacau.\\", "dog", "狗"]], "free": ["#e There were dogs who have given birth.", "#c 有生出小狗的母狗。"], "s_end": true, "iu_a_span": [172.16, 174.96], "meta": {"topic": "Story", "type": "Narrative", "language": "卡那卡那富語, Kanakanavu, Kanakanavu", "speaker": "孔岳中, Pani Kanpanena, male, 1951", "collected": "00:10:14", "revised": "2017-7-24", "video": "kkvNr-story_pani.mp3"}, "s_a_span": [158.74, 174.96], "file": "Kanakanavu_Kanakanavu/kkvNr-story_pani", "num": 61}], [62, {"ori": [], "gloss": [["...(1.6)", "", ""], ["mia", "when", "當"], ["turupang=cu", "finish=COS", "結束=COS"], ["nguani", "3PL.NOM", "3PL.主格"], ["aracakanʉ", "hunt", "打獵"], ["’inia", "there", "那裏"], ["ia,\\", "TOP", "主題"]], "free": ["#n tarepaang為tarupangʉ「完成、結束」音變而來", "#n tarepaang為tarupangʉ「完成、結束」音變而來"], "s_end": false, "iu_a_span": [174.96, 179.29], "meta": {"topic": "Story", "type": "Narrative", "language": "卡那卡那富語, Kanakanavu, Kanakanavu", "speaker": "孔岳中, Pani Kanpanena, male, 1951", "collected": "00:10:14", "revised": "2017-7-24", "video": "kkvNr-story_pani.mp3"}, "file": "Kanakanavu_Kanakanavu/kkvNr-story_pani", "num": 62}], [63, {"ori": [], "gloss": [["...(1.1)", "", ""], ["nevici", "PFV.bring", "完成.帶"], ["nguani", "3PL.bring", "3PL.帶"], ["tacau", "dog", "狗"], ["isia", "FS", "FS"], ["isua\\", "that", "那個"]], "free": ["#n nevici=ni-avici PFV-bring", "#n 此處isia為語誤", "#n nevici=ni-avici PFV-bring", "#n 此處isia為語誤"], "s_end": false, "iu_a_span": [179.29, 183.38], "meta": {"topic": "Story", "type": "Narrative", "language": "卡那卡那富語, Kanakanavu, Kanakanavu", "speaker": "孔岳中, Pani Kanpanena, male, 1951", "collected": "00:10:14", "revised": "2017-7-24", "video": "kkvNr-story_pani.mp3"}, "file": "Kanakanavu_Kanakanavu/kkvNr-story_pani", "num": 63}], [64, {"ori": [], "gloss": [["...", "", ""], ["pue’i", "return", "回去"], ["na", "LOC", "處格"], ["Racʉnga.\\", "PN", "地名"]], "free": ["#e When they finished their hunting there, they brought those dogs back to Racʉnga.", "#c 他們在那裡結束打獵之後，他們帶著那些狗回到Racʉnga.", "#n 孔老師認為原是發音為pui’i"], "s_end": true, "iu_a_span": [183.38, 186.04], "meta": {"topic": "Story", "type": "Narrative", "language": "卡那卡那富語, Kanakanavu, Kanakanavu", "speaker": "孔岳中, Pani Kanpanena, male, 1951", "collected": "00:10:14", "revised": "2017-7-24", "video": "kkvNr-story_pani.mp3"}, "s_a_span": [172.16, 186.04], "file": "Kanakanavu_Kanakanavu/kkvNr-story_pani", "num": 64}], [65, {"ori": [], "gloss": [["...(2.1)", "", ""], ["nakai", "but", "但是"], ["sua", "NOM", "主格"], ["ni-ka-manu-manu", "PF-make-RED-kid", "完成-做-重疊-小孩"], ["tacau", "dog", "狗"], ["isua", "that", "那個"], ["ia,", "TOP", "主題"]], "free": [], "s_end": false, "iu_a_span": [186.04, 191.65], "meta": {"topic": "Story", "type": "Narrative", "language": "卡那卡那富語, Kanakanavu, Kanakanavu", "speaker": "孔岳中, Pani Kanpanena, male, 1951", "collected": "00:10:14", "revised": "2017-7-24", "video": "kkvNr-story_pani.mp3"}, "file": "Kanakanavu_Kanakanavu/kkvNr-story_pani", "num": 65}], [66, {"ori": [], "gloss": [["...", "", ""], ["takacicin", "oneself", "獨自"]], "free": [], "s_end": false, "iu_a_span": [191.65, 193.25], "meta": {"topic": "Story", "type": "Narrative", "language": "卡那卡那富語, Kanakanavu, Kanakanavu", "speaker": "孔岳中, Pani Kanpanena, male, 1951", "collected": "00:10:14", "revised": "2017-7-24", "video": "kkvNr-story_pani.mp3"}, "file": "Kanakanavu_Kanakanavu/kkvNr-story_pani", "num": 66}], [67, {"ori": [], "gloss": [["...", "", ""], ["m-avici", "AF-bring", "主格-攜帶"], ["tamtitu", "doggy", "小狗"], ["pue’i", "return", "回去"], ["na", "LOC", "處所"]], "free": [], "s_end": false, "iu_a_span": [193.25, 197.68], "meta": {"topic": "Story", "type": "Narrative", "language": "卡那卡那富語, Kanakanavu, Kanakanavu", "speaker": "孔岳中, Pani Kanpanena, male, 1951", "collected": "00:10:14", "revised": "2017-7-24", "video": "kkvNr-story_pani.mp3"}, "file": "Kanakanavu_Kanakanavu/kkvNr-story_pani", "num": 67}], [68, {"ori": [], "gloss": [["...", "", ""], ["rancurunga", "PN", "地名"]], "free": ["#e However, the dog mother bought her doggies back to Rancurunga herself.", "#c 但是那隻生小孩的母狗獨自帶牠的小狗回到Rancurunga。"], "s_end": true, "iu_a_span": [197.68, 199.11], "meta": {"topic": "Story", "type": "Narrative", "language": "卡那卡那富語, Kanakanavu, Kanakanavu", "speaker": "孔岳中, Pani Kanpanena, male, 1951", "collected": "00:10:14", "revised": "2017-7-24", "video": "kkvNr-story_pani.mp3"}, "s_a_span": [183.38, 199.11], "file": "Kanakanavu_Kanakanavu/kkvNr-story_pani", "num": 68}], [69, {"ori": [], "gloss": [["...(1.5)", "", ""], ["makasua", "do.like.that", "那樣做"], ["kani", "KAN", "KAN"], ["po-pue’i.\\", "RED-return", "重疊-回去"]], "free": ["#n po-puei重疊表「來來回回」", "#n po-puei重疊表「來來回回」"], "s_end": false, "iu_a_span": [199.11, 202.64], "meta": {"topic": "Story", "type": "Narrative", "language": "卡那卡那富語, Kanakanavu, Kanakanavu", "speaker": "孔岳中, Pani Kanpanena, male, 1951", "collected": "00:10:14", "revised": "2017-7-24", "video": "kkvNr-story_pani.mp3"}, "file": "Kanakanavu_Kanakanavu/kkvNr-story_pani", "num": 69}], [70, {"ori": [], "gloss": [["...(1.3)", "", ""], ["manasʉ", "maybe", "或許"], ["’una", "EXIST", "存在"], ["ma-ka-uturu.\\", "AF-do-three.times", "主焦-做-三次"]], "free": ["#e It is said that the dog came and went like that for three times.", "#c 據說那樣來來回回有三次", "#n maka- 表次數", "#n maka-cani 或是 maka-ucani 一次; maka-turu或是 maka’uturu"], "s_end": true, "iu_a_span": [202.64, 206.56], "meta": {"topic": "Story", "type": "Narrative", "language": "卡那卡那富語, Kanakanavu, Kanakanavu", "speaker": "孔岳中, Pani Kanpanena, male, 1951", "collected": "00:10:14", "revised": "2017-7-24", "video": "kkvNr-story_pani.mp3"}, "s_a_span": [197.68, 206.56], "file": "Kanakanavu_Kanakanavu/kkvNr-story_pani", "num": 70}], [71, {"ori": [], "gloss": [["...(1.6)", "", ""], ["pa<cʉpʉ>cʉpʉngʉ=cu", "think<RED>=COS", "想<重疊>=COS"], ["ma-marang", "AF-old", "主焦-老人"], ["Kanakanavu.\\", "PN", "專名"]], "free": [], "s_end": false, "iu_a_span": [206.56, 211.45], "meta": {"topic": "Story", "type": "Narrative", "language": "卡那卡那富語, Kanakanavu, Kanakanavu", "speaker": "孔岳中, Pani Kanpanena, male, 1951", "collected": "00:10:14", "revised": "2017-7-24", "video": "kkvNr-story_pani.mp3"}, "file": "Kanakanavu_Kanakanavu/kkvNr-story_pani", "num": 71}], [72, {"ori": [], "gloss": [["...(1.6)", "", ""], ["’una=kara", "EXIST=Q", "存在=Q"], ["vanai", "reason", "緣故"], ["neni\\", "what", "什麼"]], "free": [], "s_end": false, "iu_a_span": [211.45, 215.21], "meta": {"topic": "Story", "type": "Narrative", "language": "卡那卡那富語, Kanakanavu, Kanakanavu", "speaker": "孔岳中, Pani Kanpanena, male, 1951", "collected": "00:10:14", "revised": "2017-7-24", "video": "kkvNr-story_pani.mp3"}, "file": "Kanakanavu_Kanakanavu/kkvNr-story_pani", "num": 72}], [73, {"ori": [], "gloss": [["...", "", ""], ["po-pue’i", "RED-return", "重疊-回去"], ["sua", "NOM", "主格"], ["ah", "FIL", "FIL"], ["tacau", "dog", "狗"], ["um-avici", "AF-bring", "主焦-攜帶"], ["tam", "FS", "FS"], ["tamtitu=in\\", "doggy=3SG.GEN", "小狗=3SG.屬格"]], "free": [], "s_end": false, "iu_a_span": [215.21, 220.42], "meta": {"topic": "Story", "type": "Narrative", "language": "卡那卡那富語, Kanakanavu, Kanakanavu", "speaker": "孔岳中, Pani Kanpanena, male, 1951", "collected": "00:10:14", "revised": "2017-7-24", "video": "kkvNr-story_pani.mp3"}, "file": "Kanakanavu_Kanakanavu/kkvNr-story_pani", "num": 73}], [74, {"ori": [], "gloss": [["...(0.9)", "", ""], ["puei’i", "return", "回去"], ["na", "LOC", "處所"], ["rancurunga.\\", "PN", "地名"]], "free": ["#e The Kankanavu elders thought why the dog kept bringing her doggies to Rancurung and back again.", "#c 當時卡族的老人家就想著狗狗那樣來來回回究竟有什麼原因。"], "s_end": true, "iu_a_span": [220.42, 222.93], "meta": {"topic": "Story", "type": "Narrative", "language": "卡那卡那富語, Kanakanavu, Kanakanavu", "speaker": "孔岳中, Pani Kanpanena, male, 1951", "collected": "00:10:14", "revised": "2017-7-24", "video": "kkvNr-story_pani.mp3"}, "s_a_span": [202.64, 222.93], "file": "Kanakanavu_Kanakanavu/kkvNr-story_pani", "num": 74}], [75, {"ori": [], "gloss": [["...(1.2)", "", ""], ["makasua=cu", "do.like.that=COS", "那樣做=COS"], ["kan\\", "KAN", "KAN"]], "free": [], "s_end": false, "iu_a_span": [222.93, 225.25], "meta": {"topic": "Story", "type": "Narrative", "language": "卡那卡那富語, Kanakanavu, Kanakanavu", "speaker": "孔岳中, Pani Kanpanena, male, 1951", "collected": "00:10:14", "revised": "2017-7-24", "video": "kkvNr-story_pani.mp3"}, "file": "Kanakanavu_Kanakanavu/kkvNr-story_pani", "num": 75}], [76, {"ori": [], "gloss": [["...(1.2)", "", ""], ["eh", "FIL", "FIL"], ["ʉncoo\\", "FIL", "FIL"]], "free": [], "s_end": false, "iu_a_span": [225.25, 227.51], "meta": {"topic": "Story", "type": "Narrative", "language": "卡那卡那富語, Kanakanavu, Kanakanavu", "speaker": "孔岳中, Pani Kanpanena, male, 1951", "collected": "00:10:14", "revised": "2017-7-24", "video": "kkvNr-story_pani.mp3"}, "file": "Kanakanavu_Kanakanavu/kkvNr-story_pani", "num": 76}], [77, {"ori": [], "gloss": [["...", "", ""], ["ma-marang", "RED-old", "重疊-老"], ["Kanakanavu\\", "PN", "PN"]], "free": [], "s_end": false, "iu_a_span": [227.51, 229.11], "meta": {"topic": "Story", "type": "Narrative", "language": "卡那卡那富語, Kanakanavu, Kanakanavu", "speaker": "孔岳中, Pani Kanpanena, male, 1951", "collected": "00:10:14", "revised": "2017-7-24", "video": "kkvNr-story_pani.mp3"}, "file": "Kanakanavu_Kanakanavu/kkvNr-story_pani", "num": 77}], [78, {"ori": [], "gloss": [["...", "", ""], ["manasʉ", "perhaps", "或許"], ["’e", "PROG", "進行"], ["t<um>a-tutuuru", "T<AF>A-tell", "T<主焦>A-告訴"], ["tikana", "FS", "FS"], ["te=kita", "IRR=1PL.NOM", "非實現=1PL.主格"], ["aravari", "change", "改變"], ["’inia.\\", "there", "那裏"]], "free": ["#e Therefore, elders at that time thought perhaps (those dogs) were telling them that they should move.", "#c 因此，當時卡那卡那富老人家就想著或許狗狗是在告訴他們，他們該搬家了。", "#n ’e是’esi的縮減", "#n araavari 遷移、換位置; aravari-a請換;aravari-o去更換", "#n mariivari回答; arivario kari Na’u 回答Na’u的話"], "s_end": true, "iu_a_span": [229.11, 232.85], "meta": {"topic": "Story", "type": "Narrative", "language": "卡那卡那富語, Kanakanavu, Kanakanavu", "speaker": "孔岳中, Pani Kanpanena, male, 1951", "collected": "00:10:14", "revised": "2017-7-24", "video": "kkvNr-story_pani.mp3"}, "s_a_span": [220.42, 232.85], "file": "Kanakanavu_Kanakanavu/kkvNr-story_pani", "num": 78}], [79, {"ori": [], "gloss": [["...(2.5)", "", ""], ["makasua=cu", "do.like.that=COS", "那樣做=COOS"], ["kani", "KAN", "KAN"], ["’una=cu_", "EXIST=COS", "存在=COS"]], "free": [], "s_end": false, "iu_a_span": [232.85, 237.41], "meta": {"topic": "Story", "type": "Narrative", "language": "卡那卡那富語, Kanakanavu, Kanakanavu", "speaker": "孔岳中, Pani Kanpanena, male, 1951", "collected": "00:10:14", "revised": "2017-7-24", "video": "kkvNr-story_pani.mp3"}, "file": "Kanakanavu_Kanakanavu/kkvNr-story_pani", "num": 79}], [80, {"ori": [], "gloss": [["..", "", ""], ["ah", "FIL", "FIL"], ["upeni", "CN-how.many", "量詞-多少"], ["kani", "KAN", "KAN"], ["ah", "FIL", "FIL"], ["tanasa", "house", "家屋"], ["sa-sarunai\\", "RED-male", "重疊-男性"]], "free": ["#n upeni 幾個(東西); upeni=cu cenana=musu 你幾歲了? (cenana 年)", "#n papeni 幾位; papeni kamu cau cani pininga 你們家有幾個人?", "#n upeni 幾個(東西); upeni=cu cenana=musu 你幾歲了? (cenana 年)", "#n papeni 幾位; papeni kamu cau cani pininga 你們家有幾個人?"], "s_end": false, "iu_a_span": [237.41, 240.71], "meta": {"topic": "Story", "type": "Narrative", "language": "卡那卡那富語, Kanakanavu, Kanakanavu", "speaker": "孔岳中, Pani Kanpanena, male, 1951", "collected": "00:10:14", "revised": "2017-7-24", "video": "kkvNr-story_pani.mp3"}, "file": "Kanakanavu_Kanakanavu/kkvNr-story_pani", "num": 80}], [81, {"ori": [], "gloss": [["...(0.7)", "", ""], ["mavici", "bring.AF", "攜帶.主焦"], ["tacau", "dog", "狗"], ["mokusa", "go.AF", "去.主焦"], ["Rancurunga", "PN", "PN"], ["nia", "there", "那裏"], ["ni-mon", "PFV-stay", "完成-待"], ["’inia,\\", "there", "那裏"]], "free": ["#n nia 可省略，多了", "#n nia 可省略，多了"], "s_end": false, "iu_a_span": [240.71, 245.46], "meta": {"topic": "Story", "type": "Narrative", "language": "卡那卡那富語, Kanakanavu, Kanakanavu", "speaker": "孔岳中, Pani Kanpanena, male, 1951", "collected": "00:10:14", "revised": "2017-7-24", "video": "kkvNr-story_pani.mp3"}, "file": "Kanakanavu_Kanakanavu/kkvNr-story_pani", "num": 81}], [82, {"ori": [], "gloss": [["...(1.2)", "", ""], ["c<um>a-cʉvʉrʉ.\\", "C<AF>A-grow", "CA重疊<主焦>-生長"]], "free": ["#e Afterwards, many Kanakanavu males moved Rancurunga with their dogs to live there.", "#c 之後，就有不知道幾位卡族男士帶著狗搬到Rancurunga的地方定居。", "#n c<um>a-cʉvʉrʉ 指長大，在此指「生活」。"], "s_end": true, "iu_a_span": [245.46, 247.38], "meta": {"topic": "Story", "type": "Narrative", "language": "卡那卡那富語, Kanakanavu, Kanakanavu", "speaker": "孔岳中, Pani Kanpanena, male, 1951", "collected": "00:10:14", "revised": "2017-7-24", "video": "kkvNr-story_pani.mp3"}, "s_a_span": [229.11, 247.38], "file": "Kanakanavu_Kanakanavu/kkvNr-story_pani", "num": 82}], [83, {"ori": [], "gloss": [["...(0.6)", "", ""], ["nakai", "but", "但是"], ["pa<cʉpʉ>cʉpʉng_", "<RED>think.AF", "<重疊>想.主焦"]], "free": [], "s_end": false, "iu_a_span": [247.38, 249.13], "meta": {"topic": "Story", "type": "Narrative", "language": "卡那卡那富語, Kanakanavu, Kanakanavu", "speaker": "孔岳中, Pani Kanpanena, male, 1951", "collected": "00:10:14", "revised": "2017-7-24", "video": "kkvNr-story_pani.mp3"}, "file": "Kanakanavu_Kanakanavu/kkvNr-story_pani", "num": 83}], [84, {"ori": [], "gloss": [["...", "", ""], ["’akia", "NEG", "否定"], ["nannakʉ_", "female.PL", "女性.複數"]], "free": ["#n na-nanakʉ 女性(複數)的簡化", "#n na-nanakʉ 女性(複數)的簡化"], "s_end": false, "iu_a_span": [249.13, 250.92], "meta": {"topic": "Story", "type": "Narrative", "language": "卡那卡那富語, Kanakanavu, Kanakanavu", "speaker": "孔岳中, Pani Kanpanena, male, 1951", "collected": "00:10:14", "revised": "2017-7-24", "video": "kkvNr-story_pani.mp3"}, "file": "Kanakanavu_Kanakanavu/kkvNr-story_pani", "num": 84}], [85, {"ori": [], "gloss": [["...", "", ""], ["uh", "FIL", "FIL"], ["’inia.\\", "there", "那裏"]], "free": [], "s_end": false, "iu_a_span": [250.92, 252.38], "meta": {"topic": "Story", "type": "Narrative", "language": "卡那卡那富語, Kanakanavu, Kanakanavu", "speaker": "孔岳中, Pani Kanpanena, male, 1951", "collected": "00:10:14", "revised": "2017-7-24", "video": "kkvNr-story_pani.mp3"}, "file": "Kanakanavu_Kanakanavu/kkvNr-story_pani", "num": 85}], [86, {"ori": [], "gloss": [["ah", "FIL", "FIL"], ["ka’an", "NEG", "否定"], ["ma-manʉng", "RED-good", "重疊-好"], ["sia-cʉvʉrʉ.\\", "IF-grow", "工焦-生長"]], "free": ["#e However, they thought without females, they could not have good lives there.", "#c 但是又想沒有女人在那裡生活很不方便。"], "s_end": true, "iu_a_span": [252.38, 255.14], "meta": {"topic": "Story", "type": "Narrative", "language": "卡那卡那富語, Kanakanavu, Kanakanavu", "speaker": "孔岳中, Pani Kanpanena, male, 1951", "collected": "00:10:14", "revised": "2017-7-24", "video": "kkvNr-story_pani.mp3"}, "s_a_span": [245.46, 255.14], "file": "Kanakanavu_Kanakanavu/kkvNr-story_pani", "num": 86}], [87, {"ori": [], "gloss": [["...(0.8)", "", ""], ["imo,_", "so", "所以"]], "free": [], "s_end": false, "iu_a_span": [255.14, 256.6], "meta": {"topic": "Story", "type": "Narrative", "language": "卡那卡那富語, Kanakanavu, Kanakanavu", "speaker": "孔岳中, Pani Kanpanena, male, 1951", "collected": "00:10:14", "revised": "2017-7-24", "video": "kkvNr-story_pani.mp3"}, "file": "Kanakanavu_Kanakanavu/kkvNr-story_pani", "num": 87}], [88, {"ori": [], "gloss": [["...(1.2)", "", ""], ["pui’i", "return", "回去"], ["na", "LOC", "處格"], ["racurunga_", "PN", "PN"]], "free": [], "s_end": false, "iu_a_span": [256.6, 259.94], "meta": {"topic": "Story", "type": "Narrative", "language": "卡那卡那富語, Kanakanavu, Kanakanavu", "speaker": "孔岳中, Pani Kanpanena, male, 1951", "collected": "00:10:14", "revised": "2017-7-24", "video": "kkvNr-story_pani.mp3"}, "file": "Kanakanavu_Kanakanavu/kkvNr-story_pani", "num": 88}], [89, {"ori": [], "gloss": [["...", "", ""], ["umavici", "bring.AF", "攜帶.主焦"], ["nanakʉ=in", "female=3SG.GEN", "女子=3SG.屬格"], ["ma-manu", "RED-kid", "重疊-小孩"], ["mon=cu", "stay.AF=COS", "待.主焦=COS"], ["’inia", "there", "那裏"], ["c<um>a-cʉvʉrʉ", "CA<AF>-grow", "CA重疊<主焦>-生長"], ["mumʉkʉ", "plant.AF", "種植.主焦"], ["ka-’um’uma", "make-field.AF", "製造-田.主焦"], ["’inia.\\", "there", "那裏"]], "free": ["#e SO, they returned to nacʉnga to bring their women and children to Rancurunga to live and farm there.", "#c 所以，他們回到nacʉnga要帶他們的女人和小孩到Racurunga那裏生活、墾地、種田。", "#n 口誤racurunga應該要是nacʉnga"], "s_end": true, "iu_a_span": [259.94, 270.44], "meta": {"topic": "Story", "type": "Narrative", "language": "卡那卡那富語, Kanakanavu, Kanakanavu", "speaker": "孔岳中, Pani Kanpanena, male, 1951", "collected": "00:10:14", "revised": "2017-7-24", "video": "kkvNr-story_pani.mp3"}, "s_a_span": [252.38, 270.44], "file": "Kanakanavu_Kanakanavu/kkvNr-story_pani", "num": 89}], [90, {"ori": [], "gloss": [["...(2.2)", "", ""], ["c<um>acʉ’ʉra", "CA<AF>-see", "CA重疊<主焦>-看"], ["cucumen", "other", "其他"], ["kanakanavu", "PN", "PN像"], ["makai", "like", "重疊-好"], ["ma-manʉng", "RED-good", "搬主焦"], ["aravari", "move.AF", "那裏"], ["’inia.\\", "", ""]], "free": ["#e Other Kanakanavu saw it looked good to move there.", "#c 其他卡族人看到搬到那裡好像蠻好的。"], "s_end": true, "iu_a_span": [270.44, 277.31], "meta": {"topic": "Story", "type": "Narrative", "language": "卡那卡那富語, Kanakanavu, Kanakanavu", "speaker": "孔岳中, Pani Kanpanena, male, 1951", "collected": "00:10:14", "revised": "2017-7-24", "video": "kkvNr-story_pani.mp3"}, "s_a_span": [259.94, 277.31], "file": "Kanakanavu_Kanakanavu/kkvNr-story_pani", "num": 90}], [91, {"ori": [], "gloss": [["...", "", ""], ["makasua=cu", "do.like.that.AF=COS", "那樣做.主焦=COS"], ["kangvang.\\", "too", "也"]], "free": ["#e They also did that.", "#c 也都那樣。"], "s_end": true, "iu_a_span": [277.31, 278.84], "meta": {"topic": "Story", "type": "Narrative", "language": "卡那卡那富語, Kanakanavu, Kanakanavu", "speaker": "孔岳中, Pani Kanpanena, male, 1951", "collected": "00:10:14", "revised": "2017-7-24", "video": "kkvNr-story_pani.mp3"}, "s_a_span": [270.44, 278.84], "file": "Kanakanavu_Kanakanavu/kkvNr-story_pani", "num": 91}], [92, {"ori": [], "gloss": [["...", "", ""], ["moca", "walk.AF", "走.主焦"], ["kangvang", "too", "也"], ["'inia.\\", "there", "那裏"]], "free": ["#e They also moved to that place.", "#c 也都搬去那裡。"], "s_end": true, "iu_a_span": [278.84, 280.75], "meta": {"topic": "Story", "type": "Narrative", "language": "卡那卡那富語, Kanakanavu, Kanakanavu", "speaker": "孔岳中, Pani Kanpanena, male, 1951", "collected": "00:10:14", "revised": "2017-7-24", "video": "kkvNr-story_pani.mp3"}, "s_a_span": [277.31, 280.75], "file": "Kanakanavu_Kanakanavu/kkvNr-story_pani", "num": 92}], [93, {"ori": [], "gloss": [["..", "", ""], ["mon=cu", "stay.AF=COS", "待.主焦=COS"], ["na", "LOC", "處格"], ["Rancurunga", "PN", "PN"], ["’inia.\\", "there", "那裏"]], "free": ["#e They lived in Rangurunga.", "#c 就在Rancurunga那個地方。"], "s_end": true, "iu_a_span": [280.75, 282.68], "meta": {"topic": "Story", "type": "Narrative", "language": "卡那卡那富語, Kanakanavu, Kanakanavu", "speaker": "孔岳中, Pani Kanpanena, male, 1951", "collected": "00:10:14", "revised": "2017-7-24", "video": "kkvNr-story_pani.mp3"}, "s_a_span": [278.84, 282.68], "file": "Kanakanavu_Kanakanavu/kkvNr-story_pani", "num": 93}], [94, {"ori": [], "gloss": [["..", "", ""], ["ka-’umo’uma", "make-field.AF", "製造-田.主焦"], ["mon", "stay.AF", "待.主焦"], ["’inia\\", "there", "那裏"]], "free": ["#e They farmed that place.", "#c 那裡開墾田園。"], "s_end": true, "iu_a_span": [282.68, 284.46], "meta": {"topic": "Story", "type": "Narrative", "language": "卡那卡那富語, Kanakanavu, Kanakanavu", "speaker": "孔岳中, Pani Kanpanena, male, 1951", "collected": "00:10:14", "revised": "2017-7-24", "video": "kkvNr-story_pani.mp3"}, "s_a_span": [280.75, 284.46], "file": "Kanakanavu_Kanakanavu/kkvNr-story_pani", "num": 94}], [95, {"ori": [], "gloss": [["...", "", ""], ["ka-ta-tanasa.\\", "make-RED-house.AF", "製造-重疊-房子.主焦"]], "free": ["#e They built houses.", "#c 蓋房子。"], "s_end": true, "iu_a_span": [284.46, 285.95], "meta": {"topic": "Story", "type": "Narrative", "language": "卡那卡那富語, Kanakanavu, Kanakanavu", "speaker": "孔岳中, Pani Kanpanena, male, 1951", "collected": "00:10:14", "revised": "2017-7-24", "video": "kkvNr-story_pani.mp3"}, "s_a_span": [282.68, 285.95], "file": "Kanakanavu_Kanakanavu/kkvNr-story_pani", "num": 95}], [96, {"ori": [], "gloss": [["...", "", ""], ["mon", "stay.AF", "在.主焦"], ["’inia", "there", "那邊"], ["macasU", "long", "長"], ["taniara.\\", "day", "日子"]], "free": ["#e They had lived there for a long time.", "#c 他們在那邊待得很久。"], "s_end": true, "iu_a_span": [285.95, 288.56], "meta": {"topic": "Story", "type": "Narrative", "language": "卡那卡那富語, Kanakanavu, Kanakanavu", "speaker": "孔岳中, Pani Kanpanena, male, 1951", "collected": "00:10:14", "revised": "2017-7-24", "video": "kkvNr-story_pani.mp3"}, "s_a_span": [284.46, 288.56], "file": "Kanakanavu_Kanakanavu/kkvNr-story_pani", "num": 96}], [97, {"ori": [], "gloss": [["...(2.3)", "", ""], ["isi", "this", "這些"], ["ia,", "TOP", "主題"], ["t<in>imana", "<PFV>listen=1SG.GEN", "<完成>聽=1SG.屬格"], ["maku,\\", "", ""]], "free": [], "s_end": false, "iu_a_span": [null, null], "meta": {"topic": "Story", "type": "Narrative", "language": "卡那卡那富語, Kanakanavu, Kanakanavu", "speaker": "孔岳中, Pani Kanpanena, male, 1951", "collected": "00:10:14", "revised": "2017-7-24", "video": "kkvNr-story_pani.mp3"}, "file": "Kanakanavu_Kanakanavu/kkvNr-story_pani", "num": 97}], [98, {"ori": [], "gloss": [["...", "", ""], ["ʉncoo,", "FIL", "FIL"], ["miana", "now", "現在"], ["ikita", "1PL.NOM", "1PL.現在"], ["kan", "KAN", "KAN"], ["kanakanavu", "PN", "PN"], ["ia,_", "TOP", "主題"]], "free": [], "s_end": false, "iu_a_span": [288.56, 296.68], "meta": {"topic": "Story", "type": "Narrative", "language": "卡那卡那富語, Kanakanavu, Kanakanavu", "speaker": "孔岳中, Pani Kanpanena, male, 1951", "collected": "00:10:14", "revised": "2017-7-24", "video": "kkvNr-story_pani.mp3"}, "file": "Kanakanavu_Kanakanavu/kkvNr-story_pani", "num": 98}], [99, {"ori": [], "gloss": [["...", "", ""], ["ni-mon", "PFV-stay", "完成-待"], ["na", "LOC", "處格"], ["rancʉrʉnga", "PN", "PN"], ["aravari", "move.AF", "搬.主焦"], ["na", "LOC", "處格"], ["rancurunga", "PN", "PN"], ["’inia.\\", "there", "那裏"]], "free": ["#e These are what I’ve heard. I’ve heard that we Kanakanavu once lived in Nacʉnga and then moved to Rancurunga。", "#c 這些我所聽到的，據說我們卡族曾經住在Nacʉnga之後搬到 Rancurunga那裡。"], "s_end": true, "iu_a_span": [296.68, 301.25], "meta": {"topic": "Story", "type": "Narrative", "language": "卡那卡那富語, Kanakanavu, Kanakanavu", "speaker": "孔岳中, Pani Kanpanena, male, 1951", "collected": "00:10:14", "revised": "2017-7-24", "video": "kkvNr-story_pani.mp3"}, "s_a_span": [285.95, 301.25], "file": "Kanakanavu_Kanakanavu/kkvNr-story_pani", "num": 99}], [100, {"ori": [], "gloss": [["...(1.0)", "", ""], ["nakai", "but", "但是"], ["mia", "when", "當"], ["ara-tatia=cu=ku.\\", "become-big.AF=COS=1SG.NOM", "變成-大.主焦=COS=1SG.主格"]], "free": [], "s_end": false, "iu_a_span": [301.25, 304.5], "meta": {"topic": "Story", "type": "Narrative", "language": "卡那卡那富語, Kanakanavu, Kanakanavu", "speaker": "孔岳中, Pani Kanpanena, male, 1951", "collected": "00:10:14", "revised": "2017-7-24", "video": "kkvNr-story_pani.mp3"}, "file": "Kanakanavu_Kanakanavu/kkvNr-story_pani", "num": 100}], [101, {"ori": [], "gloss": [["...", "", ""], ["manasʉ", "maybe", "或許"], ["ma-sʉpatʉnʉ=cu", "ten-four=COS", "十-四=COS"], ["cenana._", "year", "年"]], "free": [], "s_end": false, "iu_a_span": [304.5, 308.16], "meta": {"topic": "Story", "type": "Narrative", "language": "卡那卡那富語, Kanakanavu, Kanakanavu", "speaker": "孔岳中, Pani Kanpanena, male, 1951", "collected": "00:10:14", "revised": "2017-7-24", "video": "kkvNr-story_pani.mp3"}, "file": "Kanakanavu_Kanakanavu/kkvNr-story_pani", "num": 101}], [102, {"ori": [], "gloss": [["...(0.8)", "", ""], ["’una", "EXIST", "存在"], ["kanakanavu", "PN", "PN"], ["cau", "people", "人"], ["kanakanavu", "PN", "PN"], ["makasi.\\", "say.like.this", "這樣說"]], "free": [], "s_end": false, "iu_a_span": [308.16, 313.31], "meta": {"topic": "Story", "type": "Narrative", "language": "卡那卡那富語, Kanakanavu, Kanakanavu", "speaker": "孔岳中, Pani Kanpanena, male, 1951", "collected": "00:10:14", "revised": "2017-7-24", "video": "kkvNr-story_pani.mp3"}, "file": "Kanakanavu_Kanakanavu/kkvNr-story_pani", "num": 102}], [103, {"ori": [], "gloss": [["...(0.7)", "", ""], ["miana", "past", "以前"], ["kani", "KAN", "KAN"], ["kanakanavu", "PN", "PN"], ["ia", "TOP", "主題"], ["ni-mon", "PFV-stay", "PFV-待"], ["na", "LOC", "處格"], ["tainan._", "<L2MtainanL2M>", "台南"]], "free": [], "s_end": false, "iu_a_span": [313.31, 317.12], "meta": {"topic": "Story", "type": "Narrative", "language": "卡那卡那富語, Kanakanavu, Kanakanavu", "speaker": "孔岳中, Pani Kanpanena, male, 1951", "collected": "00:10:14", "revised": "2017-7-24", "video": "kkvNr-story_pani.mp3"}, "file": "Kanakanavu_Kanakanavu/kkvNr-story_pani", "num": 103}], [104, {"ori": [], "gloss": [["...(1.1)", "", ""], ["Anping", "<L2MAnpingL2M>", "安平"], ["kisʉ-ʉn", "call-PF", "稱-受焦"], ["masini.\\", "now", "現在"]], "free": [], "s_end": false, "iu_a_span": [317.12, 320.49], "meta": {"topic": "Story", "type": "Narrative", "language": "卡那卡那富語, Kanakanavu, Kanakanavu", "speaker": "孔岳中, Pani Kanpanena, male, 1951", "collected": "00:10:14", "revised": "2017-7-24", "video": "kkvNr-story_pani.mp3"}, "file": "Kanakanavu_Kanakanavu/kkvNr-story_pani", "num": 104}], [105, {"ori": [], "gloss": [["...(1.5)", "", ""], ["ni-arakukun", "PFV-get.together", "完成-在一起"], ["kan", "FIL", "FIL"], ["ʉncoo", "pingpu.tribe", "平埔族"], ["’oria.\\", "", ""]], "free": ["#e However, when I grew up, at about forty years old, I heard some Kanakanavu said once Kanakanavu lived with Pingpu tribes at An-Ping, Tainan.", "#c 但是當我長大之後，大約到了四十歲，有卡族人說以前卡族人曾經住在台南，現在叫做安平的地方，和平埔族一起生活。"], "s_end": true, "iu_a_span": [320.49, 326.0], "meta": {"topic": "Story", "type": "Narrative", "language": "卡那卡那富語, Kanakanavu, Kanakanavu", "speaker": "孔岳中, Pani Kanpanena, male, 1951", "collected": "00:10:14", "revised": "2017-7-24", "video": "kkvNr-story_pani.mp3"}, "s_a_span": [296.68, 326.0], "file": "Kanakanavu_Kanakanavu/kkvNr-story_pani", "num": 105}], [106, {"ori": [], "gloss": [["..", "", ""], ["maica", "pass", "經過"], ["na", "LOC", "處格"], ["heto.\\", "<L2JhetoL2J>", "PN"]], "free": [], "s_end": false, "iu_a_span": [326.0, 328.2], "meta": {"topic": "Story", "type": "Narrative", "language": "卡那卡那富語, Kanakanavu, Kanakanavu", "speaker": "孔岳中, Pani Kanpanena, male, 1951", "collected": "00:10:14", "revised": "2017-7-24", "video": "kkvNr-story_pani.mp3"}, "file": "Kanakanavu_Kanakanavu/kkvNr-story_pani", "num": 106}], [107, {"ori": [], "gloss": [["...", "", ""], ["makasua", "do.like.that=COS", "就這樣=COS"], ["cu", "<RED>walk", "<重疊>行走"], ["mo-caca-ca", "return", "回去"], ["pui’i", "do.like.this", "往"], ["makasi", "LOC", "PN"], ["na", "<L2MnansiL2M>", "PN"], ["Nansi,", "<L2MmeinonL2M>", "PN"], ["Meinon,", "", ""], ["Cisan._", "", ""]], "free": ["#e They passed by Pingtong, going back and forth to the direction of Nanxi, Meinong, and Qishan.", "#c 他們經過屏東，東那樣來來回回地走著往楠西、美濃、旗山的方向移動。"], "s_end": true, "iu_a_span": [328.2, 337.17], "meta": {"topic": "Story", "type": "Narrative", "language": "卡那卡那富語, Kanakanavu, Kanakanavu", "speaker": "孔岳中, Pani Kanpanena, male, 1951", "collected": "00:10:14", "revised": "2017-7-24", "video": "kkvNr-story_pani.mp3"}, "s_a_span": [320.49, 337.17], "file": "Kanakanavu_Kanakanavu/kkvNr-story_pani", "num": 107}], [108, {"ori": [], "gloss": [["...(1.9)", "", ""], ["mia", "when", "當"], ["’esi", "PROG", "進行"], ["na", "LOC", "處格"], ["meinon", "PN", "PN"], ["ia,\\", "", ""]], "free": [], "s_end": false, "iu_a_span": [337.17, 343.22], "meta": {"topic": "Story", "type": "Narrative", "language": "卡那卡那富語, Kanakanavu, Kanakanavu", "speaker": "孔岳中, Pani Kanpanena, male, 1951", "collected": "00:10:14", "revised": "2017-7-24", "video": "kkvNr-story_pani.mp3"}, "file": "Kanakanavu_Kanakanavu/kkvNr-story_pani", "num": 108}], [109, {"ori": [], "gloss": [["...(0.9)", "", ""], ["mararuai", "go.separate", "分道揚鑣"], ["kani", "KAN", "KAN"], ["cau.\\", "people", "人"]], "free": ["#e They went separate ways when they were in Meinong.", "#c 當在美濃的時候，人們分道揚鑣。"], "s_end": true, "iu_a_span": [343.22, 346.91], "meta": {"topic": "Story", "type": "Narrative", "language": "卡那卡那富語, Kanakanavu, Kanakanavu", "speaker": "孔岳中, Pani Kanpanena, male, 1951", "collected": "00:10:14", "revised": "2017-7-24", "video": "kkvNr-story_pani.mp3"}, "s_a_span": [328.2, 346.91], "file": "Kanakanavu_Kanakanavu/kkvNr-story_pani", "num": 109}], [110, {"ori": [], "gloss": [["...(1.3)", "", ""], ["sua", "NOM", "主格"], ["’una", "EXIST", "存在"], ["kani", "KANI", "KANI"], ["cau\\", "people", "人"]], "free": [], "s_end": false, "iu_a_span": [346.91, 351.14], "meta": {"topic": "Story", "type": "Narrative", "language": "卡那卡那富語, Kanakanavu, Kanakanavu", "speaker": "孔岳中, Pani Kanpanena, male, 1951", "collected": "00:10:14", "revised": "2017-7-24", "video": "kkvNr-story_pani.mp3"}, "file": "Kanakanavu_Kanakanavu/kkvNr-story_pani", "num": 110}], [111, {"ori": [], "gloss": [["...", "", ""], ["mutʉkʉtʉkʉ", "walk.to.AF", "走.主焦"], ["mokusa", "go.AF", "去.主焦"], ["Uncoo", "FIL", "FIL"], ["meinon,", "Meinong", "美濃"], ["mokusa", "go.AF", "去.主焦"], ["na", "LOC", "處格"], ["riukue,", "liugue", "六龜"], ["mokusa", "go.AF", "去.主焦"], ["na", "LOC", "處格"], ["masini", "now", "現在"], ["tauien.\\", "tauyuen.", "桃源"]], "free": ["#e It is said that some people walked to Meinong, Liugue, and Tauyuen directly.", "#c 據說有的人直走去美濃，去六龜，去桃源。"], "s_end": true, "iu_a_span": [351.14, 360.73], "meta": {"topic": "Story", "type": "Narrative", "language": "卡那卡那富語, Kanakanavu, Kanakanavu", "speaker": "孔岳中, Pani Kanpanena, male, 1951", "collected": "00:10:14", "revised": "2017-7-24", "video": "kkvNr-story_pani.mp3"}, "s_a_span": [343.22, 360.73], "file": "Kanakanavu_Kanakanavu/kkvNr-story_pani", "num": 111}], [112, {"ori": [], "gloss": [["...(0.5)", "", ""], ["’una=cu", "EXIST=COS", "存在=改變狀態"], ["kari", "words", "話語"], ["makasi,", "say.like.this", "這樣說"], ["sua", "NOM", "主格"], ["nguani", "3PL.NOM", "3PL.主格"], ["kani", "KANI", "KANI"], ["ia,", "TOP", "主題"], ["nguai", "that.is", "就是"], ["sua", "NOM", "主格"], ["masini", "now", "現在"], ["ra’arua", "PN", "PN"], ["misee.\\", "say", "說"]], "free": ["#e There is a word saying that they are Ra’arua that we know now.", "#c 就有這麼一說，他們就是現在的拉阿魯哇族。"], "s_end": true, "iu_a_span": [360.73, 368.08], "meta": {"topic": "Story", "type": "Narrative", "language": "卡那卡那富語, Kanakanavu, Kanakanavu", "speaker": "孔岳中, Pani Kanpanena, male, 1951", "collected": "00:10:14", "revised": "2017-7-24", "video": "kkvNr-story_pani.mp3"}, "s_a_span": [351.14, 368.08], "file": "Kanakanavu_Kanakanavu/kkvNr-story_pani", "num": 112}], [113, {"ori": [], "gloss": [["...(1.8)", "", ""], ["’una", "EXIST", "存在"], ["kani", "KANI", "KANI"], ["cau", "people", "人"], ["cucumeni", "other", "其他"], ["mon", "stay.AF", "處於.主焦"], ["na", "LOC", "處所"], ["cisan", "PN", "PN分道"], ["mararuai", "depart", "經過.主焦"], ["maica", "pass.AF", "處格"], ["na", "LOC", "PN"], ["namasia", "PN", "去.主焦"], ["mokusa", "go.AF", "處所"], ["na", "LOC", "現在"], ["masini", "now", "地方=1PL.屬格"], ["to’ona", "", ""], ["mita.\\", "", ""]], "free": ["#e It is also said that some other people chose another way to go, passing Namasia to where we are living now.", "#c 據說還有其他的人在旗山分道走了，經過那瑪夏，到達現在我們的地方。"], "s_end": true, "iu_a_span": [368.08, 380.43], "meta": {"topic": "Story", "type": "Narrative", "language": "卡那卡那富語, Kanakanavu, Kanakanavu", "speaker": "孔岳中, Pani Kanpanena, male, 1951", "collected": "00:10:14", "revised": "2017-7-24", "video": "kkvNr-story_pani.mp3"}, "s_a_span": [360.73, 380.43], "file": "Kanakanavu_Kanakanavu/kkvNr-story_pani", "num": 113}], [114, {"ori": [], "gloss": [["...", "", ""], ["sua", "NOM", "主格"], ["isua", "that", "那個"], ["kani", "KAN", "KAN"], ["ia,", "TOP", "主題"], ["nguai", "that.is", "就是"], ["sua", "NOM", "主格"], ["ikita", "1PL.NOM", "1PL.主格"], ["kanakanavu.\\", "PN", "PN"]], "free": ["#e Those people are we Kanakanavu.", "#c 那些也就是我們卡那卡那富族人。"], "s_end": true, "iu_a_span": [380.43, 384.57], "meta": {"topic": "Story", "type": "Narrative", "language": "卡那卡那富語, Kanakanavu, Kanakanavu", "speaker": "孔岳中, Pani Kanpanena, male, 1951", "collected": "00:10:14", "revised": "2017-7-24", "video": "kkvNr-story_pani.mp3"}, "s_a_span": [368.08, 384.57], "file": "Kanakanavu_Kanakanavu/kkvNr-story_pani", "num": 114}], [115, {"ori": [], "gloss": [["...", "", ""], ["makasua", "do.like.that", "那樣做"], ["tinimana=maku.\\", "<PFV>listen=1SG.GEN", "<完成>聽=1SG.屬格"]], "free": ["#e What I’ve heard is like that.", "#c 我所聽到的是那樣。"], "s_end": true, "iu_a_span": [384.57, 387.07], "meta": {"topic": "Story", "type": "Narrative", "language": "卡那卡那富語, Kanakanavu, Kanakanavu", "speaker": "孔岳中, Pani Kanpanena, male, 1951", "collected": "00:10:14", "revised": "2017-7-24", "video": "kkvNr-story_pani.mp3"}, "s_a_span": [380.43, 387.07], "file": "Kanakanavu_Kanakanavu/kkvNr-story_pani", "num": 115}], [116, {"ori": [], "gloss": [["...(1.3)", "", ""], ["nimon", "FS", "FS"], ["kim", "FS", "FS"], ["nimon", "FS", "FS"], ["na", "FS", "FS"], ["nimon", "PFV-stay", "完成-待"], ["kan", "KAN", "KAN"], ["kanakanavu", "PN", "PN"], ["’inia", "there", "那裡"], ["macasU", "long", "長"], ["taniara.\\", "day", "日子"]], "free": ["#e It is said that we Kanakanavu had stayed there for a very long time.", "#c 據說我們卡族人待在那裡很長的日子。", "#n tarakanang takanang-a 「所認識的」或者「太陽的位子」。"], "s_end": true, "iu_a_span": [387.07, 393.48], "meta": {"topic": "Story", "type": "Narrative", "language": "卡那卡那富語, Kanakanavu, Kanakanavu", "speaker": "孔岳中, Pani Kanpanena, male, 1951", "collected": "00:10:14", "revised": "2017-7-24", "video": "kkvNr-story_pani.mp3"}, "s_a_span": [384.57, 393.48], "file": "Kanakanavu_Kanakanavu/kkvNr-story_pani", "num": 116}], [117, {"ori": [], "gloss": [["...(1.7)", "", ""], ["’una", "EXIST", "存在"], ["kani=cu", "KAN=COS", "KAN=COS"], ["nia-tuumur-a", "PFV-fill-REL", "完成-滿-關係"], ["canumu.\\", "water", "水"]], "free": ["#e It is also said there was overflowing water.", "#c 據說有滿出來的水。", "#n 之後就有洪水的傳說"], "s_end": true, "iu_a_span": [393.48, 398.78], "meta": {"topic": "Story", "type": "Narrative", "language": "卡那卡那富語, Kanakanavu, Kanakanavu", "speaker": "孔岳中, Pani Kanpanena, male, 1951", "collected": "00:10:14", "revised": "2017-7-24", "video": "kkvNr-story_pani.mp3"}, "s_a_span": [387.07, 398.78], "file": "Kanakanavu_Kanakanavu/kkvNr-story_pani", "num": 117}], [118, {"ori": [], "gloss": [["...", "", ""], ["’una", "EXIST", "存在"], ["kani", "KAN", "KAN"], ["vʉrʉnga.\\", "eel", "鰻魚"]], "free": ["#e And, an eel.", "#c 據說有鰻魚。"], "s_end": true, "iu_a_span": [398.78, 400.83], "meta": {"topic": "Story", "type": "Narrative", "language": "卡那卡那富語, Kanakanavu, Kanakanavu", "speaker": "孔岳中, Pani Kanpanena, male, 1951", "collected": "00:10:14", "revised": "2017-7-24", "video": "kkvNr-story_pani.mp3"}, "s_a_span": [393.48, 400.83], "file": "Kanakanavu_Kanakanavu/kkvNr-story_pani", "num": 118}], [119, {"ori": [], "gloss": [["...(3.9)", "", ""], ["ni-mon", "PFV-stay", "完成-待"], ["kan", "KAN", "KAN"], ["na", "LOC", "LOC"], ["canumu", "water", "水"], ["isua", "that", "那個"], ["tʉpʉ-n=kee", "stuck-PF=3SG.OBL", "堵住-受焦=3SG.斜格"], ["canumu.\\", "water", "水"]], "free": ["#e It is said that it stuck the water.", "#c 據說他在水中堵住了水流。"], "s_end": true, "iu_a_span": [400.83, 409.6], "meta": {"topic": "Story", "type": "Narrative", "language": "卡那卡那富語, Kanakanavu, Kanakanavu", "speaker": "孔岳中, Pani Kanpanena, male, 1951", "collected": "00:10:14", "revised": "2017-7-24", "video": "kkvNr-story_pani.mp3"}, "s_a_span": [398.78, 409.6], "file": "Kanakanavu_Kanakanavu/kkvNr-story_pani", "num": 119}], [120, {"ori": [], "gloss": [["...", "", ""], ["ara-’itumuru", "become-full", "變-多"], ["canumu.\\", "water", "水"]], "free": ["#e The water became much more.", "#c 水變多了。"], "s_end": true, "iu_a_span": [409.6, 411.29], "meta": {"topic": "Story", "type": "Narrative", "language": "卡那卡那富語, Kanakanavu, Kanakanavu", "speaker": "孔岳中, Pani Kanpanena, male, 1951", "collected": "00:10:14", "revised": "2017-7-24", "video": "kkvNr-story_pani.mp3"}, "s_a_span": [400.83, 411.29], "file": "Kanakanavu_Kanakanavu/kkvNr-story_pani", "num": 120}], [121, {"ori": [], "gloss": [["...(1.2)", "", ""], ["nipunarU", "wash.away", "沖掉"], ["kan", "KAN", "KAN"], ["kangvang", "all", "都"], ["Unco", "FIL", "FIL"], ["kanakanavu", "PN", "PN"], ["tamna", "POSS", "屬於"], ["’umo’uma", "field", "田地"], ["tanasa.\\", "house", "家屋"]], "free": ["#e All the fields and houses of Kanakanavu are washed away.", "#c 卡族的耕地以及家都被沖走。", "#n tumatʉpʉ 堵住"], "s_end": true, "iu_a_span": [411.29, 418.32], "meta": {"topic": "Story", "type": "Narrative", "language": "卡那卡那富語, Kanakanavu, Kanakanavu", "speaker": "孔岳中, Pani Kanpanena, male, 1951", "collected": "00:10:14", "revised": "2017-7-24", "video": "kkvNr-story_pani.mp3"}, "s_a_span": [409.6, 418.32], "file": "Kanakanavu_Kanakanavu/kkvNr-story_pani", "num": 121}], [122, {"ori": [], "gloss": [["..", "", ""], ["imua", "so", "所以"], ["manguru", "escape.AF", "逃跑.主焦"], ["kanakanavu", "PN", "PN"], ["mokusa", "go.AF", "去.主焦"], ["tʉnʉkai", "top", "山頂"], ["ʉnco", "FIL", "FIL"], ["cimʉrʉ.\\", "mountain", "山"]], "free": ["#e Therefore, Kanakanavu escaped their homes to the top of mountains.", "#c 所以卡族人逃到山頂去。"], "s_end": true, "iu_a_span": [418.32, 423.62], "meta": {"topic": "Story", "type": "Narrative", "language": "卡那卡那富語, Kanakanavu, Kanakanavu", "speaker": "孔岳中, Pani Kanpanena, male, 1951", "collected": "00:10:14", "revised": "2017-7-24", "video": "kkvNr-story_pani.mp3"}, "s_a_span": [411.29, 423.62], "file": "Kanakanavu_Kanakanavu/kkvNr-story_pani", "num": 122}], [123, {"ori": [], "gloss": [["...(1.5)", "", ""], ["mesua", "at.that.time", "那時候"], ["kan", "KAN", "KAN"], ["ia,", "TOP", "主題"], ["’akia", "NEG.EXIST", "否定.存在"], ["kan", "KAN", "KAN"], ["apuru.\\", "fire", "火"]], "free": ["#e At that time, there was no fire.", "#c 據說那個時候沒有火。"], "s_end": true, "iu_a_span": [423.62, 428.09], "meta": {"topic": "Story", "type": "Narrative", "language": "卡那卡那富語, Kanakanavu, Kanakanavu", "speaker": "孔岳中, Pani Kanpanena, male, 1951", "collected": "00:10:14", "revised": "2017-7-24", "video": "kkvNr-story_pani.mp3"}, "s_a_span": [418.32, 428.09], "file": "Kanakanavu_Kanakanavu/kkvNr-story_pani", "num": 123}], [124, {"ori": [], "gloss": [["...", "", ""], ["nakai", "but", "但是"], ["cumacʉ’ʉra", "see", "看到"], ["cimʉrʉ", "mountain", "山"], ["ʉ", "", ""], ["cucumen", "FIL", "FIL"], ["na", "other", "別的"], ["Tanʉ’ʉcʉ", "LOC", "處格"], ["kan.", "PN", "PN"]], "free": ["#e But, they saw another mountain in Tanʉ’ʉcʉ.", "#c 據說看到在Tanʉ’ʉcʉ的山。"], "s_end": true, "iu_a_span": [428.09, 435.03], "meta": {"topic": "Story", "type": "Narrative", "language": "卡那卡那富語, Kanakanavu, Kanakanavu", "speaker": "孔岳中, Pani Kanpanena, male, 1951", "collected": "00:10:14", "revised": "2017-7-24", "video": "kkvNr-story_pani.mp3"}, "s_a_span": [423.62, 435.03], "file": "Kanakanavu_Kanakanavu/kkvNr-story_pani", "num": 124}], [125, {"ori": [], "gloss": [["...", "", ""], ["’una", "EXIST", "存在"], ["kan", "KAN", "KAN"], ["apuru.\\", "fire", "火"]], "free": ["#e It is said that there had fire.", "#c 據說有火。"], "s_end": true, "iu_a_span": [435.03, 436.51], "meta": {"topic": "Story", "type": "Narrative", "language": "卡那卡那富語, Kanakanavu, Kanakanavu", "speaker": "孔岳中, Pani Kanpanena, male, 1951", "collected": "00:10:14", "revised": "2017-7-24", "video": "kkvNr-story_pani.mp3"}, "s_a_span": [428.09, 436.51], "file": "Kanakanavu_Kanakanavu/kkvNr-story_pani", "num": 125}], [126, {"ori": [], "gloss": [["...(1.4)", "", ""], ["mesua=kan", "at.that.time", "那時"], ["ia,", "KAN", "KAN"], ["cau", "TOP", "主題"], ["mataa", "people", "人類"], ["marU-kura-kurapʉ", "and", "和"], ["ia,", "<RED>animals", "動物"], ["tavarʉ’ʉ", "TOP", "可以"], ["apa-kari-kari.\\", "can", "使役-重疊-話"]], "free": [], "s_end": false, "iu_a_span": [436.51, 446.07], "meta": {"topic": "Story", "type": "Narrative", "language": "卡那卡那富語, Kanakanavu, Kanakanavu", "speaker": "孔岳中, Pani Kanpanena, male, 1951", "collected": "00:10:14", "revised": "2017-7-24", "video": "kkvNr-story_pani.mp3"}, "file": "Kanakanavu_Kanakanavu/kkvNr-story_pani", "num": 126}], [127, {"ori": [], "gloss": [["...", "", ""], ["a-kanang=kan", "listen-clear", "聽-清楚"], ["kari.\\", "KAN", "KAN"]], "free": ["#e It is said that, at that time, people and animals can understand and communicate with each other.", "#c 在那個時候，據說人類和動物可以互相溝通，聽得懂話。", "#n apakarikari為口誤，應是arupakarikari 互相通話"], "s_end": true, "iu_a_span": [446.07, 447.86], "meta": {"topic": "Story", "type": "Narrative", "language": "卡那卡那富語, Kanakanavu, Kanakanavu", "speaker": "孔岳中, Pani Kanpanena, male, 1951", "collected": "00:10:14", "revised": "2017-7-24", "video": "kkvNr-story_pani.mp3"}, "s_a_span": [435.03, 447.86], "file": "Kanakanavu_Kanakanavu/kkvNr-story_pani", "num": 127}], [128, {"ori": [], "gloss": [["...(1.3)", "", ""], ["’una", "EXIST", "存在"], ["kan", "KAN", "KAN"], ["to’urung.\\", "muntjac", "山羌"]], "free": ["#e There was a muntjac.", "#c 有一隻山羌。"], "s_end": true, "iu_a_span": [447.86, 450.9], "meta": {"topic": "Story", "type": "Narrative", "language": "卡那卡那富語, Kanakanavu, Kanakanavu", "speaker": "孔岳中, Pani Kanpanena, male, 1951", "collected": "00:10:14", "revised": "2017-7-24", "video": "kkvNr-story_pani.mp3"}, "s_a_span": [446.07, 450.9], "file": "Kanakanavu_Kanakanavu/kkvNr-story_pani", "num": 128}], [129, {"ori": [], "gloss": [["...(1.1)", "", ""], ["makasi", "say", "說"], ["sua", "NOM", "主格"], ["tia", "IRR", "非實現"], ["iku", "1SG.NOM", "1SG.主格"], ["mokusa", "go.AF", "去.主焦"], ["’inia", "there", "那裏"], ["mokusa", "go.AF", "去.主焦"], ["tana’ʉcʉ", "PN", "PN"], ["'inia", "there", "那裏"], ["umara", "take.AF", "拿.主焦"], ["’apuru", "fire", "火"], ["misee.\\", "say", "說"]], "free": ["#e The muntjac said, ‘I will go to tana’ʉcʉ to get the fire.’", "#c 山羌說：「我要去tana’ʉcʉ拿回火種。」", "#n mara (拿) 和 umara (當下拿ing)"], "s_end": true, "iu_a_span": [450.9, 457.75], "meta": {"topic": "Story", "type": "Narrative", "language": "卡那卡那富語, Kanakanavu, Kanakanavu", "speaker": "孔岳中, Pani Kanpanena, male, 1951", "collected": "00:10:14", "revised": "2017-7-24", "video": "kkvNr-story_pani.mp3"}, "s_a_span": [447.86, 457.75], "file": "Kanakanavu_Kanakanavu/kkvNr-story_pani", "num": 129}], [131, {"ori": [], "gloss": [["...", "", ""], ["nakai", "but", "但是"], ["makananguru", "swim", "游泳"], ["macai", "pass", "經過"], ["canumu,", "water", "水"], ["A", "", ""], ["musʉpʉrʉ", "FS", "FS"], ["ara-’akia", "FS", "FS"], ["canumu.\\", "become-NEG.EXIST", "變-否定.存在"]], "free": ["#e However, the fire was put out by water because the muntjac held the fire on its horns when it was swimming through the water.", "#c 他把火種放在頭角上游泳過水，結果火種被水浸泡了，火種就滅掉了。", "#n 該句有兩個口誤nimusʉpʉrʉ要改成nimusutavʉrʉ ‘被浸泡’，canumu 改成’apuru ‘火’。"], "s_end": true, "iu_a_span": [463.52, 469.77], "meta": {"topic": "Story", "type": "Narrative", "language": "卡那卡那富語, Kanakanavu, Kanakanavu", "speaker": "孔岳中, Pani Kanpanena, male, 1951", "collected": "00:10:14", "revised": "2017-7-24", "video": "kkvNr-story_pani.mp3"}, "s_a_span": [450.9, 469.77], "file": "Kanakanavu_Kanakanavu/kkvNr-story_pani", "num": 131}], [132, {"ori": [], "gloss": [["...(2.9)", "", ""], ["marivivini", "at.last", "最後"], ["’una", "EXIST", "存在"], ["kan", "KAN", "KAN"], ["tapinange.\\", "bird", "鳥"]], "free": [], "s_end": false, "iu_a_span": [469.77, 476.86], "meta": {"topic": "Story", "type": "Narrative", "language": "卡那卡那富語, Kanakanavu, Kanakanavu", "speaker": "孔岳中, Pani Kanpanena, male, 1951", "collected": "00:10:14", "revised": "2017-7-24", "video": "kkvNr-story_pani.mp3"}, "file": "Kanakanavu_Kanakanavu/kkvNr-story_pani", "num": 132}], [133, {"ori": [], "gloss": [["..", "", ""], ["urune", "Himalayan.Black.Bulbul", "紅嘴黑鵯"], ["kisU-Un", "call-PF", "稱-受焦"], ["tapinange", "bird", "鳥"], ["isua.\\", "that", "那"]], "free": ["#e At last, there was a bird, Urune.", "#c 最後，有隻鳥，被稱作urune", "#n urune 是紅嘴黑鵯"], "s_end": true, "iu_a_span": [476.86, 479.75], "meta": {"topic": "Story", "type": "Narrative", "language": "卡那卡那富語, Kanakanavu, Kanakanavu", "speaker": "孔岳中, Pani Kanpanena, male, 1951", "collected": "00:10:14", "revised": "2017-7-24", "video": "kkvNr-story_pani.mp3"}, "s_a_span": [457.75, 479.75], "file": "Kanakanavu_Kanakanavu/kkvNr-story_pani", "num": 133}], [134, {"ori": [], "gloss": [["...(0.8)", "", ""], ["tapinange", "bird", "鳥"], ["isua", "that", "那個"], ["ia,", "TOP", "主題"], ["miana", "past", "過去"], ["kani", "KAN", "KAN"], ["nguani", "FS", "FS"], ["nguani", "3PL.NOM", "3PL.主格"], ["tamna", "POSS", "屬於"], ["ivici", "mouth", "嘴巴"], ["ia,", "TOP", "主題"], ["ka’an", "NEG", "否定"], ["masinang.\\", "red", "紅色"]], "free": ["#e it is said that the pecks of those birds were not red.", "#c 那種鳥，據說以前他們的嘴巴不是紅色的。"], "s_end": true, "iu_a_span": [479.75, 485.28], "meta": {"topic": "Story", "type": "Narrative", "language": "卡那卡那富語, Kanakanavu, Kanakanavu", "speaker": "孔岳中, Pani Kanpanena, male, 1951", "collected": "00:10:14", "revised": "2017-7-24", "video": "kkvNr-story_pani.mp3"}, "s_a_span": [469.77, 485.28], "file": "Kanakanavu_Kanakanavu/kkvNr-story_pani", "num": 134}], [135, {"ori": [], "gloss": [["...(0.9)", "", ""], ["p-asi-n=kan=kee", "CAU-say-PF=KAN=3SG.GEN", "使-說-受焦=KAN=3SG.屬格"], ["cau", "people", "人"], ["mesua", "at.that.time", "那時"], ["tia", "IRRS", "非實現"], ["nguain=kan", "3SG.NOM", "3SG.主格=KAN"], ["mokusa", "KAN", "去.主焦"], ["na", "go.AF", "處格"], ["a", "LOC", "FIL"], ["sipara", "FIL", "對岸"], ["isa", "the.other.side", "那"], ["umara", "that", "拿.主焦"], ["’apuru.\\", "take.AF.", "火"]], "free": ["#e The bird said to human beings that he will go to the other side of the river to get the fire back’", "#c 鳥對人說由他來去那個對岸拿火種。"], "s_end": true, "iu_a_span": [485.28, 495.21], "meta": {"topic": "Story", "type": "Narrative", "language": "卡那卡那富語, Kanakanavu, Kanakanavu", "speaker": "孔岳中, Pani Kanpanena, male, 1951", "collected": "00:10:14", "revised": "2017-7-24", "video": "kkvNr-story_pani.mp3"}, "s_a_span": [476.86, 495.21], "file": "Kanakanavu_Kanakanavu/kkvNr-story_pani", "num": 135}], [136, {"ori": [], "gloss": [["...(0.8)", "", ""], ["hao,", "<L2MhaoL2M>", "好"], ["nevici=kan=kee", "PFV.take=KAN", "完成.拿"], ["’apuru", "fire", "據說"], ["mova", "give.AF", "他"], ["kanakanavu.\\", "PN", "火"]], "free": [], "s_end": false, "iu_a_span": [495.21, 500.03], "meta": {"topic": "Story", "type": "Narrative", "language": "卡那卡那富語, Kanakanavu, Kanakanavu", "speaker": "孔岳中, Pani Kanpanena, male, 1951", "collected": "00:10:14", "revised": "2017-7-24", "video": "kkvNr-story_pani.mp3"}, "file": "Kanakanavu_Kanakanavu/kkvNr-story_pani", "num": 136}], [137, {"ori": [], "gloss": [["..", "", ""], ["nakai", "but", "但是"], ["si", "because", "因為"], ["macici", "hot", "熱"], ["curu,", "really", "真的"], ["nguain", "3SG.NOM", "3SG.主格"], ["tamna", "POSS", "屬於"], ["ivici", "mouth", "嘴巴"], ["ia,", "TOP", "主題"], ["ni-ara-masinang.\\", "PFV-become-red", "完成-變成-紅色"]], "free": ["#e However, because it is too hot, his mouth became red.", "#c 但是因為實在很熱，牠的鳥喙變成紅色。"], "s_end": true, "iu_a_span": [500.03, 505.44], "meta": {"topic": "Story", "type": "Narrative", "language": "卡那卡那富語, Kanakanavu, Kanakanavu", "speaker": "孔岳中, Pani Kanpanena, male, 1951", "collected": "00:10:14", "revised": "2017-7-24", "video": "kkvNr-story_pani.mp3"}, "s_a_span": [479.75, 505.44], "file": "Kanakanavu_Kanakanavu/kkvNr-story_pani", "num": 137}], [138, {"ori": [], "gloss": [["....(1.2)", "", ""], ["pacʉpʉcʉpʉngʉ", "<RED>think.AF", "<重疊>想.主焦"], ["kanakanavu", "PN", "PN"], ["sua", "NOM", "主格"], ["cucuru-ana", "really-INT", "真的-感嘆"], ["mamanʉng", "RED-good", "重疊-好"], ["urune,", "Himalayan.Black.Bulbul", "紅嘴黑鵯"], ["tapinange", "bird", "鳥"], ["isi.\\", "this", "這個"]], "free": ["#e Kanakanavu thought this Himalayan Black Bulbul was a really good bird.", "#c Kanakanavu想著這個紅嘴黑鵯真正好啊！", "#n cucur-ana!強調"], "s_end": true, "iu_a_span": [505.44, 515.62], "meta": {"topic": "Story", "type": "Narrative", "language": "卡那卡那富語, Kanakanavu, Kanakanavu", "speaker": "孔岳中, Pani Kanpanena, male, 1951", "collected": "00:10:14", "revised": "2017-7-24", "video": "kkvNr-story_pani.mp3"}, "s_a_span": [495.21, 515.62], "file": "Kanakanavu_Kanakanavu/kkvNr-story_pani", "num": 138}], [139, {"ori": [], "gloss": [["...", "", ""], ["imo", "so", "所以"], ["aranai", "from", "從"], ["meesua,", "that.time", "那時"], ["’una", "EXIST", "存在"], ["cani=mita", "song=1PL.GEN", "歌=1PL.屬格"], ["po-isua", "say-that", "講-那個"], ["urune", "Himalayan.Black.Bulbul", "紅嘴黑鵯"], ["isua.", "that", "那個"]], "free": ["#e So from then on, we have a song singing about that Himalayan.Black.Bulbul.", "#c 所以從那時候起，我們有一首關於紅嘴黑鵯的歌。"], "s_end": true, "iu_a_span": [515.62, 524.7], "meta": {"topic": "Story", "type": "Narrative", "language": "卡那卡那富語, Kanakanavu, Kanakanavu", "speaker": "孔岳中, Pani Kanpanena, male, 1951", "collected": "00:10:14", "revised": "2017-7-24", "video": "kkvNr-story_pani.mp3"}, "s_a_span": [500.03, 524.7], "file": "Kanakanavu_Kanakanavu/kkvNr-story_pani", "num": 139}], [140, {"ori": [], "gloss": [["...(0.8)", "", ""], ["makasua=cu", "do.like.that=COS", "這樣做=COS"], ["mon", "FS", "FS"], ["na", "FS", "FS"], ["mon", "stay.AF", "待"], ["Kanakanavu", "PN", "PN"], ["na", "LOC", "處格"], ["Namasia", "PN", "PN"], ["isi.\\", "this", "這個"]], "free": ["#e Therefore, Kanakanavu resided there.", "#c 那般之後，卡那卡那富族人就住在那瑪夏這裡。"], "s_end": true, "iu_a_span": [524.7, 529.58], "meta": {"topic": "Story", "type": "Narrative", "language": "卡那卡那富語, Kanakanavu, Kanakanavu", "speaker": "孔岳中, Pani Kanpanena, male, 1951", "collected": "00:10:14", "revised": "2017-7-24", "video": "kkvNr-story_pani.mp3"}, "s_a_span": [505.44, 529.58], "file": "Kanakanavu_Kanakanavu/kkvNr-story_pani", "num": 140}], [141, {"ori": [], "gloss": [["...(1.3)", "", ""], ["iovutu=cu", "come=COS", "來=COS"], ["pakisia,", "Hoklo", "閩南人"], ["iovutu=cu", "come=COS", "來=COS"], ["’oria,", "Pingpu.tribe", "平埔族"], ["iovutu=cu", "come=COS", "來=COS"], ["ripun,", "Japanese", "日本"], ["ari-varivari-vari", "<RED>move", "<重疊>移動"], ["kan", "KAN", "KAN"], ["to’onaa=mita.\\", "place=1PL.GEN", "地方=1PL.屬格"]], "free": ["#e Hoklo came first, Pingpu people came next, and then Japanese came. It is said that we kept moving our place.", "#c 閩南人進來 平埔族也來了 日本人來了。據說我們所住的地方一直在移動著。", "#n iavatu ‘來’，ivata ‘請來’，vata ‘來來來(呼喚)’ ，n-ivatu ‘來過了’，ivata-an ‘來看看’，’apivatu ‘使來’；[root: ivatu]。"], "s_end": true, "iu_a_span": [529.58, 539.31], "meta": {"topic": "Story", "type": "Narrative", "language": "卡那卡那富語, Kanakanavu, Kanakanavu", "speaker": "孔岳中, Pani Kanpanena, male, 1951", "collected": "00:10:14", "revised": "2017-7-24", "video": "kkvNr-story_pani.mp3"}, "s_a_span": [515.62, 539.31], "file": "Kanakanavu_Kanakanavu/kkvNr-story_pani", "num": 141}], [142, {"ori": [], "gloss": [["..", "", ""], ["nakai", "but", "但是"], ["aranai", "from", "從"], ["meesua,", "that.time", "那時"], ["koo=cu", "NEG=COS", "否定=COS"], ["arivari", "FS", "FS"], ["marivari", "FS", "FS"], ["arivari", "move", "搬"], ["na", "LOC", "處格"], ["cucumeni", "other", "其他"], ["to’ona", "place", "地方"], ["kanakanavu.\\", "PN", "PN"]], "free": ["#e Since then, we did not move to any other places.", "#c 但是從那時候，我們就沒有再遷移到別的地方了。", "#n 正確說法arivari 遷移"], "s_end": true, "iu_a_span": [539.31, 549.49], "meta": {"topic": "Story", "type": "Narrative", "language": "卡那卡那富語, Kanakanavu, Kanakanavu", "speaker": "孔岳中, Pani Kanpanena, male, 1951", "collected": "00:10:14", "revised": "2017-7-24", "video": "kkvNr-story_pani.mp3"}, "s_a_span": [524.7, 549.49], "file": "Kanakanavu_Kanakanavu/kkvNr-story_pani", "num": 142}], [143, {"ori": [], "gloss": [["...", "", ""], ["sua", "NOM", "主格"], ["kanakanavu", "PN", "PN"], ["mon=cu", "stay.AF=COS", "待.主焦=COS"], ["na", "LOC", "處格"], ["Namasia", "PN", "PN"], ["isi.\\", "this", "這個"]], "free": ["#e Kanakanavu stay at Namasia.", "#c 卡那卡那富族人就一直待在那瑪夏這個地方。"], "s_end": true, "iu_a_span": [549.49, 555.61], "meta": {"topic": "Story", "type": "Narrative", "language": "卡那卡那富語, Kanakanavu, Kanakanavu", "speaker": "孔岳中, Pani Kanpanena, male, 1951", "collected": "00:10:14", "revised": "2017-7-24", "video": "kkvNr-story_pani.mp3"}, "s_a_span": [529.58, 555.61], "file": "Kanakanavu_Kanakanavu/kkvNr-story_pani", "num": 143}], [144, {"ori": [], "gloss": [["...(0.7)", "", ""], ["nakai", "but", "但是"], ["miana,", "past", "以前"], ["’una", "EXIST", "存在"], ["cau", "people", "人"], ["cucumen", "other", "其他"], ["noo", "if", "如果"], ["makari", "talk.AF", "說話.主焦"], ["kitana", "1PL.OBL", "1PL.?"], ["kanakanavu", "PN", "PN"], ["ia,", "TOP", "主題"], ["makasi", "say.AF", "說.主焦"], ["sua", "NOM", "主格"], ["ikita", "1PL.NOM", "1PL.主格"], ["kan", "KAN", "KAN"], ["ia,", "TOP", "主題"], ["kisa-a", "call-REL", "稱-關係詞"], ["Sumukun,", "PN", "布農"], ["taivuran", "PN", "PN"], ["misee.\\", "say", "說"]], "free": ["#e However, in the past, there are some other people called us, as what Bunun called, Taivuran, when they were talking to us.", "#c 但是，以前有其他人在跟我們卡族人談話時, 叫我們卡族Taivuran，布農族也那樣稱呼我們。"], "s_end": true, "iu_a_span": [555.61, 576.3], "meta": {"topic": "Story", "type": "Narrative", "language": "卡那卡那富語, Kanakanavu, Kanakanavu", "speaker": "孔岳中, Pani Kanpanena, male, 1951", "collected": "00:10:14", "revised": "2017-7-24", "video": "kkvNr-story_pani.mp3"}, "s_a_span": [539.31, 576.3], "file": "Kanakanavu_Kanakanavu/kkvNr-story_pani", "num": 144}], [145, {"ori": [], "gloss": [["...(0.9)", "", ""], ["nakai", "but", "但是"], ["ka’an=kita", "NEG", "否定"], ["manman", "1PL.NOM", "1PL.主格"], ["nganai", "like.AF", "喜歡.主焦"], ["taivuran", "name", "名字"], ["isi.\\", "PN", "PN"]], "free": ["#e But we do not like taivuran, this name.", "#c 但是我們並不喜歡taivuran這個名字"], "s_end": true, "iu_a_span": [576.3, 580.82], "meta": {"topic": "Story", "type": "Narrative", "language": "卡那卡那富語, Kanakanavu, Kanakanavu", "speaker": "孔岳中, Pani Kanpanena, male, 1951", "collected": "00:10:14", "revised": "2017-7-24", "video": "kkvNr-story_pani.mp3"}, "s_a_span": [549.49, 580.82], "file": "Kanakanavu_Kanakanavu/kkvNr-story_pani", "num": 145}], [146, {"ori": [], "gloss": [["...(0.6)", "", ""], ["makai", "FS", "FS"], ["aranai", "from", "從"], ["miana", "past", "以前"], ["masiraru", "originally=1PL.NOM", "原來=1PL.主格"], ["kita", "if", "如果"], ["noo", "T<AF>A-tell", "T<主焦>A-告訴"], ["tumatuturu", "people", "人"], ["cau", "TOP", "主題"], ["ia,_", "", ""]], "free": [], "s_end": false, "iu_a_span": [580.82, 587.14], "meta": {"topic": "Story", "type": "Narrative", "language": "卡那卡那富語, Kanakanavu, Kanakanavu", "speaker": "孔岳中, Pani Kanpanena, male, 1951", "collected": "00:10:14", "revised": "2017-7-24", "video": "kkvNr-story_pani.mp3"}, "file": "Kanakanavu_Kanakanavu/kkvNr-story_pani", "num": 146}], [147, {"ori": [], "gloss": [["..", "", ""], ["sua", "NOM", "主格"], ["nganai=mita", "name=1PL.GEN", "名字=1PL.屬格"], ["ia,", "TOP", "主題"], ["kanakanavu", "PN", "PN"], ["misee.\\", "say", "說"]], "free": ["#e Since a long time ago, when we were talking to other people, we always called ourselves Kanakanavu.", "#c 從以前開始，我們在告訴別人時，我們都自稱為卡那卡那富族。"], "s_end": true, "iu_a_span": [587.14, 590.17], "meta": {"topic": "Story", "type": "Narrative", "language": "卡那卡那富語, Kanakanavu, Kanakanavu", "speaker": "孔岳中, Pani Kanpanena, male, 1951", "collected": "00:10:14", "revised": "2017-7-24", "video": "kkvNr-story_pani.mp3"}, "s_a_span": [555.61, 590.17], "file": "Kanakanavu_Kanakanavu/kkvNr-story_pani", "num": 147}], [148, {"ori": [], "gloss": [["...", "", ""], ["makasua=cu", "do.like.that=COS", "那樣做=COS"], ["ni-mon", "FS", "FS"], ["manasU", "maybe", "或許"], ["ni-mon=cu=kita", "PFV-stay=COS", "完成-待=COS=1PL.主格"], ["na", "1PL.NOM", "處格"], ["namasia", "LOC", "PN"], ["isi", "PN", "這個"], ["upeen", "this", "多少"], ["kusai?/", "how.many", "究竟"]], "free": ["#e Then, how long have we Kanakanavu lived here?", "#c 那樣，我們卡那卡那富族待在那瑪夏這裡究竟有多久了？"], "s_end": true, "iu_a_span": [590.17, 598.48], "meta": {"topic": "Story", "type": "Narrative", "language": "卡那卡那富語, Kanakanavu, Kanakanavu", "speaker": "孔岳中, Pani Kanpanena, male, 1951", "collected": "00:10:14", "revised": "2017-7-24", "video": "kkvNr-story_pani.mp3"}, "s_a_span": [580.82, 598.48], "file": "Kanakanavu_Kanakanavu/kkvNr-story_pani", "num": 148}], [149, {"ori": [], "gloss": [["...", "", ""], ["manasʉ", "maybe", "大概"], ["’una", "EXIST", "存在"], ["u-sʉpatʉ", "CN-four", "量詞-四"], ["nʉmʉ", "hundred", "百"], ["nokai", "or", "或者"], ["’una", "EXIST", "存在"], ["u-rima", "CN-five", "量詞-五"], ["nʉmʉ", "hundred", "百"], ["ni-mon=kita", "PFV-stay=1PL.NOM", "完成-待=1PL.主格"], ["na", "LOC", "處格"], ["namasia", "PN", "PN"], ["isi", "this", "這個"], ["c<um>a-cʉvʉrʉ.\\", "C<AF>A-grow", "C<主焦>A-生長"]], "free": ["#e Perhaps We have lived in Namasia and grew up there for four hundred or five hundred years.", "#c 我們待在那瑪夏這裡生長大概有四百或五百年了。", "#n nʉmʉ 口誤 應為mʉna", "#n 應該要在數字詞後加入cenana 年"], "s_end": true, "iu_a_span": [598.48, 608.37], "meta": {"topic": "Story", "type": "Narrative", "language": "卡那卡那富語, Kanakanavu, Kanakanavu", "speaker": "孔岳中, Pani Kanpanena, male, 1951", "collected": "00:10:14", "revised": "2017-7-24", "video": "kkvNr-story_pani.mp3"}, "s_a_span": [587.14, 608.37], "file": "Kanakanavu_Kanakanavu/kkvNr-story_pani", "num": 149}], [150, {"ori": [], "gloss": [["...", "", ""], ["makasia", "such", "如此"], ["sua", "FS", "FS"], ["sua", "NOM", "主格"], ["tia", "IRR", "非實現"], ["tuturu-a=maku", "tell-REL=1SG.GEN", "告訴-關係詞=1SG.屬格"], ["sosomanpe.\\", "thank", "謝謝"]], "free": ["#e This is all I want to tell you. Thank you.", "#c 我所要講的就是這樣。謝謝。"], "s_end": true, "iu_a_span": [608.37, 613.35], "meta": {"topic": "Story", "type": "Narrative", "language": "卡那卡那富語, Kanakanavu, Kanakanavu", "speaker": "孔岳中, Pani Kanpanena, male, 1951", "collected": "00:10:14", "revised": "2017-7-24", "video": "kkvNr-story_pani.mp3"}, "s_a_span": [590.17, 613.35], "file": "Kanakanavu_Kanakanavu/kkvNr-story_pani", "num": 150}]], "meta": {"topic": "Story", "type": "Narrative", "language": "卡那卡那富語, Kanakanavu, Kanakanavu", "speaker": "孔岳中, Pani Kanpanena, male, 1951", "collected": "00:10:14", "revised": "2017-7-24", "video": "kkvNr-story_pani.mp3"}}