{"glosses": [[1, {"ori": [], "gloss": [["ʉsʉ'ʉ-ʉn=maku", "放-受焦=1SG.屬格", "put-PV=1SG.GEN"], ["na", "地方", "LOC"], ["takuacapa", "桌", "table"], ["paici", "酒", "wine"], ["cuma", "父親", "father"], ["(tia", "未來", "FUT"], ["iima-a/imʉ-ʉn", "喝-關係詞/喝-受焦", "drink-REL/drink-PV"], ["cuma)", "父親", "father"]], "free": ["#c 我把爸爸的酒放在飯桌上(爸爸要喝)", "#e I put Father's wine on the table (for Father to drink)."], "s_end": true, "iu_a_span": [null, null], "meta": {"type": "Sentence", "language": "卡那卡那富語, Kanakanavu, Kanakanavu", "speaker": "None", "collected": "None", "Transcribed by": "劉星辰"}, "file": "Kanakanavu_Kanakanavu/2", "num": 1}], [2, {"ori": [], "gloss": [["masiin", "現在", "now"], ["sua", "主格", "NOM"], ["umi", "梅子", "plum"], ["ia", "主題", "TOP"], ["acecu", "已經", "already"], ["ni-pu'a-a", "受焦.過去-買-關係詞", "PV.PFV-buy-REL"]], "free": ["#c 現在梅子已經賣掉了。", "#e Now the plums have already been sold out."], "s_end": true, "iu_a_span": [null, null], "meta": {"type": "Sentence", "language": "卡那卡那富語, Kanakanavu, Kanakanavu", "speaker": "None", "collected": "None", "Transcribed by": "劉星辰"}, "file": "Kanakanavu_Kanakanavu/2", "num": 2}], [3, {"ori": [], "gloss": [["avʉ-ʉn", "揹-受焦", "carry.on.shoulder-PV"], ["manu", "小孩", "child"], ["c<um>a-cancu.", "Ca重疊<主焦>插秧", "Ca<AV>seedling"]], "free": ["#c (我)背著小孩插秧。", "#e (I) transplanted seedlings,child being carried on the back.’"], "s_end": true, "iu_a_span": [null, null], "meta": {"type": "Sentence", "language": "卡那卡那富語, Kanakanavu, Kanakanavu", "speaker": "None", "collected": "None", "Transcribed by": "劉星辰"}, "file": "Kanakanavu_Kanakanavu/2", "num": 3}], [4, {"ori": [], "gloss": [["te=ci=kia", "非實現=狀態改變=1SG.主格", "IRR=COS=1SG.NOM"], ["pocu'u", "整理", "clean.out"], ["kanavunavu", "麻竹", "Ma.bamboo"]], "free": ["#c 我要整理麻竹了。", "#e I’m going to clean the Ma Bamboo."], "s_end": true, "iu_a_span": [null, null], "meta": {"type": "Sentence", "language": "卡那卡那富語, Kanakanavu, Kanakanavu", "speaker": "None", "collected": "None", "Transcribed by": "劉星辰"}, "file": "Kanakanavu_Kanakanavu/2", "num": 4}], [5, {"ori": [], "gloss": [["nuu", "如果", "if"], ["c<ʉm>ʉre=en", "<主焦>看=如果", "<AV>see=if"], ["sua", "主格", "NOM"], ["ramaang", "蹤跡", "trace"], ["vavuru", "山豬", "boar"], ["ia,", "主題", "TOP"], ["kamanʉʉng-ʉn=kee", "做-受焦=3SG.屬格", "do-PV=3SG.GEN"], ["sua", "主格", "NOM"], ["ringee", "陷阱", "trap"], ["vavuru", "山豬", "boar"]], "free": ["#c 如果看到山豬的足跡，就做山豬的陷阱。", "#e If the boar’s trace is seen, he will make the trap for boars."], "s_end": true, "iu_a_span": [null, null], "meta": {"type": "Sentence", "language": "卡那卡那富語, Kanakanavu, Kanakanavu", "speaker": "None", "collected": "None", "Transcribed by": "劉星辰"}, "file": "Kanakanavu_Kanakanavu/2", "num": 5}], [6, {"ori": [], "gloss": [["nuu", "如果", "if"], ["ni-mu-ri^ngee=ci", "過去-主焦-陷阱=狀態改變", "PFV-AV-trap=COS"], ["ia,", "主題", "TOP"], ["m-uaca=cu", "主焦-走=狀態改變", "AV-walk=COS"], ["m-osa", "主焦-去", "AV-go"], ["tu-tunuvu", "重疊-獵寮", "RED-hunting.shed"], ["taru'an=ni", "寮=3PL.所有格", "shed=3PL.POSS"]], "free": ["#c 如果他們已經設好陷阱了，他們就會走到他們的獵寮。", "#e If (they) have already set up the trap, they would rush to their hunting shed."], "s_end": true, "iu_a_span": [null, null], "meta": {"type": "Sentence", "language": "卡那卡那富語, Kanakanavu, Kanakanavu", "speaker": "None", "collected": "None", "Transcribed by": "劉星辰"}, "file": "Kanakanavu_Kanakanavu/2", "num": 6}], [7, {"ori": [], "gloss": [["tia", "非實現", "IRR"], ["ma-tapari'i", "主焦-掉", "AV-fall"], ["manu", "小孩", "child"], ["sii", "因為", "because"], ["avu-un,", "揹-受焦", "carry-PV"], ["avu-un", "揹-受焦", "carry-PV"], ["na", "地方", "LOC"], ["kukuca", "背", "back"]], "free": ["#c 小孩會掉下來，因為是揹在背上。", "#e The child would fall down because it’s carried on the back."], "s_end": true, "iu_a_span": [null, null], "meta": {"type": "Sentence", "language": "卡那卡那富語, Kanakanavu, Kanakanavu", "speaker": "None", "collected": "None", "Transcribed by": "劉星辰"}, "file": "Kanakanavu_Kanakanavu/2", "num": 7}], [8, {"ori": [], "gloss": [["nuura", "明天", "tomorroa"], ["ia,", "主題", "TOP"], ["m-uaca=cu", "主焦-走=狀態改變", "AV-walk=COS"], ["r<um>ingee", "<主焦>設陷阱", "<AV>set.up.traps"]], "free": ["#c 明天(獵人們)會去設陷阱。", "#e Tomorrow, (the hunters) will go and set up traps."], "s_end": true, "iu_a_span": [null, null], "meta": {"type": "Sentence", "language": "卡那卡那富語, Kanakanavu, Kanakanavu", "speaker": "None", "collected": "None", "Transcribed by": "劉星辰"}, "file": "Kanakanavu_Kanakanavu/2", "num": 8}], [9, {"ori": [], "gloss": [["iiku", "1SG.主格", "1SG.NOM"], ["ia,", "主題", "TOP"], ["cuma", "父親", "father"], ["Mu'u", "專有名詞", "PN"]], "free": ["#c 我是Mu'u叔叔。", "#e I am Uncle Mu’u."], "s_end": true, "iu_a_span": [null, null], "meta": {"type": "Sentence", "language": "卡那卡那富語, Kanakanavu, Kanakanavu", "speaker": "None", "collected": "None", "Transcribed by": "劉星辰"}, "file": "Kanakanavu_Kanakanavu/2", "num": 9}], [10, {"ori": [], "gloss": [["te=ku", "非實現=1SG.主格", "IRR=1SG.NOM"], ["po-isua", "說-那", "say-that"], ["aracakan", "打獵", "hunting"]], "free": ["#c 我要說打獵的事。", "#e I am going to talk about hunting."], "s_end": true, "iu_a_span": [null, null], "meta": {"type": "Sentence", "language": "卡那卡那富語, Kanakanavu, Kanakanavu", "speaker": "None", "collected": "None", "Transcribed by": "劉星辰"}, "file": "Kanakanavu_Kanakanavu/2", "num": 10}], [11, {"ori": [], "gloss": [["sii", "因為", "because"], ["ni-aru=cu", "過去.受焦-拿=狀態改變", "PFV.PV-take=COS"], ["cau", "人", "person"], ["kangvang", "全部", "all"], ["ma-maan=maku", "重疊-小孩=1SG.屬格", "RED-child=1SG.GEN"]], "free": ["#c 因為我所有的小孩都被娶走了。", "#e Because all my children were married."], "s_end": true, "iu_a_span": [null, null], "meta": {"type": "Sentence", "language": "卡那卡那富語, Kanakanavu, Kanakanavu", "speaker": "None", "collected": "None", "Transcribed by": "劉星辰"}, "file": "Kanakanavu_Kanakanavu/2", "num": 11}], [12, {"ori": [], "gloss": [["iimo", "所以", "so"], ["makahi", "說", "tell"], ["iikua", "1SG.斜格", "1SG.OBL"], ["po-’isua=pa", "說-那=助詞", "say-that=PTC"], ["vina’ʉ", "小米", "millet"]], "free": ["#c 所以(她)叫我再說一遍小米的事。", "#e So (she) told me to talk about the millet again."], "s_end": true, "iu_a_span": [null, null], "meta": {"type": "Sentence", "language": "卡那卡那富語, Kanakanavu, Kanakanavu", "speaker": "None", "collected": "None", "Transcribed by": "劉星辰"}, "file": "Kanakanavu_Kanakanavu/2", "num": 12}], [13, {"ori": [], "gloss": [["m-umuku", "主焦-長大", "AV-grow"], ["ma-marang", "重疊-老", "RED-old"], ["miana", "以前", "in.the.past"], ["tanuku", "芋頭", "taro"], ["(mataa)", "和", "and"], ["tammi", "地瓜", "sweet.potato"]], "free": ["#c (我們的)長輩們以前種芋頭和地瓜。", "#e (Our) parents used to grow taro and sweet potatoes."], "s_end": true, "iu_a_span": [null, null], "meta": {"type": "Sentence", "language": "卡那卡那富語, Kanakanavu, Kanakanavu", "speaker": "None", "collected": "None", "Transcribed by": "劉星辰"}, "file": "Kanakanavu_Kanakanavu/2", "num": 13}], [14, {"ori": [], "gloss": [["na-cina=maku", "過去-母親=1SG.屬格", "PST-mother=1SG.GEN"], ["marang", "老", "old"]], "free": ["#c 我逝世的母親年紀很大。", "#e My late mother was old."], "s_end": true, "iu_a_span": [null, null], "meta": {"type": "Sentence", "language": "卡那卡那富語, Kanakanavu, Kanakanavu", "speaker": "None", "collected": "None", "Transcribed by": "劉星辰"}, "file": "Kanakanavu_Kanakanavu/2", "num": 14}], [15, {"ori": [], "gloss": [["kamanʉʉng=kia", "主焦-做=1SG.主格", "AV.do=1SG.NOM"], ["tingingai", "小", "small"], ["kumarai", "田", "field"]], "free": ["#c 我耕作(在)小田地。", "#e I did (it) on a small field."], "s_end": true, "iu_a_span": [null, null], "meta": {"type": "Sentence", "language": "卡那卡那富語, Kanakanavu, Kanakanavu", "speaker": "None", "collected": "None", "Transcribed by": "劉星辰"}, "file": "Kanakanavu_Kanakanavu/2", "num": 15}], [16, {"ori": [], "gloss": [["m-oraan", "主焦-幫助", "AV-help"], ["Pani", "專有名詞", "PN"], ["cina", "母親", "mother"], ["m-aara", "主焦-拿", "AV-take"], ["tikuru", "衣服", "clothes"]], "free": ["#c Pani幫媽媽拿衣服。", "#e Pani helps mother take clothes."], "s_end": true, "iu_a_span": [null, null], "meta": {"type": "Sentence", "language": "卡那卡那富語, Kanakanavu, Kanakanavu", "speaker": "None", "collected": "None", "Transcribed by": "劉星辰"}, "file": "Kanakanavu_Kanakanavu/2", "num": 16}]], "meta": {"type": "Sentence", "language": "卡那卡那富語, Kanakanavu, Kanakanavu", "speaker": "None", "collected": "None", "Transcribed by": "劉星辰"}}