{"glosses": [[1, {"ori": ["ka’aan=ku", "m-a’icʉpʉ"], "gloss": [], "free": ["#c 我不怕。", "#e I’m not afraid."], "s_end": true, "iu_a_span": [null, null], "meta": {"type": "Sentence", "language": "卡那卡那富語, Kanakanavu, Kanakanavu", "speaker": "None", "collected": "None", "Transcribed by": "鄧安婷"}, "file": "Kanakanavu_Kanakanavu/5", "num": 1}], [2, {"ori": ["ta-m-a’icʉpʉ", "nguain"], "gloss": [], "free": ["#c 他很膽小。", "#e He is timid."], "s_end": true, "iu_a_span": [null, null], "meta": {"type": "Sentence", "language": "卡那卡那富語, Kanakanavu, Kanakanavu", "speaker": "None", "collected": "None", "Transcribed by": "鄧安婷"}, "file": "Kanakanavu_Kanakanavu/5", "num": 2}], [3, {"ori": ["ka-’icʉpʉ-ʉn"], "gloss": [], "free": ["#c 很可怕。", "#e It's terrifying."], "s_end": true, "iu_a_span": [null, null], "meta": {"type": "Sentence", "language": "卡那卡那富語, Kanakanavu, Kanakanavu", "speaker": "None", "collected": "None", "Transcribed by": "鄧安婷"}, "file": "Kanakanavu_Kanakanavu/5", "num": 3}], [4, {"ori": ["kan=nguain", "sua", "ma’icʉpʉ."], "gloss": [], "free": ["#c 他該是膽小.", "#e It is heard that he is timid."], "s_end": true, "iu_a_span": [null, null], "meta": {"type": "Sentence", "language": "卡那卡那富語, Kanakanavu, Kanakanavu", "speaker": "None", "collected": "None", "Transcribed by": "鄧安婷"}, "file": "Kanakanavu_Kanakanavu/5", "num": 4}], [5, {"ori": ["ni-ara-kicacʉ=ku", "ta-m-aicʉpʉ=kasu"], "gloss": [], "free": ["#c 我很驚訝你很膽小。", "#e I was surprised that you are cowardly."], "s_end": true, "iu_a_span": [null, null], "meta": {"type": "Sentence", "language": "卡那卡那富語, Kanakanavu, Kanakanavu", "speaker": "None", "collected": "None", "Transcribed by": "鄧安婷"}, "file": "Kanakanavu_Kanakanavu/5", "num": 5}], [6, {"ori": ["ni-ara-kicacʉ=kia", "ta-m-a'icʉpʉ=kasu."], "gloss": [], "free": ["#c 我很驚訝你很膽小。", "#e I was surprised that you are cowardly."], "s_end": true, "iu_a_span": [null, null], "meta": {"type": "Sentence", "language": "卡那卡那富語, Kanakanavu, Kanakanavu", "speaker": "None", "collected": "None", "Transcribed by": "鄧安婷"}, "file": "Kanakanavu_Kanakanavu/5", "num": 6}], [7, {"ori": ["ta-pa-savuan-a", "kacaua", "iseen."], "gloss": [], "free": ["#c 醫院裡有很多醫生。", "#e Many doctors are in the hospital."], "s_end": true, "iu_a_span": [null, null], "meta": {"type": "Sentence", "language": "卡那卡那富語, Kanakanavu, Kanakanavu", "speaker": "None", "collected": "None", "Transcribed by": "鄧安婷"}, "file": "Kanakanavu_Kanakanavu/5", "num": 7}], [8, {"ori": ["te=ku", "m-ookusa", "’inia", "’apa-cʉ’ʉra", "iseen."], "gloss": [], "free": ["#c 我要到那裡給醫生看。", "#e I will go there to have the doctor see me."], "s_end": true, "iu_a_span": [null, null], "meta": {"type": "Sentence", "language": "卡那卡那富語, Kanakanavu, Kanakanavu", "speaker": "None", "collected": "None", "Transcribed by": "鄧安婷"}, "file": "Kanakanavu_Kanakanavu/5", "num": 8}], [9, {"ori": ["aaka", "cʉpʉngʉ=maku", "musukʉmʉ=cu=kasu"], "gloss": [], "free": ["#c 我很難過你生病了。", "#e I am sad that you are sick."], "s_end": true, "iu_a_span": [null, null], "meta": {"type": "Sentence", "language": "卡那卡那富語, Kanakanavu, Kanakanavu", "speaker": "None", "collected": "None", "Transcribed by": "鄧安婷"}, "file": "Kanakanavu_Kanakanavu/5", "num": 9}], [10, {"ori": ["ni-masukomʉ=ku."], "gloss": [], "free": ["#c 我生過病了", "#e I had been sick."], "s_end": true, "iu_a_span": [null, null], "meta": {"type": "Sentence", "language": "卡那卡那富語, Kanakanavu, Kanakanavu", "speaker": "None", "collected": "None", "Transcribed by": "鄧安婷"}, "file": "Kanakanavu_Kanakanavu/5", "num": 10}], [11, {"ori": ["'akuni", "natutu.", "te=kasu", "musu-vakʉrʉ"], "gloss": [], "free": ["#c 不要調皮，你會受傷。", "#e Do not be naughty, or you will get hurt."], "s_end": true, "iu_a_span": [null, null], "meta": {"type": "Sentence", "language": "卡那卡那富語, Kanakanavu, Kanakanavu", "speaker": "None", "collected": "None", "Transcribed by": "鄧安婷"}, "file": "Kanakanavu_Kanakanavu/5", "num": 11}], [12, {"ori": ["c<in>apa=cu=maku", "’aramʉ", "vavuru"], "gloss": [], "free": ["#c 山豬肉我已經烤了。", "#e I have roasted the wild boar meat."], "s_end": true, "iu_a_span": [null, null], "meta": {"type": "Sentence", "language": "卡那卡那富語, Kanakanavu, Kanakanavu", "speaker": "None", "collected": "None", "Transcribed by": "鄧安婷"}, "file": "Kanakanavu_Kanakanavu/5", "num": 12}], [13, {"ori": ["'aramʉ", "vavuru", "(sua)", "c<in>ap-a=maku"], "gloss": [], "free": ["#c 我烤的是山豬肉。", "#e what I roasted is the wild boar meat."], "s_end": true, "iu_a_span": [null, null], "meta": {"type": "Sentence", "language": "卡那卡那富語, Kanakanavu, Kanakanavu", "speaker": "None", "collected": "None", "Transcribed by": "鄧安婷"}, "file": "Kanakanavu_Kanakanavu/5", "num": 13}], [14, {"ori": ["te=ku", "c<um>acapa", "'aramʉ."], "gloss": [], "free": ["#c 我要來烤山豬肉.", "#e Let me roast the wild boar meat."], "s_end": true, "iu_a_span": [null, null], "meta": {"type": "Sentence", "language": "卡那卡那富語, Kanakanavu, Kanakanavu", "speaker": "None", "collected": "None", "Transcribed by": "鄧安婷"}, "file": "Kanakanavu_Kanakanavu/5", "num": 14}], [15, {"ori": ["iiku", "sua", "c<in>ap-a", "'aramʉ", "vavuru."], "gloss": [], "free": ["#c 山豬肉是我烤的。", "#e The one who roasted the wild boar meat is me."], "s_end": true, "iu_a_span": [null, null], "meta": {"type": "Sentence", "language": "卡那卡那富語, Kanakanavu, Kanakanavu", "speaker": "None", "collected": "None", "Transcribed by": "鄧安婷"}, "file": "Kanakanavu_Kanakanavu/5", "num": 15}], [16, {"ori": ["ni-k<um>a-kʉnʉ", "nguani", "c<in>ap-a=maku", "'aramʉ", "vavuru."], "gloss": [], "free": ["#c 他們吃過我所烤的山豬肉。", "#e They ate the wild boar meat I roasted."], "s_end": true, "iu_a_span": [null, null], "meta": {"type": "Sentence", "language": "卡那卡那富語, Kanakanavu, Kanakanavu", "speaker": "None", "collected": "None", "Transcribed by": "鄧安婷"}, "file": "Kanakanavu_Kanakanavu/5", "num": 16}], [17, {"ori": ["’esi", "kʉnʉ-ʉn=kee", "sua", "'aramʉ", "vavuru", "ia,", "c<in>ap-a=maku."], "gloss": [], "free": ["#c 他在吃的山豬肉是我烤的。", "#e The wild boar meat he is eating is what I roasted."], "s_end": true, "iu_a_span": [null, null], "meta": {"type": "Sentence", "language": "卡那卡那富語, Kanakanavu, Kanakanavu", "speaker": "None", "collected": "None", "Transcribed by": "鄧安婷"}, "file": "Kanakanavu_Kanakanavu/5", "num": 17}], [18, {"ori": ["m-acici", "namanamarʉ."], "gloss": [], "free": ["#c 城市很熱。", "#e Relative to the countryside, it is hot in the city."], "s_end": true, "iu_a_span": [null, null], "meta": {"type": "Sentence", "language": "卡那卡那富語, Kanakanavu, Kanakanavu", "speaker": "None", "collected": "None", "Transcribed by": "鄧安婷"}, "file": "Kanakanavu_Kanakanavu/5", "num": 18}], [19, {"ori": ["isi", "sua", "ni-paracani-a=maku", "cani."], "gloss": [], "free": ["#c 我唱的歌是這首。", "#e What I sang is this song."], "s_end": true, "iu_a_span": [null, null], "meta": {"type": "Sentence", "language": "卡那卡那富語, Kanakanavu, Kanakanavu", "speaker": "None", "collected": "None", "Transcribed by": "鄧安婷"}, "file": "Kanakanavu_Kanakanavu/5", "num": 19}], [20, {"ori": ["iisua", "sua", "ni-’utori-a=maku", "’utori."], "gloss": [], "free": ["#c 那個是我跳過的舞。", "#e That is what I danced."], "s_end": true, "iu_a_span": [null, null], "meta": {"type": "Sentence", "language": "卡那卡那富語, Kanakanavu, Kanakanavu", "speaker": "None", "collected": "None", "Transcribed by": "鄧安婷"}, "file": "Kanakanavu_Kanakanavu/5", "num": 20}], [21, {"ori": ["sua", "tavara-’a-in", "kamanʉng-a", "ia", "imaamia", "iisia."], "gloss": [], "free": ["#c 他所知道的只有這些。", "#e What he knows is simply this."], "s_end": true, "iu_a_span": [null, null], "meta": {"type": "Sentence", "language": "卡那卡那富語, Kanakanavu, Kanakanavu", "speaker": "None", "collected": "None", "Transcribed by": "鄧安婷"}, "file": "Kanakanavu_Kanakanavu/5", "num": 21}], [22, {"ori": ["sua", "tanasa", "isi", "ia,", "cina."], "gloss": [], "free": ["#c 這房子是媽媽的。", "#e This house is the mother ‘s."], "s_end": true, "iu_a_span": [null, null], "meta": {"type": "Sentence", "language": "卡那卡那富語, Kanakanavu, Kanakanavu", "speaker": "None", "collected": "None", "Transcribed by": "鄧安婷"}, "file": "Kanakanavu_Kanakanavu/5", "num": 22}], [23, {"ori": ["cina", "tamna", "tanasa", "iisi"], "gloss": [], "free": ["#c 媽媽的房子是這個。", "#e This house is the mother's."], "s_end": true, "iu_a_span": [null, null], "meta": {"type": "Sentence", "language": "卡那卡那富語, Kanakanavu, Kanakanavu", "speaker": "None", "collected": "None", "Transcribed by": "鄧安婷"}, "file": "Kanakanavu_Kanakanavu/5", "num": 23}], [24, {"ori": ["cina", "sua", "ni-pu’-a", "tanasa", "isi."], "gloss": [], "free": ["#c 這房子是媽媽買的。", "#e The one who bough the house is the mother."], "s_end": true, "iu_a_span": [null, null], "meta": {"type": "Sentence", "language": "卡那卡那富語, Kanakanavu, Kanakanavu", "speaker": "None", "collected": "None", "Transcribed by": "鄧安婷"}, "file": "Kanakanavu_Kanakanavu/5", "num": 24}], [25, {"ori": ["sua", "pair-ʉ-ʉn=maku", "pinaarupu", "ia,", "makai", "vutuukuru", "isi."], "gloss": [], "free": ["#c 我經常釣的就像這種魚。", "#e What I often fish is like this kind of fish."], "s_end": true, "iu_a_span": [null, null], "meta": {"type": "Sentence", "language": "卡那卡那富語, Kanakanavu, Kanakanavu", "speaker": "None", "collected": "None", "Transcribed by": "鄧安婷"}, "file": "Kanakanavu_Kanakanavu/5", "num": 25}], [26, {"ori": ["ni-pinarupu=ku", "miʉra", "u-cani", "vutuukuru", "tatia."], "gloss": [], "free": ["#c 我昨天釣了一隻大魚。", "#e I fished a big fish yesterday."], "s_end": true, "iu_a_span": [null, null], "meta": {"type": "Sentence", "language": "卡那卡那富語, Kanakanavu, Kanakanavu", "speaker": "None", "collected": "None", "Transcribed by": "鄧安婷"}, "file": "Kanakanavu_Kanakanavu/5", "num": 26}], [27, {"ori": ["sua", "vutuukuru", "iisi", "ia,", "ni-pinarupu=maku"], "gloss": [], "free": ["#c 這些魚，是我用釣的。", "#e These fish are fished by me."], "s_end": true, "iu_a_span": [null, null], "meta": {"type": "Sentence", "language": "卡那卡那富語, Kanakanavu, Kanakanavu", "speaker": "None", "collected": "None", "Transcribed by": "鄧安婷"}, "file": "Kanakanavu_Kanakanavu/5", "num": 27}], [28, {"ori": ["sua", "vutuukuru", "iisi", "ia,", "ni-pinarup-a=maku."], "gloss": [], "free": ["#c", "#e These fish are what I fished."], "s_end": true, "iu_a_span": [null, null], "meta": {"type": "Sentence", "language": "卡那卡那富語, Kanakanavu, Kanakanavu", "speaker": "None", "collected": "None", "Transcribed by": "鄧安婷"}, "file": "Kanakanavu_Kanakanavu/5", "num": 28}], [29, {"ori": ["tavara’ʉ", "nguain", "m-ima", "pai'ici."], "gloss": [], "free": ["#c 他可以/能喝酒。", "#e He can drink."], "s_end": true, "iu_a_span": [null, null], "meta": {"type": "Sentence", "language": "卡那卡那富語, Kanakanavu, Kanakanavu", "speaker": "None", "collected": "None", "Transcribed by": "鄧安婷"}, "file": "Kanakanavu_Kanakanavu/5", "num": 29}], [30, {"ori": ["ka’aan", "Pani", "tavarʉ’ʉ", "te=kasu", "t<um>a-tangi."], "gloss": [], "free": ["#c Pani不知道你要哭。", "#e Pani didn't know that you would cry."], "s_end": true, "iu_a_span": [null, null], "meta": {"type": "Sentence", "language": "卡那卡那富語, Kanakanavu, Kanakanavu", "speaker": "None", "collected": "None", "Transcribed by": "鄧安婷"}, "file": "Kanakanavu_Kanakanavu/5", "num": 30}], [31, {"ori": ["ka’aan", "Pani", "tavarʉ’ʉ", "ni-tumanga=musu."], "gloss": [], "free": ["#c Pani 不知道你所哭的(原因)。", "#e Pani doesn't know the reason you cried."], "s_end": true, "iu_a_span": [null, null], "meta": {"type": "Sentence", "language": "卡那卡那富語, Kanakanavu, Kanakanavu", "speaker": "None", "collected": "None", "Transcribed by": "鄧安婷"}, "file": "Kanakanavu_Kanakanavu/5", "num": 31}], [32, {"ori": ["Manmaan", "Pani", "sua", "ni-arapana’-a", "cau"], "gloss": [], "free": ["#c Pani likes those places where people had run.", "#e Pani喜歡人們跑過的地方"], "s_end": true, "iu_a_span": [null, null], "meta": {"type": "Sentence", "language": "卡那卡那富語, Kanakanavu, Kanakanavu", "speaker": "None", "collected": "None", "Transcribed by": "鄧安婷"}, "file": "Kanakanavu_Kanakanavu/5", "num": 32}], [33, {"ori": ["manmaan", "Pani", "(sua)", "ni-arapana’-a=maku", "tarapana’a."], "gloss": [], "free": ["#c Pani喜歡我跑過的操場。", "#e Pani likes the playground that I ran in."], "s_end": true, "iu_a_span": [null, null], "meta": {"type": "Sentence", "language": "卡那卡那富語, Kanakanavu, Kanakanavu", "speaker": "None", "collected": "None", "Transcribed by": "鄧安婷"}, "file": "Kanakanavu_Kanakanavu/5", "num": 33}], [34, {"ori": ["noo", "’esi-in", "mari-vina’ʉ", "(ia),", "sua", "ka’aan", "m-ookusa", "’umoo’uma", "putukikio", "ia,", "tia", "ara-kuracʉ-ʉn."], "gloss": [], "free": ["#c 在收割小米的時候，沒有去田裡工作的，要被責罵。", "#e When cropping the millets,those who don’t go to the field to work will be scolded."], "s_end": true, "iu_a_span": [null, null], "meta": {"type": "Sentence", "language": "卡那卡那富語, Kanakanavu, Kanakanavu", "speaker": "None", "collected": "None", "Transcribed by": "鄧安婷"}, "file": "Kanakanavu_Kanakanavu/5", "num": 34}], [35, {"ori": ["ka’aan=ku", "po-tucucuru", "sua", "kari", "ta-kituturu-a,", "’akia", "reki", "sua", "k<um>a-kʉnʉ", "narangʉ", "noo", "’esi-in", "kia-tuturu."], "gloss": [], "free": ["#c 我不認為老師說上課吃便當是不禮貌的。", "#e I don’t think the teacher says eating meal box during class is impolite."], "s_end": true, "iu_a_span": [null, null], "meta": {"type": "Sentence", "language": "卡那卡那富語, Kanakanavu, Kanakanavu", "speaker": "None", "collected": "None", "Transcribed by": "鄧安婷"}, "file": "Kanakanavu_Kanakanavu/5", "num": 35}], [36, {"ori": ["te=ku", "pari-vaantuku,", "tia", "pu’a", "ni-pu’-a", "Pani", "miʉra", "tanasa."], "gloss": [], "free": ["#c 我要賺錢來買走Pani昨天買的房子。", "#e I will earn money to buy the house Pani bought yesterday."], "s_end": true, "iu_a_span": [null, null], "meta": {"type": "Sentence", "language": "卡那卡那富語, Kanakanavu, Kanakanavu", "speaker": "None", "collected": "None", "Transcribed by": "鄧安婷"}, "file": "Kanakanavu_Kanakanavu/5", "num": 36}], [37, {"ori": ["pa-<cʉpʉ>cʉpʉngʉ", "nguain,", "tia", "’apa-koo’ua", "kasua,", "tanasa", "Pani", "tamna", "tarukuka."], "gloss": [], "free": ["#c 他一直想，要你偷Pani家的雞", "#e He kept thinking to make you steal the chicken of Pani’s family."], "s_end": true, "iu_a_span": [null, null], "meta": {"type": "Sentence", "language": "卡那卡那富語, Kanakanavu, Kanakanavu", "speaker": "None", "collected": "None", "Transcribed by": "鄧安婷"}, "file": "Kanakanavu_Kanakanavu/5", "num": 37}], [38, {"ori": ["vurʉʉngana=cu", "t<um>a-tang", "manu", "p-ara-mia’ʉ", "tanasʉn", "cau", "kavangvang."], "gloss": [], "free": ["#c 小孩半夜哭吵醒全部落的人。", "#e The child cries at midnight and makes all the people in the tribe wake up."], "s_end": true, "iu_a_span": [null, null], "meta": {"type": "Sentence", "language": "卡那卡那富語, Kanakanavu, Kanakanavu", "speaker": "None", "collected": "None", "Transcribed by": "鄧安婷"}, "file": "Kanakanavu_Kanakanavu/5", "num": 38}], [39, {"ori": ["vanai", "musu-vakurʉ", "Pani", "sii,", "ni-arivura’ʉ", "Mu’u"], "gloss": [], "free": ["#c Pani受傷的原因是因為被Mu’u打.", "#e Pani gets hurt because Mu’u hit (him)."], "s_end": true, "iu_a_span": [null, null], "meta": {"type": "Sentence", "language": "卡那卡那富語, Kanakanavu, Kanakanavu", "speaker": "None", "collected": "None", "Transcribed by": "鄧安婷"}, "file": "Kanakanavu_Kanakanavu/5", "num": 39}], [40, {"ori": ["musu-vakurʉ", "Pani,", "vanai", "sii", "ni-arivura’ʉ", "Mu’u"], "gloss": [], "free": ["#c Pani受傷是因為被Mu’u打了", "#e Pani gets hurt because Mu’u hit (him)."], "s_end": true, "iu_a_span": [null, null], "meta": {"type": "Sentence", "language": "卡那卡那富語, Kanakanavu, Kanakanavu", "speaker": "None", "collected": "None", "Transcribed by": "鄧安婷"}, "file": "Kanakanavu_Kanakanavu/5", "num": 40}], [41, {"ori": ["vurʉʉngana", "nguain", "mo-cikiiringa", "p-ara-kicacʉ", "Pani."], "gloss": [], "free": ["#c 他深夜去邊邊角落(上廁所)的地方嚇到Pani", "#e At midnight, he goes to the toilet and shocks Pani."], "s_end": true, "iu_a_span": [null, null], "meta": {"type": "Sentence", "language": "卡那卡那富語, Kanakanavu, Kanakanavu", "speaker": "None", "collected": "None", "Transcribed by": "鄧安婷"}, "file": "Kanakanavu_Kanakanavu/5", "num": 41}], [42, {"ori": ["paira=kasu", "‘apu-rangrang", "mintasu", "kani", "mupana’u"], "gloss": [], "free": ["#c 據說你經常炫耀射擊很厲害。", "#e It is heard that you often show off that you shots well."], "s_end": true, "iu_a_span": [null, null], "meta": {"type": "Sentence", "language": "卡那卡那富語, Kanakanavu, Kanakanavu", "speaker": "None", "collected": "None", "Transcribed by": "鄧安婷"}, "file": "Kanakanavu_Kanakanavu/5", "num": 42}], [43, {"ori": ["tanganua", "sua", "ka’aan=maku", "rooimi-in", "tanasʉn."], "gloss": [], "free": ["#c 達卡努瓦是我忘不了的。", "#e Tanganua is what I can’t forget."], "s_end": true, "iu_a_span": [null, null], "meta": {"type": "Sentence", "language": "卡那卡那富語, Kanakanavu, Kanakanavu", "speaker": "None", "collected": "None", "Transcribed by": "鄧安婷"}, "file": "Kanakanavu_Kanakanavu/5", "num": 43}], [44, {"ori": ["’esi", "mati’arangʉ", "ma-manu", "tia", "p-ara-kicacʉ", "ka<ka>naa’ua."], "gloss": [], "free": ["#c 小朋友們在準備嚇大人。", "#e The children are preparing to shock adults."], "s_end": true, "iu_a_span": [null, null], "meta": {"type": "Sentence", "language": "卡那卡那富語, Kanakanavu, Kanakanavu", "speaker": "None", "collected": "None", "Transcribed by": "鄧安婷"}, "file": "Kanakanavu_Kanakanavu/5", "num": 44}], [45, {"ori": ["rangrang", "na", "kana’amisan", "pu’a", "vankavuka."], "gloss": [], "free": ["#c 在冬天很難買褲子。", "#e It’s difficult to buy pants in winter."], "s_end": true, "iu_a_span": [null, null], "meta": {"type": "Sentence", "language": "卡那卡那富語, Kanakanavu, Kanakanavu", "speaker": "None", "collected": "None", "Transcribed by": "鄧安婷"}, "file": "Kanakanavu_Kanakanavu/5", "num": 45}], [46, {"ori": ["nguain", "sua", "m-ara’an", "marisinatʉ", "cau."], "gloss": [], "free": ["#c 他是讀書讀很快的人。", "#e He is a fast reader."], "s_end": true, "iu_a_span": [null, null], "meta": {"type": "Sentence", "language": "卡那卡那富語, Kanakanavu, Kanakanavu", "speaker": "None", "collected": "None", "Transcribed by": "鄧安婷"}, "file": "Kanakanavu_Kanakanavu/5", "num": 46}], [47, {"ori": ["’esi=ku", "’apa-kʉnʉ", "sua", "’esi", "kara-pai'ici", "cau", "tamna", "tacau."], "gloss": [], "free": ["#c 我在餵食正在喝酒的人的狗。", "#e I am feeding the dog of the person who is drinking."], "s_end": true, "iu_a_span": [null, null], "meta": {"type": "Sentence", "language": "卡那卡那富語, Kanakanavu, Kanakanavu", "speaker": "None", "collected": "None", "Transcribed by": "鄧安婷"}, "file": "Kanakanavu_Kanakanavu/5", "num": 47}], [48, {"ori": ["ni-maanava=cu", "kangvang", "cau", "ni-m-ima", "pai'ici", "soni."], "gloss": [], "free": ["#c 今晚喝過酒的人也醉了。", "#e All the people who drank tonight were drunk."], "s_end": true, "iu_a_span": [null, null], "meta": {"type": "Sentence", "language": "卡那卡那富語, Kanakanavu, Kanakanavu", "speaker": "None", "collected": "None", "Transcribed by": "鄧安婷"}, "file": "Kanakanavu_Kanakanavu/5", "num": 48}], [49, {"ori": ["arivura’ʉ=maku", "cau", "tia", "arapara’ʉ", "ta-pining-a."], "gloss": [], "free": ["#c 我打那個跑操場的人。", "#e I hit the person who ran around the track."], "s_end": true, "iu_a_span": [null, null], "meta": {"type": "Sentence", "language": "卡那卡那富語, Kanakanavu, Kanakanavu", "speaker": "None", "collected": "None", "Transcribed by": "鄧安婷"}, "file": "Kanakanavu_Kanakanavu/5", "num": 49}], [50, {"ori": ["aritarʉnʉ", "Pani", "noo", "arapipining", "ia,", "tʉni=cu=kita", "kooravi."], "gloss": [], "free": ["#c 等到Pani一出現, 就可以吃晚餐了。", "#e As soon as Pani shows up, we can have our dinner."], "s_end": true, "iu_a_span": [null, null], "meta": {"type": "Sentence", "language": "卡那卡那富語, Kanakanavu, Kanakanavu", "speaker": "None", "collected": "None", "Transcribed by": "鄧安婷"}, "file": "Kanakanavu_Kanakanavu/5", "num": 50}], [51, {"ori": ["noo", "c<ʉm>ura=kasu", "vutuun", "ia,", "pana-’o"], "gloss": [], "free": ["#c 你一看到山鹿的話, 就射牠!", "#e Once you see the wild deer, shoot it!", "#n c<ʉm>ʉra 即為c<um>acʉ’ ʉra 的簡化唸法"], "s_end": true, "iu_a_span": [null, null], "meta": {"type": "Sentence", "language": "卡那卡那富語, Kanakanavu, Kanakanavu", "speaker": "None", "collected": "None", "Transcribed by": "鄧安婷"}, "file": "Kanakanavu_Kanakanavu/5", "num": 51}], [52, {"ori": ["ucaniava", "noo", "m-osa=kasu", "na", "tararakaua", "taniarʉ", "ia,", "'aan=cu=kasu", "tia", "makacʉkʉ", "na", "tanasa."], "gloss": [], "free": ["#c 如果你往太陽出來的地方走, 你將不會到家。", "#e If you go eastwards, you won’t arrive home.", "#n mosa=mookusa 有 “要往什麼方向; 要去哪裡”之意"], "s_end": true, "iu_a_span": [null, null], "meta": {"type": "Sentence", "language": "卡那卡那富語, Kanakanavu, Kanakanavu", "speaker": "None", "collected": "None", "Transcribed by": "鄧安婷"}, "file": "Kanakanavu_Kanakanavu/5", "num": 52}], [53, {"ori": ["noo", "ka’an-iin=kasu", "ni-pukari-ʉn", "ia,", "ka‘aan=kasu", "ia,", "matipa."], "gloss": [], "free": ["#c 如果你不是被邀請的, 你就不會參加。", "#e If you are not invited, you will not attend.", "#n 如果用noo ka'aan kasu 語氣比較強烈也比較確定。"], "s_end": true, "iu_a_span": [null, null], "meta": {"type": "Sentence", "language": "卡那卡那富語, Kanakanavu, Kanakanavu", "speaker": "None", "collected": "None", "Transcribed by": "鄧安婷"}, "file": "Kanakanavu_Kanakanavu/5", "num": 53}], [54, {"ori": ["noo", "m-ova=kasu", "‘ikua", "vaantuku", "ia,", "te=ku", "m-uranʉ", "kasua."], "gloss": [], "free": ["#c 如果你給我錢的話, 我將會幫你。", "#e If you pay me, I will help you then."], "s_end": true, "iu_a_span": [null, null], "meta": {"type": "Sentence", "language": "卡那卡那富語, Kanakanavu, Kanakanavu", "speaker": "None", "collected": "None", "Transcribed by": "鄧安婷"}, "file": "Kanakanavu_Kanakanavu/5", "num": 54}], [55, {"ori": ["noo", "‘umo’ucanʉ-in", "ia,", "te=kita", "m-oon", "sian", "tikirimi", "to’ona", "tarasangai."], "gloss": [], "free": ["#c 如果下雨的話, 我們在這裡找地方休息。", "#e If it rains, we will find a place to rest in here."], "s_end": true, "iu_a_span": [null, null], "meta": {"type": "Sentence", "language": "卡那卡那富語, Kanakanavu, Kanakanavu", "speaker": "None", "collected": "None", "Transcribed by": "鄧安婷"}, "file": "Kanakanavu_Kanakanavu/5", "num": 55}], [56, {"ori": ["noo", "‘esi-in", "si’icʉpʉ", "Pani", "ia,", "ka’aan", "=kita", "tia", "m-aramia’ʉ", "‘inia."], "gloss": [], "free": ["#c 如果巴尼正在睡覺的話, 我們將不會叫醒他 (不會讓他起來)。", "#e If Pani is sleeping, we won’t wake him up.", "#n ka’aan=namane’e “不要; 不會”"], "s_end": true, "iu_a_span": [null, null], "meta": {"type": "Sentence", "language": "卡那卡那富語, Kanakanavu, Kanakanavu", "speaker": "None", "collected": "None", "Transcribed by": "鄧安婷"}, "file": "Kanakanavu_Kanakanavu/5", "num": 56}], [57, {"ori": ["noo", "itumuru-in", "Pani", "tamna", "vaantuku", "ia,", "tia", "‘ituumuru", "pu’a=in", "‘ʉnai."], "gloss": [], "free": ["#c 如果Pani錢很多, 他要買更多土地。", "#e If Pani were rich, he would buy more lands."], "s_end": true, "iu_a_span": [null, null], "meta": {"type": "Sentence", "language": "卡那卡那富語, Kanakanavu, Kanakanavu", "speaker": "None", "collected": "None", "Transcribed by": "鄧安婷"}, "file": "Kanakanavu_Kanakanavu/5", "num": 57}], [58, {"ori": ["te=ku", "moca", "sii,", "’una", "tangsua", "ioovutu."], "gloss": [], "free": ["#c 我要離開的時候, 她就打來了 (我要走, 電話來了)", "#e She called me, as I was leaving.", "#n 此句情形為：同時發生，且正在發生。"], "s_end": true, "iu_a_span": [null, null], "meta": {"type": "Sentence", "language": "卡那卡那富語, Kanakanavu, Kanakanavu", "speaker": "None", "collected": "None", "Transcribed by": "鄧安婷"}, "file": "Kanakanavu_Kanakanavu/5", "num": 58}], [59, {"ori": ["noo", "musukʉmʉ=kasu", "ia", "tia-ra", "m-eecara", "kasua", "Pani?"], "gloss": [], "free": ["#c 如果你生病了, Pani會照顧你嗎?", "#e If you were sick, would Pani look after you?", "#n tia kara =tiara"], "s_end": true, "iu_a_span": [null, null], "meta": {"type": "Sentence", "language": "卡那卡那富語, Kanakanavu, Kanakanavu", "speaker": "None", "collected": "None", "Transcribed by": "鄧安婷"}, "file": "Kanakanavu_Kanakanavu/5", "num": 59}], [60, {"ori": ["noo", "m-anmaan=ku", "makananguru,", "te=ku", "paira", "makananguru."], "gloss": [], "free": ["#c 如果我喜歡游泳, 我會經常去游泳。", "#e If I liked swimming, I would go swimming every day."], "s_end": true, "iu_a_span": [null, null], "meta": {"type": "Sentence", "language": "卡那卡那富語, Kanakanavu, Kanakanavu", "speaker": "None", "collected": "None", "Transcribed by": "鄧安婷"}, "file": "Kanakanavu_Kanakanavu/5", "num": 60}], [61, {"ori": ["noo", "‘esi", "pukariikariPani", "ia,", "ka’aan=kasupukariikari", "(‘inia)."], "gloss": [], "free": ["#c 如果Pani在說話, 你不要打斷/ 干擾他 (=Pani)。", "#e If Pani was speaking, then you don’t interrupt him.", "#n ‘aratʉkʉʉn: 離開"], "s_end": true, "iu_a_span": [null, null], "meta": {"type": "Sentence", "language": "卡那卡那富語, Kanakanavu, Kanakanavu", "speaker": "None", "collected": "None", "Transcribed by": "鄧安婷"}, "file": "Kanakanavu_Kanakanavu/5", "num": 61}], [62, {"ori": ["noo", "mucan-iin", "takituturua", "ia,", "te=cu", "tarasangai", "seto."], "gloss": [], "free": ["#c 如果老師離開的話, 學生們就要休息了。", "#e If the teacher left, the students would start to rest."], "s_end": true, "iu_a_span": [null, null], "meta": {"type": "Sentence", "language": "卡那卡那富語, Kanakanavu, Kanakanavu", "speaker": "None", "collected": "None", "Transcribed by": "鄧安婷"}, "file": "Kanakanavu_Kanakanavu/5", "num": 62}], [63, {"ori": ["Te=ku", "paracani", "m-atarava", "ka’anʉ=cu=ku", "tavarʉ’ʉ", "paracani."], "gloss": [], "free": ["#c 我要唱歌唱到我不能唱。", "#e I would sing until I could not sing anymore.", "#n 此句情形為: 唱歌這件事情正在發生。"], "s_end": true, "iu_a_span": [null, null], "meta": {"type": "Sentence", "language": "卡那卡那富語, Kanakanavu, Kanakanavu", "speaker": "None", "collected": "None", "Transcribed by": "鄧安婷"}, "file": "Kanakanavu_Kanakanavu/5", "num": 63}], [64, {"ori": ["vanai", "sii", "ni-mo’ucaan", "imo", "muurupu", "‘ʉnai"], "gloss": [], "free": ["#c 因為下過雨, 所以土地濕了。", "#e Because it rained, the land is wet.", "#n neen vanai: 什麼原因"], "s_end": true, "iu_a_span": [null, null], "meta": {"type": "Sentence", "language": "卡那卡那富語, Kanakanavu, Kanakanavu", "speaker": "None", "collected": "None", "Transcribed by": "鄧安婷"}, "file": "Kanakanavu_Kanakanavu/5", "num": 64}], [65, {"ori": ["noo", "ka’aan=ku", "seto", "ia,", "ka’aan=ku", "tia", "m-ookusa", "t-ari-sinatʉ-a."], "gloss": [], "free": ["#c 如果我不是學生, 我就不用/不要/不會去學校。", "#e If I were not a student, I wouldn’t have to go to school."], "s_end": true, "iu_a_span": [null, null], "meta": {"type": "Sentence", "language": "卡那卡那富語, Kanakanavu, Kanakanavu", "speaker": "None", "collected": "None", "Transcribed by": "鄧安婷"}, "file": "Kanakanavu_Kanakanavu/5", "num": 65}], [66, {"ori": ["noo", "'akiaiin", "Pani", "marisiki,", "manasʉ", "'akia", "cucumen", "cau", "marisiki."], "gloss": [], "free": ["#c 如果沒有Pani掃地，沒有其他人掃地。", "#e If Pani does not wipe the floor, there will be no one can do this."], "s_end": true, "iu_a_span": [null, null], "meta": {"type": "Sentence", "language": "卡那卡那富語, Kanakanavu, Kanakanavu", "speaker": "None", "collected": "None", "Transcribed by": "鄧安婷"}, "file": "Kanakanavu_Kanakanavu/5", "num": 66}], [67, {"ori": ["ka’aniin", "ku", "’akia", "vaantuku", "ia,", "miana", "pa", "ku", "pu’a", "tanasa", "mocaca"], "gloss": [], "free": ["#c 我要不是沒有錢的話，我早就買車子了。", "#e I would have bought a car if I had money."], "s_end": true, "iu_a_span": [null, null], "meta": {"type": "Sentence", "language": "卡那卡那富語, Kanakanavu, Kanakanavu", "speaker": "None", "collected": "None", "Transcribed by": "鄧安婷"}, "file": "Kanakanavu_Kanakanavu/5", "num": 67}], [68, {"ori": ["ka’an-iin", "ku", "'una", "vaantuku", "ia,", "miseni", "te", "ku", "pu’a", "tanasa", "mocaca."], "gloss": [], "free": ["#c 我要不是有錢的話，我怎麼會買車子。", "#e If I didn't have money, how it could be possible that I have a car?"], "s_end": true, "iu_a_span": [null, null], "meta": {"type": "Sentence", "language": "卡那卡那富語, Kanakanavu, Kanakanavu", "speaker": "None", "collected": "None", "Transcribed by": "鄧安婷"}, "file": "Kanakanavu_Kanakanavu/5", "num": 68}], [69, {"ori": ["naka", "ku", "maca’ʉ", "kasua,", "manasʉ", "te", "kasu", "matapari’i"], "gloss": [], "free": ["#c 如果我沒有抓住你，你早就掉下去了。", "#e If I didn't have caught you, you would fall."], "s_end": true, "iu_a_span": [null, null], "meta": {"type": "Sentence", "language": "卡那卡那富語, Kanakanavu, Kanakanavu", "speaker": "None", "collected": "None", "Transcribed by": "鄧安婷"}, "file": "Kanakanavu_Kanakanavu/5", "num": 69}], [70, {"ori": ["acecu", "takiatuturua,", "musuteen", "cu", "kita", "marisinatʉ."], "gloss": [], "free": ["#c 老師走了, 我們上課停下來", "#e The teacher had gone, so our learning stopped."], "s_end": true, "iu_a_span": [null, null], "meta": {"type": "Sentence", "language": "卡那卡那富語, Kanakanavu, Kanakanavu", "speaker": "None", "collected": "None", "Transcribed by": "鄧安婷"}, "file": "Kanakanavu_Kanakanavu/5", "num": 70}], [71, {"ori": ["acecu", "takiatuturua,", "tarasangai=cu", "kita", "marisinatu"], "gloss": [], "free": ["#c 老師走了, 我們休息讀書。", "#e The teacher has gone, we stop studying."], "s_end": true, "iu_a_span": [null, null], "meta": {"type": "Sentence", "language": "卡那卡那富語, Kanakanavu, Kanakanavu", "speaker": "None", "collected": "None", "Transcribed by": "鄧安婷"}, "file": "Kanakanavu_Kanakanavu/5", "num": 71}], [72, {"ori": ["te", "ku", "muran", "kasua,", "noo", "mova", "kasu", "‘ikua", "vaantuku."], "gloss": [], "free": ["#c 如果你給我錢的話, 我會幫你.", "#e I will help you if you pay me money."], "s_end": true, "iu_a_span": [null, null], "meta": {"type": "Sentence", "language": "卡那卡那富語, Kanakanavu, Kanakanavu", "speaker": "None", "collected": "None", "Transcribed by": "鄧安婷"}, "file": "Kanakanavu_Kanakanavu/5", "num": 72}], [73, {"ori": ["noo", "caniava", "manmanʉ", "kasu", "kʉmʉnʉ", "kʉnʉa", "isi", "ia,", "te", "kasu", "paira", "mavucuruku"], "gloss": [], "free": ["#c 如果你很喜歡這些食物的話, 你會常常飽飽的", "#e If you really like these food, you will always be full."], "s_end": true, "iu_a_span": [null, null], "meta": {"type": "Sentence", "language": "卡那卡那富語, Kanakanavu, Kanakanavu", "speaker": "None", "collected": "None", "Transcribed by": "鄧安婷"}, "file": "Kanakanavu_Kanakanavu/5", "num": 73}]], "meta": {"type": "Sentence", "language": "卡那卡那富語, Kanakanavu, Kanakanavu", "speaker": "None", "collected": "None", "Transcribed by": "鄧安婷"}}