{"glosses": [[1, {"ori": [], "gloss": [["uvaz", "孩子", "child"], ["hai", "主題", "TOP"], ["kaupahanian", "每天", "every.day"], ["ku-dadaza", "移動-上", "move-up"], ["sia", "在", "be.at"], ["lukis.", "樹", "tree"]], "free": ["#c 小孩子們每天會爬樹。", "#e The children climb trees every day."], "s_end": true, "iu_a_span": [null, null], "meta": {"type": "Sentence", "language": "郡群布農語, Bunun, Isbukun", "speaker": "None", "collected": "None", "Transcribed by": "楊淳然"}, "file": "Bunun_Isbukun/2", "num": 1}], [2, {"ori": [], "gloss": [["ku-dadaza", "移動-上", "move-up"], ["sia", "在", "be.at"], ["lukis", "樹木", "tree"], ["hai", "主題", "TOP"], ["m-asial.", "主焦-好", "AF-good"]], "free": ["#c 爬樹很有趣。", "#e Climbing up trees is good."], "s_end": true, "iu_a_span": [null, null], "meta": {"type": "Sentence", "language": "郡群布農語, Bunun, Isbukun", "speaker": "None", "collected": "None", "Transcribed by": "楊淳然"}, "file": "Bunun_Isbukun/2", "num": 2}], [3, {"ori": [], "gloss": [["an-dii", "可見-朝向", "VIS.MED-towards"], ["bingxiang=a", "冰箱=遠距.主格", "refrigerator=DIST.NOM"], ["hai", "主題", "TOP"], ["uka(n)", "否定.存在", "NEG.EXIST"], ["mahtu", "能夠", "be.able.to"], ["huud-an.", "喝-處焦", "drink-LF"]], "free": ["#c 這個冰箱沒什麼喝的。", "#e There is nothing to drink in this refrigerator.", "#n ‘refrigerator’ bingxiang / haku / piskatav-an"], "s_end": true, "iu_a_span": [null, null], "meta": {"type": "Sentence", "language": "郡群布農語, Bunun, Isbukun", "speaker": "None", "collected": "None", "Transcribed by": "楊淳然"}, "file": "Bunun_Isbukun/2", "num": 3}], [4, {"ori": [], "gloss": [["uka(n)=ik", "否定.存在=1SG.主格", "NEG.EXIST=1SG.NOM"], ["sui.", "錢", "money"]], "free": ["#c 我沒有錢。", "#e I don’t have money."], "s_end": true, "iu_a_span": [null, null], "meta": {"type": "Sentence", "language": "郡群布農語, Bunun, Isbukun", "speaker": "None", "collected": "None", "Transcribed by": "楊淳然"}, "file": "Bunun_Isbukun/2", "num": 4}], [5, {"ori": [], "gloss": [["uka", "否定.存在", "NEG.EXIST"], ["sui.", "錢", "money."]], "free": ["#c 沒有錢。", "#e There is no money."], "s_end": true, "iu_a_span": [null, null], "meta": {"type": "Sentence", "language": "郡群布農語, Bunun, Isbukun", "speaker": "None", "collected": "None", "Transcribed by": "楊淳然"}, "file": "Bunun_Isbukun/2", "num": 5}], [6, {"ori": [], "gloss": [["uka", "否定.存在", "NEG.EXIST"], ["sui", "錢", "money"], ["hai", "主題", "TOP"], ["ma-kuang.", "主焦-不好", "AF-bad"]], "free": ["#c 沒有錢不好。", "#e Not having money is bad."], "s_end": true, "iu_a_span": [null, null], "meta": {"type": "Sentence", "language": "郡群布農語, Bunun, Isbukun", "speaker": "None", "collected": "None", "Transcribed by": "楊淳然"}, "file": "Bunun_Isbukun/2", "num": 6}], [7, {"ori": [], "gloss": [["Subali", "Subali", "Subali"], ["hai", "主題", "TOP"], ["uka", "否定.存在", "NEG.EXIST"], ["sui.", "錢", "money"]], "free": ["#c Subali 沒有錢。", "#e Subali doesn’t have money."], "s_end": true, "iu_a_span": [null, null], "meta": {"type": "Sentence", "language": "郡群布農語, Bunun, Isbukun", "speaker": "None", "collected": "None", "Transcribed by": "楊淳然"}, "file": "Bunun_Isbukun/2", "num": 7}], [8, {"ori": [], "gloss": [["takna", "昨天", "yesterday"], ["nii", "否定", "NEG"], ["tu", "補語詞", "COMP"], ["m-insuma=a", "主焦=出現=遠距.主格", "AF.come=DIST.NOM"], ["hai", "主題", "TOP"], ["punahtung-an=ku", "碰到-處焦=1SG.屬格", "run.into-LF=1SG.GEN"], ["sain=cin", "這=近距.斜格", "this=PROX.OBL"], ["m-aun", "主焦-吃", "AF-eat"], ["haising.", "飯", "food"]], "free": ["#c 昨天沒有來的（那個）在這個餐廳吃飯。", "#e The one that did not come yesterday is eating in this restaurant."], "s_end": true, "iu_a_span": [null, null], "meta": {"type": "Sentence", "language": "郡群布農語, Bunun, Isbukun", "speaker": "None", "collected": "None", "Transcribed by": "楊淳然"}, "file": "Bunun_Isbukun/2", "num": 8}], [9, {"ori": [], "gloss": [["takna", "昨天", "yesterday"], ["bunun", "人", "person"], ["hai", "主題", "TOP"], ["nii", "否定", "NEG"], ["tu", "LNK", "LNK"], ["m-insuma,", "主焦-來", "AF-come"], ["ku-sia", "移動-在", "move-be.at"], ["<ka>kaun-an", "<重疊>吃-處焦", "<RED>eat-LF"], ["tan", "中距.斜格", "MED.OBL"], ["m-aun", "主焦-吃", "AF-eat"], ["haising.", "飯", "food"]], "free": ["#c 昨天沒有來的的人在這個餐廳吃飯。", "#e The person that didn’t come yesterday is eating at this restaurant."], "s_end": true, "iu_a_span": [null, null], "meta": {"type": "Sentence", "language": "郡群布農語, Bunun, Isbukun", "speaker": "None", "collected": "None", "Transcribed by": "楊淳然"}, "file": "Bunun_Isbukun/2", "num": 9}], [10, {"ori": [], "gloss": [["haiap", "很會", "able"], ["saiia", "3SG.主格", "3SG.NOM"], ["ma-pit’ia", "主焦-煮飯", "AF-cook"], ["ma-ansum", "主焦-香", "AF-smell"], ["kaun-un.", "吃-受焦", "eat-PF"]], "free": ["#c 他會所煮的（那個）應該很好吃。", "#e What he is good at cooking tastes great."], "s_end": true, "iu_a_span": [null, null], "meta": {"type": "Sentence", "language": "郡群布農語, Bunun, Isbukun", "speaker": "None", "collected": "None", "Transcribed by": "楊淳然"}, "file": "Bunun_Isbukun/2", "num": 10}], [11, {"ori": [], "gloss": [["isaicia", "3SG.所有格", "3SG.POSS"], ["sin-pit’ia", "工焦<完成>-煮", "IF<PFV>-cook"], ["tu", "連詞", "LNK"], ["haising", "飯", "food"], ["hai", "主題", "TOP"], ["ma-ansu", "主焦-香", "AF-smell"], ["kaun-un.", "吃-受焦", "eat-PF"]], "free": ["#c 他會煮的飯應該很好吃。", "#e The food he is good at cooking tastes great."], "s_end": true, "iu_a_span": [null, null], "meta": {"type": "Sentence", "language": "郡群布農語, Bunun, Isbukun", "speaker": "None", "collected": "None", "Transcribed by": "楊淳然"}, "file": "Bunun_Isbukun/2", "num": 11}], [12, {"ori": [], "gloss": [["uvaz", "孩子", "child"], ["hai", "主題", "TOP"], ["antalan-an", "收-處焦", "get-LF"], ["mas", "斜格", "OBL"], ["is-pishasibang", "工焦-玩耍", "IF-play"], ["m-anaskal.", "主焦-開心", "AF-happy"]], "free": ["#c 孩子收到玩具會很高興。", "#e The child got a toy and was very happy.", "#n antalan-an mas > antalanas"], "s_end": true, "iu_a_span": [null, null], "meta": {"type": "Sentence", "language": "郡群布農語, Bunun, Isbukun", "speaker": "None", "collected": "None", "Transcribed by": "楊淳然"}, "file": "Bunun_Isbukun/2", "num": 12}], [13, {"ori": [], "gloss": [["uvaz", "孩子", "child"], ["hai", "主題", "TOP"], ["antalan-an", "收-受焦", "get-LF"], ["mas", "斜格", "OBL"], ["is-pa-<ha>hainan", "工焦-使役-<重疊>笑", "IF-CAUS-<RED>laugh"], ["m-anaskal.", "主焦-開心", "AF-happy"]], "free": ["#c 孩子收到玩具會很高興。", "#e The child got a toy and was very happy.", "#n antalan-an mas > antalanas"], "s_end": true, "iu_a_span": [null, null], "meta": {"type": "Sentence", "language": "郡群布農語, Bunun, Isbukun", "speaker": "None", "collected": "None", "Transcribed by": "楊淳然"}, "file": "Bunun_Isbukun/2", "num": 13}], [14, {"ori": [], "gloss": [["ma-ku’uni", "主焦-用", "AF-use"], ["mas", "斜格", "OBL"], ["<ku>kulut", "<重疊>鋸子", "<RED>saw"], ["ma-kulut", "主焦-鋸", "AF-saw"], ["lukis.", "樹木", "tree"]], "free": ["#c 我們用鋸子鋸木頭。", "#e We use a saw to saw wood."], "s_end": true, "iu_a_span": [null, null], "meta": {"type": "Sentence", "language": "郡群布農語, Bunun, Isbukun", "speaker": "None", "collected": "None", "Transcribed by": "楊淳然"}, "file": "Bunun_Isbukun/2", "num": 14}], [15, {"ori": [], "gloss": [["na=ku-sian=ik", "非實現=移動-在=1SG.主格", "IRR=move-be.at=1SG.NOM"], ["sia", "在", "be.at"], ["mansia", "方向", "direction"], ["taihuku.", "台北", "Taipei"]], "free": ["#c 我要去北方 (< 台北)。", "#e I want to go north (< Taipei)."], "s_end": true, "iu_a_span": [null, null], "meta": {"type": "Sentence", "language": "郡群布農語, Bunun, Isbukun", "speaker": "None", "collected": "None", "Transcribed by": "楊淳然"}, "file": "Bunun_Isbukun/2", "num": 15}], [16, {"ori": [], "gloss": [["mansia", "方向", "direction"], ["taitu", "台東", "Taitung"], ["hai", "TOP", "TOP"], ["aiza", "存在", "EXIST"], ["tu", "補語詞", "COMP"], ["tasa", "一", "one"], ["vahlas.", "河", "river"]], "free": ["#c 東邊 (< 台東) 有一條河。", "#e Eastward (< Taitung) there is a river."], "s_end": true, "iu_a_span": [null, null], "meta": {"type": "Sentence", "language": "郡群布農語, Bunun, Isbukun", "speaker": "None", "collected": "None", "Transcribed by": "楊淳然"}, "file": "Bunun_Isbukun/2", "num": 16}], [17, {"ori": [], "gloss": [["mansia", "方向", "direction"], ["tainan=cia", "台南=遠距.斜格", "Tainan=DIST.OBL"], ["hai", "主題", "TOP"], ["na=unau-un=ku", "非實現=去找=1SG.屬格", "IRR=go.to=1SG.GEN"], ["tu", "連詞", "LNK"], ["asang.", "城市", "city"]], "free": ["#c 西方是我要去的方向。", "#e Westwards is the direction I want to go."], "s_end": true, "iu_a_span": [null, null], "meta": {"type": "Sentence", "language": "郡群布農語, Bunun, Isbukun", "speaker": "None", "collected": "None", "Transcribed by": "楊淳然"}, "file": "Bunun_Isbukun/2", "num": 17}], [18, {"ori": [], "gloss": [["maisisian=ik", "從=1SG.主格", "come.from=1SG.NOM"], ["mansia", "方向", "direction"], ["takau", "高雄", "Kaohsiung"], ["cia", "遠距.斜格", "DIST.OBL"], ["tu", "連詞", "LNK"], ["asang", "城市", "city"], ["m-insuma.", "主焦-來", "AF-come"]], "free": ["#c 我是從南邊來的。", "#e #e I’m coming from the south (< Kaohsiung)."], "s_end": true, "iu_a_span": [null, null], "meta": {"type": "Sentence", "language": "郡群布農語, Bunun, Isbukun", "speaker": "None", "collected": "None", "Transcribed by": "楊淳然"}, "file": "Bunun_Isbukun/2", "num": 18}], [19, {"ori": [], "gloss": [["m-isuma", "主焦-出現", "AF-come"], ["saiia", "3SG.主格", "3SG.NOM"], ["ku-sia", "移動-在", "move-be.at"], ["buraku", "部落", "village"], ["hai", "主題", "TOP"], ["Subali", "Subali", "Subali"], ["hai", "主題", "TOP"], ["nii", "否定", "NEG"], ["tu", "補語詞", "COMP"], ["m-anaskal.", "主焦-開心", "AF-happy"]], "free": ["#c 她來部落讓Subali不高興。", "#e That she’s coming to the village makes Subali unhappy."], "s_end": true, "iu_a_span": [null, null], "meta": {"type": "Sentence", "language": "郡群布農語, Bunun, Isbukun", "speaker": "None", "collected": "None", "Transcribed by": "楊淳然"}, "file": "Bunun_Isbukun/2", "num": 19}], [20, {"ori": [], "gloss": [["isu", "2SG.屬格", "2SG.GEN"], ["is-<ka>kaun", "非實現-<重疊>吃", "IF-<RED>eat"], ["hai", "主題", "TOP"], ["m-akuang,", "主焦-不好", "AF-bad"], ["inak", "1SG.屬格", "1SG.GEN"], ["iskakaun", "非實現<重疊>吃", "IF-<RED>eat"], ["hai", "主題", "TOP"], ["m-asial.", "主焦-好", "AF-good"]], "free": ["#c 你用的餐具不好用；我用的才好用。", "#e The cutlery you are using is not good; the cutlery I’m using is."], "s_end": true, "iu_a_span": [null, null], "meta": {"type": "Sentence", "language": "郡群布農語, Bunun, Isbukun", "speaker": "None", "collected": "None", "Transcribed by": "楊淳然"}, "file": "Bunun_Isbukun/2", "num": 20}], [21, {"ori": [], "gloss": [["is-kusia=ku", "公交-使用=1SG.屬格", "IF-use=1SG.GEN"], ["<tu>tungtung", "<重疊>敲打", "<RED>hit"], ["hai", "主題", "TOP"], ["m-ahuspu.", "主焦-重", "AF-heavy"]], "free": ["#c 我用來釘釘子的錘子很重。", "#e The hammer (< thing used to hit nails) I use is heavy."], "s_end": true, "iu_a_span": [null, null], "meta": {"type": "Sentence", "language": "郡群布農語, Bunun, Isbukun", "speaker": "None", "collected": "None", "Transcribed by": "楊淳然"}, "file": "Bunun_Isbukun/2", "num": 21}], [22, {"ori": [], "gloss": [["takna", "昨天", "yesterday"], ["nii", "否定", "NEG"], ["tu", "補語詞", "COMP"], ["m-insuma=a", "主焦-出現=遠距.NOM", "AF-come=DIST.NOM"], ["hai", "主題", "TOP"], ["punahtung-an=ku", "碰到-處焦=1SG.屬格", "run.into-LF=1SG.GEN"], ["saincin", "這邊", "here"], ["m-aun", "主焦-吃", "AF-eat"], ["haising.", "飯", "food"]], "free": ["#c 昨天沒有來的（那個）在這個餐廳吃飯。", "#e The one that did not come yesterday is eating in this restaurant."], "s_end": true, "iu_a_span": [null, null], "meta": {"type": "Sentence", "language": "郡群布農語, Bunun, Isbukun", "speaker": "None", "collected": "None", "Transcribed by": "楊淳然"}, "file": "Bunun_Isbukun/2", "num": 22}], [23, {"ori": [], "gloss": [["nii=ik", "否定=1SG.主格", "NEG=1SG.NOM"], ["haiap", "知道", "know"], ["tu", "補語詞", "COMP"], ["punpia", "多少", "how.many"], ["i-tu", "處格-連詞", "LOC-LNK"], ["bunun", "人", "person"], ["mabananaz", "男生", "boy"], ["zas", "能夠-改變狀態", "then"], ["mahtu-in", "主焦-參加", "be.able.to-COS"], ["m-inamu", "射-耳", "AF-participate"], ["malah-tangia.", "", ""]], "free": ["#c 我不知道男生要幾歲就可以參與射耳祭。", "#e I don’t know how many (years) Bunun boys have to have when they can participate in the Ear-Shooting ceremony."], "s_end": true, "iu_a_span": [null, null], "meta": {"type": "Sentence", "language": "郡群布農語, Bunun, Isbukun", "speaker": "None", "collected": "None", "Transcribed by": "楊淳然"}, "file": "Bunun_Isbukun/2", "num": 23}], [24, {"ori": [], "gloss": [["na=dazu", "大約", "about"], ["punciun", "3", "3"], ["tu", "連詞", "LNK"], ["painsanan.", "年歲", "year"]], "free": ["#c 大概3歲。", "#e About three years old."], "s_end": true, "iu_a_span": [null, null], "meta": {"type": "Sentence", "language": "郡群布農語, Bunun, Isbukun", "speaker": "None", "collected": "None", "Transcribed by": "楊淳然"}, "file": "Bunun_Isbukun/2", "num": 24}], [25, {"ori": [], "gloss": [["<ha>haiap-ik", "<重疊>知道=1SG.主格", "<RED>know=1SG.NOM"], ["mas", "斜格", "OBL"], ["u-ku-sia", "可能-移動-在", "POT-move-be.at"], ["asang=cin", "部落=近距.斜格", "village=PROX.OBL"], ["tu", "連詞", "LNK"], ["mapasnanava.", "學生", "student"]], "free": ["#c 我記得來我們部落的學生。", "#e I remember the students who came to the village."], "s_end": true, "iu_a_span": [null, null], "meta": {"type": "Sentence", "language": "郡群布農語, Bunun, Isbukun", "speaker": "None", "collected": "None", "Transcribed by": "楊淳然"}, "file": "Bunun_Isbukun/2", "num": 25}], [26, {"ori": [], "gloss": [["mal", "長期", "whole.time"], ["<ha>haiap=ik", "<重疊>知道=1SG.主格", "<RED>know=1SG.NOM"], ["tu", "補語詞", "COMP"], ["ma-pas<na>nava", "主焦-<重疊>學生", "AF-<RED>student"], ["hai", "主題", "TOP"], ["saisia", "去了", "have.gone"], ["buraku=cin.", "部落=近距.斜格", "village=PROX.OBL"]], "free": ["#c 我記得學生來過我們的部落。", "#e I remember that the students came to this village."], "s_end": true, "iu_a_span": [null, null], "meta": {"type": "Sentence", "language": "郡群布農語, Bunun, Isbukun", "speaker": "None", "collected": "None", "Transcribed by": "楊淳然"}, "file": "Bunun_Isbukun/2", "num": 26}], [27, {"ori": [], "gloss": [["mal", "長期", "whole.time"], ["<ha>haiap=ik", "<重疊>知道=1SG.主格", "<RED>know=1SG.NOM"], ["isa", "哪裏", "where"], ["tu", "連詞", "LNK"], ["hanian", "日子", "day"], ["mapasnavaan=a", "學生=遠距.主格", "student=DIST.NOM"], ["ku-sia", "移動-在", "move-be.at"], ["asang=cin.", "部落=近距.斜格", "village=PROX.OBL"]], "free": ["#c 我記得學生來部落的那一天。", "#e I remember the day the students came to our village."], "s_end": true, "iu_a_span": [null, null], "meta": {"type": "Sentence", "language": "郡群布農語, Bunun, Isbukun", "speaker": "None", "collected": "None", "Transcribed by": "楊淳然"}, "file": "Bunun_Isbukun/2", "num": 27}], [28, {"ori": [], "gloss": [["haiap=ik", "知道=1SG.主格", "know=1SG.NOM"], ["tu", "補語詞", "COMP"], ["h<in>uud=as", "<完成>喝=2SG.主格", "<PFV>drink=2SG.NOM"], ["mas", "斜格", "OBL"], ["davus.", "酒", "alcohol"]], "free": ["#c 我知道你喝了酒。", "#e I know you drank alcohol."], "s_end": true, "iu_a_span": [null, null], "meta": {"type": "Sentence", "language": "郡群布農語, Bunun, Isbukun", "speaker": "None", "collected": "None", "Transcribed by": "楊淳然"}, "file": "Bunun_Isbukun/2", "num": 28}], [29, {"ori": [], "gloss": [["haiap=ik", "知道=1SG.主格", "know=1SG.NOM"], ["tu", "補語詞", "COMP"], ["h<in>uud", "<完成>喝", "<PFV>drink"], ["davus", "酒", "alcohol"], ["tu", "連詞", "LNK"], ["bunun", "人", "person"], ["hai", "主題", "TOP"], ["su.", "2SG.受格", "2SG.ACC"]], "free": ["#c 我知道喝酒的那個人是你。", "#e I know that the person who drank alcohol is you."], "s_end": true, "iu_a_span": [null, null], "meta": {"type": "Sentence", "language": "郡群布農語, Bunun, Isbukun", "speaker": "None", "collected": "None", "Transcribed by": "楊淳然"}, "file": "Bunun_Isbukun/2", "num": 29}], [30, {"ori": [], "gloss": [["maza", "MAZA", "MAZA"], ["sipungul", "忘記", "forget"], ["ma-patas", "主焦-寫", "AF-write"], ["mas", "斜格", "OBL"], ["sin-nava", "工焦-學習", "IF-study"], ["hai", "主題", "TOP"], ["asa", "必須", "must"], ["tu", "補語詞", "COMP"], ["m-acina", "主焦-多努力", "AF-more.effort"], ["m-almananu.", "主焦-努力", "AF-strive"]], "free": ["#c 忘記寫作業的人要多努力。", "#e The person who forgot to write his homework must do more effort."], "s_end": true, "iu_a_span": [null, null], "meta": {"type": "Sentence", "language": "郡群布農語, Bunun, Isbukun", "speaker": "None", "collected": "None", "Transcribed by": "楊淳然"}, "file": "Bunun_Isbukun/2", "num": 30}], [31, {"ori": [], "gloss": [["sipungul=ik", "忘記=1SG.主格", "forget=1SG.NOM"], ["mas", "斜格", "OBL"], ["isaicia", "3SG.屬格", "3SG.GEN"], ["sin-saiv=ku", "工焦-給=1SG.屬格", "IF-give=1SG.GEN"], ["tu", "連詞", "LNK"], ["tingwa.", "電話", "telephone"]], "free": ["#c 我忘了他以前給我的電話號碼。", "#e I forgot the telephone number he gave to me."], "s_end": true, "iu_a_span": [null, null], "meta": {"type": "Sentence", "language": "郡群布農語, Bunun, Isbukun", "speaker": "None", "collected": "None", "Transcribed by": "楊淳然"}, "file": "Bunun_Isbukun/2", "num": 31}], [32, {"ori": [], "gloss": [["nii=ik", "否定=我", "NEG=1SG.NOM"], ["sipungul", "忘記", "forget"], ["tu", "補語詞", "COMP"], ["lakua", "何時", "when"], ["tu", "連繫詞", "LNK"], ["hainian", "天", "day"], ["uvaz", "孩子", "child"], ["hai", "TOP", "TOP"], ["m-insuma", "主焦-出現", "AF-come"], ["ma-pasnava.", "主焦-學習", "AF-study"]], "free": ["#c 我還記得，孩子來學習的那一天。", "#e I still remember the day when the ‘children’ came to study."], "s_end": true, "iu_a_span": [null, null], "meta": {"type": "Sentence", "language": "郡群布農語, Bunun, Isbukun", "speaker": "None", "collected": "None", "Transcribed by": "楊淳然"}, "file": "Bunun_Isbukun/2", "num": 32}], [33, {"ori": [], "gloss": [["m-un<hu>huma", "主焦-<重疊>農田", "AF-<RED>farm"]], "free": ["#c 農夫", "#e farmer"], "s_end": true, "iu_a_span": [null, null], "meta": {"type": "Sentence", "language": "郡群布農語, Bunun, Isbukun", "speaker": "None", "collected": "None", "Transcribed by": "楊淳然"}, "file": "Bunun_Isbukun/2", "num": 33}], [34, {"ori": [], "gloss": [["isain=ik", "處格-在=1SG.主格", "LOC-be.at=1SG.NOM"], ["sia", "在", "be.at"], ["huma", "田", "field"], ["m-unhuma.", "主焦-農田", "AF-farm"]], "free": ["#c 我在田上農田。", "#e I farm on the field."], "s_end": true, "iu_a_span": [null, null], "meta": {"type": "Sentence", "language": "郡群布農語, Bunun, Isbukun", "speaker": "None", "collected": "None", "Transcribed by": "楊淳然"}, "file": "Bunun_Isbukun/2", "num": 34}], [35, {"ori": [], "gloss": [["cinbi", "準備", "prepare"], ["kata", "1IPL.NOM.", "1IPL.NOM"], ["tu", "補語詞", "COMP"], ["na=huud", "非實現=喝", "IRR=drink"], ["ka<i>uni-an", "<完成貌>做-處焦", "<PFV>make-LF"], ["mas", "斜格", "OBL"], ["Bukun", "人名", "PN"], ["tu", "連繫詞", "LNK"], ["davus.", "酒", "alcohol"]], "free": ["#c 我們準備好了喝Bukun所釀的酒。", "#e We are ready to drink the alcohol that Bukun brew."], "s_end": true, "iu_a_span": [null, null], "meta": {"type": "Sentence", "language": "郡群布農語, Bunun, Isbukun", "speaker": "None", "collected": "None", "Transcribed by": "楊淳然"}, "file": "Bunun_Isbukun/2", "num": 35}], [36, {"ori": [], "gloss": [["cis’uni", "為了", "for"], ["inak", "1SG.屬格", "1SG.GEN"], ["tu", "連繫詞", "LNK"], ["uvaz", "孩子", "child"], ["talpataz", "拼命", "hard"], ["kuzakuza", "工作", "work"]], "free": ["#c 我為了照顧我的孩子而拼命。", "#e He works hard for his child."], "s_end": true, "iu_a_span": [null, null], "meta": {"type": "Sentence", "language": "郡群布農語, Bunun, Isbukun", "speaker": "None", "collected": "None", "Transcribed by": "楊淳然"}, "file": "Bunun_Isbukun/2", "num": 36}], [37, {"ori": [], "gloss": [["sima", "誰", "who"], ["mu-dadauk", "主焦-慢", "AF-slow"], ["cisdadaan=a.", "跑步=遠距.主格", "run=DIST.NOM"]], "free": ["#c 誰是跑得很慢的那個？", "#e Who is the one who runs slowly?"], "s_end": true, "iu_a_span": [null, null], "meta": {"type": "Sentence", "language": "郡群布農語, Bunun, Isbukun", "speaker": "None", "collected": "None", "Transcribed by": "楊淳然"}, "file": "Bunun_Isbukun/2", "num": 37}], [38, {"ori": [], "gloss": [["Subali", "人名", "PN"], ["tu", "連繫詞", "LNK"], ["masinauba", "弟弟", "younger.brother"], ["hai", "主題", "TOP"], ["mu-dadauk", "主焦-慢", "AF-slow"], ["(mas)", "斜格", "OBL"], ["cisdadaan.", "跑步", "run"]], "free": ["#c Subali的弟弟跑步跑得很慢。", "#e Subali’s little brother runs slowly."], "s_end": true, "iu_a_span": [null, null], "meta": {"type": "Sentence", "language": "郡群布農語, Bunun, Isbukun", "speaker": "None", "collected": "None", "Transcribed by": "楊淳然"}, "file": "Bunun_Isbukun/2", "num": 38}], [39, {"ori": [], "gloss": [["cisdadaan", "跑步", "run"], ["mu-dadauk=a", "主焦-慢=遠距.主格", "AF-slow=DIST.NOM"], ["sima.", "誰", "who"]], "free": ["#c 跑得很慢的那個是誰？", "#e The one who runs slowly is who?"], "s_end": true, "iu_a_span": [null, null], "meta": {"type": "Sentence", "language": "郡群布農語, Bunun, Isbukun", "speaker": "None", "collected": "None", "Transcribed by": "楊淳然"}, "file": "Bunun_Isbukun/2", "num": 39}], [40, {"ori": [], "gloss": [["cisdadaan", "跑步", "run"], ["mu-dadauk", "主焦-慢", "AF-slow"], ["hai", "主題", "TOP"], ["Subali", "人名", "PN"], ["tu", "連繫詞", "LNK"], ["masinauba.", "弟弟", "younger.brother"]], "free": ["#c 跑得很慢的那個就是Subali的弟弟。", "#e The one who runs slowly is Subali’s younger brother."], "s_end": true, "iu_a_span": [null, null], "meta": {"type": "Sentence", "language": "郡群布農語, Bunun, Isbukun", "speaker": "None", "collected": "None", "Transcribed by": "楊淳然"}, "file": "Bunun_Isbukun/2", "num": 40}], [41, {"ori": [], "gloss": [["Dahu", "人名", "PN"], ["hai", "主題", "TOP"], ["nii", "否定", "NEG"], ["m-azima", "主焦-愛", "AF-love"], ["mas", "斜格", "OBL"], ["Ibu,", "人名", "PN"], ["aupa", "因為", "because"], ["na=inisnis", "非實現=在", "IRR=be.at"], ["Alin.", "人名", "PN"]], "free": ["#c Dahu 不喜歡Ipu，因為他跟Alin在一起。", "#e Dahu doesn’t like Ibu because he’s with Alin."], "s_end": true, "iu_a_span": [null, null], "meta": {"type": "Sentence", "language": "郡群布農語, Bunun, Isbukun", "speaker": "None", "collected": "None", "Transcribed by": "楊淳然"}, "file": "Bunun_Isbukun/2", "num": 41}], [42, {"ori": [], "gloss": [["Dahu", "人名", "PN"], ["hai", "主題", "TOP"], ["nii", "否定", "NEG"], ["m-azima", "主焦-愛", "AF-love"], ["mas", "斜格", "OBL"], ["Ibu,", "人名", "PN"], ["na=padangi=in", "非實現=結婚=改變狀態", "IRR=marry=COS"], ["Alin.", "人名", "PN"]], "free": ["#c Dahu不喜歡Ibu，要跟Alin結婚了。", "#e Dahu doesn’t like Ibu, he’s planning to marry with Alin."], "s_end": true, "iu_a_span": [null, null], "meta": {"type": "Sentence", "language": "郡群布農語, Bunun, Isbukun", "speaker": "None", "collected": "None", "Transcribed by": "楊淳然"}, "file": "Bunun_Isbukun/2", "num": 42}], [43, {"ori": [], "gloss": [["adu", "疑問", "Q"], ["na=asa", "非實現=要", "IRR=want"], ["kasu", "2SG.主格", "2SG.NOM"], ["min’uni", "成為", "become"], ["inak", "1SG.屬格", "1SG.GEN"], ["tu", "連繫詞", "LNK"], ["pingaz?", "女人", "woman"]], "free": ["#c 你願意做我的老婆嗎？", "#e Do you want to marry me?"], "s_end": true, "iu_a_span": [null, null], "meta": {"type": "Sentence", "language": "郡群布農語, Bunun, Isbukun", "speaker": "None", "collected": "None", "Transcribed by": "楊淳然"}, "file": "Bunun_Isbukun/2", "num": 43}], [44, {"ori": [], "gloss": [["asa", "想", "want"]], "free": ["#c 我願意。", "#e Yes I do."], "s_end": true, "iu_a_span": [null, null], "meta": {"type": "Sentence", "language": "郡群布農語, Bunun, Isbukun", "speaker": "None", "collected": "None", "Transcribed by": "楊淳然"}, "file": "Bunun_Isbukun/2", "num": 44}], [45, {"ori": [], "gloss": [["nii", "否定", "NEG"], ["tu", "補語詞", "COMP"], ["asa.", "想", "want"]], "free": ["#c 不願意。", "#e No."], "s_end": true, "iu_a_span": [null, null], "meta": {"type": "Sentence", "language": "郡群布農語, Bunun, Isbukun", "speaker": "None", "collected": "None", "Transcribed by": "楊淳然"}, "file": "Bunun_Isbukun/2", "num": 45}], [46, {"ori": [], "gloss": [["na=lakua", "非實現=何時", "IRR=when"], ["aiza", "存在", "EXIST"], ["tu", "補語詞", "COMP"], ["cikan", "時間", "time"], ["na=pasibutbut.", "非實現=八部合音", "IRR=polyphonic.singing"]], "free": ["#c 什麼時候是八部合音？", "#e When is the polyphonic singing?"], "s_end": true, "iu_a_span": [null, null], "meta": {"type": "Sentence", "language": "郡群布農語, Bunun, Isbukun", "speaker": "None", "collected": "None", "Transcribed by": "楊淳然"}, "file": "Bunun_Isbukun/2", "num": 46}], [47, {"ori": [], "gloss": [["pasibutbut", "八部合音", "polyphonic.singing"], ["kata.", "1IPL.主格", "1IPL.NOM"]], "free": ["#c 我們八部合音。", "#e We sing polyphonically."], "s_end": true, "iu_a_span": [null, null], "meta": {"type": "Sentence", "language": "郡群布農語, Bunun, Isbukun", "speaker": "None", "collected": "None", "Transcribed by": "楊淳然"}, "file": "Bunun_Isbukun/2", "num": 47}], [48, {"ori": [], "gloss": [["malah-tania", "射-耳", "shoot-ear"], ["tu", "連繫詞", "LNK"], ["hanian.", "天", "day"]], "free": ["#c [就是]射耳祭的那一天。", "#e The day of the Ear-Shooting ceremony."], "s_end": true, "iu_a_span": [null, null], "meta": {"type": "Sentence", "language": "郡群布農語, Bunun, Isbukun", "speaker": "None", "collected": "None", "Transcribed by": "楊淳然"}, "file": "Bunun_Isbukun/2", "num": 48}], [49, {"ori": [], "gloss": [["m-aun", "主焦-吃", "AF-eat"], ["tamaku", "菸草", "tobacco"], ["hai", "主題", "TOP"], ["ma-pi(n)-kuang", "主焦-使役-壞", "AF-CAU-bad"], ["lutbu.", "身體", "body"]], "free": ["#c 抽菸傷害身體。", "#e Smoking hurts the body."], "s_end": true, "iu_a_span": [null, null], "meta": {"type": "Sentence", "language": "郡群布農語, Bunun, Isbukun", "speaker": "None", "collected": "None", "Transcribed by": "楊淳然"}, "file": "Bunun_Isbukun/2", "num": 49}], [50, {"ori": [], "gloss": [["isaintan", "這邊", "here"], ["hai", "主題", "TOP"], ["nii", "否定", "NEG"], ["tu", "補語詞", "COMP"], ["mahtu", "能夠", "be.able.to"], ["m-aun", "主焦-吃", "AF-eat"], ["tamaku.", "菸草", "tobacco"]], "free": ["#c 這邊不可以抽菸。", "#e You can’t smoke here.", "#n isaintan < isia-an tan [with a metathesis of ‘ia -> ai’]"], "s_end": true, "iu_a_span": [null, null], "meta": {"type": "Sentence", "language": "郡群布農語, Bunun, Isbukun", "speaker": "None", "collected": "None", "Transcribed by": "楊淳然"}, "file": "Bunun_Isbukun/2", "num": 50}], [51, {"ori": [], "gloss": [["Subali", "人名", "PN"], ["tu", "連繫詞", "LNK"], ["kaun-un", "吃-受焦", "eat-PF"], ["tu", "連繫詞", "LNK"], ["tamaku", "菸草", "tobacco"], ["hai", "主題", "TOP"], ["ma-hansu.", "主焦-臭", "AF-stinky"]], "free": ["#c Subali的香菸醜。", "#e The cigarettes Subali is smoking smell bad."], "s_end": true, "iu_a_span": [null, null], "meta": {"type": "Sentence", "language": "郡群布農語, Bunun, Isbukun", "speaker": "None", "collected": "None", "Transcribed by": "楊淳然"}, "file": "Bunun_Isbukun/2", "num": 51}], [52, {"ori": [], "gloss": [["‘um’um", "早上", "morning"], ["h<in>uud-an", "<完成貌>喝-處格", "<PFV>drink-LF"], ["tu", "連繫詞", "LNK"], ["miluku", "牛奶", "milk"], ["hai", "主題", "TOP"], ["tasban-in", "過期-改變狀態", "expire-COS"], ["jikan.", "時間", "time"]], "free": ["#c 早上喝的牛奶應該過期了。", "#e The milk [I] drank in the morning had turned bad."], "s_end": true, "iu_a_span": [null, null], "meta": {"type": "Sentence", "language": "郡群布農語, Bunun, Isbukun", "speaker": "None", "collected": "None", "Transcribed by": "楊淳然"}, "file": "Bunun_Isbukun/2", "num": 52}], [53, {"ori": [], "gloss": [["sili", "羊", "goat"], ["tu", "連繫詞", "LNK"], ["miluku", "奶", "milk"]], "free": ["#c 羊奶", "#e goat milk"], "s_end": true, "iu_a_span": [null, null], "meta": {"type": "Sentence", "language": "郡群布農語, Bunun, Isbukun", "speaker": "None", "collected": "None", "Transcribed by": "楊淳然"}, "file": "Bunun_Isbukun/2", "num": 53}], [54, {"ori": [], "gloss": [["hanvang", "牛", "cow"], ["tu", "連繫詞", "LNK"], ["miluku", "奶", "milk"]], "free": ["#c 牛奶", "#e cow milk"], "s_end": true, "iu_a_span": [null, null], "meta": {"type": "Sentence", "language": "郡群布農語, Bunun, Isbukun", "speaker": "None", "collected": "None", "Transcribed by": "楊淳然"}, "file": "Bunun_Isbukun/2", "num": 54}], [55, {"ori": [], "gloss": [["tundaza", "騎", "ride.horse"], ["Subali", "人名", "PN"], ["tu", "連繫詞", "LNK"], ["tasasikis", "馬", "horse"], ["hai", "主題", "TOP"], ["ma-biskav.", "主焦-快", "AF-fast"]], "free": ["#c Subali騎的馬跑得快。", "#e The horse Subali rides runs fast.", "#n tundaza-an ‘ride-LF’ = ‘vehicle’"], "s_end": true, "iu_a_span": [null, null], "meta": {"type": "Sentence", "language": "郡群布農語, Bunun, Isbukun", "speaker": "None", "collected": "None", "Transcribed by": "楊淳然"}, "file": "Bunun_Isbukun/2", "num": 55}], [56, {"ori": [], "gloss": [["saipuk-un", "養-受焦", "rear-PF"], ["mas", "斜格", "OBL"], ["Subali", "人名", "PN"], ["tu", "連繫詞", "LNK"], ["asu=cia", "狗=遠距.斜格", "dog=DIST.OBL"], ["<lu>lu’ang.", "<重疊>吠叫", "<RED>bark"]], "free": ["#c Subali養的狗吠叫。", "#e The dog Subali rears is barking.", "#n ‘saipuk’ is rearing for ‘all’ animals"], "s_end": true, "iu_a_span": [null, null], "meta": {"type": "Sentence", "language": "郡群布農語, Bunun, Isbukun", "speaker": "None", "collected": "None", "Transcribed by": "楊淳然"}, "file": "Bunun_Isbukun/2", "num": 56}], [57, {"ori": [], "gloss": [["ta’aza=ik", "聽=1SG.主格", "hear=1SG.NOM"], ["hazam", "鳥", "bird"], ["tu", "連繫詞", "LNK"], ["tu’ia", "嘰嘰", "sound.small.animals"], ["/", "", ""], ["ma-tahusngi.", "主焦-吵鬧", "loud.noise"]], "free": ["#c 我聽到[動物]的小／大聲音。", "#e I hear the sound of small/big [animals]."], "s_end": true, "iu_a_span": [null, null], "meta": {"type": "Sentence", "language": "郡群布農語, Bunun, Isbukun", "speaker": "None", "collected": "None", "Transcribed by": "楊淳然"}, "file": "Bunun_Isbukun/2", "num": 57}], [58, {"ori": [], "gloss": [["nii=ik", "否定=1SG.主格", "NEG=1SG.NOM"], ["asa", "想", "want"], ["ta’aza", "聽", "hear"], ["i-tu", "處格-連繫詞", "LOC-LNK"], ["uvaz", "孩子", "children"], ["tangis", "哭", "cry"], ["tu", "連繫詞", "LNK"], ["sing’av.", "聲音", "sound"]], "free": ["#c 我不喜歡孩子哭的聲音。", "#e I don’t want to hear the sound of children crying."], "s_end": true, "iu_a_span": [null, null], "meta": {"type": "Sentence", "language": "郡群布農語, Bunun, Isbukun", "speaker": "None", "collected": "None", "Transcribed by": "楊淳然"}, "file": "Bunun_Isbukun/2", "num": 58}], [59, {"ori": [], "gloss": [["takna", "昨天", "yesterday"], ["tu", "連繫詞", "LNK"], ["sanavan", "晚上", "evening"], ["ta’aza=ik", "聽=1SG.主格", "hear=1SG.NOM"], ["tamahudas", "上帝", "God"], ["tu", "連繫詞", "LNK"], ["tu’ia", "聲音", "sound"], ["/", "", ""], ["sing’av.", "", ""]], "free": ["#c 昨天晚上我聽到打雷的聲音。", "#e Yesterday evening I heard the sound of thunder (and storm).", "#n ciplah / loud.noise / 吵聲"], "s_end": true, "iu_a_span": [null, null], "meta": {"type": "Sentence", "language": "郡群布農語, Bunun, Isbukun", "speaker": "None", "collected": "None", "Transcribed by": "楊淳然"}, "file": "Bunun_Isbukun/2", "num": 59}], [60, {"ori": [], "gloss": [["takna", "昨天", "yesterday"], ["m-u’ampuk", "主焦-一起", "AF-together"], ["pal-dailaz", "使役-排列", "CAU-stand"], ["m-as<ta>tala", "主焦-<重疊>等待", "AF-<RED>wait"], ["tu", "補語詞", "COMP"], ["dusa", "二", "two"], ["tuki.", "時間", "hour"]], "free": ["#c 我昨天排隊排了兩個小時。", "#e Yesterday I stood in line for two hours."], "s_end": true, "iu_a_span": [null, null], "meta": {"type": "Sentence", "language": "郡群布農語, Bunun, Isbukun", "speaker": "None", "collected": "None", "Transcribed by": "楊淳然"}, "file": "Bunun_Isbukun/2", "num": 60}], [61, {"ori": [], "gloss": [["urusai", "煩死", "annoying"], ["tu", "連繫詞", "LNK"], ["maluspingaz", "女生", "girl"], ["hai", "主題", "TOP"], ["m-azima", "主焦-喜歡", "AF-like"], ["<lah>lahcip.", "<重疊>插隊", "<RED>cut.line"]], "free": ["#c [那個]麻煩的女生每次都會插隊。", "#e The annoying girl likes to cut in line."], "s_end": true, "iu_a_span": [null, null], "meta": {"type": "Sentence", "language": "郡群布農語, Bunun, Isbukun", "speaker": "None", "collected": "None", "Transcribed by": "楊淳然"}, "file": "Bunun_Isbukun/2", "num": 61}], [62, {"ori": [], "gloss": [["u-ta’az-an", "U-聽-處焦", "U-hear-LF"], ["maluspingaz=a", "女生=遠距.主格", "girl=DIST.NOM"], ["aiza", "存在", "EXIST"], ["u-sadu-an", "U-看-處焦", "U-see-LF"], ["mas", "斜格", "OBL"], ["hatabang", "蟑螂", "cockroach"], ["cinhuza-un", "嚇到-受焦", "scare-PF"], ["mas", "斜格", "OBL"], ["saiia", "3SG.主格", "3SG.NOM"], ["hatabang", "蟑螂", "cockroach"], ["hai", "主題", "TOP"], ["kapising-un.", "害怕-受焦", "fear-PF"]], "free": ["#c 聽說，有一個女生發現蟑螂，嚇到了。", "#e I heard, there was a girl, who saw a cockroach, and was scared by it."], "s_end": true, "iu_a_span": [null, null], "meta": {"type": "Sentence", "language": "郡群布農語, Bunun, Isbukun", "speaker": "None", "collected": "None", "Transcribed by": "楊淳然"}, "file": "Bunun_Isbukun/2", "num": 62}], [63, {"ori": [], "gloss": [["kaupa", "只有", "only"], ["tacini", "人量詞", "CLF.HUM"], ["maluspingaz", "女生", "girl"], ["ma-pataz", "主焦-殺", "AF-kill"], ["hatabang.", "蟑螂", "cockroach"]], "free": ["#c 只有一個女生殺死蟑螂。", "#e Only one girl killed the cockroach."], "s_end": true, "iu_a_span": [null, null], "meta": {"type": "Sentence", "language": "郡群布農語, Bunun, Isbukun", "speaker": "None", "collected": "None", "Transcribed by": "楊淳然"}, "file": "Bunun_Isbukun/2", "num": 63}], [64, {"ori": [], "gloss": [["m-uskun=ku", "主焦-集合=1SG.屬格", "AF-gather=1SG.GEN"], ["m-asabah", "主焦-睡覺", "AF-sleep"], ["tu", "連繫詞", "LNK"], ["bunun", "人", "person"], ["hai", "主題", "TOP"], ["singunguh.", "打鼾", "snore"]], "free": ["#c 跟我睡覺的人會打鼾。", "#e The person who sleeps with me snores.", "#n singunghuh, not sure if <RED> or not, but probably not."], "s_end": true, "iu_a_span": [null, null], "meta": {"type": "Sentence", "language": "郡群布農語, Bunun, Isbukun", "speaker": "None", "collected": "None", "Transcribed by": "楊淳然"}, "file": "Bunun_Isbukun/2", "num": 64}], [65, {"ori": [], "gloss": [["ngaus", "先", "first"], ["minka-un", "動-受焦", "move-PF"], ["sia", "在", "be.at"], ["ludun=a", "山=遠距.主格", "mountain=DIST.NOM"], ["hai", "主題", "TOP"], ["adu", "疑問", "Q"], ["i-tu", "處格-連繫詞", "LOC-LNK"], ["Subali", "人名", "PN"], ["tu", "連繫詞", "LNK"], ["masinauba.", "弟弟", "younger.brother"]], "free": ["#c 第一個到山峰的人說不定是Subali的弟弟。", "#e The first one to go to the [top of the] mountain, it might be Subali’s little brother."], "s_end": true, "iu_a_span": [null, null], "meta": {"type": "Sentence", "language": "郡群布農語, Bunun, Isbukun", "speaker": "None", "collected": "None", "Transcribed by": "楊淳然"}, "file": "Bunun_Isbukun/2", "num": 65}], [66, {"ori": [], "gloss": [["saiia", "3SG.主格", "3SG.NOM"], ["hai", "主題", "TOP"], ["nautu", "一定", "must"], ["itu", "處格-連繫詞", "LOC-LNK"], ["Subali", "人名", "PN"], ["tu", "連繫詞", "LNK"], ["masinauba.", "弟弟", "younger.brother"]], "free": ["#c 他一定是Subali的弟弟。", "#e He is definitely Subali’s little brother."], "s_end": true, "iu_a_span": [null, null], "meta": {"type": "Sentence", "language": "郡群布農語, Bunun, Isbukun", "speaker": "None", "collected": "None", "Transcribed by": "楊淳然"}, "file": "Bunun_Isbukun/2", "num": 66}], [67, {"ori": [], "gloss": [["<kin>kinuz", "<重疊>後面", "<RED>last"], ["minka-un", "動-受焦", "move-PF"], ["sia", "在", "be.at"], ["ludun=a", "山=遠距.主格", "mountain=DIST.NOM"], ["hai", "主題", "TOP"], ["Subali.", "人名", "PN"]], "free": ["#c 最後到山峰的人［應該］是Subali。", "#e The last one to reach the mountain[top] is Subali."], "s_end": true, "iu_a_span": [null, null], "meta": {"type": "Sentence", "language": "郡群布農語, Bunun, Isbukun", "speaker": "None", "collected": "None", "Transcribed by": "楊淳然"}, "file": "Bunun_Isbukun/2", "num": 67}], [68, {"ori": [], "gloss": [["saiku", "最後", "last"], ["kinkinuz", "後面", "last"], ["tu", "連繫詞", "LNK"], ["dadusa", "二", "two"]], "free": ["#c “倒數第二個”", "#e “penultimate”"], "s_end": true, "iu_a_span": [null, null], "meta": {"type": "Sentence", "language": "郡群布農語, Bunun, Isbukun", "speaker": "None", "collected": "None", "Transcribed by": "楊淳然"}, "file": "Bunun_Isbukun/2", "num": 68}], [69, {"ori": [], "gloss": [["mu-dadauk", "主焦-慢慢", "AF-slowly"], ["m-aun.", "主焦-吃", "AF-eat"]], "free": ["#c 慢慢吃！", "#e Enjoy your appetite!"], "s_end": true, "iu_a_span": [null, null], "meta": {"type": "Sentence", "language": "郡群布農語, Bunun, Isbukun", "speaker": "None", "collected": "None", "Transcribed by": "楊淳然"}, "file": "Bunun_Isbukun/2", "num": 69}], [70, {"ori": [], "gloss": [["kaa=in", "否定.祈使=改變狀態", "NEG.IMP=COS"], ["tangis.", "哭", "cry"]], "free": ["#c 別哭了", "#e Don’t cry!"], "s_end": true, "iu_a_span": [null, null], "meta": {"type": "Sentence", "language": "郡群布農語, Bunun, Isbukun", "speaker": "None", "collected": "None", "Transcribed by": "楊淳然"}, "file": "Bunun_Isbukun/2", "num": 70}], [71, {"ori": [], "gloss": [["kaa=in", "否定.祈使=改變狀態", "NEG.IMP=COS"], ["ma-tahusngi.", "主焦-吵鬧", "AF-noisy"]], "free": ["#c 別吵了！", "#e Don’t shout!"], "s_end": true, "iu_a_span": [null, null], "meta": {"type": "Sentence", "language": "郡群布農語, Bunun, Isbukun", "speaker": "None", "collected": "None", "Transcribed by": "楊淳然"}, "file": "Bunun_Isbukun/2", "num": 71}], [72, {"ori": [], "gloss": [["mabananaz", "男生", "boy"], ["<ka>kaa=in", "<重疊>否定.祈使=改變狀態", "<RED>NEG.IMP=COS"], ["tangis.", "哭", "cry"]], "free": ["#c 男生不要哭。", "#e Boys cannot cry."], "s_end": true, "iu_a_span": [null, null], "meta": {"type": "Sentence", "language": "郡群布農語, Bunun, Isbukun", "speaker": "None", "collected": "None", "Transcribed by": "楊淳然"}, "file": "Bunun_Isbukun/2", "num": 72}], [73, {"ori": [], "gloss": [["wanglu", "網路", "internet"], ["hai", "主題", "TOP"], ["nii", "否定", "NEG"], ["tu", "補語詞", "COMP"], ["mahtu", "能夠", "be.able.to"], ["is-kusia.", "工焦-移動-在", "IF-move-be.at"]], "free": ["#c 不能用網路。", "#e You can’t go on internet."], "s_end": true, "iu_a_span": [null, null], "meta": {"type": "Sentence", "language": "郡群布農語, Bunun, Isbukun", "speaker": "None", "collected": "None", "Transcribed by": "楊淳然"}, "file": "Bunun_Isbukun/2", "num": 73}], [74, {"ori": [], "gloss": [["adu", "疑問", "Q"], ["s<in>adu-an", "<完成貌>看-處焦", "<PFV>see-LF"], ["mas", "斜格", "OBL"], ["dadusa", "二", "two"], ["tu", "連繫詞", "LNK"], ["bunun=tan", "人=中距.斜格", "person=MED.OBL"], ["makinpataz", "笑", "laugh"], ["ma-<ha>hainan?", "主焦-<重疊>笑", "AF-<RED>laugh"]], "free": ["#c 你看過這兩個人大笑嗎？", "#e Have you seen the two people laughing?"], "s_end": true, "iu_a_span": [null, null], "meta": {"type": "Sentence", "language": "郡群布農語, Bunun, Isbukun", "speaker": "None", "collected": "None", "Transcribed by": "楊淳然"}, "file": "Bunun_Isbukun/2", "num": 74}]], "meta": {"type": "Sentence", "language": "郡群布農語, Bunun, Isbukun", "speaker": "None", "collected": "None", "Transcribed by": "楊淳然"}}