{"glosses": [[1, {"ori": [], "gloss": [["I:", "", ""], ["temawaR", "tomorrow", "明天"], ["Raw", "INT", "感嘆"], ["qa--", "FS", "FS"], ["qatiw", "go", "去"], ["sa==", "to", "到"], ["taqsian", "school", "學校"], ["aimi", "1EPL.NOM", "1EPL.主格"], ["temawaR,\\", "tomorrow", "明天"]], "free": [], "s_end": false, "iu_a_span": [24.07, null], "meta": {"topic": "Teaching Weaving", "type": "Conversation", "language": "噶瑪蘭語, Kavalan, Xinshe (新社)", "speaker": "潘天利, Abas, male, 1933-03-22", "collected": "2004-01-01", "revised": "2014-2-10", "video": "KacCon-Teaching Weaving_abas_ipay.mp3"}, "file": "Kavalan_Xinshe/KacCon-Teaching Weaving_abas_ipay", "num": 1}], [2, {"ori": [], "gloss": [["…(0.7)", "", ""], ["s<m>anu", "<AF>tell", "<主焦>說"], ["a", "FIL", "FIL"], ["kay--", "FS", "FS"], ["kayhui-niq", "meeting-1EPL.GEN", "開會-1EPL.屬格"], ["qaRabi", "evening", "晚上"], ["nani.\\", "DM", "DM"]], "free": ["#e We'll go to school tomorrow; this is announced at our meeting last night.", "#c 我們明天要去學校，我們昨天晚上開會說的。"], "s_end": true, "iu_a_span": [null, 31.87], "meta": {"topic": "Teaching Weaving", "type": "Conversation", "language": "噶瑪蘭語, Kavalan, Xinshe (新社)", "speaker": "潘天利, Abas, male, 1933-03-22", "collected": "2004-01-01", "revised": "2014-2-10", "video": "KacCon-Teaching Weaving_abas_ipay.mp3"}, "s_a_span": [24.07, 31.87], "file": "Kavalan_Xinshe/KacCon-Teaching Weaving_abas_ipay", "num": 2}], [3, {"ori": [], "gloss": [["A:", "", ""], ["..", "", ""], ["m,\\", "BC", "BC"]], "free": [], "s_end": false, "iu_a_span": [31.87, 32.42], "meta": {"topic": "Teaching Weaving", "type": "Conversation", "language": "噶瑪蘭語, Kavalan, Xinshe (新社)", "speaker": "潘天利, Abas, male, 1933-03-22", "collected": "2004-01-01", "revised": "2014-2-10", "video": "KacCon-Teaching Weaving_abas_ipay.mp3"}, "file": "Kavalan_Xinshe/KacCon-Teaching Weaving_abas_ipay", "num": 3}], [4, {"ori": [], "gloss": [["I:", "", ""], ["..", "", ""], ["i", "FIL", "FIL"], ["azas", "take", "拿"], ["ala", "take", "拿"], ["tu", "OBL", "斜格"], ["benina,\\", "banana", "香蕉"]], "free": [], "s_end": false, "iu_a_span": [32.42, 34.76], "meta": {"topic": "Teaching Weaving", "type": "Conversation", "language": "噶瑪蘭語, Kavalan, Xinshe (新社)", "speaker": "潘天利, Abas, male, 1933-03-22", "collected": "2004-01-01", "revised": "2014-2-10", "video": "KacCon-Teaching Weaving_abas_ipay.mp3"}, "file": "Kavalan_Xinshe/KacCon-Teaching Weaving_abas_ipay", "num": 4}], [5, {"ori": [], "gloss": [["...", "", ""], ["pibeRuR", "cut", "砍"], ["tu", "OBL", "斜格"], ["benina", "banana", "香蕉"], ["nani,\\", "DM", "DM"]], "free": [], "s_end": false, "iu_a_span": [34.76, 36.46], "meta": {"topic": "Teaching Weaving", "type": "Conversation", "language": "噶瑪蘭語, Kavalan, Xinshe (新社)", "speaker": "潘天利, Abas, male, 1933-03-22", "collected": "2004-01-01", "revised": "2014-2-10", "video": "KacCon-Teaching Weaving_abas_ipay.mp3"}, "file": "Kavalan_Xinshe/KacCon-Teaching Weaving_abas_ipay", "num": 5}], [6, {"ori": [], "gloss": [["...", "", ""], ["azas", "take", "拿"], ["tu", "OBL", "斜格"], ["Raq,\\", "wine", "酒"]], "free": [], "s_end": false, "iu_a_span": [36.46, 37.6], "meta": {"topic": "Teaching Weaving", "type": "Conversation", "language": "噶瑪蘭語, Kavalan, Xinshe (新社)", "speaker": "潘天利, Abas, male, 1933-03-22", "collected": "2004-01-01", "revised": "2014-2-10", "video": "KacCon-Teaching Weaving_abas_ipay.mp3"}, "file": "Kavalan_Xinshe/KacCon-Teaching Weaving_abas_ipay", "num": 6}], [7, {"ori": [], "gloss": [["...", "", ""], ["[zin-ku", "say-1SG.GEN", "說-1SG.屬格"], ["qaniau],\\", "3PL.NOM", "3PL.主格"]], "free": ["#n 根據噶瑪蘭的傳統，砍香蕉樹前要先拜拜，主要的儀式包括倒酒、喝酒以及跟祖先請示。", "#n 根據噶瑪蘭的傳統，砍香蕉樹前要先拜拜，主要的儀式包括倒酒、喝酒以及跟祖先請示。"], "s_end": false, "iu_a_span": [37.6, 38.22], "meta": {"topic": "Teaching Weaving", "type": "Conversation", "language": "噶瑪蘭語, Kavalan, Xinshe (新社)", "speaker": "潘天利, Abas, male, 1933-03-22", "collected": "2004-01-01", "revised": "2014-2-10", "video": "KacCon-Teaching Weaving_abas_ipay.mp3"}, "file": "Kavalan_Xinshe/KacCon-Teaching Weaving_abas_ipay", "num": 7}], [8, {"ori": [], "gloss": [["A:", "", ""], ["[sa-", "FS", "FS"], ["sa-],_", "FS", "FS"]], "free": [], "s_end": false, "iu_a_span": [38.22, 38.23], "meta": {"topic": "Teaching Weaving", "type": "Conversation", "language": "噶瑪蘭語, Kavalan, Xinshe (新社)", "speaker": "潘天利, Abas, male, 1933-03-22", "collected": "2004-01-01", "revised": "2014-2-10", "video": "KacCon-Teaching Weaving_abas_ipay.mp3"}, "file": "Kavalan_Xinshe/KacCon-Teaching Weaving_abas_ipay", "num": 8}], [9, {"ori": [], "gloss": [["..", "", ""], ["sa-spaw-an,\\", "SA-pour-NMZ", "SA-倒-名物化"]], "free": [], "s_end": false, "iu_a_span": [38.23, 40.33], "meta": {"topic": "Teaching Weaving", "type": "Conversation", "language": "噶瑪蘭語, Kavalan, Xinshe (新社)", "speaker": "潘天利, Abas, male, 1933-03-22", "collected": "2004-01-01", "revised": "2014-2-10", "video": "KacCon-Teaching Weaving_abas_ipay.mp3"}, "file": "Kavalan_Xinshe/KacCon-Teaching Weaving_abas_ipay", "num": 9}], [10, {"ori": [], "gloss": [["I:", "", ""], ["..", "", ""], ["sa-spaw-an", "SA-pour-NMZ", "SA-倒-名物化"], ["zin-ku", "say-1SG.GEN", "說-1SG.屬格"], ["siRab", "yesterday", "昨天"], ["qaRabi", "evening", "晚上"], ["'nay", "that", "那個"], ["sinsi", "teacher", "老師"], ["yau", "that", "那個"], ["nani.\\", "DM", "DM"]], "free": ["#n sinsi在此是指織布的領班。", "#e I told them that they should bring bananas for cutting and that they should also bring wine. For pouring wine, I told this to the leader last night.", "#c 我跟他們講要帶香蕉，要砍香蕉樹，還要帶酒。要倒酒的，我昨天跟領班說了。", "#n sinsi在此是指織布的領班。"], "s_end": true, "iu_a_span": [40.33, 44.17], "meta": {"topic": "Teaching Weaving", "type": "Conversation", "language": "噶瑪蘭語, Kavalan, Xinshe (新社)", "speaker": "潘天利, Abas, male, 1933-03-22", "collected": "2004-01-01", "revised": "2014-2-10", "video": "KacCon-Teaching Weaving_abas_ipay.mp3"}, "s_a_span": [31.87, 44.17], "file": "Kavalan_Xinshe/KacCon-Teaching Weaving_abas_ipay", "num": 10}], [11, {"ori": [], "gloss": [["...", "", ""], ["amawaR", "tomorrow", "明天"], ["si", "COND", "條件詞"], ["ka==", "INT", "感嘆"], ["walu", "eight", "八"], ["duki", "hour", "時"], ["si", "COND", "條件詞"], ["qawtu-ka=ti", "come-IMP=PFV", "來-祈使=完成"], ["kalamaz=pa=ita,\\", "early=FUT=1IPL.NOM", "早=未來=1IPL.主格"]], "free": [], "s_end": false, "iu_a_span": [44.17, 48.86], "meta": {"topic": "Teaching Weaving", "type": "Conversation", "language": "噶瑪蘭語, Kavalan, Xinshe (新社)", "speaker": "潘天利, Abas, male, 1933-03-22", "collected": "2004-01-01", "revised": "2014-2-10", "video": "KacCon-Teaching Weaving_abas_ipay.mp3"}, "file": "Kavalan_Xinshe/KacCon-Teaching Weaving_abas_ipay", "num": 11}], [12, {"ori": [], "gloss": [["...", "", ""], ["qa-yau", "QA-EXIST", "QA-存在"], ["maqzi", "from", "從"], ["ta-taipaq-an=ay", "LOC-Taipei-LOC=REL", "處格-台北-處格=關係詞"], ["lazat.\\", "person", "人"]], "free": ["#e We should come early at o'clock tomorrow; there are people from Taipei.", "#c 我們明天八點早點來，有從台北來的人。"], "s_end": true, "iu_a_span": [48.86, 51.7], "meta": {"topic": "Teaching Weaving", "type": "Conversation", "language": "噶瑪蘭語, Kavalan, Xinshe (新社)", "speaker": "潘天利, Abas, male, 1933-03-22", "collected": "2004-01-01", "revised": "2014-2-10", "video": "KacCon-Teaching Weaving_abas_ipay.mp3"}, "s_a_span": [44.17, 51.7], "file": "Kavalan_Xinshe/KacCon-Teaching Weaving_abas_ipay", "num": 12}], [13, {"ori": [], "gloss": [["...", "", ""], ["t<m>aita", "<AF>see", "<主焦>看"], ["timaita", "1IPL.OBL", "1IPL.斜格"], ["m--", "FS", "FS"], ["m--", "FS", "FS"], ["m-pasyasingay.\\", "AF-take.pictures", "主焦-照相"]], "free": ["#e (They come) to see us and take pictures.", "#c （他們）來看我們、照相。"], "s_end": true, "iu_a_span": [51.7, 55.83], "meta": {"topic": "Teaching Weaving", "type": "Conversation", "language": "噶瑪蘭語, Kavalan, Xinshe (新社)", "speaker": "潘天利, Abas, male, 1933-03-22", "collected": "2004-01-01", "revised": "2014-2-10", "video": "KacCon-Teaching Weaving_abas_ipay.mp3"}, "s_a_span": [51.7, 55.83], "file": "Kavalan_Xinshe/KacCon-Teaching Weaving_abas_ipay", "num": 13}], [14, {"ori": [], "gloss": [["A:", "", ""], ["[tu==", "DM", "DM"], ["bibeRuR", "cut", "砍"], ["tu", "OBL", "斜格"], ["benina]", "banana", "香蕉"], ["nani.\\", "DM", "DM"]], "free": [], "s_end": false, "iu_a_span": [55.83, 59.63], "meta": {"topic": "Teaching Weaving", "type": "Conversation", "language": "噶瑪蘭語, Kavalan, Xinshe (新社)", "speaker": "潘天利, Abas, male, 1933-03-22", "collected": "2004-01-01", "revised": "2014-2-10", "video": "KacCon-Teaching Weaving_abas_ipay.mp3"}, "file": "Kavalan_Xinshe/KacCon-Teaching Weaving_abas_ipay", "num": 14}], [15, {"ori": [], "gloss": [["I:", "", ""], ["[zin-na", "say-3SG.GEN", "說-3SG.屬格"], ["XXX],\\", "", ""]], "free": [], "s_end": false, "iu_a_span": [59.63, 56.47], "meta": {"topic": "Teaching Weaving", "type": "Conversation", "language": "噶瑪蘭語, Kavalan, Xinshe (新社)", "speaker": "潘天利, Abas, male, 1933-03-22", "collected": "2004-01-01", "revised": "2014-2-10", "video": "KacCon-Teaching Weaving_abas_ipay.mp3"}, "file": "Kavalan_Xinshe/KacCon-Teaching Weaving_abas_ipay", "num": 15}], [16, {"ori": [], "gloss": [["I:", "", ""], ["sunis", "child", "小孩"], ["a", "LNK", "連詞"], ["yau", "that", "那個"], ["nani,\\", "DM", "DM"]], "free": [], "s_end": false, "iu_a_span": [56.47, 60.9], "meta": {"topic": "Teaching Weaving", "type": "Conversation", "language": "噶瑪蘭語, Kavalan, Xinshe (新社)", "speaker": "潘天利, Abas, male, 1933-03-22", "collected": "2004-01-01", "revised": "2014-2-10", "video": "KacCon-Teaching Weaving_abas_ipay.mp3"}, "file": "Kavalan_Xinshe/KacCon-Teaching Weaving_abas_ipay", "num": 16}], [17, {"ori": [], "gloss": [["..", "", ""], ["kin--", "FS", "FS"], ["kin-spat", "CLF.HUM-four", "人量詞-四"], ["sunis", "child", "小孩"], ["a", "LNK", "連詞"], ["yau", "that", "那個"], ["tazungan", "girl", "女生"], ["Runanay", "boy", "男生"], ["u-zusa.\\", "CLF.NHUM-two", "非人量詞-二"]], "free": ["#e A: (To see us) cut banana trees? I: Four girls and two boys.", "#c A:（來看我們）砍香蕉樹的嗎? I:四個女孩子兩個男的。"], "s_end": true, "iu_a_span": [60.9, 65.05], "meta": {"topic": "Teaching Weaving", "type": "Conversation", "language": "噶瑪蘭語, Kavalan, Xinshe (新社)", "speaker": "潘天利, Abas, male, 1933-03-22", "collected": "2004-01-01", "revised": "2014-2-10", "video": "KacCon-Teaching Weaving_abas_ipay.mp3"}, "s_a_span": [55.83, 65.05], "file": "Kavalan_Xinshe/KacCon-Teaching Weaving_abas_ipay", "num": 17}], [18, {"ori": [], "gloss": [["A:", "", ""], ["...", "", ""], ["ti-tiana", "RED-who", "重疊-誰"], ["ya", "INT", "感嘆"], ["sanis,\\", "bark", "削樹皮"]], "free": [], "s_end": false, "iu_a_span": [65.05, 66.56], "meta": {"topic": "Teaching Weaving", "type": "Conversation", "language": "噶瑪蘭語, Kavalan, Xinshe (新社)", "speaker": "潘天利, Abas, male, 1933-03-22", "collected": "2004-01-01", "revised": "2014-2-10", "video": "KacCon-Teaching Weaving_abas_ipay.mp3"}, "file": "Kavalan_Xinshe/KacCon-Teaching Weaving_abas_ipay", "num": 18}], [19, {"ori": [], "gloss": [["..", "", ""], ["aisu.\\", "2SG.NOM", "2SG.主格"]], "free": ["#e A: Who is going to bark banana trees? Is that you?", "#c A: 是誰要削香蕉樹皮？是你嗎？"], "s_end": true, "iu_a_span": [66.56, 67.33], "meta": {"topic": "Teaching Weaving", "type": "Conversation", "language": "噶瑪蘭語, Kavalan, Xinshe (新社)", "speaker": "潘天利, Abas, male, 1933-03-22", "collected": "2004-01-01", "revised": "2014-2-10", "video": "KacCon-Teaching Weaving_abas_ipay.mp3"}, "s_a_span": [65.05, 67.33], "file": "Kavalan_Xinshe/KacCon-Teaching Weaving_abas_ipay", "num": 19}], [20, {"ori": [], "gloss": [["I:", "", ""], ["ita", "not.know", "不知道"], ["quni-an-na=pa", "how-LF-3SG.GEN=FUT", "怎樣-處焦-3SG.屬格=未來"], ["t<m>ud", "<AF>teach", "<主焦>教"], ["tu", "OBL", "斜格"], ["sunis", "child", "小孩"], ["a", "LNK", "連詞"], ["yau", "that", "那個"], ["sanis=ay", "bark=REL", "削樹皮=關係詞"], ["[1", "", ""], ["ka", "INT", "感嘆"], ["1],\\", "", ""]], "free": ["#e I don't know who is going to teach the children (i.e. the students from Taipei).", "#c 我不知道是誰要去教小孩子（台北來的學生）。"], "s_end": true, "iu_a_span": [67.33, 72.09], "meta": {"topic": "Teaching Weaving", "type": "Conversation", "language": "噶瑪蘭語, Kavalan, Xinshe (新社)", "speaker": "潘天利, Abas, male, 1933-03-22", "collected": "2004-01-01", "revised": "2014-2-10", "video": "KacCon-Teaching Weaving_abas_ipay.mp3"}, "s_a_span": [67.33, 72.09], "file": "Kavalan_Xinshe/KacCon-Teaching Weaving_abas_ipay", "num": 20}], [21, {"ori": [], "gloss": [["A:", "", ""], ["[1aw1]", "INT", "感嘆"], ["aisu", "2SG.NOM", "2SG.主格"], ["m-tud=ay", "AF-teach=REL", "主焦-教=關係詞"], ["[2tu", "OBL", "斜格"], ["sunis", "child", "小孩"], ["a", "LNK", "連詞"], ["yau2].\\", "that", "那個"]], "free": [], "s_end": false, "iu_a_span": [72.09, 71.42], "meta": {"topic": "Teaching Weaving", "type": "Conversation", "language": "噶瑪蘭語, Kavalan, Xinshe (新社)", "speaker": "潘天利, Abas, male, 1933-03-22", "collected": "2004-01-01", "revised": "2014-2-10", "video": "KacCon-Teaching Weaving_abas_ipay.mp3"}, "file": "Kavalan_Xinshe/KacCon-Teaching Weaving_abas_ipay", "num": 21}], [22, {"ori": [], "gloss": [["I:", "", ""], ["[2tud-a-ka", "teach-A-1SG.GEN", "教-A-1SG.屬格"], ["sunis", "child", "小孩"], ["a", "NOM", "主格"], ["yau2]", "that", "那個"], ["tu", "COMP", "補語詞"], ["sanis-an", "bark-LF", "削數皮-處焦"], ["si.\\", "COND", "條件詞"]], "free": [], "s_end": false, "iu_a_span": [71.42, 72.83], "meta": {"topic": "Teaching Weaving", "type": "Conversation", "language": "噶瑪蘭語, Kavalan, Xinshe (新社)", "speaker": "潘天利, Abas, male, 1933-03-22", "collected": "2004-01-01", "revised": "2014-2-10", "video": "KacCon-Teaching Weaving_abas_ipay.mp3"}, "file": "Kavalan_Xinshe/KacCon-Teaching Weaving_abas_ipay", "num": 22}], [23, {"ori": [], "gloss": [["A:", "", ""], ["..", "", ""], ["u_", "BC", "BC"]], "free": [], "s_end": false, "iu_a_span": [72.83, 75.88], "meta": {"topic": "Teaching Weaving", "type": "Conversation", "language": "噶瑪蘭語, Kavalan, Xinshe (新社)", "speaker": "潘天利, Abas, male, 1933-03-22", "collected": "2004-01-01", "revised": "2014-2-10", "video": "KacCon-Teaching Weaving_abas_ipay.mp3"}, "file": "Kavalan_Xinshe/KacCon-Teaching Weaving_abas_ipay", "num": 23}], [24, {"ori": [], "gloss": [["I:", "", ""], ["..", "", ""], ["pun=ti", "finish=PFV", "完成=完成"], ["pibeRuR", "cut", "砍"], ["sanis=pama", "bark=still", "削樹皮=仍"], ["si.\\", "COND", "條件詞"]], "free": ["#e A: It's you who will teach the children. I: I'll teach the children to bark banana trees. A: Um... I: After cutting down banana trees, peel off the bark.", "#c A:我要教小孩子削香蕉樹皮。 I:就是你要去教小孩子。 A:嗯... I:先把香蕉樹砍好，再削樹皮。"], "s_end": true, "iu_a_span": [75.88, 77.63], "meta": {"topic": "Teaching Weaving", "type": "Conversation", "language": "噶瑪蘭語, Kavalan, Xinshe (新社)", "speaker": "潘天利, Abas, male, 1933-03-22", "collected": "2004-01-01", "revised": "2014-2-10", "video": "KacCon-Teaching Weaving_abas_ipay.mp3"}, "s_a_span": [72.09, 77.63], "file": "Kavalan_Xinshe/KacCon-Teaching Weaving_abas_ipay", "num": 24}], [25, {"ori": [], "gloss": [["...", "", ""], ["pun=ti", "finish=PFV", "完成=完成"], ["s<m>anis", "<AF>bark", "<主焦>削樹皮"], ["si,\\", "COND", "條件詞"]], "free": [], "s_end": false, "iu_a_span": [77.63, 79.37], "meta": {"topic": "Teaching Weaving", "type": "Conversation", "language": "噶瑪蘭語, Kavalan, Xinshe (新社)", "speaker": "潘天利, Abas, male, 1933-03-22", "collected": "2004-01-01", "revised": "2014-2-10", "video": "KacCon-Teaching Weaving_abas_ipay.mp3"}, "file": "Kavalan_Xinshe/KacCon-Teaching Weaving_abas_ipay", "num": 25}], [26, {"ori": [], "gloss": [["...(1.0)", "", ""], ["pawaRi=ti", "dry=PFV", "曬乾=完成"], ["si", "COND", "條件詞"], ["nutuz=ti", "braid=PFV", "接結=完成"], ["m", "FIL", "FIL"], ["s--", "FS", "FS"], ["sanis", "bark", "削樹皮"], ["sinas=ti", "tear=PFV", "分線絲=完成"], ["si,\\", "COND", "條件詞"]], "free": [], "s_end": false, "iu_a_span": [79.37, 84.27], "meta": {"topic": "Teaching Weaving", "type": "Conversation", "language": "噶瑪蘭語, Kavalan, Xinshe (新社)", "speaker": "潘天利, Abas, male, 1933-03-22", "collected": "2004-01-01", "revised": "2014-2-10", "video": "KacCon-Teaching Weaving_abas_ipay.mp3"}, "file": "Kavalan_Xinshe/KacCon-Teaching Weaving_abas_ipay", "num": 26}], [27, {"ori": [], "gloss": [["...", "", ""], ["nutuz=ti", "braid=PFV", "接結=完成"], ["zin-na.\\", "say-3SG.GEN", "說-3SG.屬格"]], "free": ["#e After barking banana trees, dry the bark and braid...bark...tear the bark into threads, and then braid the threads.", "#c 剝完香蕉樹皮後，把樹皮曬乾然後接結...削樹皮...分線絲，然後接結。", "#n 曬乾後應該是先分線絲然後才接線。", "#n sinas是指將曬乾後的樹皮撕成一條一條的細線。", "#n nutuz是指把從樹皮撕下來的線絲接在一起。"], "s_end": true, "iu_a_span": [84.27, 86.53], "meta": {"topic": "Teaching Weaving", "type": "Conversation", "language": "噶瑪蘭語, Kavalan, Xinshe (新社)", "speaker": "潘天利, Abas, male, 1933-03-22", "collected": "2004-01-01", "revised": "2014-2-10", "video": "KacCon-Teaching Weaving_abas_ipay.mp3"}, "s_a_span": [77.63, 86.53], "file": "Kavalan_Xinshe/KacCon-Teaching Weaving_abas_ipay", "num": 27}], [28, {"ori": [], "gloss": [["...", "", ""], ["kin-spat", "CLF.HUM-four", "人量詞-四"], ["[1sunis", "child", "小孩"], ["a", "LNK", "連詞"], ["yau1],\\", "that", "那個"]], "free": [], "s_end": false, "iu_a_span": [86.53, 88.17], "meta": {"topic": "Teaching Weaving", "type": "Conversation", "language": "噶瑪蘭語, Kavalan, Xinshe (新社)", "speaker": "潘天利, Abas, male, 1933-03-22", "collected": "2004-01-01", "revised": "2014-2-10", "video": "KacCon-Teaching Weaving_abas_ipay.mp3"}, "file": "Kavalan_Xinshe/KacCon-Teaching Weaving_abas_ipay", "num": 28}], [29, {"ori": [], "gloss": [["A:", "", ""], ["[1qum-qumni1]", "RED-how", "重疊-怎麼"], ["iza", "do.sth", "做某事"], ["[2", "", ""], ["maiseng", "dry", "乾"], ["2].\\", "", ""]], "free": [], "s_end": false, "iu_a_span": [88.17, 87.47], "meta": {"topic": "Teaching Weaving", "type": "Conversation", "language": "噶瑪蘭語, Kavalan, Xinshe (新社)", "speaker": "潘天利, Abas, male, 1933-03-22", "collected": "2004-01-01", "revised": "2014-2-10", "video": "KacCon-Teaching Weaving_abas_ipay.mp3"}, "file": "Kavalan_Xinshe/KacCon-Teaching Weaving_abas_ipay", "num": 29}], [30, {"ori": [], "gloss": [["I:", "", ""], ["[2ala2]", "take", "拿"], ["ala=pa=iku", "take=FUT=1SG.NOM", "拿=未來=1SG.主格"], ["tu", "ObL", "斜格"], ["[3maiseng=ay3].\\", "dry=REL", "乾=關係詞"]], "free": [], "s_end": false, "iu_a_span": [87.47, 89.27], "meta": {"topic": "Teaching Weaving", "type": "Conversation", "language": "噶瑪蘭語, Kavalan, Xinshe (新社)", "speaker": "潘天利, Abas, male, 1933-03-22", "collected": "2004-01-01", "revised": "2014-2-10", "video": "KacCon-Teaching Weaving_abas_ipay.mp3"}, "file": "Kavalan_Xinshe/KacCon-Teaching Weaving_abas_ipay", "num": 30}], [31, {"ori": [], "gloss": [["A:", "", ""], ["[3tu", "DM", "DM"], ["maiseng=ay3]", "dry=REL", "乾=關係詞"], ["[4sa-sanis-an4].\\", "SA-bark-NMZ", "SA-削樹皮-名物化"]], "free": ["#n 此處sanis應改為sinas才對。", "#n 此處sanis應改為sinas才對。"], "s_end": false, "iu_a_span": [89.27, 91.93], "meta": {"topic": "Teaching Weaving", "type": "Conversation", "language": "噶瑪蘭語, Kavalan, Xinshe (新社)", "speaker": "潘天利, Abas, male, 1933-03-22", "collected": "2004-01-01", "revised": "2014-2-10", "video": "KacCon-Teaching Weaving_abas_ipay.mp3"}, "file": "Kavalan_Xinshe/KacCon-Teaching Weaving_abas_ipay", "num": 31}], [32, {"ori": [], "gloss": [["I:", "", ""], ["[4ala=pa=iku", "take=FUT=1SG.NOM", "拿=未來=1SG.主格"], ["tu", "OBL", "斜格"], ["maiseng4].\\", "dry", "乾"]], "free": [], "s_end": false, "iu_a_span": [91.93, 91.51], "meta": {"topic": "Teaching Weaving", "type": "Conversation", "language": "噶瑪蘭語, Kavalan, Xinshe (新社)", "speaker": "潘天利, Abas, male, 1933-03-22", "collected": "2004-01-01", "revised": "2014-2-10", "video": "KacCon-Teaching Weaving_abas_ipay.mp3"}, "file": "Kavalan_Xinshe/KacCon-Teaching Weaving_abas_ipay", "num": 32}], [33, {"ori": [], "gloss": [["A:", "", ""], ["..", "", ""], ["paqenanem=isu", "alone=2SG.NOM", "一個人=2SG.主格"], ["baibudan", "female.elder", "女性老人家"], ["ni._", "Q", "疑問"]], "free": ["#e [Translation missing] A: How could you (braid the threads) without drying (the bark) first? I: I'll take the dried (bark). I: The dried (bark) is for barking. I: I'll take the dried (bark). A: Are you the only elder?", "#c [翻譯漏失] A:還沒曬乾怎麼（弄線）呢？ I:我要拿曬乾的。 A:乾的是要用來削樹皮的。 I:我要拿曬乾的。 A:只有你一個老人家嗎？"], "s_end": true, "iu_a_span": [91.51, 94.7], "meta": {"topic": "Teaching Weaving", "type": "Conversation", "language": "噶瑪蘭語, Kavalan, Xinshe (新社)", "speaker": "潘天利, Abas, male, 1933-03-22", "collected": "2004-01-01", "revised": "2014-2-10", "video": "KacCon-Teaching Weaving_abas_ipay.mp3"}, "s_a_span": [86.53, 94.7], "file": "Kavalan_Xinshe/KacCon-Teaching Weaving_abas_ipay", "num": 33}], [34, {"ori": [], "gloss": [["I:", "", ""], ["..", "", ""], ["mituRung", "ball.of.string", "線球"], ["yau", "EXIST", "存在"], ["mituRung=ti,_", "ball.of.string=PFV", "線球=完成"]], "free": [], "s_end": false, "iu_a_span": [94.7, 96.74], "meta": {"topic": "Teaching Weaving", "type": "Conversation", "language": "噶瑪蘭語, Kavalan, Xinshe (新社)", "speaker": "潘天利, Abas, male, 1933-03-22", "collected": "2004-01-01", "revised": "2014-2-10", "video": "KacCon-Teaching Weaving_abas_ipay.mp3"}, "file": "Kavalan_Xinshe/KacCon-Teaching Weaving_abas_ipay", "num": 34}], [35, {"ori": [], "gloss": [["...", "", ""], ["ala=pa=ti", "take=FUT=PFV", "拿=未來=完成"], ["tu", "OBL", "斜格"], ["mituRung", "ball.of.string", "線球"], ["sanaqnaqu", "do.so", "這樣弄"], ["si==._", "COND", "條件詞"]], "free": ["#e (I'll) take the ball of banana threads and (teach students) to do so.", "#c (我)會拿用香蕉樹皮撕下的線做成的線球，（教學生）就這樣弄。"], "s_end": true, "iu_a_span": [96.74, 99.92], "meta": {"topic": "Teaching Weaving", "type": "Conversation", "language": "噶瑪蘭語, Kavalan, Xinshe (新社)", "speaker": "潘天利, Abas, male, 1933-03-22", "collected": "2004-01-01", "revised": "2014-2-10", "video": "KacCon-Teaching Weaving_abas_ipay.mp3"}, "s_a_span": [94.7, 99.92], "file": "Kavalan_Xinshe/KacCon-Teaching Weaving_abas_ipay", "num": 35}], [36, {"ori": [], "gloss": [["A:", "", ""], ["u.\\", "BC", "BC"]], "free": [], "s_end": false, "iu_a_span": [99.92, 100.33], "meta": {"topic": "Teaching Weaving", "type": "Conversation", "language": "噶瑪蘭語, Kavalan, Xinshe (新社)", "speaker": "潘天利, Abas, male, 1933-03-22", "collected": "2004-01-01", "revised": "2014-2-10", "video": "KacCon-Teaching Weaving_abas_ipay.mp3"}, "file": "Kavalan_Xinshe/KacCon-Teaching Weaving_abas_ipay", "num": 36}], [37, {"ori": [], "gloss": [["I:", "", ""], ["..", "", ""], ["mituRung", "ball.of.string", "線球"], ["'nay", "that", "那個"], ["tu", "DM", "DM"], ["snazau=ay", "this.way=REL", "這樣=關係詞"], ["mituRung.\\", "ball.of.string", "線球"]], "free": ["#e A: Um. I: This is the ball of banana threads.", "#c A:嗯。 I:這個就是用香蕉樹皮撕下的線做成的線球。"], "s_end": true, "iu_a_span": [100.33, 102.57], "meta": {"topic": "Teaching Weaving", "type": "Conversation", "language": "噶瑪蘭語, Kavalan, Xinshe (新社)", "speaker": "潘天利, Abas, male, 1933-03-22", "collected": "2004-01-01", "revised": "2014-2-10", "video": "KacCon-Teaching Weaving_abas_ipay.mp3"}, "s_a_span": [99.92, 102.57], "file": "Kavalan_Xinshe/KacCon-Teaching Weaving_abas_ipay", "num": 37}], [38, {"ori": [], "gloss": [["A:", "", ""], ["u.\\", "BC", "BC"]], "free": [], "s_end": false, "iu_a_span": [102.57, 102.99], "meta": {"topic": "Teaching Weaving", "type": "Conversation", "language": "噶瑪蘭語, Kavalan, Xinshe (新社)", "speaker": "潘天利, Abas, male, 1933-03-22", "collected": "2004-01-01", "revised": "2014-2-10", "video": "KacCon-Teaching Weaving_abas_ipay.mp3"}, "file": "Kavalan_Xinshe/KacCon-Teaching Weaving_abas_ipay", "num": 38}], [39, {"ori": [], "gloss": [["I:", "", ""], ["..", "", ""], ["temawaR", "tomorrow", "明天"], ["tayan", "there", "那裡"], ["sa-taita-an-na._", "SA-see-NMZ-3PL.GEN", "SA-看-名物化-3PL.屬格"]], "free": ["#e A: Um. I: This is to be seen there tomorrow.", "#c A:嗯。 I:明天在那邊的時候要看的。"], "s_end": true, "iu_a_span": [102.99, 105.15], "meta": {"topic": "Teaching Weaving", "type": "Conversation", "language": "噶瑪蘭語, Kavalan, Xinshe (新社)", "speaker": "潘天利, Abas, male, 1933-03-22", "collected": "2004-01-01", "revised": "2014-2-10", "video": "KacCon-Teaching Weaving_abas_ipay.mp3"}, "s_a_span": [102.57, 105.15], "file": "Kavalan_Xinshe/KacCon-Teaching Weaving_abas_ipay", "num": 39}], [40, {"ori": [], "gloss": [["A:", "", ""], ["Ralis", "??", "??"], ["[qatuRuza-an-su].\\", "finish.immediately-LF-2SG.GEN", "馬上做完-處焦-2SG.屬格"]], "free": ["#n Ralis nayau saizi: 就是這樣嗎?", "#n qatuRuza-an s<m>udad ni: 沒那麼快寫完", "#n Ralis nayau saizi: 就是這樣嗎?", "#n qatuRuza-an s&lt;m&gt;udad ni: 沒那麼快寫完"], "s_end": false, "iu_a_span": [105.15, 107.64], "meta": {"topic": "Teaching Weaving", "type": "Conversation", "language": "噶瑪蘭語, Kavalan, Xinshe (新社)", "speaker": "潘天利, Abas, male, 1933-03-22", "collected": "2004-01-01", "revised": "2014-2-10", "video": "KacCon-Teaching Weaving_abas_ipay.mp3"}, "file": "Kavalan_Xinshe/KacCon-Teaching Weaving_abas_ipay", "num": 40}], [41, {"ori": [], "gloss": [["I:", "", ""], ["[pun=ti", "finish=PFV", "完成=完成"], ["m-iza", "AF-do.sth", "主焦-做某事"], ["si],\\", "COND", "條件詞"]], "free": [], "s_end": false, "iu_a_span": [107.64, 106.39], "meta": {"topic": "Teaching Weaving", "type": "Conversation", "language": "噶瑪蘭語, Kavalan, Xinshe (新社)", "speaker": "潘天利, Abas, male, 1933-03-22", "collected": "2004-01-01", "revised": "2014-2-10", "video": "KacCon-Teaching Weaving_abas_ipay.mp3"}, "file": "Kavalan_Xinshe/KacCon-Teaching Weaving_abas_ipay", "num": 41}], [42, {"ori": [], "gloss": [["...", "", ""], ["Risay=ti...", "wind.threads.onto.loom=PFV", "把線纏繞在織布機上=完成"], ["Risay=ti=imi.\\", "wind.threads.onto.loom=PFV=1EPL.NOM", "把線纏繞在織布機上=完成=1EPL.主格"]], "free": ["#e A: Can you finish it immediately? I: After finishing this, we'll wind threads onto the loom.", "#c A:你可以馬上做完嗎？ I:做完了的時候，我們會把線纏繞在織布機上。"], "s_end": true, "iu_a_span": [106.39, 110.45], "meta": {"topic": "Teaching Weaving", "type": "Conversation", "language": "噶瑪蘭語, Kavalan, Xinshe (新社)", "speaker": "潘天利, Abas, male, 1933-03-22", "collected": "2004-01-01", "revised": "2014-2-10", "video": "KacCon-Teaching Weaving_abas_ipay.mp3"}, "s_a_span": [105.15, 110.45], "file": "Kavalan_Xinshe/KacCon-Teaching Weaving_abas_ipay", "num": 42}], [43, {"ori": [], "gloss": [["A:(0)", "", ""], ["azas", "bring", "帶"], ["a-", "FS", "FS"], ["[1yau1]", "EXIST", "存在"], ["Risay-an", "wind.threads.onto.loom-NMZ", "把線繞在織布機上-名物化"], ["tayan", "there", "那裡"], ["[2Raw2].\\", "INT", "感嘆"]], "free": [], "s_end": false, "iu_a_span": [110.45, 110.45], "meta": {"topic": "Teaching Weaving", "type": "Conversation", "language": "噶瑪蘭語, Kavalan, Xinshe (新社)", "speaker": "潘天利, Abas, male, 1933-03-22", "collected": "2004-01-01", "revised": "2014-2-10", "video": "KacCon-Teaching Weaving_abas_ipay.mp3"}, "file": "Kavalan_Xinshe/KacCon-Teaching Weaving_abas_ipay", "num": 43}], [44, {"ori": [], "gloss": [["I:", "", ""], ["[1yau1],\\", "EXIST", "存在"]], "free": [], "s_end": false, "iu_a_span": [110.45, 111.33], "meta": {"topic": "Teaching Weaving", "type": "Conversation", "language": "噶瑪蘭語, Kavalan, Xinshe (新社)", "speaker": "潘天利, Abas, male, 1933-03-22", "collected": "2004-01-01", "revised": "2014-2-10", "video": "KacCon-Teaching Weaving_abas_ipay.mp3"}, "file": "Kavalan_Xinshe/KacCon-Teaching Weaving_abas_ipay", "num": 44}], [45, {"ori": [], "gloss": [["I:", "", ""], ["[2yau2]", "EXIST", "存在"], ["tayan", "there", "那裡"], ["u-zusa", "CLF.NHUM-two", "非人量詞-二"], ["[3Risay-an", "wind.threads.onto.loom-NMZ", "把線繞在織布機上-名物化"], ["tenun-an3]", "weave-NMZ", "編織-名物化"], ["tayan.\\", "there", "那邊"]], "free": [], "s_end": false, "iu_a_span": [111.33, 112.45], "meta": {"topic": "Teaching Weaving", "type": "Conversation", "language": "噶瑪蘭語, Kavalan, Xinshe (新社)", "speaker": "潘天利, Abas, male, 1933-03-22", "collected": "2004-01-01", "revised": "2014-2-10", "video": "KacCon-Teaching Weaving_abas_ipay.mp3"}, "file": "Kavalan_Xinshe/KacCon-Teaching Weaving_abas_ipay", "num": 45}], [46, {"ori": [], "gloss": [["A:", "", ""], ["[3o...", "BC", "BC"], ["m3].\\", "BC", "BC"]], "free": [], "s_end": false, "iu_a_span": [112.45, 113.55], "meta": {"topic": "Teaching Weaving", "type": "Conversation", "language": "噶瑪蘭語, Kavalan, Xinshe (新社)", "speaker": "潘天利, Abas, male, 1933-03-22", "collected": "2004-01-01", "revised": "2014-2-10", "video": "KacCon-Teaching Weaving_abas_ipay.mp3"}, "file": "Kavalan_Xinshe/KacCon-Teaching Weaving_abas_ipay", "num": 46}], [47, {"ori": [], "gloss": [["I:", "", ""], ["..", "", ""], ["tenun=ti", "weave=PFV", "編織=完成"], ["tayan", "there", "那裡"], ["qaya", "also", "也"], ["si.\\", "COND", "條件詞"]], "free": ["#e A: Bring the tool for winding threads onto the loom. I: There are two looms there. A: -- I: We'll weave there.", "#c A:帶用來將線繞在織布機上的工具。 I:那邊有兩台織布機。 A: -- I:我們在那邊織布。"], "s_end": true, "iu_a_span": [113.55, 117.94], "meta": {"topic": "Teaching Weaving", "type": "Conversation", "language": "噶瑪蘭語, Kavalan, Xinshe (新社)", "speaker": "潘天利, Abas, male, 1933-03-22", "collected": "2004-01-01", "revised": "2014-2-10", "video": "KacCon-Teaching Weaving_abas_ipay.mp3"}, "s_a_span": [110.45, 117.94], "file": "Kavalan_Xinshe/KacCon-Teaching Weaving_abas_ipay", "num": 47}], [48, {"ori": [], "gloss": [["A:", "", ""], ["[yau", "EXIST", "存在"], ["qa-", "FS", "FS"], ["qawanay", "??", "??"], ["pataqsian]", "student", "學生"], ["'nay", "that", "那個"], ["saiza", "maybe", "可能"], ["t<m>enun.\\", "<AF>weave", "<主焦>編織"]], "free": [], "s_end": false, "iu_a_span": [117.94, 122.24], "meta": {"topic": "Teaching Weaving", "type": "Conversation", "language": "噶瑪蘭語, Kavalan, Xinshe (新社)", "speaker": "潘天利, Abas, male, 1933-03-22", "collected": "2004-01-01", "revised": "2014-2-10", "video": "KacCon-Teaching Weaving_abas_ipay.mp3"}, "file": "Kavalan_Xinshe/KacCon-Teaching Weaving_abas_ipay", "num": 48}], [49, {"ori": [], "gloss": [["I:", "", ""], ["[Risay=ti", "wind.threads.onto.loom=PFV", "把線繞在織布機上=完成"], ["Risay=ti", "wind.threads.onto.loom=PFV", "把線繞在織布機上=完成"], ["XXX],\\", "", ""]], "free": [], "s_end": false, "iu_a_span": [122.24, 118.07], "meta": {"topic": "Teaching Weaving", "type": "Conversation", "language": "噶瑪蘭語, Kavalan, Xinshe (新社)", "speaker": "潘天利, Abas, male, 1933-03-22", "collected": "2004-01-01", "revised": "2014-2-10", "video": "KacCon-Teaching Weaving_abas_ipay.mp3"}, "file": "Kavalan_Xinshe/KacCon-Teaching Weaving_abas_ipay", "num": 49}], [50, {"ori": [], "gloss": [["I:", "", ""], ["...en.\\", "BC", "BC"]], "free": [], "s_end": false, "iu_a_span": [118.07, 122.93], "meta": {"topic": "Teaching Weaving", "type": "Conversation", "language": "噶瑪蘭語, Kavalan, Xinshe (新社)", "speaker": "潘天利, Abas, male, 1933-03-22", "collected": "2004-01-01", "revised": "2014-2-10", "video": "KacCon-Teaching Weaving_abas_ipay.mp3"}, "file": "Kavalan_Xinshe/KacCon-Teaching Weaving_abas_ipay", "num": 50}], [51, {"ori": [], "gloss": [["A:", "", ""], ["tud", "teach", "教"], ["zanti", "before", "之前"], ["ni-tud-su", "PFV-teach-2SG.GEN", "完成-教-2SG.屬格"], ["ya==", "INT", "感嘆"], ["[1pataqsian", "student", "學生"], ["'nay1].\\", "that", "那個"]], "free": ["#e A: Will the students practice weaving? I: They wound threads onto the loom. A: Have you taught students before?", "#c A:那些學生要練習織布嗎？I: 他們把線繞在織布機上。 A:之前你有教過學生嗎？"], "s_end": true, "iu_a_span": [122.93, 126.37], "meta": {"topic": "Teaching Weaving", "type": "Conversation", "language": "噶瑪蘭語, Kavalan, Xinshe (新社)", "speaker": "潘天利, Abas, male, 1933-03-22", "collected": "2004-01-01", "revised": "2014-2-10", "video": "KacCon-Teaching Weaving_abas_ipay.mp3"}, "s_a_span": [117.94, 126.37], "file": "Kavalan_Xinshe/KacCon-Teaching Weaving_abas_ipay", "num": 51}], [52, {"ori": [], "gloss": [["I:", "", ""], ["[1ni-tud-an=ti1]", "PFV-teach-NMZ=PFV", "完成-教-名物化=完成"], ["nayau", "that.way", "那樣"], ["ngatu", "half", "一半"], ["ngatu=ti,/", "half=PFV", "一半=完成"]], "free": [], "s_end": false, "iu_a_span": [126.37, 125.19], "meta": {"topic": "Teaching Weaving", "type": "Conversation", "language": "噶瑪蘭語, Kavalan, Xinshe (新社)", "speaker": "潘天利, Abas, male, 1933-03-22", "collected": "2004-01-01", "revised": "2014-2-10", "video": "KacCon-Teaching Weaving_abas_ipay.mp3"}, "file": "Kavalan_Xinshe/KacCon-Teaching Weaving_abas_ipay", "num": 52}], [53, {"ori": [], "gloss": [["I:..", "", ""], ["[2", "", ""], ["XXX", "", ""], ["2].\\", "", ""]], "free": [], "s_end": false, "iu_a_span": [125.19, 128.65], "meta": {"topic": "Teaching Weaving", "type": "Conversation", "language": "噶瑪蘭語, Kavalan, Xinshe (新社)", "speaker": "潘天利, Abas, male, 1933-03-22", "collected": "2004-01-01", "revised": "2014-2-10", "video": "KacCon-Teaching Weaving_abas_ipay.mp3"}, "file": "Kavalan_Xinshe/KacCon-Teaching Weaving_abas_ipay", "num": 53}], [54, {"ori": [], "gloss": [["A:", "", ""], ["[2azas-an-na=pa", "take-LF-3PL.GEN=FUT", "拿-處焦-3PL.屬格=未來"], ["na", "GEN", "屬格"], ["pataqsian", "student", "學生"], ["a", "LNK", "連詞"], ["yau", "that", "那個"], ["saiza", "maybe", "可能"], ["ya==...", "NOM", "主格"], ["pitnunan2].\\", "woods.for.weaving", "織布機的木頭"]], "free": [], "s_end": false, "iu_a_span": [128.65, 128.65], "meta": {"topic": "Teaching Weaving", "type": "Conversation", "language": "噶瑪蘭語, Kavalan, Xinshe (新社)", "speaker": "潘天利, Abas, male, 1933-03-22", "collected": "2004-01-01", "revised": "2014-2-10", "video": "KacCon-Teaching Weaving_abas_ipay.mp3"}, "file": "Kavalan_Xinshe/KacCon-Teaching Weaving_abas_ipay", "num": 54}], [55, {"ori": [], "gloss": [["I:", "", ""], ["..", "", ""], ["ala-an-na=pa", "take-LF-3PL.GEN=FUT", "拿-處焦-3PL.屬格=未來"], ["ya", "INT", "感嘆"], ["azas-an-na=pa", "take-LF-3PL.GEN=FUT", "拿-處焦-3PL.屬格=未來"], ["temawaR", "tomorrow", "明天"], ["si.\\", "COND", "條件詞"]], "free": [], "s_end": false, "iu_a_span": [128.65, 135.29], "meta": {"topic": "Teaching Weaving", "type": "Conversation", "language": "噶瑪蘭語, Kavalan, Xinshe (新社)", "speaker": "潘天利, Abas, male, 1933-03-22", "collected": "2004-01-01", "revised": "2014-2-10", "video": "KacCon-Teaching Weaving_abas_ipay.mp3"}, "file": "Kavalan_Xinshe/KacCon-Teaching Weaving_abas_ipay", "num": 55}], [56, {"ori": [], "gloss": [["...", "", ""], ["tenun-an", "weave-NMZ", "編織-名物化"], ["yau=ti", "EXIST=PFV", "存在=完成"], ["u-zusa.\\", "CLF.NHUM-two", "非人量詞-二"]], "free": ["#e I: I didn't teach them the complete process (I only taught them by halves). A: Will the students take away what we've woven? I: There are two bolts of cloth and they'll take them away tomorrow.", "#c I: 沒有教的很完整（一半一半的教）。 A: 我們編的東西學生要帶走嗎？ I:做完的布有兩個，他們明天要帶走。"], "s_end": true, "iu_a_span": [135.29, 137.65], "meta": {"topic": "Teaching Weaving", "type": "Conversation", "language": "噶瑪蘭語, Kavalan, Xinshe (新社)", "speaker": "潘天利, Abas, male, 1933-03-22", "collected": "2004-01-01", "revised": "2014-2-10", "video": "KacCon-Teaching Weaving_abas_ipay.mp3"}, "s_a_span": [126.37, 137.65], "file": "Kavalan_Xinshe/KacCon-Teaching Weaving_abas_ipay", "num": 56}], [57, {"ori": [], "gloss": [["A:", "", ""], ["...", "", ""], ["a.\\", "BC", "BC"]], "free": [], "s_end": false, "iu_a_span": [137.65, 138.42], "meta": {"topic": "Teaching Weaving", "type": "Conversation", "language": "噶瑪蘭語, Kavalan, Xinshe (新社)", "speaker": "潘天利, Abas, male, 1933-03-22", "collected": "2004-01-01", "revised": "2014-2-10", "video": "KacCon-Teaching Weaving_abas_ipay.mp3"}, "file": "Kavalan_Xinshe/KacCon-Teaching Weaving_abas_ipay", "num": 57}], [58, {"ori": [], "gloss": [["I:", "", ""], ["..", "", ""], ["azas=ti", "take=PFV", "拿=完成"], ["aiku", "1SG.NOM", "1SG.主格"], ["tu", "OBL", "斜格"], ["benina", "banana", "香蕉"], ["tu...", "OBL", "斜格"], ["ni-syangatu-ku", "PFV-begin-1SG.GEN", "完成-開始-1SG.屬格"], ["taRbabi=ay", "morning=REL", "早上=關係詞"], ["'nay.\\", "that", "那個"]], "free": ["#e A:-- I: I'll bring the banana bark which I started to do in the morning.", "#c A: -- I:我要帶早上開始做的香蕉。"], "s_end": true, "iu_a_span": [138.42, 142.0], "meta": {"topic": "Teaching Weaving", "type": "Conversation", "language": "噶瑪蘭語, Kavalan, Xinshe (新社)", "speaker": "潘天利, Abas, male, 1933-03-22", "collected": "2004-01-01", "revised": "2014-2-10", "video": "KacCon-Teaching Weaving_abas_ipay.mp3"}, "s_a_span": [137.65, 142.0], "file": "Kavalan_Xinshe/KacCon-Teaching Weaving_abas_ipay", "num": 58}], [59, {"ori": [], "gloss": [["A:", "", ""], ["..", "", ""], ["tanian=pa=ti", "where=FUT=PFV", "哪裡=未來=完成"], ["pibeRuR", "cut", "砍"], ["tu", "OBL", "斜格"], ["benina.\\", "banana", "香蕉"]], "free": ["#e Where will you chop banana trees?", "#c 在哪裡砍香蕉樹？"], "s_end": true, "iu_a_span": [142.0, 144.0], "meta": {"topic": "Teaching Weaving", "type": "Conversation", "language": "噶瑪蘭語, Kavalan, Xinshe (新社)", "speaker": "潘天利, Abas, male, 1933-03-22", "collected": "2004-01-01", "revised": "2014-2-10", "video": "KacCon-Teaching Weaving_abas_ipay.mp3"}, "s_a_span": [142.0, 144.0], "file": "Kavalan_Xinshe/KacCon-Teaching Weaving_abas_ipay", "num": 59}], [60, {"ori": [], "gloss": [["..", "", ""], ["ti-panbulung-an.\\", "NCM-PN-LOC", "類別詞-人名-處格"]], "free": ["#e At Utai's place?", "#c 潘武郎那邊嗎？", "#n panbulung是潘武郎，族名為utai。"], "s_end": true, "iu_a_span": [144.0, 144.96], "meta": {"topic": "Teaching Weaving", "type": "Conversation", "language": "噶瑪蘭語, Kavalan, Xinshe (新社)", "speaker": "潘天利, Abas, male, 1933-03-22", "collected": "2004-01-01", "revised": "2014-2-10", "video": "KacCon-Teaching Weaving_abas_ipay.mp3"}, "s_a_span": [144.0, 144.96], "file": "Kavalan_Xinshe/KacCon-Teaching Weaving_abas_ipay", "num": 60}], [61, {"ori": [], "gloss": [["I:", "", ""], ["..", "", ""], ["yau", "EXIST", "存在"], ["ta-tuqeb-an", "LOC-back-LOC", "處格-後面-處格"], ["na==", "GEN", "屬格"], ["zana", "3SG.POSS", "3SG.所有格"], ["na", "GEN", "屬格"], ["sa'mayan", "kitchen", "廚房"], ["na", "GEN", "屬格"], ["qaqu", "school", "學校"], ["ya", "INT", "感嘆"], ["kwa.\\", "INT", "感嘆"]], "free": ["#e In back of the school kitchen.", "#c 在學校廚房的後面。"], "s_end": true, "iu_a_span": [144.96, 148.88], "meta": {"topic": "Teaching Weaving", "type": "Conversation", "language": "噶瑪蘭語, Kavalan, Xinshe (新社)", "speaker": "潘天利, Abas, male, 1933-03-22", "collected": "2004-01-01", "revised": "2014-2-10", "video": "KacCon-Teaching Weaving_abas_ipay.mp3"}, "s_a_span": [144.96, 148.88], "file": "Kavalan_Xinshe/KacCon-Teaching Weaving_abas_ipay", "num": 61}], [62, {"ori": [], "gloss": [["...", "", ""], ["[yau", "EXIST", "存在"], ["kwa", "INT", "感嘆"], ["ta-tuqeb-an", "LOC-back-LOC", "處格-後面-處格"], ["].\\", "", ""]], "free": [], "s_end": false, "iu_a_span": [148.88, 150.29], "meta": {"topic": "Teaching Weaving", "type": "Conversation", "language": "噶瑪蘭語, Kavalan, Xinshe (新社)", "speaker": "潘天利, Abas, male, 1933-03-22", "collected": "2004-01-01", "revised": "2014-2-10", "video": "KacCon-Teaching Weaving_abas_ipay.mp3"}, "file": "Kavalan_Xinshe/KacCon-Teaching Weaving_abas_ipay", "num": 62}], [63, {"ori": [], "gloss": [["A:", "", ""], ["..", "", ""], ["ah,_", "FIL", "FIL"]], "free": [], "s_end": false, "iu_a_span": [150.29, 150.6], "meta": {"topic": "Teaching Weaving", "type": "Conversation", "language": "噶瑪蘭語, Kavalan, Xinshe (新社)", "speaker": "潘天利, Abas, male, 1933-03-22", "collected": "2004-01-01", "revised": "2014-2-10", "video": "KacCon-Teaching Weaving_abas_ipay.mp3"}, "file": "Kavalan_Xinshe/KacCon-Teaching Weaving_abas_ipay", "num": 63}], [64, {"ori": [], "gloss": [["A:", "", ""], ["..", "", ""], ["usa", "NEG", "否定"], ["ni-paduma-an-na", "PFV-plant-NMZ-3SG.GEN", "完成-種-名物化-3SG.屬格"], ["ni==", "GEN", "屬格"], ["asing.\\", "PN", "人名"]], "free": ["#e There are (banana trees) in back of (the school kitchen). A: Aren't they planted by Asing?", "#c 有（香蕉樹）啊，在（學校廚房）後面。 A:不是Asing種的嗎?"], "s_end": true, "iu_a_span": [150.6, 152.78], "meta": {"topic": "Teaching Weaving", "type": "Conversation", "language": "噶瑪蘭語, Kavalan, Xinshe (新社)", "speaker": "潘天利, Abas, male, 1933-03-22", "collected": "2004-01-01", "revised": "2014-2-10", "video": "KacCon-Teaching Weaving_abas_ipay.mp3"}, "s_a_span": [148.88, 152.78], "file": "Kavalan_Xinshe/KacCon-Teaching Weaving_abas_ipay", "num": 64}], [65, {"ori": [], "gloss": [["I:", "", ""], ["...", "", ""], ["zana", "3PL.POSS", "3PL.所有格"], ["situan", "student", "學生"], ["zana", "3PL.POSS", "3PL.所有格"], ["qaqu", "school", "學校"], ["'nay", "that", "那個"], ["tazian", "here", "這裡"], ["zana", "3SG.POSS", "3SG.所有格"], ["ni", "GEN", "屬格"], ["zau", "this", "這個"], ["'nay.\\", "that", "那個"]], "free": [], "s_end": false, "iu_a_span": [152.78, 157.03], "meta": {"topic": "Teaching Weaving", "type": "Conversation", "language": "噶瑪蘭語, Kavalan, Xinshe (新社)", "speaker": "潘天利, Abas, male, 1933-03-22", "collected": "2004-01-01", "revised": "2014-2-10", "video": "KacCon-Teaching Weaving_abas_ipay.mp3"}, "file": "Kavalan_Xinshe/KacCon-Teaching Weaving_abas_ipay", "num": 65}], [66, {"ori": [], "gloss": [["..", "", ""], ["zani==", "3SG.POSS", "3SG.所有格"], ["ti-banday", "NCM-PN", "類別詞-人名"], ["ni.\\", "??", "??"]], "free": ["#e Those (banana trees planted by) students (belong to) the school. Those at this place (belong to) ...... Banday.", "#c 學生種的學校管，這邊的是這個...那個...偕萬來的。"], "s_end": true, "iu_a_span": [157.03, 159.38], "meta": {"topic": "Teaching Weaving", "type": "Conversation", "language": "噶瑪蘭語, Kavalan, Xinshe (新社)", "speaker": "潘天利, Abas, male, 1933-03-22", "collected": "2004-01-01", "revised": "2014-2-10", "video": "KacCon-Teaching Weaving_abas_ipay.mp3"}, "s_a_span": [152.78, 159.38], "file": "Kavalan_Xinshe/KacCon-Teaching Weaving_abas_ipay", "num": 66}], [67, {"ori": [], "gloss": [["A:", "", ""], ["...", "", ""], ["zani", "3SG.POSS", "3SG.所有格"], ["banday=ay._", "PN=REL", "人名=關係詞"]], "free": ["#e A: Banday's.", "#c A:偕萬來的。"], "s_end": true, "iu_a_span": [159.38, 160.42], "meta": {"topic": "Teaching Weaving", "type": "Conversation", "language": "噶瑪蘭語, Kavalan, Xinshe (新社)", "speaker": "潘天利, Abas, male, 1933-03-22", "collected": "2004-01-01", "revised": "2014-2-10", "video": "KacCon-Teaching Weaving_abas_ipay.mp3"}, "s_a_span": [159.38, 160.42], "file": "Kavalan_Xinshe/KacCon-Teaching Weaving_abas_ipay", "num": 67}], [68, {"ori": [], "gloss": [["I:", "", ""], ["..", "", ""], ["ta-libeng=ay", "LOC-below=REL", "處格-下面=關係詞"], ["iki", "pond", "池塘"], ["a", "INT", "感嘆"], ["[kwa].\\", "INT", "感嘆"]], "free": [], "s_end": false, "iu_a_span": [160.42, 161.79], "meta": {"topic": "Teaching Weaving", "type": "Conversation", "language": "噶瑪蘭語, Kavalan, Xinshe (新社)", "speaker": "潘天利, Abas, male, 1933-03-22", "collected": "2004-01-01", "revised": "2014-2-10", "video": "KacCon-Teaching Weaving_abas_ipay.mp3"}, "file": "Kavalan_Xinshe/KacCon-Teaching Weaving_abas_ipay", "num": 68}], [69, {"ori": [], "gloss": [["A:", "", ""], ["[zani]", "3SG.POSS", "3SG.所有格"], ["banday=ay", "PN=REL", "人名=關係詞"], ["benina", "banana", "香蕉"], ["Raw._", "INT", "感嘆"]], "free": [], "s_end": false, "iu_a_span": [161.79, 161.6], "meta": {"topic": "Teaching Weaving", "type": "Conversation", "language": "噶瑪蘭語, Kavalan, Xinshe (新社)", "speaker": "潘天利, Abas, male, 1933-03-22", "collected": "2004-01-01", "revised": "2014-2-10", "video": "KacCon-Teaching Weaving_abas_ipay.mp3"}, "file": "Kavalan_Xinshe/KacCon-Teaching Weaving_abas_ipay", "num": 69}], [70, {"ori": [], "gloss": [["...(1.0)", "", ""], ["tayan=pa=ti", "there=FUT=PFV", "那邊=未來=完成"], ["pibeRuR", "cut", "砍"], ["saiza.\\", "maybe", "可能"]], "free": ["#e I: Those down the pond. A: Are they Banday's banana trees? Perhaps (we'll) chop (banana trees) there.", "#c I:池塘下面的。 A:是偕萬來的香蕉樹嗎？可能在那邊砍香蕉樹。"], "s_end": true, "iu_a_span": [161.6, 165.87], "meta": {"topic": "Teaching Weaving", "type": "Conversation", "language": "噶瑪蘭語, Kavalan, Xinshe (新社)", "speaker": "潘天利, Abas, male, 1933-03-22", "collected": "2004-01-01", "revised": "2014-2-10", "video": "KacCon-Teaching Weaving_abas_ipay.mp3"}, "s_a_span": [160.42, 165.87], "file": "Kavalan_Xinshe/KacCon-Teaching Weaving_abas_ipay", "num": 70}], [71, {"ori": [], "gloss": [["I:", "", ""], ["..", "", ""], ["tayan=ti", "there=PFV", "那邊=完成"], ["usiq", "one", "一"], ["ma", "only", "只"], ["si,\\", "SI", "SI"]], "free": [], "s_end": false, "iu_a_span": [165.87, 167.48], "meta": {"topic": "Teaching Weaving", "type": "Conversation", "language": "噶瑪蘭語, Kavalan, Xinshe (新社)", "speaker": "潘天利, Abas, male, 1933-03-22", "collected": "2004-01-01", "revised": "2014-2-10", "video": "KacCon-Teaching Weaving_abas_ipay.mp3"}, "file": "Kavalan_Xinshe/KacCon-Teaching Weaving_abas_ipay", "num": 71}], [72, {"ori": [], "gloss": [["..", "", ""], ["ala=pa", "take=FUT", "拿=未來"], ["tu", "OBL", "斜格"], ["benina", "banana", "香蕉"], ["yau", "EXIST", "存在"], ["si.\\", "SI", "SI"]], "free": ["#e We'll take only one banana tree.", "#c 只會拿一棵。"], "s_end": true, "iu_a_span": [167.48, 168.99], "meta": {"topic": "Teaching Weaving", "type": "Conversation", "language": "噶瑪蘭語, Kavalan, Xinshe (新社)", "speaker": "潘天利, Abas, male, 1933-03-22", "collected": "2004-01-01", "revised": "2014-2-10", "video": "KacCon-Teaching Weaving_abas_ipay.mp3"}, "s_a_span": [165.87, 168.99], "file": "Kavalan_Xinshe/KacCon-Teaching Weaving_abas_ipay", "num": 72}], [73, {"ori": [], "gloss": [["A:", "", ""], ["..", "", ""], ["u.\\", "BC", "BC"]], "free": [], "s_end": false, "iu_a_span": [168.99, 169.51], "meta": {"topic": "Teaching Weaving", "type": "Conversation", "language": "噶瑪蘭語, Kavalan, Xinshe (新社)", "speaker": "潘天利, Abas, male, 1933-03-22", "collected": "2004-01-01", "revised": "2014-2-10", "video": "KacCon-Teaching Weaving_abas_ipay.mp3"}, "file": "Kavalan_Xinshe/KacCon-Teaching Weaving_abas_ipay", "num": 73}], [74, {"ori": [], "gloss": [["I:", "", ""], ["..", "", ""], ["ala=pa=ti", "take=FUT=PFV", "拿=未來=完成"], ["tu", "OBL", "斜格"], ["azat", "short", "矮"], ["a", "LNK", "連詞"], ["zau=ay", "this=REL", "這個=關係詞"], ["benina", "banana", "香蕉"], ["saRabas=ay", "root=REL", "根=關係詞"], ["si.\\", "SI", "SI"]], "free": ["#e A: -- I: (We'll) take the banana tree which is this short.", "#c A: -- I:會拿這麼小的香蕉樹。"], "s_end": true, "iu_a_span": [169.51, 172.48], "meta": {"topic": "Teaching Weaving", "type": "Conversation", "language": "噶瑪蘭語, Kavalan, Xinshe (新社)", "speaker": "潘天利, Abas, male, 1933-03-22", "collected": "2004-01-01", "revised": "2014-2-10", "video": "KacCon-Teaching Weaving_abas_ipay.mp3"}, "s_a_span": [168.99, 172.48], "file": "Kavalan_Xinshe/KacCon-Teaching Weaving_abas_ipay", "num": 74}], [75, {"ori": [], "gloss": [["A:", "", ""], ["...(0.7)", "", ""], ["[sa-pa-qaita-an", "...", "..."], ["tu", "SA-CAU-see-NMZ", "SA-使役-看-名物化"], ["nazau=ay]", "OBL", "斜格"], ["benina", "this.way=REL", "這樣=關係詞"], ["tizi", "banana", "香蕉"], ["Raw.\\", "actually", "原來"]], "free": [], "s_end": false, "iu_a_span": [172.48, 176.36], "meta": {"topic": "Teaching Weaving", "type": "Conversation", "language": "噶瑪蘭語, Kavalan, Xinshe (新社)", "speaker": "潘天利, Abas, male, 1933-03-22", "collected": "2004-01-01", "revised": "2014-2-10", "video": "KacCon-Teaching Weaving_abas_ipay.mp3"}, "file": "Kavalan_Xinshe/KacCon-Teaching Weaving_abas_ipay", "num": 75}], [76, {"ori": [], "gloss": [["I:", "", ""], ["[t<m>nun", "<AF>weave", "<主焦>編織"], ["...", "", ""], ["Raw].\\", "INT", "感嘆"]], "free": [], "s_end": false, "iu_a_span": [176.36, 174.03], "meta": {"topic": "Teaching Weaving", "type": "Conversation", "language": "噶瑪蘭語, Kavalan, Xinshe (新社)", "speaker": "潘天利, Abas, male, 1933-03-22", "collected": "2004-01-01", "revised": "2014-2-10", "video": "KacCon-Teaching Weaving_abas_ipay.mp3"}, "file": "Kavalan_Xinshe/KacCon-Teaching Weaving_abas_ipay", "num": 76}], [77, {"ori": [], "gloss": [["I:", "", ""], ["..", "", ""], ["t<m>nun", "<AF>weave", "<主焦>編織"], ["tayan", "there", "那裡"], ["si.\\", "COND", "條件詞"]], "free": [], "s_end": false, "iu_a_span": [174.03, 177.47], "meta": {"topic": "Teaching Weaving", "type": "Conversation", "language": "噶瑪蘭語, Kavalan, Xinshe (新社)", "speaker": "潘天利, Abas, male, 1933-03-22", "collected": "2004-01-01", "revised": "2014-2-10", "video": "KacCon-Teaching Weaving_abas_ipay.mp3"}, "file": "Kavalan_Xinshe/KacCon-Teaching Weaving_abas_ipay", "num": 77}], [78, {"ori": [], "gloss": [["...", "", ""], ["qa-yau=ti", "QA-EXIST=PFV", "QA-存在=完成"], ["t<m>nun", "<AF>weave", "<主焦>編織"], ["si.\\", "COND", "條件詞"]], "free": [], "s_end": false, "iu_a_span": [177.47, 178.81], "meta": {"topic": "Teaching Weaving", "type": "Conversation", "language": "噶瑪蘭語, Kavalan, Xinshe (新社)", "speaker": "潘天利, Abas, male, 1933-03-22", "collected": "2004-01-01", "revised": "2014-2-10", "video": "KacCon-Teaching Weaving_abas_ipay.mp3"}, "file": "Kavalan_Xinshe/KacCon-Teaching Weaving_abas_ipay", "num": 78}], [79, {"ori": [], "gloss": [["...", "", ""], ["yau", "EXIST", "存在"], ["benina", "banana", "香蕉"], ["a", "LNK", "連詞"], ["yau.\\", "that", "那個"]], "free": ["#e A: This is the kind of banana tree which is to be shown to (the students). I: If we are to weave there, there are banana trees.", "#c A:要拿給他們看的香蕉原來是這種的。 I:要在那邊編織的話，有香蕉樹。"], "s_end": true, "iu_a_span": [178.81, 180.22], "meta": {"topic": "Teaching Weaving", "type": "Conversation", "language": "噶瑪蘭語, Kavalan, Xinshe (新社)", "speaker": "潘天利, Abas, male, 1933-03-22", "collected": "2004-01-01", "revised": "2014-2-10", "video": "KacCon-Teaching Weaving_abas_ipay.mp3"}, "s_a_span": [172.48, 180.22], "file": "Kavalan_Xinshe/KacCon-Teaching Weaving_abas_ipay", "num": 79}], [80, {"ori": [], "gloss": [["..", "", ""], ["naquni=ay", "how=REL", "怎麼=關係詞"], ["zau", "this", "這個"], ["benina", "banana", "香蕉"], ["zau,\\", "this", "這個"]], "free": [], "s_end": false, "iu_a_span": [180.22, 182.04], "meta": {"topic": "Teaching Weaving", "type": "Conversation", "language": "噶瑪蘭語, Kavalan, Xinshe (新社)", "speaker": "潘天利, Abas, male, 1933-03-22", "collected": "2004-01-01", "revised": "2014-2-10", "video": "KacCon-Teaching Weaving_abas_ipay.mp3"}, "file": "Kavalan_Xinshe/KacCon-Teaching Weaving_abas_ipay", "num": 80}], [81, {"ori": [], "gloss": [["...", "", ""], ["sangi-an", "do-NMZ", "做-名物化"], ["a", "LNK", "連詞"], ["zau=ay", "this=REL", "這個=關係詞"], ["benina.\\", "banana", "香蕉"]], "free": ["#e The banana tree we'll do is this kind (i.e. the short banana trees mentioned above).", "#c 要做的是像那樣的香蕉（指上面所提到的那種小的香蕉樹）。"], "s_end": true, "iu_a_span": [182.04, 183.93], "meta": {"topic": "Teaching Weaving", "type": "Conversation", "language": "噶瑪蘭語, Kavalan, Xinshe (新社)", "speaker": "潘天利, Abas, male, 1933-03-22", "collected": "2004-01-01", "revised": "2014-2-10", "video": "KacCon-Teaching Weaving_abas_ipay.mp3"}, "s_a_span": [180.22, 183.93], "file": "Kavalan_Xinshe/KacCon-Teaching Weaving_abas_ipay", "num": 81}], [82, {"ori": [], "gloss": [["...(0.7)", "", ""], ["zin-ku=pa=ti", "say-1SG.GEN=FUT=PFV", "說-1SG.屬格=未來=完成"], ["qaya", "also", "也"], ["s<m>anu", "<AF>tell", "<主焦>說"], ["saiza.\\", "maybe", "可能"]], "free": ["#e I told (the students) thus.", "#c 我這樣講（給那些大學生聽）。"], "s_end": true, "iu_a_span": [183.93, 186.73], "meta": {"topic": "Teaching Weaving", "type": "Conversation", "language": "噶瑪蘭語, Kavalan, Xinshe (新社)", "speaker": "潘天利, Abas, male, 1933-03-22", "collected": "2004-01-01", "revised": "2014-2-10", "video": "KacCon-Teaching Weaving_abas_ipay.mp3"}, "s_a_span": [183.93, 186.73], "file": "Kavalan_Xinshe/KacCon-Teaching Weaving_abas_ipay", "num": 82}], [83, {"ori": [], "gloss": [["A:", "", ""], ["...", "", ""], ["qa-kinani", "QA-how.many", "QA-多少"], ["Rakia-an", "??-LF", "??-處焦"], ["mawtu=ay", "AF.come=REL", "主焦.來=關係詞"], ["taipaq=ay", "Taipei=REL", "台北=關係詞"], ["[lazat].\\", "person", "人"]], "free": [], "s_end": false, "iu_a_span": [186.73, 186.98], "meta": {"topic": "Teaching Weaving", "type": "Conversation", "language": "噶瑪蘭語, Kavalan, Xinshe (新社)", "speaker": "潘天利, Abas, male, 1933-03-22", "collected": "2004-01-01", "revised": "2014-2-10", "video": "KacCon-Teaching Weaving_abas_ipay.mp3"}, "file": "Kavalan_Xinshe/KacCon-Teaching Weaving_abas_ipay", "num": 83}], [84, {"ori": [], "gloss": [["I:", "", ""], ["[Rakinani]", "??", "??"], ["smani", "not.know", "不知道"], ["ni-tingaR-na", "PFV-call-3SG.GEN", "完成-叫-3SG.屬格"], ["'nay._", "that", "那個"]], "free": [], "s_end": false, "iu_a_span": [186.98, 189.98], "meta": {"topic": "Teaching Weaving", "type": "Conversation", "language": "噶瑪蘭語, Kavalan, Xinshe (新社)", "speaker": "潘天利, Abas, male, 1933-03-22", "collected": "2004-01-01", "revised": "2014-2-10", "video": "KacCon-Teaching Weaving_abas_ipay.mp3"}, "file": "Kavalan_Xinshe/KacCon-Teaching Weaving_abas_ipay", "num": 84}], [85, {"ori": [], "gloss": [["...", "", ""], ["paqnanem", "alone", "單獨"], ["qawini", "that’s", "就是"], ["'nay", "that", "那個"], ["sunis", "child", "小孩"], ["a", "LNK", "連詞"], ["yau", "that", "那個"], ["zin-na.\\", "say-3SG.GEN", "說-3SG.屬格"]], "free": ["#e A: How many people from Taipei will come? I: I don't know how many people are told (to come). Only one child (will come).", "#c A:多少台北人要來？ I:叫幾個人(來)不知道。 A:就只有一個那個小孩子要來。", "#n tingaR-an-ku ti-buya pa-qawtu：我叫buya來。"], "s_end": true, "iu_a_span": [189.98, 194.19], "meta": {"topic": "Teaching Weaving", "type": "Conversation", "language": "噶瑪蘭語, Kavalan, Xinshe (新社)", "speaker": "潘天利, Abas, male, 1933-03-22", "collected": "2004-01-01", "revised": "2014-2-10", "video": "KacCon-Teaching Weaving_abas_ipay.mp3"}, "s_a_span": [186.73, 194.19], "file": "Kavalan_Xinshe/KacCon-Teaching Weaving_abas_ipay", "num": 85}], [86, {"ori": [], "gloss": [["...", "", ""], ["taita-a-kita", "see-A-1IPL.GEN", "看-A-1IPL.屬格"], ["si.\\", "SI", "SI"]], "free": ["#e Let's see.", "#c 我們看看。"], "s_end": true, "iu_a_span": [194.19, 195.59], "meta": {"topic": "Teaching Weaving", "type": "Conversation", "language": "噶瑪蘭語, Kavalan, Xinshe (新社)", "speaker": "潘天利, Abas, male, 1933-03-22", "collected": "2004-01-01", "revised": "2014-2-10", "video": "KacCon-Teaching Weaving_abas_ipay.mp3"}, "s_a_span": [194.19, 195.59], "file": "Kavalan_Xinshe/KacCon-Teaching Weaving_abas_ipay", "num": 86}], [87, {"ori": [], "gloss": [["...", "", ""], ["yau=ti", "EXIST=PFV", "存在=完成"], ["Raciang", "PN", "人名"], ["tiana._", "who", "誰"]], "free": [], "s_end": false, "iu_a_span": [195.59, 198.0], "meta": {"topic": "Teaching Weaving", "type": "Conversation", "language": "噶瑪蘭語, Kavalan, Xinshe (新社)", "speaker": "潘天利, Abas, male, 1933-03-22", "collected": "2004-01-01", "revised": "2014-2-10", "video": "KacCon-Teaching Weaving_abas_ipay.mp3"}, "file": "Kavalan_Xinshe/KacCon-Teaching Weaving_abas_ipay", "num": 87}], [88, {"ori": [], "gloss": [["...", "", ""], ["[XXX],\\", "XXX", "XXX"]], "free": [], "s_end": false, "iu_a_span": [198.0, 198.3], "meta": {"topic": "Teaching Weaving", "type": "Conversation", "language": "噶瑪蘭語, Kavalan, Xinshe (新社)", "speaker": "潘天利, Abas, male, 1933-03-22", "collected": "2004-01-01", "revised": "2014-2-10", "video": "KacCon-Teaching Weaving_abas_ipay.mp3"}, "file": "Kavalan_Xinshe/KacCon-Teaching Weaving_abas_ipay", "num": 88}], [89, {"ori": [], "gloss": [["A:", "", ""], ["[yau", "EXIST", "存在"], ["dadu", "surely", "一定"], ["ti-Raciang]", "NCM-PN", "類別詞-人名"], ["yau=ti", "EXIST=PFV", "存在=完成"], ["ti-Raciang", "NCM-PN", "類別詞-人名"], ["iza", "do.sth", "做某事"], ["mi==,\\", "??", "??"]], "free": [], "s_end": false, "iu_a_span": [198.3, 198.3], "meta": {"topic": "Teaching Weaving", "type": "Conversation", "language": "噶瑪蘭語, Kavalan, Xinshe (新社)", "speaker": "潘天利, Abas, male, 1933-03-22", "collected": "2004-01-01", "revised": "2014-2-10", "video": "KacCon-Teaching Weaving_abas_ipay.mp3"}, "file": "Kavalan_Xinshe/KacCon-Teaching Weaving_abas_ipay", "num": 89}], [90, {"ori": [], "gloss": [["...(0.7)", "", ""], ["mai==", "NEG", "否定"], ["qa-", "FS", "FS"], ["mai", "NEG", "否定"], ["syuqai", "introduce", "介紹"], ["tu==", "OBL", "斜格"], ["sikawma-an", "speak-NMZ", "講-名物化"], ["si", "COND", "條件詞"], ["taRni-na", "not.know-3PL.GEN", "不知道-3PL.屬格"], ["qaya", "also", "也"], ["na", "GEN", "屬格"], ["taypaq=ay._", "Taipei=REL", "台北=關係詞"]], "free": ["#e There is Raciang, and who... A: There will be Raciang for sure. If there is no one to introduce (i.e. translate) what we say, people from Taipei cannot understand it.", "#c 有潘金英，還有誰... A:一定有潘金英。沒有介紹我們的語言的話（翻譯我們的語言），台北的人就不會知道。"], "s_end": true, "iu_a_span": [198.3, 208.54], "meta": {"topic": "Teaching Weaving", "type": "Conversation", "language": "噶瑪蘭語, Kavalan, Xinshe (新社)", "speaker": "潘天利, Abas, male, 1933-03-22", "collected": "2004-01-01", "revised": "2014-2-10", "video": "KacCon-Teaching Weaving_abas_ipay.mp3"}, "s_a_span": [195.59, 208.54], "file": "Kavalan_Xinshe/KacCon-Teaching Weaving_abas_ipay", "num": 90}], [91, {"ori": [], "gloss": [["I:", "", ""], ["..", "", ""], ["qa-yau", "QA-EXIST", "QA-存在"], ["tang-keba=lan=ti=isu", "speak-Kavalan=PFV=2SG.NOM", "講-噶瑪蘭=完成=2SG.主格"], ["yau=ti", "EXIST=PFV", "存在=完成"], ["kaysiaku=ay.\\", "translate=REL", "翻譯=關係詞"]], "free": ["#e You speak Kavalan. There must be an interpreter.", "#c 你講噶瑪蘭，要有人翻譯。"], "s_end": true, "iu_a_span": [208.54, 212.53], "meta": {"topic": "Teaching Weaving", "type": "Conversation", "language": "噶瑪蘭語, Kavalan, Xinshe (新社)", "speaker": "潘天利, Abas, male, 1933-03-22", "collected": "2004-01-01", "revised": "2014-2-10", "video": "KacCon-Teaching Weaving_abas_ipay.mp3"}, "s_a_span": [208.54, 212.53], "file": "Kavalan_Xinshe/KacCon-Teaching Weaving_abas_ipay", "num": 91}], [92, {"ori": [], "gloss": [["A:", "", ""], ["..", "", ""], ["o.\\", "BC", "BC"]], "free": [], "s_end": false, "iu_a_span": [212.53, 213.3], "meta": {"topic": "Teaching Weaving", "type": "Conversation", "language": "噶瑪蘭語, Kavalan, Xinshe (新社)", "speaker": "潘天利, Abas, male, 1933-03-22", "collected": "2004-01-01", "revised": "2014-2-10", "video": "KacCon-Teaching Weaving_abas_ipay.mp3"}, "file": "Kavalan_Xinshe/KacCon-Teaching Weaving_abas_ipay", "num": 92}], [93, {"ori": [], "gloss": [["I:", "", ""], ["zin-na==,\\", "say-3SG.GEN", "說-3SG.屬格"]], "free": [], "s_end": false, "iu_a_span": [213.3, 214.08], "meta": {"topic": "Teaching Weaving", "type": "Conversation", "language": "噶瑪蘭語, Kavalan, Xinshe (新社)", "speaker": "潘天利, Abas, male, 1933-03-22", "collected": "2004-01-01", "revised": "2014-2-10", "video": "KacCon-Teaching Weaving_abas_ipay.mp3"}, "file": "Kavalan_Xinshe/KacCon-Teaching Weaving_abas_ipay", "num": 93}], [94, {"ori": [], "gloss": [["A:", "", ""], ["o.\\", "BC", "BC"]], "free": ["#e --", "#c --"], "s_end": true, "iu_a_span": [214.08, 214.83], "meta": {"topic": "Teaching Weaving", "type": "Conversation", "language": "噶瑪蘭語, Kavalan, Xinshe (新社)", "speaker": "潘天利, Abas, male, 1933-03-22", "collected": "2004-01-01", "revised": "2014-2-10", "video": "KacCon-Teaching Weaving_abas_ipay.mp3"}, "s_a_span": [212.53, 214.83], "file": "Kavalan_Xinshe/KacCon-Teaching Weaving_abas_ipay", "num": 94}], [95, {"ori": [], "gloss": [["I:", "", ""], ["ti-bunsin", "NCM-PN", "類別詞-人名"], ["u", "or", "或"], ["qumuni", "do.what", "做什麼"], ["smani,\\", "not.know", "不知道"]], "free": [], "s_end": false, "iu_a_span": [214.83, 217.15], "meta": {"topic": "Teaching Weaving", "type": "Conversation", "language": "噶瑪蘭語, Kavalan, Xinshe (新社)", "speaker": "潘天利, Abas, male, 1933-03-22", "collected": "2004-01-01", "revised": "2014-2-10", "video": "KacCon-Teaching Weaving_abas_ipay.mp3"}, "file": "Kavalan_Xinshe/KacCon-Teaching Weaving_abas_ipay", "num": 95}], [96, {"ori": [], "gloss": [["...", "", ""], ["[kaysiaku", "translate", "翻譯"], ["tu],_", "OBL", "斜格"]], "free": [], "s_end": false, "iu_a_span": [217.15, 217.8], "meta": {"topic": "Teaching Weaving", "type": "Conversation", "language": "噶瑪蘭語, Kavalan, Xinshe (新社)", "speaker": "潘天利, Abas, male, 1933-03-22", "collected": "2004-01-01", "revised": "2014-2-10", "video": "KacCon-Teaching Weaving_abas_ipay.mp3"}, "file": "Kavalan_Xinshe/KacCon-Teaching Weaving_abas_ipay", "num": 96}], [97, {"ori": [], "gloss": [["A:", "", ""], ["[ya==]", "FIL", "FIL"], ["kaysiaku", "translate", "翻譯"], ["[[tu==],_", "OBL", "斜格"]], "free": [], "s_end": false, "iu_a_span": [217.8, 217.8], "meta": {"topic": "Teaching Weaving", "type": "Conversation", "language": "噶瑪蘭語, Kavalan, Xinshe (新社)", "speaker": "潘天利, Abas, male, 1933-03-22", "collected": "2004-01-01", "revised": "2014-2-10", "video": "KacCon-Teaching Weaving_abas_ipay.mp3"}, "file": "Kavalan_Xinshe/KacCon-Teaching Weaving_abas_ipay", "num": 97}], [98, {"ori": [], "gloss": [["I:", "", ""], ["[[tu]]", "OBL", "斜格"], ["si<kaw>kawma-an-ku", "<RED>speak-NMZ-1SG.GEN", "<重疊>講-名物化-1SG.屬格"], ["tu,\\", "DM", "DM"]], "free": [], "s_end": false, "iu_a_span": [217.8, 219.44], "meta": {"topic": "Teaching Weaving", "type": "Conversation", "language": "噶瑪蘭語, Kavalan, Xinshe (新社)", "speaker": "潘天利, Abas, male, 1933-03-22", "collected": "2004-01-01", "revised": "2014-2-10", "video": "KacCon-Teaching Weaving_abas_ipay.mp3"}, "file": "Kavalan_Xinshe/KacCon-Teaching Weaving_abas_ipay", "num": 98}], [99, {"ori": [], "gloss": [["A:", "", ""], ["...", "", ""], ["sa==", "to", "到"], ["pa-ipil", "CAU-listen", "使役-聽"], ["tu==", "OBL", "斜格"], ["'nay", "that", "那個"], ["[busus", "People.of.Southern.Min", "閩南人"], ["a", "LNK", "連詞"], ["yau", "that", "那個"], ["XX],\\", "", ""]], "free": [], "s_end": false, "iu_a_span": [219.44, 224.55], "meta": {"topic": "Teaching Weaving", "type": "Conversation", "language": "噶瑪蘭語, Kavalan, Xinshe (新社)", "speaker": "潘天利, Abas, male, 1933-03-22", "collected": "2004-01-01", "revised": "2014-2-10", "video": "KacCon-Teaching Weaving_abas_ipay.mp3"}, "file": "Kavalan_Xinshe/KacCon-Teaching Weaving_abas_ipay", "num": 99}]], "meta": {"topic": "Teaching Weaving", "type": "Conversation", "language": "噶瑪蘭語, Kavalan, Xinshe (新社)", "speaker": "潘天利, Abas, male, 1933-03-22", "collected": "2004-01-01", "revised": "2014-2-10", "video": "KacCon-Teaching Weaving_abas_ipay.mp3"}}