{"glosses": [[1, {"ori": [], "gloss": [["A:", "", ""], ["azi,\\", "elder.sister", "阿姐"]], "free": [], "s_end": false, "iu_a_span": [3.43, 4.16], "meta": {"topic": "Weaving", "type": "Conversation", "language": "噶瑪蘭語, Kavalan, Xinshe(新社)", "speaker": "潘天利, Abas, male, 1933-03-22", "collected": "2004-01-01", "revised": "2014-1-15", "video": "KavCon-weaving_abas_ipay3.mp3"}, "file": "Kavalan_Xinshe/KavCon-weaving_abas_ipay3", "num": 1}], [2, {"ori": [], "gloss": [["...(1.3)", "", ""], ["e", "FIL", "FIL"], ["anu==,\\", "if", "如果"]], "free": [], "s_end": false, "iu_a_span": [4.16, 6.43], "meta": {"topic": "Weaving", "type": "Conversation", "language": "噶瑪蘭語, Kavalan, Xinshe(新社)", "speaker": "潘天利, Abas, male, 1933-03-22", "collected": "2004-01-01", "revised": "2014-1-15", "video": "KavCon-weaving_abas_ipay3.mp3"}, "file": "Kavalan_Xinshe/KavCon-weaving_abas_ipay3", "num": 2}], [3, {"ori": [], "gloss": [["..", "", ""], ["yau", "EXIST", "存在"], ["dawad-su", "time-2SG.GEN", "時間-2SG.屬格"], ["si,_", "COND", "條件詞"]], "free": [], "s_end": false, "iu_a_span": [6.43, 7.91], "meta": {"topic": "Weaving", "type": "Conversation", "language": "噶瑪蘭語, Kavalan, Xinshe(新社)", "speaker": "潘天利, Abas, male, 1933-03-22", "collected": "2004-01-01", "revised": "2014-1-15", "video": "KavCon-weaving_abas_ipay3.mp3"}, "file": "Kavalan_Xinshe/KavCon-weaving_abas_ipay3", "num": 3}], [4, {"ori": [], "gloss": [["...", "", ""], ["sanis", "bark", "削樹皮"], ["e,\\", "FIL", "FIL"]], "free": [], "s_end": false, "iu_a_span": [7.91, 8.98], "meta": {"topic": "Weaving", "type": "Conversation", "language": "噶瑪蘭語, Kavalan, Xinshe(新社)", "speaker": "潘天利, Abas, male, 1933-03-22", "collected": "2004-01-01", "revised": "2014-1-15", "video": "KavCon-weaving_abas_ipay3.mp3"}, "file": "Kavalan_Xinshe/KavCon-weaving_abas_ipay3", "num": 4}], [5, {"ori": [], "gloss": [["..", "", ""], ["pibuR-ika", "cut-LF.IMP", "砍-處焦.祈使"], ["penina-ku", "banana-1SG.GEN", "香蕉-1SG.屬格"], ["si==,\\", "COND", "條件詞"]], "free": [], "s_end": false, "iu_a_span": [8.98, 10.53], "meta": {"topic": "Weaving", "type": "Conversation", "language": "噶瑪蘭語, Kavalan, Xinshe(新社)", "speaker": "潘天利, Abas, male, 1933-03-22", "collected": "2004-01-01", "revised": "2014-1-15", "video": "KavCon-weaving_abas_ipay3.mp3"}, "file": "Kavalan_Xinshe/KavCon-weaving_abas_ipay3", "num": 5}], [6, {"ori": [], "gloss": [["..", "", ""], ["sanis-ika", "bark-LF.IMP", "削樹皮-處焦.祈使"], ["haw.\\", "PART", "語助詞"]], "free": ["#e Sister, if you have time, bark ... cut my banana trees and bark (them).", "#c 阿姐，如果你有時間的話，削 ... 砍我的香蕉樹，削樹皮。"], "s_end": true, "iu_a_span": [10.53, 11.57], "meta": {"topic": "Weaving", "type": "Conversation", "language": "噶瑪蘭語, Kavalan, Xinshe(新社)", "speaker": "潘天利, Abas, male, 1933-03-22", "collected": "2004-01-01", "revised": "2014-1-15", "video": "KavCon-weaving_abas_ipay3.mp3"}, "s_a_span": [3.43, 11.57], "file": "Kavalan_Xinshe/KavCon-weaving_abas_ipay3", "num": 6}], [7, {"ori": [], "gloss": [["I:", "", ""], ["nengi=ti", "good=PFV", "好=完成"], ["kin-awsa=pa=ita", "CLF.HUM-two=FUT=1IPL.NOM", "人量詞-二=未來=1IPL.主格"], ["ya,\\", "PART", "語助詞"]], "free": [], "s_end": false, "iu_a_span": [11.57, 13.49], "meta": {"topic": "Weaving", "type": "Conversation", "language": "噶瑪蘭語, Kavalan, Xinshe(新社)", "speaker": "潘天利, Abas, male, 1933-03-22", "collected": "2004-01-01", "revised": "2014-1-15", "video": "KavCon-weaving_abas_ipay3.mp3"}, "file": "Kavalan_Xinshe/KavCon-weaving_abas_ipay3", "num": 7}], [8, {"ori": [], "gloss": [["..", "", ""], ["mana", "why", "為何"], ["qaya.\\", "also", "也"]], "free": ["#e Okay, we two can do it together.", "#c 可以啊，我們兩個一起做。"], "s_end": true, "iu_a_span": [13.49, 14.39], "meta": {"topic": "Weaving", "type": "Conversation", "language": "噶瑪蘭語, Kavalan, Xinshe(新社)", "speaker": "潘天利, Abas, male, 1933-03-22", "collected": "2004-01-01", "revised": "2014-1-15", "video": "KavCon-weaving_abas_ipay3.mp3"}, "s_a_span": [11.57, 14.39], "file": "Kavalan_Xinshe/KavCon-weaving_abas_ipay3", "num": 8}], [9, {"ori": [], "gloss": [["A:", "", ""], ["a==,\\", "FIL", "FIL"]], "free": [], "s_end": false, "iu_a_span": [14.39, 15.02], "meta": {"topic": "Weaving", "type": "Conversation", "language": "噶瑪蘭語, Kavalan, Xinshe(新社)", "speaker": "潘天利, Abas, male, 1933-03-22", "collected": "2004-01-01", "revised": "2014-1-15", "video": "KavCon-weaving_abas_ipay3.mp3"}, "file": "Kavalan_Xinshe/KavCon-weaving_abas_ipay3", "num": 9}], [10, {"ori": [], "gloss": [["..", "", ""], ["kwa", "okay", "好"], ["ya,\\", "PART", "語助詞"]], "free": [], "s_end": false, "iu_a_span": [15.02, 15.52], "meta": {"topic": "Weaving", "type": "Conversation", "language": "噶瑪蘭語, Kavalan, Xinshe(新社)", "speaker": "潘天利, Abas, male, 1933-03-22", "collected": "2004-01-01", "revised": "2014-1-15", "video": "KavCon-weaving_abas_ipay3.mp3"}, "file": "Kavalan_Xinshe/KavCon-weaving_abas_ipay3", "num": 10}], [11, {"ori": [], "gloss": [["..", "", ""], ["nani,\\", "DM", "DM"]], "free": [], "s_end": false, "iu_a_span": [15.52, 15.94], "meta": {"topic": "Weaving", "type": "Conversation", "language": "噶瑪蘭語, Kavalan, Xinshe(新社)", "speaker": "潘天利, Abas, male, 1933-03-22", "collected": "2004-01-01", "revised": "2014-1-15", "video": "KavCon-weaving_abas_ipay3.mp3"}, "file": "Kavalan_Xinshe/KavCon-weaving_abas_ipay3", "num": 11}], [12, {"ori": [], "gloss": [["..", "", ""], ["wanay", "however", "可是"], ["ka,_", "PART", "語助詞"]], "free": ["#e Okay, but (I have guests).", "#c 好啊，可是(我有客人)。"], "s_end": true, "iu_a_span": [15.94, 16.75], "meta": {"topic": "Weaving", "type": "Conversation", "language": "噶瑪蘭語, Kavalan, Xinshe(新社)", "speaker": "潘天利, Abas, male, 1933-03-22", "collected": "2004-01-01", "revised": "2014-1-15", "video": "KavCon-weaving_abas_ipay3.mp3"}, "s_a_span": [14.39, 16.75], "file": "Kavalan_Xinshe/KavCon-weaving_abas_ipay3", "num": 12}], [13, {"ori": [], "gloss": [["...", "", ""], ["ngid=iku", "want=1SG.NOM", "想要=1SG.主格"], ["tenun", "weave", "織布"], ["nani,\\", "DM", "DM"]], "free": [], "s_end": false, "iu_a_span": [16.75, 18.75], "meta": {"topic": "Weaving", "type": "Conversation", "language": "噶瑪蘭語, Kavalan, Xinshe(新社)", "speaker": "潘天利, Abas, male, 1933-03-22", "collected": "2004-01-01", "revised": "2014-1-15", "video": "KavCon-weaving_abas_ipay3.mp3"}, "file": "Kavalan_Xinshe/KavCon-weaving_abas_ipay3", "num": 13}], [14, {"ori": [], "gloss": [["..", "", ""], ["wanay==,\\", "however", "可是"]], "free": [], "s_end": false, "iu_a_span": [18.75, 19.4], "meta": {"topic": "Weaving", "type": "Conversation", "language": "噶瑪蘭語, Kavalan, Xinshe(新社)", "speaker": "潘天利, Abas, male, 1933-03-22", "collected": "2004-01-01", "revised": "2014-1-15", "video": "KavCon-weaving_abas_ipay3.mp3"}, "file": "Kavalan_Xinshe/KavCon-weaving_abas_ipay3", "num": 14}], [15, {"ori": [], "gloss": [["..", "", ""], ["m-Rayngu=iku", "AF-unable=1SG.NOM", "主焦-不會=1SG.主格"], ["s<m>anis,\\", "<AF>bark", "<主焦>削樹皮"]], "free": [], "s_end": false, "iu_a_span": [19.4, 20.9], "meta": {"topic": "Weaving", "type": "Conversation", "language": "噶瑪蘭語, Kavalan, Xinshe(新社)", "speaker": "潘天利, Abas, male, 1933-03-22", "collected": "2004-01-01", "revised": "2014-1-15", "video": "KavCon-weaving_abas_ipay3.mp3"}, "file": "Kavalan_Xinshe/KavCon-weaving_abas_ipay3", "num": 15}], [16, {"ori": [], "gloss": [["..", "", ""], ["buqaRas=iku,\\", "lazy=1SG.NOM", "懶惰=1SG.主格"]], "free": ["#e I want to weave, but I cannot bark (banana trees). I am lazy.", "#c 我想織布，可是我不會削樹皮，我很懶惰。"], "s_end": true, "iu_a_span": [20.9, 22.23], "meta": {"topic": "Weaving", "type": "Conversation", "language": "噶瑪蘭語, Kavalan, Xinshe(新社)", "speaker": "潘天利, Abas, male, 1933-03-22", "collected": "2004-01-01", "revised": "2014-1-15", "video": "KavCon-weaving_abas_ipay3.mp3"}, "s_a_span": [16.75, 22.23], "file": "Kavalan_Xinshe/KavCon-weaving_abas_ipay3", "num": 16}], [17, {"ori": [], "gloss": [["I:", "", ""], ["niyana", "??", "??"], ["qa-buqaRas-an,\\", "QA-lazy-LF", "QA-懶惰-處焦"]], "free": [], "s_end": false, "iu_a_span": [22.23, 23.68], "meta": {"topic": "Weaving", "type": "Conversation", "language": "噶瑪蘭語, Kavalan, Xinshe(新社)", "speaker": "潘天利, Abas, male, 1933-03-22", "collected": "2004-01-01", "revised": "2014-1-15", "video": "KavCon-weaving_abas_ipay3.mp3"}, "file": "Kavalan_Xinshe/KavCon-weaving_abas_ipay3", "num": 17}], [18, {"ori": [], "gloss": [["..", "", ""], ["qana==s-an-ta", "slow-LF-1IPL.GEN", "慢-處焦-1IPL.屬格"], ["si,_", "COND", "條件詞"]], "free": [], "s_end": false, "iu_a_span": [23.68, 24.75], "meta": {"topic": "Weaving", "type": "Conversation", "language": "噶瑪蘭語, Kavalan, Xinshe(新社)", "speaker": "潘天利, Abas, male, 1933-03-22", "collected": "2004-01-01", "revised": "2014-1-15", "video": "KavCon-weaving_abas_ipay3.mp3"}, "file": "Kavalan_Xinshe/KavCon-weaving_abas_ipay3", "num": 18}], [19, {"ori": [], "gloss": [["..", "", ""], ["qawman", "definitely", "絕對"], ["XX,\\", "", ""]], "free": [], "s_end": false, "iu_a_span": [24.75, 26.11], "meta": {"topic": "Weaving", "type": "Conversation", "language": "噶瑪蘭語, Kavalan, Xinshe(新社)", "speaker": "潘天利, Abas, male, 1933-03-22", "collected": "2004-01-01", "revised": "2014-1-15", "video": "KavCon-weaving_abas_ipay3.mp3"}, "file": "Kavalan_Xinshe/KavCon-weaving_abas_ipay3", "num": 19}], [20, {"ori": [], "gloss": [["mulpun", "finish", "完成"], ["tu", "OBL", "斜格"], ["usiq", "one", "一"], ["penina-an.\\", "banana-??", "香蕉-??"]], "free": ["#e Don’t be lazy. If we do it slowly, we can definitely finish (barking) one banana.", "#c 不要懶惰，我們慢慢做，一定會做完一根香蕉。"], "s_end": true, "iu_a_span": [26.11, 27.84], "meta": {"topic": "Weaving", "type": "Conversation", "language": "噶瑪蘭語, Kavalan, Xinshe(新社)", "speaker": "潘天利, Abas, male, 1933-03-22", "collected": "2004-01-01", "revised": "2014-1-15", "video": "KavCon-weaving_abas_ipay3.mp3"}, "s_a_span": [22.23, 27.84], "file": "Kavalan_Xinshe/KavCon-weaving_abas_ipay3", "num": 20}], [21, {"ori": [], "gloss": [["A:", "", ""], ["m-Rayngu=iku,\\", "AF-unable=1SG.NOM", "主焦-不能=1SG.主格"]], "free": [], "s_end": false, "iu_a_span": [27.84, 28.99], "meta": {"topic": "Weaving", "type": "Conversation", "language": "噶瑪蘭語, Kavalan, Xinshe(新社)", "speaker": "潘天利, Abas, male, 1933-03-22", "collected": "2004-01-01", "revised": "2014-1-15", "video": "KavCon-weaving_abas_ipay3.mp3"}, "file": "Kavalan_Xinshe/KavCon-weaving_abas_ipay3", "num": 21}], [22, {"ori": [], "gloss": [["..", "", ""], ["usiq", "one", "一"], ["penina-an", "banana-??", "香蕉-??"], ["nani,\\", "DM", "DM"]], "free": ["#e I cannot (finish barking) one banana.", "#c 我不能做完一根香蕉。"], "s_end": true, "iu_a_span": [28.99, 30.5], "meta": {"topic": "Weaving", "type": "Conversation", "language": "噶瑪蘭語, Kavalan, Xinshe(新社)", "speaker": "潘天利, Abas, male, 1933-03-22", "collected": "2004-01-01", "revised": "2014-1-15", "video": "KavCon-weaving_abas_ipay3.mp3"}, "s_a_span": [27.84, 30.5], "file": "Kavalan_Xinshe/KavCon-weaving_abas_ipay3", "num": 22}], [23, {"ori": [], "gloss": [["..", "", ""], ["saqabian=iku", "one.day=1SG.NOM", "一天=1SG.主格"], ["tu", "OBL", "斜格"], ["usiq,\\", "one", "一"]], "free": [], "s_end": false, "iu_a_span": [30.5, 32.31], "meta": {"topic": "Weaving", "type": "Conversation", "language": "噶瑪蘭語, Kavalan, Xinshe(新社)", "speaker": "潘天利, Abas, male, 1933-03-22", "collected": "2004-01-01", "revised": "2014-1-15", "video": "KavCon-weaving_abas_ipay3.mp3"}, "file": "Kavalan_Xinshe/KavCon-weaving_abas_ipay3", "num": 23}], [24, {"ori": [], "gloss": [["..", "", ""], ["penina", "banana", "香蕉"], ["nani,\\", "DM", "DM"]], "free": ["#e I bark one banana tree in one day.", "#c 我一天做一根香蕉。"], "s_end": true, "iu_a_span": [32.31, 33.41], "meta": {"topic": "Weaving", "type": "Conversation", "language": "噶瑪蘭語, Kavalan, Xinshe(新社)", "speaker": "潘天利, Abas, male, 1933-03-22", "collected": "2004-01-01", "revised": "2014-1-15", "video": "KavCon-weaving_abas_ipay3.mp3"}, "s_a_span": [30.5, 33.41], "file": "Kavalan_Xinshe/KavCon-weaving_abas_ipay3", "num": 24}], [25, {"ori": [], "gloss": [["...", "", ""], ["buqaRas=ti=iku", "lazy=PFV=1SG.NOM", "懶惰=完成=1SG.主格"], ["ya,\\", "PART", "語助詞"]], "free": [], "s_end": false, "iu_a_span": [33.41, 35.44], "meta": {"topic": "Weaving", "type": "Conversation", "language": "噶瑪蘭語, Kavalan, Xinshe(新社)", "speaker": "潘天利, Abas, male, 1933-03-22", "collected": "2004-01-01", "revised": "2014-1-15", "video": "KavCon-weaving_abas_ipay3.mp3"}, "file": "Kavalan_Xinshe/KavCon-weaving_abas_ipay3", "num": 25}], [26, {"ori": [], "gloss": [["..", "", ""], ["kelawkaway.\\", "work", "工作"]], "free": ["#e I am too lazy to work.", "#c 我懶的做。"], "s_end": true, "iu_a_span": [35.44, 36.49], "meta": {"topic": "Weaving", "type": "Conversation", "language": "噶瑪蘭語, Kavalan, Xinshe(新社)", "speaker": "潘天利, Abas, male, 1933-03-22", "collected": "2004-01-01", "revised": "2014-1-15", "video": "KavCon-weaving_abas_ipay3.mp3"}, "s_a_span": [33.41, 36.49], "file": "Kavalan_Xinshe/KavCon-weaving_abas_ipay3", "num": 26}], [27, {"ori": [], "gloss": [["I:", "", ""], ["qana==s-an-ta", "slow-LF-1IPL.GEN", "慢-處焦-1IPL.屬格"], ["nani,\\", "DM", "DM"]], "free": [], "s_end": false, "iu_a_span": [36.49, 38.21], "meta": {"topic": "Weaving", "type": "Conversation", "language": "噶瑪蘭語, Kavalan, Xinshe(新社)", "speaker": "潘天利, Abas, male, 1933-03-22", "collected": "2004-01-01", "revised": "2014-1-15", "video": "KavCon-weaving_abas_ipay3.mp3"}, "file": "Kavalan_Xinshe/KavCon-weaving_abas_ipay3", "num": 27}], [28, {"ori": [], "gloss": [["..", "", ""], ["qawman", "definitely", "絕對"], ["mulpun,\\", "finish", "完成"]], "free": ["#e We do it slowly, (and we can) definitely finish the job.", "#c 慢慢做一定會做完。"], "s_end": true, "iu_a_span": [38.21, 39.6], "meta": {"topic": "Weaving", "type": "Conversation", "language": "噶瑪蘭語, Kavalan, Xinshe(新社)", "speaker": "潘天利, Abas, male, 1933-03-22", "collected": "2004-01-01", "revised": "2014-1-15", "video": "KavCon-weaving_abas_ipay3.mp3"}, "s_a_span": [36.49, 39.6], "file": "Kavalan_Xinshe/KavCon-weaving_abas_ipay3", "num": 28}], [29, {"ori": [], "gloss": [["...", "", ""], ["azu", "like", "好像"], ["yau", "EXIST", "存在"], ["azu==,\\", "like", "好像"]], "free": [], "s_end": false, "iu_a_span": [39.6, 41.88], "meta": {"topic": "Weaving", "type": "Conversation", "language": "噶瑪蘭語, Kavalan, Xinshe(新社)", "speaker": "潘天利, Abas, male, 1933-03-22", "collected": "2004-01-01", "revised": "2014-1-15", "video": "KavCon-weaving_abas_ipay3.mp3"}, "file": "Kavalan_Xinshe/KavCon-weaving_abas_ipay3", "num": 29}], [30, {"ori": [], "gloss": [["...", "", ""], ["tan-tanuz-an-na==,\\", "RED-chase-LF-3SG.GEN", "重疊-追-處焦-3SG.屬格"]], "free": [], "s_end": false, "iu_a_span": [41.88, 43.87], "meta": {"topic": "Weaving", "type": "Conversation", "language": "噶瑪蘭語, Kavalan, Xinshe(新社)", "speaker": "潘天利, Abas, male, 1933-03-22", "collected": "2004-01-01", "revised": "2014-1-15", "video": "KavCon-weaving_abas_ipay3.mp3"}, "file": "Kavalan_Xinshe/KavCon-weaving_abas_ipay3", "num": 30}], [31, {"ori": [], "gloss": [["..", "", ""], ["m-lalazuk.\\", "AF-hurry", "主焦-趕快"]], "free": ["#e It’s like there is someone who is chasing and hurrying you.", "#c 好像有人在趕你要快點。"], "s_end": true, "iu_a_span": [43.87, 44.73], "meta": {"topic": "Weaving", "type": "Conversation", "language": "噶瑪蘭語, Kavalan, Xinshe(新社)", "speaker": "潘天利, Abas, male, 1933-03-22", "collected": "2004-01-01", "revised": "2014-1-15", "video": "KavCon-weaving_abas_ipay3.mp3"}, "s_a_span": [39.6, 44.73], "file": "Kavalan_Xinshe/KavCon-weaving_abas_ipay3", "num": 31}], [32, {"ori": [], "gloss": [["A:", "", ""], ["nayau", "that.way", "那樣"], ["saizi", "maybe", "應該"], ["nani,\\", "DM", "DM"]], "free": [], "s_end": false, "iu_a_span": [44.73, 46.19], "meta": {"topic": "Weaving", "type": "Conversation", "language": "噶瑪蘭語, Kavalan, Xinshe(新社)", "speaker": "潘天利, Abas, male, 1933-03-22", "collected": "2004-01-01", "revised": "2014-1-15", "video": "KavCon-weaving_abas_ipay3.mp3"}, "file": "Kavalan_Xinshe/KavCon-weaving_abas_ipay3", "num": 32}], [33, {"ori": [], "gloss": [["..", "", ""], ["wanay==,\\", "this.way", "這樣"]], "free": [], "s_end": false, "iu_a_span": [46.19, 46.88], "meta": {"topic": "Weaving", "type": "Conversation", "language": "噶瑪蘭語, Kavalan, Xinshe(新社)", "speaker": "潘天利, Abas, male, 1933-03-22", "collected": "2004-01-01", "revised": "2014-1-15", "video": "KavCon-weaving_abas_ipay3.mp3"}, "file": "Kavalan_Xinshe/KavCon-weaving_abas_ipay3", "num": 33}], [34, {"ori": [], "gloss": [["...", "", ""], ["s<m>anis=iku", "<AF>bark=1SG.NOM", "<主焦>削樹皮=1SG.主格"], ["nani,\\", "DM", "DM"]], "free": [], "s_end": false, "iu_a_span": [46.88, 48.57], "meta": {"topic": "Weaving", "type": "Conversation", "language": "噶瑪蘭語, Kavalan, Xinshe(新社)", "speaker": "潘天利, Abas, male, 1933-03-22", "collected": "2004-01-01", "revised": "2014-1-15", "video": "KavCon-weaving_abas_ipay3.mp3"}, "file": "Kavalan_Xinshe/KavCon-weaving_abas_ipay3", "num": 34}], [35, {"ori": [], "gloss": [["..", "", ""], ["ma-tepuq", "MA-cut", "MA-割"], ["a", "NOM", "主格"], ["lima-ku", "hand-1SG.GEN", "手-1SG.屬格"], ["na,\\", "DM", "DM"]], "free": [], "s_end": false, "iu_a_span": [48.57, 49.91], "meta": {"topic": "Weaving", "type": "Conversation", "language": "噶瑪蘭語, Kavalan, Xinshe(新社)", "speaker": "潘天利, Abas, male, 1933-03-22", "collected": "2004-01-01", "revised": "2014-1-15", "video": "KavCon-weaving_abas_ipay3.mp3"}, "file": "Kavalan_Xinshe/KavCon-weaving_abas_ipay3", "num": 35}], [36, {"ori": [], "gloss": [["..", "", ""], ["m-liza=ti=iku", "AF-not.dare=PFV=1SG.NOM", "主焦-不敢=完成=1SG.主格"], ["qaya", "also", "也"], ["ya,_", "PART", "語助詞"]], "free": ["#e (When) I barked banana trees, my hand was cut. I don’t dare to (bark) again.", "#c 我割香蕉，割到我的手，我不敢做了。", "#n tepuq-an-ku lima-ku: 我割到我的手"], "s_end": true, "iu_a_span": [49.91, 51.62], "meta": {"topic": "Weaving", "type": "Conversation", "language": "噶瑪蘭語, Kavalan, Xinshe(新社)", "speaker": "潘天利, Abas, male, 1933-03-22", "collected": "2004-01-01", "revised": "2014-1-15", "video": "KavCon-weaving_abas_ipay3.mp3"}, "s_a_span": [44.73, 51.62], "file": "Kavalan_Xinshe/KavCon-weaving_abas_ipay3", "num": 36}], [37, {"ori": [], "gloss": [["I:", "", ""], ["paqanas-aypa,\\", "slow-??", "慢-??"]], "free": [], "s_end": false, "iu_a_span": [51.62, 53.05], "meta": {"topic": "Weaving", "type": "Conversation", "language": "噶瑪蘭語, Kavalan, Xinshe(新社)", "speaker": "潘天利, Abas, male, 1933-03-22", "collected": "2004-01-01", "revised": "2014-1-15", "video": "KavCon-weaving_abas_ipay3.mp3"}, "file": "Kavalan_Xinshe/KavCon-weaving_abas_ipay3", "num": 37}], [38, {"ori": [], "gloss": [["..", "", ""], ["m-la-lalazuk,\\", "AF-RED-hurry", "主焦-重疊-趕快"]], "free": [], "s_end": false, "iu_a_span": [53.05, 54.1], "meta": {"topic": "Weaving", "type": "Conversation", "language": "噶瑪蘭語, Kavalan, Xinshe(新社)", "speaker": "潘天利, Abas, male, 1933-03-22", "collected": "2004-01-01", "revised": "2014-1-15", "video": "KavCon-weaving_abas_ipay3.mp3"}, "file": "Kavalan_Xinshe/KavCon-weaving_abas_ipay3", "num": 38}], [39, {"ori": [], "gloss": [["..", "", ""], ["saiza", "maybe", "可能"], ["snayau-an,\\", "that.way-LF", "那樣-處焦"]], "free": [], "s_end": false, "iu_a_span": [54.1, 55.35], "meta": {"topic": "Weaving", "type": "Conversation", "language": "噶瑪蘭語, Kavalan, Xinshe(新社)", "speaker": "潘天利, Abas, male, 1933-03-22", "collected": "2004-01-01", "revised": "2014-1-15", "video": "KavCon-weaving_abas_ipay3.mp3"}, "file": "Kavalan_Xinshe/KavCon-weaving_abas_ipay3", "num": 39}], [40, {"ori": [], "gloss": [["..", "", ""], ["[ma-tepuq", "MA-cut", "MA-割"], ["a", "NOM", "主格"], ["lima],\\", "hand", "手"]], "free": ["#e Do it slowly. If (we) do it in a hurry, (our) hands will be cut.", "#c 慢慢做，快的話會割的手。"], "s_end": true, "iu_a_span": [55.35, 56.59], "meta": {"topic": "Weaving", "type": "Conversation", "language": "噶瑪蘭語, Kavalan, Xinshe(新社)", "speaker": "潘天利, Abas, male, 1933-03-22", "collected": "2004-01-01", "revised": "2014-1-15", "video": "KavCon-weaving_abas_ipay3.mp3"}, "s_a_span": [51.62, 56.59], "file": "Kavalan_Xinshe/KavCon-weaving_abas_ipay3", "num": 40}], [41, {"ori": [], "gloss": [["A:", "", ""], ["[m-lalazuk=ita]", "AF-hurry=1IPL.NOM", "主焦-趕快=1IPL.主格"], ["saizi,\\", "maybe", "應該"]], "free": [], "s_end": false, "iu_a_span": [56.59, 57.18], "meta": {"topic": "Weaving", "type": "Conversation", "language": "噶瑪蘭語, Kavalan, Xinshe(新社)", "speaker": "潘天利, Abas, male, 1933-03-22", "collected": "2004-01-01", "revised": "2014-1-15", "video": "KavCon-weaving_abas_ipay3.mp3"}, "file": "Kavalan_Xinshe/KavCon-weaving_abas_ipay3", "num": 41}], [42, {"ori": [], "gloss": [["..", "", ""], ["m-dungu=ti=ita", "AF-slow=PFV=1IPL.NOM", "主焦-慢=完成=1IPL.主格"], ["nani,\\", "DM", "DM"]], "free": ["#e We had to hurry up. We were too slow.", "#c 我們要趕快。我們太慢了。"], "s_end": true, "iu_a_span": [57.18, 58.47], "meta": {"topic": "Weaving", "type": "Conversation", "language": "噶瑪蘭語, Kavalan, Xinshe(新社)", "speaker": "潘天利, Abas, male, 1933-03-22", "collected": "2004-01-01", "revised": "2014-1-15", "video": "KavCon-weaving_abas_ipay3.mp3"}, "s_a_span": [56.59, 58.47], "file": "Kavalan_Xinshe/KavCon-weaving_abas_ipay3", "num": 42}], [43, {"ori": [], "gloss": [["..", "", ""], ["qa-lalazuk=pa=ita,\\", "QA-hurry=FUT=1IPL.NOM", "QA-趕快=未來=1IPL.主格"]], "free": [], "s_end": false, "iu_a_span": [58.47, 59.7], "meta": {"topic": "Weaving", "type": "Conversation", "language": "噶瑪蘭語, Kavalan, Xinshe(新社)", "speaker": "潘天利, Abas, male, 1933-03-22", "collected": "2004-01-01", "revised": "2014-1-15", "video": "KavCon-weaving_abas_ipay3.mp3"}, "file": "Kavalan_Xinshe/KavCon-weaving_abas_ipay3", "num": 43}], [44, {"ori": [], "gloss": [["..", "", ""], ["zin-ku", "say-1SG.GEN", "說-1SG.屬格"], ["nani,\\", "DM", "DM"]], "free": ["#e ‘We have to hurry up,’ I thought.", "#c 我想我們要快一點。"], "s_end": true, "iu_a_span": [59.7, 60.44], "meta": {"topic": "Weaving", "type": "Conversation", "language": "噶瑪蘭語, Kavalan, Xinshe(新社)", "speaker": "潘天利, Abas, male, 1933-03-22", "collected": "2004-01-01", "revised": "2014-1-15", "video": "KavCon-weaving_abas_ipay3.mp3"}, "s_a_span": [58.47, 60.44], "file": "Kavalan_Xinshe/KavCon-weaving_abas_ipay3", "num": 44}], [45, {"ori": [], "gloss": [["...", "", ""], ["timangu==,\\", "turn.out", "結果"]], "free": [], "s_end": false, "iu_a_span": [60.44, 61.48], "meta": {"topic": "Weaving", "type": "Conversation", "language": "噶瑪蘭語, Kavalan, Xinshe(新社)", "speaker": "潘天利, Abas, male, 1933-03-22", "collected": "2004-01-01", "revised": "2014-1-15", "video": "KavCon-weaving_abas_ipay3.mp3"}, "file": "Kavalan_Xinshe/KavCon-weaving_abas_ipay3", "num": 45}], [46, {"ori": [], "gloss": [["..", "", ""], ["ma-tepuq=ti", "MA-cut=PFV", "MA-割=完成"], ["lima-ku", "hand-1SG.GEN", "手-1SG.屬格"], ["na,\\", "DM", "DM"]], "free": [], "s_end": false, "iu_a_span": [61.48, 62.85], "meta": {"topic": "Weaving", "type": "Conversation", "language": "噶瑪蘭語, Kavalan, Xinshe(新社)", "speaker": "潘天利, Abas, male, 1933-03-22", "collected": "2004-01-01", "revised": "2014-1-15", "video": "KavCon-weaving_abas_ipay3.mp3"}, "file": "Kavalan_Xinshe/KavCon-weaving_abas_ipay3", "num": 46}], [47, {"ori": [], "gloss": [["..", "", ""], ["m-liza=ti=iku", "AF-not.dare=PFV=1SG.NOM", "主焦-不敢=完成=1SG.主格"], ["qaya==,\\", "also", "也"]], "free": [], "s_end": false, "iu_a_span": [62.85, 64.5], "meta": {"topic": "Weaving", "type": "Conversation", "language": "噶瑪蘭語, Kavalan, Xinshe(新社)", "speaker": "潘天利, Abas, male, 1933-03-22", "collected": "2004-01-01", "revised": "2014-1-15", "video": "KavCon-weaving_abas_ipay3.mp3"}, "file": "Kavalan_Xinshe/KavCon-weaving_abas_ipay3", "num": 47}], [48, {"ori": [], "gloss": [["..", "", ""], ["sanis.\\", "bark", "削樹皮"]], "free": ["#e It turned out that my hand was cut. I didn’t dare to bark banana trees again.", "#c 結果我的手被割到了。再也不敢削樹皮了。"], "s_end": true, "iu_a_span": [64.5, 65.13], "meta": {"topic": "Weaving", "type": "Conversation", "language": "噶瑪蘭語, Kavalan, Xinshe(新社)", "speaker": "潘天利, Abas, male, 1933-03-22", "collected": "2004-01-01", "revised": "2014-1-15", "video": "KavCon-weaving_abas_ipay3.mp3"}, "s_a_span": [60.44, 65.13], "file": "Kavalan_Xinshe/KavCon-weaving_abas_ipay3", "num": 48}], [49, {"ori": [], "gloss": [["I:", "", ""], ["sukaw", "bad", "不好"], ["m-liza.\\", "AF-not.dare", "主焦-不敢"]], "free": ["#e Don’t flinch.", "#c 不要說不敢。"], "s_end": true, "iu_a_span": [65.13, 65.99], "meta": {"topic": "Weaving", "type": "Conversation", "language": "噶瑪蘭語, Kavalan, Xinshe(新社)", "speaker": "潘天利, Abas, male, 1933-03-22", "collected": "2004-01-01", "revised": "2014-1-15", "video": "KavCon-weaving_abas_ipay3.mp3"}, "s_a_span": [65.13, 65.99], "file": "Kavalan_Xinshe/KavCon-weaving_abas_ipay3", "num": 49}], [50, {"ori": [], "gloss": [["A:", "", ""], ["nani,\\", "DM", "DM"]], "free": [], "s_end": false, "iu_a_span": [65.99, 66.36], "meta": {"topic": "Weaving", "type": "Conversation", "language": "噶瑪蘭語, Kavalan, Xinshe(新社)", "speaker": "潘天利, Abas, male, 1933-03-22", "collected": "2004-01-01", "revised": "2014-1-15", "video": "KavCon-weaving_abas_ipay3.mp3"}, "file": "Kavalan_Xinshe/KavCon-weaving_abas_ipay3", "num": 50}], [51, {"ori": [], "gloss": [["I:", "", ""], ["pawRat-an-ta", "force-LF-1IPL.GEN", "勉強-處焦-1IPL.屬格"], ["nani,\\", "DM", "DM"]], "free": ["#e We must manage to do it.", "#c 我們一定要做。"], "s_end": true, "iu_a_span": [66.36, 67.67], "meta": {"topic": "Weaving", "type": "Conversation", "language": "噶瑪蘭語, Kavalan, Xinshe(新社)", "speaker": "潘天利, Abas, male, 1933-03-22", "collected": "2004-01-01", "revised": "2014-1-15", "video": "KavCon-weaving_abas_ipay3.mp3"}, "s_a_span": [65.99, 67.67], "file": "Kavalan_Xinshe/KavCon-weaving_abas_ipay3", "num": 51}], [52, {"ori": [], "gloss": [["..", "", ""], ["X", "", ""], ["[X]", "X", "X"]], "free": [], "s_end": false, "iu_a_span": [67.67, 69.37], "meta": {"topic": "Weaving", "type": "Conversation", "language": "噶瑪蘭語, Kavalan, Xinshe(新社)", "speaker": "潘天利, Abas, male, 1933-03-22", "collected": "2004-01-01", "revised": "2014-1-15", "video": "KavCon-weaving_abas_ipay3.mp3"}, "file": "Kavalan_Xinshe/KavCon-weaving_abas_ipay3", "num": 52}], [53, {"ori": [], "gloss": [["A:", "", ""], ["[sanis-ika]", "bark-LF.IMP", "削樹皮-處焦.祈使"], ["aisu,\\", "2SG.NOM", "2SG.主格"]], "free": [], "s_end": false, "iu_a_span": [69.37, 69.7], "meta": {"topic": "Weaving", "type": "Conversation", "language": "噶瑪蘭語, Kavalan, Xinshe(新社)", "speaker": "潘天利, Abas, male, 1933-03-22", "collected": "2004-01-01", "revised": "2014-1-15", "video": "KavCon-weaving_abas_ipay3.mp3"}, "file": "Kavalan_Xinshe/KavCon-weaving_abas_ipay3", "num": 53}], [54, {"ori": [], "gloss": [["..", "", ""], ["zin-ku.\\", "say-1SG.GEN", "說-1SG.屬格"]], "free": ["#e ‘Bark the banana trees,’ I said to you.", "#c 我跟你說要削樹皮。"], "s_end": true, "iu_a_span": [69.7, 70.3], "meta": {"topic": "Weaving", "type": "Conversation", "language": "噶瑪蘭語, Kavalan, Xinshe(新社)", "speaker": "潘天利, Abas, male, 1933-03-22", "collected": "2004-01-01", "revised": "2014-1-15", "video": "KavCon-weaving_abas_ipay3.mp3"}, "s_a_span": [67.67, 70.3], "file": "Kavalan_Xinshe/KavCon-weaving_abas_ipay3", "num": 54}], [55, {"ori": [], "gloss": [["..", "", ""], ["ngid=iku", "want=1SG.NOM", "想要=1SG.主格"], ["tenun", "weave", "編織"], ["nani,\\", "DM", "DM"]], "free": [], "s_end": false, "iu_a_span": [70.3, 72.01], "meta": {"topic": "Weaving", "type": "Conversation", "language": "噶瑪蘭語, Kavalan, Xinshe(新社)", "speaker": "潘天利, Abas, male, 1933-03-22", "collected": "2004-01-01", "revised": "2014-1-15", "video": "KavCon-weaving_abas_ipay3.mp3"}, "file": "Kavalan_Xinshe/KavCon-weaving_abas_ipay3", "num": 55}], [56, {"ori": [], "gloss": [["..", "", ""], ["m-Rayngu=iku", "AF-unable=1SG.NOM", "主焦-不能=1SG.主格"], ["s<m>anis.\\", "<AF>bark", "<主焦>削樹皮"]], "free": [], "s_end": false, "iu_a_span": [72.01, 73.6], "meta": {"topic": "Weaving", "type": "Conversation", "language": "噶瑪蘭語, Kavalan, Xinshe(新社)", "speaker": "潘天利, Abas, male, 1933-03-22", "collected": "2004-01-01", "revised": "2014-1-15", "video": "KavCon-weaving_abas_ipay3.mp3"}, "file": "Kavalan_Xinshe/KavCon-weaving_abas_ipay3", "num": 56}], [57, {"ori": [], "gloss": [["I:", "", ""], ["[sinananam],\\", "practice", "練習"]], "free": [], "s_end": false, "iu_a_span": [73.6, 74.49], "meta": {"topic": "Weaving", "type": "Conversation", "language": "噶瑪蘭語, Kavalan, Xinshe(新社)", "speaker": "潘天利, Abas, male, 1933-03-22", "collected": "2004-01-01", "revised": "2014-1-15", "video": "KavCon-weaving_abas_ipay3.mp3"}, "file": "Kavalan_Xinshe/KavCon-weaving_abas_ipay3", "num": 57}], [58, {"ori": [], "gloss": [["A:", "", ""], ["[zin", "say", "說"], ["na]", "GEN", "屬格"], ["anem-ku", "heart-1SG.GEN", "心-1SG.屬格"], ["a,_", "PART", "語助詞"]], "free": ["#e ‘I want to weave, but I cannot bark banana trees,’ I think.", "#c 我想要織布，可是我想我不能削樹皮。"], "s_end": true, "iu_a_span": [74.49, 75.73], "meta": {"topic": "Weaving", "type": "Conversation", "language": "噶瑪蘭語, Kavalan, Xinshe(新社)", "speaker": "潘天利, Abas, male, 1933-03-22", "collected": "2004-01-01", "revised": "2014-1-15", "video": "KavCon-weaving_abas_ipay3.mp3"}, "s_a_span": [70.3, 75.73], "file": "Kavalan_Xinshe/KavCon-weaving_abas_ipay3", "num": 58}], [59, {"ori": [], "gloss": [["I:", "", ""], ["qumni==,\\", "when", "何時"]], "free": [], "s_end": false, "iu_a_span": [75.73, 76.59], "meta": {"topic": "Weaving", "type": "Conversation", "language": "噶瑪蘭語, Kavalan, Xinshe(新社)", "speaker": "潘天利, Abas, male, 1933-03-22", "collected": "2004-01-01", "revised": "2014-1-15", "video": "KavCon-weaving_abas_ipay3.mp3"}, "file": "Kavalan_Xinshe/KavCon-weaving_abas_ipay3", "num": 59}], [60, {"ori": [], "gloss": [["..", "", ""], ["qa-speR-an-na,\\", "FUT-able-NMZ-3SG.GEN", "未來-會-名物化-3SG.屬格"]], "free": ["#e When will you be able to do it?", "#c 你這樣什麼時候才會做?"], "s_end": true, "iu_a_span": [76.59, 77.5], "meta": {"topic": "Weaving", "type": "Conversation", "language": "噶瑪蘭語, Kavalan, Xinshe(新社)", "speaker": "潘天利, Abas, male, 1933-03-22", "collected": "2004-01-01", "revised": "2014-1-15", "video": "KavCon-weaving_abas_ipay3.mp3"}, "s_a_span": [75.73, 77.5], "file": "Kavalan_Xinshe/KavCon-weaving_abas_ipay3", "num": 60}], [61, {"ori": [], "gloss": [["...", "", ""], ["nani", "DM", "DM"], ["m-Rayngu=iku==,\\", "AF-unable=1SG.NOM", "主焦-不能=1SG.主格"]], "free": [], "s_end": false, "iu_a_span": [77.5, 79.74], "meta": {"topic": "Weaving", "type": "Conversation", "language": "噶瑪蘭語, Kavalan, Xinshe(新社)", "speaker": "潘天利, Abas, male, 1933-03-22", "collected": "2004-01-01", "revised": "2014-1-15", "video": "KavCon-weaving_abas_ipay3.mp3"}, "file": "Kavalan_Xinshe/KavCon-weaving_abas_ipay3", "num": 61}], [62, {"ori": [], "gloss": [["..", "", ""], ["zin-su,\\", "say-2SG.GEN", "說-2SG.屬格"]], "free": [], "s_end": false, "iu_a_span": [79.74, 80.06], "meta": {"topic": "Weaving", "type": "Conversation", "language": "噶瑪蘭語, Kavalan, Xinshe(新社)", "speaker": "潘天利, Abas, male, 1933-03-22", "collected": "2004-01-01", "revised": "2014-1-15", "video": "KavCon-weaving_abas_ipay3.mp3"}, "file": "Kavalan_Xinshe/KavCon-weaving_abas_ipay3", "num": 62}], [63, {"ori": [], "gloss": [["..", "", ""], ["qumni", "when", "何時"], ["qa-speR-an-su,\\", "FUT-able-NMZ-2SG.GEN", "未來-會-名物化-2SG.屬格"]], "free": ["#e You say you are unable to do it. When will you be able to do it?", "#c 你說不會，那到底什麼時候才會?"], "s_end": true, "iu_a_span": [80.06, 81.01], "meta": {"topic": "Weaving", "type": "Conversation", "language": "噶瑪蘭語, Kavalan, Xinshe(新社)", "speaker": "潘天利, Abas, male, 1933-03-22", "collected": "2004-01-01", "revised": "2014-1-15", "video": "KavCon-weaving_abas_ipay3.mp3"}, "s_a_span": [77.5, 81.01], "file": "Kavalan_Xinshe/KavCon-weaving_abas_ipay3", "num": 63}], [64, {"ori": [], "gloss": [["A:", "", ""], ["nayau,\\", "that.way", "那樣"]], "free": [], "s_end": false, "iu_a_span": [81.01, 81.41], "meta": {"topic": "Weaving", "type": "Conversation", "language": "噶瑪蘭語, Kavalan, Xinshe(新社)", "speaker": "潘天利, Abas, male, 1933-03-22", "collected": "2004-01-01", "revised": "2014-1-15", "video": "KavCon-weaving_abas_ipay3.mp3"}, "file": "Kavalan_Xinshe/KavCon-weaving_abas_ipay3", "num": 64}], [65, {"ori": [], "gloss": [["..", "", ""], ["m-Rayngu=iku==,\\", "AF-unable=1SG.NOM", "主焦-不能=1SG.主格"]], "free": [], "s_end": false, "iu_a_span": [81.41, 82.28], "meta": {"topic": "Weaving", "type": "Conversation", "language": "噶瑪蘭語, Kavalan, Xinshe(新社)", "speaker": "潘天利, Abas, male, 1933-03-22", "collected": "2004-01-01", "revised": "2014-1-15", "video": "KavCon-weaving_abas_ipay3.mp3"}, "file": "Kavalan_Xinshe/KavCon-weaving_abas_ipay3", "num": 65}], [66, {"ori": [], "gloss": [["..", "", ""], ["zin-ku", "say-1SG.GEN", "說-1SG.屬格"], ["na,\\", "DM", "DM"]], "free": [], "s_end": false, "iu_a_span": [82.28, 82.69], "meta": {"topic": "Weaving", "type": "Conversation", "language": "噶瑪蘭語, Kavalan, Xinshe(新社)", "speaker": "潘天利, Abas, male, 1933-03-22", "collected": "2004-01-01", "revised": "2014-1-15", "video": "KavCon-weaving_abas_ipay3.mp3"}, "file": "Kavalan_Xinshe/KavCon-weaving_abas_ipay3", "num": 66}], [67, {"ori": [], "gloss": [["..", "", ""], ["buqa==Ras=ti=iku", "lazy=PFV=1SG.NOM", "懶惰=完成=1SG.主格"], ["ya,_", "PART", "語助詞"]], "free": ["#e I think I can’t. I am lazy.", "#c 我想我不行。我很懶惰。"], "s_end": true, "iu_a_span": [82.69, 84.12], "meta": {"topic": "Weaving", "type": "Conversation", "language": "噶瑪蘭語, Kavalan, Xinshe(新社)", "speaker": "潘天利, Abas, male, 1933-03-22", "collected": "2004-01-01", "revised": "2014-1-15", "video": "KavCon-weaving_abas_ipay3.mp3"}, "s_a_span": [81.01, 84.12], "file": "Kavalan_Xinshe/KavCon-weaving_abas_ipay3", "num": 67}], [68, {"ori": [], "gloss": [["...", "", ""], ["si,\\", "FS", "FS"]], "free": [], "s_end": false, "iu_a_span": [84.12, 84.53], "meta": {"topic": "Weaving", "type": "Conversation", "language": "噶瑪蘭語, Kavalan, Xinshe(新社)", "speaker": "潘天利, Abas, male, 1933-03-22", "collected": "2004-01-01", "revised": "2014-1-15", "video": "KavCon-weaving_abas_ipay3.mp3"}, "file": "Kavalan_Xinshe/KavCon-weaving_abas_ipay3", "num": 68}], [69, {"ori": [], "gloss": [["..", "", ""], ["[iza", "do.sth", "做某事"], ["s<m>anis", "<AF>bark", "<主焦>削樹皮"], ["nani],\\", "DM", "DM"]], "free": [], "s_end": false, "iu_a_span": [84.53, 85.89], "meta": {"topic": "Weaving", "type": "Conversation", "language": "噶瑪蘭語, Kavalan, Xinshe(新社)", "speaker": "潘天利, Abas, male, 1933-03-22", "collected": "2004-01-01", "revised": "2014-1-15", "video": "KavCon-weaving_abas_ipay3.mp3"}, "file": "Kavalan_Xinshe/KavCon-weaving_abas_ipay3", "num": 69}], [70, {"ori": [], "gloss": [["I:", "", ""], ["[sukaw", "bad", "不好"], ["buqaRas],\\", "lazy", "懶惰"]], "free": [], "s_end": false, "iu_a_span": [85.89, 86.51], "meta": {"topic": "Weaving", "type": "Conversation", "language": "噶瑪蘭語, Kavalan, Xinshe(新社)", "speaker": "潘天利, Abas, male, 1933-03-22", "collected": "2004-01-01", "revised": "2014-1-15", "video": "KavCon-weaving_abas_ipay3.mp3"}, "file": "Kavalan_Xinshe/KavCon-weaving_abas_ipay3", "num": 70}], [71, {"ori": [], "gloss": [["A:", "", ""], ["nayau=ti", "that.way=PFV", "那樣=完成"], ["[ya", "NOM", "主格"], ["waway-ku],_", "behavior-1SG.GEN", "行為-1SG.屬格"]], "free": ["#e (When it comes to) barking banana trees, I am like that.", "#c 削樹皮的時候，我的動作就是這樣子。"], "s_end": true, "iu_a_span": [86.51, 88.3], "meta": {"topic": "Weaving", "type": "Conversation", "language": "噶瑪蘭語, Kavalan, Xinshe(新社)", "speaker": "潘天利, Abas, male, 1933-03-22", "collected": "2004-01-01", "revised": "2014-1-15", "video": "KavCon-weaving_abas_ipay3.mp3"}, "s_a_span": [84.12, 88.3], "file": "Kavalan_Xinshe/KavCon-weaving_abas_ipay3", "num": 71}], [72, {"ori": [], "gloss": [["I:", "", ""], ["[pawRa==t-an-ta", "force-LF-1IPL.GEN", "勉強-處焦-1IPL.屬格"], ["]", "", ""], ["nani,\\", "DM", "DM"]], "free": [], "s_end": false, "iu_a_span": [88.3, 88.99], "meta": {"topic": "Weaving", "type": "Conversation", "language": "噶瑪蘭語, Kavalan, Xinshe(新社)", "speaker": "潘天利, Abas, male, 1933-03-22", "collected": "2004-01-01", "revised": "2014-1-15", "video": "KavCon-weaving_abas_ipay3.mp3"}, "file": "Kavalan_Xinshe/KavCon-weaving_abas_ipay3", "num": 72}], [73, {"ori": [], "gloss": [["..", "", ""], ["qawman", "definitely", "絕對"], ["wi==ya=ti", "leave=PFV", "離開=完成"], ["sepaR.\\", "able", "會"]], "free": ["#e Being lazy is not good. We must manage to do it, and we’ll be skilled gradually.", "#c 懶惰不好，我們一定要勉強做，慢慢就會了。"], "s_end": true, "iu_a_span": [88.99, 90.65], "meta": {"topic": "Weaving", "type": "Conversation", "language": "噶瑪蘭語, Kavalan, Xinshe(新社)", "speaker": "潘天利, Abas, male, 1933-03-22", "collected": "2004-01-01", "revised": "2014-1-15", "video": "KavCon-weaving_abas_ipay3.mp3"}, "s_a_span": [88.3, 90.65], "file": "Kavalan_Xinshe/KavCon-weaving_abas_ipay3", "num": 73}], [74, {"ori": [], "gloss": [["A:", "", ""], ["en", "yes", "嗯"], ["nayau=ti", "that.way=PFV", "那樣=完成"], ["saizi,\\", "maybe", "應該"]], "free": [], "s_end": false, "iu_a_span": [90.65, 92.91], "meta": {"topic": "Weaving", "type": "Conversation", "language": "噶瑪蘭語, Kavalan, Xinshe(新社)", "speaker": "潘天利, Abas, male, 1933-03-22", "collected": "2004-01-01", "revised": "2014-1-15", "video": "KavCon-weaving_abas_ipay3.mp3"}, "file": "Kavalan_Xinshe/KavCon-weaving_abas_ipay3", "num": 74}], [75, {"ori": [], "gloss": [["..", "", ""], ["anu", "if", "如果"], ["amawaR", "afterwards", "以後"], ["si,_", "COND", "條件詞"]], "free": ["#e Okay, afterwards", "#c 好啊，以後。"], "s_end": true, "iu_a_span": [92.91, 94.24], "meta": {"topic": "Weaving", "type": "Conversation", "language": "噶瑪蘭語, Kavalan, Xinshe(新社)", "speaker": "潘天利, Abas, male, 1933-03-22", "collected": "2004-01-01", "revised": "2014-1-15", "video": "KavCon-weaving_abas_ipay3.mp3"}, "s_a_span": [90.65, 94.24], "file": "Kavalan_Xinshe/KavCon-weaving_abas_ipay3", "num": 75}], [76, {"ori": [], "gloss": [["...", "", ""], ["yau", "EXIST", "存在"], ["dawad", "time", "時間"], ["si,\\", "COND", "條件詞"]], "free": [], "s_end": false, "iu_a_span": [94.24, 95.85], "meta": {"topic": "Weaving", "type": "Conversation", "language": "噶瑪蘭語, Kavalan, Xinshe(新社)", "speaker": "潘天利, Abas, male, 1933-03-22", "collected": "2004-01-01", "revised": "2014-1-15", "video": "KavCon-weaving_abas_ipay3.mp3"}, "file": "Kavalan_Xinshe/KavCon-weaving_abas_ipay3", "num": 76}], [77, {"ori": [], "gloss": [["..", "", ""], ["pawRa==t-a-ka,\\", "force-NAF-1SG.GEN", "勉強-非主焦-1SG.屬格"]], "free": [], "s_end": false, "iu_a_span": [95.85, 96.97], "meta": {"topic": "Weaving", "type": "Conversation", "language": "噶瑪蘭語, Kavalan, Xinshe(新社)", "speaker": "潘天利, Abas, male, 1933-03-22", "collected": "2004-01-01", "revised": "2014-1-15", "video": "KavCon-weaving_abas_ipay3.mp3"}, "file": "Kavalan_Xinshe/KavCon-weaving_abas_ipay3", "num": 77}], [78, {"ori": [], "gloss": [["..", "", ""], ["s<m>anis", "<AF>bark", "<主焦>削樹皮"], ["si,_", "COND", "條件詞"]], "free": ["#e If I have time, I will manage to bark banana trees.", "#c 有時間的話，勉強去削樹皮。"], "s_end": true, "iu_a_span": [96.97, 97.96], "meta": {"topic": "Weaving", "type": "Conversation", "language": "噶瑪蘭語, Kavalan, Xinshe(新社)", "speaker": "潘天利, Abas, male, 1933-03-22", "collected": "2004-01-01", "revised": "2014-1-15", "video": "KavCon-weaving_abas_ipay3.mp3"}, "s_a_span": [94.24, 97.96], "file": "Kavalan_Xinshe/KavCon-weaving_abas_ipay3", "num": 78}], [79, {"ori": [], "gloss": [["...", "", ""], ["saqapian", "one.day", "一天"], ["na", "GEN", "屬格"], ["usiq,\\", "one", "一"]], "free": [], "s_end": false, "iu_a_span": [97.96, 99.52], "meta": {"topic": "Weaving", "type": "Conversation", "language": "噶瑪蘭語, Kavalan, Xinshe(新社)", "speaker": "潘天利, Abas, male, 1933-03-22", "collected": "2004-01-01", "revised": "2014-1-15", "video": "KavCon-weaving_abas_ipay3.mp3"}, "file": "Kavalan_Xinshe/KavCon-weaving_abas_ipay3", "num": 79}], [80, {"ori": [], "gloss": [["..", "", ""], ["penina", "banana", "香蕉"], ["si==,/", "COND", "條件詞"]], "free": [], "s_end": false, "iu_a_span": [99.52, 100.65], "meta": {"topic": "Weaving", "type": "Conversation", "language": "噶瑪蘭語, Kavalan, Xinshe(新社)", "speaker": "潘天利, Abas, male, 1933-03-22", "collected": "2004-01-01", "revised": "2014-1-15", "video": "KavCon-weaving_abas_ipay3.mp3"}, "file": "Kavalan_Xinshe/KavCon-weaving_abas_ipay3", "num": 80}], [81, {"ori": [], "gloss": [["..", "", ""], ["quni==,\\", "okay", "可以"]], "free": [], "s_end": false, "iu_a_span": [100.65, 101.24], "meta": {"topic": "Weaving", "type": "Conversation", "language": "噶瑪蘭語, Kavalan, Xinshe(新社)", "speaker": "潘天利, Abas, male, 1933-03-22", "collected": "2004-01-01", "revised": "2014-1-15", "video": "KavCon-weaving_abas_ipay3.mp3"}, "file": "Kavalan_Xinshe/KavCon-weaving_abas_ipay3", "num": 81}], [82, {"ori": [], "gloss": [["..", "", ""], ["zin", "say", "說"], ["na", "GEN", "屬格"], ["anem-ku,\\", "heart-1SG.GEN", "心-1SG.屬格"]], "free": [], "s_end": false, "iu_a_span": [101.24, 102.02], "meta": {"topic": "Weaving", "type": "Conversation", "language": "噶瑪蘭語, Kavalan, Xinshe(新社)", "speaker": "潘天利, Abas, male, 1933-03-22", "collected": "2004-01-01", "revised": "2014-1-15", "video": "KavCon-weaving_abas_ipay3.mp3"}, "file": "Kavalan_Xinshe/KavCon-weaving_abas_ipay3", "num": 82}], [83, {"ori": [], "gloss": [["..", "", ""], ["qaya", "also", "也"], ["ya,_", "PART", "語助詞"]], "free": ["#e Barking one banana tree in one day is acceptable, I think.", "#c 我想，一天做一根也可以啊。"], "s_end": true, "iu_a_span": [102.02, 102.52], "meta": {"topic": "Weaving", "type": "Conversation", "language": "噶瑪蘭語, Kavalan, Xinshe(新社)", "speaker": "潘天利, Abas, male, 1933-03-22", "collected": "2004-01-01", "revised": "2014-1-15", "video": "KavCon-weaving_abas_ipay3.mp3"}, "s_a_span": [97.96, 102.52], "file": "Kavalan_Xinshe/KavCon-weaving_abas_ipay3", "num": 83}], [84, {"ori": [], "gloss": [["I:", "", ""], ["en,\\", "yes", "嗯"]], "free": [], "s_end": false, "iu_a_span": [102.52, 102.84], "meta": {"topic": "Weaving", "type": "Conversation", "language": "噶瑪蘭語, Kavalan, Xinshe(新社)", "speaker": "潘天利, Abas, male, 1933-03-22", "collected": "2004-01-01", "revised": "2014-1-15", "video": "KavCon-weaving_abas_ipay3.mp3"}, "file": "Kavalan_Xinshe/KavCon-weaving_abas_ipay3", "num": 84}], [85, {"ori": [], "gloss": [["..", "", ""], ["nayau-an-ta", "that.way-LF-1IPL.GEN", "那樣-處焦-1IPL.屬格"], ["saqawqa,\\", "definitely", "絕對"]], "free": [], "s_end": false, "iu_a_span": [102.84, 105.08], "meta": {"topic": "Weaving", "type": "Conversation", "language": "噶瑪蘭語, Kavalan, Xinshe(新社)", "speaker": "潘天利, Abas, male, 1933-03-22", "collected": "2004-01-01", "revised": "2014-1-15", "video": "KavCon-weaving_abas_ipay3.mp3"}, "file": "Kavalan_Xinshe/KavCon-weaving_abas_ipay3", "num": 85}], [86, {"ori": [], "gloss": [["...", "", ""], ["yau", "EXIST", "存在"], ["sepaR,\\", "able", "會"]], "free": ["#e If we do so, we will definitely become skilled.", "#c 我們這樣子，一定會的。"], "s_end": true, "iu_a_span": [105.08, 106.7], "meta": {"topic": "Weaving", "type": "Conversation", "language": "噶瑪蘭語, Kavalan, Xinshe(新社)", "speaker": "潘天利, Abas, male, 1933-03-22", "collected": "2004-01-01", "revised": "2014-1-15", "video": "KavCon-weaving_abas_ipay3.mp3"}, "s_a_span": [102.52, 106.7], "file": "Kavalan_Xinshe/KavCon-weaving_abas_ipay3", "num": 86}], [87, {"ori": [], "gloss": [["...", "", ""], ["X", "", ""], ["Rayngu=iku", "unable=1SG.NOM", "不能=1SG.主格"], ["Rayngu=iku", "unable=1SG.NOM", "不能=1SG.主格"], ["zin-ta,\\", "say-1IPL.GEN", "說-1IPL.屬格"]], "free": [], "s_end": false, "iu_a_span": [106.7, 109.8], "meta": {"topic": "Weaving", "type": "Conversation", "language": "噶瑪蘭語, Kavalan, Xinshe(新社)", "speaker": "潘天利, Abas, male, 1933-03-22", "collected": "2004-01-01", "revised": "2014-1-15", "video": "KavCon-weaving_abas_ipay3.mp3"}, "file": "Kavalan_Xinshe/KavCon-weaving_abas_ipay3", "num": 87}], [88, {"ori": [], "gloss": [["..", "", ""], ["zin-su", "say-2SG.GEN", "說-2SG.屬格"], ["haw.\\", "PART", "語助詞"]], "free": [], "s_end": false, "iu_a_span": [109.8, 110.93], "meta": {"topic": "Weaving", "type": "Conversation", "language": "噶瑪蘭語, Kavalan, Xinshe(新社)", "speaker": "潘天利, Abas, male, 1933-03-22", "collected": "2004-01-01", "revised": "2014-1-15", "video": "KavCon-weaving_abas_ipay3.mp3"}, "file": "Kavalan_Xinshe/KavCon-weaving_abas_ipay3", "num": 88}], [89, {"ori": [], "gloss": [["..", "", ""], ["Rayngu=ti", "cannot=PFV", "不能=完成"], ["X,\\", "", ""]], "free": [], "s_end": false, "iu_a_span": [110.93, 112.01], "meta": {"topic": "Weaving", "type": "Conversation", "language": "噶瑪蘭語, Kavalan, Xinshe(新社)", "speaker": "潘天利, Abas, male, 1933-03-22", "collected": "2004-01-01", "revised": "2014-1-15", "video": "KavCon-weaving_abas_ipay3.mp3"}, "file": "Kavalan_Xinshe/KavCon-weaving_abas_ipay3", "num": 89}], [90, {"ori": [], "gloss": [["..", "", ""], ["waliw=isu", "however=2SG.NOM", "反而=2SG.主格"], ["buqaRas,\\", "lazy", "懶惰"]], "free": ["#e If you keep saying ‘I can’t, I can’t,’ you will be incapable and lazy.", "#c 你一直說不會，結果就真的不會，而且也懶的做。"], "s_end": true, "iu_a_span": [112.01, 113.22], "meta": {"topic": "Weaving", "type": "Conversation", "language": "噶瑪蘭語, Kavalan, Xinshe(新社)", "speaker": "潘天利, Abas, male, 1933-03-22", "collected": "2004-01-01", "revised": "2014-1-15", "video": "KavCon-weaving_abas_ipay3.mp3"}, "s_a_span": [106.7, 113.22], "file": "Kavalan_Xinshe/KavCon-weaving_abas_ipay3", "num": 90}], [91, {"ori": [], "gloss": [["..", "", ""], ["[X]", "X", "X"]], "free": [], "s_end": false, "iu_a_span": [113.22, 115.53], "meta": {"topic": "Weaving", "type": "Conversation", "language": "噶瑪蘭語, Kavalan, Xinshe(新社)", "speaker": "潘天利, Abas, male, 1933-03-22", "collected": "2004-01-01", "revised": "2014-1-15", "video": "KavCon-weaving_abas_ipay3.mp3"}, "file": "Kavalan_Xinshe/KavCon-weaving_abas_ipay3", "num": 91}], [92, {"ori": [], "gloss": [["A:", "", ""], ["[m-lizaq=iku", "AF-like=1SG.NOM", "主焦-喜歡=1SG.主格"], ["t<m>enun],\\", "<AF>weave", "<主焦>編織"]], "free": ["#e I like weaving.", "#c 我喜歡編織。"], "s_end": true, "iu_a_span": [115.53, 115.44], "meta": {"topic": "Weaving", "type": "Conversation", "language": "噶瑪蘭語, Kavalan, Xinshe(新社)", "speaker": "潘天利, Abas, male, 1933-03-22", "collected": "2004-01-01", "revised": "2014-1-15", "video": "KavCon-weaving_abas_ipay3.mp3"}, "s_a_span": [113.22, 115.44], "file": "Kavalan_Xinshe/KavCon-weaving_abas_ipay3", "num": 92}], [93, {"ori": [], "gloss": [["I:", "", ""], ["wi==", "leave", "離開"], ["X,\\", "", ""]], "free": [], "s_end": false, "iu_a_span": [115.44, 117.2], "meta": {"topic": "Weaving", "type": "Conversation", "language": "噶瑪蘭語, Kavalan, Xinshe(新社)", "speaker": "潘天利, Abas, male, 1933-03-22", "collected": "2004-01-01", "revised": "2014-1-15", "video": "KavCon-weaving_abas_ipay3.mp3"}, "file": "Kavalan_Xinshe/KavCon-weaving_abas_ipay3", "num": 93}], [94, {"ori": [], "gloss": [["..", "", ""], ["wi==", "leave", "離開"], ["se<pa>paR,\\", "<RED>able", "<重疊>能"]], "free": ["#e If we keep doing, we will be skilled.", "#c 一直做，就一定會做。"], "s_end": true, "iu_a_span": [117.2, 118.43], "meta": {"topic": "Weaving", "type": "Conversation", "language": "噶瑪蘭語, Kavalan, Xinshe(新社)", "speaker": "潘天利, Abas, male, 1933-03-22", "collected": "2004-01-01", "revised": "2014-1-15", "video": "KavCon-weaving_abas_ipay3.mp3"}, "s_a_span": [115.44, 118.43], "file": "Kavalan_Xinshe/KavCon-weaving_abas_ipay3", "num": 94}], [95, {"ori": [], "gloss": [["...", "", ""], ["nunu==-an-ta", "do.every.day-LF-1IPL.GEN", "每天做-處焦-1IPL.屬格"], ["nani,\\", "DM", "DM"]], "free": ["#e We do it every day.", "#c 我們每天做。", "#n nunu-an-ku kelawkaway: 我每天工作"], "s_end": true, "iu_a_span": [118.43, 120.01], "meta": {"topic": "Weaving", "type": "Conversation", "language": "噶瑪蘭語, Kavalan, Xinshe(新社)", "speaker": "潘天利, Abas, male, 1933-03-22", "collected": "2004-01-01", "revised": "2014-1-15", "video": "KavCon-weaving_abas_ipay3.mp3"}, "s_a_span": [118.43, 120.01], "file": "Kavalan_Xinshe/KavCon-weaving_abas_ipay3", "num": 95}], [96, {"ori": [], "gloss": [["..", "", ""], ["wi==ya=ti", "leave=PFV", "離開=完成"], ["sepaR", "able", "會"], ["nani.\\", "DM", "DM"]], "free": ["#e (We) will be skilled.", "#c 就會做。"], "s_end": true, "iu_a_span": [120.01, 121.4], "meta": {"topic": "Weaving", "type": "Conversation", "language": "噶瑪蘭語, Kavalan, Xinshe(新社)", "speaker": "潘天利, Abas, male, 1933-03-22", "collected": "2004-01-01", "revised": "2014-1-15", "video": "KavCon-weaving_abas_ipay3.mp3"}, "s_a_span": [120.01, 121.4], "file": "Kavalan_Xinshe/KavCon-weaving_abas_ipay3", "num": 96}], [97, {"ori": [], "gloss": [["..", "", ""], ["mai=ti", "NEG=PFV", "否定=完成"], ["maytis", "AF.fear", "主焦.怕"], ["tu==,\\", "COMP", "補語詞"]], "free": [], "s_end": false, "iu_a_span": [121.4, 123.11], "meta": {"topic": "Weaving", "type": "Conversation", "language": "噶瑪蘭語, Kavalan, Xinshe(新社)", "speaker": "潘天利, Abas, male, 1933-03-22", "collected": "2004-01-01", "revised": "2014-1-15", "video": "KavCon-weaving_abas_ipay3.mp3"}, "file": "Kavalan_Xinshe/KavCon-weaving_abas_ipay3", "num": 97}], [98, {"ori": [], "gloss": [["..", "", ""], ["qa-tepuq-an.\\", "FUT-cut-NOM", "未來-割-名物化"]], "free": ["#e (We) won’t be afraid of being cut.", "#c 就不會怕被割到。"], "s_end": true, "iu_a_span": [123.11, 124.51], "meta": {"topic": "Weaving", "type": "Conversation", "language": "噶瑪蘭語, Kavalan, Xinshe(新社)", "speaker": "潘天利, Abas, male, 1933-03-22", "collected": "2004-01-01", "revised": "2014-1-15", "video": "KavCon-weaving_abas_ipay3.mp3"}, "s_a_span": [121.4, 124.51], "file": "Kavalan_Xinshe/KavCon-weaving_abas_ipay3", "num": 98}], [99, {"ori": [], "gloss": [["A:", "", ""], ["ngi==d=iku", "want=1SG.NOM", "想要=1SG.主格"], ["tenun", "weave", "編織"], ["nani,\\", "DM", "DM"]], "free": ["#e I want to weave.", "#c 我想要編織。"], "s_end": true, "iu_a_span": [124.51, 126.18], "meta": {"topic": "Weaving", "type": "Conversation", "language": "噶瑪蘭語, Kavalan, Xinshe(新社)", "speaker": "潘天利, Abas, male, 1933-03-22", "collected": "2004-01-01", "revised": "2014-1-15", "video": "KavCon-weaving_abas_ipay3.mp3"}, "s_a_span": [124.51, 126.18], "file": "Kavalan_Xinshe/KavCon-weaving_abas_ipay3", "num": 99}]], "meta": {"topic": "Weaving", "type": "Conversation", "language": "噶瑪蘭語, Kavalan, Xinshe(新社)", "speaker": "潘天利, Abas, male, 1933-03-22", "collected": "2004-01-01", "revised": "2014-1-15", "video": "KavCon-weaving_abas_ipay3.mp3"}}