{"glosses": [[1, {"ori": [], "gloss": [["A:", "", ""], ["masang,\\", "past", "以前"]], "free": [], "s_end": false, "iu_a_span": [52.63, 53.53], "meta": {"topic": "Marriage", "type": "Narrative", "language": "噶瑪蘭語, Kavalan, Xinshe(新社)", "speaker": "潘天利, Abas, male, 1933-03-22", "collected": "2005-12-01", "revised": "2014-1-15", "video": "KavCon-marriage_abas_pilaw.mp3"}, "file": "Kavalan_Xinshe/KavCon-marriage_abas_pilaw", "num": 1}], [2, {"ori": [], "gloss": [["..", "", ""], ["tu,\\", "DM", "DM"]], "free": [], "s_end": false, "iu_a_span": [53.53, 54.01], "meta": {"topic": "Marriage", "type": "Narrative", "language": "噶瑪蘭語, Kavalan, Xinshe(新社)", "speaker": "潘天利, Abas, male, 1933-03-22", "collected": "2005-12-01", "revised": "2014-1-15", "video": "KavCon-marriage_abas_pilaw.mp3"}, "file": "Kavalan_Xinshe/KavCon-marriage_abas_pilaw", "num": 2}], [3, {"ori": [], "gloss": [["..", "", ""], ["taqa=iku", "NEG=1SG.NOM", "否定=1SG.主格"], ["ti-batu-an", "NCM-PN-LOC", "NCM-人名-處格"], ["nani.\\", "DM", "DM"]], "free": ["#e I didn't like Batu before.", "#c 以前我不喜歡Batu。", "#n Batu是Abas的先生，已過世。"], "s_end": true, "iu_a_span": [54.01, 55.83], "meta": {"topic": "Marriage", "type": "Narrative", "language": "噶瑪蘭語, Kavalan, Xinshe(新社)", "speaker": "潘天利, Abas, male, 1933-03-22", "collected": "2005-12-01", "revised": "2014-1-15", "video": "KavCon-marriage_abas_pilaw.mp3"}, "s_a_span": [52.63, 55.83], "file": "Kavalan_Xinshe/KavCon-marriage_abas_pilaw", "num": 3}], [4, {"ori": [], "gloss": [["..", "", ""], ["pawRat,\\", "force", "勉強"]], "free": [], "s_end": false, "iu_a_span": [55.83, 56.92], "meta": {"topic": "Marriage", "type": "Narrative", "language": "噶瑪蘭語, Kavalan, Xinshe(新社)", "speaker": "潘天利, Abas, male, 1933-03-22", "collected": "2005-12-01", "revised": "2014-1-15", "video": "KavCon-marriage_abas_pilaw.mp3"}, "file": "Kavalan_Xinshe/KavCon-marriage_abas_pilaw", "num": 4}], [5, {"ori": [], "gloss": [["..", "", ""], ["tina-ku", "mother-1SG.GEN", "母親-1SG.屬格"], ["tama-ku,\\", "father-1SG.GEN", "父親-1SG.屬格"]], "free": [], "s_end": false, "iu_a_span": [56.92, 57.99], "meta": {"topic": "Marriage", "type": "Narrative", "language": "噶瑪蘭語, Kavalan, Xinshe(新社)", "speaker": "潘天利, Abas, male, 1933-03-22", "collected": "2005-12-01", "revised": "2014-1-15", "video": "KavCon-marriage_abas_pilaw.mp3"}, "file": "Kavalan_Xinshe/KavCon-marriage_abas_pilaw", "num": 5}], [6, {"ori": [], "gloss": [["..", "", ""], ["kila,\\", "decide", "決定"]], "free": [], "s_end": false, "iu_a_span": [57.99, 58.61], "meta": {"topic": "Marriage", "type": "Narrative", "language": "噶瑪蘭語, Kavalan, Xinshe(新社)", "speaker": "潘天利, Abas, male, 1933-03-22", "collected": "2005-12-01", "revised": "2014-1-15", "video": "KavCon-marriage_abas_pilaw.mp3"}, "file": "Kavalan_Xinshe/KavCon-marriage_abas_pilaw", "num": 6}], [7, {"ori": [], "gloss": [["..", "", ""], ["unay=pa,\\", "that=FUT", "那個=未來"]], "free": [], "s_end": false, "iu_a_span": [58.61, 59.45], "meta": {"topic": "Marriage", "type": "Narrative", "language": "噶瑪蘭語, Kavalan, Xinshe(新社)", "speaker": "潘天利, Abas, male, 1933-03-22", "collected": "2005-12-01", "revised": "2014-1-15", "video": "KavCon-marriage_abas_pilaw.mp3"}, "file": "Kavalan_Xinshe/KavCon-marriage_abas_pilaw", "num": 7}], [8, {"ori": [], "gloss": [["..", "", ""], ["ngid-an-ta,\\", "want-LF-1EPL.GEN", "要-處焦-1EPL.屬格"]], "free": ["#e My mother and father decided that I should marry him.", "#c 我媽媽爸爸決定我的先生是他。"], "s_end": true, "iu_a_span": [59.45, 60.49], "meta": {"topic": "Marriage", "type": "Narrative", "language": "噶瑪蘭語, Kavalan, Xinshe(新社)", "speaker": "潘天利, Abas, male, 1933-03-22", "collected": "2005-12-01", "revised": "2014-1-15", "video": "KavCon-marriage_abas_pilaw.mp3"}, "s_a_span": [55.83, 60.49], "file": "Kavalan_Xinshe/KavCon-marriage_abas_pilaw", "num": 8}], [9, {"ori": [], "gloss": [["..", "", ""], ["m-daduna", "AF-diligent", "主焦-認真"], ["aizipna.\\", "3SG.NOM", "3SG.主格"]], "free": ["#e He is diligent.", "#c 他工作很認真。"], "s_end": true, "iu_a_span": [60.49, 62.38], "meta": {"topic": "Marriage", "type": "Narrative", "language": "噶瑪蘭語, Kavalan, Xinshe(新社)", "speaker": "潘天利, Abas, male, 1933-03-22", "collected": "2005-12-01", "revised": "2014-1-15", "video": "KavCon-marriage_abas_pilaw.mp3"}, "s_a_span": [60.49, 62.38], "file": "Kavalan_Xinshe/KavCon-marriage_abas_pilaw", "num": 9}], [10, {"ori": [], "gloss": [["..", "", ""], ["pameng", "suddenly", "突然"], ["ngid", "want", "要"], ["tu,\\", "OBL", "斜格"]], "free": [], "s_end": false, "iu_a_span": [62.38, 64.04], "meta": {"topic": "Marriage", "type": "Narrative", "language": "噶瑪蘭語, Kavalan, Xinshe(新社)", "speaker": "潘天利, Abas, male, 1933-03-22", "collected": "2005-12-01", "revised": "2014-1-15", "video": "KavCon-marriage_abas_pilaw.mp3"}, "file": "Kavalan_Xinshe/KavCon-marriage_abas_pilaw", "num": 10}], [11, {"ori": [], "gloss": [["..", "", ""], ["ti-kingciang-an", "NCM-PN-LOC", "NCM-人名-處格"], ["nani.\\", "DM", "DM"]], "free": ["#e (But) I only want (love) Kingciang.", "#c （可是）我就只愛Kingciang。", "#n Kingciang是Pilaw的大哥。"], "s_end": true, "iu_a_span": [64.04, 65.38], "meta": {"topic": "Marriage", "type": "Narrative", "language": "噶瑪蘭語, Kavalan, Xinshe(新社)", "speaker": "潘天利, Abas, male, 1933-03-22", "collected": "2005-12-01", "revised": "2014-1-15", "video": "KavCon-marriage_abas_pilaw.mp3"}, "s_a_span": [62.38, 65.38], "file": "Kavalan_Xinshe/KavCon-marriage_abas_pilaw", "num": 11}], [12, {"ori": [], "gloss": [["..", "", ""], ["mai,\\", "NEG", "否定"]], "free": [], "s_end": false, "iu_a_span": [65.38, 66.3], "meta": {"topic": "Marriage", "type": "Narrative", "language": "噶瑪蘭語, Kavalan, Xinshe(新社)", "speaker": "潘天利, Abas, male, 1933-03-22", "collected": "2005-12-01", "revised": "2014-1-15", "video": "KavCon-marriage_abas_pilaw.mp3"}, "file": "Kavalan_Xinshe/KavCon-marriage_abas_pilaw", "num": 12}], [13, {"ori": [], "gloss": [["..", "", ""], ["qadabu,\\", "marry.into", "入贅"]], "free": [], "s_end": false, "iu_a_span": [66.3, 67.04], "meta": {"topic": "Marriage", "type": "Narrative", "language": "噶瑪蘭語, Kavalan, Xinshe(新社)", "speaker": "潘天利, Abas, male, 1933-03-22", "collected": "2005-12-01", "revised": "2014-1-15", "video": "KavCon-marriage_abas_pilaw.mp3"}, "file": "Kavalan_Xinshe/KavCon-marriage_abas_pilaw", "num": 13}], [14, {"ori": [], "gloss": [["..", "", ""], ["ti-kingciang", "NCM-PN", "NCM-人名"], ["sa-pa-quni-an-su,/", "FUT-PA-do.what-NMZ-2SG.GEN", "未來-PA-做什麼-名物化-2SG.屬格"]], "free": [], "s_end": false, "iu_a_span": [67.04, 68.65], "meta": {"topic": "Marriage", "type": "Narrative", "language": "噶瑪蘭語, Kavalan, Xinshe(新社)", "speaker": "潘天利, Abas, male, 1933-03-22", "collected": "2005-12-01", "revised": "2014-1-15", "video": "KavCon-marriage_abas_pilaw.mp3"}, "file": "Kavalan_Xinshe/KavCon-marriage_abas_pilaw", "num": 14}], [15, {"ori": [], "gloss": [["..", "", ""], ["zin-na.\\", "say-3PL.GEN", "說-3PL.屬格"]], "free": ["#e 'Kingciang couldn’t marry into our family. Why do you like him?' they said.", "#c 「Kingciang不能入贅，你喜歡他做什麼？」他們這樣說。"], "s_end": true, "iu_a_span": [68.65, 69.15], "meta": {"topic": "Marriage", "type": "Narrative", "language": "噶瑪蘭語, Kavalan, Xinshe(新社)", "speaker": "潘天利, Abas, male, 1933-03-22", "collected": "2005-12-01", "revised": "2014-1-15", "video": "KavCon-marriage_abas_pilaw.mp3"}, "s_a_span": [65.38, 69.15], "file": "Kavalan_Xinshe/KavCon-marriage_abas_pilaw", "num": 15}], [16, {"ori": [], "gloss": [["..", "", ""], ["quni-a-kita,\\", "how-NAF-1IPL.GEN", "如何-非主焦-1IPL.屬格"]], "free": [], "s_end": false, "iu_a_span": [69.15, 70.34], "meta": {"topic": "Marriage", "type": "Narrative", "language": "噶瑪蘭語, Kavalan, Xinshe(新社)", "speaker": "潘天利, Abas, male, 1933-03-22", "collected": "2005-12-01", "revised": "2014-1-15", "video": "KavCon-marriage_abas_pilaw.mp3"}, "file": "Kavalan_Xinshe/KavCon-marriage_abas_pilaw", "num": 16}], [17, {"ori": [], "gloss": [["..", "", ""], ["anem-ta", "heart-1IPL.GEN", "心-1IPL.屬格"], ["haw,\\", "PART", "語助詞"]], "free": [], "s_end": false, "iu_a_span": [70.34, 71.45], "meta": {"topic": "Marriage", "type": "Narrative", "language": "噶瑪蘭語, Kavalan, Xinshe(新社)", "speaker": "潘天利, Abas, male, 1933-03-22", "collected": "2005-12-01", "revised": "2014-1-15", "video": "KavCon-marriage_abas_pilaw.mp3"}, "file": "Kavalan_Xinshe/KavCon-marriage_abas_pilaw", "num": 17}], [18, {"ori": [], "gloss": [["..", "", ""], ["paw==Rat=ti=iku", "force=PFV=1SG.NOM", "勉強=完成=1SG.主格"], ["qaya", "also", "也"], ["nani.\\", "DM", "DM"]], "free": ["#e What should I do? I just like him.", "#c 我沒有辦法，我就是喜歡他。"], "s_end": true, "iu_a_span": [71.45, 73.45], "meta": {"topic": "Marriage", "type": "Narrative", "language": "噶瑪蘭語, Kavalan, Xinshe(新社)", "speaker": "潘天利, Abas, male, 1933-03-22", "collected": "2005-12-01", "revised": "2014-1-15", "video": "KavCon-marriage_abas_pilaw.mp3"}, "s_a_span": [69.15, 73.45], "file": "Kavalan_Xinshe/KavCon-marriage_abas_pilaw", "num": 18}], [19, {"ori": [], "gloss": [["..", "", ""], ["ala-an-niq", "take-LF-1EPL.GEN", "拿-處焦-1EPL.屬格"], ["ti-batu,\\", "NCM-PN", "NCM-人名"]], "free": [], "s_end": false, "iu_a_span": [73.45, 75.28], "meta": {"topic": "Marriage", "type": "Narrative", "language": "噶瑪蘭語, Kavalan, Xinshe(新社)", "speaker": "潘天利, Abas, male, 1933-03-22", "collected": "2005-12-01", "revised": "2014-1-15", "video": "KavCon-marriage_abas_pilaw.mp3"}, "file": "Kavalan_Xinshe/KavCon-marriage_abas_pilaw", "num": 19}], [20, {"ori": [], "gloss": [["..", "", ""], ["u-zusa=ti", "CLF.NHUM-two=PFV", "非人量詞-二=完成"], ["sunis-ku", "child-1SG.GEN", "小孩-1SG.屬格"], ["haw.\\", "PART", "語助詞"]], "free": ["#e I married Batu and had two children.", "#c 我嫁給Batu，生了兩個小孩", "#n 兩個小孩指的是Imuy和Buya。"], "s_end": true, "iu_a_span": [75.28, 76.9], "meta": {"topic": "Marriage", "type": "Narrative", "language": "噶瑪蘭語, Kavalan, Xinshe(新社)", "speaker": "潘天利, Abas, male, 1933-03-22", "collected": "2005-12-01", "revised": "2014-1-15", "video": "KavCon-marriage_abas_pilaw.mp3"}, "s_a_span": [73.45, 76.9], "file": "Kavalan_Xinshe/KavCon-marriage_abas_pilaw", "num": 20}], [21, {"ori": [], "gloss": [["..", "", ""], ["qawman", "definitely", "絕對"], ["m-taqa.\\", "AF-NEG", "主焦-否定"]], "free": ["#e I still don't like him.", "#c 還是不喜歡他。"], "s_end": true, "iu_a_span": [76.9, 78.73], "meta": {"topic": "Marriage", "type": "Narrative", "language": "噶瑪蘭語, Kavalan, Xinshe(新社)", "speaker": "潘天利, Abas, male, 1933-03-22", "collected": "2005-12-01", "revised": "2014-1-15", "video": "KavCon-marriage_abas_pilaw.mp3"}, "s_a_span": [76.9, 78.73], "file": "Kavalan_Xinshe/KavCon-marriage_abas_pilaw", "num": 21}], [22, {"ori": [], "gloss": [["P:", "", ""], ["mai=isu", "NEG=2SG.NOM", "否定=2SG.主格"], ["qa-qaliwun-an.\\", "QA-forget-NMZ", "QA-忘記-名物化"]], "free": ["#e You cannot forget (my brother).", "#c 你忘不了我（大哥）。"], "s_end": true, "iu_a_span": [78.73, 79.72], "meta": {"topic": "Marriage", "type": "Narrative", "language": "噶瑪蘭語, Kavalan, Xinshe(新社)", "speaker": "潘天利, Abas, male, 1933-03-22", "collected": "2005-12-01", "revised": "2014-1-15", "video": "KavCon-marriage_abas_pilaw.mp3"}, "s_a_span": [78.73, 79.72], "file": "Kavalan_Xinshe/KavCon-marriage_abas_pilaw", "num": 22}], [23, {"ori": [], "gloss": [["..", "", ""], ["en,\\", "FIL", "FIL"]], "free": [], "s_end": false, "iu_a_span": [79.72, 80.25], "meta": {"topic": "Marriage", "type": "Narrative", "language": "噶瑪蘭語, Kavalan, Xinshe(新社)", "speaker": "潘天利, Abas, male, 1933-03-22", "collected": "2005-12-01", "revised": "2014-1-15", "video": "KavCon-marriage_abas_pilaw.mp3"}, "file": "Kavalan_Xinshe/KavCon-marriage_abas_pilaw", "num": 23}], [24, {"ori": [], "gloss": [["A:", "", ""], ["qa-patay=pa=iku", "QA-die=FUT=1SG.NOM", "QA-死=未來=1SG.主格"], ["si", "COND", "條件詞"], ["kawka=iku==,\\", "then=1SG.NOM", "才=1SG.主格"]], "free": [], "s_end": false, "iu_a_span": [80.25, 82.8], "meta": {"topic": "Marriage", "type": "Narrative", "language": "噶瑪蘭語, Kavalan, Xinshe(新社)", "speaker": "潘天利, Abas, male, 1933-03-22", "collected": "2005-12-01", "revised": "2014-1-15", "video": "KavCon-marriage_abas_pilaw.mp3"}, "file": "Kavalan_Xinshe/KavCon-marriage_abas_pilaw", "num": 24}], [25, {"ori": [], "gloss": [["..", "", ""], ["m-<L2MlikayL2M>", "AF-leave", "主焦-離開"], ["ti-batu-an,\\", "NCM-PN-LOC", "NCM-人名-處格"]], "free": [], "s_end": false, "iu_a_span": [82.8, 84.09], "meta": {"topic": "Marriage", "type": "Narrative", "language": "噶瑪蘭語, Kavalan, Xinshe(新社)", "speaker": "潘天利, Abas, male, 1933-03-22", "collected": "2005-12-01", "revised": "2014-1-15", "video": "KavCon-marriage_abas_pilaw.mp3"}, "file": "Kavalan_Xinshe/KavCon-marriage_abas_pilaw", "num": 25}], [26, {"ori": [], "gloss": [["..", "", ""], ["zin", "say", "說"], ["na", "GEN", "屬格"], ["anem-ku", "heart-1SG.GEN", "心-1SG.屬格"], ["nani.\\", "DM", "DM"]], "free": ["#e Only when I die can I leave Batu, I think.", "#c 我想，只有我死了，我才能離開Batu。"], "s_end": true, "iu_a_span": [84.09, 85.43], "meta": {"topic": "Marriage", "type": "Narrative", "language": "噶瑪蘭語, Kavalan, Xinshe(新社)", "speaker": "潘天利, Abas, male, 1933-03-22", "collected": "2005-12-01", "revised": "2014-1-15", "video": "KavCon-marriage_abas_pilaw.mp3"}, "s_a_span": [79.72, 85.43], "file": "Kavalan_Xinshe/KavCon-marriage_abas_pilaw", "num": 26}], [27, {"ori": [], "gloss": [["..", "", ""], ["quni-a-kita", "how-NAF-1IPL.GEN", "如何-非主焦-1IPL.屬格"], ["mai==,\\", "NEG", "否定"]], "free": [], "s_end": false, "iu_a_span": [85.43, 87.09], "meta": {"topic": "Marriage", "type": "Narrative", "language": "噶瑪蘭語, Kavalan, Xinshe(新社)", "speaker": "潘天利, Abas, male, 1933-03-22", "collected": "2005-12-01", "revised": "2014-1-15", "video": "KavCon-marriage_abas_pilaw.mp3"}, "file": "Kavalan_Xinshe/KavCon-marriage_abas_pilaw", "num": 27}], [28, {"ori": [], "gloss": [["..", "", ""], ["tu", "OBL", "斜格"], ["ququni-an", "how-LF", "如何-處焦"], ["anem", "heart", "心"], ["yau", "EXIST", "存在"], ["aipa,\\", "pity", "可惜"]], "free": ["#e What could we do? (There is nothing we could do.)", "#c 沒有辦法在一起，還是要離開。", "#n ququni-an為「沒辦法」。"], "s_end": true, "iu_a_span": [87.09, 88.92], "meta": {"topic": "Marriage", "type": "Narrative", "language": "噶瑪蘭語, Kavalan, Xinshe(新社)", "speaker": "潘天利, Abas, male, 1933-03-22", "collected": "2005-12-01", "revised": "2014-1-15", "video": "KavCon-marriage_abas_pilaw.mp3"}, "s_a_span": [85.43, 88.92], "file": "Kavalan_Xinshe/KavCon-marriage_abas_pilaw", "num": 28}], [29, {"ori": [], "gloss": [["..", "", ""], ["qenasianem", "think", "想"], ["^nayau,\\", "that.way", "那樣"]], "free": [], "s_end": false, "iu_a_span": [88.92, 90.32], "meta": {"topic": "Marriage", "type": "Narrative", "language": "噶瑪蘭語, Kavalan, Xinshe(新社)", "speaker": "潘天利, Abas, male, 1933-03-22", "collected": "2005-12-01", "revised": "2014-1-15", "video": "KavCon-marriage_abas_pilaw.mp3"}, "file": "Kavalan_Xinshe/KavCon-marriage_abas_pilaw", "num": 29}], [30, {"ori": [], "gloss": [["..", "", ""], ["anem-ku", "heart-1SG.GEN", "心-1SG.屬格"], ["zin-ku", "say-1SG.GEN", "說-1SG.屬格"], ["kwa.\\", "PART", "語助詞"]], "free": ["#e I think so.", "#c 我這樣想。"], "s_end": true, "iu_a_span": [90.32, 91.65], "meta": {"topic": "Marriage", "type": "Narrative", "language": "噶瑪蘭語, Kavalan, Xinshe(新社)", "speaker": "潘天利, Abas, male, 1933-03-22", "collected": "2005-12-01", "revised": "2014-1-15", "video": "KavCon-marriage_abas_pilaw.mp3"}, "s_a_span": [88.92, 91.65], "file": "Kavalan_Xinshe/KavCon-marriage_abas_pilaw", "num": 30}], [31, {"ori": [], "gloss": [["..", "", ""], ["ta-tawa=ti,\\", "RED-laugh=PFV", "重疊-笑=完成"]], "free": [], "s_end": false, "iu_a_span": [91.65, 92.8], "meta": {"topic": "Marriage", "type": "Narrative", "language": "噶瑪蘭語, Kavalan, Xinshe(新社)", "speaker": "潘天利, Abas, male, 1933-03-22", "collected": "2005-12-01", "revised": "2014-1-15", "video": "KavCon-marriage_abas_pilaw.mp3"}, "file": "Kavalan_Xinshe/KavCon-marriage_abas_pilaw", "num": 31}], [32, {"ori": [], "gloss": [["..", "", ""], ["qaniyau", "3PL.NOM", "3PL.主格"], ["pakunku-an-ku", "tell.a.story-LF-1SG.GEN", "講故事-處焦-1SG.屬格"], ["tawian.\\", "there", "那邊"]], "free": ["#e I told them the story, and they kept laughing.", "#c 我講故事，他們一直笑。"], "s_end": true, "iu_a_span": [92.8, 94.37], "meta": {"topic": "Marriage", "type": "Narrative", "language": "噶瑪蘭語, Kavalan, Xinshe(新社)", "speaker": "潘天利, Abas, male, 1933-03-22", "collected": "2005-12-01", "revised": "2014-1-15", "video": "KavCon-marriage_abas_pilaw.mp3"}, "s_a_span": [91.65, 94.37], "file": "Kavalan_Xinshe/KavCon-marriage_abas_pilaw", "num": 32}], [33, {"ori": [], "gloss": [["..", "", ""], ["[taw", "INT", "感嘆"], ["sayza],\\", "perhaps", "可能"]], "free": [], "s_end": false, "iu_a_span": [94.37, 94.59], "meta": {"topic": "Marriage", "type": "Narrative", "language": "噶瑪蘭語, Kavalan, Xinshe(新社)", "speaker": "潘天利, Abas, male, 1933-03-22", "collected": "2005-12-01", "revised": "2014-1-15", "video": "KavCon-marriage_abas_pilaw.mp3"}, "file": "Kavalan_Xinshe/KavCon-marriage_abas_pilaw", "num": 33}], [34, {"ori": [], "gloss": [["P:", "", ""], ["[XX],\\", "XX", "XX"]], "free": [], "s_end": false, "iu_a_span": [94.59, 94.86], "meta": {"topic": "Marriage", "type": "Narrative", "language": "噶瑪蘭語, Kavalan, Xinshe(新社)", "speaker": "潘天利, Abas, male, 1933-03-22", "collected": "2005-12-01", "revised": "2014-1-15", "video": "KavCon-marriage_abas_pilaw.mp3"}, "file": "Kavalan_Xinshe/KavCon-marriage_abas_pilaw", "num": 34}], [35, {"ori": [], "gloss": [["A:", "", ""], ["nayau,\\", "that.way", "那樣"]], "free": ["#e What could I do?", "#c 怎麼辦？"], "s_end": true, "iu_a_span": [94.86, 96.11], "meta": {"topic": "Marriage", "type": "Narrative", "language": "噶瑪蘭語, Kavalan, Xinshe(新社)", "speaker": "潘天利, Abas, male, 1933-03-22", "collected": "2005-12-01", "revised": "2014-1-15", "video": "KavCon-marriage_abas_pilaw.mp3"}, "s_a_span": [94.37, 96.11], "file": "Kavalan_Xinshe/KavCon-marriage_abas_pilaw", "num": 35}], [36, {"ori": [], "gloss": [["..", "", ""], ["Raputuy-an-ku", "dream-LF-1SG.GEN", "夢-處焦-1SG.屬格"], ["ti-kingciang.\\", "NCM-PN", "NCM-人名"]], "free": ["#e I dreamed of Kingciang.", "#c 我夢到Kingciang。"], "s_end": true, "iu_a_span": [96.11, 98.03], "meta": {"topic": "Marriage", "type": "Narrative", "language": "噶瑪蘭語, Kavalan, Xinshe(新社)", "speaker": "潘天利, Abas, male, 1933-03-22", "collected": "2005-12-01", "revised": "2014-1-15", "video": "KavCon-marriage_abas_pilaw.mp3"}, "s_a_span": [96.11, 98.03], "file": "Kavalan_Xinshe/KavCon-marriage_abas_pilaw", "num": 36}], [37, {"ori": [], "gloss": [["..", "", ""], ["mai=pama", "NEG=still", "否定=還"], ["patay", "die", "死"], ["ya,\\", "PART", "語助詞"]], "free": [], "s_end": false, "iu_a_span": [98.03, 99.28], "meta": {"topic": "Marriage", "type": "Narrative", "language": "噶瑪蘭語, Kavalan, Xinshe(新社)", "speaker": "潘天利, Abas, male, 1933-03-22", "collected": "2005-12-01", "revised": "2014-1-15", "video": "KavCon-marriage_abas_pilaw.mp3"}, "file": "Kavalan_Xinshe/KavCon-marriage_abas_pilaw", "num": 37}], [38, {"ori": [], "gloss": [["..", "", ""], ["ya", "NOM", "主格"], ["<L2TahyangL2T>-su.\\", "brother-2SG.GEN", "阿兄-2SG.屬格"]], "free": ["#e Your brother hadn't passed away then.", "#c 你哥哥當時還沒去世。"], "s_end": true, "iu_a_span": [99.28, 100.44], "meta": {"topic": "Marriage", "type": "Narrative", "language": "噶瑪蘭語, Kavalan, Xinshe(新社)", "speaker": "潘天利, Abas, male, 1933-03-22", "collected": "2005-12-01", "revised": "2014-1-15", "video": "KavCon-marriage_abas_pilaw.mp3"}, "s_a_span": [98.03, 100.44], "file": "Kavalan_Xinshe/KavCon-marriage_abas_pilaw", "num": 38}], [39, {"ori": [], "gloss": [["P:", "", ""], ["m.\\", "BC", "BC"]], "free": ["#e Yes.", "#c 對。"], "s_end": true, "iu_a_span": [100.44, 100.81], "meta": {"topic": "Marriage", "type": "Narrative", "language": "噶瑪蘭語, Kavalan, Xinshe(新社)", "speaker": "潘天利, Abas, male, 1933-03-22", "collected": "2005-12-01", "revised": "2014-1-15", "video": "KavCon-marriage_abas_pilaw.mp3"}, "s_a_span": [100.44, 100.81], "file": "Kavalan_Xinshe/KavCon-marriage_abas_pilaw", "num": 39}], [40, {"ori": [], "gloss": [["A:", "", ""], ["mai=pama", "NEG=still", "否定=還"], ["patay", "die", "死"], ["<L2TahyangL2T>-su", "brother-2SG.GEN", "阿兄-2SG.屬格"], ["nani.\\", "DM", "DM"]], "free": ["#e Your brother hadn't passed away then.", "#c 你哥哥當時還沒去世。"], "s_end": true, "iu_a_span": [100.81, 102.34], "meta": {"topic": "Marriage", "type": "Narrative", "language": "噶瑪蘭語, Kavalan, Xinshe(新社)", "speaker": "潘天利, Abas, male, 1933-03-22", "collected": "2005-12-01", "revised": "2014-1-15", "video": "KavCon-marriage_abas_pilaw.mp3"}, "s_a_span": [100.81, 102.34], "file": "Kavalan_Xinshe/KavCon-marriage_abas_pilaw", "num": 40}], [41, {"ori": [], "gloss": [["..", "", ""], ["Raputuy-an-ku", "dream-LF-1SG.GEN", "夢-處焦-1SG.屬格"], ["tu.\\", "COMP", "補語詞"]], "free": ["#e I dreamed that... .", "#c 我夢到...。"], "s_end": true, "iu_a_span": [102.34, 103.48], "meta": {"topic": "Marriage", "type": "Narrative", "language": "噶瑪蘭語, Kavalan, Xinshe(新社)", "speaker": "潘天利, Abas, male, 1933-03-22", "collected": "2005-12-01", "revised": "2014-1-15", "video": "KavCon-marriage_abas_pilaw.mp3"}, "s_a_span": [102.34, 103.48], "file": "Kavalan_Xinshe/KavCon-marriage_abas_pilaw", "num": 41}], [42, {"ori": [], "gloss": [["...", "", ""], ["tiana", "who", "誰"], ["kaput-na", "friend-3SG.GEN", "朋友-3SG.屬格"], ["ti-alan,\\", "NCM-PN", "NCM-人名"]], "free": [], "s_end": false, "iu_a_span": [103.48, 105.36], "meta": {"topic": "Marriage", "type": "Narrative", "language": "噶瑪蘭語, Kavalan, Xinshe(新社)", "speaker": "潘天利, Abas, male, 1933-03-22", "collected": "2005-12-01", "revised": "2014-1-15", "video": "KavCon-marriage_abas_pilaw.mp3"}, "file": "Kavalan_Xinshe/KavCon-marriage_abas_pilaw", "num": 42}], [43, {"ori": [], "gloss": [["...", "", ""], ["yau=ti", "EXIST=PFV", "存在=完成"], ["mawtu,\\", "AF.come", "主焦.來"]], "free": [], "s_end": false, "iu_a_span": [105.36, 106.65], "meta": {"topic": "Marriage", "type": "Narrative", "language": "噶瑪蘭語, Kavalan, Xinshe(新社)", "speaker": "潘天利, Abas, male, 1933-03-22", "collected": "2005-12-01", "revised": "2014-1-15", "video": "KavCon-marriage_abas_pilaw.mp3"}, "file": "Kavalan_Xinshe/KavCon-marriage_abas_pilaw", "num": 43}], [44, {"ori": [], "gloss": [["..", "", ""], ["q<m>an", "<AF>eat", "<主焦>吃"], ["satutu,\\", "lunch", "中飯"]], "free": [], "s_end": false, "iu_a_span": [106.65, 107.75], "meta": {"topic": "Marriage", "type": "Narrative", "language": "噶瑪蘭語, Kavalan, Xinshe(新社)", "speaker": "潘天利, Abas, male, 1933-03-22", "collected": "2005-12-01", "revised": "2014-1-15", "video": "KavCon-marriage_abas_pilaw.mp3"}, "file": "Kavalan_Xinshe/KavCon-marriage_abas_pilaw", "num": 44}], [45, {"ori": [], "gloss": [["..", "", ""], ["yau=ti", "EXIST=PFV", "存在=完成"], ["nani.\\", "DM", "DM"]], "free": ["#e Alan came after having lunch.", "#c Alan吃完中飯就來了。"], "s_end": true, "iu_a_span": [107.75, 108.8], "meta": {"topic": "Marriage", "type": "Narrative", "language": "噶瑪蘭語, Kavalan, Xinshe(新社)", "speaker": "潘天利, Abas, male, 1933-03-22", "collected": "2005-12-01", "revised": "2014-1-15", "video": "KavCon-marriage_abas_pilaw.mp3"}, "s_a_span": [103.48, 108.8], "file": "Kavalan_Xinshe/KavCon-marriage_abas_pilaw", "num": 45}], [46, {"ori": [], "gloss": [["...", "", ""], ["maynep=iku", "AF.sleep=1SG.NOM", "主焦.睡覺=1SG.主格"], ["iluni,\\", "worship", "做禮拜"]], "free": [], "s_end": false, "iu_a_span": [108.8, 110.58], "meta": {"topic": "Marriage", "type": "Narrative", "language": "噶瑪蘭語, Kavalan, Xinshe(新社)", "speaker": "潘天利, Abas, male, 1933-03-22", "collected": "2005-12-01", "revised": "2014-1-15", "video": "KavCon-marriage_abas_pilaw.mp3"}, "file": "Kavalan_Xinshe/KavCon-marriage_abas_pilaw", "num": 46}], [47, {"ori": [], "gloss": [["..", "", ""], ["zin-ta,\\", "say-1IPL.GEN", "說-1IPL.屬格"]], "free": [], "s_end": false, "iu_a_span": [110.58, 110.95], "meta": {"topic": "Marriage", "type": "Narrative", "language": "噶瑪蘭語, Kavalan, Xinshe(新社)", "speaker": "潘天利, Abas, male, 1933-03-22", "collected": "2005-12-01", "revised": "2014-1-15", "video": "KavCon-marriage_abas_pilaw.mp3"}, "file": "Kavalan_Xinshe/KavCon-marriage_abas_pilaw", "num": 47}], [48, {"ori": [], "gloss": [["..", "", ""], ["mani=iku.\\", "like.this=1SG.NOM", "像這樣=1SG.主格"]], "free": ["#e I fell asleep during the worship.", "#c （我）做禮拜時睡著了。"], "s_end": true, "iu_a_span": [110.95, 112.21], "meta": {"topic": "Marriage", "type": "Narrative", "language": "噶瑪蘭語, Kavalan, Xinshe(新社)", "speaker": "潘天利, Abas, male, 1933-03-22", "collected": "2005-12-01", "revised": "2014-1-15", "video": "KavCon-marriage_abas_pilaw.mp3"}, "s_a_span": [108.8, 112.21], "file": "Kavalan_Xinshe/KavCon-marriage_abas_pilaw", "num": 48}], [49, {"ori": [], "gloss": [["...", "", ""], ["yau=ti", "EXIST=PFV", "存在=完成"], ["ya", "NOM", "主格"], ["ti==-,\\", "NCM", "NCM"]], "free": [], "s_end": false, "iu_a_span": [112.21, 113.89], "meta": {"topic": "Marriage", "type": "Narrative", "language": "噶瑪蘭語, Kavalan, Xinshe(新社)", "speaker": "潘天利, Abas, male, 1933-03-22", "collected": "2005-12-01", "revised": "2014-1-15", "video": "KavCon-marriage_abas_pilaw.mp3"}, "file": "Kavalan_Xinshe/KavCon-marriage_abas_pilaw", "num": 49}], [50, {"ori": [], "gloss": [["..", "", ""], ["kingciang", "PN", "人名"], ["nani,\\", "DM", "DM"]], "free": [], "s_end": false, "iu_a_span": [113.89, 114.67], "meta": {"topic": "Marriage", "type": "Narrative", "language": "噶瑪蘭語, Kavalan, Xinshe(新社)", "speaker": "潘天利, Abas, male, 1933-03-22", "collected": "2005-12-01", "revised": "2014-1-15", "video": "KavCon-marriage_abas_pilaw.mp3"}, "file": "Kavalan_Xinshe/KavCon-marriage_abas_pilaw", "num": 50}], [51, {"ori": [], "gloss": [["..", "", ""], ["mana", "why", "為什麼"], ["m-uRing=isu,/", "AF-cry=2SG.NOM", "主焦-哭=2SG.主格"]], "free": [], "s_end": false, "iu_a_span": [114.67, 115.98], "meta": {"topic": "Marriage", "type": "Narrative", "language": "噶瑪蘭語, Kavalan, Xinshe(新社)", "speaker": "潘天利, Abas, male, 1933-03-22", "collected": "2005-12-01", "revised": "2014-1-15", "video": "KavCon-marriage_abas_pilaw.mp3"}, "file": "Kavalan_Xinshe/KavCon-marriage_abas_pilaw", "num": 51}], [52, {"ori": [], "gloss": [["..", "", ""], ["zin-na=iku.\\", "say-3SG.GEN=1SG.NOM", "說-3SG.屬格=1SG.主格"]], "free": ["#e There was Kingciang (in my dream). 'Why are you crying?' he said.", "#c 有Kingciang，他問我「你為什麼哭呢？」"], "s_end": true, "iu_a_span": [115.98, 116.89], "meta": {"topic": "Marriage", "type": "Narrative", "language": "噶瑪蘭語, Kavalan, Xinshe(新社)", "speaker": "潘天利, Abas, male, 1933-03-22", "collected": "2005-12-01", "revised": "2014-1-15", "video": "KavCon-marriage_abas_pilaw.mp3"}, "s_a_span": [112.21, 116.89], "file": "Kavalan_Xinshe/KavCon-marriage_abas_pilaw", "num": 52}], [53, {"ori": [], "gloss": [["..", "", ""], ["mana", "why", "為什麼"], ["mai=iku", "NEG=1SG.NOM", "否定=1SG.主格"], ["m-uRing,\\", "AF-cry", "主焦-哭"]], "free": [], "s_end": false, "iu_a_span": [116.89, 119.03], "meta": {"topic": "Marriage", "type": "Narrative", "language": "噶瑪蘭語, Kavalan, Xinshe(新社)", "speaker": "潘天利, Abas, male, 1933-03-22", "collected": "2005-12-01", "revised": "2014-1-15", "video": "KavCon-marriage_abas_pilaw.mp3"}, "file": "Kavalan_Xinshe/KavCon-marriage_abas_pilaw", "num": 53}], [54, {"ori": [], "gloss": [["..", "", ""], ["zin-ku", "say-1SG.GEN", "說-1SG.屬格"], ["nani.\\", "DM", "DM"]], "free": ["#e I didn't cry, I said.", "#c 我說，我沒有哭。"], "s_end": true, "iu_a_span": [119.03, 120.35], "meta": {"topic": "Marriage", "type": "Narrative", "language": "噶瑪蘭語, Kavalan, Xinshe(新社)", "speaker": "潘天利, Abas, male, 1933-03-22", "collected": "2005-12-01", "revised": "2014-1-15", "video": "KavCon-marriage_abas_pilaw.mp3"}, "s_a_span": [116.89, 120.35], "file": "Kavalan_Xinshe/KavCon-marriage_abas_pilaw", "num": 54}], [55, {"ori": [], "gloss": [["..", "", ""], ["nazau=iku", "this.way=1SG.NOM", "這樣=1SG.主格"], ["maynep", "AF.sleep", "主焦.睡覺"], ["kya,\\", "PART", "語助詞"]], "free": [], "s_end": false, "iu_a_span": [120.35, 122.11], "meta": {"topic": "Marriage", "type": "Narrative", "language": "噶瑪蘭語, Kavalan, Xinshe(新社)", "speaker": "潘天利, Abas, male, 1933-03-22", "collected": "2005-12-01", "revised": "2014-1-15", "video": "KavCon-marriage_abas_pilaw.mp3"}, "file": "Kavalan_Xinshe/KavCon-marriage_abas_pilaw", "num": 55}], [56, {"ori": [], "gloss": [["..", "", ""], ["qaqap-an-na", "touch-LF-3SG.GEN", "摸-處焦-3SG.屬格"], ["ya==,\\", "NOM", "主格"]], "free": [], "s_end": false, "iu_a_span": [122.11, 123.7], "meta": {"topic": "Marriage", "type": "Narrative", "language": "噶瑪蘭語, Kavalan, Xinshe(新社)", "speaker": "潘天利, Abas, male, 1933-03-22", "collected": "2005-12-01", "revised": "2014-1-15", "video": "KavCon-marriage_abas_pilaw.mp3"}, "file": "Kavalan_Xinshe/KavCon-marriage_abas_pilaw", "num": 56}], [57, {"ori": [], "gloss": [["..", "", ""], ["zau-ku", "this-1SG.GEN", "這個-1SG.屬格"], ["nani.\\", "DM", "DM"]], "free": ["#e When I was sleeping, he touched my... .", "#c 我睡覺（的時候），他摸我的...。", "#n q<m>aqap=iku tu lima ni abas：我摸Abas的手。"], "s_end": true, "iu_a_span": [123.7, 124.62], "meta": {"topic": "Marriage", "type": "Narrative", "language": "噶瑪蘭語, Kavalan, Xinshe(新社)", "speaker": "潘天利, Abas, male, 1933-03-22", "collected": "2005-12-01", "revised": "2014-1-15", "video": "KavCon-marriage_abas_pilaw.mp3"}, "s_a_span": [120.35, 124.62], "file": "Kavalan_Xinshe/KavCon-marriage_abas_pilaw", "num": 57}], [58, {"ori": [], "gloss": [["..", "", ""], ["ya,\\", "FIL", "FIL"]], "free": [], "s_end": false, "iu_a_span": [124.62, 125.19], "meta": {"topic": "Marriage", "type": "Narrative", "language": "噶瑪蘭語, Kavalan, Xinshe(新社)", "speaker": "潘天利, Abas, male, 1933-03-22", "collected": "2005-12-01", "revised": "2014-1-15", "video": "KavCon-marriage_abas_pilaw.mp3"}, "file": "Kavalan_Xinshe/KavCon-marriage_abas_pilaw", "num": 58}], [59, {"ori": [], "gloss": [["..", "", ""], ["mai=iku", "NEG=1SG.NOM", "否定=1SG.主格"], ["m-uRing,\\", "AF-cry", "主焦-哭"]], "free": [], "s_end": false, "iu_a_span": [125.19, 126.13], "meta": {"topic": "Marriage", "type": "Narrative", "language": "噶瑪蘭語, Kavalan, Xinshe(新社)", "speaker": "潘天利, Abas, male, 1933-03-22", "collected": "2005-12-01", "revised": "2014-1-15", "video": "KavCon-marriage_abas_pilaw.mp3"}, "file": "Kavalan_Xinshe/KavCon-marriage_abas_pilaw", "num": 59}], [60, {"ori": [], "gloss": [["..", "", ""], ["zin-su,\\", "say-2SG.GEN", "說-2SG.屬格"]], "free": [], "s_end": false, "iu_a_span": [126.13, 126.89], "meta": {"topic": "Marriage", "type": "Narrative", "language": "噶瑪蘭語, Kavalan, Xinshe(新社)", "speaker": "潘天利, Abas, male, 1933-03-22", "collected": "2005-12-01", "revised": "2014-1-15", "video": "KavCon-marriage_abas_pilaw.mp3"}, "file": "Kavalan_Xinshe/KavCon-marriage_abas_pilaw", "num": 60}], [61, {"ori": [], "gloss": [["..", "", ""], ["mana", "why", "為什麼"], ["m-zizi", "AF-wet", "主焦-溼"], ["ya,\\", "NOM", "主格"]], "free": [], "s_end": false, "iu_a_span": [126.89, 128.41], "meta": {"topic": "Marriage", "type": "Narrative", "language": "噶瑪蘭語, Kavalan, Xinshe(新社)", "speaker": "潘天利, Abas, male, 1933-03-22", "collected": "2005-12-01", "revised": "2014-1-15", "video": "KavCon-marriage_abas_pilaw.mp3"}, "file": "Kavalan_Xinshe/KavCon-marriage_abas_pilaw", "num": 61}], [62, {"ori": [], "gloss": [["..", "", ""], ["lima-su", "hand-2SG.GEN", "手-2SG.屬格"], ["ka.\\", "PART", "語助詞"]], "free": ["#e You said you didn't cry, (but) why are your hands wet?", "#c 你說沒有哭，為什麼你的手溼溼的？"], "s_end": true, "iu_a_span": [128.41, 129.33], "meta": {"topic": "Marriage", "type": "Narrative", "language": "噶瑪蘭語, Kavalan, Xinshe(新社)", "speaker": "潘天利, Abas, male, 1933-03-22", "collected": "2005-12-01", "revised": "2014-1-15", "video": "KavCon-marriage_abas_pilaw.mp3"}, "s_a_span": [124.62, 129.33], "file": "Kavalan_Xinshe/KavCon-marriage_abas_pilaw", "num": 62}], [63, {"ori": [], "gloss": [["..", "", ""], ["zin-na,\\", "say-3SG.GEN", "說-3SG.屬格"]], "free": [], "s_end": false, "iu_a_span": [129.33, 130.24], "meta": {"topic": "Marriage", "type": "Narrative", "language": "噶瑪蘭語, Kavalan, Xinshe(新社)", "speaker": "潘天利, Abas, male, 1933-03-22", "collected": "2005-12-01", "revised": "2014-1-15", "video": "KavCon-marriage_abas_pilaw.mp3"}, "file": "Kavalan_Xinshe/KavCon-marriage_abas_pilaw", "num": 63}], [64, {"ori": [], "gloss": [["..", "", ""], ["nani.\\", "DM", "DM"]], "free": ["#e He said.", "#c 他這樣說。"], "s_end": true, "iu_a_span": [130.24, 130.83], "meta": {"topic": "Marriage", "type": "Narrative", "language": "噶瑪蘭語, Kavalan, Xinshe(新社)", "speaker": "潘天利, Abas, male, 1933-03-22", "collected": "2005-12-01", "revised": "2014-1-15", "video": "KavCon-marriage_abas_pilaw.mp3"}, "s_a_span": [129.33, 130.83], "file": "Kavalan_Xinshe/KavCon-marriage_abas_pilaw", "num": 64}], [65, {"ori": [], "gloss": [["..", "", ""], ["madupung=ti,\\", "AF.cover=PFV", "主焦.蓋住=完成"]], "free": ["#n qadupung-an-ku siqaR：蓋棉被", "#n nukub-an-ku tu lawa taqan-ku：我用布蓋住桌子。", "#n qadupung-an-ku siqaR：蓋棉被", "#n nukub-an-ku tu lawa taqan-ku：我用布蓋住桌子。"], "s_end": false, "iu_a_span": [130.83, 132.37], "meta": {"topic": "Marriage", "type": "Narrative", "language": "噶瑪蘭語, Kavalan, Xinshe(新社)", "speaker": "潘天利, Abas, male, 1933-03-22", "collected": "2005-12-01", "revised": "2014-1-15", "video": "KavCon-marriage_abas_pilaw.mp3"}, "file": "Kavalan_Xinshe/KavCon-marriage_abas_pilaw", "num": 65}], [66, {"ori": [], "gloss": [["..", "", ""], ["<L2JnaiteikangL2J>", "don't.cry", "別哭"], ["yu.\\", "PART", "語助詞"]], "free": ["#e Don't cry.", "#c 你不要哭。"], "s_end": true, "iu_a_span": [132.37, 134.12], "meta": {"topic": "Marriage", "type": "Narrative", "language": "噶瑪蘭語, Kavalan, Xinshe(新社)", "speaker": "潘天利, Abas, male, 1933-03-22", "collected": "2005-12-01", "revised": "2014-1-15", "video": "KavCon-marriage_abas_pilaw.mp3"}, "s_a_span": [130.83, 134.12], "file": "Kavalan_Xinshe/KavCon-marriage_abas_pilaw", "num": 66}], [67, {"ori": [], "gloss": [["..", "", ""], ["<L2JwatasinuzaisangL2J>,\\", "my.property", "我的財產"]], "free": [], "s_end": false, "iu_a_span": [134.12, 135.42], "meta": {"topic": "Marriage", "type": "Narrative", "language": "噶瑪蘭語, Kavalan, Xinshe(新社)", "speaker": "潘天利, Abas, male, 1933-03-22", "collected": "2005-12-01", "revised": "2014-1-15", "video": "KavCon-marriage_abas_pilaw.mp3"}, "file": "Kavalan_Xinshe/KavCon-marriage_abas_pilaw", "num": 67}], [68, {"ori": [], "gloss": [["..", "", ""], ["<L2JsikusiwaketeiL2J>,\\", "a.little.half", "一點點.一半"]], "free": [], "s_end": false, "iu_a_span": [135.42, 136.32], "meta": {"topic": "Marriage", "type": "Narrative", "language": "噶瑪蘭語, Kavalan, Xinshe(新社)", "speaker": "潘天利, Abas, male, 1933-03-22", "collected": "2005-12-01", "revised": "2014-1-15", "video": "KavCon-marriage_abas_pilaw.mp3"}, "file": "Kavalan_Xinshe/KavCon-marriage_abas_pilaw", "num": 68}], [69, {"ori": [], "gloss": [["..", "", ""], ["<L2JageilukalaL2J>,\\", "give.you", "給你"]], "free": [], "s_end": false, "iu_a_span": [136.32, 137.19], "meta": {"topic": "Marriage", "type": "Narrative", "language": "噶瑪蘭語, Kavalan, Xinshe(新社)", "speaker": "潘天利, Abas, male, 1933-03-22", "collected": "2005-12-01", "revised": "2014-1-15", "video": "KavCon-marriage_abas_pilaw.mp3"}, "file": "Kavalan_Xinshe/KavCon-marriage_abas_pilaw", "num": 69}], [70, {"ori": [], "gloss": [["..", "", ""], ["zin-na=iku", "say-3SG.GEN=1SG.NOM", "說-3SG.屬格=1SG.主格"], ["ni", "GEN", "屬格"], ["kingciang.\\", "PN", "人名"]], "free": ["#e 'I'll give you half of my property,' said Kingciang.", "#c Kingciang說：「我財產一半給你。」"], "s_end": true, "iu_a_span": [137.19, 138.61], "meta": {"topic": "Marriage", "type": "Narrative", "language": "噶瑪蘭語, Kavalan, Xinshe(新社)", "speaker": "潘天利, Abas, male, 1933-03-22", "collected": "2005-12-01", "revised": "2014-1-15", "video": "KavCon-marriage_abas_pilaw.mp3"}, "s_a_span": [134.12, 138.61], "file": "Kavalan_Xinshe/KavCon-marriage_abas_pilaw", "num": 70}], [71, {"ori": [], "gloss": [["..", "", ""], ["<L2JwatasiwazaisangL2J>,\\", "I.property", "我.財產"]], "free": [], "s_end": false, "iu_a_span": [138.61, 140.05], "meta": {"topic": "Marriage", "type": "Narrative", "language": "噶瑪蘭語, Kavalan, Xinshe(新社)", "speaker": "潘天利, Abas, male, 1933-03-22", "collected": "2005-12-01", "revised": "2014-1-15", "video": "KavCon-marriage_abas_pilaw.mp3"}, "file": "Kavalan_Xinshe/KavCon-marriage_abas_pilaw", "num": 71}], [72, {"ori": [], "gloss": [["..", "", ""], ["<L2JilangyuL2J>,\\", "don't.want", "不要"]], "free": [], "s_end": false, "iu_a_span": [140.05, 140.9], "meta": {"topic": "Marriage", "type": "Narrative", "language": "噶瑪蘭語, Kavalan, Xinshe(新社)", "speaker": "潘天利, Abas, male, 1933-03-22", "collected": "2005-12-01", "revised": "2014-1-15", "video": "KavCon-marriage_abas_pilaw.mp3"}, "file": "Kavalan_Xinshe/KavCon-marriage_abas_pilaw", "num": 72}], [73, {"ori": [], "gloss": [["..", "", ""], ["<L2JantanoaiyuL2J>,\\", "your.love", "你的愛"]], "free": [], "s_end": false, "iu_a_span": [140.9, 141.66], "meta": {"topic": "Marriage", "type": "Narrative", "language": "噶瑪蘭語, Kavalan, Xinshe(新社)", "speaker": "潘天利, Abas, male, 1933-03-22", "collected": "2005-12-01", "revised": "2014-1-15", "video": "KavCon-marriage_abas_pilaw.mp3"}, "file": "Kavalan_Xinshe/KavCon-marriage_abas_pilaw", "num": 73}], [74, {"ori": [], "gloss": [["..", "", ""], ["<L2JwasuliteilesiyuL2J>,\\", "that.alone.is.enough", "這樣就夠了"]], "free": [], "s_end": false, "iu_a_span": [141.66, 143.14], "meta": {"topic": "Marriage", "type": "Narrative", "language": "噶瑪蘭語, Kavalan, Xinshe(新社)", "speaker": "潘天利, Abas, male, 1933-03-22", "collected": "2005-12-01", "revised": "2014-1-15", "video": "KavCon-marriage_abas_pilaw.mp3"}, "file": "Kavalan_Xinshe/KavCon-marriage_abas_pilaw", "num": 74}], [75, {"ori": [], "gloss": [["..", "", ""], ["zin-ku==,\\", "say-1SG.GEN", "說-1SG.屬格"]], "free": ["#e 'I don't want your properties. your love alone is enough,' I said.", "#c 我說，「我不要你的財產，只要你愛我就夠了。」"], "s_end": true, "iu_a_span": [143.14, 144.42], "meta": {"topic": "Marriage", "type": "Narrative", "language": "噶瑪蘭語, Kavalan, Xinshe(新社)", "speaker": "潘天利, Abas, male, 1933-03-22", "collected": "2005-12-01", "revised": "2014-1-15", "video": "KavCon-marriage_abas_pilaw.mp3"}, "s_a_span": [138.61, 144.42], "file": "Kavalan_Xinshe/KavCon-marriage_abas_pilaw", "num": 75}], [76, {"ori": [], "gloss": [["..", "", ""], ["pun=ti=iku", "finish=PFV=1SG.NOM", "結束=完成=1SG.主格"], ["sikawma", "speak", "講"], ["nani.\\", "DM", "DM"]], "free": ["#e We finished talking.", "#c （我們）講完了。"], "s_end": true, "iu_a_span": [144.42, 145.89], "meta": {"topic": "Marriage", "type": "Narrative", "language": "噶瑪蘭語, Kavalan, Xinshe(新社)", "speaker": "潘天利, Abas, male, 1933-03-22", "collected": "2005-12-01", "revised": "2014-1-15", "video": "KavCon-marriage_abas_pilaw.mp3"}, "s_a_span": [144.42, 145.89], "file": "Kavalan_Xinshe/KavCon-marriage_abas_pilaw", "num": 76}], [77, {"ori": [], "gloss": [["..", "", ""], ["Rameneng=ti=iku", "wake.up=PFV=1SG.NOM", "醒=完成=1SG.主格"], ["'nay.\\", "that", "那個"]], "free": ["#e I woke up.", "#c 我醒來了。"], "s_end": true, "iu_a_span": [145.89, 147.42], "meta": {"topic": "Marriage", "type": "Narrative", "language": "噶瑪蘭語, Kavalan, Xinshe(新社)", "speaker": "潘天利, Abas, male, 1933-03-22", "collected": "2005-12-01", "revised": "2014-1-15", "video": "KavCon-marriage_abas_pilaw.mp3"}, "s_a_span": [145.89, 147.42], "file": "Kavalan_Xinshe/KavCon-marriage_abas_pilaw", "num": 77}], [78, {"ori": [], "gloss": [["P:", "", ""], ["XX,\\", "", ""]], "free": [], "s_end": false, "iu_a_span": [147.42, 148.66], "meta": {"topic": "Marriage", "type": "Narrative", "language": "噶瑪蘭語, Kavalan, Xinshe(新社)", "speaker": "潘天利, Abas, male, 1933-03-22", "collected": "2005-12-01", "revised": "2014-1-15", "video": "KavCon-marriage_abas_pilaw.mp3"}, "file": "Kavalan_Xinshe/KavCon-marriage_abas_pilaw", "num": 78}], [79, {"ori": [], "gloss": [["A:", "", ""], ["[an],\\", "BC", "BC"]], "free": [], "s_end": false, "iu_a_span": [148.66, 148.72], "meta": {"topic": "Marriage", "type": "Narrative", "language": "噶瑪蘭語, Kavalan, Xinshe(新社)", "speaker": "潘天利, Abas, male, 1933-03-22", "collected": "2005-12-01", "revised": "2014-1-15", "video": "KavCon-marriage_abas_pilaw.mp3"}, "file": "Kavalan_Xinshe/KavCon-marriage_abas_pilaw", "num": 79}], [80, {"ori": [], "gloss": [["P:", "", ""], ["[XX],\\", "XX", "XX"]], "free": [], "s_end": false, "iu_a_span": [148.72, 149.07], "meta": {"topic": "Marriage", "type": "Narrative", "language": "噶瑪蘭語, Kavalan, Xinshe(新社)", "speaker": "潘天利, Abas, male, 1933-03-22", "collected": "2005-12-01", "revised": "2014-1-15", "video": "KavCon-marriage_abas_pilaw.mp3"}, "file": "Kavalan_Xinshe/KavCon-marriage_abas_pilaw", "num": 80}], [81, {"ori": [], "gloss": [["A:", "", ""], ["[alisya].\\", "right", "對"]], "free": ["#e That's right.", "#c 對啊。"], "s_end": true, "iu_a_span": [149.07, 150.71], "meta": {"topic": "Marriage", "type": "Narrative", "language": "噶瑪蘭語, Kavalan, Xinshe(新社)", "speaker": "潘天利, Abas, male, 1933-03-22", "collected": "2005-12-01", "revised": "2014-1-15", "video": "KavCon-marriage_abas_pilaw.mp3"}, "s_a_span": [147.42, 150.71], "file": "Kavalan_Xinshe/KavCon-marriage_abas_pilaw", "num": 81}], [82, {"ori": [], "gloss": [["P:", "", ""], ["[sinapaw-an=ti]", "marry-LF=PFV", "結婚-處焦=完成"], ["qaqa-ku,\\", "brother-1SG.GEN", "哥哥-1SG.屬格"]], "free": [], "s_end": false, "iu_a_span": [150.71, 151.23], "meta": {"topic": "Marriage", "type": "Narrative", "language": "噶瑪蘭語, Kavalan, Xinshe(新社)", "speaker": "潘天利, Abas, male, 1933-03-22", "collected": "2005-12-01", "revised": "2014-1-15", "video": "KavCon-marriage_abas_pilaw.mp3"}, "file": "Kavalan_Xinshe/KavCon-marriage_abas_pilaw", "num": 82}], [83, {"ori": [], "gloss": [["..", "", ""], ["ti-kinciang.\\", "NCM-PN", "NCM-人名"]], "free": ["#e My brother Kingciang was married.", "#c 我哥哥Kingciang好像結婚了。"], "s_end": true, "iu_a_span": [151.23, 153.11], "meta": {"topic": "Marriage", "type": "Narrative", "language": "噶瑪蘭語, Kavalan, Xinshe(新社)", "speaker": "潘天利, Abas, male, 1933-03-22", "collected": "2005-12-01", "revised": "2014-1-15", "video": "KavCon-marriage_abas_pilaw.mp3"}, "s_a_span": [150.71, 153.11], "file": "Kavalan_Xinshe/KavCon-marriage_abas_pilaw", "num": 83}], [84, {"ori": [], "gloss": [["A:", "", ""], ["m-taRaw=ti.\\", "AF-sick=PFV", "主焦-病=完成"]], "free": ["#e He was sick.", "#c 他生病了。"], "s_end": true, "iu_a_span": [153.11, 154.4], "meta": {"topic": "Marriage", "type": "Narrative", "language": "噶瑪蘭語, Kavalan, Xinshe(新社)", "speaker": "潘天利, Abas, male, 1933-03-22", "collected": "2005-12-01", "revised": "2014-1-15", "video": "KavCon-marriage_abas_pilaw.mp3"}, "s_a_span": [153.11, 154.4], "file": "Kavalan_Xinshe/KavCon-marriage_abas_pilaw", "num": 84}], [85, {"ori": [], "gloss": [["P:", "", ""], ["a", "INT", "感嘆"], ["m-taRaw=ti./", "AF-sick=PFV", "主焦-病=完成"]], "free": ["#e He was sick?", "#c 他生病了？"], "s_end": true, "iu_a_span": [154.4, 155.48], "meta": {"topic": "Marriage", "type": "Narrative", "language": "噶瑪蘭語, Kavalan, Xinshe(新社)", "speaker": "潘天利, Abas, male, 1933-03-22", "collected": "2005-12-01", "revised": "2014-1-15", "video": "KavCon-marriage_abas_pilaw.mp3"}, "s_a_span": [154.4, 155.48], "file": "Kavalan_Xinshe/KavCon-marriage_abas_pilaw", "num": 85}], [86, {"ori": [], "gloss": [["A:", "", ""], ["m.\\", "BC", "BC"]], "free": ["#e Yes.", "#c 對。"], "s_end": true, "iu_a_span": [155.48, 155.89], "meta": {"topic": "Marriage", "type": "Narrative", "language": "噶瑪蘭語, Kavalan, Xinshe(新社)", "speaker": "潘天利, Abas, male, 1933-03-22", "collected": "2005-12-01", "revised": "2014-1-15", "video": "KavCon-marriage_abas_pilaw.mp3"}, "s_a_span": [155.48, 155.89], "file": "Kavalan_Xinshe/KavCon-marriage_abas_pilaw", "num": 86}], [87, {"ori": [], "gloss": [["A:", "", ""], ["tangi=ti=iku", "now=PFV=1SG.NOM", "現在=完成=1SG.主格"], ["ma==,\\", "FS", "FS"]], "free": [], "s_end": false, "iu_a_span": [155.89, 157.41], "meta": {"topic": "Marriage", "type": "Narrative", "language": "噶瑪蘭語, Kavalan, Xinshe(新社)", "speaker": "潘天利, Abas, male, 1933-03-22", "collected": "2005-12-01", "revised": "2014-1-15", "video": "KavCon-marriage_abas_pilaw.mp3"}, "file": "Kavalan_Xinshe/KavCon-marriage_abas_pilaw", "num": 87}], [88, {"ori": [], "gloss": [["..", "", ""], ["m-Raputuy=iku,\\", "AF-dream=1SG.NOM", "主焦-夢=1SG.主格"]], "free": [], "s_end": false, "iu_a_span": [157.41, 158.19], "meta": {"topic": "Marriage", "type": "Narrative", "language": "噶瑪蘭語, Kavalan, Xinshe(新社)", "speaker": "潘天利, Abas, male, 1933-03-22", "collected": "2005-12-01", "revised": "2014-1-15", "video": "KavCon-marriage_abas_pilaw.mp3"}, "file": "Kavalan_Xinshe/KavCon-marriage_abas_pilaw", "num": 88}], [89, {"ori": [], "gloss": [["..", "", ""], ["tamaizipana", "3SG.OBL", "3SG.斜格"], ["patay=ti", "die=PFV", "死=完成"], ["ti-batu", "NCM-PN", "NCM-人名"], ["unay.\\", "that", "那個"]], "free": [], "s_end": false, "iu_a_span": [158.19, 159.85], "meta": {"topic": "Marriage", "type": "Narrative", "language": "噶瑪蘭語, Kavalan, Xinshe(新社)", "speaker": "潘天利, Abas, male, 1933-03-22", "collected": "2005-12-01", "revised": "2014-1-15", "video": "KavCon-marriage_abas_pilaw.mp3"}, "file": "Kavalan_Xinshe/KavCon-marriage_abas_pilaw", "num": 89}], [90, {"ori": [], "gloss": [["..", "", ""], ["nani.\\", "DM", "DM"]], "free": ["#e I dreamed of him (Kingciang) after Batu passed away.", "#c Batu去逝後才夢到他（Kingciang）。"], "s_end": true, "iu_a_span": [159.85, 160.65], "meta": {"topic": "Marriage", "type": "Narrative", "language": "噶瑪蘭語, Kavalan, Xinshe(新社)", "speaker": "潘天利, Abas, male, 1933-03-22", "collected": "2005-12-01", "revised": "2014-1-15", "video": "KavCon-marriage_abas_pilaw.mp3"}, "s_a_span": [155.89, 160.65], "file": "Kavalan_Xinshe/KavCon-marriage_abas_pilaw", "num": 90}], [91, {"ori": [], "gloss": [["..", "", ""], ["yau=pama", "EXIST=still", "存在=還"], ["ti-kingciang", "NCM-PN", "NCM-人名"], ["nani.\\", "DM", "DM"]], "free": ["#e Kingciang was still alive then.", "#c 那時後Kingciang還在。"], "s_end": true, "iu_a_span": [160.65, 162.48], "meta": {"topic": "Marriage", "type": "Narrative", "language": "噶瑪蘭語, Kavalan, Xinshe(新社)", "speaker": "潘天利, Abas, male, 1933-03-22", "collected": "2005-12-01", "revised": "2014-1-15", "video": "KavCon-marriage_abas_pilaw.mp3"}, "s_a_span": [160.65, 162.48], "file": "Kavalan_Xinshe/KavCon-marriage_abas_pilaw", "num": 91}], [92, {"ori": [], "gloss": [["...", "", ""], ["sanu-a-ka", "tell-NAF-1SG.GEN.FUT", "告訴-非主焦-1SG.屬格.未來"], ["si==,\\", "DM", "DM"]], "free": [], "s_end": false, "iu_a_span": [162.48, 164.12], "meta": {"topic": "Marriage", "type": "Narrative", "language": "噶瑪蘭語, Kavalan, Xinshe(新社)", "speaker": "潘天利, Abas, male, 1933-03-22", "collected": "2005-12-01", "revised": "2014-1-15", "video": "KavCon-marriage_abas_pilaw.mp3"}, "file": "Kavalan_Xinshe/KavCon-marriage_abas_pilaw", "num": 92}], [93, {"ori": [], "gloss": [["..", "", ""], ["qanuni", "how", "如何"], ["ni-Raputuy-ku,\\", "PFV-dream-1SG.GEN", "完成-夢-1SG.屬格"]], "free": [], "s_end": false, "iu_a_span": [164.12, 165.65], "meta": {"topic": "Marriage", "type": "Narrative", "language": "噶瑪蘭語, Kavalan, Xinshe(新社)", "speaker": "潘天利, Abas, male, 1933-03-22", "collected": "2005-12-01", "revised": "2014-1-15", "video": "KavCon-marriage_abas_pilaw.mp3"}, "file": "Kavalan_Xinshe/KavCon-marriage_abas_pilaw", "num": 93}], [94, {"ori": [], "gloss": [["..", "", ""], ["mana", "why", "為什麼"], ["nayau.\\", "that.way", "那樣"]], "free": ["#e I wanted to ask Kingciang how come I dreamed such a dream.", "#c 我想問Kingciang我怎麼會作這樣的夢。"], "s_end": true, "iu_a_span": [165.65, 166.71], "meta": {"topic": "Marriage", "type": "Narrative", "language": "噶瑪蘭語, Kavalan, Xinshe(新社)", "speaker": "潘天利, Abas, male, 1933-03-22", "collected": "2005-12-01", "revised": "2014-1-15", "video": "KavCon-marriage_abas_pilaw.mp3"}, "s_a_span": [162.48, 166.71], "file": "Kavalan_Xinshe/KavCon-marriage_abas_pilaw", "num": 94}], [95, {"ori": [], "gloss": [["P:", "", ""], ["XX,\\", "", ""]], "free": [], "s_end": false, "iu_a_span": [166.71, 168.03], "meta": {"topic": "Marriage", "type": "Narrative", "language": "噶瑪蘭語, Kavalan, Xinshe(新社)", "speaker": "潘天利, Abas, male, 1933-03-22", "collected": "2005-12-01", "revised": "2014-1-15", "video": "KavCon-marriage_abas_pilaw.mp3"}, "file": "Kavalan_Xinshe/KavCon-marriage_abas_pilaw", "num": 95}], [96, {"ori": [], "gloss": [["A:", "", ""], ["mata==pun=imi,\\", "AF.together=1EPL.NOM", "主焦.一起=1EPL.主格"]], "free": [], "s_end": false, "iu_a_span": [168.03, 170.15], "meta": {"topic": "Marriage", "type": "Narrative", "language": "噶瑪蘭語, Kavalan, Xinshe(新社)", "speaker": "潘天利, Abas, male, 1933-03-22", "collected": "2005-12-01", "revised": "2014-1-15", "video": "KavCon-marriage_abas_pilaw.mp3"}, "file": "Kavalan_Xinshe/KavCon-marriage_abas_pilaw", "num": 96}], [97, {"ori": [], "gloss": [["..", "", ""], ["yau", "EXIST", "存在"], ["ti-uqis,\\", "NCM-PN", "NCM-人名"]], "free": [], "s_end": false, "iu_a_span": [170.15, 171.03], "meta": {"topic": "Marriage", "type": "Narrative", "language": "噶瑪蘭語, Kavalan, Xinshe(新社)", "speaker": "潘天利, Abas, male, 1933-03-22", "collected": "2005-12-01", "revised": "2014-1-15", "video": "KavCon-marriage_abas_pilaw.mp3"}, "file": "Kavalan_Xinshe/KavCon-marriage_abas_pilaw", "num": 97}], [98, {"ori": [], "gloss": [["..", "", ""], ["matapun=imi,\\", "AF.together=1EPL.NOM", "主焦.一起=1EPL.主格"]], "free": [], "s_end": false, "iu_a_span": [171.03, 172.34], "meta": {"topic": "Marriage", "type": "Narrative", "language": "噶瑪蘭語, Kavalan, Xinshe(新社)", "speaker": "潘天利, Abas, male, 1933-03-22", "collected": "2005-12-01", "revised": "2014-1-15", "video": "KavCon-marriage_abas_pilaw.mp3"}, "file": "Kavalan_Xinshe/KavCon-marriage_abas_pilaw", "num": 98}], [99, {"ori": [], "gloss": [["..", "", ""], ["ti-kingciang,\\", "NCM-PN", "NCM-人名"]], "free": ["#e Uqis was there, with Kingciang.", "#c Uqis也在，和Kingciang在一起。", "#n Uqis是Kingciang的太太。"], "s_end": true, "iu_a_span": [172.34, 173.24], "meta": {"topic": "Marriage", "type": "Narrative", "language": "噶瑪蘭語, Kavalan, Xinshe(新社)", "speaker": "潘天利, Abas, male, 1933-03-22", "collected": "2005-12-01", "revised": "2014-1-15", "video": "KavCon-marriage_abas_pilaw.mp3"}, "s_a_span": [166.71, 173.24], "file": "Kavalan_Xinshe/KavCon-marriage_abas_pilaw", "num": 99}]], "meta": {"topic": "Marriage", "type": "Narrative", "language": "噶瑪蘭語, Kavalan, Xinshe(新社)", "speaker": "潘天利, Abas, male, 1933-03-22", "collected": "2005-12-01", "revised": "2014-1-15", "video": "KavCon-marriage_abas_pilaw.mp3"}}