{"glosses": [[1, {"ori": [], "gloss": [["sikawma=pa=iku", "speak=FUT=1SG.NOM", "說=未來=1SG.主格"], ["haw", "INT", "感嘆"], ["pa-kunku", "CAU-story", "使役-故事"], ["tu==", "OBL", "斜格"], ["zana", "3SG.POSS", "3SG.所有格"], ["q<m>udu", "<AF>nurture", "<主焦>養"], ["tu", "OBL", "斜格"], ["biat.\\", "frog", "青蛙"]], "free": ["#e I’m going to tell a story, starting from keeping a frog.", "#c 我要講一個關於養青蛙的故事。"], "s_end": true, "iu_a_span": [8.6, 13.38], "meta": {"topic": "Frog story", "type": "Narrative", "language": "噶瑪蘭語, Kavalan, Xinshe (新社)", "speaker": "潘天利, Abas, male, 1933-03-22", "collected": "2005-01-01", "revised": "2014-2-19", "video": "KavNr-frog_abas.mp3"}, "s_a_span": [8.6, 13.38], "file": "Kavalan_Xinshe/KavNr-frog_abas", "num": 1}], [2, {"ori": [], "gloss": [["…(1.0)", "", ""], ["yau", "EXIST", "存在"], ["sunis", "child", "小孩"], ["a", "LNK", "連詞"], ["zau", "this", "這個"], ["q<m>udu", "<AF>nurture", "<主焦>養"], ["tu", "OBL", "斜格"], ["biyat,\\", "frog", "青蛙"]], "free": [], "s_end": false, "iu_a_span": [13.38, 17.07], "meta": {"topic": "Frog story", "type": "Narrative", "language": "噶瑪蘭語, Kavalan, Xinshe (新社)", "speaker": "潘天利, Abas, male, 1933-03-22", "collected": "2005-01-01", "revised": "2014-2-19", "video": "KavNr-frog_abas.mp3"}, "file": "Kavalan_Xinshe/KavNr-frog_abas", "num": 2}], [3, {"ori": [], "gloss": [["…(0.8)", "", ""], ["q<m>udu", "<AF>nurture", "<主焦>養"], ["tu", "OBL", "斜格"], ["wasu", "dog", "狗"], ["..", "", ""], ["nani.\\", "DM", "DM"]], "free": ["#e There is a child who keeps a frog and a dog.", "#c 有一個小孩養了一隻青蛙和一隻狗。"], "s_end": true, "iu_a_span": [17.07, 20.62], "meta": {"topic": "Frog story", "type": "Narrative", "language": "噶瑪蘭語, Kavalan, Xinshe (新社)", "speaker": "潘天利, Abas, male, 1933-03-22", "collected": "2005-01-01", "revised": "2014-2-19", "video": "KavNr-frog_abas.mp3"}, "s_a_span": [13.38, 20.62], "file": "Kavalan_Xinshe/KavNr-frog_abas", "num": 3}], [4, {"ori": [], "gloss": [["..", "", ""], ["tayta-an", "see-LF", "看-處焦"], ["na", "GEN", "屬格"], ["sunis", "child", "小孩"], ["a", "LNK", "連詞"], ["zau", "this", "這個"], ["biat-na", "frog-3SG.GEN", "青蛙-3SG.屬格"], ["ta-peRasku-an", "LOC-bottle-LOC", "處格-瓶子-處格"], ["atu==", "and", "和"], ["wasu", "dog", "狗"], ["unay", "that", "那個"], ["nani.\\", "DM", "DM"]], "free": ["#e This child looks at his frog in the bottle and that dog.", "#c 這個小孩看著他在瓶子裡的青蛙，還有狗。"], "s_end": true, "iu_a_span": [20.62, 28.57], "meta": {"topic": "Frog story", "type": "Narrative", "language": "噶瑪蘭語, Kavalan, Xinshe (新社)", "speaker": "潘天利, Abas, male, 1933-03-22", "collected": "2005-01-01", "revised": "2014-2-19", "video": "KavNr-frog_abas.mp3"}, "s_a_span": [20.62, 28.57], "file": "Kavalan_Xinshe/KavNr-frog_abas", "num": 4}], [5, {"ori": ["…(1.0)", "m-li==zaq", "t<m>ayta", "tu", "wasu", "biat-na", "sRi", "wasu", "a", "yau", "tu._"], "gloss": [["AF-happy", "主焦-高興", "(FLIPPING"], ["<AF>see", "<主焦>看", "THE"], ["OBL", "", ""], ["dog", "斜格", "PAGE)"], ["frog-3SG.GEN", "", ""], ["and", "", ""], ["dog", "", ""], ["LNK", "", ""], ["that", "", ""], ["DM", "", ""]], "free": ["#e Looking at his frog and that dog, he feels happy, and...", "#c 看著他的青蛙和狗，很高興，然後…"], "s_end": true, "iu_a_span": [28.57, 35.81], "meta": {"topic": "Frog story", "type": "Narrative", "language": "噶瑪蘭語, Kavalan, Xinshe (新社)", "speaker": "潘天利, Abas, male, 1933-03-22", "collected": "2005-01-01", "revised": "2014-2-19", "video": "KavNr-frog_abas.mp3"}, "s_a_span": [28.57, 35.81], "file": "Kavalan_Xinshe/KavNr-frog_abas", "num": 5}], [6, {"ori": [], "gloss": [["…(7.0)", "", ""], ["tu", "DM", "DM"], ["tuRabi=ti", "evening=PFV", "晚上=完成"], ["nani", "DM", "DM"], ["maynep=ti", "AF.sleep=FFV", "主焦.睡覺=完成"], ["ya", "NOM", "主格"], ["sunis", "child", "小孩"], ["a", "LNK", "連詞"], ["zau.\\", "this", "這個"]], "free": ["#e And when the night falls, this child also falls asleep.", "#c 到了晚上，這個小孩睡著了。"], "s_end": true, "iu_a_span": [35.81, 48.96], "meta": {"topic": "Frog story", "type": "Narrative", "language": "噶瑪蘭語, Kavalan, Xinshe (新社)", "speaker": "潘天利, Abas, male, 1933-03-22", "collected": "2005-01-01", "revised": "2014-2-19", "video": "KavNr-frog_abas.mp3"}, "s_a_span": [35.81, 48.96], "file": "Kavalan_Xinshe/KavNr-frog_abas", "num": 6}], [7, {"ori": [], "gloss": [["…(1.2)", "", ""], ["mangu==", "turn.out", "結果"], ["m-RaRiw", "AF-run", "主焦-跑"], ["a", "NOM", "主格"], ["biat-na", "frog-3SG.GEN", "青蛙-3SG.屬格"], ["sayza", "perhaps", "或許"], ["ya", "INT", "感嘆"], ["maynep", "AF.sleep", "主焦.睡覺"], ["a", "NOM", "主格"], ["sunis", "child", "小孩"], ["a", "LNK", "連詞"], ["zau", "this", "這個"], ["qaRatuRabi.\\", "late.evening", "晚上"]], "free": ["#e And it turns out that his frog runs away, perhaps (because) this child has fallen asleep in the late evening.", "#c 結果他的青蛙跑走了，可能(因為)小孩晚上在睡覺。", "#n qaRabi = tuRabi ‘evening’晚上 vs. qaRatuRabi ‘late evening’深夜", "#n Rabi=ti ka ‘It’s dark.’天黑了", "#n tuRabi=ti qena-Rabi-an ‘It’s quite late in the evening.’已經很晚了。"], "s_end": true, "iu_a_span": [48.96, 56.21], "meta": {"topic": "Frog story", "type": "Narrative", "language": "噶瑪蘭語, Kavalan, Xinshe (新社)", "speaker": "潘天利, Abas, male, 1933-03-22", "collected": "2005-01-01", "revised": "2014-2-19", "video": "KavNr-frog_abas.mp3"}, "s_a_span": [48.96, 56.21], "file": "Kavalan_Xinshe/KavNr-frog_abas", "num": 7}], [8, {"ori": [], "gloss": [["…(0.9)", "", ""], ["tu", "DM", "DM"], ["tabRabi", "morning", "早上"], ["masuat", "AF.wake.up", "主焦.醒來"], ["nani,_", "DM", "DM"]], "free": [], "s_end": false, "iu_a_span": [56.21, 59.51], "meta": {"topic": "Frog story", "type": "Narrative", "language": "噶瑪蘭語, Kavalan, Xinshe (新社)", "speaker": "潘天利, Abas, male, 1933-03-22", "collected": "2005-01-01", "revised": "2014-2-19", "video": "KavNr-frog_abas.mp3"}, "file": "Kavalan_Xinshe/KavNr-frog_abas", "num": 8}], [9, {"ori": [], "gloss": [["tayta-an-na", "see-LF-3SG.GEN", "看-處焦-3SG.屬格"], ["ta-puduq-an", "LOC-urn-LOC", "處格-甕-處格"], ["a==", "NOM", "主格"], ["biyat", "frog", "青蛙"], ["a", "LNK", "連詞"], ["yau", "that", "那個"], ["nani", "DM", "DM"], ["mai=ti.\\", "NEG=PFV", "否定=完成"]], "free": ["#e And after waking up in the morning, he looks into the bottle for that frog, but it is gone?!", "#c 早上醒來後，他看瓶子裡的青蛙，結果不見了。"], "s_end": true, "iu_a_span": [59.51, 64.47], "meta": {"topic": "Frog story", "type": "Narrative", "language": "噶瑪蘭語, Kavalan, Xinshe (新社)", "speaker": "潘天利, Abas, male, 1933-03-22", "collected": "2005-01-01", "revised": "2014-2-19", "video": "KavNr-frog_abas.mp3"}, "s_a_span": [56.21, 64.47], "file": "Kavalan_Xinshe/KavNr-frog_abas", "num": 9}], [10, {"ori": [], "gloss": [["..", "", ""], ["ou", "INT", "感嘆"], ["nian=ti", "where=PFV", "哪裡=完成"], ["biat-ku", "frog-1SG.GEN", "青蛙-1SG.屬格"], ["zin-na", "say-3SG.GEN", "說-3SG.屬格"], ["sunis", "child", "小孩"], ["a", "LNK", "連詞"], ["zau.\\", "this", "這個"]], "free": ["#e ‘Oh, where is my frog?,’ said this child.", "#c 這個小孩說，oh，我的青蛙在哪裡?"], "s_end": true, "iu_a_span": [64.47, 68.44], "meta": {"topic": "Frog story", "type": "Narrative", "language": "噶瑪蘭語, Kavalan, Xinshe (新社)", "speaker": "潘天利, Abas, male, 1933-03-22", "collected": "2005-01-01", "revised": "2014-2-19", "video": "KavNr-frog_abas.mp3"}, "s_a_span": [64.47, 68.44], "file": "Kavalan_Xinshe/KavNr-frog_abas", "num": 10}], [11, {"ori": [], "gloss": [["…(2.1)", "", ""], ["tu", "DM", "DM"], ["wiya=ti", "leave=PFV", "離開=完成"], ["k<m>ilim,\\", "<AF>search", "<主焦>尋找"]], "free": [], "s_end": false, "iu_a_span": [68.44, 72.28], "meta": {"topic": "Frog story", "type": "Narrative", "language": "噶瑪蘭語, Kavalan, Xinshe (新社)", "speaker": "潘天利, Abas, male, 1933-03-22", "collected": "2005-01-01", "revised": "2014-2-19", "video": "KavNr-frog_abas.mp3"}, "file": "Kavalan_Xinshe/KavNr-frog_abas", "num": 11}], [12, {"ori": [], "gloss": [["…(3.4)", "", ""], ["k<m>ilim=ti", "<AF>search=PFV", "<主焦>尋找=完成"], ["..", "", ""], ["sunis", "child", "小孩"], ["a", "LNK", "連詞"], ["zau", "this", "這個"], ["tu", "OBL", "斜格"], ["biat-na", "frog-3SG.GEN", "青蛙-3SG.屬格"], ["nani.\\", "DM", "DM"]], "free": ["#e So this child goes searching, searching for his frog.", "#c 這個小孩去找，去找他的青蛙。"], "s_end": true, "iu_a_span": [72.28, 80.75], "meta": {"topic": "Frog story", "type": "Narrative", "language": "噶瑪蘭語, Kavalan, Xinshe (新社)", "speaker": "潘天利, Abas, male, 1933-03-22", "collected": "2005-01-01", "revised": "2014-2-19", "video": "KavNr-frog_abas.mp3"}, "s_a_span": [68.44, 80.75], "file": "Kavalan_Xinshe/KavNr-frog_abas", "num": 12}], [13, {"ori": [], "gloss": [["…(1.0)", "", ""], ["ou", "INT", "感嘆"], ["pasi", "probably", "可能"], ["yau", "EXIST", "存在"], ["ta-RasuR-an-na", "LOC-inside-LOC-3SG.GEN", "處格-裡面-處格-3SG.屬格"], ["na", "GEN", "屬格"], ["zpu,_", "shoes", "拖鞋"]], "free": [], "s_end": false, "iu_a_span": [80.75, 85.39], "meta": {"topic": "Frog story", "type": "Narrative", "language": "噶瑪蘭語, Kavalan, Xinshe (新社)", "speaker": "潘天利, Abas, male, 1933-03-22", "collected": "2005-01-01", "revised": "2014-2-19", "video": "KavNr-frog_abas.mp3"}, "file": "Kavalan_Xinshe/KavNr-frog_abas", "num": 13}], [14, {"ori": [], "gloss": [["..", "", ""], ["na", "GEN", "屬格"], ["kucu,_", "shoes", "鞋子"]], "free": [], "s_end": false, "iu_a_span": [85.39, 86.84], "meta": {"topic": "Frog story", "type": "Narrative", "language": "噶瑪蘭語, Kavalan, Xinshe (新社)", "speaker": "潘天利, Abas, male, 1933-03-22", "collected": "2005-01-01", "revised": "2014-2-19", "video": "KavNr-frog_abas.mp3"}, "file": "Kavalan_Xinshe/KavNr-frog_abas", "num": 14}], [15, {"ori": [], "gloss": [["…(0.7)", "", ""], ["zin-na", "think-3SG.GEN", "想-3SG.屬格"], ["sayza", "perhaps", "或許"], ["na", "GEN", "屬格"], ["sunis", "child", "小孩"], ["a", "LNK", "連詞"], ["zau", "this", "這個"], ["nani._", "DM", "DM"]], "free": ["#e This child thinks, ‘Ooh, it’s probably inside the shoes.’", "#c 這個小孩可能想說，可能在我的拖鞋，鞋子裡面。", "#n zpu = kucu 日語借詞 (a Japanese load word)"], "s_end": true, "iu_a_span": [86.84, 89.86], "meta": {"topic": "Frog story", "type": "Narrative", "language": "噶瑪蘭語, Kavalan, Xinshe (新社)", "speaker": "潘天利, Abas, male, 1933-03-22", "collected": "2005-01-01", "revised": "2014-2-19", "video": "KavNr-frog_abas.mp3"}, "s_a_span": [80.75, 89.86], "file": "Kavalan_Xinshe/KavNr-frog_abas", "num": 15}], [16, {"ori": [], "gloss": [["…(0.7)", "", ""], ["wa==", "INT", "感嘆"], ["wiya=ti", "leave=PFV", "離開=完成"], ["biqulu-an-na=ti", "turn.over-LF-3SG.GEN=PFV", "翻轉-處焦-3SG.屬格=完成"], ["ya..", "NOM", "主格"], ["zpu-na", "shoes-3SG.GEN", "鞋子-3SG.屬格"], ["amagucu-na", "rain.boots-3SG.GEN", "雨鞋-3SG.屬格"], ["sayza", "perhaps", "可能"], ["‘u", "INT", "感嘆"], ["k<m>ilim", "<AF>search", "<主焦>尋找"], ["tu", "OBL", "斜格"], ["biat", "frog", "青蛙"], ["nani._", "DM", "DM"]], "free": ["#e He goes turning over his shoes, or his rain boots perhaps, to search for the frog.", "#c 他翻他的鞋子，或可能是他的雨鞋，要找青蛙。", "#n amagucu ‘rain boots’雨鞋，日語借詞 (Japanese loan word)"], "s_end": true, "iu_a_span": [89.86, 99.15], "meta": {"topic": "Frog story", "type": "Narrative", "language": "噶瑪蘭語, Kavalan, Xinshe (新社)", "speaker": "潘天利, Abas, male, 1933-03-22", "collected": "2005-01-01", "revised": "2014-2-19", "video": "KavNr-frog_abas.mp3"}, "s_a_span": [89.86, 99.15], "file": "Kavalan_Xinshe/KavNr-frog_abas", "num": 16}], [17, {"ori": [], "gloss": [["..", "", ""], ["sRi", "and", "和"], ["wasu", "dog", "狗"], ["a", "LNK", "連詞"], ["yau,_", "that", "那個"]], "free": [], "s_end": false, "iu_a_span": [99.15, 100.93], "meta": {"topic": "Frog story", "type": "Narrative", "language": "噶瑪蘭語, Kavalan, Xinshe (新社)", "speaker": "潘天利, Abas, male, 1933-03-22", "collected": "2005-01-01", "revised": "2014-2-19", "video": "KavNr-frog_abas.mp3"}, "file": "Kavalan_Xinshe/KavNr-frog_abas", "num": 17}], [18, {"ori": [], "gloss": [["..", "", ""], ["pasi", "probably", "可能"], ["yau", "EXIST", "存在"], ["ta-puduq-an", "LOC-urn-LOC", "處格-甕-處格"], ["ya,_", "NOM", "主格"]], "free": [], "s_end": false, "iu_a_span": [100.93, 104.05], "meta": {"topic": "Frog story", "type": "Narrative", "language": "噶瑪蘭語, Kavalan, Xinshe (新社)", "speaker": "潘天利, Abas, male, 1933-03-22", "collected": "2005-01-01", "revised": "2014-2-19", "video": "KavNr-frog_abas.mp3"}, "file": "Kavalan_Xinshe/KavNr-frog_abas", "num": 18}], [19, {"ori": [], "gloss": [["…(0.9)", "", ""], ["ya", "NOM", "主格"], ["biat", "frog", "青蛙"], ["a", "LNK", "連詞"], ["zau", "this", "這個"], ["zin-na", "think-3SG.GEN", "想-3SG.屬格"], ["sayza", "perhaps", "或許"], ["na", "GEN", "屬格"], ["wasu", "dog", "青蛙"], ["a", "LNK", "連詞"], ["zau", "this", "這個"], ["nani.\\", "DM", "DM"]], "free": ["#e As for the dog, it thinks that (the frog) is probably in the bottle.", "#c 那個狗想說可能在瓶子裡。"], "s_end": true, "iu_a_span": [104.05, 108.05], "meta": {"topic": "Frog story", "type": "Narrative", "language": "噶瑪蘭語, Kavalan, Xinshe (新社)", "speaker": "潘天利, Abas, male, 1933-03-22", "collected": "2005-01-01", "revised": "2014-2-19", "video": "KavNr-frog_abas.mp3"}, "s_a_span": [99.15, 108.05], "file": "Kavalan_Xinshe/KavNr-frog_abas", "num": 19}], [20, {"ori": [], "gloss": [["…(0.7)", "", ""], ["susuR-an-na=ti", "enter-LF-3SG.GEN=PFV", "進入-處焦-3SG.屬格=完成"], ["na", "GEN", "屬格"], ["uRu-na", "head-3SG.GEN", "頭-3SG.屬格"], ["ya", "NOM", "主格"], ["peRasku", "bottle", "瓶子"], ["a", "LNK", "連詞"], ["yau", "that", "那個"], ["q<n>izuan-an", "<PFV>reside-NMZ", "<完成>住-名物化"], ["na", "GEN", "屬格"], ["biyat.\\", "frog", "青蛙"]], "free": ["#e So it squeezes his head into the bottle, where the frog once resided.", "#c 狗把頭鑽進瓶子裡，青蛙曾住過的地方。"], "s_end": true, "iu_a_span": [108.05, 113.7], "meta": {"topic": "Frog story", "type": "Narrative", "language": "噶瑪蘭語, Kavalan, Xinshe (新社)", "speaker": "潘天利, Abas, male, 1933-03-22", "collected": "2005-01-01", "revised": "2014-2-19", "video": "KavNr-frog_abas.mp3"}, "s_a_span": [108.05, 113.7], "file": "Kavalan_Xinshe/KavNr-frog_abas", "num": 20}], [21, {"ori": [], "gloss": [["…(1.6)", "", ""], ["tu", "DM", "DM"], ["Rayngu=ti.", "cannot=PFV", "不能=完成"], ["ala-an", "take-LF", "拿-處焦"], ["Rayngu=ti", "cannot=PFV", "不能=完成"], ["‘etus-an", "pull-LF", "拔-處焦"], ["ya", "NOM", "主格"], ["uRu", "head", "頭"], ["na", "GEN", "屬格"], ["wasu", "dog", "狗"], ["a", "LNK", "連詞"], ["zau.\\", "this", "這個"]], "free": ["#e And the dog can’t take, can’t pull out its head.", "#c 狗不能拿..不能把頭拔出來。"], "s_end": true, "iu_a_span": [113.7, 121.65], "meta": {"topic": "Frog story", "type": "Narrative", "language": "噶瑪蘭語, Kavalan, Xinshe (新社)", "speaker": "潘天利, Abas, male, 1933-03-22", "collected": "2005-01-01", "revised": "2014-2-19", "video": "KavNr-frog_abas.mp3"}, "s_a_span": [113.7, 121.65], "file": "Kavalan_Xinshe/KavNr-frog_abas", "num": 21}], [22, {"ori": [], "gloss": [["…(1.3)", "", ""], ["tu", "DM", "DM"], ["wiya=ti", "leave=PFV", "離開=完成"], ["k<m>ilim", "<AF>search", "<主焦>尋找"], ["tu", "OBL", "斜格"], ["biat", "frog", "青蛙"], ["a", "LNK", "連詞"], ["yau", "that", "那個"], ["ya", "NOM", "主格"], ["sunis", "child", "小孩"], ["a", "LNK", "連詞"], ["yau,\\", "that", "那個"]], "free": [], "s_end": false, "iu_a_span": [121.65, 128.67], "meta": {"topic": "Frog story", "type": "Narrative", "language": "噶瑪蘭語, Kavalan, Xinshe (新社)", "speaker": "潘天利, Abas, male, 1933-03-22", "collected": "2005-01-01", "revised": "2014-2-19", "video": "KavNr-frog_abas.mp3"}, "file": "Kavalan_Xinshe/KavNr-frog_abas", "num": 22}], [23, {"ori": [], "gloss": [["…", "", ""], ["masulun", "AF.together", "主焦.一起"], ["tu", "OBL", "斜格"], ["wasu", "dog", "狗"], ["a", "LNK", "連詞"], ["yau", "that", "那個"], ["nani.\\", "DM", "DM"]], "free": ["#e And then that child goes searching for the frog, accompanied by his dog.", "#c 小孩去找青蛙，跟狗一起。"], "s_end": true, "iu_a_span": [128.67, 131.5], "meta": {"topic": "Frog story", "type": "Narrative", "language": "噶瑪蘭語, Kavalan, Xinshe (新社)", "speaker": "潘天利, Abas, male, 1933-03-22", "collected": "2005-01-01", "revised": "2014-2-19", "video": "KavNr-frog_abas.mp3"}, "s_a_span": [121.65, 131.5], "file": "Kavalan_Xinshe/KavNr-frog_abas", "num": 23}], [24, {"ori": ["…(0.9)mangu==", "yau", "si-kubu-an-na", "na", "wasu", "a", "yau", "a", "peRasku", "a", "q<n>izuan-an", "na", "biat", "a", "yau.\\"], "gloss": [["turn.out", "結果", "(FLIPPING"], ["EXIST", "", ""], ["SI-hat-LF-3SG.GEN", "存在", "PAGE)"], ["GEN", "", ""], ["dog", "", ""], ["LNK", "", ""], ["that", "", ""], ["NOM", "", ""], ["bottle", "", ""], ["LNK", "", ""], ["<PFT>reside-NMZ", "", ""], ["GEN", "", ""], ["frog", "", ""], ["LNK", "", ""], ["that", "", ""]], "free": ["#e It turns out that the dog is wears the bottle on its head, where the frog once resided.", "#c 結果狗把瓶子戴在頭上，青蛙曾經住過的地方。", "#n si-kubu: 把~套/戴在頭上 to wear on the head"], "s_end": true, "iu_a_span": [131.5, 139.53], "meta": {"topic": "Frog story", "type": "Narrative", "language": "噶瑪蘭語, Kavalan, Xinshe (新社)", "speaker": "潘天利, Abas, male, 1933-03-22", "collected": "2005-01-01", "revised": "2014-2-19", "video": "KavNr-frog_abas.mp3"}, "s_a_span": [131.5, 139.53], "file": "Kavalan_Xinshe/KavNr-frog_abas", "num": 24}], [25, {"ori": [], "gloss": [["…(7.0)", "", ""], ["syazi==", "come.to", "來到"], ["tazian", "here", "這裡"], ["nani,\\", "DM", "DM"]], "free": [], "s_end": false, "iu_a_span": [139.53, 146.8], "meta": {"topic": "Frog story", "type": "Narrative", "language": "噶瑪蘭語, Kavalan, Xinshe (新社)", "speaker": "潘天利, Abas, male, 1933-03-22", "collected": "2005-01-01", "revised": "2014-2-19", "video": "KavNr-frog_abas.mp3"}, "file": "Kavalan_Xinshe/KavNr-frog_abas", "num": 25}], [26, {"ori": [], "gloss": [["…(1.3)", "", ""], ["ya==u", "EXIST", "存在"], ["q<um>Ras", "<AF>yell", "<主焦>叫"], ["sunis", "child", "小孩"], ["a", "LNK", "連詞"], ["yau", "that", "那個"], ["tu", "OBL", "斜格"], ["biat", "frog", "青蛙"], ["a", "LNK", "連詞"], ["yau", "that", "那個"], ["nani.\\", "DM", "DM"]], "free": ["#e At this point (when it (i.e. the story) comes here), the child is yelling out for the frog.", "#c 到了這裡，小孩在叫青蛙。"], "s_end": true, "iu_a_span": [146.8, 151.25], "meta": {"topic": "Frog story", "type": "Narrative", "language": "噶瑪蘭語, Kavalan, Xinshe (新社)", "speaker": "潘天利, Abas, male, 1933-03-22", "collected": "2005-01-01", "revised": "2014-2-19", "video": "KavNr-frog_abas.mp3"}, "s_a_span": [139.53, 151.25], "file": "Kavalan_Xinshe/KavNr-frog_abas", "num": 26}], [27, {"ori": [], "gloss": [["…(1.0)", "", ""], ["yau", "EXIST", "存在"], ["qaya", "also", "也"], ["wasu", "dog", "狗"], ["a", "LNK", "連詞"], ["yau", "that", "那個"], ["m-Ray<tung>tunguz", "AF-<RED>bark", "主焦-<重疊>吠叫"], ["k<m>ilim", "<AF>search", "<主焦>找"], ["qaya", "also", "也"], ["tu", "OBL", "斜格"], ["biat", "frog", "青蛙"], ["a", "LNK", "連詞"], ["yau", "that", "那個"], ["nani.\\", "DM", "DM"]], "free": ["#e The dog also keeps barking and barking and search for the frog.", "#c 狗也在叫，也在找青蛙。"], "s_end": true, "iu_a_span": [151.25, 158.75], "meta": {"topic": "Frog story", "type": "Narrative", "language": "噶瑪蘭語, Kavalan, Xinshe (新社)", "speaker": "潘天利, Abas, male, 1933-03-22", "collected": "2005-01-01", "revised": "2014-2-19", "video": "KavNr-frog_abas.mp3"}, "s_a_span": [151.25, 158.75], "file": "Kavalan_Xinshe/KavNr-frog_abas", "num": 27}], [28, {"ori": [], "gloss": [["…(1.0)", "", ""], ["mangu==", "turn.out", "結果"], ["t<m>ibuq=ti", "<AF>fall=PFV", "<主焦>掉=完成"], ["...(HICCUPING)", "", ""], ["nizi", "...", "..."], ["ta-dengat-an-na", "from", "從"], ["ya", "LOC-window-LOC-3SG.GEN", "處格-窗戶-處格-33SG.屬格"], ["wasu", "NOM", "主格"], ["a", "dog", "狗"], ["yau.\\", "LNK", "連詞"]], "free": ["#e And it turns out that the dog falls down off the window.", "#c 結果狗從窗戶掉下去。"], "s_end": true, "iu_a_span": [158.75, 166.64], "meta": {"topic": "Frog story", "type": "Narrative", "language": "噶瑪蘭語, Kavalan, Xinshe (新社)", "speaker": "潘天利, Abas, male, 1933-03-22", "collected": "2005-01-01", "revised": "2014-2-19", "video": "KavNr-frog_abas.mp3"}, "s_a_span": [158.75, 166.64], "file": "Kavalan_Xinshe/KavNr-frog_abas", "num": 28}], [29, {"ori": [], "gloss": [["..", "", ""], ["masulun", "AF.together", "主焦.一起"], ["tu", "OBL", "斜格"], ["lazat", "person", "人"], ["a", "LNK", "連詞"], ["yau", "that", "那個"], ["q<um>Ras", "<AF>yell", "<主焦>叫"], ["ta", "LOC", "處格"], ["biyat", "frog", "青蛙"], ["a", "LNK", "連詞"], ["yau", "that", "那個"], ["nani,\\", "DM", "DM"]], "free": [], "s_end": false, "iu_a_span": [166.64, 170.11], "meta": {"topic": "Frog story", "type": "Narrative", "language": "噶瑪蘭語, Kavalan, Xinshe (新社)", "speaker": "潘天利, Abas, male, 1933-03-22", "collected": "2005-01-01", "revised": "2014-2-19", "video": "KavNr-frog_abas.mp3"}, "file": "Kavalan_Xinshe/KavNr-frog_abas", "num": 29}], [30, {"ori": [], "gloss": [["..", "", ""], ["t<m>ibuq=ti", "<AF>fall=PFV", "<主焦>掉=完成"], ["wasu", "dog", "狗"], ["a", "LNK", "連詞"], ["yau", "that", "那個"], ["tu.._", "DM", "DM"]], "free": ["#e When following the man to yell out for the frog, the dog falls down, and..", "#c 那個狗跟著那個人，叫青蛙，然後掉下去了。"], "s_end": true, "iu_a_span": [170.11, 172.23], "meta": {"topic": "Frog story", "type": "Narrative", "language": "噶瑪蘭語, Kavalan, Xinshe (新社)", "speaker": "潘天利, Abas, male, 1933-03-22", "collected": "2005-01-01", "revised": "2014-2-19", "video": "KavNr-frog_abas.mp3"}, "s_a_span": [166.64, 172.23], "file": "Kavalan_Xinshe/KavNr-frog_abas", "num": 30}], [31, {"ori": [], "gloss": [["…(1.1)", "", ""], ["ma-bedung=ti", "AF-break=PFV", "主焦-破=完成"], ["ya", "NOM", "主格"], ["peRasku", "bottle", "瓶子"], ["a", "LNK", "連詞"], ["yau", "that", "那個"], ["s<n>i-kubu", "<PFV>SI-hat", "<完成>SI-帽子"], ["na", "GEN", "屬格"], ["wasu", "dog", "狗"], ["a", "LNK", "連詞"], ["yau", "that", "那個"], ["nani._", "DM", "DM"]], "free": ["#e The bottle that the dog wears on its head breaks (into pieces).", "#c 狗戴在頭上的瓶子破了。"], "s_end": true, "iu_a_span": [172.23, 179.07], "meta": {"topic": "Frog story", "type": "Narrative", "language": "噶瑪蘭語, Kavalan, Xinshe (新社)", "speaker": "潘天利, Abas, male, 1933-03-22", "collected": "2005-01-01", "revised": "2014-2-19", "video": "KavNr-frog_abas.mp3"}, "s_a_span": [172.23, 179.07], "file": "Kavalan_Xinshe/KavNr-frog_abas", "num": 31}], [32, {"ori": [], "gloss": [["…(0.7)", "", ""], ["syazi=ti", "come.to=PFV", "來到=完成"], ["tazian", "here", "這裡"], ["mai=ti", "NEG=PFV", "否定=完成"], ["peRasku", "bottle", "瓶子"], ["a", "LNK", "連詞"], ["yau.\\", "that", "那個"]], "free": ["#e At this point (when it comes here), the bottle is gone (off the dog’s head).", "#c 到了這邊，瓶子沒有了。"], "s_end": true, "iu_a_span": [179.07, 182.21], "meta": {"topic": "Frog story", "type": "Narrative", "language": "噶瑪蘭語, Kavalan, Xinshe (新社)", "speaker": "潘天利, Abas, male, 1933-03-22", "collected": "2005-01-01", "revised": "2014-2-19", "video": "KavNr-frog_abas.mp3"}, "s_a_span": [179.07, 182.21], "file": "Kavalan_Xinshe/KavNr-frog_abas", "num": 32}], [33, {"ori": [], "gloss": [["…(0.8)", "", ""], ["tayta-an-na=ti", "see-LF-3SG.GEN=PFV", "看-處焦-3SG.屬格=完成"], ["na", "GEN", "屬格"], ["sunis", "child", "小孩"], ["a", "LNK", "連詞"], ["zau", "this", "這個"], ["nani,\\", "DM", "DM"]], "free": [], "s_end": false, "iu_a_span": [182.21, 184.77], "meta": {"topic": "Frog story", "type": "Narrative", "language": "噶瑪蘭語, Kavalan, Xinshe (新社)", "speaker": "潘天利, Abas, male, 1933-03-22", "collected": "2005-01-01", "revised": "2014-2-19", "video": "KavNr-frog_abas.mp3"}, "file": "Kavalan_Xinshe/KavNr-frog_abas", "num": 33}], [34, {"ori": [], "gloss": [["..", "", ""], ["mai=ti", "NEG=PFV", "否定=完成"], ["ya", "NOM", "主格"], ["s<n>i-kubu", "<PFV>SI-hat", "<完成>SI-帽子"], ["na", "GEN", "屬格"], ["wasu", "dog", "狗"], ["kutu", "??", "??"], ["peRasku", "bottle", "瓶子"], ["a", "LNK", "連詞"], ["yau", "that", "那個"], ["zin-na", "think-3SG.GEN", "想-3SG.屬格"], ["tu,\\", "DM", "DM"]], "free": [], "s_end": false, "iu_a_span": [184.77, 191.49], "meta": {"topic": "Frog story", "type": "Narrative", "language": "噶瑪蘭語, Kavalan, Xinshe (新社)", "speaker": "潘天利, Abas, male, 1933-03-22", "collected": "2005-01-01", "revised": "2014-2-19", "video": "KavNr-frog_abas.mp3"}, "file": "Kavalan_Xinshe/KavNr-frog_abas", "num": 34}], [35, {"ori": [], "gloss": [["..", "", ""], ["ala-an-na=ti", "take-LF-3SG.GEN=PFV", "拿-處焦-3SG.屬格=完成"], ["na", "GEN", "屬格"], ["sunis", "child", "小孩"], ["a", "LNK", "連詞"], ["zau", "this", "這個"], ["bawa’", "bear", "抱"], ["ya", "NOM", "主格"], ["wasu", "dog", "狗"], ["zau.\\", "this", "這個"]], "free": ["#e When seeing the bottle that the dog wears gone (off the dog’s head), this child holds up the dog.", "#c 看到小狗戴在頭上的瓶子不見了，這個小孩抱起了狗。"], "s_end": true, "iu_a_span": [191.49, 197.04], "meta": {"topic": "Frog story", "type": "Narrative", "language": "噶瑪蘭語, Kavalan, Xinshe (新社)", "speaker": "潘天利, Abas, male, 1933-03-22", "collected": "2005-01-01", "revised": "2014-2-19", "video": "KavNr-frog_abas.mp3"}, "s_a_span": [182.21, 197.04], "file": "Kavalan_Xinshe/KavNr-frog_abas", "num": 35}], [36, {"ori": [], "gloss": [["…(9.2)", "", ""], ["syazi", "come.to", "來到"], ["tazian", "here", "這裡"], ["nani,\\", "DM", "DM"]], "free": [], "s_end": false, "iu_a_span": [197.04, 207.68], "meta": {"topic": "Frog story", "type": "Narrative", "language": "噶瑪蘭語, Kavalan, Xinshe (新社)", "speaker": "潘天利, Abas, male, 1933-03-22", "collected": "2005-01-01", "revised": "2014-2-19", "video": "KavNr-frog_abas.mp3"}, "file": "Kavalan_Xinshe/KavNr-frog_abas", "num": 36}], [37, {"ori": [], "gloss": [["…(0.7)", "", ""], ["ya==u=ti", "EXIST=PFV", "存在=完成"], ["q<um>Ras", "<AF>yell", "<主焦>叫"], ["..", "", ""], ["sunis", "child", "小孩"], ["a", "LNK", "連詞"], ["yau", "that", "那個"], ["ta", "LOC", "處格"], ["biat", "frog", "青蛙"], ["a", "LNK", "連詞"], ["yau", "that", "那個"], ["nani._", "DM", "DM"]], "free": ["#e At this point (when it comes here), the child is yelling out for the frog.", "#c 到了這邊，小孩在叫青蛙。"], "s_end": true, "iu_a_span": [207.68, 212.47], "meta": {"topic": "Frog story", "type": "Narrative", "language": "噶瑪蘭語, Kavalan, Xinshe (新社)", "speaker": "潘天利, Abas, male, 1933-03-22", "collected": "2005-01-01", "revised": "2014-2-19", "video": "KavNr-frog_abas.mp3"}, "s_a_span": [197.04, 212.47], "file": "Kavalan_Xinshe/KavNr-frog_abas", "num": 37}], [38, {"ori": [], "gloss": [["..", "", ""], ["wasu", "dog", "狗"], ["a", "LNK", "連詞"], ["zau", "this", "這個"], ["na", "FIL", "FIL"], ["yau", "EXIST", "存在"], ["Ray<tung>tunguz,\\", "<RED>bark", "<重疊>吠叫"]], "free": [], "s_end": false, "iu_a_span": [212.47, 215.76], "meta": {"topic": "Frog story", "type": "Narrative", "language": "噶瑪蘭語, Kavalan, Xinshe (新社)", "speaker": "潘天利, Abas, male, 1933-03-22", "collected": "2005-01-01", "revised": "2014-2-19", "video": "KavNr-frog_abas.mp3"}, "file": "Kavalan_Xinshe/KavNr-frog_abas", "num": 38}], [39, {"ori": [], "gloss": [["…(0.9)", "", ""], ["q<um>Ras", "<AF>yell", "<主焦>叫"], ["tu", "OBL", "斜格"], ["biat", "frog", "青蛙"], ["a", "LNK", "連詞"], ["yau", "that", "那個"], ["sayza", "perhaps", "或許"], ["nani.\\", "DM", "DM"]], "free": ["#e As for the dog, it keeps barking and barking, yelling out for the frog perhaps.", "#c 青蛙一直叫，可能在叫青蛙。"], "s_end": true, "iu_a_span": [215.76, 219.56], "meta": {"topic": "Frog story", "type": "Narrative", "language": "噶瑪蘭語, Kavalan, Xinshe (新社)", "speaker": "潘天利, Abas, male, 1933-03-22", "collected": "2005-01-01", "revised": "2014-2-19", "video": "KavNr-frog_abas.mp3"}, "s_a_span": [212.47, 219.56], "file": "Kavalan_Xinshe/KavNr-frog_abas", "num": 39}], [40, {"ori": [], "gloss": [["tayta-an-na=ti", "see-LF-3SG.GEN=PFV", "看-處焦-3SG.屬格=完成"], ["na", "GEN", "屬格"], ["..", "", ""], ["tuliq", "wasp", "蜂"], ["a", "LNK", "連詞"], ["yau", "that", "那個"], ["sayza,\\", "perhaps", "或許"]], "free": [], "s_end": false, "iu_a_span": [219.56, 223.02], "meta": {"topic": "Frog story", "type": "Narrative", "language": "噶瑪蘭語, Kavalan, Xinshe (新社)", "speaker": "潘天利, Abas, male, 1933-03-22", "collected": "2005-01-01", "revised": "2014-2-19", "video": "KavNr-frog_abas.mp3"}, "file": "Kavalan_Xinshe/KavNr-frog_abas", "num": 40}], [41, {"ori": [], "gloss": [["..", "", ""], ["ya==", "NOM", "主格"], ["lazat", "man", "人"], ["a", "LNK", "連詞"], ["zau", "this", "這個"], ["atu", "and", "和"], ["wasu", "dog", "狗"], ["a", "LNK", "連詞"], ["zau", "this", "這個"], ["nani,\\", "DM", "DM"]], "free": [], "s_end": false, "iu_a_span": [223.02, 226.81], "meta": {"topic": "Frog story", "type": "Narrative", "language": "噶瑪蘭語, Kavalan, Xinshe (新社)", "speaker": "潘天利, Abas, male, 1933-03-22", "collected": "2005-01-01", "revised": "2014-2-19", "video": "KavNr-frog_abas.mp3"}, "file": "Kavalan_Xinshe/KavNr-frog_abas", "num": 41}], [42, {"ori": [], "gloss": [["m-za-zukat=ti", "AF-RED-exit=PFV", "主焦-重疊-出=完成"], ["tuliq", "wasp", "蜂"], ["a", "LNK", "連詞"], ["yau,\\", "that", "那個"]], "free": [], "s_end": false, "iu_a_span": [226.81, 229.11], "meta": {"topic": "Frog story", "type": "Narrative", "language": "噶瑪蘭語, Kavalan, Xinshe (新社)", "speaker": "潘天利, Abas, male, 1933-03-22", "collected": "2005-01-01", "revised": "2014-2-19", "video": "KavNr-frog_abas.mp3"}, "file": "Kavalan_Xinshe/KavNr-frog_abas", "num": 42}], [43, {"ori": ["…(0.7)", "ngil", "qaRat", "tu", "lazat", "a", "zau", "atu", "sunis", "a", "zau", "nani.\\"], "gloss": [["want", "要", "Note:"], ["bite", "咬", "The"], ["OBL", "", ""], ["person", "斜格", "“sunis"], ["LNK", "", ""], ["this", "人", "(child)”"], ["and", "連詞", "here"], ["child", "這個", "should"], ["LNK", "", ""], ["this", "和", "have"], ["DM", "", ""]], "free": ["#e Perhaps because those wasps see this person and this dog, they keep coming out (of their nest), wanting to sting this person and this child.", "#c 這些蜜蜂看到小孩和狗，就一直跑出來，想要咬這個人和這個小孩。", "#n 講錯，應該是wasu（狗）。"], "s_end": true, "iu_a_span": [229.11, 233.38], "meta": {"topic": "Frog story", "type": "Narrative", "language": "噶瑪蘭語, Kavalan, Xinshe (新社)", "speaker": "潘天利, Abas, male, 1933-03-22", "collected": "2005-01-01", "revised": "2014-2-19", "video": "KavNr-frog_abas.mp3"}, "s_a_span": [219.56, 233.38], "file": "Kavalan_Xinshe/KavNr-frog_abas", "num": 43}], [44, {"ori": [], "gloss": [["..", "", ""], ["maytis=ti", "AF.afraid=PFV", "主焦.害怕=完成"], ["sunis", "child", "小孩"], ["a", "LNK", "連詞"], ["zau.\\", "this", "這個"]], "free": ["#e This child is afraid (of the wasps).", "#c 這個小孩很害怕。"], "s_end": true, "iu_a_span": [233.38, 236.27], "meta": {"topic": "Frog story", "type": "Narrative", "language": "噶瑪蘭語, Kavalan, Xinshe (新社)", "speaker": "潘天利, Abas, male, 1933-03-22", "collected": "2005-01-01", "revised": "2014-2-19", "video": "KavNr-frog_abas.mp3"}, "s_a_span": [233.38, 236.27], "file": "Kavalan_Xinshe/KavNr-frog_abas", "num": 44}], [45, {"ori": [], "gloss": [["…(10.3)", "", ""], ["tu", "DM", "DM"], ["syazi", "come.to", "來到"], ["tazian", "here", "這裡"], ["nani,\\", "DM", "DM"]], "free": [], "s_end": false, "iu_a_span": [236.27, 248.33], "meta": {"topic": "Frog story", "type": "Narrative", "language": "噶瑪蘭語, Kavalan, Xinshe (新社)", "speaker": "潘天利, Abas, male, 1933-03-22", "collected": "2005-01-01", "revised": "2014-2-19", "video": "KavNr-frog_abas.mp3"}, "file": "Kavalan_Xinshe/KavNr-frog_abas", "num": 45}], [46, {"ori": [], "gloss": [["…(0.7)", "", ""], ["maken=ti", "really=PFV", "真的=完成"], ["t<m>ayta", "<AF>see", "<主焦>看"], ["tu", "OBL", "斜格"], ["tuliq", "wasp", "蜂"], ["a", "LNK", "連詞"], ["yau", "that", "那個"], ["nani.\\", "DM", "DM"]], "free": ["#e At this point (when it comes here), (he) really sees those wasps.", "#c 到了這邊，真的看到蜜蜂了。"], "s_end": true, "iu_a_span": [248.33, 251.71], "meta": {"topic": "Frog story", "type": "Narrative", "language": "噶瑪蘭語, Kavalan, Xinshe (新社)", "speaker": "潘天利, Abas, male, 1933-03-22", "collected": "2005-01-01", "revised": "2014-2-19", "video": "KavNr-frog_abas.mp3"}, "s_a_span": [236.27, 251.71], "file": "Kavalan_Xinshe/KavNr-frog_abas", "num": 46}], [47, {"ori": [], "gloss": [["wi==", "leave", "離開"], ["ta", "LOC", "處格"], ["babaw", "top", "上面"], ["tuliq", "wasp", "蜂"], ["a", "LNK", "連詞"], ["yau.\\", "that", "那個"]], "free": ["#e Those wasps are high above.", "#c 那些蜜蜂在上面。"], "s_end": true, "iu_a_span": [251.71, 253.55], "meta": {"topic": "Frog story", "type": "Narrative", "language": "噶瑪蘭語, Kavalan, Xinshe (新社)", "speaker": "潘天利, Abas, male, 1933-03-22", "collected": "2005-01-01", "revised": "2014-2-19", "video": "KavNr-frog_abas.mp3"}, "s_a_span": [251.71, 253.55], "file": "Kavalan_Xinshe/KavNr-frog_abas", "num": 47}], [48, {"ori": [], "gloss": [["…(2.1)", "", ""], ["q<m>ubet=ti", "<AF>crouch=PFV", "<主焦>蹲=完成"], ["ya", "NOM", "主格"], ["sunis", "child", "小孩"], ["a", "LNK", "連詞"], ["zau", "this", "這個"], ["q<n>aytis-an", "<PFV>afraid-NMZ", "<完成>害怕-名物化"], ["tu", "OBL", "斜格"], ["tuliq", "wasp", "蜂"], ["a", "LNK", "連詞"], ["yau", "that", "那個"], ["nani._", "DM", "DM"]], "free": ["#e Afraid of those wasps, this child crouches down.", "#c 小孩蹲下來，(因為)怕蜜蜂。"], "s_end": true, "iu_a_span": [253.55, 259.8], "meta": {"topic": "Frog story", "type": "Narrative", "language": "噶瑪蘭語, Kavalan, Xinshe (新社)", "speaker": "潘天利, Abas, male, 1933-03-22", "collected": "2005-01-01", "revised": "2014-2-19", "video": "KavNr-frog_abas.mp3"}, "s_a_span": [253.55, 259.8], "file": "Kavalan_Xinshe/KavNr-frog_abas", "num": 48}], [49, {"ori": [], "gloss": [["ya==u", "EXIST", "存在"], ["wasu", "dog", "狗"], ["a", "LNK", "連詞"], ["yau", "that", "那個"], ["m-Raytunguz.\\", "AF-bark", "主焦-吠叫"]], "free": ["#e That dog is barking.", "#c 那隻狗在叫。"], "s_end": true, "iu_a_span": [259.8, 261.69], "meta": {"topic": "Frog story", "type": "Narrative", "language": "噶瑪蘭語, Kavalan, Xinshe (新社)", "speaker": "潘天利, Abas, male, 1933-03-22", "collected": "2005-01-01", "revised": "2014-2-19", "video": "KavNr-frog_abas.mp3"}, "s_a_span": [259.8, 261.69], "file": "Kavalan_Xinshe/KavNr-frog_abas", "num": 49}], [50, {"ori": ["…(0.7)", "pasya", "babaw", "m-Raytunguz", "tu", "tuliq", "a", "zau", "ya", "sunis", "a", "zau", "…", "nani.\\"], "gloss": [["LOC", "", ""], ["top", "處格", "a"], ["AF-bark", "上面", "mistake."], ["OBL", "", ""], ["wasp", "", ""], ["LNK", "", ""], ["this", "", ""], ["NOM", "", ""], ["child", "", ""], ["LNK", "", ""], ["this", "", ""], ["...", "", ""], ["DM", "", ""]], "free": ["#e This child is barking up at the wasps.", "#c 小孩向上對蜜蜂叫。", "#n The “sunis (child)” here should have been “wasu (dog)” but the narrator made"], "s_end": true, "iu_a_span": [261.69, 268.72], "meta": {"topic": "Frog story", "type": "Narrative", "language": "噶瑪蘭語, Kavalan, Xinshe (新社)", "speaker": "潘天利, Abas, male, 1933-03-22", "collected": "2005-01-01", "revised": "2014-2-19", "video": "KavNr-frog_abas.mp3"}, "s_a_span": [261.69, 268.72], "file": "Kavalan_Xinshe/KavNr-frog_abas", "num": 50}], [51, {"ori": [], "gloss": [["syazi", "come.to", "來到"], ["tazian", "here", "這裡"], ["nani,\\", "DM", "DM"]], "free": [], "s_end": false, "iu_a_span": [268.72, 269.99], "meta": {"topic": "Frog story", "type": "Narrative", "language": "噶瑪蘭語, Kavalan, Xinshe (新社)", "speaker": "潘天利, Abas, male, 1933-03-22", "collected": "2005-01-01", "revised": "2014-2-19", "video": "KavNr-frog_abas.mp3"}, "file": "Kavalan_Xinshe/KavNr-frog_abas", "num": 51}], [52, {"ori": [], "gloss": [["…(0.9)", "", ""], ["maytis=ti", "AF.afraid=PFV", "主焦.害怕=完成"], ["sayza", "perhaps", "或許"], ["sunis", "child", "小孩"], ["a", "LNK", "連詞"], ["zau", "this", "這個"], ["tu", "OBL", "斜格"], ["tuliq", "wasp", "蜂"], ["a", "LNK", "連詞"], ["zau", "this", "這個"], ["m-uRing=ti.\\", "AF-cry=PFV", "主焦-哭=完成"]], "free": ["#e At this point (when it comes here), this child has cried up, perhaps because he is afraid of these wasps.", "#c 到了這邊，小孩怕這些蜜蜂，就哭了。"], "s_end": true, "iu_a_span": [269.99, 275.78], "meta": {"topic": "Frog story", "type": "Narrative", "language": "噶瑪蘭語, Kavalan, Xinshe (新社)", "speaker": "潘天利, Abas, male, 1933-03-22", "collected": "2005-01-01", "revised": "2014-2-19", "video": "KavNr-frog_abas.mp3"}, "s_a_span": [268.72, 275.78], "file": "Kavalan_Xinshe/KavNr-frog_abas", "num": 52}], [53, {"ori": [], "gloss": [["…(1.0)", "", ""], ["tayta-an-na", "see-LF-3SG.GEN", "看-處焦-3SG.屬格"], ["nani,\\", "DM", "DM"]], "free": [], "s_end": false, "iu_a_span": [275.78, 277.91], "meta": {"topic": "Frog story", "type": "Narrative", "language": "噶瑪蘭語, Kavalan, Xinshe (新社)", "speaker": "潘天利, Abas, male, 1933-03-22", "collected": "2005-01-01", "revised": "2014-2-19", "video": "KavNr-frog_abas.mp3"}, "file": "Kavalan_Xinshe/KavNr-frog_abas", "num": 53}], [54, {"ori": [], "gloss": [["…(0.7)", "", ""], ["yau", "EXIST", "存在"], ["a", "NOM", "主格"], ["wasu-na", "dog-3SG.GEN", "狗-3SG.屬格"], ["…", "", ""], ["mutun,\\", "...", "..."]], "free": [], "s_end": false, "iu_a_span": [277.91, 282.36], "meta": {"topic": "Frog story", "type": "Narrative", "language": "噶瑪蘭語, Kavalan, Xinshe (新社)", "speaker": "潘天利, Abas, male, 1933-03-22", "collected": "2005-01-01", "revised": "2014-2-19", "video": "KavNr-frog_abas.mp3"}, "file": "Kavalan_Xinshe/KavNr-frog_abas", "num": 54}], [55, {"ori": [], "gloss": [["…(2.6)", "", ""], ["yau", "EXIST", "存在"], ["a", "NOM", "主格"], ["mutun", "mouse", "老鼠"], ["yau", "EXIST", "存在"], ["a", "NOM", "主格"], ["wasu,_", "dog", "狗"]], "free": [], "s_end": false, "iu_a_span": [282.36, 287.29], "meta": {"topic": "Frog story", "type": "Narrative", "language": "噶瑪蘭語, Kavalan, Xinshe (新社)", "speaker": "潘天利, Abas, male, 1933-03-22", "collected": "2005-01-01", "revised": "2014-2-19", "video": "KavNr-frog_abas.mp3"}, "file": "Kavalan_Xinshe/KavNr-frog_abas", "num": 55}], [56, {"ori": [], "gloss": [["…(0.9)", "", ""], ["m-iza==", "AF-do.sth", "主焦-做某事"], ["m-Raytunguz", "AF-bark", "主焦-吠叫"], ["tu", "OBL", "斜格"], ["..", "", ""], ["tuliq", "wasp", "蜂"], ["a", "LNK", "連詞"], ["yau.\\", "that", "那個"]], "free": ["#e When he looks (up), (he finds) his dog… the mouse.., the mouse and the dog are doing, uh, barking at those wasps.", "#c 他看到有他的狗…老鼠…有老鼠有狗，在做…對蜜蜂叫。"], "s_end": true, "iu_a_span": [287.29, 291.96], "meta": {"topic": "Frog story", "type": "Narrative", "language": "噶瑪蘭語, Kavalan, Xinshe (新社)", "speaker": "潘天利, Abas, male, 1933-03-22", "collected": "2005-01-01", "revised": "2014-2-19", "video": "KavNr-frog_abas.mp3"}, "s_a_span": [275.78, 291.96], "file": "Kavalan_Xinshe/KavNr-frog_abas", "num": 56}], [57, {"ori": [], "gloss": [["…(0.9)", "", ""], ["tu", "DM", "DM"], ["m-u==Ring", "AF-cry", "主焦-哭"], ["a", "NOM", "主格"], ["sunis", "child", "小孩"], ["a", "LNK", "連詞"], ["yau.\\", "that", "那個"]], "free": ["#e And the child is crying.", "#c 小孩在哭。"], "s_end": true, "iu_a_span": [291.96, 294.58], "meta": {"topic": "Frog story", "type": "Narrative", "language": "噶瑪蘭語, Kavalan, Xinshe (新社)", "speaker": "潘天利, Abas, male, 1933-03-22", "collected": "2005-01-01", "revised": "2014-2-19", "video": "KavNr-frog_abas.mp3"}, "s_a_span": [291.96, 294.58], "file": "Kavalan_Xinshe/KavNr-frog_abas", "num": 57}], [58, {"ori": [], "gloss": [["…(10.4)", "", ""], ["syazi", "come.to", "來到"], ["tazian", "here", "這裡"], ["nani", "DM", "DM"], ["t<m>ibuq=ti", "<AF>fall=PFV", "<主焦>掉=完成"], ["ya", "NOM", "主格"], ["tuliq", "wasp", "蜂"], ["a", "LNK", "連詞"], ["yau", "that", "那個"], ["..", "", ""], ["nani.\\", "DM", "DM"]], "free": ["#e At this point (when it comes here), the (nest of) wasps has fallen down.", "#c 到了這邊，蜂(窩)掉下來了。"], "s_end": true, "iu_a_span": [294.58, 310.5], "meta": {"topic": "Frog story", "type": "Narrative", "language": "噶瑪蘭語, Kavalan, Xinshe (新社)", "speaker": "潘天利, Abas, male, 1933-03-22", "collected": "2005-01-01", "revised": "2014-2-19", "video": "KavNr-frog_abas.mp3"}, "s_a_span": [294.58, 310.5], "file": "Kavalan_Xinshe/KavNr-frog_abas", "num": 58}], [59, {"ori": [], "gloss": [["…(0.7)", "", ""], ["maytis=ti", "AF.afraid=PFV", "主焦.害怕=完成"], ["ya==", "NOM", "主格"], ["wasu", "dog", "狗"], ["a", "LNK", "連詞"], ["yau,\\", "that", "那個"]], "free": [], "s_end": false, "iu_a_span": [310.5, 313.23], "meta": {"topic": "Frog story", "type": "Narrative", "language": "噶瑪蘭語, Kavalan, Xinshe (新社)", "speaker": "潘天利, Abas, male, 1933-03-22", "collected": "2005-01-01", "revised": "2014-2-19", "video": "KavNr-frog_abas.mp3"}, "file": "Kavalan_Xinshe/KavNr-frog_abas", "num": 59}], [60, {"ori": [], "gloss": [["…(0.7)", "", ""], ["ngil=ti", "want=PFV", "要=完成"], ["zaqis", "climb", "爬"], ["tu", "OBL", "斜格"], ["paRin,\\", "tree", "樹"]], "free": [], "s_end": false, "iu_a_span": [313.23, 315.55], "meta": {"topic": "Frog story", "type": "Narrative", "language": "噶瑪蘭語, Kavalan, Xinshe (新社)", "speaker": "潘天利, Abas, male, 1933-03-22", "collected": "2005-01-01", "revised": "2014-2-19", "video": "KavNr-frog_abas.mp3"}, "file": "Kavalan_Xinshe/KavNr-frog_abas", "num": 60}], [61, {"ori": [], "gloss": [["…(1.1)", "", ""], ["q<n>aytis-an", "<PFT>afraid-NMZ", "<完成>害怕-名物化"], ["tu", "OBL", "斜格"], ["tuliq", "wasp", "蜂"], ["a", "LNK", "連詞"], ["yau", "that", "那個"], ["nani.\\", "DM", "DM"]], "free": ["#e That dog is afraid, (so) it wants to climb up to the tree, being afraid of those wasps.", "#c 那隻狗很害怕，(所以)想爬上樹，(因為)怕蜜蜂。"], "s_end": true, "iu_a_span": [315.55, 318.6], "meta": {"topic": "Frog story", "type": "Narrative", "language": "噶瑪蘭語, Kavalan, Xinshe (新社)", "speaker": "潘天利, Abas, male, 1933-03-22", "collected": "2005-01-01", "revised": "2014-2-19", "video": "KavNr-frog_abas.mp3"}, "s_a_span": [310.5, 318.6], "file": "Kavalan_Xinshe/KavNr-frog_abas", "num": 61}], [62, {"ori": [], "gloss": [["yau", "EXIST", "存在"], ["a", "NOM", "主格"], ["mutun", "mouse", "老鼠"], ["a", "LNK", "連詞"], ["yau", "that", "那個"], ["qaya,\\", "also", "也"]], "free": [], "s_end": false, "iu_a_span": [318.6, 320.28], "meta": {"topic": "Frog story", "type": "Narrative", "language": "噶瑪蘭語, Kavalan, Xinshe (新社)", "speaker": "潘天利, Abas, male, 1933-03-22", "collected": "2005-01-01", "revised": "2014-2-19", "video": "KavNr-frog_abas.mp3"}, "file": "Kavalan_Xinshe/KavNr-frog_abas", "num": 62}], [63, {"ori": [], "gloss": [["…(1.6)", "", ""], ["t<m>ayta", "<AF>see", "<主焦>看"], ["tu==", "OBL", "斜格"], ["wasu", "dog", "狗"], ["a", "LNK", "連詞"], ["yau", "that", "那個"], ["…", "", ""], ["nani.\\", "...", "..."]], "free": ["#e There is also the mouse watching the dog.", "#c 那個老鼠也看著那隻狗。"], "s_end": true, "iu_a_span": [320.28, 326.68], "meta": {"topic": "Frog story", "type": "Narrative", "language": "噶瑪蘭語, Kavalan, Xinshe (新社)", "speaker": "潘天利, Abas, male, 1933-03-22", "collected": "2005-01-01", "revised": "2014-2-19", "video": "KavNr-frog_abas.mp3"}, "s_a_span": [318.6, 326.68], "file": "Kavalan_Xinshe/KavNr-frog_abas", "num": 63}], [64, {"ori": [], "gloss": [["syazi", "come.to", "來到"], ["tazian", "here", "這裡"], ["nani,_", "DM", "DM"]], "free": [], "s_end": false, "iu_a_span": [326.68, 328.05], "meta": {"topic": "Frog story", "type": "Narrative", "language": "噶瑪蘭語, Kavalan, Xinshe (新社)", "speaker": "潘天利, Abas, male, 1933-03-22", "collected": "2005-01-01", "revised": "2014-2-19", "video": "KavNr-frog_abas.mp3"}, "file": "Kavalan_Xinshe/KavNr-frog_abas", "num": 64}], [65, {"ori": [], "gloss": [["…(1.8)", "", ""], ["tayta-an-na", "see-LF-3SG.GEN", "看-處焦-3SG.屬格"], ["na", "GEN", "屬格"], ["sunis", "child", "小孩"], ["a", "LNK", "連詞"], ["yau", "that", "那個"], ["m-zaqis", "AF-climb", "主焦-爬"], ["tu", "OBL", "斜格"], ["..", "", ""], ["paRin", "tree", "樹"], ["a", "NOM", "主格"], ["sunis", "child", "小孩"], ["a", "LNK", "連詞"], ["zau", "this", "這個"], ["nani.\\", "DM", "DM"]], "free": ["#e At this point (when it comes here), that child sees.., this child climbs up to the tree.", "#c 來到這邊，小孩看到…這個小孩爬上樹。"], "s_end": true, "iu_a_span": [328.05, 334.88], "meta": {"topic": "Frog story", "type": "Narrative", "language": "噶瑪蘭語, Kavalan, Xinshe (新社)", "speaker": "潘天利, Abas, male, 1933-03-22", "collected": "2005-01-01", "revised": "2014-2-19", "video": "KavNr-frog_abas.mp3"}, "s_a_span": [326.68, 334.88], "file": "Kavalan_Xinshe/KavNr-frog_abas", "num": 65}], [66, {"ori": [], "gloss": [["…", "", ""], ["yau", "EXIST", "存在"], ["a", "NOM", "主格"], ["tangan", "hole", "洞"], ["na", "GEN", "屬格"], ["paRin", "tree", "樹"], ["a", "LNK", "連詞"], ["yau.\\", "that", "那個"]], "free": ["#e There is a hole on the tree.", "#c 樹有洞。"], "s_end": true, "iu_a_span": [334.88, 337.36], "meta": {"topic": "Frog story", "type": "Narrative", "language": "噶瑪蘭語, Kavalan, Xinshe (新社)", "speaker": "潘天利, Abas, male, 1933-03-22", "collected": "2005-01-01", "revised": "2014-2-19", "video": "KavNr-frog_abas.mp3"}, "s_a_span": [334.88, 337.36], "file": "Kavalan_Xinshe/KavNr-frog_abas", "num": 66}], [67, {"ori": [], "gloss": [["…(1.1)", "", ""], ["pasi", "probably", "可能"], ["yau", "EXIST", "存在"], ["tazian", "here", "這裡"], ["ya", "NOM", "主格"], ["biat-ku", "frog-1SG.GEN", "青蛙-1SG.屬格"], ["..", "", ""], ["zin-na", "think-3SG.GEN", "想-3SG.屬格"], ["sayza", "perhaps", "或許"], ["na", "GEN", "屬格"], ["sunis", "child", "小孩"], ["a", "LNK", "連詞"], ["zau,\\", "this", "這個"]], "free": [], "s_end": false, "iu_a_span": [337.36, 343.27], "meta": {"topic": "Frog story", "type": "Narrative", "language": "噶瑪蘭語, Kavalan, Xinshe (新社)", "speaker": "潘天利, Abas, male, 1933-03-22", "collected": "2005-01-01", "revised": "2014-2-19", "video": "KavNr-frog_abas.mp3"}, "file": "Kavalan_Xinshe/KavNr-frog_abas", "num": 67}], [68, {"ori": [], "gloss": [["..", "", ""], ["pankel-an-na", "peek-LF-3SG.GEN", "窺視-處焦-3SG.屬格"], ["ya", "NOM", "主格"], ["tangan-na", "hole-3SG.GEN", "洞-3SG.屬格"], ["mai", "NEG", "否定"], ["..", "", ""], ["ya", "NOM", "主格"], ["biat", "frog", "青蛙"], ["a", "LNK", "連詞"], ["yau.\\", "that", "那個"]], "free": ["#e This child perhaps thinks, “My frog is probably here,” (so) he peeks into the hole, but the frog is not there.", "#c 這個小孩可能想說，我的青蛙可能在這裡，(所以)它往洞裡瞧，(可是)青蛙不在那裡。"], "s_end": true, "iu_a_span": [343.27, 347.74], "meta": {"topic": "Frog story", "type": "Narrative", "language": "噶瑪蘭語, Kavalan, Xinshe (新社)", "speaker": "潘天利, Abas, male, 1933-03-22", "collected": "2005-01-01", "revised": "2014-2-19", "video": "KavNr-frog_abas.mp3"}, "s_a_span": [337.36, 347.74], "file": "Kavalan_Xinshe/KavNr-frog_abas", "num": 68}], [69, {"ori": [], "gloss": [["…(1.3)", "", ""], ["tu,_", "DM", "DM"]], "free": [], "s_end": false, "iu_a_span": [347.74, 349.57], "meta": {"topic": "Frog story", "type": "Narrative", "language": "噶瑪蘭語, Kavalan, Xinshe (新社)", "speaker": "潘天利, Abas, male, 1933-03-22", "collected": "2005-01-01", "revised": "2014-2-19", "video": "KavNr-frog_abas.mp3"}, "file": "Kavalan_Xinshe/KavNr-frog_abas", "num": 69}], [70, {"ori": [], "gloss": [["…(1.9)", "", ""], ["syazi=ti", "come.to=PFV", "來到=完成"], ["tazian", "here", "這裡"], ["nani,_", "DM", "DM"]], "free": [], "s_end": false, "iu_a_span": [349.57, 352.93], "meta": {"topic": "Frog story", "type": "Narrative", "language": "噶瑪蘭語, Kavalan, Xinshe (新社)", "speaker": "潘天利, Abas, male, 1933-03-22", "collected": "2005-01-01", "revised": "2014-2-19", "video": "KavNr-frog_abas.mp3"}, "file": "Kavalan_Xinshe/KavNr-frog_abas", "num": 70}], [71, {"ori": [], "gloss": [["…(1.9)", "", ""], ["au", "INT", "感嘆"], ["zaqis=pa=ita", "climb=FUT=1IPL.NOM", "爬=未來=1IPL.主格"], ["tu", "OBL", "斜格"], ["paRin,_", "tree", "樹"]], "free": [], "s_end": false, "iu_a_span": [352.93, 357.06], "meta": {"topic": "Frog story", "type": "Narrative", "language": "噶瑪蘭語, Kavalan, Xinshe (新社)", "speaker": "潘天利, Abas, male, 1933-03-22", "collected": "2005-01-01", "revised": "2014-2-19", "video": "KavNr-frog_abas.mp3"}, "file": "Kavalan_Xinshe/KavNr-frog_abas", "num": 71}], [72, {"ori": [], "gloss": [["…(0.9)", "", ""], ["zin-na", "say-3SG.GEN", "說-3SG.屬格"], ["sayza", "perhaps", "或許"], ["na", "GEN", "屬格"], ["sunis", "child", "小孩"], ["a", "LNK", "連詞"], ["yau", "that", "那個"], ["nani.\\", "DM", "DM"]], "free": ["#e And when it comes here, perhaps the child says, “We’re going to climb up to the tree.”", "#c 到了這邊，小孩可能說，我們要爬樹。"], "s_end": true, "iu_a_span": [357.06, 359.96], "meta": {"topic": "Frog story", "type": "Narrative", "language": "噶瑪蘭語, Kavalan, Xinshe (新社)", "speaker": "潘天利, Abas, male, 1933-03-22", "collected": "2005-01-01", "revised": "2014-2-19", "video": "KavNr-frog_abas.mp3"}, "s_a_span": [347.74, 359.96], "file": "Kavalan_Xinshe/KavNr-frog_abas", "num": 72}], [73, {"ori": [], "gloss": [["…(0.7)", "", ""], ["pameng=ti", "suddenly=PFV", "突然=完成"], ["m-zukat", "AF-exit", "主焦-出"], ["ya", "NOM", "主格"], ["ku", "owl", "貓頭鷹"], ["a", "LNK", "連詞"], ["zau.\\", "this", "這個"]], "free": ["#e Suddenly (out of the hole) comes an owl.", "#c 突然，貓頭鷹出來了。"], "s_end": true, "iu_a_span": [359.96, 363.06], "meta": {"topic": "Frog story", "type": "Narrative", "language": "噶瑪蘭語, Kavalan, Xinshe (新社)", "speaker": "潘天利, Abas, male, 1933-03-22", "collected": "2005-01-01", "revised": "2014-2-19", "video": "KavNr-frog_abas.mp3"}, "s_a_span": [359.96, 363.06], "file": "Kavalan_Xinshe/KavNr-frog_abas", "num": 73}], [74, {"ori": [], "gloss": [["…(0.7)", "", ""], ["tu", "DM", "DM"], ["maytis=ti", "AF.afraid=PFV", "主焦.害怕=完成"], ["ya", "NOM", "主格"], ["..", "", ""], ["sunis", "child", "小孩"], ["a", "LNK", "連詞"], ["zau", "this", "這個"], ["tu==,_", "OBL", "斜格"]], "free": [], "s_end": false, "iu_a_span": [363.06, 367.2], "meta": {"topic": "Frog story", "type": "Narrative", "language": "噶瑪蘭語, Kavalan, Xinshe (新社)", "speaker": "潘天利, Abas, male, 1933-03-22", "collected": "2005-01-01", "revised": "2014-2-19", "video": "KavNr-frog_abas.mp3"}, "file": "Kavalan_Xinshe/KavNr-frog_abas", "num": 74}], [75, {"ori": [], "gloss": [["..", "", ""], ["ku", "owl", "貓頭鷹"], ["a", "LNK", "連詞"], ["zau", "this", "這個"], ["sayza", "perhaps", "或許"], ["tu,_", "DM", "DM"]], "free": [], "s_end": false, "iu_a_span": [367.2, 368.57], "meta": {"topic": "Frog story", "type": "Narrative", "language": "噶瑪蘭語, Kavalan, Xinshe (新社)", "speaker": "潘天利, Abas, male, 1933-03-22", "collected": "2005-01-01", "revised": "2014-2-19", "video": "KavNr-frog_abas.mp3"}, "file": "Kavalan_Xinshe/KavNr-frog_abas", "num": 75}], [76, {"ori": [], "gloss": [["..", "", ""], ["t<m>ibuq=ti", "<AF>fall=PFV", "<主焦>掉=完成"], ["sunis", "child", "小孩"], ["a", "LNK", "連詞"], ["zau.\\", "this", "這個"]], "free": ["#e And perhaps because the child is afraid of this owl, he falls down (off the tree).", "#c 小孩可能怕這個貓頭鷹，就掉下去了。"], "s_end": true, "iu_a_span": [368.57, 371.09], "meta": {"topic": "Frog story", "type": "Narrative", "language": "噶瑪蘭語, Kavalan, Xinshe (新社)", "speaker": "潘天利, Abas, male, 1933-03-22", "collected": "2005-01-01", "revised": "2014-2-19", "video": "KavNr-frog_abas.mp3"}, "s_a_span": [363.06, 371.09], "file": "Kavalan_Xinshe/KavNr-frog_abas", "num": 76}], [77, {"ori": [], "gloss": [["…(0.8)", "", ""], ["wasu", "dog", "狗"], ["a", "LNK", "連詞"], ["yau", "that", "那個"], ["qaya", "also", "也"], ["nani,_", "DM", "DM"]], "free": [], "s_end": false, "iu_a_span": [371.09, 373.5], "meta": {"topic": "Frog story", "type": "Narrative", "language": "噶瑪蘭語, Kavalan, Xinshe (新社)", "speaker": "潘天利, Abas, male, 1933-03-22", "collected": "2005-01-01", "revised": "2014-2-19", "video": "KavNr-frog_abas.mp3"}, "file": "Kavalan_Xinshe/KavNr-frog_abas", "num": 77}], [78, {"ori": [], "gloss": [["..", "", ""], ["wiya=ti", "leave=PFV", "離開=完成"], ["m-RaRiw,\\", "AF-run", "主焦-跑"]], "free": [], "s_end": false, "iu_a_span": [373.5, 375.23], "meta": {"topic": "Frog story", "type": "Narrative", "language": "噶瑪蘭語, Kavalan, Xinshe (新社)", "speaker": "潘天利, Abas, male, 1933-03-22", "collected": "2005-01-01", "revised": "2014-2-19", "video": "KavNr-frog_abas.mp3"}, "file": "Kavalan_Xinshe/KavNr-frog_abas", "num": 78}], [79, {"ori": [], "gloss": [["…(0.8)", "", ""], ["tu", "DM", "DM"], ["tanuz-an", "chase-LF", "追-處焦"], ["na", "GEN", "屬格"], ["tuliq", "wasp", "蜂"], ["ya", "NOM", "主格"], ["wasu", "dog", "狗"], ["a", "LNK", "連詞"], ["zau.\\", "this", "這個"]], "free": ["#e The dog also runs away, for it’s being chased by the wasps.", "#c 狗也跑走了，(因為)它被蜜蜂追。"], "s_end": true, "iu_a_span": [375.23, 379.11], "meta": {"topic": "Frog story", "type": "Narrative", "language": "噶瑪蘭語, Kavalan, Xinshe (新社)", "speaker": "潘天利, Abas, male, 1933-03-22", "collected": "2005-01-01", "revised": "2014-2-19", "video": "KavNr-frog_abas.mp3"}, "s_a_span": [371.09, 379.11], "file": "Kavalan_Xinshe/KavNr-frog_abas", "num": 79}], [80, {"ori": [], "gloss": [["…(8.0)", "", ""], ["syazi", "com.to", "來到"], ["tazian", "here", "這裡"], ["qaya", "also", "也"], ["na,_", "FIL", "FIL"]], "free": [], "s_end": false, "iu_a_span": [379.11, 388.7], "meta": {"topic": "Frog story", "type": "Narrative", "language": "噶瑪蘭語, Kavalan, Xinshe (新社)", "speaker": "潘天利, Abas, male, 1933-03-22", "collected": "2005-01-01", "revised": "2014-2-19", "video": "KavNr-frog_abas.mp3"}, "file": "Kavalan_Xinshe/KavNr-frog_abas", "num": 80}], [81, {"ori": [], "gloss": [["…(0.9)", "", ""], ["zaqis=pa=iku", "climb=FUT=1SG.NOM", "爬=未來=1SG.主格"], ["tu==,_", "OBL", "斜格"], ["(CLEARING", "", ""], ["THROAT)", "", ""]], "free": [], "s_end": false, "iu_a_span": [388.7, 392.3], "meta": {"topic": "Frog story", "type": "Narrative", "language": "噶瑪蘭語, Kavalan, Xinshe (新社)", "speaker": "潘天利, Abas, male, 1933-03-22", "collected": "2005-01-01", "revised": "2014-2-19", "video": "KavNr-frog_abas.mp3"}, "file": "Kavalan_Xinshe/KavNr-frog_abas", "num": 81}], [82, {"ori": [], "gloss": [["..", "", ""], ["zaqis=pa=iku", "climb=FUT=1SG.NOM", "爬=未來=1SG.主格"], ["ta-bu-bungaR-an,_", "LOC-RED-rock-LOC", "處格-重疊-石頭-處格"]], "free": [], "s_end": false, "iu_a_span": [392.3, 394.71], "meta": {"topic": "Frog story", "type": "Narrative", "language": "噶瑪蘭語, Kavalan, Xinshe (新社)", "speaker": "潘天利, Abas, male, 1933-03-22", "collected": "2005-01-01", "revised": "2014-2-19", "video": "KavNr-frog_abas.mp3"}, "file": "Kavalan_Xinshe/KavNr-frog_abas", "num": 82}], [83, {"ori": [], "gloss": [["…", "", ""], ["zin", "think", "想"], ["na", "GEN", "屬格"], ["sunis", "child", "小孩"], ["a", "LNK", "連詞"], ["zau", "this", "這個"], ["sayza", "perhaps", "或許"], ["nani.\\", "DM", "DM"]], "free": ["#e At this point (when it comes here) again, perhaps this child thinks, “I’m going to climb eh…, I’m going to climb up to the rock.”", "#c 到了這邊，小孩可能想說，我要爬樹。"], "s_end": true, "iu_a_span": [394.71, 396.92], "meta": {"topic": "Frog story", "type": "Narrative", "language": "噶瑪蘭語, Kavalan, Xinshe (新社)", "speaker": "潘天利, Abas, male, 1933-03-22", "collected": "2005-01-01", "revised": "2014-2-19", "video": "KavNr-frog_abas.mp3"}, "s_a_span": [379.11, 396.92], "file": "Kavalan_Xinshe/KavNr-frog_abas", "num": 83}], [84, {"ori": [], "gloss": [["<HIGH.PITCHtayta-an-na", "see-LF-3SG.GEN", "看-處焦-3SG.屬格"], ["naniHIGH.PITCH>", "DM", "DM"], ["yau", "EXIST", "存在"], ["tuliq", "wasp", "蜂"], ["‘a", "INT", "感嘆"], ["ku", "owl", "貓頭鷹"], ["a", "LNK", "連詞"], ["yau", "that", "那個"], ["t<m>anuz", "<AF>chase", "<主焦>追"], ["tu", "OBL", "斜格"], ["sunis", "child", "小孩"], ["a", "LNK", "連詞"], ["yau", "that", "那個"], ["..", "", ""], ["nani.\\", "DM", "DM"]], "free": ["#e When the child looks (up), (he finds) the wasps, uh, the owl chasing him.", "#c 小孩看到，有蜜蜂…貓頭鷹在追那個小孩。"], "s_end": true, "iu_a_span": [396.92, 404.41], "meta": {"topic": "Frog story", "type": "Narrative", "language": "噶瑪蘭語, Kavalan, Xinshe (新社)", "speaker": "潘天利, Abas, male, 1933-03-22", "collected": "2005-01-01", "revised": "2014-2-19", "video": "KavNr-frog_abas.mp3"}, "s_a_span": [396.92, 404.41], "file": "Kavalan_Xinshe/KavNr-frog_abas", "num": 84}], [85, {"ori": [], "gloss": [["wiya=ti", "leave=PFV", "離開=完成"], ["m-RaRiw", "AF-run", "主焦-跑"], ["sunis", "child", "小孩"], ["a", "LNK", "連詞"], ["zau", "this", "這個"], ["nani.\\", "DM", "DM"]], "free": ["#e And this child runs away.", "#c 這個小孩跑走。"], "s_end": true, "iu_a_span": [404.41, 406.56], "meta": {"topic": "Frog story", "type": "Narrative", "language": "噶瑪蘭語, Kavalan, Xinshe (新社)", "speaker": "潘天利, Abas, male, 1933-03-22", "collected": "2005-01-01", "revised": "2014-2-19", "video": "KavNr-frog_abas.mp3"}, "s_a_span": [404.41, 406.56], "file": "Kavalan_Xinshe/KavNr-frog_abas", "num": 85}], [86, {"ori": [], "gloss": [["..", "", ""], ["syazi==", "come.to", "來到"], ["tazian", "here", "這裡"], ["ta-usiq-an", "LOC--one-LOC", "處格-一-處格"], ["na", "GEN", "屬格"], ["buRang", "rock", "石頭"], ["nani,\\", "DM", "DM"]], "free": [], "s_end": false, "iu_a_span": [406.56, 409.5], "meta": {"topic": "Frog story", "type": "Narrative", "language": "噶瑪蘭語, Kavalan, Xinshe (新社)", "speaker": "潘天利, Abas, male, 1933-03-22", "collected": "2005-01-01", "revised": "2014-2-19", "video": "KavNr-frog_abas.mp3"}, "file": "Kavalan_Xinshe/KavNr-frog_abas", "num": 86}], [87, {"ori": [], "gloss": [["..", "", ""], ["m-zaqis=ti", "AF-climb=PFV", "主焦-爬=完成"], ["..", "", ""], ["q<n>aytis-an", "<PFV>afraid-NMZ", "<完成>害怕-名物化"], ["tu", "OBL", "斜格"], ["ku", "owl", "貓頭鷹"], ["a", "LNK", "連詞"], ["yau.\\", "that", "那個"]], "free": ["#e When he comes to a rock, he climbs up to it for fear of the owl.", "#c 到了一個石頭，(小孩)爬上去，(因為)怕貓頭鷹。"], "s_end": true, "iu_a_span": [409.5, 413.96], "meta": {"topic": "Frog story", "type": "Narrative", "language": "噶瑪蘭語, Kavalan, Xinshe (新社)", "speaker": "潘天利, Abas, male, 1933-03-22", "collected": "2005-01-01", "revised": "2014-2-19", "video": "KavNr-frog_abas.mp3"}, "s_a_span": [406.56, 413.96], "file": "Kavalan_Xinshe/KavNr-frog_abas", "num": 87}], [88, {"ori": [], "gloss": [["…(1.0)", "", ""], ["pameng=ti", "suddenly=PFV", "突然=完成"], ["yau", "EXIST", "存在"], ["m-zukat", "AF-exit", "主焦-出"], ["a", "NOM", "主格"], ["siRmuq", "deer", "鹿"], ["a", "LNK", "連詞"], ["zau,\\", "this", "這個"]], "free": [], "s_end": false, "iu_a_span": [413.96, 418.04], "meta": {"topic": "Frog story", "type": "Narrative", "language": "噶瑪蘭語, Kavalan, Xinshe (新社)", "speaker": "潘天利, Abas, male, 1933-03-22", "collected": "2005-01-01", "revised": "2014-2-19", "video": "KavNr-frog_abas.mp3"}, "file": "Kavalan_Xinshe/KavNr-frog_abas", "num": 88}], [89, {"ori": [], "gloss": [["…(0.9)", "", ""], ["tu", "DM", "DM"], ["..", "", ""], ["azu=ti", "like=PFV", "像=完成"], ["uzung-an-na.\\", "shoulder-LF-3SG.GEN", "扛-處焦-3SG.屬格"]], "free": ["#e All of a sudden, (out from behind the rock) comes a deer, and it is like, (the deer) carries (the child) on its back.", "#c 突然,鹿出來了，好像扛在背上。"], "s_end": true, "iu_a_span": [418.04, 422.33], "meta": {"topic": "Frog story", "type": "Narrative", "language": "噶瑪蘭語, Kavalan, Xinshe (新社)", "speaker": "潘天利, Abas, male, 1933-03-22", "collected": "2005-01-01", "revised": "2014-2-19", "video": "KavNr-frog_abas.mp3"}, "s_a_span": [413.96, 422.33], "file": "Kavalan_Xinshe/KavNr-frog_abas", "num": 89}], [90, {"ori": [], "gloss": [["…(5.0)", "", ""], ["yau", "EXIST", "存在"], ["tayan", "there", "那裡"], ["ta==", "LOC", "處格"], ["babaw", "top", "上面"], ["na", "GEN", "屬格"], ["buRang", "rock", "石頭"], ["a==", "NOM", "主格"], ["sunis", "child", "小孩"], ["a", "LNK", "連詞"], ["zau", "this", "這個"], ["nani.\\", "DM", "DM"]], "free": ["#e The child is there on the top of the rock.", "#c 這個小孩在石頭上面。"], "s_end": true, "iu_a_span": [422.33, 432.8], "meta": {"topic": "Frog story", "type": "Narrative", "language": "噶瑪蘭語, Kavalan, Xinshe (新社)", "speaker": "潘天利, Abas, male, 1933-03-22", "collected": "2005-01-01", "revised": "2014-2-19", "video": "KavNr-frog_abas.mp3"}, "s_a_span": [422.33, 432.8], "file": "Kavalan_Xinshe/KavNr-frog_abas", "num": 90}], [91, {"ori": [], "gloss": [["…(0.7)", "", ""], ["pameng=ti", "suddenly=PFV", "突然=完成"], ["yau", "EXIST", "存在"], ["ta-uRu-an-na", "LOC-head-LOC-3SG.GEN", "處格-頭-處格-3SG.屬格"], ["na", "GEN", "屬格"], ["siRmuq", "deer", "鹿"], ["..", "", ""], ["m-zaqis", "AF-climb", "主焦-爬"], ["a", "NOM", "主格"], ["sunis", "child", "小孩"], ["a", "LNK", "連詞"], ["zau.\\", "this", "那個"]], "free": ["#e All of a sudden, onto the head of the deer climbs this child.", "#c 突然，小孩爬到鹿的頭上。"], "s_end": true, "iu_a_span": [432.8, 438.12], "meta": {"topic": "Frog story", "type": "Narrative", "language": "噶瑪蘭語, Kavalan, Xinshe (新社)", "speaker": "潘天利, Abas, male, 1933-03-22", "collected": "2005-01-01", "revised": "2014-2-19", "video": "KavNr-frog_abas.mp3"}, "s_a_span": [432.8, 438.12], "file": "Kavalan_Xinshe/KavNr-frog_abas", "num": 91}], [92, {"ori": [], "gloss": [["…(0.8)", "", ""], ["tu", "DM", "DM"], ["wiya=ti", "leave=PFV", "離開=完成"], ["m-RaRiw", "AF-run", "主焦-跑"], ["a", "NOM", "主格"], ["..", "", ""], ["siRmuq", "deer", "鹿"], ["a", "LNK", "連詞"], ["yau", "that", "那個"], ["nani,\\", "DM", "DM"]], "free": [], "s_end": false, "iu_a_span": [438.12, 442.89], "meta": {"topic": "Frog story", "type": "Narrative", "language": "噶瑪蘭語, Kavalan, Xinshe (新社)", "speaker": "潘天利, Abas, male, 1933-03-22", "collected": "2005-01-01", "revised": "2014-2-19", "video": "KavNr-frog_abas.mp3"}, "file": "Kavalan_Xinshe/KavNr-frog_abas", "num": 92}], [93, {"ori": [], "gloss": [["..", "", ""], ["yau=ti", "EXIST=PFV", "存在=完成"], ["ta-uRu-an", "LOC-head-LOC", "處格-頭-處格"], ["na", "GEN", "屬格"], ["siRmuq", "deer", "鹿"], ["a", "NOM", "主格"], ["sunis", "child", "小孩"], ["a", "LNK", "連詞"], ["zau", "this", "這個"], ["uzung-an", "shoulder-LF", "扛-處焦"], ["na", "GEN", "屬格"], ["siRmuq.\\", "deer", "鹿"]], "free": ["#e And then the deer runs away, and the child is on the head of the deer, carried by the deer on its back.", "#c 鹿跑走了，小孩在鹿的頭上，被鹿扛在背上。"], "s_end": true, "iu_a_span": [442.89, 447.95], "meta": {"topic": "Frog story", "type": "Narrative", "language": "噶瑪蘭語, Kavalan, Xinshe (新社)", "speaker": "潘天利, Abas, male, 1933-03-22", "collected": "2005-01-01", "revised": "2014-2-19", "video": "KavNr-frog_abas.mp3"}, "s_a_span": [438.12, 447.95], "file": "Kavalan_Xinshe/KavNr-frog_abas", "num": 93}], [94, {"ori": [], "gloss": [["…(8.2)", "", ""], ["syazi", "come.to", "來到"], ["tazian", "here", "這裡"], ["nani,\\", "DM", "DM"]], "free": [], "s_end": false, "iu_a_span": [447.95, 457.69], "meta": {"topic": "Frog story", "type": "Narrative", "language": "噶瑪蘭語, Kavalan, Xinshe (新社)", "speaker": "潘天利, Abas, male, 1933-03-22", "collected": "2005-01-01", "revised": "2014-2-19", "video": "KavNr-frog_abas.mp3"}, "file": "Kavalan_Xinshe/KavNr-frog_abas", "num": 94}], [95, {"ori": [], "gloss": [["…", "", ""], ["mau", "??", "??"], ["nizi", "from", "從"], ["ta-uRu-an", "LOC-head-LOC", "處格-頭-處格"], ["na", "GEN", "屬格"], ["siRmuq", "deer", "鹿"], ["a", "LNK", "連詞"], ["..", "", ""], ["sunis", "child", "小孩"], ["a", "LNK", "連詞"], ["zau", "this", "這個"], ["nani,_", "DM", "DM"]], "free": ["#n 我原本住在PakteRungan，後來已經搬到台北了。", "#n mau nizi=iku ta pakteRungan tu matalin=iku pasa taypaq ‘I previously lived in PakteRungan, and then I moved to Taipei.’", "#n 我原本住在PakteRungan，後來已經搬到台北了。", "#n mau nizi=iku ta pakteRungan tu matalin=iku pasa taypaq ‘I previously lived in PakteRungan, and then I moved to Taipei.’"], "s_end": false, "iu_a_span": [457.69, 462.26], "meta": {"topic": "Frog story", "type": "Narrative", "language": "噶瑪蘭語, Kavalan, Xinshe (新社)", "speaker": "潘天利, Abas, male, 1933-03-22", "collected": "2005-01-01", "revised": "2014-2-19", "video": "KavNr-frog_abas.mp3"}, "file": "Kavalan_Xinshe/KavNr-frog_abas", "num": 95}], [96, {"ori": [], "gloss": [["..", "", ""], ["mangu==", "turn.out", "結果"], ["t<m>ibuq=ti.\\", "<AF>fall=PFV", "<主焦>掉=完成"]], "free": ["#e At this point (when it comes here), the child previously on the head of the deer turns out to fall down.", "#c 到了這邊，小孩原本在鹿的頭上，結果掉下來了。"], "s_end": true, "iu_a_span": [462.26, 464.4], "meta": {"topic": "Frog story", "type": "Narrative", "language": "噶瑪蘭語, Kavalan, Xinshe (新社)", "speaker": "潘天利, Abas, male, 1933-03-22", "collected": "2005-01-01", "revised": "2014-2-19", "video": "KavNr-frog_abas.mp3"}, "s_a_span": [447.95, 464.4], "file": "Kavalan_Xinshe/KavNr-frog_abas", "num": 96}], [97, {"ori": [], "gloss": [["…(1.0)", "", ""], ["yau", "EXIST", "存在"], ["t<m>ibuq=ti", "<AF>fall=PFV", "<主焦>掉=完成"], ["ya", "NOM", "主格"], ["sunis", "child", "小孩"], ["a", "LNK", "連詞"], ["zau,\\", "this", "這個"]], "free": [], "s_end": false, "iu_a_span": [464.4, 467.47], "meta": {"topic": "Frog story", "type": "Narrative", "language": "噶瑪蘭語, Kavalan, Xinshe (新社)", "speaker": "潘天利, Abas, male, 1933-03-22", "collected": "2005-01-01", "revised": "2014-2-19", "video": "KavNr-frog_abas.mp3"}, "file": "Kavalan_Xinshe/KavNr-frog_abas", "num": 97}], [98, {"ori": [], "gloss": [["..", "", ""], ["zin-na", "think-3SG.GEN", "想-3SG.屬格"], ["sayza", "perhaps", "或許"], ["na", "GEN", "屬格"], ["siRmuq", "deer", "鹿"], ["a", "LNK", "連詞"], ["zau", "this", "這個"], ["nani.\\", "DM", "DM"]], "free": ["#e Perhaps the deer thinks, “The child is falling down.”", "#c 鹿可能想說，小孩掉下去了。"], "s_end": true, "iu_a_span": [467.47, 470.0], "meta": {"topic": "Frog story", "type": "Narrative", "language": "噶瑪蘭語, Kavalan, Xinshe (新社)", "speaker": "潘天利, Abas, male, 1933-03-22", "collected": "2005-01-01", "revised": "2014-2-19", "video": "KavNr-frog_abas.mp3"}, "s_a_span": [464.4, 470.0], "file": "Kavalan_Xinshe/KavNr-frog_abas", "num": 98}], [99, {"ori": [], "gloss": [["..", "", ""], ["yau", "EXIST", "存在"], ["a", "NOM", "主格"], ["wasu-na", "dog-3SG.GEN", "狗-3SG.屬格"], ["qaya", "also", "也"], ["‘u,\\", "INT", "感嘆"]], "free": [], "s_end": false, "iu_a_span": [470.0, 472.43], "meta": {"topic": "Frog story", "type": "Narrative", "language": "噶瑪蘭語, Kavalan, Xinshe (新社)", "speaker": "潘天利, Abas, male, 1933-03-22", "collected": "2005-01-01", "revised": "2014-2-19", "video": "KavNr-frog_abas.mp3"}, "file": "Kavalan_Xinshe/KavNr-frog_abas", "num": 99}]], "meta": {"topic": "Frog story", "type": "Narrative", "language": "噶瑪蘭語, Kavalan, Xinshe (新社)", "speaker": "潘天利, Abas, male, 1933-03-22", "collected": "2005-01-01", "revised": "2014-2-19", "video": "KavNr-frog_abas.mp3"}}