{"glosses": [[1, {"ori": [], "gloss": [["yau", "EXIST", "存在"], ["stangi", "just.now", "剛才"], ["ya==,\\", "NOM", "主格"]], "free": [], "s_end": false, "iu_a_span": [14.88, null], "meta": {"topic": "Pear story", "type": "Narrative", "language": "噶瑪蘭語, Kavalan, Xinshe (新社)", "speaker": "朱阿比, Api, male, 1927-09-15", "collected": "00:02:49", "revised": "2013-1-17", "video": "KavNr-pear_api.mp3"}, "file": "Kavalan_Xinshe/KavNr-pear_api", "num": 1}], [2, {"ori": [], "gloss": [["..", "", ""], ["yau", "EXIST", "存在"], ["u,_", "PART", "語助詞"]], "free": [], "s_end": false, "iu_a_span": [null, 17.13], "meta": {"topic": "Pear story", "type": "Narrative", "language": "噶瑪蘭語, Kavalan, Xinshe (新社)", "speaker": "朱阿比, Api, male, 1927-09-15", "collected": "00:02:49", "revised": "2013-1-17", "video": "KavNr-pear_api.mp3"}, "file": "Kavalan_Xinshe/KavNr-pear_api", "num": 2}], [3, {"ori": [], "gloss": [["...(1.6)", "", ""], ["ya==,\\", "NOM", "主格"]], "free": [], "s_end": false, "iu_a_span": [17.13, 19.27], "meta": {"topic": "Pear story", "type": "Narrative", "language": "噶瑪蘭語, Kavalan, Xinshe (新社)", "speaker": "朱阿比, Api, male, 1927-09-15", "collected": "00:02:49", "revised": "2013-1-17", "video": "KavNr-pear_api.mp3"}, "file": "Kavalan_Xinshe/KavNr-pear_api", "num": 3}], [4, {"ori": [], "gloss": [["..", "", ""], ["lazat", "person", "人"], ["a", "LNK", "連詞"], ["yau,_", "that", "那個"]], "free": ["#e There is a person.", "#c 剛才有人。"], "s_end": true, "iu_a_span": [19.27, 20.39], "meta": {"topic": "Pear story", "type": "Narrative", "language": "噶瑪蘭語, Kavalan, Xinshe (新社)", "speaker": "朱阿比, Api, male, 1927-09-15", "collected": "00:02:49", "revised": "2013-1-17", "video": "KavNr-pear_api.mp3"}, "s_a_span": [14.88, 20.39], "file": "Kavalan_Xinshe/KavNr-pear_api", "num": 4}], [5, {"ori": [], "gloss": [["...(1.0)", "", ""], ["matiw", "AF.go", "主焦.去"], ["m-kyala,\\", "AF-pick.up", "主焦-撿"]], "free": [], "s_end": false, "iu_a_span": [20.39, 22.21], "meta": {"topic": "Pear story", "type": "Narrative", "language": "噶瑪蘭語, Kavalan, Xinshe (新社)", "speaker": "朱阿比, Api, male, 1927-09-15", "collected": "00:02:49", "revised": "2013-1-17", "video": "KavNr-pear_api.mp3"}, "file": "Kavalan_Xinshe/KavNr-pear_api", "num": 5}], [6, {"ori": [], "gloss": [["..", "", ""], ["matiw", "AF.go", "主焦.去"], ["ta==,\\", "LOC", "處格"]], "free": [], "s_end": false, "iu_a_span": [22.21, 23.33], "meta": {"topic": "Pear story", "type": "Narrative", "language": "噶瑪蘭語, Kavalan, Xinshe (新社)", "speaker": "朱阿比, Api, male, 1927-09-15", "collected": "00:02:49", "revised": "2013-1-17", "video": "KavNr-pear_api.mp3"}, "file": "Kavalan_Xinshe/KavNr-pear_api", "num": 6}], [7, {"ori": [], "gloss": [["...", "", ""], ["ni-paduma-an-na", "PFV-plant-NMZ-3SG.GEN", "完成-種-名物化-3SG.屬格"], ["tu==,\\", "OBL", "斜格"]], "free": [], "s_end": false, "iu_a_span": [23.33, 25.83], "meta": {"topic": "Pear story", "type": "Narrative", "language": "噶瑪蘭語, Kavalan, Xinshe (新社)", "speaker": "朱阿比, Api, male, 1927-09-15", "collected": "00:02:49", "revised": "2013-1-17", "video": "KavNr-pear_api.mp3"}, "file": "Kavalan_Xinshe/KavNr-pear_api", "num": 7}], [8, {"ori": [], "gloss": [["..", "", ""], ["byabas.\\", "guava", "芭樂"]], "free": ["#e (He) went to pluck…went to where he planted guavas.", "#c (他)去摘…去種芭樂的地方。"], "s_end": true, "iu_a_span": [25.83, 26.62], "meta": {"topic": "Pear story", "type": "Narrative", "language": "噶瑪蘭語, Kavalan, Xinshe (新社)", "speaker": "朱阿比, Api, male, 1927-09-15", "collected": "00:02:49", "revised": "2013-1-17", "video": "KavNr-pear_api.mp3"}, "s_a_span": [20.39, 26.62], "file": "Kavalan_Xinshe/KavNr-pear_api", "num": 8}], [9, {"ori": [], "gloss": [["...(1.0)", "", ""], ["m-kyala,\\", "AF-pick.up", "主焦-撿"]], "free": [], "s_end": false, "iu_a_span": [26.62, 27.97], "meta": {"topic": "Pear story", "type": "Narrative", "language": "噶瑪蘭語, Kavalan, Xinshe (新社)", "speaker": "朱阿比, Api, male, 1927-09-15", "collected": "00:02:49", "revised": "2013-1-17", "video": "KavNr-pear_api.mp3"}, "file": "Kavalan_Xinshe/KavNr-pear_api", "num": 9}], [10, {"ori": [], "gloss": [["..", "", ""], ["tu", "OBL", "斜格"], ["byabas,\\", "guava", "芭樂"]], "free": [], "s_end": false, "iu_a_span": [27.97, 28.63], "meta": {"topic": "Pear story", "type": "Narrative", "language": "噶瑪蘭語, Kavalan, Xinshe (新社)", "speaker": "朱阿比, Api, male, 1927-09-15", "collected": "00:02:49", "revised": "2013-1-17", "video": "KavNr-pear_api.mp3"}, "file": "Kavalan_Xinshe/KavNr-pear_api", "num": 10}], [11, {"ori": [], "gloss": [["..", "", ""], ["baqi-an", "male.elder-AN", "男性老人-AN"], ["aizipna,\\", "3SG.NOM", "3SG.主格"]], "free": ["#e The elder, he plucked guavas.", "#c 那個老人,他摘芭樂。"], "s_end": true, "iu_a_span": [28.63, 29.55], "meta": {"topic": "Pear story", "type": "Narrative", "language": "噶瑪蘭語, Kavalan, Xinshe (新社)", "speaker": "朱阿比, Api, male, 1927-09-15", "collected": "00:02:49", "revised": "2013-1-17", "video": "KavNr-pear_api.mp3"}, "s_a_span": [26.62, 29.55], "file": "Kavalan_Xinshe/KavNr-pear_api", "num": 11}], [12, {"ori": [], "gloss": [["..", "", ""], ["yau", "EXIST", "存在"], ["tangi,\\", "awhile", "等一下"]], "free": [], "s_end": false, "iu_a_span": [29.55, 30.24], "meta": {"topic": "Pear story", "type": "Narrative", "language": "噶瑪蘭語, Kavalan, Xinshe (新社)", "speaker": "朱阿比, Api, male, 1927-09-15", "collected": "00:02:49", "revised": "2013-1-17", "video": "KavNr-pear_api.mp3"}, "file": "Kavalan_Xinshe/KavNr-pear_api", "num": 12}], [13, {"ori": [], "gloss": [["..", "", ""], ["yau=ti", "EXIST=PFV", "存在=完成"], ["ya", "NOM", "主格"], ["sunis-na,\\", "child-3SG.GEN", "小孩-3SG.屬格"]], "free": ["#e Later, there was his child.", "#c 等一下他的小孩子有來。"], "s_end": true, "iu_a_span": [30.24, 31.48], "meta": {"topic": "Pear story", "type": "Narrative", "language": "噶瑪蘭語, Kavalan, Xinshe (新社)", "speaker": "朱阿比, Api, male, 1927-09-15", "collected": "00:02:49", "revised": "2013-1-17", "video": "KavNr-pear_api.mp3"}, "s_a_span": [29.55, 31.48], "file": "Kavalan_Xinshe/KavNr-pear_api", "num": 13}], [14, {"ori": [], "gloss": [["...(1.0)", "", ""], ["yau=ti", "EXIST=PFV", "存在=完成"], ["ya", "NOM", "主格"], ["sunis-na", "child-3SG.GEN", "小孩-3SG.屬格"], ["nani.\\", "DM", "DM"]], "free": ["#e There was his child.", "#c 他的小孩有來。"], "s_end": true, "iu_a_span": [31.48, 33.87], "meta": {"topic": "Pear story", "type": "Narrative", "language": "噶瑪蘭語, Kavalan, Xinshe (新社)", "speaker": "朱阿比, Api, male, 1927-09-15", "collected": "00:02:49", "revised": "2013-1-17", "video": "KavNr-pear_api.mp3"}, "s_a_span": [31.48, 33.87], "file": "Kavalan_Xinshe/KavNr-pear_api", "num": 14}], [15, {"ori": [], "gloss": [["...(0.7)", "", ""], ["ya==u=ti", "EXIST=PFV", "存在=完成"], ["pangmu-an-na", "help-LF-3SG.GEN", "幫忙-處焦-3SG.屬格"], ["sunis-na,\\", "child-3SG.GEN", "小孩-3SG.屬格"]], "free": [], "s_end": false, "iu_a_span": [33.87, 36.5], "meta": {"topic": "Pear story", "type": "Narrative", "language": "噶瑪蘭語, Kavalan, Xinshe (新社)", "speaker": "朱阿比, Api, male, 1927-09-15", "collected": "00:02:49", "revised": "2013-1-17", "video": "KavNr-pear_api.mp3"}, "file": "Kavalan_Xinshe/KavNr-pear_api", "num": 15}], [16, {"ori": [], "gloss": [["...(0.7)", "", ""], ["sepez", "put", "放"], ["ta-qeRawas-an,\\", "LOC-basket-LOC", "處格-籃子-處格"]], "free": [], "s_end": false, "iu_a_span": [36.5, 38.59], "meta": {"topic": "Pear story", "type": "Narrative", "language": "噶瑪蘭語, Kavalan, Xinshe (新社)", "speaker": "朱阿比, Api, male, 1927-09-15", "collected": "00:02:49", "revised": "2013-1-17", "video": "KavNr-pear_api.mp3"}, "file": "Kavalan_Xinshe/KavNr-pear_api", "num": 16}], [17, {"ori": [], "gloss": [["...", "", ""], ["tu", "OBL", "斜格"], ["byabas", "guava", "芭樂"], ["nani.\\", "DM", "DM"]], "free": ["#e His child helped put the guavas into the basket.", "#c 他的小孩子有幫忙把芭樂放到籃子裡。"], "s_end": true, "iu_a_span": [38.59, 40.34], "meta": {"topic": "Pear story", "type": "Narrative", "language": "噶瑪蘭語, Kavalan, Xinshe (新社)", "speaker": "朱阿比, Api, male, 1927-09-15", "collected": "00:02:49", "revised": "2013-1-17", "video": "KavNr-pear_api.mp3"}, "s_a_span": [33.87, 40.34], "file": "Kavalan_Xinshe/KavNr-pear_api", "num": 17}], [18, {"ori": [], "gloss": [["...(1.0)", "", ""], ["puniR=ti", "full=PFV", "滿=完成"], ["ya==,\\", "NOM", "主格"]], "free": [], "s_end": false, "iu_a_span": [40.34, 42.72], "meta": {"topic": "Pear story", "type": "Narrative", "language": "噶瑪蘭語, Kavalan, Xinshe (新社)", "speaker": "朱阿比, Api, male, 1927-09-15", "collected": "00:02:49", "revised": "2013-1-17", "video": "KavNr-pear_api.mp3"}, "file": "Kavalan_Xinshe/KavNr-pear_api", "num": 18}], [19, {"ori": [], "gloss": [["..", "", ""], ["qeRawas-na,\\", "basket-3SG.GEN", "籃子-3SG.屬格"]], "free": [], "s_end": false, "iu_a_span": [42.72, 43.48], "meta": {"topic": "Pear story", "type": "Narrative", "language": "噶瑪蘭語, Kavalan, Xinshe (新社)", "speaker": "朱阿比, Api, male, 1927-09-15", "collected": "00:02:49", "revised": "2013-1-17", "video": "KavNr-pear_api.mp3"}, "file": "Kavalan_Xinshe/KavNr-pear_api", "num": 19}], [20, {"ori": [], "gloss": [["..", "", ""], ["ya", "NOM", "主格"], ["qibi-na", "basket-3SG.GEN", "籃子-3SG.屬格"], ["nani.\\", "DM", "DM"]], "free": ["#e The basket was full.", "#c 籃子滿了。", "#n qanas: 有手提的籃子。", "#n qeRawas: 沒有手提的籃子。"], "s_end": true, "iu_a_span": [43.48, 44.79], "meta": {"topic": "Pear story", "type": "Narrative", "language": "噶瑪蘭語, Kavalan, Xinshe (新社)", "speaker": "朱阿比, Api, male, 1927-09-15", "collected": "00:02:49", "revised": "2013-1-17", "video": "KavNr-pear_api.mp3"}, "s_a_span": [40.34, 44.79], "file": "Kavalan_Xinshe/KavNr-pear_api", "num": 20}], [21, {"ori": [], "gloss": [["...", "", ""], ["qu", "good", "好"], ["puniR=ti", "full=PFV", "滿=完成"], ["ya", "NOM", "主格"], ["qeRawas-ta,\\", "basket-1IPL.GEN", "籃子-1IPL.屬格"]], "free": ["#e It’s good that our basket was full.", "#c 我們的籃子滿了很好。"], "s_end": true, "iu_a_span": [44.79, 47.01], "meta": {"topic": "Pear story", "type": "Narrative", "language": "噶瑪蘭語, Kavalan, Xinshe (新社)", "speaker": "朱阿比, Api, male, 1927-09-15", "collected": "00:02:49", "revised": "2013-1-17", "video": "KavNr-pear_api.mp3"}, "s_a_span": [44.79, 47.01], "file": "Kavalan_Xinshe/KavNr-pear_api", "num": 21}], [22, {"ori": [], "gloss": [["...", "", ""], ["yau", "EXIST", "存在"], ["si-tungaw-a-kita,\\", "??-send-NAF-1IPL.GEN", "??-送-非主焦-1IPL.屬格"]], "free": [], "s_end": false, "iu_a_span": [47.01, 48.9], "meta": {"topic": "Pear story", "type": "Narrative", "language": "噶瑪蘭語, Kavalan, Xinshe (新社)", "speaker": "朱阿比, Api, male, 1927-09-15", "collected": "00:02:49", "revised": "2013-1-17", "video": "KavNr-pear_api.mp3"}, "file": "Kavalan_Xinshe/KavNr-pear_api", "num": 22}], [23, {"ori": [], "gloss": [["...", "", ""], ["zin-na", "say-3PL.GEN", "說-3複數.屬格"], ["saiza,\\", "maybe", "可能"]], "free": ["#e ‘Let’s send (the guavas to somewhere),’ said they perhaps.", "#c 他們可能想說我們要把芭樂送去。"], "s_end": true, "iu_a_span": [48.9, 50.26], "meta": {"topic": "Pear story", "type": "Narrative", "language": "噶瑪蘭語, Kavalan, Xinshe (新社)", "speaker": "朱阿比, Api, male, 1927-09-15", "collected": "00:02:49", "revised": "2013-1-17", "video": "KavNr-pear_api.mp3"}, "s_a_span": [47.01, 50.26], "file": "Kavalan_Xinshe/KavNr-pear_api", "num": 23}], [24, {"ori": [], "gloss": [["...", "", ""], ["wani", "that’s", "那就是"], ["baqi-an", "male.elder-AN", "男性老人-AN"], ["a", "LNK", "連詞"], ["yau", "that", "那個"], ["nani,\\", "DM", "DM"]], "free": ["#e That’s the male elder.", "#c 就是那個老人。"], "s_end": true, "iu_a_span": [50.26, 52.32], "meta": {"topic": "Pear story", "type": "Narrative", "language": "噶瑪蘭語, Kavalan, Xinshe (新社)", "speaker": "朱阿比, Api, male, 1927-09-15", "collected": "00:02:49", "revised": "2013-1-17", "video": "KavNr-pear_api.mp3"}, "s_a_span": [50.26, 52.32], "file": "Kavalan_Xinshe/KavNr-pear_api", "num": 24}], [25, {"ori": [], "gloss": [["...(0.7)", "", ""], ["wiya=ti", "leave=PFV", "離開=完成"], ["m-zaqis,\\", "AF-ascend", "主焦-上去"]], "free": [], "s_end": false, "iu_a_span": [52.32, 54.13], "meta": {"topic": "Pear story", "type": "Narrative", "language": "噶瑪蘭語, Kavalan, Xinshe (新社)", "speaker": "朱阿比, Api, male, 1927-09-15", "collected": "00:02:49", "revised": "2013-1-17", "video": "KavNr-pear_api.mp3"}, "file": "Kavalan_Xinshe/KavNr-pear_api", "num": 25}], [26, {"ori": [], "gloss": [["..", "", ""], ["m-zaqis=pa=ita,\\", "AF-ascend=FUT=1IPL.NOM", "主焦-上去=未來=1IPL.主格"]], "free": [], "s_end": false, "iu_a_span": [54.13, 55.02], "meta": {"topic": "Pear story", "type": "Narrative", "language": "噶瑪蘭語, Kavalan, Xinshe (新社)", "speaker": "朱阿比, Api, male, 1927-09-15", "collected": "00:02:49", "revised": "2013-1-17", "video": "KavNr-pear_api.mp3"}, "file": "Kavalan_Xinshe/KavNr-pear_api", "num": 26}], [27, {"ori": [], "gloss": [["..", "", ""], ["ta-babaw", "LOC-top", "處格-上面"], ["si,_", "COND", "條件詞"]], "free": ["#e We’re going to climb to the top.", "#c 我們要到上面去。"], "s_end": true, "iu_a_span": [55.02, 55.79], "meta": {"topic": "Pear story", "type": "Narrative", "language": "噶瑪蘭語, Kavalan, Xinshe (新社)", "speaker": "朱阿比, Api, male, 1927-09-15", "collected": "00:02:49", "revised": "2013-1-17", "video": "KavNr-pear_api.mp3"}, "s_a_span": [52.32, 55.79], "file": "Kavalan_Xinshe/KavNr-pear_api", "num": 27}], [28, {"ori": [], "gloss": [["..", "", ""], ["tuRang=pa=ita", "fill=FUT=1IPL.NOM", "加滿=未來=1IPL.主格"], ["uman.\\", "again", "再"]], "free": ["#e We’re going to fill (the basket) again.", "#c 我們要再(把籃子)裝滿。", "#n tuRang=iku tu zanum: 加滿水。"], "s_end": true, "iu_a_span": [55.79, 57.11], "meta": {"topic": "Pear story", "type": "Narrative", "language": "噶瑪蘭語, Kavalan, Xinshe (新社)", "speaker": "朱阿比, Api, male, 1927-09-15", "collected": "00:02:49", "revised": "2013-1-17", "video": "KavNr-pear_api.mp3"}, "s_a_span": [55.79, 57.11], "file": "Kavalan_Xinshe/KavNr-pear_api", "num": 28}], [29, {"ori": [], "gloss": [["...(0.8)", "", ""], ["sa-puniR-an-ta", "??-fill-LF-1IPL.GEN", "??-裝滿-處焦-1IPL.屬格"], ["taq,\\", "FS", "FS"]], "free": [], "s_end": false, "iu_a_span": [57.11, 59.13], "meta": {"topic": "Pear story", "type": "Narrative", "language": "噶瑪蘭語, Kavalan, Xinshe (新社)", "speaker": "朱阿比, Api, male, 1927-09-15", "collected": "00:02:49", "revised": "2013-1-17", "video": "KavNr-pear_api.mp3"}, "file": "Kavalan_Xinshe/KavNr-pear_api", "num": 29}], [30, {"ori": [], "gloss": [["..", "", ""], ["ta-qeRawas", "LOC-basket", "處格-籃子"], ["a", "LNK", "連詞"], ["zau,\\", "this", "這個"]], "free": [], "s_end": false, "iu_a_span": [59.13, 60.4], "meta": {"topic": "Pear story", "type": "Narrative", "language": "噶瑪蘭語, Kavalan, Xinshe (新社)", "speaker": "朱阿比, Api, male, 1927-09-15", "collected": "00:02:49", "revised": "2013-1-17", "video": "KavNr-pear_api.mp3"}, "file": "Kavalan_Xinshe/KavNr-pear_api", "num": 30}], [31, {"ori": [], "gloss": [["..", "", ""], ["zin-na", "think-3SG.GEN", "想-3SG.屬格"], ["saiza", "maybe", "可能"], ["nani.\\", "DM", "DM"]], "free": ["#e ‘We’re going to fill the basket,’ he thought perhaps.", "#c 他可能想說我們要把籃子裝滿。"], "s_end": true, "iu_a_span": [60.4, 61.63], "meta": {"topic": "Pear story", "type": "Narrative", "language": "噶瑪蘭語, Kavalan, Xinshe (新社)", "speaker": "朱阿比, Api, male, 1927-09-15", "collected": "00:02:49", "revised": "2013-1-17", "video": "KavNr-pear_api.mp3"}, "s_a_span": [57.11, 61.63], "file": "Kavalan_Xinshe/KavNr-pear_api", "num": 31}], [32, {"ori": [], "gloss": [["...(1.0)", "", ""], ["wiya=ti", "leave=PFV", "離開=完成"], ["tim", "FS", "FS"], ["e,\\", "FIL", "FIL"]], "free": [], "s_end": false, "iu_a_span": [61.63, 63.99], "meta": {"topic": "Pear story", "type": "Narrative", "language": "噶瑪蘭語, Kavalan, Xinshe (新社)", "speaker": "朱阿比, Api, male, 1927-09-15", "collected": "00:02:49", "revised": "2013-1-17", "video": "KavNr-pear_api.mp3"}, "file": "Kavalan_Xinshe/KavNr-pear_api", "num": 32}], [33, {"ori": [], "gloss": [["..", "", ""], ["m-zaqis", "AF-ascend", "主焦-上去"], ["nani.\\", "DM", "DM"]], "free": ["#e (He) climbed up.", "#c (他)上去。"], "s_end": true, "iu_a_span": [63.99, 64.92], "meta": {"topic": "Pear story", "type": "Narrative", "language": "噶瑪蘭語, Kavalan, Xinshe (新社)", "speaker": "朱阿比, Api, male, 1927-09-15", "collected": "00:02:49", "revised": "2013-1-17", "video": "KavNr-pear_api.mp3"}, "s_a_span": [61.63, 64.92], "file": "Kavalan_Xinshe/KavNr-pear_api", "num": 33}], [34, {"ori": [], "gloss": [["..", "", ""], ["wani", "that’s", "那就是"], ["sunis", "child", "小孩"], ["a", "LNK", "連詞"], ["yau", "that", "那個"], ["nani.\\", "DM", "DM"]], "free": ["#e That’s the child.", "#c 就是那個小孩。"], "s_end": true, "iu_a_span": [64.92, 66.12], "meta": {"topic": "Pear story", "type": "Narrative", "language": "噶瑪蘭語, Kavalan, Xinshe (新社)", "speaker": "朱阿比, Api, male, 1927-09-15", "collected": "00:02:49", "revised": "2013-1-17", "video": "KavNr-pear_api.mp3"}, "s_a_span": [64.92, 66.12], "file": "Kavalan_Xinshe/KavNr-pear_api", "num": 34}], [35, {"ori": [], "gloss": [["..", "", ""], ["t<m>ungaw=ti,\\", "<AF>send=PFV", "<主焦>送=完成"]], "free": [], "s_end": false, "iu_a_span": [66.12, 67.11], "meta": {"topic": "Pear story", "type": "Narrative", "language": "噶瑪蘭語, Kavalan, Xinshe (新社)", "speaker": "朱阿比, Api, male, 1927-09-15", "collected": "00:02:49", "revised": "2013-1-17", "video": "KavNr-pear_api.mp3"}, "file": "Kavalan_Xinshe/KavNr-pear_api", "num": 35}], [36, {"ori": [], "gloss": [["..", "", ""], ["tungaw-a-kita,\\", "send-NAF-1IPL.GEN", "送-非主焦-1IPL.屬格"]], "free": [], "s_end": false, "iu_a_span": [67.11, 68.23], "meta": {"topic": "Pear story", "type": "Narrative", "language": "噶瑪蘭語, Kavalan, Xinshe (新社)", "speaker": "朱阿比, Api, male, 1927-09-15", "collected": "00:02:49", "revised": "2013-1-17", "video": "KavNr-pear_api.mp3"}, "file": "Kavalan_Xinshe/KavNr-pear_api", "num": 36}], [37, {"ori": [], "gloss": [["...", "", ""], ["qenya-ala-ta,\\", "NMZ-take-1IPLGEN", "名物化-拿-1IPL.屬格"]], "free": [], "s_end": false, "iu_a_span": [68.23, 69.53], "meta": {"topic": "Pear story", "type": "Narrative", "language": "噶瑪蘭語, Kavalan, Xinshe (新社)", "speaker": "朱阿比, Api, male, 1927-09-15", "collected": "00:02:49", "revised": "2013-1-17", "video": "KavNr-pear_api.mp3"}, "file": "Kavalan_Xinshe/KavNr-pear_api", "num": 37}], [38, {"ori": [], "gloss": [["...", "", ""], ["zin-na.\\", "say-3SG.GEN", "說-3SG.屬格"]], "free": ["#e ‘Let’s send what we took (to somewhere),’ said he.", "#c 他說,我們要把我們所拿的送去。"], "s_end": true, "iu_a_span": [69.53, 70.33], "meta": {"topic": "Pear story", "type": "Narrative", "language": "噶瑪蘭語, Kavalan, Xinshe (新社)", "speaker": "朱阿比, Api, male, 1927-09-15", "collected": "00:02:49", "revised": "2013-1-17", "video": "KavNr-pear_api.mp3"}, "s_a_span": [66.12, 70.33], "file": "Kavalan_Xinshe/KavNr-pear_api", "num": 38}], [39, {"ori": [], "gloss": [["...(0.8)", "", ""], ["m-zaqis,\\", "AF-ascend", "主焦-上去"]], "free": [], "s_end": false, "iu_a_span": [70.33, 71.72], "meta": {"topic": "Pear story", "type": "Narrative", "language": "噶瑪蘭語, Kavalan, Xinshe (新社)", "speaker": "朱阿比, Api, male, 1927-09-15", "collected": "00:02:49", "revised": "2013-1-17", "video": "KavNr-pear_api.mp3"}, "file": "Kavalan_Xinshe/KavNr-pear_api", "num": 39}], [40, {"ori": [], "gloss": [["..", "", ""], ["tu", "DM", "DM"], ["pizi-an-na", "put-LF-3SG.GEN", "放-處焦-3SG.屬格"], ["ta==,\\", "LOC", "處格"]], "free": [], "s_end": false, "iu_a_span": [71.72, 73.27], "meta": {"topic": "Pear story", "type": "Narrative", "language": "噶瑪蘭語, Kavalan, Xinshe (新社)", "speaker": "朱阿比, Api, male, 1927-09-15", "collected": "00:02:49", "revised": "2013-1-17", "video": "KavNr-pear_api.mp3"}, "file": "Kavalan_Xinshe/KavNr-pear_api", "num": 40}], [41, {"ori": [], "gloss": [["..", "", ""], ["ta-iza-an", "LOC-something-LOC", "處格-某物-處格"], ["u,\\", "PART", "語助詞"]], "free": [], "s_end": false, "iu_a_span": [73.27, 74.2], "meta": {"topic": "Pear story", "type": "Narrative", "language": "噶瑪蘭語, Kavalan, Xinshe (新社)", "speaker": "朱阿比, Api, male, 1927-09-15", "collected": "00:02:49", "revised": "2013-1-17", "video": "KavNr-pear_api.mp3"}, "file": "Kavalan_Xinshe/KavNr-pear_api", "num": 41}], [42, {"ori": [], "gloss": [["..", "", ""], ["ta-qitun-an.\\", "LOC-vehicle-LOC", "處格-車子-處格"]], "free": ["#e He put (the baskets) onto something ... onto the bicycle.", "#c 他(把籃子)放到車子上面。"], "s_end": true, "iu_a_span": [74.2, 75.27], "meta": {"topic": "Pear story", "type": "Narrative", "language": "噶瑪蘭語, Kavalan, Xinshe (新社)", "speaker": "朱阿比, Api, male, 1927-09-15", "collected": "00:02:49", "revised": "2013-1-17", "video": "KavNr-pear_api.mp3"}, "s_a_span": [70.33, 75.27], "file": "Kavalan_Xinshe/KavNr-pear_api", "num": 42}], [43, {"ori": [], "gloss": [["...(1.4)", "", ""], ["t<m>ungaw,\\", "<AF>send", "<主焦>送"]], "free": [], "s_end": false, "iu_a_span": [75.27, 77.4], "meta": {"topic": "Pear story", "type": "Narrative", "language": "噶瑪蘭語, Kavalan, Xinshe (新社)", "speaker": "朱阿比, Api, male, 1927-09-15", "collected": "00:02:49", "revised": "2013-1-17", "video": "KavNr-pear_api.mp3"}, "file": "Kavalan_Xinshe/KavNr-pear_api", "num": 43}], [44, {"ori": [], "gloss": [["..", "", ""], ["t<m>unga==w,\\", "<AF>send", "<主焦>送"]], "free": [], "s_end": false, "iu_a_span": [77.4, 78.32], "meta": {"topic": "Pear story", "type": "Narrative", "language": "噶瑪蘭語, Kavalan, Xinshe (新社)", "speaker": "朱阿比, Api, male, 1927-09-15", "collected": "00:02:49", "revised": "2013-1-17", "video": "KavNr-pear_api.mp3"}, "file": "Kavalan_Xinshe/KavNr-pear_api", "num": 44}], [45, {"ori": [], "gloss": [["...", "", ""], ["naquni", "how", "怎麼"], ["smani,\\", "not.know", "不知道"]], "free": [], "s_end": false, "iu_a_span": [78.32, 79.66], "meta": {"topic": "Pear story", "type": "Narrative", "language": "噶瑪蘭語, Kavalan, Xinshe (新社)", "speaker": "朱阿比, Api, male, 1927-09-15", "collected": "00:02:49", "revised": "2013-1-17", "video": "KavNr-pear_api.mp3"}, "file": "Kavalan_Xinshe/KavNr-pear_api", "num": 45}], [46, {"ori": [], "gloss": [["..", "", ""], ["ni-pasaqay-na", "PFV-walk-3SG.GEN", "完成-走-3SG.屬格"], ["nani,\\", "DM", "DM"]], "free": [], "s_end": false, "iu_a_span": [79.66, 80.71], "meta": {"topic": "Pear story", "type": "Narrative", "language": "噶瑪蘭語, Kavalan, Xinshe (新社)", "speaker": "朱阿比, Api, male, 1927-09-15", "collected": "00:02:49", "revised": "2013-1-17", "video": "KavNr-pear_api.mp3"}, "file": "Kavalan_Xinshe/KavNr-pear_api", "num": 46}], [47, {"ori": [], "gloss": [["..", "", ""], ["suRaw=ti", "fall=PFV", "跌倒=完成"], ["ya", "NOM", "主格"], ["sunis", "child", "小孩"], ["a", "LNK", "連詞"], ["yau,_", "that", "那個"]], "free": ["#e He sent (the guavas to somewhere), but somehow the child fell down while riding.", "#c 他去送(芭樂),不知怎麼地,那個小孩騎車的時候跌倒了。"], "s_end": true, "iu_a_span": [80.71, 82.06], "meta": {"topic": "Pear story", "type": "Narrative", "language": "噶瑪蘭語, Kavalan, Xinshe (新社)", "speaker": "朱阿比, Api, male, 1927-09-15", "collected": "00:02:49", "revised": "2013-1-17", "video": "KavNr-pear_api.mp3"}, "s_a_span": [75.27, 82.06], "file": "Kavalan_Xinshe/KavNr-pear_api", "num": 47}], [48, {"ori": [], "gloss": [["...", "", ""], ["pyaqudu=ti", "scatter=PFV", "散落=完成"], ["ya==,\\", "NOM", "主格"]], "free": [], "s_end": false, "iu_a_span": [82.06, 83.92], "meta": {"topic": "Pear story", "type": "Narrative", "language": "噶瑪蘭語, Kavalan, Xinshe (新社)", "speaker": "朱阿比, Api, male, 1927-09-15", "collected": "00:02:49", "revised": "2013-1-17", "video": "KavNr-pear_api.mp3"}, "file": "Kavalan_Xinshe/KavNr-pear_api", "num": 48}], [49, {"ori": [], "gloss": [["..", "", ""], ["byabas", "guava", "芭樂"], ["a", "LNK", "連詞"], ["yau,\\", "that", "那個"]], "free": [], "s_end": false, "iu_a_span": [83.92, 84.62], "meta": {"topic": "Pear story", "type": "Narrative", "language": "噶瑪蘭語, Kavalan, Xinshe (新社)", "speaker": "朱阿比, Api, male, 1927-09-15", "collected": "00:02:49", "revised": "2013-1-17", "video": "KavNr-pear_api.mp3"}, "file": "Kavalan_Xinshe/KavNr-pear_api", "num": 49}], [50, {"ori": [], "gloss": [["..", "", ""], ["m-niz", "AF-all", "主焦-全部"], ["nani.\\", "DM", "DM"]], "free": ["#e All the guavas were scattered all over.", "#c 全部的芭樂都散落一地。"], "s_end": true, "iu_a_span": [84.62, 85.52], "meta": {"topic": "Pear story", "type": "Narrative", "language": "噶瑪蘭語, Kavalan, Xinshe (新社)", "speaker": "朱阿比, Api, male, 1927-09-15", "collected": "00:02:49", "revised": "2013-1-17", "video": "KavNr-pear_api.mp3"}, "s_a_span": [82.06, 85.52], "file": "Kavalan_Xinshe/KavNr-pear_api", "num": 50}], [51, {"ori": [], "gloss": [["...", "", ""], ["yau=ti", "EXIST=PFV", "存在=完成"], ["ya", "NOM", "主格"], ["sunis", "child", "小孩"], ["a", "LNK", "連詞"], ["yau,_", "that", "那個"]], "free": [], "s_end": false, "iu_a_span": [85.52, 87.43], "meta": {"topic": "Pear story", "type": "Narrative", "language": "噶瑪蘭語, Kavalan, Xinshe (新社)", "speaker": "朱阿比, Api, male, 1927-09-15", "collected": "00:02:49", "revised": "2013-1-17", "video": "KavNr-pear_api.mp3"}, "file": "Kavalan_Xinshe/KavNr-pear_api", "num": 51}], [52, {"ori": [], "gloss": [["...(1.1)", "", ""], ["m-espes,\\", "AF-stroke", "主焦-撫摸"]], "free": [], "s_end": false, "iu_a_span": [87.43, 89.42], "meta": {"topic": "Pear story", "type": "Narrative", "language": "噶瑪蘭語, Kavalan, Xinshe (新社)", "speaker": "朱阿比, Api, male, 1927-09-15", "collected": "00:02:49", "revised": "2013-1-17", "video": "KavNr-pear_api.mp3"}, "file": "Kavalan_Xinshe/KavNr-pear_api", "num": 52}], [53, {"ori": [], "gloss": [["..", "", ""], ["ta", "LOC", "處格"], ["nunuq-na", "shank.bone-3SG.GEN", "小腿骨頭-3SG.屬格"], ["ta==,_", "LOC", "處格"]], "free": ["#e The child stroked the bone of his shank.", "#c 小孩按摩自己的小腿骨頭處。", "#n nunuq可指山脊或小腿骨頭凸出處。"], "s_end": true, "iu_a_span": [89.42, 90.67], "meta": {"topic": "Pear story", "type": "Narrative", "language": "噶瑪蘭語, Kavalan, Xinshe (新社)", "speaker": "朱阿比, Api, male, 1927-09-15", "collected": "00:02:49", "revised": "2013-1-17", "video": "KavNr-pear_api.mp3"}, "s_a_span": [85.52, 90.67], "file": "Kavalan_Xinshe/KavNr-pear_api", "num": 53}], [54, {"ori": [], "gloss": [["...", "", ""], ["nayau", "that.way", "那樣"], ["saiza,\\", "maybe", "可能"]], "free": [], "s_end": false, "iu_a_span": [90.67, 91.92], "meta": {"topic": "Pear story", "type": "Narrative", "language": "噶瑪蘭語, Kavalan, Xinshe (新社)", "speaker": "朱阿比, Api, male, 1927-09-15", "collected": "00:02:49", "revised": "2013-1-17", "video": "KavNr-pear_api.mp3"}, "file": "Kavalan_Xinshe/KavNr-pear_api", "num": 54}], [55, {"ori": [], "gloss": [["..", "", ""], ["tiquq-an-na", "hit-LF-3SG.GEN", "打-處焦-3SG.屬格"], ["na==,\\", "GEN", "屬格"]], "free": [], "s_end": false, "iu_a_span": [91.92, 93.18], "meta": {"topic": "Pear story", "type": "Narrative", "language": "噶瑪蘭語, Kavalan, Xinshe (新社)", "speaker": "朱阿比, Api, male, 1927-09-15", "collected": "00:02:49", "revised": "2013-1-17", "video": "KavNr-pear_api.mp3"}, "file": "Kavalan_Xinshe/KavNr-pear_api", "num": 55}], [56, {"ori": [], "gloss": [["..", "", ""], ["‘nay,\\", "that", "那個"]], "free": [], "s_end": false, "iu_a_span": [93.18, 93.53], "meta": {"topic": "Pear story", "type": "Narrative", "language": "噶瑪蘭語, Kavalan, Xinshe (新社)", "speaker": "朱阿比, Api, male, 1927-09-15", "collected": "00:02:49", "revised": "2013-1-17", "video": "KavNr-pear_api.mp3"}, "file": "Kavalan_Xinshe/KavNr-pear_api", "num": 56}], [57, {"ori": [], "gloss": [["..", "", ""], ["X", "", ""], ["qitun-na", "vehicle-3SG.GEN", "車子-3SG.屬格"], ["muni", "where", "哪裡"], ["smani,\\", "not.know", "不知道"]], "free": ["#e I don’t know what hit him.", "#c 不知道被什麼打到。"], "s_end": true, "iu_a_span": [93.53, 95.48], "meta": {"topic": "Pear story", "type": "Narrative", "language": "噶瑪蘭語, Kavalan, Xinshe (新社)", "speaker": "朱阿比, Api, male, 1927-09-15", "collected": "00:02:49", "revised": "2013-1-17", "video": "KavNr-pear_api.mp3"}, "s_a_span": [90.67, 95.48], "file": "Kavalan_Xinshe/KavNr-pear_api", "num": 57}], [58, {"ori": [], "gloss": [["...(0.8)", "", ""], ["nani,\\", "DM", "DM"]], "free": [], "s_end": false, "iu_a_span": [95.48, 96.76], "meta": {"topic": "Pear story", "type": "Narrative", "language": "噶瑪蘭語, Kavalan, Xinshe (新社)", "speaker": "朱阿比, Api, male, 1927-09-15", "collected": "00:02:49", "revised": "2013-1-17", "video": "KavNr-pear_api.mp3"}, "file": "Kavalan_Xinshe/KavNr-pear_api", "num": 58}], [59, {"ori": [], "gloss": [["...", "", ""], ["yau=ti", "EXIST=PFV", "存在=完成"], ["ya", "NOM", "主格"], ["‘daq,\\", "others", "其他"]], "free": [], "s_end": false, "iu_a_span": [96.76, 97.98], "meta": {"topic": "Pear story", "type": "Narrative", "language": "噶瑪蘭語, Kavalan, Xinshe (新社)", "speaker": "朱阿比, Api, male, 1927-09-15", "collected": "00:02:49", "revised": "2013-1-17", "video": "KavNr-pear_api.mp3"}, "file": "Kavalan_Xinshe/KavNr-pear_api", "num": 59}], [60, {"ori": [], "gloss": [["...", "", ""], ["‘daq-na.\\", "others-3SG.GEN", "其他-3SG.屬格"]], "free": ["#e There came his friends.", "#c 他的朋友來了。"], "s_end": true, "iu_a_span": [97.98, 99.05], "meta": {"topic": "Pear story", "type": "Narrative", "language": "噶瑪蘭語, Kavalan, Xinshe (新社)", "speaker": "朱阿比, Api, male, 1927-09-15", "collected": "00:02:49", "revised": "2013-1-17", "video": "KavNr-pear_api.mp3"}, "s_a_span": [95.48, 99.05], "file": "Kavalan_Xinshe/KavNr-pear_api", "num": 60}], [61, {"ori": [], "gloss": [["...(0.9)", "", ""], ["pangmu-an-na=ti", "help-LF-3PL.GEN=PFV", "幫忙-處焦-3PL.屬格=完成"], ["na", "GEN", "屬格"], ["‘daq-na,\\", "other-3SG.GEN", "其他-3SG.屬格"]], "free": [], "s_end": false, "iu_a_span": [99.05, 101.32], "meta": {"topic": "Pear story", "type": "Narrative", "language": "噶瑪蘭語, Kavalan, Xinshe (新社)", "speaker": "朱阿比, Api, male, 1927-09-15", "collected": "00:02:49", "revised": "2013-1-17", "video": "KavNr-pear_api.mp3"}, "file": "Kavalan_Xinshe/KavNr-pear_api", "num": 61}], [62, {"ori": [], "gloss": [["..", "", ""], ["s<m>apun", "<AF>pick.one.by.one", "<主焦>一個一個撿"], ["pizi", "put", "放"], ["ta-,\\", "LOC-", "處格-"]], "free": [], "s_end": false, "iu_a_span": [101.32, 102.35], "meta": {"topic": "Pear story", "type": "Narrative", "language": "噶瑪蘭語, Kavalan, Xinshe (新社)", "speaker": "朱阿比, Api, male, 1927-09-15", "collected": "00:02:49", "revised": "2013-1-17", "video": "KavNr-pear_api.mp3"}, "file": "Kavalan_Xinshe/KavNr-pear_api", "num": 62}], [63, {"ori": [], "gloss": [["..", "", ""], ["qeRawas-an", "basket-LOC", "籃子-處格"], ["nani.\\", "DM", "DM"]], "free": ["#e His friends helped pick up (the guavas) and put (them) into the basket.", "#c 他的朋友幫忙撿,放到籃子裡。"], "s_end": true, "iu_a_span": [102.35, 103.26], "meta": {"topic": "Pear story", "type": "Narrative", "language": "噶瑪蘭語, Kavalan, Xinshe (新社)", "speaker": "朱阿比, Api, male, 1927-09-15", "collected": "00:02:49", "revised": "2013-1-17", "video": "KavNr-pear_api.mp3"}, "s_a_span": [99.05, 103.26], "file": "Kavalan_Xinshe/KavNr-pear_api", "num": 63}], [64, {"ori": [], "gloss": [["...(0.7)", "", ""], ["sepez-an-na=ti", "put-LF-3PL.GEN=PFV", "放-處焦-3PL.屬格=完成"], ["uman", "again", "再"], ["ta==-,\\", "LOC-", "處格-"]], "free": [], "s_end": false, "iu_a_span": [103.26, 105.82], "meta": {"topic": "Pear story", "type": "Narrative", "language": "噶瑪蘭語, Kavalan, Xinshe (新社)", "speaker": "朱阿比, Api, male, 1927-09-15", "collected": "00:02:49", "revised": "2013-1-17", "video": "KavNr-pear_api.mp3"}, "file": "Kavalan_Xinshe/KavNr-pear_api", "num": 64}], [65, {"ori": [], "gloss": [["..", "", ""], ["iza-an", "something-LOC", "某物-處格"], ["u,_", "PART", "語助詞"]], "free": [], "s_end": false, "iu_a_span": [105.82, 106.35], "meta": {"topic": "Pear story", "type": "Narrative", "language": "噶瑪蘭語, Kavalan, Xinshe (新社)", "speaker": "朱阿比, Api, male, 1927-09-15", "collected": "00:02:49", "revised": "2013-1-17", "video": "KavNr-pear_api.mp3"}, "file": "Kavalan_Xinshe/KavNr-pear_api", "num": 65}], [66, {"ori": [], "gloss": [["...(0.9)", "", ""], ["ta==-,\\", "LOC-", "處格-"]], "free": [], "s_end": false, "iu_a_span": [106.35, 107.86], "meta": {"topic": "Pear story", "type": "Narrative", "language": "噶瑪蘭語, Kavalan, Xinshe (新社)", "speaker": "朱阿比, Api, male, 1927-09-15", "collected": "00:02:49", "revised": "2013-1-17", "video": "KavNr-pear_api.mp3"}, "file": "Kavalan_Xinshe/KavNr-pear_api", "num": 66}], [67, {"ori": [], "gloss": [["..", "", ""], ["qitun-an-na,\\", "vehicle-LOC-3SG.GEN", "車子-處格-3SG.屬格"]], "free": [], "s_end": false, "iu_a_span": [107.86, 108.92], "meta": {"topic": "Pear story", "type": "Narrative", "language": "噶瑪蘭語, Kavalan, Xinshe (新社)", "speaker": "朱阿比, Api, male, 1927-09-15", "collected": "00:02:49", "revised": "2013-1-17", "video": "KavNr-pear_api.mp3"}, "file": "Kavalan_Xinshe/KavNr-pear_api", "num": 67}], [68, {"ori": [], "gloss": [["...(0.9)", "", ""], ["ta-zitinsiya-an-na", "LOC-bicycle-LOC-3SG.GEN", "處格-腳踏車-處格-3SG.屬格"], ["nani.\\", "DM", "DM"]], "free": ["#e They put (the basket) onto something ... onto his vehicle, onto his bicycle again.", "#c 他們又把籃子放到那個 ... 放到車子上,到腳踏車上。"], "s_end": true, "iu_a_span": [108.92, 111.44], "meta": {"topic": "Pear story", "type": "Narrative", "language": "噶瑪蘭語, Kavalan, Xinshe (新社)", "speaker": "朱阿比, Api, male, 1927-09-15", "collected": "00:02:49", "revised": "2013-1-17", "video": "KavNr-pear_api.mp3"}, "s_a_span": [103.26, 111.44], "file": "Kavalan_Xinshe/KavNr-pear_api", "num": 68}], [69, {"ori": [], "gloss": [["...(1.1)", "", ""], ["pun", "finish", "結束"], ["nani,\\", "DM", "DM"]], "free": [], "s_end": false, "iu_a_span": [111.44, 113.3], "meta": {"topic": "Pear story", "type": "Narrative", "language": "噶瑪蘭語, Kavalan, Xinshe (新社)", "speaker": "朱阿比, Api, male, 1927-09-15", "collected": "00:02:49", "revised": "2013-1-17", "video": "KavNr-pear_api.mp3"}, "file": "Kavalan_Xinshe/KavNr-pear_api", "num": 69}], [70, {"ori": [], "gloss": [["..", "", ""], ["wiya=ti", "leave=PFV", "離開=完成"], ["tungaw-an-na,_", "send-LF-3SG.GEN", "送去-處焦-3SG.屬格"]], "free": ["#e Later (when it was finished), he sent (the guavas to somewhere).", "#c 好了就去送(芭樂)。"], "s_end": true, "iu_a_span": [113.3, 114.92], "meta": {"topic": "Pear story", "type": "Narrative", "language": "噶瑪蘭語, Kavalan, Xinshe (新社)", "speaker": "朱阿比, Api, male, 1927-09-15", "collected": "00:02:49", "revised": "2013-1-17", "video": "KavNr-pear_api.mp3"}, "s_a_span": [111.44, 114.92], "file": "Kavalan_Xinshe/KavNr-pear_api", "num": 70}], [71, {"ori": [], "gloss": [["...", "", ""], ["timu==,\\", "turn.out", "結果"]], "free": [], "s_end": false, "iu_a_span": [114.92, 115.87], "meta": {"topic": "Pear story", "type": "Narrative", "language": "噶瑪蘭語, Kavalan, Xinshe (新社)", "speaker": "朱阿比, Api, male, 1927-09-15", "collected": "00:02:49", "revised": "2013-1-17", "video": "KavNr-pear_api.mp3"}, "file": "Kavalan_Xinshe/KavNr-pear_api", "num": 71}], [72, {"ori": [], "gloss": [["..", "", ""], ["s<m>aqay", "<AF>walk", "<主焦>走"], ["ya,\\", "NOM", "主格"]], "free": [], "s_end": false, "iu_a_span": [115.87, 116.63], "meta": {"topic": "Pear story", "type": "Narrative", "language": "噶瑪蘭語, Kavalan, Xinshe (新社)", "speaker": "朱阿比, Api, male, 1927-09-15", "collected": "00:02:49", "revised": "2013-1-17", "video": "KavNr-pear_api.mp3"}, "file": "Kavalan_Xinshe/KavNr-pear_api", "num": 72}], [73, {"ori": [], "gloss": [["..", "", ""], ["sunis", "child", "小孩"], ["a", "LNK", "連詞"], ["yau", "that", "那個"], ["X,\\", "", ""]], "free": [], "s_end": false, "iu_a_span": [116.63, 117.69], "meta": {"topic": "Pear story", "type": "Narrative", "language": "噶瑪蘭語, Kavalan, Xinshe (新社)", "speaker": "朱阿比, Api, male, 1927-09-15", "collected": "00:02:49", "revised": "2013-1-17", "video": "KavNr-pear_api.mp3"}, "file": "Kavalan_Xinshe/KavNr-pear_api", "num": 73}], [74, {"ori": [], "gloss": [["..", "", ""], ["t<m>ibuq=ti", "<AF>fall=PFV", "<主焦>掉=完成"], ["ya", "NOM", "主格"], ["qubu-na", "hat-3SG..GEN", "帽子-3SG.屬格"], ["nani.\\", "DM", "DM"]], "free": ["#e It turned out that when the child went away, his hat fell down.", "#c 結果小孩走掉後,他的帽子掉了下來。"], "s_end": true, "iu_a_span": [117.69, 119.36], "meta": {"topic": "Pear story", "type": "Narrative", "language": "噶瑪蘭語, Kavalan, Xinshe (新社)", "speaker": "朱阿比, Api, male, 1927-09-15", "collected": "00:02:49", "revised": "2013-1-17", "video": "KavNr-pear_api.mp3"}, "s_a_span": [114.92, 119.36], "file": "Kavalan_Xinshe/KavNr-pear_api", "num": 74}], [75, {"ori": [], "gloss": [["...", "", ""], ["azkaw,\\", "INT", "感嘆"]], "free": [], "s_end": false, "iu_a_span": [119.36, 120.41], "meta": {"topic": "Pear story", "type": "Narrative", "language": "噶瑪蘭語, Kavalan, Xinshe (新社)", "speaker": "朱阿比, Api, male, 1927-09-15", "collected": "00:02:49", "revised": "2013-1-17", "video": "KavNr-pear_api.mp3"}, "file": "Kavalan_Xinshe/KavNr-pear_api", "num": 75}], [76, {"ori": [], "gloss": [["..", "", ""], ["t<m>ibuq=ti", "<AF>fall=PFV", "<主焦>掉=完成"], ["ya", "NOM", "主格"], ["qubu-ta,\\", "hat-1IPL.GEN", "帽子-1IPL.屬格"]], "free": [], "s_end": false, "iu_a_span": [120.41, 121.78], "meta": {"topic": "Pear story", "type": "Narrative", "language": "噶瑪蘭語, Kavalan, Xinshe (新社)", "speaker": "朱阿比, Api, male, 1927-09-15", "collected": "00:02:49", "revised": "2013-1-17", "video": "KavNr-pear_api.mp3"}, "file": "Kavalan_Xinshe/KavNr-pear_api", "num": 76}], [77, {"ori": [], "gloss": [["..", "", ""], ["nani,\\", "DM", "DM"]], "free": [], "s_end": false, "iu_a_span": [121.78, 122.15], "meta": {"topic": "Pear story", "type": "Narrative", "language": "噶瑪蘭語, Kavalan, Xinshe (新社)", "speaker": "朱阿比, Api, male, 1927-09-15", "collected": "00:02:49", "revised": "2013-1-17", "video": "KavNr-pear_api.mp3"}, "file": "Kavalan_Xinshe/KavNr-pear_api", "num": 77}], [78, {"ori": [], "gloss": [["..", "", ""], ["wi==ya=ti", "leave=PFV", "離開=完成"], ["sunis", "child", "小孩"], ["a", "LNK", "連詞"], ["yau,\\", "that", "那個"]], "free": ["#e Alas, our hat fell down. The child left.", "#c 唉呦, 我們的帽子掉下去了。小孩子走掉了。"], "s_end": true, "iu_a_span": [122.15, 123.27], "meta": {"topic": "Pear story", "type": "Narrative", "language": "噶瑪蘭語, Kavalan, Xinshe (新社)", "speaker": "朱阿比, Api, male, 1927-09-15", "collected": "00:02:49", "revised": "2013-1-17", "video": "KavNr-pear_api.mp3"}, "s_a_span": [119.36, 123.27], "file": "Kavalan_Xinshe/KavNr-pear_api", "num": 78}], [79, {"ori": [], "gloss": [["...(0.9)", "", ""], ["wani", "that’s", "那就是"], ["kaput-na", "friend-3SG.GEN", "朋友-3SG.屬格"], ["nani.\\", "DM", "DM"]], "free": [], "s_end": false, "iu_a_span": [123.27, 125.45], "meta": {"topic": "Pear story", "type": "Narrative", "language": "噶瑪蘭語, Kavalan, Xinshe (新社)", "speaker": "朱阿比, Api, male, 1927-09-15", "collected": "00:02:49", "revised": "2013-1-17", "video": "KavNr-pear_api.mp3"}, "file": "Kavalan_Xinshe/KavNr-pear_api", "num": 79}], [80, {"ori": [], "gloss": [["..", "", ""], ["qu", "then", "然後"], ["ala-a-kita", "take-NAF-1IPL.GEN", "拿-非主焦-1IPL.屬格"], ["qubu-na,\\", "hat-3SG.GEN", "帽子-3SG.屬格"]], "free": [], "s_end": false, "iu_a_span": [125.45, 127.12], "meta": {"topic": "Pear story", "type": "Narrative", "language": "噶瑪蘭語, Kavalan, Xinshe (新社)", "speaker": "朱阿比, Api, male, 1927-09-15", "collected": "00:02:49", "revised": "2013-1-17", "video": "KavNr-pear_api.mp3"}, "file": "Kavalan_Xinshe/KavNr-pear_api", "num": 80}], [81, {"ori": [], "gloss": [["..", "", ""], ["t<m>ibuq", "<AF>fall", "<主焦>掉"], ["ala-an-na=ti", "take-LF-3PL.GEN=PFV", "拿-處焦-3PL.屬格=完成"], ["na", "GEN", "屬格"], ["su,_", "FS", "FS"]], "free": [], "s_end": false, "iu_a_span": [127.12, 128.85], "meta": {"topic": "Pear story", "type": "Narrative", "language": "噶瑪蘭語, Kavalan, Xinshe (新社)", "speaker": "朱阿比, Api, male, 1927-09-15", "collected": "00:02:49", "revised": "2013-1-17", "video": "KavNr-pear_api.mp3"}, "file": "Kavalan_Xinshe/KavNr-pear_api", "num": 81}], [82, {"ori": [], "gloss": [["..", "", ""], ["na", "GEN", "屬格"], ["‘daq-na", "other-3SG.GEN", "其他-3SG.屬格"], ["ya,\\", "NOM", "主格"]], "free": [], "s_end": false, "iu_a_span": [128.85, 129.69], "meta": {"topic": "Pear story", "type": "Narrative", "language": "噶瑪蘭語, Kavalan, Xinshe (新社)", "speaker": "朱阿比, Api, male, 1927-09-15", "collected": "00:02:49", "revised": "2013-1-17", "video": "KavNr-pear_api.mp3"}, "file": "Kavalan_Xinshe/KavNr-pear_api", "num": 82}], [83, {"ori": [], "gloss": [["..", "", ""], ["qubu", "hat", "帽子"], ["a", "LNK", "連詞"], ["yau", "that", "那個"], ["nani.\\", "DM", "DM"]], "free": ["#e Let’s take his hat. His fiends took the hat.", "#c 我們去拿他的帽子。他的朋友去拿他的帽子。"], "s_end": true, "iu_a_span": [129.69, 130.6], "meta": {"topic": "Pear story", "type": "Narrative", "language": "噶瑪蘭語, Kavalan, Xinshe (新社)", "speaker": "朱阿比, Api, male, 1927-09-15", "collected": "00:02:49", "revised": "2013-1-17", "video": "KavNr-pear_api.mp3"}, "s_a_span": [123.27, 130.6], "file": "Kavalan_Xinshe/KavNr-pear_api", "num": 83}], [84, {"ori": [], "gloss": [["...(1.2)", "", ""], ["syazi", "come.to", "來到"], ["ta==,\\", "LOC", "處格"]], "free": [], "s_end": false, "iu_a_span": [130.6, 132.73], "meta": {"topic": "Pear story", "type": "Narrative", "language": "噶瑪蘭語, Kavalan, Xinshe (新社)", "speaker": "朱阿比, Api, male, 1927-09-15", "collected": "00:02:49", "revised": "2013-1-17", "video": "KavNr-pear_api.mp3"}, "file": "Kavalan_Xinshe/KavNr-pear_api", "num": 84}], [85, {"ori": [], "gloss": [["..", "", ""], ["ta-s<n>aqay-na", "LOC-<PFV>walk-3SG.GEN", "處格-<完成>走-3SG.屬格"], ["nani.\\", "DM", "DM"]], "free": ["#e On his way", "#c 走到半路。"], "s_end": true, "iu_a_span": [132.73, 134.0], "meta": {"topic": "Pear story", "type": "Narrative", "language": "噶瑪蘭語, Kavalan, Xinshe (新社)", "speaker": "朱阿比, Api, male, 1927-09-15", "collected": "00:02:49", "revised": "2013-1-17", "video": "KavNr-pear_api.mp3"}, "s_a_span": [130.6, 134.0], "file": "Kavalan_Xinshe/KavNr-pear_api", "num": 85}], [86, {"ori": [], "gloss": [["...(0.7)", "", ""], ["niwus-an-na=ti", "whistle-LF-3PL.GEN=PFV", "吹口哨-處焦-3PL.屬格=完成"], ["na==,\\", "GEN", "屬格"]], "free": [], "s_end": false, "iu_a_span": [134.0, 136.39], "meta": {"topic": "Pear story", "type": "Narrative", "language": "噶瑪蘭語, Kavalan, Xinshe (新社)", "speaker": "朱阿比, Api, male, 1927-09-15", "collected": "00:02:49", "revised": "2013-1-17", "video": "KavNr-pear_api.mp3"}, "file": "Kavalan_Xinshe/KavNr-pear_api", "num": 86}], [87, {"ori": [], "gloss": [["..", "", ""], ["sunis", "child", "小孩"], ["a", "LNK", "連詞"], ["yau", "that", "那個"], ["na,_", "DM", "DM"]], "free": [], "s_end": false, "iu_a_span": [136.39, 137.49], "meta": {"topic": "Pear story", "type": "Narrative", "language": "噶瑪蘭語, Kavalan, Xinshe (新社)", "speaker": "朱阿比, Api, male, 1927-09-15", "collected": "00:02:49", "revised": "2013-1-17", "video": "KavNr-pear_api.mp3"}, "file": "Kavalan_Xinshe/KavNr-pear_api", "num": 87}], [88, {"ori": [], "gloss": [["...(0.7)", "", ""], ["pa-qitun", "CAU-vehicle", "使役-車子"], ["tu==,\\", "OBL", "斜格"]], "free": [], "s_end": false, "iu_a_span": [137.49, 139.38], "meta": {"topic": "Pear story", "type": "Narrative", "language": "噶瑪蘭語, Kavalan, Xinshe (新社)", "speaker": "朱阿比, Api, male, 1927-09-15", "collected": "00:02:49", "revised": "2013-1-17", "video": "KavNr-pear_api.mp3"}, "file": "Kavalan_Xinshe/KavNr-pear_api", "num": 88}], [89, {"ori": [], "gloss": [["..", "", ""], ["byabas", "guava", "芭樂"], ["nani.\\", "DM", "DM"]], "free": ["#e They whistled the child who rode the bike with guavas.", "#c 他們叫那個騎單車載芭樂的人。"], "s_end": true, "iu_a_span": [139.38, 140.27], "meta": {"topic": "Pear story", "type": "Narrative", "language": "噶瑪蘭語, Kavalan, Xinshe (新社)", "speaker": "朱阿比, Api, male, 1927-09-15", "collected": "00:02:49", "revised": "2013-1-17", "video": "KavNr-pear_api.mp3"}, "s_a_span": [134.0, 140.27], "file": "Kavalan_Xinshe/KavNr-pear_api", "num": 89}], [90, {"ori": [], "gloss": [["...(1.0)", "", ""], ["yau=ti", "EXIST=PFV", "存在=完成"], ["ya", "NOM", "主格"], ["sunis", "child", "小孩"], ["a", "LNK", "連詞"], ["yau,\\", "that", "那個"]], "free": [], "s_end": false, "iu_a_span": [140.27, 142.22], "meta": {"topic": "Pear story", "type": "Narrative", "language": "噶瑪蘭語, Kavalan, Xinshe (新社)", "speaker": "朱阿比, Api, male, 1927-09-15", "collected": "00:02:49", "revised": "2013-1-17", "video": "KavNr-pear_api.mp3"}, "file": "Kavalan_Xinshe/KavNr-pear_api", "num": 90}], [91, {"ori": [], "gloss": [["..", "", ""], ["t<m>ungaw", "<AF>send", "<主焦>送"], ["tu", "OBL", "斜格"], ["qubu-na", "hat-3SG.GEN", "帽子-3SG.屬格"], ["na,_", "DM", "DM"]], "free": ["#e They returned his hat.", "#c 他們送來他的帽子。"], "s_end": true, "iu_a_span": [142.22, 143.53], "meta": {"topic": "Pear story", "type": "Narrative", "language": "噶瑪蘭語, Kavalan, Xinshe (新社)", "speaker": "朱阿比, Api, male, 1927-09-15", "collected": "00:02:49", "revised": "2013-1-17", "video": "KavNr-pear_api.mp3"}, "s_a_span": [140.27, 143.53], "file": "Kavalan_Xinshe/KavNr-pear_api", "num": 91}], [92, {"ori": [], "gloss": [["..", "", ""], ["pwasa-an-na", "pay-LF-3SG.GEN", "付錢-處焦-3SG.屬格"], ["tu,\\", "OBL", "斜格"]], "free": [], "s_end": false, "iu_a_span": [143.53, 144.34], "meta": {"topic": "Pear story", "type": "Narrative", "language": "噶瑪蘭語, Kavalan, Xinshe (新社)", "speaker": "朱阿比, Api, male, 1927-09-15", "collected": "00:02:49", "revised": "2013-1-17", "video": "KavNr-pear_api.mp3"}, "file": "Kavalan_Xinshe/KavNr-pear_api", "num": 92}], [93, {"ori": [], "gloss": [["..", "", ""], ["u-zusa", "CLF.NHUM-two", "非人量詞-二"], ["tu,\\", "OBL", "斜格"]], "free": [], "s_end": false, "iu_a_span": [144.34, 145.05], "meta": {"topic": "Pear story", "type": "Narrative", "language": "噶瑪蘭語, Kavalan, Xinshe (新社)", "speaker": "朱阿比, Api, male, 1927-09-15", "collected": "00:02:49", "revised": "2013-1-17", "video": "KavNr-pear_api.mp3"}, "file": "Kavalan_Xinshe/KavNr-pear_api", "num": 93}], [94, {"ori": [], "gloss": [["...", "", ""], ["byabas,\\", "guava", "芭樂"]], "free": [], "s_end": false, "iu_a_span": [145.05, 146.31], "meta": {"topic": "Pear story", "type": "Narrative", "language": "噶瑪蘭語, Kavalan, Xinshe (新社)", "speaker": "朱阿比, Api, male, 1927-09-15", "collected": "00:02:49", "revised": "2013-1-17", "video": "KavNr-pear_api.mp3"}, "file": "Kavalan_Xinshe/KavNr-pear_api", "num": 94}], [95, {"ori": [], "gloss": [["..", "", ""], ["zin-na.\\", "say-3SG.GEN", "說-3SG.屬格"]], "free": ["#e He gave them two guavas in return.", "#c 他回送兩個芭樂。"], "s_end": true, "iu_a_span": [146.31, 147.01], "meta": {"topic": "Pear story", "type": "Narrative", "language": "噶瑪蘭語, Kavalan, Xinshe (新社)", "speaker": "朱阿比, Api, male, 1927-09-15", "collected": "00:02:49", "revised": "2013-1-17", "video": "KavNr-pear_api.mp3"}, "s_a_span": [143.53, 147.01], "file": "Kavalan_Xinshe/KavNr-pear_api", "num": 95}], [96, {"ori": [], "gloss": [["...(0.7)", "", ""], ["wani", "that’s", "那就是"], ["baqi-an", "male.elder-AN", "男性老人-AN"], ["a", "LNK", "連詞"], ["yau", "that", "那個"], ["nani,\\", "DM", "DM"]], "free": [], "s_end": false, "iu_a_span": [147.01, 149.21], "meta": {"topic": "Pear story", "type": "Narrative", "language": "噶瑪蘭語, Kavalan, Xinshe (新社)", "speaker": "朱阿比, Api, male, 1927-09-15", "collected": "00:02:49", "revised": "2013-1-17", "video": "KavNr-pear_api.mp3"}, "file": "Kavalan_Xinshe/KavNr-pear_api", "num": 96}], [97, {"ori": [], "gloss": [["..", "", ""], ["X,\\", "", ""]], "free": [], "s_end": false, "iu_a_span": [149.21, 149.73], "meta": {"topic": "Pear story", "type": "Narrative", "language": "噶瑪蘭語, Kavalan, Xinshe (新社)", "speaker": "朱阿比, Api, male, 1927-09-15", "collected": "00:02:49", "revised": "2013-1-17", "video": "KavNr-pear_api.mp3"}, "file": "Kavalan_Xinshe/KavNr-pear_api", "num": 97}], [98, {"ori": [], "gloss": [["..", "", ""], ["pun", "finish", "結束"], ["nani,\\", "DM", "DM"]], "free": [], "s_end": false, "iu_a_span": [149.73, 150.23], "meta": {"topic": "Pear story", "type": "Narrative", "language": "噶瑪蘭語, Kavalan, Xinshe (新社)", "speaker": "朱阿比, Api, male, 1927-09-15", "collected": "00:02:49", "revised": "2013-1-17", "video": "KavNr-pear_api.mp3"}, "file": "Kavalan_Xinshe/KavNr-pear_api", "num": 98}], [99, {"ori": [], "gloss": [["..", "", ""], ["t<m>adikud=ti", "<AF>turn.round=PFV", "<主焦>回頭=完成"], ["ya", "NOM", "主格"], ["sunis", "child", "小孩"], ["a", "LNK", "連詞"], ["yau,_", "that", "那個"]], "free": ["#e The child turned.", "#c 小孩子回頭。"], "s_end": true, "iu_a_span": [150.23, 151.55], "meta": {"topic": "Pear story", "type": "Narrative", "language": "噶瑪蘭語, Kavalan, Xinshe (新社)", "speaker": "朱阿比, Api, male, 1927-09-15", "collected": "00:02:49", "revised": "2013-1-17", "video": "KavNr-pear_api.mp3"}, "s_a_span": [147.01, 151.55], "file": "Kavalan_Xinshe/KavNr-pear_api", "num": 99}]], "meta": {"topic": "Pear story", "type": "Narrative", "language": "噶瑪蘭語, Kavalan, Xinshe (新社)", "speaker": "朱阿比, Api, male, 1927-09-15", "collected": "00:02:49", "revised": "2013-1-17", "video": "KavNr-pear_api.mp3"}}