{"glosses": [[1, {"ori": [], "gloss": [["...(5.4)", "", ""], ["tangi,_", "today", "今天"]], "free": [], "s_end": false, "iu_a_span": [5.46, 6.16], "meta": {"topic": "Ancestors", "type": "Narrative", "language": "噶瑪蘭語, Kavalan, Xinshe (新社)", "speaker": "謝宗修, Buya, male, 1957-09-10", "collected": "2004-10-20", "revised": "2014-6-11", "video": "KavNr-ancestor_buya.mp3"}, "file": "Kavalan_Xinshe/KavNr-ancestor_buya", "num": 1}], [2, {"ori": [], "gloss": [["...(1.8)", "", ""], ["pa-kunku=pa=iku", "CAU-story=FUT=1SG.NOM", "CAU-故事=未來=1SG.主格"], ["tu", "OBL", "斜格"], ["zana,_", "3SG.POSS", "3SG.所有格"]], "free": ["#n pa-kunku: 講故事", "#n pa-kunku: 講故事"], "s_end": false, "iu_a_span": [6.16, 9.47], "meta": {"topic": "Ancestors", "type": "Narrative", "language": "噶瑪蘭語, Kavalan, Xinshe (新社)", "speaker": "謝宗修, Buya, male, 1957-09-10", "collected": "2004-10-20", "revised": "2014-6-11", "video": "KavNr-ancestor_buya.mp3"}, "file": "Kavalan_Xinshe/KavNr-ancestor_buya", "num": 2}], [3, {"ori": [], "gloss": [["...(1.7)", "", ""], ["masang", "in.the.past", "從前"], ["baqi-ta,\\", "ancestor-1IPL.GEN", "祖先-1IPL.屬格"]], "free": [], "s_end": false, "iu_a_span": [9.47, 12.94], "meta": {"topic": "Ancestors", "type": "Narrative", "language": "噶瑪蘭語, Kavalan, Xinshe (新社)", "speaker": "謝宗修, Buya, male, 1957-09-10", "collected": "2004-10-20", "revised": "2014-6-11", "video": "KavNr-ancestor_buya.mp3"}, "file": "Kavalan_Xinshe/KavNr-ancestor_buya", "num": 3}], [4, {"ori": [], "gloss": [["...(1.4)", "", ""], ["nizi", "from", "從"], ["ta-yilan-an.\\", "LOC-PN-LOC", "處格-宜蘭-處格"]], "free": ["#e Today, I am going to tell a story about our ancestors coming from Yi-lan.", "#c 今天我要講一個故事, 是有關我們祖先起源於宜蘭的故事。"], "s_end": true, "iu_a_span": [12.94, 15.6], "meta": {"topic": "Ancestors", "type": "Narrative", "language": "噶瑪蘭語, Kavalan, Xinshe (新社)", "speaker": "謝宗修, Buya, male, 1957-09-10", "collected": "2004-10-20", "revised": "2014-6-11", "video": "KavNr-ancestor_buya.mp3"}, "s_a_span": [5.46, 15.6], "file": "Kavalan_Xinshe/KavNr-ancestor_buya", "num": 4}], [5, {"ori": [], "gloss": [["...(2.8)", "", ""], ["masang", "in.the.past", "從前"], ["tayan", "there", "那裡"], ["ta-yilan-an", "LOC-PN-LOC", "處格-宜蘭-處格"], ["nani,\\", "DM", "DM"]], "free": [], "s_end": false, "iu_a_span": [15.6, 20.12], "meta": {"topic": "Ancestors", "type": "Narrative", "language": "噶瑪蘭語, Kavalan, Xinshe (新社)", "speaker": "謝宗修, Buya, male, 1957-09-10", "collected": "2004-10-20", "revised": "2014-6-11", "video": "KavNr-ancestor_buya.mp3"}, "file": "Kavalan_Xinshe/KavNr-ancestor_buya", "num": 5}], [6, {"ori": [], "gloss": [["...(1.1)", "", ""], ["mwaza,_", "many.NHUM", "很多.NHUM"]], "free": [], "s_end": false, "iu_a_span": [20.12, 21.95], "meta": {"topic": "Ancestors", "type": "Narrative", "language": "噶瑪蘭語, Kavalan, Xinshe (新社)", "speaker": "謝宗修, Buya, male, 1957-09-10", "collected": "2004-10-20", "revised": "2014-6-11", "video": "KavNr-ancestor_buya.mp3"}, "file": "Kavalan_Xinshe/KavNr-ancestor_buya", "num": 6}], [7, {"ori": [], "gloss": [["...(2.6)", "", ""], ["zengna-na,_", "farm-3PL.GEN", "水田-3PL.屬格"]], "free": [], "s_end": false, "iu_a_span": [21.95, 25.38], "meta": {"topic": "Ancestors", "type": "Narrative", "language": "噶瑪蘭語, Kavalan, Xinshe (新社)", "speaker": "謝宗修, Buya, male, 1957-09-10", "collected": "2004-10-20", "revised": "2014-6-11", "video": "KavNr-ancestor_buya.mp3"}, "file": "Kavalan_Xinshe/KavNr-ancestor_buya", "num": 7}], [8, {"ori": [], "gloss": [["...(1.8)", "", ""], ["mwaza", "many.NHUM", "很多.NHUM"], ["banang-na", "land-3PL.GEN", "土地-3PL.屬格"], ["baqian", "male.ancestor", "男祖先"], ["tayan,\\", "there", "那裡"]], "free": [], "s_end": false, "iu_a_span": [25.38, 29.09], "meta": {"topic": "Ancestors", "type": "Narrative", "language": "噶瑪蘭語, Kavalan, Xinshe (新社)", "speaker": "謝宗修, Buya, male, 1957-09-10", "collected": "2004-10-20", "revised": "2014-6-11", "video": "KavNr-ancestor_buya.mp3"}, "file": "Kavalan_Xinshe/KavNr-ancestor_buya", "num": 8}], [9, {"ori": [], "gloss": [["..", "", ""], ["na", "GEN", "屬格"], ["baybedan,_", "female.ancestor", "女祖先"]], "free": [], "s_end": false, "iu_a_span": [29.09, 30.43], "meta": {"topic": "Ancestors", "type": "Narrative", "language": "噶瑪蘭語, Kavalan, Xinshe (新社)", "speaker": "謝宗修, Buya, male, 1957-09-10", "collected": "2004-10-20", "revised": "2014-6-11", "video": "KavNr-ancestor_buya.mp3"}, "file": "Kavalan_Xinshe/KavNr-ancestor_buya", "num": 9}], [10, {"ori": [], "gloss": [["...(2.6)", "", ""], ["bayi-ta.\\", "female.ancestor-1IPL.GEN", "女祖先-1IPL.屬格"]], "free": ["#e Some time ago in Yi-lan there were many farms and lands of our ancestors’.", "#c 從前在宜蘭有很多我們祖先的水田和土地。"], "s_end": true, "iu_a_span": [30.43, 33.73], "meta": {"topic": "Ancestors", "type": "Narrative", "language": "噶瑪蘭語, Kavalan, Xinshe (新社)", "speaker": "謝宗修, Buya, male, 1957-09-10", "collected": "2004-10-20", "revised": "2014-6-11", "video": "KavNr-ancestor_buya.mp3"}, "s_a_span": [15.6, 33.73], "file": "Kavalan_Xinshe/KavNr-ancestor_buya", "num": 10}], [11, {"ori": [], "gloss": [["...(4.4)", "", ""], ["yau=ti", "EXIST=PFV", "存在=完成"], ["busus,_", "Han.people", "漢人"]], "free": [], "s_end": false, "iu_a_span": [33.73, 39.19], "meta": {"topic": "Ancestors", "type": "Narrative", "language": "噶瑪蘭語, Kavalan, Xinshe (新社)", "speaker": "謝宗修, Buya, male, 1957-09-10", "collected": "2004-10-20", "revised": "2014-6-11", "video": "KavNr-ancestor_buya.mp3"}, "file": "Kavalan_Xinshe/KavNr-ancestor_buya", "num": 11}], [12, {"ori": [], "gloss": [["...(3.9)", "", ""], ["maseq", "AF.arrive", "主焦.到達"], ["taiyan,_", "there", "那裡"]], "free": [], "s_end": false, "iu_a_span": [39.19, 43.88], "meta": {"topic": "Ancestors", "type": "Narrative", "language": "噶瑪蘭語, Kavalan, Xinshe (新社)", "speaker": "謝宗修, Buya, male, 1957-09-10", "collected": "2004-10-20", "revised": "2014-6-11", "video": "KavNr-ancestor_buya.mp3"}, "file": "Kavalan_Xinshe/KavNr-ancestor_buya", "num": 12}], [13, {"ori": ["...(0.9)", "matiw", "ta-,_"], "gloss": [["AF.go", "主焦.去", "14"], ["LOC-", "", ""], ["...", "", ""], ["yilan-an", "處格-", "宜蘭-處格"], ["nani._", "PN-LOC", "DM"]], "free": ["#e Then, Han people arrived there…went to Yi-lan.", "#c 然後就有漢人到了宜蘭去。"], "s_end": true, "iu_a_span": [43.88, 45.57], "meta": {"topic": "Ancestors", "type": "Narrative", "language": "噶瑪蘭語, Kavalan, Xinshe (新社)", "speaker": "謝宗修, Buya, male, 1957-09-10", "collected": "2004-10-20", "revised": "2014-6-11", "video": "KavNr-ancestor_buya.mp3"}, "s_a_span": [33.73, 45.57], "file": "Kavalan_Xinshe/KavNr-ancestor_buya", "num": 13}], [15, {"ori": [], "gloss": [["...(1.8)", "", ""], ["supaR", "capable", "會"], ["qaniawu,\\", "3PL.NOM", "3PL.主格"]], "free": [], "s_end": false, "iu_a_span": [46.83, 49.8], "meta": {"topic": "Ancestors", "type": "Narrative", "language": "噶瑪蘭語, Kavalan, Xinshe (新社)", "speaker": "謝宗修, Buya, male, 1957-09-10", "collected": "2004-10-20", "revised": "2014-6-11", "video": "KavNr-ancestor_buya.mp3"}, "file": "Kavalan_Xinshe/KavNr-ancestor_buya", "num": 15}], [16, {"ori": [], "gloss": [["...(0.9)", "", ""], ["kasianem", "think", "想"], ["tu==,_", "OBL", "斜格"]], "free": [], "s_end": false, "iu_a_span": [49.8, 51.71], "meta": {"topic": "Ancestors", "type": "Narrative", "language": "噶瑪蘭語, Kavalan, Xinshe (新社)", "speaker": "謝宗修, Buya, male, 1957-09-10", "collected": "2004-10-20", "revised": "2014-6-11", "video": "KavNr-ancestor_buya.mp3"}, "file": "Kavalan_Xinshe/KavNr-ancestor_buya", "num": 16}], [17, {"ori": [], "gloss": [["...", "", ""], ["sa-naquni-an,\\", "FUT-how-NMZ", "未來-如何-名物化"]], "free": [], "s_end": false, "iu_a_span": [51.71, 53.38], "meta": {"topic": "Ancestors", "type": "Narrative", "language": "噶瑪蘭語, Kavalan, Xinshe (新社)", "speaker": "謝宗修, Buya, male, 1957-09-10", "collected": "2004-10-20", "revised": "2014-6-11", "video": "KavNr-ancestor_buya.mp3"}, "file": "Kavalan_Xinshe/KavNr-ancestor_buya", "num": 17}], [18, {"ori": [], "gloss": [["...", "", ""], ["tu", "TU", "TU"], ["m-ala", "AF-obtain", "主焦-獲得"], ["tu,_", "OBL", "斜格"]], "free": [], "s_end": false, "iu_a_span": [53.38, 54.6], "meta": {"topic": "Ancestors", "type": "Narrative", "language": "噶瑪蘭語, Kavalan, Xinshe (新社)", "speaker": "謝宗修, Buya, male, 1957-09-10", "collected": "2004-10-20", "revised": "2014-6-11", "video": "KavNr-ancestor_buya.mp3"}, "file": "Kavalan_Xinshe/KavNr-ancestor_buya", "num": 18}], [19, {"ori": [], "gloss": [["...(1.3)", "", ""], ["zengna-na,_", "farm-3PL.GEN", "水田-3PL.屬格"]], "free": [], "s_end": false, "iu_a_span": [54.6, 56.72], "meta": {"topic": "Ancestors", "type": "Narrative", "language": "噶瑪蘭語, Kavalan, Xinshe (新社)", "speaker": "謝宗修, Buya, male, 1957-09-10", "collected": "2004-10-20", "revised": "2014-6-11", "video": "KavNr-ancestor_buya.mp3"}, "file": "Kavalan_Xinshe/KavNr-ancestor_buya", "num": 19}], [20, {"ori": [], "gloss": [["...(1.1)", "", ""], ["baqi-ta", "male.ancestor-1IPL.GEN", "男祖先-1IPL.屬格"], ["bayi-ta.\\", "female.ancestor-1IPL.GEN", "女祖先-1IPL.屬格"]], "free": ["#e They were good at planning how to obtain our ancestors’ farms.", "#c 他們很懂得計畫該如何才能得到祖先們的水田。"], "s_end": true, "iu_a_span": [56.72, 59.25], "meta": {"topic": "Ancestors", "type": "Narrative", "language": "噶瑪蘭語, Kavalan, Xinshe (新社)", "speaker": "謝宗修, Buya, male, 1957-09-10", "collected": "2004-10-20", "revised": "2014-6-11", "video": "KavNr-ancestor_buya.mp3"}, "s_a_span": [46.83, 59.25], "file": "Kavalan_Xinshe/KavNr-ancestor_buya", "num": 20}], [21, {"ori": [], "gloss": [["...(3.7)", "", ""], ["wanay", "because", "由於"], ["kebalan,_", "Kavalan", "噶瑪蘭"]], "free": [], "s_end": false, "iu_a_span": [59.25, 64.05], "meta": {"topic": "Ancestors", "type": "Narrative", "language": "噶瑪蘭語, Kavalan, Xinshe (新社)", "speaker": "謝宗修, Buya, male, 1957-09-10", "collected": "2004-10-20", "revised": "2014-6-11", "video": "KavNr-ancestor_buya.mp3"}, "file": "Kavalan_Xinshe/KavNr-ancestor_buya", "num": 21}], [22, {"ori": [], "gloss": [["...(1.0)", "", ""], ["muaza", "many.NHUM", "很多.NHUM"], ["lisin-na,_", "superstition-3PL.GEN", "迷信-3PL.屬格"]], "free": [], "s_end": false, "iu_a_span": [64.05, 66.18], "meta": {"topic": "Ancestors", "type": "Narrative", "language": "噶瑪蘭語, Kavalan, Xinshe (新社)", "speaker": "謝宗修, Buya, male, 1957-09-10", "collected": "2004-10-20", "revised": "2014-6-11", "video": "KavNr-ancestor_buya.mp3"}, "file": "Kavalan_Xinshe/KavNr-ancestor_buya", "num": 22}], [23, {"ori": [], "gloss": [["...(3.2)", "", ""], ["tu", "TU", "TU"], ["zana==,_", "3PL.POSS", "3PL.所有格"]], "free": [], "s_end": false, "iu_a_span": [66.18, 70.36], "meta": {"topic": "Ancestors", "type": "Narrative", "language": "噶瑪蘭語, Kavalan, Xinshe (新社)", "speaker": "謝宗修, Buya, male, 1957-09-10", "collected": "2004-10-20", "revised": "2014-6-11", "video": "KavNr-ancestor_buya.mp3"}, "file": "Kavalan_Xinshe/KavNr-ancestor_buya", "num": 23}], [24, {"ori": [], "gloss": [["...(1.6)", "", ""], ["metiwu-ay.\\", "witch-REL", "巫師-關係詞"]], "free": ["#e Since Kavalan people have many superstitions, such as something about witches.", "#c 由於噶瑪蘭人有很多的迷信, 比方說巫師之類的東西。"], "s_end": true, "iu_a_span": [70.36, 72.9], "meta": {"topic": "Ancestors", "type": "Narrative", "language": "噶瑪蘭語, Kavalan, Xinshe (新社)", "speaker": "謝宗修, Buya, male, 1957-09-10", "collected": "2004-10-20", "revised": "2014-6-11", "video": "KavNr-ancestor_buya.mp3"}, "s_a_span": [59.25, 72.9], "file": "Kavalan_Xinshe/KavNr-ancestor_buya", "num": 24}], [25, {"ori": [], "gloss": [["...(2.0)", "", ""], ["zin-na", "say-3PL.GEN", "說-3PL.屬格"], ["kasianem.\\", "think", "想"]], "free": ["#e They think so.", "#c 他們如此認為。"], "s_end": true, "iu_a_span": [72.9, 75.85], "meta": {"topic": "Ancestors", "type": "Narrative", "language": "噶瑪蘭語, Kavalan, Xinshe (新社)", "speaker": "謝宗修, Buya, male, 1957-09-10", "collected": "2004-10-20", "revised": "2014-6-11", "video": "KavNr-ancestor_buya.mp3"}, "s_a_span": [72.9, 75.85], "file": "Kavalan_Xinshe/KavNr-ancestor_buya", "num": 25}], [26, {"ori": [], "gloss": [["...(1.8)", "", ""], ["yau", "EXIST", "存在"], ["'nay", "that", "那個"], ["lasap,_", "dirty", "髒"]], "free": [], "s_end": false, "iu_a_span": [75.85, 79.02], "meta": {"topic": "Ancestors", "type": "Narrative", "language": "噶瑪蘭語, Kavalan, Xinshe (新社)", "speaker": "謝宗修, Buya, male, 1957-09-10", "collected": "2004-10-20", "revised": "2014-6-11", "video": "KavNr-ancestor_buya.mp3"}, "file": "Kavalan_Xinshe/KavNr-ancestor_buya", "num": 26}], [27, {"ori": [], "gloss": [["...(1.5)", "", ""], ["lasap-ay", "dirty-REL", "髒-關係詞"], ["Ray--", "FS", "FS"], ["naRay-,_", "FS", "FS"]], "free": [], "s_end": false, "iu_a_span": [79.02, 82.16], "meta": {"topic": "Ancestors", "type": "Narrative", "language": "噶瑪蘭語, Kavalan, Xinshe (新社)", "speaker": "謝宗修, Buya, male, 1957-09-10", "collected": "2004-10-20", "revised": "2014-6-11", "video": "KavNr-ancestor_buya.mp3"}, "file": "Kavalan_Xinshe/KavNr-ancestor_buya", "num": 27}], [28, {"ori": [], "gloss": [["...(0.8)", "", ""], ["Raybang,\\", "thing", "東西"]], "free": [], "s_end": false, "iu_a_span": [82.16, 83.65], "meta": {"topic": "Ancestors", "type": "Narrative", "language": "噶瑪蘭語, Kavalan, Xinshe (新社)", "speaker": "謝宗修, Buya, male, 1957-09-10", "collected": "2004-10-20", "revised": "2014-6-11", "video": "KavNr-ancestor_buya.mp3"}, "file": "Kavalan_Xinshe/KavNr-ancestor_buya", "num": 28}], [29, {"ori": [], "gloss": [["...(1.8)", "", ""], ["taqa=ti", "abandon=PFV", "放棄=完成"], ["tu==,_", "OBL", "斜格"]], "free": [], "s_end": false, "iu_a_span": [83.65, 86.53], "meta": {"topic": "Ancestors", "type": "Narrative", "language": "噶瑪蘭語, Kavalan, Xinshe (新社)", "speaker": "謝宗修, Buya, male, 1957-09-10", "collected": "2004-10-20", "revised": "2014-6-11", "video": "KavNr-ancestor_buya.mp3"}, "file": "Kavalan_Xinshe/KavNr-ancestor_buya", "num": 29}], [30, {"ori": [], "gloss": [["...(2.0)", "", ""], ["taiyan", "there", "那裡"], ["tu,\\", "OBL", "斜格"]], "free": [], "s_end": false, "iu_a_span": [86.53, 89.34], "meta": {"topic": "Ancestors", "type": "Narrative", "language": "噶瑪蘭語, Kavalan, Xinshe (新社)", "speaker": "謝宗修, Buya, male, 1957-09-10", "collected": "2004-10-20", "revised": "2014-6-11", "video": "KavNr-ancestor_buya.mp3"}, "file": "Kavalan_Xinshe/KavNr-ancestor_buya", "num": 30}], [31, {"ori": [], "gloss": [["..", "", ""], ["qayzuan-an.\\", "place-LOC", "地方-處格"]], "free": ["#e When there is something dirty (unclean) in a place, they will abandon that place.", "#c 某個地方有髒東西的時候, 他們就會放棄那裡。"], "s_end": true, "iu_a_span": [89.34, 90.17], "meta": {"topic": "Ancestors", "type": "Narrative", "language": "噶瑪蘭語, Kavalan, Xinshe (新社)", "speaker": "謝宗修, Buya, male, 1957-09-10", "collected": "2004-10-20", "revised": "2014-6-11", "video": "KavNr-ancestor_buya.mp3"}, "s_a_span": [75.85, 90.17], "file": "Kavalan_Xinshe/KavNr-ancestor_buya", "num": 31}], [32, {"ori": [], "gloss": [["...(1.8)", "", ""], ["nayau", "that.way", "那樣"], ["supaR=ti", "know=PFV", "知道=完成"], ["'daq._", "others", "別人"]], "free": ["#e Others knew it.", "#c 別人知道了這件事。"], "s_end": true, "iu_a_span": [90.17, 93.5], "meta": {"topic": "Ancestors", "type": "Narrative", "language": "噶瑪蘭語, Kavalan, Xinshe (新社)", "speaker": "謝宗修, Buya, male, 1957-09-10", "collected": "2004-10-20", "revised": "2014-6-11", "video": "KavNr-ancestor_buya.mp3"}, "s_a_span": [90.17, 93.5], "file": "Kavalan_Xinshe/KavNr-ancestor_buya", "num": 32}], [33, {"ori": [], "gloss": [["...(1.0)", "", ""], ["supaR=ti", "know=PFV", "知道=完成"], ["busus,_", "Han.people", "漢人"]], "free": [], "s_end": false, "iu_a_span": [93.5, 95.54], "meta": {"topic": "Ancestors", "type": "Narrative", "language": "噶瑪蘭語, Kavalan, Xinshe (新社)", "speaker": "謝宗修, Buya, male, 1957-09-10", "collected": "2004-10-20", "revised": "2014-6-11", "video": "KavNr-ancestor_buya.mp3"}, "file": "Kavalan_Xinshe/KavNr-ancestor_buya", "num": 33}], [34, {"ori": [], "gloss": [["...(1.3)", "", ""], ["tu,_", "OBL", "斜格"]], "free": [], "s_end": false, "iu_a_span": [95.54, 97.32], "meta": {"topic": "Ancestors", "type": "Narrative", "language": "噶瑪蘭語, Kavalan, Xinshe (新社)", "speaker": "謝宗修, Buya, male, 1957-09-10", "collected": "2004-10-20", "revised": "2014-6-11", "video": "KavNr-ancestor_buya.mp3"}, "file": "Kavalan_Xinshe/KavNr-ancestor_buya", "num": 34}], [35, {"ori": [], "gloss": [["...(1.8)", "", ""], ["waway", "customs", "習俗"], ["na", "GEN", "屬格"], ["kebalan,\\", "Kavalan", "噶瑪蘭"]], "free": [], "s_end": false, "iu_a_span": [97.32, 100.44], "meta": {"topic": "Ancestors", "type": "Narrative", "language": "噶瑪蘭語, Kavalan, Xinshe (新社)", "speaker": "謝宗修, Buya, male, 1957-09-10", "collected": "2004-10-20", "revised": "2014-6-11", "video": "KavNr-ancestor_buya.mp3"}, "file": "Kavalan_Xinshe/KavNr-ancestor_buya", "num": 35}], [36, {"ori": [], "gloss": [["...(3.1)", "", ""], ["Ranaw,_", "so", "所以"]], "free": [], "s_end": false, "iu_a_span": [100.44, 104.18], "meta": {"topic": "Ancestors", "type": "Narrative", "language": "噶瑪蘭語, Kavalan, Xinshe (新社)", "speaker": "謝宗修, Buya, male, 1957-09-10", "collected": "2004-10-20", "revised": "2014-6-11", "video": "KavNr-ancestor_buya.mp3"}, "file": "Kavalan_Xinshe/KavNr-ancestor_buya", "num": 36}], [37, {"ori": [], "gloss": [["...(1.2)", "", ""], ["nayaw-an-na=ti._", "that.way-LF-3PL.GEN=PFV", "那樣-處焦-3PL.屬格=完成"]], "free": ["#e The Han people knew the customs of Kavalan, so they did so.", "#c 漢人知道了噶瑪蘭的習俗, 所以他們就那樣。"], "s_end": true, "iu_a_span": [104.18, 106.41], "meta": {"topic": "Ancestors", "type": "Narrative", "language": "噶瑪蘭語, Kavalan, Xinshe (新社)", "speaker": "謝宗修, Buya, male, 1957-09-10", "collected": "2004-10-20", "revised": "2014-6-11", "video": "KavNr-ancestor_buya.mp3"}, "s_a_span": [93.5, 106.41], "file": "Kavalan_Xinshe/KavNr-ancestor_buya", "num": 37}], [38, {"ori": [], "gloss": [["...(1.4)", "", ""], ["XXX", "", ""], ["spaw", "put", "放"], ["tu,\\", "OBL", "斜格"]], "free": [], "s_end": false, "iu_a_span": [106.41, 109.62], "meta": {"topic": "Ancestors", "type": "Narrative", "language": "噶瑪蘭語, Kavalan, Xinshe (新社)", "speaker": "謝宗修, Buya, male, 1957-09-10", "collected": "2004-10-20", "revised": "2014-6-11", "video": "KavNr-ancestor_buya.mp3"}, "file": "Kavalan_Xinshe/KavNr-ancestor_buya", "num": 38}], [39, {"ori": [], "gloss": [["...(0.9)", "", ""], ["patay=ay,_", "die=REL", "死-關係詞"]], "free": [], "s_end": false, "iu_a_span": [109.62, 111.35], "meta": {"topic": "Ancestors", "type": "Narrative", "language": "噶瑪蘭語, Kavalan, Xinshe (新社)", "speaker": "謝宗修, Buya, male, 1957-09-10", "collected": "2004-10-20", "revised": "2014-6-11", "video": "KavNr-ancestor_buya.mp3"}, "file": "Kavalan_Xinshe/KavNr-ancestor_buya", "num": 39}], [40, {"ori": [], "gloss": [["...(1.2)", "", ""], ["wasu,\\", "dog", "狗"]], "free": [], "s_end": false, "iu_a_span": [111.35, 113.25], "meta": {"topic": "Ancestors", "type": "Narrative", "language": "噶瑪蘭語, Kavalan, Xinshe (新社)", "speaker": "謝宗修, Buya, male, 1957-09-10", "collected": "2004-10-20", "revised": "2014-6-11", "video": "KavNr-ancestor_buya.mp3"}, "file": "Kavalan_Xinshe/KavNr-ancestor_buya", "num": 40}], [41, {"ori": [], "gloss": [["...(1.0)", "", ""], ["u==,_", "or", "或"]], "free": [], "s_end": false, "iu_a_span": [113.25, 114.64], "meta": {"topic": "Ancestors", "type": "Narrative", "language": "噶瑪蘭語, Kavalan, Xinshe (新社)", "speaker": "謝宗修, Buya, male, 1957-09-10", "collected": "2004-10-20", "revised": "2014-6-11", "video": "KavNr-ancestor_buya.mp3"}, "file": "Kavalan_Xinshe/KavNr-ancestor_buya", "num": 41}], [42, {"ori": [], "gloss": [["...", "", ""], ["pa’tay=ay", "die=REL", "死-關係詞"], ["taquq,\\", "chicken", "雞"]], "free": [], "s_end": false, "iu_a_span": [114.64, 116.11], "meta": {"topic": "Ancestors", "type": "Narrative", "language": "噶瑪蘭語, Kavalan, Xinshe (新社)", "speaker": "謝宗修, Buya, male, 1957-09-10", "collected": "2004-10-20", "revised": "2014-6-11", "video": "KavNr-ancestor_buya.mp3"}, "file": "Kavalan_Xinshe/KavNr-ancestor_buya", "num": 42}], [43, {"ori": [], "gloss": [["...", "", ""], ["spaw-an-na", "put-LF-3PL.GEN", "放-處焦-3PL.屬格"], ["ta-,_", "LOC", "處格"]], "free": [], "s_end": false, "iu_a_span": [116.11, 117.61], "meta": {"topic": "Ancestors", "type": "Narrative", "language": "噶瑪蘭語, Kavalan, Xinshe (新社)", "speaker": "謝宗修, Buya, male, 1957-09-10", "collected": "2004-10-20", "revised": "2014-6-11", "video": "KavNr-ancestor_buya.mp3"}, "file": "Kavalan_Xinshe/KavNr-ancestor_buya", "num": 43}], [44, {"ori": [], "gloss": [["...(3.5)", "", ""], ["zengna-na", "farm-3PL.GEN", "水田-3PL.屬格"], ["qaniaw.\\", "3PL.NOM", "3PL.主格"]], "free": ["#e They left dead dogs or chickens in the farm.", "#c 他們把死狗或死雞丟到水田裡。"], "s_end": true, "iu_a_span": [117.61, 122.37], "meta": {"topic": "Ancestors", "type": "Narrative", "language": "噶瑪蘭語, Kavalan, Xinshe (新社)", "speaker": "謝宗修, Buya, male, 1957-09-10", "collected": "2004-10-20", "revised": "2014-6-11", "video": "KavNr-ancestor_buya.mp3"}, "s_a_span": [106.41, 122.37], "file": "Kavalan_Xinshe/KavNr-ancestor_buya", "num": 44}], [45, {"ori": [], "gloss": [["...(4.8)", "", ""], ["tita-an-na", "see-LF-3PL.GEN", "看-處焦-3PL.屬格"], ["baq-,_", "FS", "FS"]], "free": [], "s_end": false, "iu_a_span": [122.37, 128.12], "meta": {"topic": "Ancestors", "type": "Narrative", "language": "噶瑪蘭語, Kavalan, Xinshe (新社)", "speaker": "謝宗修, Buya, male, 1957-09-10", "collected": "2004-10-20", "revised": "2014-6-11", "video": "KavNr-ancestor_buya.mp3"}, "file": "Kavalan_Xinshe/KavNr-ancestor_buya", "num": 45}], [46, {"ori": [], "gloss": [["...", "", ""], ["na", "GEN", "屬格"], ["baqi-ta", "male.ancestor-1IPL.GEN", "男祖先-1IPL.屬格"], ["na", "GEN", "屬格"], ["bayi-ta", "female.ancestor-1IPL.GEN", "女祖先-1IPL.屬格"], ["nani.\\", "DM", "DM"]], "free": ["#e Our ancestors saw them (dead dogs or chickens in the farm).", "#c 我們的祖先們就看到了(田裡死去的狗或雞)。"], "s_end": true, "iu_a_span": [128.12, 130.35], "meta": {"topic": "Ancestors", "type": "Narrative", "language": "噶瑪蘭語, Kavalan, Xinshe (新社)", "speaker": "謝宗修, Buya, male, 1957-09-10", "collected": "2004-10-20", "revised": "2014-6-11", "video": "KavNr-ancestor_buya.mp3"}, "s_a_span": [122.37, 130.35], "file": "Kavalan_Xinshe/KavNr-ancestor_buya", "num": 46}], [47, {"ori": [], "gloss": [["...(1.4)", "", ""], ["mana", "why", "為什麼"], ["yau", "EXIST", "存在"], ["nazawai", "this.way", "這樣"], ["patay=ay,\\", "AF.die=REL", "主焦-死=關係詞"]], "free": [], "s_end": false, "iu_a_span": [130.35, 133.49], "meta": {"topic": "Ancestors", "type": "Narrative", "language": "噶瑪蘭語, Kavalan, Xinshe (新社)", "speaker": "謝宗修, Buya, male, 1957-09-10", "collected": "2004-10-20", "revised": "2014-6-11", "video": "KavNr-ancestor_buya.mp3"}, "file": "Kavalan_Xinshe/KavNr-ancestor_buya", "num": 47}], [48, {"ori": [], "gloss": [["...", "", ""], ["sukaw", "bad", "不好"], ["nayaw=ay,\\", "that.way=REL", "那樣=關係詞"]], "free": [], "s_end": false, "iu_a_span": [133.49, 134.72], "meta": {"topic": "Ancestors", "type": "Narrative", "language": "噶瑪蘭語, Kavalan, Xinshe (新社)", "speaker": "謝宗修, Buya, male, 1957-09-10", "collected": "2004-10-20", "revised": "2014-6-11", "video": "KavNr-ancestor_buya.mp3"}, "file": "Kavalan_Xinshe/KavNr-ancestor_buya", "num": 48}], [49, {"ori": [], "gloss": [["...", "", ""], ["zin-na", "say-3PL.GEN", "說-3PL.屬格"], ["baqi.\\", "male.ancestor", "男祖先"]], "free": ["#e ‘How come there are such dead things.’ ‘That kind of things are bad,’ thought our ancestors.", "#c 怎麼會有這樣的死掉的東西,那樣的東西不好,我們的祖先這樣想。"], "s_end": true, "iu_a_span": [134.72, 136.03], "meta": {"topic": "Ancestors", "type": "Narrative", "language": "噶瑪蘭語, Kavalan, Xinshe (新社)", "speaker": "謝宗修, Buya, male, 1957-09-10", "collected": "2004-10-20", "revised": "2014-6-11", "video": "KavNr-ancestor_buya.mp3"}, "s_a_span": [130.35, 136.03], "file": "Kavalan_Xinshe/KavNr-ancestor_buya", "num": 49}], [50, {"ori": [], "gloss": [["...(2.2)", "", ""], ["izau-an-na=ti", "leave.behind-LF-3PL.GEN=完成", "留下-處焦-3PL.屬格=完成"], ["tayan,\\", "there", "那裡"]], "free": [], "s_end": false, "iu_a_span": [136.03, 139.5], "meta": {"topic": "Ancestors", "type": "Narrative", "language": "噶瑪蘭語, Kavalan, Xinshe (新社)", "speaker": "謝宗修, Buya, male, 1957-09-10", "collected": "2004-10-20", "revised": "2014-6-11", "video": "KavNr-ancestor_buya.mp3"}, "file": "Kavalan_Xinshe/KavNr-ancestor_buya", "num": 50}], [51, {"ori": [], "gloss": [["...(2.4)", "", ""], ["idad-an-na=ti,\\", "surround-", "圍起來-處焦-3PL.屬格=完成"]], "free": [], "s_end": false, "iu_a_span": [139.5, 142.88], "meta": {"topic": "Ancestors", "type": "Narrative", "language": "噶瑪蘭語, Kavalan, Xinshe (新社)", "speaker": "謝宗修, Buya, male, 1957-09-10", "collected": "2004-10-20", "revised": "2014-6-11", "video": "KavNr-ancestor_buya.mp3"}, "file": "Kavalan_Xinshe/KavNr-ancestor_buya", "num": 51}], [52, {"ori": [], "gloss": [["...", "", ""], ["sukaw=ti", "bad=PFV", "不好=完成"], ["koway-an", "plow-NMZ", "耕作-名物化"], ["zau,\\", "this", "這個"]], "free": [], "s_end": false, "iu_a_span": [142.88, 145.04], "meta": {"topic": "Ancestors", "type": "Narrative", "language": "噶瑪蘭語, Kavalan, Xinshe (新社)", "speaker": "謝宗修, Buya, male, 1957-09-10", "collected": "2004-10-20", "revised": "2014-6-11", "video": "KavNr-ancestor_buya.mp3"}, "file": "Kavalan_Xinshe/KavNr-ancestor_buya", "num": 52}], [53, {"ori": [], "gloss": [["...", "", ""], ["zin-na", "say-3PL.GEN", "說-3PL.屬格"], ["baqian", "male.elder", "男長輩"], ["haw.\\", "INT", "感嘆"]], "free": ["#e (They) left them there and surrounded (that place). The land cannot be plowed, thought the elders.", "#c 他們把地留在那裡不管,並且把它圍起來,這個田就不能耕作了,老人們這麼想。", "#n baqian=ti  aizipna, old=PFV  3SG.NOM, 老=完成  3SG.主格, ‘He is old.’"], "s_end": true, "iu_a_span": [145.04, 146.78], "meta": {"topic": "Ancestors", "type": "Narrative", "language": "噶瑪蘭語, Kavalan, Xinshe (新社)", "speaker": "謝宗修, Buya, male, 1957-09-10", "collected": "2004-10-20", "revised": "2014-6-11", "video": "KavNr-ancestor_buya.mp3"}, "s_a_span": [136.03, 146.78], "file": "Kavalan_Xinshe/KavNr-ancestor_buya", "num": 53}], [54, {"ori": [], "gloss": [["...(1.4)", "", ""], ["nani,_", "DM", "DM"]], "free": [], "s_end": false, "iu_a_span": [146.78, 148.81], "meta": {"topic": "Ancestors", "type": "Narrative", "language": "噶瑪蘭語, Kavalan, Xinshe (新社)", "speaker": "謝宗修, Buya, male, 1957-09-10", "collected": "2004-10-20", "revised": "2014-6-11", "video": "KavNr-ancestor_buya.mp3"}, "file": "Kavalan_Xinshe/KavNr-ancestor_buya", "num": 54}], [55, {"ori": [], "gloss": [["...(2.0)", "", ""], ["tenes,_", "a.long.time", "很久"]], "free": [], "s_end": false, "iu_a_span": [148.81, 151.56], "meta": {"topic": "Ancestors", "type": "Narrative", "language": "噶瑪蘭語, Kavalan, Xinshe (新社)", "speaker": "謝宗修, Buya, male, 1957-09-10", "collected": "2004-10-20", "revised": "2014-6-11", "video": "KavNr-ancestor_buya.mp3"}, "file": "Kavalan_Xinshe/KavNr-ancestor_buya", "num": 55}], [56, {"ori": [], "gloss": [["...(2.0)", "", ""], ["mai=ti", "NEG=PFV", "否定=完成"], ["ni-quay-an=ay,_", "PFV-plow-NMZ=REL", "完成-耕作-名物化=關係詞"]], "free": [], "s_end": false, "iu_a_span": [151.56, 154.98], "meta": {"topic": "Ancestors", "type": "Narrative", "language": "噶瑪蘭語, Kavalan, Xinshe (新社)", "speaker": "謝宗修, Buya, male, 1957-09-10", "collected": "2004-10-20", "revised": "2014-6-11", "video": "KavNr-ancestor_buya.mp3"}, "file": "Kavalan_Xinshe/KavNr-ancestor_buya", "num": 56}], [57, {"ori": [], "gloss": [["...(0.7)", "", ""], ["tita-an-na", "see-LF-3PL.GEN", "看-處焦-3PL.屬格"], ["na==,_", "GEN", "屬格"]], "free": [], "s_end": false, "iu_a_span": [154.98, 156.89], "meta": {"topic": "Ancestors", "type": "Narrative", "language": "噶瑪蘭語, Kavalan, Xinshe (新社)", "speaker": "謝宗修, Buya, male, 1957-09-10", "collected": "2004-10-20", "revised": "2014-6-11", "video": "KavNr-ancestor_buya.mp3"}, "file": "Kavalan_Xinshe/KavNr-ancestor_buya", "num": 57}], [58, {"ori": [], "gloss": [["...(1.3)", "", ""], ["busus", "Hans", "漢人"], ["nani.\\", "DM", "DM"]], "free": ["#e The land which had not been plowed for a long time was seen by the Hans.", "#c 那個很久沒有人耕作的田被漢人看到了。"], "s_end": true, "iu_a_span": [156.89, 159.17], "meta": {"topic": "Ancestors", "type": "Narrative", "language": "噶瑪蘭語, Kavalan, Xinshe (新社)", "speaker": "謝宗修, Buya, male, 1957-09-10", "collected": "2004-10-20", "revised": "2014-6-11", "video": "KavNr-ancestor_buya.mp3"}, "s_a_span": [146.78, 159.17], "file": "Kavalan_Xinshe/KavNr-ancestor_buya", "num": 58}], [59, {"ori": [], "gloss": [["...", "", ""], ["mai", "NEG", "否定"], ["koway-an-numi", "plow-LF-2PL.GEN", "耕作-處焦-2PL.屬格"], ["zau._", "this", "這個"]], "free": ["#e (You) haven’t plowed this land for a long time.", "#c 你們很久沒有耕作這塊田了。"], "s_end": true, "iu_a_span": [159.17, 161.08], "meta": {"topic": "Ancestors", "type": "Narrative", "language": "噶瑪蘭語, Kavalan, Xinshe (新社)", "speaker": "謝宗修, Buya, male, 1957-09-10", "collected": "2004-10-20", "revised": "2014-6-11", "video": "KavNr-ancestor_buya.mp3"}, "s_a_span": [159.17, 161.08], "file": "Kavalan_Xinshe/KavNr-ancestor_buya", "num": 59}], [60, {"ori": [], "gloss": [["...(1.2)", "", ""], ["aiku=pa=ti", "1SG.NOM=FUT=PFV", "1SG.主格=未來=完成"], ["zin-na", "say-3PL.GEN", "說-3PL.屬格"], ["sadiway-an-na=ti,\\", "occupy-LF-3PL.GEN=PFV", "侵占-處焦-3PL.屬格=完成"]], "free": [], "s_end": false, "iu_a_span": [161.08, 164.64], "meta": {"topic": "Ancestors", "type": "Narrative", "language": "噶瑪蘭語, Kavalan, Xinshe (新社)", "speaker": "謝宗修, Buya, male, 1957-09-10", "collected": "2004-10-20", "revised": "2014-6-11", "video": "KavNr-ancestor_buya.mp3"}, "file": "Kavalan_Xinshe/KavNr-ancestor_buya", "num": 60}], [61, {"ori": [], "gloss": [["...(1.5)", "", ""], ["nayau,_", "that.way", "那樣"]], "free": [], "s_end": false, "iu_a_span": [164.64, 167.08], "meta": {"topic": "Ancestors", "type": "Narrative", "language": "噶瑪蘭語, Kavalan, Xinshe (新社)", "speaker": "謝宗修, Buya, male, 1957-09-10", "collected": "2004-10-20", "revised": "2014-6-11", "video": "KavNr-ancestor_buya.mp3"}, "file": "Kavalan_Xinshe/KavNr-ancestor_buya", "num": 61}], [62, {"ori": [], "gloss": [["...(0.8)", "", ""], ["zengna", "farm", "田地"], ["na", "GEN", "屬格"], ["baqian", "male.ancestor", "男祖先"], ["taiyan", "there", "那裡"], ["nani.\\", "DM", "DM"]], "free": ["#e It’s my turn, thought the Hans, to occupy the farms of the (Kavalan) ancestors there.", "#c “輪到我佔據(噶瑪蘭)祖先那邊的田地了”, 漢人這麼想。"], "s_end": true, "iu_a_span": [167.08, 169.35], "meta": {"topic": "Ancestors", "type": "Narrative", "language": "噶瑪蘭語, Kavalan, Xinshe (新社)", "speaker": "謝宗修, Buya, male, 1957-09-10", "collected": "2004-10-20", "revised": "2014-6-11", "video": "KavNr-ancestor_buya.mp3"}, "s_a_span": [161.08, 169.35], "file": "Kavalan_Xinshe/KavNr-ancestor_buya", "num": 62}], [63, {"ori": [], "gloss": [["...(0.8)", "", ""], ["Runtu", "originally", "本來"], ["tabay,\\", "wide", "寬大"]], "free": [], "s_end": false, "iu_a_span": [169.35, 171.22], "meta": {"topic": "Ancestors", "type": "Narrative", "language": "噶瑪蘭語, Kavalan, Xinshe (新社)", "speaker": "謝宗修, Buya, male, 1957-09-10", "collected": "2004-10-20", "revised": "2014-6-11", "video": "KavNr-ancestor_buya.mp3"}, "file": "Kavalan_Xinshe/KavNr-ancestor_buya", "num": 63}], [64, {"ori": [], "gloss": [["...(0.9)", "", ""], ["pameng=ti,\\", "gradually=PFV", "漸漸=完成"]], "free": [], "s_end": false, "iu_a_span": [171.22, 173.01], "meta": {"topic": "Ancestors", "type": "Narrative", "language": "噶瑪蘭語, Kavalan, Xinshe (新社)", "speaker": "謝宗修, Buya, male, 1957-09-10", "collected": "2004-10-20", "revised": "2014-6-11", "video": "KavNr-ancestor_buya.mp3"}, "file": "Kavalan_Xinshe/KavNr-ancestor_buya", "num": 64}], [65, {"ori": [], "gloss": [["...(0.8)", "", ""], ["masiyun,\\", "decrease", "減少"]], "free": [], "s_end": false, "iu_a_span": [173.01, 174.63], "meta": {"topic": "Ancestors", "type": "Narrative", "language": "噶瑪蘭語, Kavalan, Xinshe (新社)", "speaker": "謝宗修, Buya, male, 1957-09-10", "collected": "2004-10-20", "revised": "2014-6-11", "video": "KavNr-ancestor_buya.mp3"}, "file": "Kavalan_Xinshe/KavNr-ancestor_buya", "num": 65}], [66, {"ori": [], "gloss": [["...", "", ""], ["masiyun", "decrease", "減少"], ["nani,\\", "DM", "DM"]], "free": [], "s_end": false, "iu_a_span": [174.63, 176.32], "meta": {"topic": "Ancestors", "type": "Narrative", "language": "噶瑪蘭語, Kavalan, Xinshe (新社)", "speaker": "謝宗修, Buya, male, 1957-09-10", "collected": "2004-10-20", "revised": "2014-6-11", "video": "KavNr-ancestor_buya.mp3"}, "file": "Kavalan_Xinshe/KavNr-ancestor_buya", "num": 66}], [67, {"ori": [], "gloss": [["...(0.9)", "", ""], ["pameng=ti", "gradually=PFV", "漸漸=完成"], ["ki==tut=ti._", "small/little=PFV", "小/少=完成"]], "free": ["#e The land was originally wide and large, but became smaller gradually.", "#c 土地本來很寬大,但不知不覺地漸漸變小了。"], "s_end": true, "iu_a_span": [176.32, 179.31], "meta": {"topic": "Ancestors", "type": "Narrative", "language": "噶瑪蘭語, Kavalan, Xinshe (新社)", "speaker": "謝宗修, Buya, male, 1957-09-10", "collected": "2004-10-20", "revised": "2014-6-11", "video": "KavNr-ancestor_buya.mp3"}, "s_a_span": [169.35, 179.31], "file": "Kavalan_Xinshe/KavNr-ancestor_buya", "num": 67}], [68, {"ori": [], "gloss": [["...(1.1)", "", ""], ["tita-an-na,_", "see-LF-3PL.GEN", "看-處焦-3PL.屬格"]], "free": [], "s_end": false, "iu_a_span": [179.31, 181.08], "meta": {"topic": "Ancestors", "type": "Narrative", "language": "噶瑪蘭語, Kavalan, Xinshe (新社)", "speaker": "謝宗修, Buya, male, 1957-09-10", "collected": "2004-10-20", "revised": "2014-6-11", "video": "KavNr-ancestor_buya.mp3"}, "file": "Kavalan_Xinshe/KavNr-ancestor_buya", "num": 68}], [69, {"ori": [], "gloss": [["...(0.7)", "", ""], ["baqian", "male.ancestor", "男祖先"], ["taiyan-an", "there-LOC", "那裡-處格"], ["'nay", "that", "那個"], ["baq--,_", "FS", "FS"]], "free": [], "s_end": false, "iu_a_span": [181.08, 183.29], "meta": {"topic": "Ancestors", "type": "Narrative", "language": "噶瑪蘭語, Kavalan, Xinshe (新社)", "speaker": "謝宗修, Buya, male, 1957-09-10", "collected": "2004-10-20", "revised": "2014-6-11", "video": "KavNr-ancestor_buya.mp3"}, "file": "Kavalan_Xinshe/KavNr-ancestor_buya", "num": 69}], [70, {"ori": [], "gloss": [["..", "", ""], ["na", "GEN", "屬格"], ["baqi-ta", "male.ancestor-1IPL.GEN", "男祖先-1IPL.屬格"], ["taiyan", "there", "那裡"], ["nani.\\", "DM", "DM"]], "free": ["#e Our ancestors there saw it.", "#c 我們的祖先看了之後。"], "s_end": true, "iu_a_span": [183.29, 184.7], "meta": {"topic": "Ancestors", "type": "Narrative", "language": "噶瑪蘭語, Kavalan, Xinshe (新社)", "speaker": "謝宗修, Buya, male, 1957-09-10", "collected": "2004-10-20", "revised": "2014-6-11", "video": "KavNr-ancestor_buya.mp3"}, "s_a_span": [179.31, 184.7], "file": "Kavalan_Xinshe/KavNr-ancestor_buya", "num": 70}], [71, {"ori": [], "gloss": [["...(1.0)", "", ""], ["mai=ti=ita", "NEG=PFV=1IPL.NOM", "否定=完成=1IPL.主格"], ["tu", "OBL", "斜格"], ["zengna", "farm", "田地"], ["taziyan.\\", "here", "這邊"]], "free": ["#e We had no farms here.", "#c 我們這邊沒有田了。"], "s_end": true, "iu_a_span": [184.7, 187.3], "meta": {"topic": "Ancestors", "type": "Narrative", "language": "噶瑪蘭語, Kavalan, Xinshe (新社)", "speaker": "謝宗修, Buya, male, 1957-09-10", "collected": "2004-10-20", "revised": "2014-6-11", "video": "KavNr-ancestor_buya.mp3"}, "s_a_span": [184.7, 187.3], "file": "Kavalan_Xinshe/KavNr-ancestor_buya", "num": 71}], [72, {"ori": [], "gloss": [["...(1.3)", "", ""], ["samawmang=pa=ita", "useless=FUT=1IPL.NOM", "沒有用=未來=1IPl.主格"], ["taziyan", "here", "這裡"], ["ka.\\", "DM", "DM"]], "free": ["#e It’s useless for us to stay here.", "#c 我們在這邊也沒用, 幹嘛留在這裡呢。"], "s_end": true, "iu_a_span": [187.3, 190.32], "meta": {"topic": "Ancestors", "type": "Narrative", "language": "噶瑪蘭語, Kavalan, Xinshe (新社)", "speaker": "謝宗修, Buya, male, 1957-09-10", "collected": "2004-10-20", "revised": "2014-6-11", "video": "KavNr-ancestor_buya.mp3"}, "s_a_span": [187.3, 190.32], "file": "Kavalan_Xinshe/KavNr-ancestor_buya", "num": 72}], [73, {"ori": [], "gloss": [["...(0.8)", "", ""], ["qangima", "just", "乾脆"], ["sayza", "maybe", "可能"], ["matadin,\\", "AF.leave", "主焦.離開"]], "free": [], "s_end": false, "iu_a_span": [190.32, 192.67], "meta": {"topic": "Ancestors", "type": "Narrative", "language": "噶瑪蘭語, Kavalan, Xinshe (新社)", "speaker": "謝宗修, Buya, male, 1957-09-10", "collected": "2004-10-20", "revised": "2014-6-11", "video": "KavNr-ancestor_buya.mp3"}, "file": "Kavalan_Xinshe/KavNr-ancestor_buya", "num": 73}], [74, {"ori": [], "gloss": [["...(1.4)", "", ""], ["zin-na", "say-3PL.GEN", "說-3PL.屬格"], ["nani,\\", "DM", "DM"]], "free": [], "s_end": false, "iu_a_span": [192.67, 194.91], "meta": {"topic": "Ancestors", "type": "Narrative", "language": "噶瑪蘭語, Kavalan, Xinshe (新社)", "speaker": "謝宗修, Buya, male, 1957-09-10", "collected": "2004-10-20", "revised": "2014-6-11", "video": "KavNr-ancestor_buya.mp3"}, "file": "Kavalan_Xinshe/KavNr-ancestor_buya", "num": 74}], [75, {"ori": [], "gloss": [["...(0.7)", "", ""], ["matadin=ti,\\", "AF.leave=PFV", "主焦.離開=完成"]], "free": [], "s_end": false, "iu_a_span": [194.91, 196.6], "meta": {"topic": "Ancestors", "type": "Narrative", "language": "噶瑪蘭語, Kavalan, Xinshe (新社)", "speaker": "謝宗修, Buya, male, 1957-09-10", "collected": "2004-10-20", "revised": "2014-6-11", "video": "KavNr-ancestor_buya.mp3"}, "file": "Kavalan_Xinshe/KavNr-ancestor_buya", "num": 75}], [76, {"ori": [], "gloss": [["...(1.5)", "", ""], ["pasa==,_", "toward", "往"]], "free": [], "s_end": false, "iu_a_span": [196.6, 198.8], "meta": {"topic": "Ancestors", "type": "Narrative", "language": "噶瑪蘭語, Kavalan, Xinshe (新社)", "speaker": "謝宗修, Buya, male, 1957-09-10", "collected": "2004-10-20", "revised": "2014-6-11", "video": "KavNr-ancestor_buya.mp3"}, "file": "Kavalan_Xinshe/KavNr-ancestor_buya", "num": 76}], [77, {"ori": [], "gloss": [["...(0.7)", "", ""], ["tiboR._", "south", "南"]], "free": ["#e They think they should leave (so) they left for the south.", "#c 他們想說乾脆離開好了,(所以)他們就往南遷移。", "#n imis: north", "#n wakay: east", "#n zaya: west", "#n qawanan: right", "#n qawili: left", "#n babaw: top", "#n libeng: bottom", "#n pasa tiboR=pa=iku, toward\tsouth=FUT=1SG.NOM, 往 南=未來=1SG.主格, ‘我要往南走’"], "s_end": true, "iu_a_span": [198.8, 200.11], "meta": {"topic": "Ancestors", "type": "Narrative", "language": "噶瑪蘭語, Kavalan, Xinshe (新社)", "speaker": "謝宗修, Buya, male, 1957-09-10", "collected": "2004-10-20", "revised": "2014-6-11", "video": "KavNr-ancestor_buya.mp3"}, "s_a_span": [190.32, 200.11], "file": "Kavalan_Xinshe/KavNr-ancestor_buya", "num": 77}], [78, {"ori": [], "gloss": [["...(4.8)", "", ""], ["m-zaqis", "AF-get.on", "主焦-搭乘"], ["tu", "OBL", "斜格"], ["ipaz,_", "raft", "竹筏"]], "free": [], "s_end": false, "iu_a_span": [200.11, 206.28], "meta": {"topic": "Ancestors", "type": "Narrative", "language": "噶瑪蘭語, Kavalan, Xinshe (新社)", "speaker": "謝宗修, Buya, male, 1957-09-10", "collected": "2004-10-20", "revised": "2014-6-11", "video": "KavNr-ancestor_buya.mp3"}, "file": "Kavalan_Xinshe/KavNr-ancestor_buya", "num": 78}], [79, {"ori": [], "gloss": [["...(1.3)", "", ""], ["qa-bawa=ay,\\", "take-boat=REL", "搭-船=關係詞"]], "free": [], "s_end": false, "iu_a_span": [206.28, 208.59], "meta": {"topic": "Ancestors", "type": "Narrative", "language": "噶瑪蘭語, Kavalan, Xinshe (新社)", "speaker": "謝宗修, Buya, male, 1957-09-10", "collected": "2004-10-20", "revised": "2014-6-11", "video": "KavNr-ancestor_buya.mp3"}, "file": "Kavalan_Xinshe/KavNr-ancestor_buya", "num": 79}], [80, {"ori": [], "gloss": [["...(1.0)", "", ""], ["s<um>aqai=ay,\\", "<AF>walk=REL", "<主焦>走路=關係詞"]], "free": [], "s_end": false, "iu_a_span": [208.59, 210.79], "meta": {"topic": "Ancestors", "type": "Narrative", "language": "噶瑪蘭語, Kavalan, Xinshe (新社)", "speaker": "謝宗修, Buya, male, 1957-09-10", "collected": "2004-10-20", "revised": "2014-6-11", "video": "KavNr-ancestor_buya.mp3"}, "file": "Kavalan_Xinshe/KavNr-ancestor_buya", "num": 80}], [81, {"ori": [], "gloss": [["...", "", ""], ["nayaw=ti,_", "that.way=PFV", "那樣=完成"]], "free": [], "s_end": false, "iu_a_span": [210.79, 212.04], "meta": {"topic": "Ancestors", "type": "Narrative", "language": "噶瑪蘭語, Kavalan, Xinshe (新社)", "speaker": "謝宗修, Buya, male, 1957-09-10", "collected": "2004-10-20", "revised": "2014-6-11", "video": "KavNr-ancestor_buya.mp3"}, "file": "Kavalan_Xinshe/KavNr-ancestor_buya", "num": 81}], [82, {"ori": [], "gloss": [["...", "", ""], ["m-buRaw", "AF-evacuate", "主焦-離開"], ["pasa,_", "toward", "往"]], "free": [], "s_end": false, "iu_a_span": [212.04, 213.77], "meta": {"topic": "Ancestors", "type": "Narrative", "language": "噶瑪蘭語, Kavalan, Xinshe (新社)", "speaker": "謝宗修, Buya, male, 1957-09-10", "collected": "2004-10-20", "revised": "2014-6-11", "video": "KavNr-ancestor_buya.mp3"}, "file": "Kavalan_Xinshe/KavNr-ancestor_buya", "num": 82}], [83, {"ori": [], "gloss": [["...", "", ""], ["qalinku.\\", "Hualien", "花蓮"]], "free": ["#e (They) left for Hualien by raft, boat, or on foot.", "#c (他們)搭竹筏,搭船,或走路遷移往花蓮。", "#n buRaw是指群體遷移"], "s_end": true, "iu_a_span": [213.77, 214.94], "meta": {"topic": "Ancestors", "type": "Narrative", "language": "噶瑪蘭語, Kavalan, Xinshe (新社)", "speaker": "謝宗修, Buya, male, 1957-09-10", "collected": "2004-10-20", "revised": "2014-6-11", "video": "KavNr-ancestor_buya.mp3"}, "s_a_span": [200.11, 214.94], "file": "Kavalan_Xinshe/KavNr-ancestor_buya", "num": 83}], [84, {"ori": ["...(1.8)", "muna", "ni-qaqa-an-na,_"], "gloss": [["first", "首先", "85"], ["PFV-arrive-NMZ-3PL.GEN", "完成-到達-名物化-3PL.屬格", "主焦.到達"], ["..", "", ""], ["maseq", "AF.arrive", "斜格"], ["tu", "OBL", "花蓮"], ["qalinku", "Hualien", "DM"], ["nani.\\", "", ""]], "free": ["#e The place where they arrived first is Hualien.", "#c 他們首先到達的地方是花蓮。"], "s_end": true, "iu_a_span": [214.94, 218.17], "meta": {"topic": "Ancestors", "type": "Narrative", "language": "噶瑪蘭語, Kavalan, Xinshe (新社)", "speaker": "謝宗修, Buya, male, 1957-09-10", "collected": "2004-10-20", "revised": "2014-6-11", "video": "KavNr-ancestor_buya.mp3"}, "s_a_span": [214.94, 218.17], "file": "Kavalan_Xinshe/KavNr-ancestor_buya", "num": 84}], [86, {"ori": [], "gloss": [["...(1.1)", "", ""], ["yau", "EXIST", "存在"], ["ta-iza-an,\\", "LOC-IZA-LOC", "處格-IZA-處格"]], "free": [], "s_end": false, "iu_a_span": [219.76, 221.8], "meta": {"topic": "Ancestors", "type": "Narrative", "language": "噶瑪蘭語, Kavalan, Xinshe (新社)", "speaker": "謝宗修, Buya, male, 1957-09-10", "collected": "2004-10-20", "revised": "2014-6-11", "video": "KavNr-ancestor_buya.mp3"}, "file": "Kavalan_Xinshe/KavNr-ancestor_buya", "num": 86}], [87, {"ori": [], "gloss": [["...(1.3)", "", ""], ["ta-qeliawanan,\\", "LOC-PN", "處格-茄禮村"]], "free": [], "s_end": false, "iu_a_span": [221.8, 224.73], "meta": {"topic": "Ancestors", "type": "Narrative", "language": "噶瑪蘭語, Kavalan, Xinshe (新社)", "speaker": "謝宗修, Buya, male, 1957-09-10", "collected": "2004-10-20", "revised": "2014-6-11", "video": "KavNr-ancestor_buya.mp3"}, "file": "Kavalan_Xinshe/KavNr-ancestor_buya", "num": 87}], [88, {"ori": [], "gloss": [["...(3.6)", "", ""], ["maseq", "AF.arrive", "主焦.到達"], ["ta-qeliawanan.\\", "LOC-PN", "處格-茄禮村"]], "free": ["#e In qeliawanan.", "#c 有到那個茄禮村, 到達茄禮村。"], "s_end": true, "iu_a_span": [224.73, 229.6], "meta": {"topic": "Ancestors", "type": "Narrative", "language": "噶瑪蘭語, Kavalan, Xinshe (新社)", "speaker": "謝宗修, Buya, male, 1957-09-10", "collected": "2004-10-20", "revised": "2014-6-11", "video": "KavNr-ancestor_buya.mp3"}, "s_a_span": [219.76, 229.6], "file": "Kavalan_Xinshe/KavNr-ancestor_buya", "num": 88}], [89, {"ori": [], "gloss": [["..", "", ""], ["wa,\\", "INT", "感嘆"]], "free": [], "s_end": false, "iu_a_span": [229.6, 230.11], "meta": {"topic": "Ancestors", "type": "Narrative", "language": "噶瑪蘭語, Kavalan, Xinshe (新社)", "speaker": "謝宗修, Buya, male, 1957-09-10", "collected": "2004-10-20", "revised": "2014-6-11", "video": "KavNr-ancestor_buya.mp3"}, "file": "Kavalan_Xinshe/KavNr-ancestor_buya", "num": 89}], [90, {"ori": [], "gloss": [["..", "", ""], ["tabay", "wide", "寬大"], ["taziyan,\\", "here", "這裡"]], "free": [], "s_end": false, "iu_a_span": [230.11, 231.15], "meta": {"topic": "Ancestors", "type": "Narrative", "language": "噶瑪蘭語, Kavalan, Xinshe (新社)", "speaker": "謝宗修, Buya, male, 1957-09-10", "collected": "2004-10-20", "revised": "2014-6-11", "video": "KavNr-ancestor_buya.mp3"}, "file": "Kavalan_Xinshe/KavNr-ancestor_buya", "num": 90}], [91, {"ori": [], "gloss": [["...", "", ""], ["nengi", "good", "好"], ["qaizuwan-an", "live-NMZ", "住-名物化"], ["ta-", "FS", "FS"], ["taziyan,_", "here", "這"]], "free": [], "s_end": false, "iu_a_span": [231.15, 233.03], "meta": {"topic": "Ancestors", "type": "Narrative", "language": "噶瑪蘭語, Kavalan, Xinshe (新社)", "speaker": "謝宗修, Buya, male, 1957-09-10", "collected": "2004-10-20", "revised": "2014-6-11", "video": "KavNr-ancestor_buya.mp3"}, "file": "Kavalan_Xinshe/KavNr-ancestor_buya", "num": 91}], [92, {"ori": [], "gloss": [["..", "", ""], ["zin-na", "say-3PL.GEN", "說-3PL.屬格"], ["qaniawu", "3PL.NOM", "3PL.主格"], ["nani._", "DM", "DM"]], "free": ["#e ‘It is so wide here and is thus a good place for living,’ said they.", "#c 他們說, ‘這裡很寬,是可以住的好地方。", "#n qaizuwan-an-ku, live-NMZ-1SG.GEN, 住-名物化-1SG.屬格, ‘my place’"], "s_end": true, "iu_a_span": [233.03, 234.13], "meta": {"topic": "Ancestors", "type": "Narrative", "language": "噶瑪蘭語, Kavalan, Xinshe (新社)", "speaker": "謝宗修, Buya, male, 1957-09-10", "collected": "2004-10-20", "revised": "2014-6-11", "video": "KavNr-ancestor_buya.mp3"}, "s_a_span": [229.6, 234.13], "file": "Kavalan_Xinshe/KavNr-ancestor_buya", "num": 92}], [93, {"ori": [], "gloss": [["...", "", ""], ["taziyan=ti", "here=PFV", "這裡=完成"], ["qaniau", "3PL.NOM", "3PL.主格"], ["k<um>oway.\\", "<AF>plow", "<主焦>耕田/開墾"]], "free": ["#e They plowed here.", "#c 他們在這裡開墾了。"], "s_end": true, "iu_a_span": [234.13, 236.18], "meta": {"topic": "Ancestors", "type": "Narrative", "language": "噶瑪蘭語, Kavalan, Xinshe (新社)", "speaker": "謝宗修, Buya, male, 1957-09-10", "collected": "2004-10-20", "revised": "2014-6-11", "video": "KavNr-ancestor_buya.mp3"}, "s_a_span": [234.13, 236.18], "file": "Kavalan_Xinshe/KavNr-ancestor_buya", "num": 93}], [94, {"ori": [], "gloss": [["...(4.6)", "", ""], ["neng-", "FS", "FS"], ["tengnes", "a.long.time", "很久"], ["nani,\\", "DM", "DM"]], "free": [], "s_end": false, "iu_a_span": [236.18, 242.2], "meta": {"topic": "Ancestors", "type": "Narrative", "language": "噶瑪蘭語, Kavalan, Xinshe (新社)", "speaker": "謝宗修, Buya, male, 1957-09-10", "collected": "2004-10-20", "revised": "2014-6-11", "video": "KavNr-ancestor_buya.mp3"}, "file": "Kavalan_Xinshe/KavNr-ancestor_buya", "num": 94}], [95, {"ori": [], "gloss": [["...(0.7)", "", ""], ["yau=ti,_", "EXIST=PFV", "存在=完成"]], "free": [], "s_end": false, "iu_a_span": [242.2, 243.57], "meta": {"topic": "Ancestors", "type": "Narrative", "language": "噶瑪蘭語, Kavalan, Xinshe (新社)", "speaker": "謝宗修, Buya, male, 1957-09-10", "collected": "2004-10-20", "revised": "2014-6-11", "video": "KavNr-ancestor_buya.mp3"}, "file": "Kavalan_Xinshe/KavNr-ancestor_buya", "num": 95}], [96, {"ori": [], "gloss": [["...(1.2)", "", ""], ["zipun,\\", "Japan", "日本"]], "free": [], "s_end": false, "iu_a_span": [243.57, 245.55], "meta": {"topic": "Ancestors", "type": "Narrative", "language": "噶瑪蘭語, Kavalan, Xinshe (新社)", "speaker": "謝宗修, Buya, male, 1957-09-10", "collected": "2004-10-20", "revised": "2014-6-11", "video": "KavNr-ancestor_buya.mp3"}, "file": "Kavalan_Xinshe/KavNr-ancestor_buya", "num": 96}], [97, {"ori": [], "gloss": [["...(4.9)", "", ""], ["tu", "TU", "TU"], ["m-iza=ay", "AF-IZA=REL", "主焦-IZA=關係詞"], ["tu==,_", "OBL", "斜格"]], "free": [], "s_end": false, "iu_a_span": [245.55, 251.67], "meta": {"topic": "Ancestors", "type": "Narrative", "language": "噶瑪蘭語, Kavalan, Xinshe (新社)", "speaker": "謝宗修, Buya, male, 1957-09-10", "collected": "2004-10-20", "revised": "2014-6-11", "video": "KavNr-ancestor_buya.mp3"}, "file": "Kavalan_Xinshe/KavNr-ancestor_buya", "num": 97}], [98, {"ori": [], "gloss": [["...", "", ""], ["lazat", "people", "人"], ["tayan,\\", "there", "那裡"]], "free": [], "s_end": false, "iu_a_span": [251.67, 253.39], "meta": {"topic": "Ancestors", "type": "Narrative", "language": "噶瑪蘭語, Kavalan, Xinshe (新社)", "speaker": "謝宗修, Buya, male, 1957-09-10", "collected": "2004-10-20", "revised": "2014-6-11", "video": "KavNr-ancestor_buya.mp3"}, "file": "Kavalan_Xinshe/KavNr-ancestor_buya", "num": 98}], [99, {"ori": [], "gloss": [["...", "", ""], ["kuan=ay", "govern=REL", "管=關係詞"], ["tu", "OBL", "斜格"], ["iza", "IZA", "IZA"], ["nani.\\", "DM", "DM"]], "free": ["#e After a long time, there (came) Japanese governing these people.", "#c 過了很久,有日本人來管理這些人。", "#n ma-quan-ay, MA-govern-REL, MA-管-關係詞, ‘被管的人’"], "s_end": true, "iu_a_span": [253.39, 255.33], "meta": {"topic": "Ancestors", "type": "Narrative", "language": "噶瑪蘭語, Kavalan, Xinshe (新社)", "speaker": "謝宗修, Buya, male, 1957-09-10", "collected": "2004-10-20", "revised": "2014-6-11", "video": "KavNr-ancestor_buya.mp3"}, "s_a_span": [236.18, 255.33], "file": "Kavalan_Xinshe/KavNr-ancestor_buya", "num": 99}]], "meta": {"topic": "Ancestors", "type": "Narrative", "language": "噶瑪蘭語, Kavalan, Xinshe (新社)", "speaker": "謝宗修, Buya, male, 1957-09-10", "collected": "2004-10-20", "revised": "2014-6-11", "video": "KavNr-ancestor_buya.mp3"}}