{"glosses": [[1, {"ori": [], "gloss": [["yau", "EXIST", "存在"], ["pakna==nem", "one.human", "一個人"], ["baqi-an", "old.man-AN", "老人-AN"], ["zin-na,\\", "say-3SG.GEN", "說-3SG.屬格"]], "free": ["#e There was an old man.", "#c 有一個老人。"], "s_end": true, "iu_a_span": [15.61, 17.76], "meta": {"topic": "Pear story", "type": "Narrative", "language": "噶瑪蘭語, Kavalan, Xinshe (新社)", "speaker": "潘金英, Haciang, female, 1944-09-15", "collected": "2004-04-01", "revised": "None", "video": "KavNr-pear_Haciang.mp3"}, "s_a_span": [15.61, 17.76], "file": "Kavalan_Xinshe/KavNr-pear_Haciang", "num": 1}], [2, {"ori": [], "gloss": [["..", "", ""], ["pak,\\", "FS", "FS"]], "free": [], "s_end": false, "iu_a_span": [17.76, 18.01], "meta": {"topic": "Pear story", "type": "Narrative", "language": "噶瑪蘭語, Kavalan, Xinshe (新社)", "speaker": "潘金英, Haciang, female, 1944-09-15", "collected": "2004-04-01", "revised": "None", "video": "KavNr-pear_Haciang.mp3"}, "file": "Kavalan_Xinshe/KavNr-pear_Haciang", "num": 2}], [3, {"ori": [], "gloss": [["…", "", ""], ["paluma-an", "plant-NMZ", "種-名物化"], ["tu==,\\", "OBL", "斜格"]], "free": ["#n sa-paluma-an zenna/baubi’要種的水田/旱田", "#n ni-paluma-an 已經種的田/作物", "#n sa-paluma-an zenna/baubi’要種的水田/旱田", "#n ni-paluma-an 已經種的田/作物"], "s_end": false, "iu_a_span": [18.01, 19.55], "meta": {"topic": "Pear story", "type": "Narrative", "language": "噶瑪蘭語, Kavalan, Xinshe (新社)", "speaker": "潘金英, Haciang, female, 1944-09-15", "collected": "2004-04-01", "revised": "None", "video": "KavNr-pear_Haciang.mp3"}, "file": "Kavalan_Xinshe/KavNr-pear_Haciang", "num": 3}], [4, {"ori": [], "gloss": [["…", "", ""], ["izau", "this", "這個"], ["tu,\\", "TU", "TU"]], "free": [], "s_end": false, "iu_a_span": [19.55, 20.84], "meta": {"topic": "Pear story", "type": "Narrative", "language": "噶瑪蘭語, Kavalan, Xinshe (新社)", "speaker": "潘金英, Haciang, female, 1944-09-15", "collected": "2004-04-01", "revised": "None", "video": "KavNr-pear_Haciang.mp3"}, "file": "Kavalan_Xinshe/KavNr-pear_Haciang", "num": 4}], [5, {"ori": [], "gloss": [["..", "", ""], ["qa-qan-an", "RED-eat-NMZ", "重疊-吃-名物化"], ["tu", "OBL", "斜格"], ["zau", "this", "這個"], ["tu==,\\", "OBL", "斜格"]], "free": ["#e (He) planted many things (fruits) to eat.", "#c 種了許多吃的東西。", "#n ma-qan=ti byabas-su 你的芭樂被我吃掉了"], "s_end": true, "iu_a_span": [20.84, 22.4], "meta": {"topic": "Pear story", "type": "Narrative", "language": "噶瑪蘭語, Kavalan, Xinshe (新社)", "speaker": "潘金英, Haciang, female, 1944-09-15", "collected": "2004-04-01", "revised": "None", "video": "KavNr-pear_Haciang.mp3"}, "s_a_span": [17.76, 22.4], "file": "Kavalan_Xinshe/KavNr-pear_Haciang", "num": 5}], [6, {"ori": [], "gloss": [["…", "", ""], ["byabas", "guava", "芭樂"], ["zin-na.\\", "say-3SG.GEN", "說-3SG.屬格"]], "free": ["#n nayau zin-ku 我這樣說", "#n sasaqay=pa=ita zin-ku 我說：我們出去玩吧", "#n nayau zin-ku 我這樣說", "#n sasaqay=pa=ita zin-ku 我說：我們出去玩吧"], "s_end": false, "iu_a_span": [22.4, 24.02], "meta": {"topic": "Pear story", "type": "Narrative", "language": "噶瑪蘭語, Kavalan, Xinshe (新社)", "speaker": "潘金英, Haciang, female, 1944-09-15", "collected": "2004-04-01", "revised": "None", "video": "KavNr-pear_Haciang.mp3"}, "file": "Kavalan_Xinshe/KavNr-pear_Haciang", "num": 6}], [7, {"ori": [], "gloss": [["..", "", ""], ["timangu,\\", "it.turns.out", "結果"]], "free": [], "s_end": false, "iu_a_span": [24.02, 24.75], "meta": {"topic": "Pear story", "type": "Narrative", "language": "噶瑪蘭語, Kavalan, Xinshe (新社)", "speaker": "潘金英, Haciang, female, 1944-09-15", "collected": "2004-04-01", "revised": "None", "video": "KavNr-pear_Haciang.mp3"}, "file": "Kavalan_Xinshe/KavNr-pear_Haciang", "num": 7}], [8, {"ori": [], "gloss": [["…", "", ""], ["teqaS=ti", "ripe=PFV", "成熟=完成"], ["ya==.\\", "NOM", "主格"]], "free": ["#n Rayngu-an-ku timangu mai=ti 我不知道原來已經沒有了", "#n Rayngu-an-ku timangu mai=ti 我不知道原來已經沒有了"], "s_end": false, "iu_a_span": [24.75, 26.85], "meta": {"topic": "Pear story", "type": "Narrative", "language": "噶瑪蘭語, Kavalan, Xinshe (新社)", "speaker": "潘金英, Haciang, female, 1944-09-15", "collected": "2004-04-01", "revised": "None", "video": "KavNr-pear_Haciang.mp3"}, "file": "Kavalan_Xinshe/KavNr-pear_Haciang", "num": 8}], [9, {"ori": [], "gloss": [["..", "", ""], ["p<en>aluma-an-na", "<PFV>plant-NMZ-3SG.GEN", "<完成>種-名物化-3SG.屬格"], ["tu", "OBL", "斜格"], ["zau", "this", "這個"], ["tu,\\", "OBL", "斜格"]], "free": [], "s_end": false, "iu_a_span": [26.85, 28.25], "meta": {"topic": "Pear story", "type": "Narrative", "language": "噶瑪蘭語, Kavalan, Xinshe (新社)", "speaker": "潘金英, Haciang, female, 1944-09-15", "collected": "2004-04-01", "revised": "None", "video": "KavNr-pear_Haciang.mp3"}, "file": "Kavalan_Xinshe/KavNr-pear_Haciang", "num": 9}], [10, {"ori": [], "gloss": [["..", "", ""], ["byabas", "guava", "芭樂"], ["zin-na", "say-3SG.GEN", "說-3SG.屬格"], ["nani.\\", "DM", "DM"]], "free": ["#e The guavas he planted have ripened.", "#c 他種的芭樂已經成熟了。"], "s_end": true, "iu_a_span": [28.25, 29.22], "meta": {"topic": "Pear story", "type": "Narrative", "language": "噶瑪蘭語, Kavalan, Xinshe (新社)", "speaker": "潘金英, Haciang, female, 1944-09-15", "collected": "2004-04-01", "revised": "None", "video": "KavNr-pear_Haciang.mp3"}, "s_a_span": [22.4, 29.22], "file": "Kavalan_Xinshe/KavNr-pear_Haciang", "num": 10}], [11, {"ori": [], "gloss": [["…", "", ""], ["haw", "okay", "好"], ["nayau", "this.way", "這樣"], ["usiq,\\", "one", "一個"]], "free": [], "s_end": false, "iu_a_span": [29.22, 30.53], "meta": {"topic": "Pear story", "type": "Narrative", "language": "噶瑪蘭語, Kavalan, Xinshe (新社)", "speaker": "潘金英, Haciang, female, 1944-09-15", "collected": "2004-04-01", "revised": "None", "video": "KavNr-pear_Haciang.mp3"}, "file": "Kavalan_Xinshe/KavNr-pear_Haciang", "num": 11}], [12, {"ori": [], "gloss": [["…", "", ""], ["qyala-kita", "pick-1PL.GEN", "採-1PL.屬格"], ["ka==,\\", "PART", "語助詞"]], "free": [], "s_end": false, "iu_a_span": [30.53, 32.18], "meta": {"topic": "Pear story", "type": "Narrative", "language": "噶瑪蘭語, Kavalan, Xinshe (新社)", "speaker": "潘金英, Haciang, female, 1944-09-15", "collected": "2004-04-01", "revised": "None", "video": "KavNr-pear_Haciang.mp3"}, "file": "Kavalan_Xinshe/KavNr-pear_Haciang", "num": 12}], [13, {"ori": [], "gloss": [["..", "", ""], ["zin-na", "say-3SG.GEN", "說-3SG.屬格"], ["baqi-an", "old.man-AN", "老人-AN"], ["‘nay.\\", "that", "那個"]], "free": ["#e Okay, then let’s go to pick (the guavas).", "#c 好,那就去採吧。", "#n qatiw=pa=ita qan 我們出去吃吧", "#n naquni-a-kita ka 我們怎麼做(呢？)"], "s_end": true, "iu_a_span": [32.18, 33.09], "meta": {"topic": "Pear story", "type": "Narrative", "language": "噶瑪蘭語, Kavalan, Xinshe (新社)", "speaker": "潘金英, Haciang, female, 1944-09-15", "collected": "2004-04-01", "revised": "None", "video": "KavNr-pear_Haciang.mp3"}, "s_a_span": [29.22, 33.09], "file": "Kavalan_Xinshe/KavNr-pear_Haciang", "num": 13}], [14, {"ori": [], "gloss": [["..", "", ""], ["tu", "DM", "DM"], ["wiya=ti.\\", "leave=PFV", "走=完成"]], "free": ["#e (He) started off.", "#c (老人)就去了。"], "s_end": true, "iu_a_span": [33.09, 34.05], "meta": {"topic": "Pear story", "type": "Narrative", "language": "噶瑪蘭語, Kavalan, Xinshe (新社)", "speaker": "潘金英, Haciang, female, 1944-09-15", "collected": "2004-04-01", "revised": "None", "video": "KavNr-pear_Haciang.mp3"}, "s_a_span": [33.09, 34.05], "file": "Kavalan_Xinshe/KavNr-pear_Haciang", "num": 14}], [15, {"ori": [], "gloss": [["…", "", ""], ["m-azas", "AF-bring", "主焦-帶"], ["tu", "OBL", "斜格"], ["qanas.\\", "basket", "籃子"]], "free": ["#e (He) carried a basket.", "#c 帶著一個籃子。", "#n m-azas aiku 我帶", "#n azas-an-ku 我帶過去的(= ma-azas-ku)"], "s_end": true, "iu_a_span": [34.05, 35.53], "meta": {"topic": "Pear story", "type": "Narrative", "language": "噶瑪蘭語, Kavalan, Xinshe (新社)", "speaker": "潘金英, Haciang, female, 1944-09-15", "collected": "2004-04-01", "revised": "None", "video": "KavNr-pear_Haciang.mp3"}, "s_a_span": [34.05, 35.53], "file": "Kavalan_Xinshe/KavNr-pear_Haciang", "num": 15}], [16, {"ori": [], "gloss": [["…", "", ""], ["zau", "this", "這個"], ["a==.\\", "PART", "語助詞"]], "free": [], "s_end": false, "iu_a_span": [35.53, 36.89], "meta": {"topic": "Pear story", "type": "Narrative", "language": "噶瑪蘭語, Kavalan, Xinshe (新社)", "speaker": "潘金英, Haciang, female, 1944-09-15", "collected": "2004-04-01", "revised": "None", "video": "KavNr-pear_Haciang.mp3"}, "file": "Kavalan_Xinshe/KavNr-pear_Haciang", "num": 16}], [17, {"ori": [], "gloss": [["..", "", ""], ["izau==,\\", "this", "這個"]], "free": [], "s_end": false, "iu_a_span": [36.89, 37.75], "meta": {"topic": "Pear story", "type": "Narrative", "language": "噶瑪蘭語, Kavalan, Xinshe (新社)", "speaker": "潘金英, Haciang, female, 1944-09-15", "collected": "2004-04-01", "revised": "None", "video": "KavNr-pear_Haciang.mp3"}, "file": "Kavalan_Xinshe/KavNr-pear_Haciang", "num": 17}], [18, {"ori": [], "gloss": [["..", "", ""], ["X", "", ""], ["zaqis-an", "climb-NMZ", "爬-名物化"], ["tu,\\", "OBL", "斜格"]], "free": ["#n sa-zaqis-an 樓梯", "#n ni-zaqis-an-ku qitun zau 我坐過的車子", "#n zaqis aiku 我要上車", "#n sa-zaqis-an 樓梯", "#n ni-zaqis-an-ku qitun zau 我坐過的車子", "#n zaqis aiku 我要上車"], "s_end": false, "iu_a_span": [37.75, 39.02], "meta": {"topic": "Pear story", "type": "Narrative", "language": "噶瑪蘭語, Kavalan, Xinshe (新社)", "speaker": "潘金英, Haciang, female, 1944-09-15", "collected": "2004-04-01", "revised": "None", "video": "KavNr-pear_Haciang.mp3"}, "file": "Kavalan_Xinshe/KavNr-pear_Haciang", "num": 18}], [19, {"ori": [], "gloss": [["…", "", ""], ["wiya=ti", "leave=PFV", "去=完成"], ["zaqis-an-na=ti", "climb-LF-3SG.GEN=PFV", "爬-處焦-3SG.屬格=完成"], ["a==,\\", "PART", "語助詞"]], "free": [], "s_end": false, "iu_a_span": [39.02, 41.15], "meta": {"topic": "Pear story", "type": "Narrative", "language": "噶瑪蘭語, Kavalan, Xinshe (新社)", "speaker": "潘金英, Haciang, female, 1944-09-15", "collected": "2004-04-01", "revised": "None", "video": "KavNr-pear_Haciang.mp3"}, "file": "Kavalan_Xinshe/KavNr-pear_Haciang", "num": 19}], [20, {"ori": [], "gloss": [["…", "", ""], ["byabas=ay", "guava=REL", "芭樂=關係詞"], ["yau", "EXIST", "存在"], ["q<m>yala’", "<AF>pick", "<主焦>採"], ["nani.\\", "DM", "DM"]], "free": ["#e He went climbing on the guava tree to pick (guavas).", "#c 就去爬上了芭樂樹,採(芭樂)。"], "s_end": true, "iu_a_span": [41.15, 43.32], "meta": {"topic": "Pear story", "type": "Narrative", "language": "噶瑪蘭語, Kavalan, Xinshe (新社)", "speaker": "潘金英, Haciang, female, 1944-09-15", "collected": "2004-04-01", "revised": "None", "video": "KavNr-pear_Haciang.mp3"}, "s_a_span": [35.53, 43.32], "file": "Kavalan_Xinshe/KavNr-pear_Haciang", "num": 20}], [21, {"ori": [], "gloss": [["…(1.1)", "", ""], ["u-zusa=ti", "CLF.NHUM-two=PFV", "非人量詞-二=完成"], ["ya==,\\", "NOM", "主格"]], "free": [], "s_end": false, "iu_a_span": [43.32, 46.21], "meta": {"topic": "Pear story", "type": "Narrative", "language": "噶瑪蘭語, Kavalan, Xinshe (新社)", "speaker": "潘金英, Haciang, female, 1944-09-15", "collected": "2004-04-01", "revised": "None", "video": "KavNr-pear_Haciang.mp3"}, "file": "Kavalan_Xinshe/KavNr-pear_Haciang", "num": 21}], [22, {"ori": [], "gloss": [["..", "", ""], ["qawas", "basket", "大簍子"], ["ya", "PART", "語助詞"], ["q<en>yala-an-na", "<PFV>pick-NMZ-3SG.GEN", "<完成>撿-名物化-3SG.屬格"], ["na,\\", "DM", "DM"]], "free": ["#e He picked two baskets (of guavas).", "#c 撿了兩大簍子。", "#n kin-ausa 兩個人"], "s_end": true, "iu_a_span": [46.21, 47.93], "meta": {"topic": "Pear story", "type": "Narrative", "language": "噶瑪蘭語, Kavalan, Xinshe (新社)", "speaker": "潘金英, Haciang, female, 1944-09-15", "collected": "2004-04-01", "revised": "None", "video": "KavNr-pear_Haciang.mp3"}, "s_a_span": [43.32, 47.93], "file": "Kavalan_Xinshe/KavNr-pear_Haciang", "num": 22}], [23, {"ori": [], "gloss": [["…", "", ""], ["yau", "EXIST", "存在"], ["a", "NOM", "主格"], ["lazat", "person", "人"], ["a", "LNK", "連詞"], ["yau,\\", "that", "那個"]], "free": [], "s_end": false, "iu_a_span": [47.93, 49.77], "meta": {"topic": "Pear story", "type": "Narrative", "language": "噶瑪蘭語, Kavalan, Xinshe (新社)", "speaker": "潘金英, Haciang, female, 1944-09-15", "collected": "2004-04-01", "revised": "None", "video": "KavNr-pear_Haciang.mp3"}, "file": "Kavalan_Xinshe/KavNr-pear_Haciang", "num": 23}], [24, {"ori": [], "gloss": [["..", "", ""], ["q<m>awkawiq", "<AF>pull.along", "<主焦>牽著走來走去"], ["tu==,\\", "OBL", "斜格"]], "free": [], "s_end": false, "iu_a_span": [49.77, 50.95], "meta": {"topic": "Pear story", "type": "Narrative", "language": "噶瑪蘭語, Kavalan, Xinshe (新社)", "speaker": "潘金英, Haciang, female, 1944-09-15", "collected": "2004-04-01", "revised": "None", "video": "KavNr-pear_Haciang.mp3"}, "file": "Kavalan_Xinshe/KavNr-pear_Haciang", "num": 24}], [25, {"ori": [], "gloss": [["..", "", ""], ["sizi.\\", "goat", "羊"]], "free": ["#e There was one man pulling a goat.", "#c 有一個人牽著羊走來走去。", "#n sunis a yau 那個小孩", "#n q<m>awit 牽", "#n sin-qawkawit  很多人在牽手"], "s_end": true, "iu_a_span": [50.95, 51.61], "meta": {"topic": "Pear story", "type": "Narrative", "language": "噶瑪蘭語, Kavalan, Xinshe (新社)", "speaker": "潘金英, Haciang, female, 1944-09-15", "collected": "2004-04-01", "revised": "None", "video": "KavNr-pear_Haciang.mp3"}, "s_a_span": [47.93, 51.61], "file": "Kavalan_Xinshe/KavNr-pear_Haciang", "num": 25}], [26, {"ori": [], "gloss": [["…", "", ""], ["temala", "FS", "FS"], ["m-laziw", "AF-pass", "主焦-經過"], ["tata-an-na,\\", "see-LF-3SG.GEN", "看-處焦-3SG.屬格"]], "free": ["#n temalawma 過河", "#n ma-laziw-ku lazat/paring 我經過的人/樹", "#n laziw-an-ku paRing ‘nay 我經過的樹", "#n temalawma 過河", "#n ma-laziw-ku lazat/paring 我經過的人/樹", "#n laziw-an-ku paRing ‘nay 我經過的樹"], "s_end": false, "iu_a_span": [51.61, 53.8], "meta": {"topic": "Pear story", "type": "Narrative", "language": "噶瑪蘭語, Kavalan, Xinshe (新社)", "speaker": "潘金英, Haciang, female, 1944-09-15", "collected": "2004-04-01", "revised": "None", "video": "KavNr-pear_Haciang.mp3"}, "file": "Kavalan_Xinshe/KavNr-pear_Haciang", "num": 26}], [27, {"ori": [], "gloss": [["..", "", ""], ["tayta-an-na", "see-LF-3SG.GEN", "看-處焦-3SG.屬格"], ["na,\\", "DM", "DM"]], "free": ["#n tita-an-na也可,口音的問題", "#n ma-tita-ku aizipna 我看到了他", "#n tayta=pa=iku aizipna 我要去看他", "#n tita=pa=iku tu aizipna 我要去看他", "#n tita-an-ku aizipna  我看到/看著他", "#n tita-an-na aiku 他看我", "#n tita-an-na也可,口音的問題", "#n ma-tita-ku aizipna 我看到了他", "#n tayta=pa=iku aizipna 我要去看他", "#n tita=pa=iku tu aizipna 我要去看他", "#n tita-an-ku aizipna  我看到/看著他", "#n tita-an-na aiku 他看我"], "s_end": false, "iu_a_span": [53.8, 54.59], "meta": {"topic": "Pear story", "type": "Narrative", "language": "噶瑪蘭語, Kavalan, Xinshe (新社)", "speaker": "潘金英, Haciang, female, 1944-09-15", "collected": "2004-04-01", "revised": "None", "video": "KavNr-pear_Haciang.mp3"}, "file": "Kavalan_Xinshe/KavNr-pear_Haciang", "num": 27}], [28, {"ori": [], "gloss": [["…", "", ""], ["ma==,\\", "FS", "FS"]], "free": [], "s_end": false, "iu_a_span": [54.59, 55.82], "meta": {"topic": "Pear story", "type": "Narrative", "language": "噶瑪蘭語, Kavalan, Xinshe (新社)", "speaker": "潘金英, Haciang, female, 1944-09-15", "collected": "2004-04-01", "revised": "None", "video": "KavNr-pear_Haciang.mp3"}, "file": "Kavalan_Xinshe/KavNr-pear_Haciang", "num": 28}], [29, {"ori": [], "gloss": [["..", "", ""], ["q<m>yala", "<AF>pick", "<主焦>採"], ["haw", "PART", "語助詞"], ["tu==,\\", "OBL", "斜格"]], "free": [], "s_end": false, "iu_a_span": [55.82, 56.83], "meta": {"topic": "Pear story", "type": "Narrative", "language": "噶瑪蘭語, Kavalan, Xinshe (新社)", "speaker": "潘金英, Haciang, female, 1944-09-15", "collected": "2004-04-01", "revised": "None", "video": "KavNr-pear_Haciang.mp3"}, "file": "Kavalan_Xinshe/KavNr-pear_Haciang", "num": 29}], [30, {"ori": [], "gloss": [["..", "", ""], ["byabas", "guava", "芭樂"], ["zin-na", "say-3SG.GEN", "說-3SG.屬格"], ["na.\\", "DM", "DM"]], "free": ["#e (He) passed by and saw the one picking guavas.", "#c 經過，看到那個採芭樂的。"], "s_end": true, "iu_a_span": [56.83, 57.72], "meta": {"topic": "Pear story", "type": "Narrative", "language": "噶瑪蘭語, Kavalan, Xinshe (新社)", "speaker": "潘金英, Haciang, female, 1944-09-15", "collected": "2004-04-01", "revised": "None", "video": "KavNr-pear_Haciang.mp3"}, "s_a_span": [51.61, 57.72], "file": "Kavalan_Xinshe/KavNr-pear_Haciang", "num": 30}], [31, {"ori": [], "gloss": [["..", "", ""], ["wiya=ti", "leave=PFV", "去=完成"], ["ya==,\\", "NOM", "主格"]], "free": [], "s_end": false, "iu_a_span": [57.72, 58.81], "meta": {"topic": "Pear story", "type": "Narrative", "language": "噶瑪蘭語, Kavalan, Xinshe (新社)", "speaker": "潘金英, Haciang, female, 1944-09-15", "collected": "2004-04-01", "revised": "None", "video": "KavNr-pear_Haciang.mp3"}, "file": "Kavalan_Xinshe/KavNr-pear_Haciang", "num": 31}], [32, {"ori": [], "gloss": [["..", "", ""], ["lazat", "person", "人"], ["a", "LNK", "連詞"], ["yau", "that", "那個"], ["a,\\", "PART", "語助詞"]], "free": [], "s_end": false, "iu_a_span": [58.81, 59.7], "meta": {"topic": "Pear story", "type": "Narrative", "language": "噶瑪蘭語, Kavalan, Xinshe (新社)", "speaker": "潘金英, Haciang, female, 1944-09-15", "collected": "2004-04-01", "revised": "None", "video": "KavNr-pear_Haciang.mp3"}, "file": "Kavalan_Xinshe/KavNr-pear_Haciang", "num": 32}], [33, {"ori": [], "gloss": [["..", "", ""], ["q<m>awit=ay", "<AF>pull=REL", "<主焦>牽=關係詞"], ["tu==,\\", "OBL", "斜格"]], "free": [], "s_end": false, "iu_a_span": [59.7, 60.85], "meta": {"topic": "Pear story", "type": "Narrative", "language": "噶瑪蘭語, Kavalan, Xinshe (新社)", "speaker": "潘金英, Haciang, female, 1944-09-15", "collected": "2004-04-01", "revised": "None", "video": "KavNr-pear_Haciang.mp3"}, "file": "Kavalan_Xinshe/KavNr-pear_Haciang", "num": 33}], [34, {"ori": [], "gloss": [["..", "", ""], ["sizi-na.\\", "goat-3SG.GEN", "羊-3SG.屬格"]], "free": ["#e The person who pulled the goat left.", "#c 牽羊的走了。"], "s_end": true, "iu_a_span": [60.85, 61.68], "meta": {"topic": "Pear story", "type": "Narrative", "language": "噶瑪蘭語, Kavalan, Xinshe (新社)", "speaker": "潘金英, Haciang, female, 1944-09-15", "collected": "2004-04-01", "revised": "None", "video": "KavNr-pear_Haciang.mp3"}, "s_a_span": [57.72, 61.68], "file": "Kavalan_Xinshe/KavNr-pear_Haciang", "num": 34}], [35, {"ori": [], "gloss": [["…", "", ""], ["timengna,\\", "it.turns.out", "結果"]], "free": [], "s_end": false, "iu_a_span": [61.68, 62.85], "meta": {"topic": "Pear story", "type": "Narrative", "language": "噶瑪蘭語, Kavalan, Xinshe (新社)", "speaker": "潘金英, Haciang, female, 1944-09-15", "collected": "2004-04-01", "revised": "None", "video": "KavNr-pear_Haciang.mp3"}, "file": "Kavalan_Xinshe/KavNr-pear_Haciang", "num": 35}], [36, {"ori": [], "gloss": [["…", "", ""], ["yau=ti", "EXIST=PFV", "存在=完成"], ["ya", "NOM", "主格"], ["sunis", "child", "小孩"], ["a", "LNK", "連詞"], ["yau", "that", "那個"], ["a,\\", "PART", "語助詞"]], "free": [], "s_end": false, "iu_a_span": [62.85, 64.61], "meta": {"topic": "Pear story", "type": "Narrative", "language": "噶瑪蘭語, Kavalan, Xinshe (新社)", "speaker": "潘金英, Haciang, female, 1944-09-15", "collected": "2004-04-01", "revised": "None", "video": "KavNr-pear_Haciang.mp3"}, "file": "Kavalan_Xinshe/KavNr-pear_Haciang", "num": 36}], [37, {"ori": [], "gloss": [["m-ala", "AF-take", "主焦-拿"], ["m-qa==-,\\", "AF-ride-", "主焦-騎-"]], "free": [], "s_end": false, "iu_a_span": [64.61, 65.82], "meta": {"topic": "Pear story", "type": "Narrative", "language": "噶瑪蘭語, Kavalan, Xinshe (新社)", "speaker": "潘金英, Haciang, female, 1944-09-15", "collected": "2004-04-01", "revised": "None", "video": "KavNr-pear_Haciang.mp3"}, "file": "Kavalan_Xinshe/KavNr-pear_Haciang", "num": 37}], [38, {"ori": [], "gloss": [["..", "", ""], ["qitun", "vehicle", "車"], ["mawtu==,\\", "AF.come", "主焦.來"]], "free": ["#e There was a child who rode a bicycle coming along.", "#c 有一個小孩騎著腳踏車來。"], "s_end": true, "iu_a_span": [65.82, 67.4], "meta": {"topic": "Pear story", "type": "Narrative", "language": "噶瑪蘭語, Kavalan, Xinshe (新社)", "speaker": "潘金英, Haciang, female, 1944-09-15", "collected": "2004-04-01", "revised": "None", "video": "KavNr-pear_Haciang.mp3"}, "s_a_span": [61.68, 67.4], "file": "Kavalan_Xinshe/KavNr-pear_Haciang", "num": 38}], [39, {"ori": [], "gloss": [["..", "", ""], ["m-lasiw", "AF-pass", "主焦-經過"], ["ta==-,\\", "LOC-", "處格-"]], "free": [], "s_end": false, "iu_a_span": [67.4, 68.94], "meta": {"topic": "Pear story", "type": "Narrative", "language": "噶瑪蘭語, Kavalan, Xinshe (新社)", "speaker": "潘金英, Haciang, female, 1944-09-15", "collected": "2004-04-01", "revised": "None", "video": "KavNr-pear_Haciang.mp3"}, "file": "Kavalan_Xinshe/KavNr-pear_Haciang", "num": 39}], [40, {"ori": [], "gloss": [["..", "", ""], ["baqi-an", "old.man-LOC", "老人-處格"], ["‘nay", "that", "那個"], ["yau", "EXIST", "存在"], ["tu", "OBL", "斜格"], ["q<m>yala", "<AF>pick", "<主焦>採"], ["tu==,\\", "OBL", "斜格"]], "free": [], "s_end": false, "iu_a_span": [68.94, 70.87], "meta": {"topic": "Pear story", "type": "Narrative", "language": "噶瑪蘭語, Kavalan, Xinshe (新社)", "speaker": "潘金英, Haciang, female, 1944-09-15", "collected": "2004-04-01", "revised": "None", "video": "KavNr-pear_Haciang.mp3"}, "file": "Kavalan_Xinshe/KavNr-pear_Haciang", "num": 40}], [41, {"ori": [], "gloss": [["..", "", ""], ["byabas", "guava", "芭樂"], ["‘nay,\\", "that", "那個"]], "free": ["#e (He) went past where the old was picking guavas.", "#c (他)經過那個在採芭樂的老人那邊。"], "s_end": true, "iu_a_span": [70.87, 71.55], "meta": {"topic": "Pear story", "type": "Narrative", "language": "噶瑪蘭語, Kavalan, Xinshe (新社)", "speaker": "潘金英, Haciang, female, 1944-09-15", "collected": "2004-04-01", "revised": "None", "video": "KavNr-pear_Haciang.mp3"}, "s_a_span": [67.4, 71.55], "file": "Kavalan_Xinshe/KavNr-pear_Haciang", "num": 41}], [42, {"ori": [], "gloss": [["..", "", ""], ["tita-an-na", "see-LF-3SG.GEN", "看-處焦-3SG.屬格"], ["nani.\\", "DM", "DM"]], "free": ["#e He took a look.", "#c 他看著。"], "s_end": true, "iu_a_span": [71.55, 72.71], "meta": {"topic": "Pear story", "type": "Narrative", "language": "噶瑪蘭語, Kavalan, Xinshe (新社)", "speaker": "潘金英, Haciang, female, 1944-09-15", "collected": "2004-04-01", "revised": "None", "video": "KavNr-pear_Haciang.mp3"}, "s_a_span": [71.55, 72.71], "file": "Kavalan_Xinshe/KavNr-pear_Haciang", "num": 42}], [43, {"ori": [], "gloss": [["…", "", ""], ["aw,\\", "INT", "感嘆"]], "free": [], "s_end": false, "iu_a_span": [72.71, 73.69], "meta": {"topic": "Pear story", "type": "Narrative", "language": "噶瑪蘭語, Kavalan, Xinshe (新社)", "speaker": "潘金英, Haciang, female, 1944-09-15", "collected": "2004-04-01", "revised": "None", "video": "KavNr-pear_Haciang.mp3"}, "file": "Kavalan_Xinshe/KavNr-pear_Haciang", "num": 43}], [44, {"ori": [], "gloss": [["…", "", ""], ["mana", "seem", "好像"], ["qa-nengi,\\", "QA-good", "QA-好"]], "free": [], "s_end": false, "iu_a_span": [73.69, 74.96], "meta": {"topic": "Pear story", "type": "Narrative", "language": "噶瑪蘭語, Kavalan, Xinshe (新社)", "speaker": "潘金英, Haciang, female, 1944-09-15", "collected": "2004-04-01", "revised": "None", "video": "KavNr-pear_Haciang.mp3"}, "file": "Kavalan_Xinshe/KavNr-pear_Haciang", "num": 44}], [45, {"ori": [], "gloss": [["..", "", ""], ["qan-an", "eat-LF", "吃-處焦"], ["qa", "FS", "FS"], ["zau", "this", "這個"], ["a,\\", "PART", "語助詞"]], "free": [], "s_end": false, "iu_a_span": [74.96, 75.9], "meta": {"topic": "Pear story", "type": "Narrative", "language": "噶瑪蘭語, Kavalan, Xinshe (新社)", "speaker": "潘金英, Haciang, female, 1944-09-15", "collected": "2004-04-01", "revised": "None", "video": "KavNr-pear_Haciang.mp3"}, "file": "Kavalan_Xinshe/KavNr-pear_Haciang", "num": 45}], [46, {"ori": [], "gloss": [["..", "", ""], ["byabas", "guava", "芭樂"], ["a", "LNK", "連詞"], ["zau", "this", "這個"], ["zin-na", "say-3SG.GEN", "說-3SG.屬格"], ["sayza", "maybe", "可能"], ["nani.\\", "DM", "DM"]], "free": ["#e Oh. It seems that guavas are good to eat (taste good).", "#c 喔,芭樂似乎很好吃。", "#n nengi  silep-an  qaq  zau 這個酒很好喝", "#n nengi/seqaw=ay  lazat  好/壞人", "#n nengi  anem  na  lazat  zau  心地好的人", "#n nengi=ti  修好了,病好了", "#n seqaw=ti  壞掉了"], "s_end": true, "iu_a_span": [75.9, 77.48], "meta": {"topic": "Pear story", "type": "Narrative", "language": "噶瑪蘭語, Kavalan, Xinshe (新社)", "speaker": "潘金英, Haciang, female, 1944-09-15", "collected": "2004-04-01", "revised": "None", "video": "KavNr-pear_Haciang.mp3"}, "s_a_span": [72.71, 77.48], "file": "Kavalan_Xinshe/KavNr-pear_Haciang", "num": 46}], [47, {"ori": [], "gloss": [["…", "", ""], ["ngid-an-na", "want-LF-3SG.GEN", "想-處焦-3SG.屬格"], ["ala", "take", "拿"], ["tu", "OBL", "斜格"], ["usiq", "one", "一"], ["na,/", "DM", "DM"]], "free": ["#e He wanted to take one.", "#c 他想拿一個。"], "s_end": true, "iu_a_span": [77.48, 79.78], "meta": {"topic": "Pear story", "type": "Narrative", "language": "噶瑪蘭語, Kavalan, Xinshe (新社)", "speaker": "潘金英, Haciang, female, 1944-09-15", "collected": "2004-04-01", "revised": "None", "video": "KavNr-pear_Haciang.mp3"}, "s_a_span": [77.48, 79.78], "file": "Kavalan_Xinshe/KavNr-pear_Haciang", "num": 47}], [48, {"ori": [], "gloss": [["..", "", ""], ["mengaRiw,\\", "feel.not.enough", "覺得不夠"]], "free": ["#n mengaRiw  aiku 我想要多一點,我覺得不夠", "#n mengaRiw=iku  tu  sa-qan-an-ta  我覺得我們要吃的東西不夠", "#n *ngaRiw-an-ku", "#n mengaRiw  aiku 我想要多一點,我覺得不夠", "#n mengaRiw=iku  tu  sa-qan-an-ta  我覺得我們要吃的東西不夠", "#n *ngaRiw-an-ku"], "s_end": false, "iu_a_span": [79.78, 80.66], "meta": {"topic": "Pear story", "type": "Narrative", "language": "噶瑪蘭語, Kavalan, Xinshe (新社)", "speaker": "潘金英, Haciang, female, 1944-09-15", "collected": "2004-04-01", "revised": "None", "video": "KavNr-pear_Haciang.mp3"}, "file": "Kavalan_Xinshe/KavNr-pear_Haciang", "num": 48}], [49, {"ori": [], "gloss": [["..", "", ""], ["qa-semin-ta", "QA-enough-1IPL.GEN", "QA-夠-1IPL.屬格"], ["ni", "Q", "疑問"], ["zin-na", "think-3SG.GEN", "想-3SG.屬格"], ["na.\\", "DM", "DM"]], "free": ["#e He wondered whether it would be enough (for us).", "#c 他心想:我們這些夠嗎?", "#n semin=ti  夠了", "#n qa-semin-ta  我們夠不夠(比較直接)"], "s_end": true, "iu_a_span": [80.66, 82.1], "meta": {"topic": "Pear story", "type": "Narrative", "language": "噶瑪蘭語, Kavalan, Xinshe (新社)", "speaker": "潘金英, Haciang, female, 1944-09-15", "collected": "2004-04-01", "revised": "None", "video": "KavNr-pear_Haciang.mp3"}, "s_a_span": [79.78, 82.1], "file": "Kavalan_Xinshe/KavNr-pear_Haciang", "num": 49}], [50, {"ori": [], "gloss": [["…", "", ""], ["madikud", "AF.turn.back", "主焦.回頭"], ["uman,\\", "again", "再一次"]], "free": ["#n mana  madikud=isu  為什麼你又回來了", "#n uman-ka  再一次吧", "#n uman=pa=ita-ka  我們再一次吧", "#n m-uman=iku  我再一次", "#n mana(怎麼) m-uman=pama  怎麼又再來一次", "#n m-uman=pama", "#n mana  madikud=isu  為什麼你又回來了", "#n uman-ka  再一次吧", "#n uman=pa=ita-ka  我們再一次吧", "#n m-uman=iku  我再一次", "#n mana(怎麼) m-uman=pama  怎麼又再來一次", "#n m-uman=pama"], "s_end": false, "iu_a_span": [82.1, 83.49], "meta": {"topic": "Pear story", "type": "Narrative", "language": "噶瑪蘭語, Kavalan, Xinshe (新社)", "speaker": "潘金英, Haciang, female, 1944-09-15", "collected": "2004-04-01", "revised": "None", "video": "KavNr-pear_Haciang.mp3"}, "file": "Kavalan_Xinshe/KavNr-pear_Haciang", "num": 50}], [51, {"ori": [], "gloss": [["..", "", ""], ["tayta-an-na", "see-LF-3SG.GEN", "看-處焦-3SG.屬格"], ["yau", "EXIST", "存在"], ["zau", "this", "這個"], ["sa-qanas,\\", "SA-basket", "SA-籃子"]], "free": ["#e He turned back again and saw there was a basket.", "#c 他回頭又看有一簍。", "#n sa-qawas 一籃"], "s_end": true, "iu_a_span": [83.49, 84.89], "meta": {"topic": "Pear story", "type": "Narrative", "language": "噶瑪蘭語, Kavalan, Xinshe (新社)", "speaker": "潘金英, Haciang, female, 1944-09-15", "collected": "2004-04-01", "revised": "None", "video": "KavNr-pear_Haciang.mp3"}, "s_a_span": [82.1, 84.89], "file": "Kavalan_Xinshe/KavNr-pear_Haciang", "num": 51}], [52, {"ori": [], "gloss": [["..", "", ""], ["wisis-an-na=ti", "lift-LF-3SG.GEN=PFV", "提-處焦-3SG.屬格=完成"], ["na,\\", "GEN", "屬格"]], "free": [], "s_end": false, "iu_a_span": [84.89, 86.1], "meta": {"topic": "Pear story", "type": "Narrative", "language": "噶瑪蘭語, Kavalan, Xinshe (新社)", "speaker": "潘金英, Haciang, female, 1944-09-15", "collected": "2004-04-01", "revised": "None", "video": "KavNr-pear_Haciang.mp3"}, "file": "Kavalan_Xinshe/KavNr-pear_Haciang", "num": 52}], [53, {"ori": [], "gloss": [["..", "", ""], ["pizya-an-na", "put-LF-3SG.GEN", "放-處焦-3SG.屬格"], ["ta-ngayaw-an", "LOC-front-LOC", "處格-前面-處格"], ["na,\\", "GEN", "屬格"]], "free": [], "s_end": false, "iu_a_span": [86.1, 87.67], "meta": {"topic": "Pear story", "type": "Narrative", "language": "噶瑪蘭語, Kavalan, Xinshe (新社)", "speaker": "潘金英, Haciang, female, 1944-09-15", "collected": "2004-04-01", "revised": "None", "video": "KavNr-pear_Haciang.mp3"}, "file": "Kavalan_Xinshe/KavNr-pear_Haciang", "num": 53}], [54, {"ori": [], "gloss": [["..", "", ""], ["qitun-na,\\", "vehicle-3SG.GEN", "車子-3SG.屬格"]], "free": ["#e He lifted it up and put it in front of his vehicle.", "#c 拿起來放在車子的前面。"], "s_end": true, "iu_a_span": [87.67, 88.34], "meta": {"topic": "Pear story", "type": "Narrative", "language": "噶瑪蘭語, Kavalan, Xinshe (新社)", "speaker": "潘金英, Haciang, female, 1944-09-15", "collected": "2004-04-01", "revised": "None", "video": "KavNr-pear_Haciang.mp3"}, "s_a_span": [84.89, 88.34], "file": "Kavalan_Xinshe/KavNr-pear_Haciang", "num": 54}], [55, {"ori": [], "gloss": [["..", "", ""], ["tu", "DM", "DM"], ["zau", "this", "這個"], ["tu,\\", "DM", "DM"]], "free": ["#e Vehicle, this…", "#c 車子的這個。"], "s_end": true, "iu_a_span": [88.34, 89.02], "meta": {"topic": "Pear story", "type": "Narrative", "language": "噶瑪蘭語, Kavalan, Xinshe (新社)", "speaker": "潘金英, Haciang, female, 1944-09-15", "collected": "2004-04-01", "revised": "None", "video": "KavNr-pear_Haciang.mp3"}, "s_a_span": [88.34, 89.02], "file": "Kavalan_Xinshe/KavNr-pear_Haciang", "num": 55}], [56, {"ori": [], "gloss": [["…", "", ""], ["izau", "this", "這個"], ["zitinsya", "bicycle", "自行車"], ["zin-na", "say-3SG.GEN", "說-"], ["zipung,\\", "Japan", "3SG.屬格"]], "free": [], "s_end": false, "iu_a_span": [89.02, 91.25], "meta": {"topic": "Pear story", "type": "Narrative", "language": "噶瑪蘭語, Kavalan, Xinshe (新社)", "speaker": "潘金英, Haciang, female, 1944-09-15", "collected": "2004-04-01", "revised": "None", "video": "KavNr-pear_Haciang.mp3"}, "file": "Kavalan_Xinshe/KavNr-pear_Haciang", "num": 56}], [57, {"ori": [], "gloss": [["..", "", ""], ["tu", "DM", "DM"], ["zau", "this", "這個"], ["a", "PART", "語助詞"], ["qitun-na", "vehicle-3SG.GEN", "車-3SG.屬格"], ["zau.\\", "this", "這個"]], "free": ["#e This is the vehicle called ‘bicycle’ in Japanese.", "#c 這部車就是日本所稱的自行車。"], "s_end": true, "iu_a_span": [91.25, 92.75], "meta": {"topic": "Pear story", "type": "Narrative", "language": "噶瑪蘭語, Kavalan, Xinshe (新社)", "speaker": "潘金英, Haciang, female, 1944-09-15", "collected": "2004-04-01", "revised": "None", "video": "KavNr-pear_Haciang.mp3"}, "s_a_span": [89.02, 92.75], "file": "Kavalan_Xinshe/KavNr-pear_Haciang", "num": 57}], [58, {"ori": [], "gloss": [["…", "", ""], ["pizi-an-na=ti", "put-LF-3SG.GEN=PFV", "放-處焦-3SG.屬格=完成"], ["ta-ngayaw-an-na.\\", "LOC-front-LOC-3SG.GEN", "處格-前面-處格-3SG.屬格"]], "free": [], "s_end": false, "iu_a_span": [92.75, 94.49], "meta": {"topic": "Pear story", "type": "Narrative", "language": "噶瑪蘭語, Kavalan, Xinshe (新社)", "speaker": "潘金英, Haciang, female, 1944-09-15", "collected": "2004-04-01", "revised": "None", "video": "KavNr-pear_Haciang.mp3"}, "file": "Kavalan_Xinshe/KavNr-pear_Haciang", "num": 58}], [59, {"ori": [], "gloss": [["..", "", ""], ["tu", "DM", "DM"], ["^wi==ya=ti.\\", "leave=PFV", "走=完成"]], "free": [], "s_end": false, "iu_a_span": [94.49, 95.48], "meta": {"topic": "Pear story", "type": "Narrative", "language": "噶瑪蘭語, Kavalan, Xinshe (新社)", "speaker": "潘金英, Haciang, female, 1944-09-15", "collected": "2004-04-01", "revised": "None", "video": "KavNr-pear_Haciang.mp3"}, "file": "Kavalan_Xinshe/KavNr-pear_Haciang", "num": 59}], [60, {"ori": [], "gloss": [["..", "", ""], ["m-RaRiw.\\", "AF-run.away", "主焦-跑掉"]], "free": ["#e After he put (it) on his bike, he left.", "#c 放在車前面之後，走了唷。"], "s_end": true, "iu_a_span": [95.48, 96.17], "meta": {"topic": "Pear story", "type": "Narrative", "language": "噶瑪蘭語, Kavalan, Xinshe (新社)", "speaker": "潘金英, Haciang, female, 1944-09-15", "collected": "2004-04-01", "revised": "None", "video": "KavNr-pear_Haciang.mp3"}, "s_a_span": [92.75, 96.17], "file": "Kavalan_Xinshe/KavNr-pear_Haciang", "num": 60}], [61, {"ori": [], "gloss": [["..", "", ""], ["Rayngu==-an-na", "not.know-LF-3SG.GEN", "不知道-處焦-3SG.屬格"], ["baqi-an", "old.man-AN", "老人-AN"], ["‘nay", "that", "那個"], ["yau", "EXIST", "存在"], ["a,\\", "PART", "語助詞"]], "free": ["#n Rayngu-an-ku  aizipna  我不認識他", "#n Rayngu  aiku  我不會", "#n Rayngu-an-ku  aizipna  我不認識他", "#n Rayngu  aiku  我不會"], "s_end": false, "iu_a_span": [96.17, 98.02], "meta": {"topic": "Pear story", "type": "Narrative", "language": "噶瑪蘭語, Kavalan, Xinshe (新社)", "speaker": "潘金英, Haciang, female, 1944-09-15", "collected": "2004-04-01", "revised": "None", "video": "KavNr-pear_Haciang.mp3"}, "file": "Kavalan_Xinshe/KavNr-pear_Haciang", "num": 61}], [62, {"ori": [], "gloss": [["..", "", ""], ["m-zaqis", "AF-climb", "主焦-爬"], ["sa-babaw", "LOC-up", "處格-上面"], ["a,\\", "PART", "語助詞"]], "free": [], "s_end": false, "iu_a_span": [98.02, 99.48], "meta": {"topic": "Pear story", "type": "Narrative", "language": "噶瑪蘭語, Kavalan, Xinshe (新社)", "speaker": "潘金英, Haciang, female, 1944-09-15", "collected": "2004-04-01", "revised": "None", "video": "KavNr-pear_Haciang.mp3"}, "file": "Kavalan_Xinshe/KavNr-pear_Haciang", "num": 62}], [63, {"ori": [], "gloss": [["..", "", ""], ["q<m>yala", "<AF>pick", "<主焦>採"], ["ta", "LOC", "處格"], ["byabas=ay", "guava=REL", "芭樂=關係詞"], ["yau", "that", "那個"], ["nani.\\", "DM", "DM"]], "free": ["#e (The old man) who was picking guavas (up on the tree) did not know it.", "#c 那個爬在樹上採芭樂的老人家根本不知道。"], "s_end": true, "iu_a_span": [99.48, 101.25], "meta": {"topic": "Pear story", "type": "Narrative", "language": "噶瑪蘭語, Kavalan, Xinshe (新社)", "speaker": "潘金英, Haciang, female, 1944-09-15", "collected": "2004-04-01", "revised": "None", "video": "KavNr-pear_Haciang.mp3"}, "s_a_span": [96.17, 101.25], "file": "Kavalan_Xinshe/KavNr-pear_Haciang", "num": 63}], [64, {"ori": [], "gloss": [["…", "", ""], ["syazi", "arrive", "到了"], ["ta-batas-an", "LOC-halfway-LOC", "處格-中間-處格"], ["na", "GEN", "屬格"], ["lazan", "road", "路"], ["nani.\\", "DM", "DM"]], "free": ["#e (When he) arrived halfway on the road.", "#c 到了一個路段。", "#n pa-syazi  aiku我往這邊", "#n syazi ta tutu  到了中午", "#n syani  naquni(怎麼樣)  往後怎麼樣", "#n lezun 冬天, seqawalu夏天, waRi東, zaya 西, tibuR 南, imis 北"], "s_end": true, "iu_a_span": [101.25, 103.82], "meta": {"topic": "Pear story", "type": "Narrative", "language": "噶瑪蘭語, Kavalan, Xinshe (新社)", "speaker": "潘金英, Haciang, female, 1944-09-15", "collected": "2004-04-01", "revised": "None", "video": "KavNr-pear_Haciang.mp3"}, "s_a_span": [101.25, 103.82], "file": "Kavalan_Xinshe/KavNr-pear_Haciang", "num": 64}], [65, {"ori": [], "gloss": [["..", "", ""], ["yau", "EXIST", "存在"], ["a", "NOM", "主格"], ["paknanem,\\", "one.human", "一個人"]], "free": [], "s_end": false, "iu_a_span": [103.82, 105.24], "meta": {"topic": "Pear story", "type": "Narrative", "language": "噶瑪蘭語, Kavalan, Xinshe (新社)", "speaker": "潘金英, Haciang, female, 1944-09-15", "collected": "2004-04-01", "revised": "None", "video": "KavNr-pear_Haciang.mp3"}, "file": "Kavalan_Xinshe/KavNr-pear_Haciang", "num": 65}], [66, {"ori": [], "gloss": [["..", "", ""], ["tazungan", "girl", "女孩"], ["sunis,\\", "child", "小孩"]], "free": ["#e There was a girl.", "#c 有一個女孩。"], "s_end": true, "iu_a_span": [105.24, 106.3], "meta": {"topic": "Pear story", "type": "Narrative", "language": "噶瑪蘭語, Kavalan, Xinshe (新社)", "speaker": "潘金英, Haciang, female, 1944-09-15", "collected": "2004-04-01", "revised": "None", "video": "KavNr-pear_Haciang.mp3"}, "s_a_span": [103.82, 106.3], "file": "Kavalan_Xinshe/KavNr-pear_Haciang", "num": 66}], [67, {"ori": [], "gloss": [["…", "", ""], ["sim-qatapung,\\", "REC-meet", "交互-相撞"]], "free": [], "s_end": false, "iu_a_span": [106.3, 107.83], "meta": {"topic": "Pear story", "type": "Narrative", "language": "噶瑪蘭語, Kavalan, Xinshe (新社)", "speaker": "潘金英, Haciang, female, 1944-09-15", "collected": "2004-04-01", "revised": "None", "video": "KavNr-pear_Haciang.mp3"}, "file": "Kavalan_Xinshe/KavNr-pear_Haciang", "num": 67}], [68, {"ori": [], "gloss": [["..", "", ""], ["qaniyau", "3PL.NOM", "3PL.主格"], ["m-qa==-,\\", "AF-ride-", "主焦-騎-"]], "free": [], "s_end": false, "iu_a_span": [107.83, 108.81], "meta": {"topic": "Pear story", "type": "Narrative", "language": "噶瑪蘭語, Kavalan, Xinshe (新社)", "speaker": "潘金英, Haciang, female, 1944-09-15", "collected": "2004-04-01", "revised": "None", "video": "KavNr-pear_Haciang.mp3"}, "file": "Kavalan_Xinshe/KavNr-pear_Haciang", "num": 68}], [69, {"ori": [], "gloss": [["..", "", ""], ["qitun", "vehicle", "腳踏車"], ["nani.\\", "DM", "DM"]], "free": ["#e They met each other, both riding bicycles.", "#c 他們騎著腳踏車遇到。"], "s_end": true, "iu_a_span": [108.81, 109.67], "meta": {"topic": "Pear story", "type": "Narrative", "language": "噶瑪蘭語, Kavalan, Xinshe (新社)", "speaker": "潘金英, Haciang, female, 1944-09-15", "collected": "2004-04-01", "revised": "None", "video": "KavNr-pear_Haciang.mp3"}, "s_a_span": [106.3, 109.67], "file": "Kavalan_Xinshe/KavNr-pear_Haciang", "num": 69}], [70, {"ori": [], "gloss": [["…", "", ""], ["t<m>ayta", "<AF>see", "<主焦>看"], ["ta,\\", "LOC", "處格"]], "free": [], "s_end": false, "iu_a_span": [109.67, 111.23], "meta": {"topic": "Pear story", "type": "Narrative", "language": "噶瑪蘭語, Kavalan, Xinshe (新社)", "speaker": "潘金英, Haciang, female, 1944-09-15", "collected": "2004-04-01", "revised": "None", "video": "KavNr-pear_Haciang.mp3"}, "file": "Kavalan_Xinshe/KavNr-pear_Haciang", "num": 70}], [71, {"ori": [], "gloss": [["..", "", ""], ["qubu-na", "hat-3SG.GEN", "帽子-3SG.屬格"], ["ta", "LOC", "處格"], ["simqena", "goodlooking(non-human)", "好看(非人)"], ["sayza", "maybe", "可能"], ["X,\\", "", ""]], "free": ["#e (The girl) saw his hat, thinking it was good-looking.", "#c 女孩看到帽子覺得很漂亮。", "#n Rubatang  lazat   zau 這個人很漂亮", "#n simqena    waway-na 他的樣子很好看"], "s_end": true, "iu_a_span": [111.23, 112.96], "meta": {"topic": "Pear story", "type": "Narrative", "language": "噶瑪蘭語, Kavalan, Xinshe (新社)", "speaker": "潘金英, Haciang, female, 1944-09-15", "collected": "2004-04-01", "revised": "None", "video": "KavNr-pear_Haciang.mp3"}, "s_a_span": [109.67, 112.96], "file": "Kavalan_Xinshe/KavNr-pear_Haciang", "num": 71}], [72, {"ori": [], "gloss": [["..", "", ""], ["bitis-an-na", "rob-LF-3SG.GEN", "搶-處焦-3SG.屬格"], ["ya", "NOM", "主格"], ["qubu", "hat", "帽子"], ["yau.\\", "that", "那個"]], "free": [], "s_end": false, "iu_a_span": [112.96, 114.46], "meta": {"topic": "Pear story", "type": "Narrative", "language": "噶瑪蘭語, Kavalan, Xinshe (新社)", "speaker": "潘金英, Haciang, female, 1944-09-15", "collected": "2004-04-01", "revised": "None", "video": "KavNr-pear_Haciang.mp3"}, "file": "Kavalan_Xinshe/KavNr-pear_Haciang", "num": 72}], [73, {"ori": [], "gloss": [["..", "", ""], ["tu", "DM", "DM"], ["m-suRaw=ti", "AF-fall=PFV", "主焦-跌倒=完成"], ["ya==,\\", "NOM", "主格"]], "free": [], "s_end": false, "iu_a_span": [114.46, 115.78], "meta": {"topic": "Pear story", "type": "Narrative", "language": "噶瑪蘭語, Kavalan, Xinshe (新社)", "speaker": "潘金英, Haciang, female, 1944-09-15", "collected": "2004-04-01", "revised": "None", "video": "KavNr-pear_Haciang.mp3"}, "file": "Kavalan_Xinshe/KavNr-pear_Haciang", "num": 73}], [74, {"ori": [], "gloss": [["..", "", ""], ["sunis", "child", "小孩"], ["a", "LNK", "連詞"], ["yau", "that", "那個"], ["a.\\", "PART", "語助詞"]], "free": ["#e She robbed him of his hat, and the child fell.", "#c 她搶他的帽子,小孩子跌倒了。", "#n suRaw-an-ku  aizipna 他被我弄倒", "#n ma-suRaw-ku  aizipna 我把他弄倒,他被我弄倒過了"], "s_end": true, "iu_a_span": [115.78, 116.73], "meta": {"topic": "Pear story", "type": "Narrative", "language": "噶瑪蘭語, Kavalan, Xinshe (新社)", "speaker": "潘金英, Haciang, female, 1944-09-15", "collected": "2004-04-01", "revised": "None", "video": "KavNr-pear_Haciang.mp3"}, "s_a_span": [112.96, 116.73], "file": "Kavalan_Xinshe/KavNr-pear_Haciang", "num": 74}], [75, {"ori": [], "gloss": [["…", "", ""], ["m==,\\", "FIL", "FIL"]], "free": [], "s_end": false, "iu_a_span": [116.73, 117.59], "meta": {"topic": "Pear story", "type": "Narrative", "language": "噶瑪蘭語, Kavalan, Xinshe (新社)", "speaker": "潘金英, Haciang, female, 1944-09-15", "collected": "2004-04-01", "revised": "None", "video": "KavNr-pear_Haciang.mp3"}, "file": "Kavalan_Xinshe/KavNr-pear_Haciang", "num": 75}], [76, {"ori": [], "gloss": [["..", "", ""], ["mya", "FS", "FS"], ["m-Ruziq=ay", "AF-steal=REL", "主焦-偷=關係詞"], ["tu==,\\", "OBL", "斜格"]], "free": [], "s_end": false, "iu_a_span": [117.59, 119.19], "meta": {"topic": "Pear story", "type": "Narrative", "language": "噶瑪蘭語, Kavalan, Xinshe (新社)", "speaker": "潘金英, Haciang, female, 1944-09-15", "collected": "2004-04-01", "revised": "None", "video": "KavNr-pear_Haciang.mp3"}, "file": "Kavalan_Xinshe/KavNr-pear_Haciang", "num": 76}], [77, {"ori": [], "gloss": [["..", "", ""], ["byabas", "guava", "芭樂"], ["nani.\\", "DM", "DM"]], "free": ["#e (The child is the one) who stole the guavas.", "#c 那個小孩子就是偷芭樂的。"], "s_end": true, "iu_a_span": [119.19, 119.99], "meta": {"topic": "Pear story", "type": "Narrative", "language": "噶瑪蘭語, Kavalan, Xinshe (新社)", "speaker": "潘金英, Haciang, female, 1944-09-15", "collected": "2004-04-01", "revised": "None", "video": "KavNr-pear_Haciang.mp3"}, "s_a_span": [116.73, 119.99], "file": "Kavalan_Xinshe/KavNr-pear_Haciang", "num": 77}], [78, {"ori": [], "gloss": [["…", "", ""], ["bibyak=ti", "scatter=PFV", "散落=完成"], ["ya", "NOM", "主格"], ["byabas", "guava", "芭樂"], ["a", "LNK", "連詞"], ["yau,\\", "that", "那個"]], "free": [], "s_end": false, "iu_a_span": [119.99, 122.37], "meta": {"topic": "Pear story", "type": "Narrative", "language": "噶瑪蘭語, Kavalan, Xinshe (新社)", "speaker": "潘金英, Haciang, female, 1944-09-15", "collected": "2004-04-01", "revised": "None", "video": "KavNr-pear_Haciang.mp3"}, "file": "Kavalan_Xinshe/KavNr-pear_Haciang", "num": 78}], [79, {"ori": [], "gloss": [["..", "", ""], ["sa==-,\\", "SA-", "SA-"]], "free": [], "s_end": false, "iu_a_span": [122.37, 122.97], "meta": {"topic": "Pear story", "type": "Narrative", "language": "噶瑪蘭語, Kavalan, Xinshe (新社)", "speaker": "潘金英, Haciang, female, 1944-09-15", "collected": "2004-04-01", "revised": "None", "video": "KavNr-pear_Haciang.mp3"}, "file": "Kavalan_Xinshe/KavNr-pear_Haciang", "num": 79}], [80, {"ori": [], "gloss": [["..", "", ""], ["qawas.\\", "basket", "籃子"]], "free": ["#e The basket of guavas dropped.", "#c 那一籃的水果掉了。"], "s_end": true, "iu_a_span": [122.97, 123.56], "meta": {"topic": "Pear story", "type": "Narrative", "language": "噶瑪蘭語, Kavalan, Xinshe (新社)", "speaker": "潘金英, Haciang, female, 1944-09-15", "collected": "2004-04-01", "revised": "None", "video": "KavNr-pear_Haciang.mp3"}, "s_a_span": [119.99, 123.56], "file": "Kavalan_Xinshe/KavNr-pear_Haciang", "num": 80}], [81, {"ori": [], "gloss": [["…", "", ""], ["na", "DM", "DM"], ["timengna,\\", "fortunately", "還好"]], "free": [], "s_end": false, "iu_a_span": [123.56, 125.12], "meta": {"topic": "Pear story", "type": "Narrative", "language": "噶瑪蘭語, Kavalan, Xinshe (新社)", "speaker": "潘金英, Haciang, female, 1944-09-15", "collected": "2004-04-01", "revised": "None", "video": "KavNr-pear_Haciang.mp3"}, "file": "Kavalan_Xinshe/KavNr-pear_Haciang", "num": 81}], [82, {"ori": [], "gloss": [["…", "", ""], ["ya==u", "EXIST", "存在"], ["izau,\\", "this", "這個"]], "free": ["#n iza那個(常作為pause filler)", "#n iza-ika 你去那樣啦", "#n iza-an-ku  kwa 我那樣子(作某個動作)的啦", "#n iza那個(常作為pause filler)", "#n iza-ika 你去那樣啦", "#n iza-an-ku  kwa 我那樣子(作某個動作)的啦"], "s_end": false, "iu_a_span": [125.12, 126.84], "meta": {"topic": "Pear story", "type": "Narrative", "language": "噶瑪蘭語, Kavalan, Xinshe (新社)", "speaker": "潘金英, Haciang, female, 1944-09-15", "collected": "2004-04-01", "revised": "None", "video": "KavNr-pear_Haciang.mp3"}, "file": "Kavalan_Xinshe/KavNr-pear_Haciang", "num": 82}], [83, {"ori": [], "gloss": [["…", "", ""], ["kaput-na", "friend-3SG.GEN", "朋友-3SG.屬格"], ["X.\\", "", ""]], "free": ["#e Fortunately, (he) had friends.", "#c 還好他有朋友。"], "s_end": true, "iu_a_span": [126.84, 128.22], "meta": {"topic": "Pear story", "type": "Narrative", "language": "噶瑪蘭語, Kavalan, Xinshe (新社)", "speaker": "潘金英, Haciang, female, 1944-09-15", "collected": "2004-04-01", "revised": "None", "video": "KavNr-pear_Haciang.mp3"}, "s_a_span": [123.56, 128.22], "file": "Kavalan_Xinshe/KavNr-pear_Haciang", "num": 83}], [84, {"ori": [], "gloss": [["nayau", "seem", "好像"], ["mawRawRat", "AF.play", "主焦.玩"], ["tayan", "there", "那邊"], ["ta==-,\\", "LOC-", "處格-"]], "free": [], "s_end": false, "iu_a_span": [128.22, 130.33], "meta": {"topic": "Pear story", "type": "Narrative", "language": "噶瑪蘭語, Kavalan, Xinshe (新社)", "speaker": "潘金英, Haciang, female, 1944-09-15", "collected": "2004-04-01", "revised": "None", "video": "KavNr-pear_Haciang.mp3"}, "file": "Kavalan_Xinshe/KavNr-pear_Haciang", "num": 84}], [85, {"ori": [], "gloss": [["..", "", ""], ["butuqbutuq-an", "pond-LOC", "池塘-處格"], ["sayza", "maybe", "好像"], ["nani.\\", "DM", "DM"]], "free": ["#e (They) seemed to be playing at the pond.", "#c (他們)好像在池塘玩耍的樣子。"], "s_end": true, "iu_a_span": [130.33, 132.04], "meta": {"topic": "Pear story", "type": "Narrative", "language": "噶瑪蘭語, Kavalan, Xinshe (新社)", "speaker": "潘金英, Haciang, female, 1944-09-15", "collected": "2004-04-01", "revised": "None", "video": "KavNr-pear_Haciang.mp3"}, "s_a_span": [128.22, 132.04], "file": "Kavalan_Xinshe/KavNr-pear_Haciang", "num": 85}], [86, {"ori": [], "gloss": [["…", "", ""], ["yau=ti,\\", "EXIST=PFV", "存在=完成"]], "free": [], "s_end": false, "iu_a_span": [132.04, 133.22], "meta": {"topic": "Pear story", "type": "Narrative", "language": "噶瑪蘭語, Kavalan, Xinshe (新社)", "speaker": "潘金英, Haciang, female, 1944-09-15", "collected": "2004-04-01", "revised": "None", "video": "KavNr-pear_Haciang.mp3"}, "file": "Kavalan_Xinshe/KavNr-pear_Haciang", "num": 86}], [87, {"ori": [], "gloss": [["…", "", ""], ["mawtu", "AF.come", "主焦.來"], ["mangmu", "AF.help", "主焦.幫忙"], ["tayta-an-na,\\", "see-LF-3SG.GEN", "看-處焦-3SG.屬格"]], "free": [], "s_end": false, "iu_a_span": [133.22, 134.81], "meta": {"topic": "Pear story", "type": "Narrative", "language": "噶瑪蘭語, Kavalan, Xinshe (新社)", "speaker": "潘金英, Haciang, female, 1944-09-15", "collected": "2004-04-01", "revised": "None", "video": "KavNr-pear_Haciang.mp3"}, "file": "Kavalan_Xinshe/KavNr-pear_Haciang", "num": 87}], [88, {"ori": [], "gloss": [["..", "", ""], ["ya==u=ti", "EXIST=PFV", "存在=完成"], ["m==,\\", "FS", "FS"]], "free": [], "s_end": false, "iu_a_span": [134.81, 136.01], "meta": {"topic": "Pear story", "type": "Narrative", "language": "噶瑪蘭語, Kavalan, Xinshe (新社)", "speaker": "潘金英, Haciang, female, 1944-09-15", "collected": "2004-04-01", "revised": "None", "video": "KavNr-pear_Haciang.mp3"}, "file": "Kavalan_Xinshe/KavNr-pear_Haciang", "num": 88}], [89, {"ori": [], "gloss": [["..", "", ""], ["m-suRaw", "AF-fall", "主焦-跌倒"], ["aizipna", "3SG.NOM", "3SG.主格"], ["nani.\\", "DM", "DM"]], "free": ["#e Seeing him fall, they came to help him.", "#c 看到他跌倒有來幫忙他。"], "s_end": true, "iu_a_span": [136.01, 137.28], "meta": {"topic": "Pear story", "type": "Narrative", "language": "噶瑪蘭語, Kavalan, Xinshe (新社)", "speaker": "潘金英, Haciang, female, 1944-09-15", "collected": "2004-04-01", "revised": "None", "video": "KavNr-pear_Haciang.mp3"}, "s_a_span": [132.04, 137.28], "file": "Kavalan_Xinshe/KavNr-pear_Haciang", "num": 89}], [90, {"ori": [], "gloss": [["…", "", ""], ["m-usipus=ti", "AF-rub=PFV", "主焦-揉=完成"], ["ta", "LOC", "處格"], ["zapan-na", "leg-3SG.GEN", "腳-3SG.屬格"], ["ta==,\\", "LOC", "處格"]], "free": [], "s_end": false, "iu_a_span": [137.28, 139.89], "meta": {"topic": "Pear story", "type": "Narrative", "language": "噶瑪蘭語, Kavalan, Xinshe (新社)", "speaker": "潘金英, Haciang, female, 1944-09-15", "collected": "2004-04-01", "revised": "None", "video": "KavNr-pear_Haciang.mp3"}, "file": "Kavalan_Xinshe/KavNr-pear_Haciang", "num": 90}], [91, {"ori": [], "gloss": [["m-luzit=ti", "AF-hurt=PFV", "主焦-受傷=完成"], ["sayza", "maybe", "可能"], ["nayau,\\", "that.way", "那樣"]], "free": [], "s_end": false, "iu_a_span": [139.89, 141.32], "meta": {"topic": "Pear story", "type": "Narrative", "language": "噶瑪蘭語, Kavalan, Xinshe (新社)", "speaker": "潘金英, Haciang, female, 1944-09-15", "collected": "2004-04-01", "revised": "None", "video": "KavNr-pear_Haciang.mp3"}, "file": "Kavalan_Xinshe/KavNr-pear_Haciang", "num": 91}], [92, {"ori": [], "gloss": [["..", "", ""], ["m-zuquq", "AF-bump", "主焦-撞"], ["ta==-,\\", "LOC-", "處格-"]], "free": [], "s_end": false, "iu_a_span": [141.32, 142.56], "meta": {"topic": "Pear story", "type": "Narrative", "language": "噶瑪蘭語, Kavalan, Xinshe (新社)", "speaker": "潘金英, Haciang, female, 1944-09-15", "collected": "2004-04-01", "revised": "None", "video": "KavNr-pear_Haciang.mp3"}, "file": "Kavalan_Xinshe/KavNr-pear_Haciang", "num": 92}], [93, {"ori": [], "gloss": [["..", "", ""], ["betu-an", "stone-LOC", "石頭-處格"], ["nani.\\", "DM", "DM"]], "free": ["#e He rubbed his leg; maybe he got hurt. (He) stumbled over a stone.", "#c 他揉他的腳,好像受傷的樣子,撞到石頭。"], "s_end": true, "iu_a_span": [142.56, 143.5], "meta": {"topic": "Pear story", "type": "Narrative", "language": "噶瑪蘭語, Kavalan, Xinshe (新社)", "speaker": "潘金英, Haciang, female, 1944-09-15", "collected": "2004-04-01", "revised": "None", "video": "KavNr-pear_Haciang.mp3"}, "s_a_span": [137.28, 143.5], "file": "Kavalan_Xinshe/KavNr-pear_Haciang", "num": 93}], [94, {"ori": [], "gloss": [["…", "", ""], ["ya==u=ti", "EXIST=PFV", "存在=完成"], ["pangmu-an", "help-LF", "幫忙-處焦"], ["na", "GEN", "屬格"], ["kaput-na.\\", "friend-3SG.GEN", "朋友-3SG.屬格"]], "free": ["#e His friends helped him.", "#c 他的朋友幫他。"], "s_end": true, "iu_a_span": [143.5, 145.92], "meta": {"topic": "Pear story", "type": "Narrative", "language": "噶瑪蘭語, Kavalan, Xinshe (新社)", "speaker": "潘金英, Haciang, female, 1944-09-15", "collected": "2004-04-01", "revised": "None", "video": "KavNr-pear_Haciang.mp3"}, "s_a_span": [143.5, 145.92], "file": "Kavalan_Xinshe/KavNr-pear_Haciang", "num": 94}], [95, {"ori": [], "gloss": [["…", "", ""], ["ya==,\\", "FIL", "FIL"]], "free": [], "s_end": false, "iu_a_span": [145.92, 147.09], "meta": {"topic": "Pear story", "type": "Narrative", "language": "噶瑪蘭語, Kavalan, Xinshe (新社)", "speaker": "潘金英, Haciang, female, 1944-09-15", "collected": "2004-04-01", "revised": "None", "video": "KavNr-pear_Haciang.mp3"}, "file": "Kavalan_Xinshe/KavNr-pear_Haciang", "num": 95}], [96, {"ori": [], "gloss": [["..", "", ""], ["mazmun", "many.HUM", "很多.HUM"], ["na==,\\", "GEN", "屬格"]], "free": [], "s_end": false, "iu_a_span": [147.09, 148.06], "meta": {"topic": "Pear story", "type": "Narrative", "language": "噶瑪蘭語, Kavalan, Xinshe (新社)", "speaker": "潘金英, Haciang, female, 1944-09-15", "collected": "2004-04-01", "revised": "None", "video": "KavNr-pear_Haciang.mp3"}, "file": "Kavalan_Xinshe/KavNr-pear_Haciang", "num": 96}], [97, {"ori": [], "gloss": [["..", "", ""], ["kaput-na", "friend-3SG.GEN", "朋友-3SG.屬格"], ["ya==", "FIL", "FIL"], ["izau.\\", "this", "這個"]], "free": ["#e His has lots of friends.", "#c 他有很多朋友。"], "s_end": true, "iu_a_span": [148.06, 149.58], "meta": {"topic": "Pear story", "type": "Narrative", "language": "噶瑪蘭語, Kavalan, Xinshe (新社)", "speaker": "潘金英, Haciang, female, 1944-09-15", "collected": "2004-04-01", "revised": "None", "video": "KavNr-pear_Haciang.mp3"}, "s_a_span": [145.92, 149.58], "file": "Kavalan_Xinshe/KavNr-pear_Haciang", "num": 97}], [98, {"ori": [], "gloss": [["..", "", ""], ["mangmu=ay", "AF.help=REL", "主焦.幫忙=關係詞"], ["ta", "LOC", "處格"], ["ta==,\\", "LOC", "處格"]], "free": [], "s_end": false, "iu_a_span": [149.58, 151.34], "meta": {"topic": "Pear story", "type": "Narrative", "language": "噶瑪蘭語, Kavalan, Xinshe (新社)", "speaker": "潘金英, Haciang, female, 1944-09-15", "collected": "2004-04-01", "revised": "None", "video": "KavNr-pear_Haciang.mp3"}, "file": "Kavalan_Xinshe/KavNr-pear_Haciang", "num": 98}], [99, {"ori": [], "gloss": [["..", "", ""], ["sepez", "put", "裝"], ["ta-qa-qanas-an", "LOC-RED-basket-LOC", "處格-重疊-籃子-處格"], ["nani.\\", "DM", "DM"]], "free": ["#e Helping put (them) in the basket.", "#c 幫忙裝在籃子裡。"], "s_end": true, "iu_a_span": [151.34, 153.13], "meta": {"topic": "Pear story", "type": "Narrative", "language": "噶瑪蘭語, Kavalan, Xinshe (新社)", "speaker": "潘金英, Haciang, female, 1944-09-15", "collected": "2004-04-01", "revised": "None", "video": "KavNr-pear_Haciang.mp3"}, "s_a_span": [149.58, 153.13], "file": "Kavalan_Xinshe/KavNr-pear_Haciang", "num": 99}]], "meta": {"topic": "Pear story", "type": "Narrative", "language": "噶瑪蘭語, Kavalan, Xinshe (新社)", "speaker": "潘金英, Haciang, female, 1944-09-15", "collected": "2004-04-01", "revised": "None", "video": "KavNr-pear_Haciang.mp3"}}