{"glosses": [[1, {"ori": [], "gloss": [["aimi", "1EPL.NOM", "1EPL.主格"], ["kebalan,\\", "Kavalan", "噶瑪蘭"]], "free": [], "s_end": false, "iu_a_span": [4.64, 5.95], "meta": {"topic": "Sea", "type": "Narrative", "language": "噶瑪蘭語, Kavalan, Xinshe(新社)", "speaker": "謝宗修, Buya, male, 1957-09-10", "collected": "2004-10-01", "revised": "None", "video": "KavNr-sea_buya.mp3"}, "file": "Kavalan_Xinshe/KavNr-sea_buya", "num": 1}], [2, {"ori": [], "gloss": [["...(1.7)", "", ""], ["azu", "like", "像"], ["ngid", "want", "想"], ["kataz,\\", "FS", "FS"]], "free": [], "s_end": false, "iu_a_span": [5.95, 8.65], "meta": {"topic": "Sea", "type": "Narrative", "language": "噶瑪蘭語, Kavalan, Xinshe(新社)", "speaker": "謝宗修, Buya, male, 1957-09-10", "collected": "2004-10-01", "revised": "None", "video": "KavNr-sea_buya.mp3"}, "file": "Kavalan_Xinshe/KavNr-sea_buya", "num": 2}], [3, {"ori": [], "gloss": [["..", "", ""], ["qatiw", "go", "去"], ["sa", "to", "到"], ["lazing", "sea", "海邊"], ["nani.\\", "DM", "DM"]], "free": ["#e If we Kavalan people want to go to the sea,", "#c 如果我們噶瑪蘭人想去海邊，"], "s_end": true, "iu_a_span": [8.65, 10.09], "meta": {"topic": "Sea", "type": "Narrative", "language": "噶瑪蘭語, Kavalan, Xinshe(新社)", "speaker": "謝宗修, Buya, male, 1957-09-10", "collected": "2004-10-01", "revised": "None", "video": "KavNr-sea_buya.mp3"}, "s_a_span": [4.64, 10.09], "file": "Kavalan_Xinshe/KavNr-sea_buya", "num": 3}], [4, {"ori": [], "gloss": [["...(1.5)", "", ""], ["qawman", "definitely", "必定"], ["k<m>ilim", "<AF>look.for", "<主焦>找"], ["tu", "OBL", "斜格"], ["kaput,\\", "friend", "朋友"]], "free": ["#e (we) will definitely ask friends (to come with us).", "#c (我們)絕對會找伴(一起去)。", "#n k<en>ilim ni buya", "#n k<en>ilim(-an)-ku", "#n qena-kilim-an-ku", "#n sa-kilim-an-ku"], "s_end": true, "iu_a_span": [10.09, 13.47], "meta": {"topic": "Sea", "type": "Narrative", "language": "噶瑪蘭語, Kavalan, Xinshe(新社)", "speaker": "謝宗修, Buya, male, 1957-09-10", "collected": "2004-10-01", "revised": "None", "video": "KavNr-sea_buya.mp3"}, "s_a_span": [10.09, 13.47], "file": "Kavalan_Xinshe/KavNr-sea_buya", "num": 4}], [5, {"ori": [], "gloss": [["...(2.7)", "", ""], ["masulun,\\", "AF.together", "主焦.一起"]], "free": [], "s_end": false, "iu_a_span": [13.47, 17.17], "meta": {"topic": "Sea", "type": "Narrative", "language": "噶瑪蘭語, Kavalan, Xinshe(新社)", "speaker": "謝宗修, Buya, male, 1957-09-10", "collected": "2004-10-01", "revised": "None", "video": "KavNr-sea_buya.mp3"}, "file": "Kavalan_Xinshe/KavNr-sea_buya", "num": 5}], [6, {"ori": [], "gloss": [["...(1.4)", "", ""], ["sa", "to", "到"], ["lazing,\\", "sea", "海邊"]], "free": [], "s_end": false, "iu_a_span": [17.17, 18.82], "meta": {"topic": "Sea", "type": "Narrative", "language": "噶瑪蘭語, Kavalan, Xinshe(新社)", "speaker": "謝宗修, Buya, male, 1957-09-10", "collected": "2004-10-01", "revised": "None", "video": "KavNr-sea_buya.mp3"}, "file": "Kavalan_Xinshe/KavNr-sea_buya", "num": 6}], [7, {"ori": [], "gloss": [["..", "", ""], ["qawqa", "more", "比較"], ["nengi.\\", "good", "好"]], "free": ["#e It’s better if we go to the sea together.", "#c 一起去海邊比較好", "#n qasulun=pa=ita matiw q<m>an", "#n masulun=ita kwa masang matiw q<m>an"], "s_end": true, "iu_a_span": [18.82, 19.62], "meta": {"topic": "Sea", "type": "Narrative", "language": "噶瑪蘭語, Kavalan, Xinshe(新社)", "speaker": "謝宗修, Buya, male, 1957-09-10", "collected": "2004-10-01", "revised": "None", "video": "KavNr-sea_buya.mp3"}, "s_a_span": [13.47, 19.62], "file": "Kavalan_Xinshe/KavNr-sea_buya", "num": 7}], [8, {"ori": [], "gloss": [["...(0.8)", "", ""], ["qawqa", "more", "比較"], ["m-lizaq,\\", "AF-happy", "主焦-高興"]], "free": [], "s_end": false, "iu_a_span": [19.62, 21.07], "meta": {"topic": "Sea", "type": "Narrative", "language": "噶瑪蘭語, Kavalan, Xinshe(新社)", "speaker": "謝宗修, Buya, male, 1957-09-10", "collected": "2004-10-01", "revised": "None", "video": "KavNr-sea_buya.mp3"}, "file": "Kavalan_Xinshe/KavNr-sea_buya", "num": 8}], [9, {"ori": [], "gloss": [["..", "", ""], ["m-li-lizaq", "AF-RED-happy", "主焦-重疊-高興"], ["tayan.\\", "there", "那裡"]], "free": ["#e Being much happier there.", "#c 更能高高興興在那裡。"], "s_end": true, "iu_a_span": [21.07, 22.39], "meta": {"topic": "Sea", "type": "Narrative", "language": "噶瑪蘭語, Kavalan, Xinshe(新社)", "speaker": "謝宗修, Buya, male, 1957-09-10", "collected": "2004-10-01", "revised": "None", "video": "KavNr-sea_buya.mp3"}, "s_a_span": [19.62, 22.39], "file": "Kavalan_Xinshe/KavNr-sea_buya", "num": 9}], [10, {"ori": [], "gloss": [["...(5.9)", "", ""], ["azu", "like", "像"], ["maseq", "AF.arrive", "主焦.到達"], ["ta-lazing-an,\\", "LOC-sea-LOC", "處格-海邊-處格"]], "free": ["#e If (we) arrive at the sea,", "#c 如果到了海邊，"], "s_end": true, "iu_a_span": [22.39, 29.72], "meta": {"topic": "Sea", "type": "Narrative", "language": "噶瑪蘭語, Kavalan, Xinshe(新社)", "speaker": "謝宗修, Buya, male, 1957-09-10", "collected": "2004-10-01", "revised": "None", "video": "KavNr-sea_buya.mp3"}, "s_a_span": [22.39, 29.72], "file": "Kavalan_Xinshe/KavNr-sea_buya", "num": 10}], [11, {"ori": [], "gloss": [["...(2.1)", "", ""], ["Runanay,\\", "man", "男人"]], "free": [], "s_end": false, "iu_a_span": [29.72, 32.64], "meta": {"topic": "Sea", "type": "Narrative", "language": "噶瑪蘭語, Kavalan, Xinshe(新社)", "speaker": "謝宗修, Buya, male, 1957-09-10", "collected": "2004-10-01", "revised": "None", "video": "KavNr-sea_buya.mp3"}, "file": "Kavalan_Xinshe/KavNr-sea_buya", "num": 11}], [12, {"ori": [], "gloss": [["...(1.9)", "", ""], ["m-Renem,\\", "AF-dive", "主焦-潛水"]], "free": [], "s_end": false, "iu_a_span": [32.64, 35.07], "meta": {"topic": "Sea", "type": "Narrative", "language": "噶瑪蘭語, Kavalan, Xinshe(新社)", "speaker": "謝宗修, Buya, male, 1957-09-10", "collected": "2004-10-01", "revised": "None", "video": "KavNr-sea_buya.mp3"}, "file": "Kavalan_Xinshe/KavNr-sea_buya", "num": 12}], [13, {"ori": [], "gloss": [["...(0.7)", "", ""], ["Ri-baut,\\", "catch-fish", "抓-魚"]], "free": [], "s_end": false, "iu_a_span": [35.07, 36.55], "meta": {"topic": "Sea", "type": "Narrative", "language": "噶瑪蘭語, Kavalan, Xinshe(新社)", "speaker": "謝宗修, Buya, male, 1957-09-10", "collected": "2004-10-01", "revised": "None", "video": "KavNr-sea_buya.mp3"}, "file": "Kavalan_Xinshe/KavNr-sea_buya", "num": 13}], [14, {"ori": [], "gloss": [["...", "", ""], ["p<m>azing.\\", "<AF>catch.fish.with.a.spear", "<主焦>射魚"]], "free": ["#e Men dive into the waters, catching and spearing fish.", "#c 男人下水抓魚和射魚。", "#n pa-Ri-baut-an=iku", "#n Ri-baut不能改成qi-baut。", "#n qi-waRang", "#n p<m>azing的z比較像c。"], "s_end": true, "iu_a_span": [36.55, 38.54], "meta": {"topic": "Sea", "type": "Narrative", "language": "噶瑪蘭語, Kavalan, Xinshe(新社)", "speaker": "謝宗修, Buya, male, 1957-09-10", "collected": "2004-10-01", "revised": "None", "video": "KavNr-sea_buya.mp3"}, "s_a_span": [29.72, 38.54], "file": "Kavalan_Xinshe/KavNr-sea_buya", "num": 14}], [15, {"ori": [], "gloss": [["..(1.5)", "", ""], ["tazungan,\\", "woman", "女人"]], "free": [], "s_end": false, "iu_a_span": [38.54, 40.64], "meta": {"topic": "Sea", "type": "Narrative", "language": "噶瑪蘭語, Kavalan, Xinshe(新社)", "speaker": "謝宗修, Buya, male, 1957-09-10", "collected": "2004-10-01", "revised": "None", "video": "KavNr-sea_buya.mp3"}, "file": "Kavalan_Xinshe/KavNr-sea_buya", "num": 15}], [16, {"ori": [], "gloss": [["...(1.2)", "", ""], ["qi-pais,\\", "pick-limpet", "撿-笠螺"]], "free": [], "s_end": false, "iu_a_span": [40.64, 42.96], "meta": {"topic": "Sea", "type": "Narrative", "language": "噶瑪蘭語, Kavalan, Xinshe(新社)", "speaker": "謝宗修, Buya, male, 1957-09-10", "collected": "2004-10-01", "revised": "None", "video": "KavNr-sea_buya.mp3"}, "file": "Kavalan_Xinshe/KavNr-sea_buya", "num": 16}], [17, {"ori": [], "gloss": [["...(0.7)", "", ""], ["u,\\", "or", "或"]], "free": [], "s_end": false, "iu_a_span": [42.96, 44.29], "meta": {"topic": "Sea", "type": "Narrative", "language": "噶瑪蘭語, Kavalan, Xinshe(新社)", "speaker": "謝宗修, Buya, male, 1957-09-10", "collected": "2004-10-01", "revised": "None", "video": "KavNr-sea_buya.mp3"}, "file": "Kavalan_Xinshe/KavNr-sea_buya", "num": 17}], [18, {"ori": [], "gloss": [["...(0.9)", "", ""], ["qi-tuqu.\\", "pick-a.kind.of.shell", "撿-一種螺類"]], "free": ["#e Women pick up limpets and shells.", "#c 女人撿笠螺和螺類。"], "s_end": true, "iu_a_span": [44.29, 46.45], "meta": {"topic": "Sea", "type": "Narrative", "language": "噶瑪蘭語, Kavalan, Xinshe(新社)", "speaker": "謝宗修, Buya, male, 1957-09-10", "collected": "2004-10-01", "revised": "None", "video": "KavNr-sea_buya.mp3"}, "s_a_span": [38.54, 46.45], "file": "Kavalan_Xinshe/KavNr-sea_buya", "num": 18}], [19, {"ori": [], "gloss": [["...(2.2)", "", ""], ["u,\\", "or", "或"]], "free": [], "s_end": false, "iu_a_span": [46.45, 49.0], "meta": {"topic": "Sea", "type": "Narrative", "language": "噶瑪蘭語, Kavalan, Xinshe(新社)", "speaker": "謝宗修, Buya, male, 1957-09-10", "collected": "2004-10-01", "revised": "None", "video": "KavNr-sea_buya.mp3"}, "file": "Kavalan_Xinshe/KavNr-sea_buya", "num": 19}], [20, {"ori": [], "gloss": [["...", "", ""], ["yau=pama", "EXIST=still", "存在=仍然"], ["nayi==,\\", "NAYI", "NAYI"]], "free": [], "s_end": false, "iu_a_span": [49.0, 50.89], "meta": {"topic": "Sea", "type": "Narrative", "language": "噶瑪蘭語, Kavalan, Xinshe(新社)", "speaker": "謝宗修, Buya, male, 1957-09-10", "collected": "2004-10-01", "revised": "None", "video": "KavNr-sea_buya.mp3"}, "file": "Kavalan_Xinshe/KavNr-sea_buya", "num": 20}], [21, {"ori": [], "gloss": [["...(6.1)", "", ""], ["qi-qakutung", "pick-seaweed", "撿-海菜類"], ["u==,\\", "or", "或"]], "free": [], "s_end": false, "iu_a_span": [50.89, 58.24], "meta": {"topic": "Sea", "type": "Narrative", "language": "噶瑪蘭語, Kavalan, Xinshe(新社)", "speaker": "謝宗修, Buya, male, 1957-09-10", "collected": "2004-10-01", "revised": "None", "video": "KavNr-sea_buya.mp3"}, "file": "Kavalan_Xinshe/KavNr-sea_buya", "num": 21}], [22, {"ori": [], "gloss": [["..", "", ""], ["iza", "something", "某物"], ["ya,\\", "PART", "語助詞"]], "free": ["#e or pick up seaweed.", "#c 或撿海菜。"], "s_end": true, "iu_a_span": [58.24, 59.11], "meta": {"topic": "Sea", "type": "Narrative", "language": "噶瑪蘭語, Kavalan, Xinshe(新社)", "speaker": "謝宗修, Buya, male, 1957-09-10", "collected": "2004-10-01", "revised": "None", "video": "KavNr-sea_buya.mp3"}, "s_a_span": [46.45, 59.11], "file": "Kavalan_Xinshe/KavNr-sea_buya", "num": 22}], [23, {"ori": [], "gloss": [["...(5.1)", "", ""], ["ni-sianguzus-an-na,\\", "PFV-pick.up.food.at.sea-NMZ-3PL.GEN", "完成-在海邊撿食物-名物化-3PL.屬格"]], "free": [], "s_end": false, "iu_a_span": [59.11, 65.37], "meta": {"topic": "Sea", "type": "Narrative", "language": "噶瑪蘭語, Kavalan, Xinshe(新社)", "speaker": "謝宗修, Buya, male, 1957-09-10", "collected": "2004-10-01", "revised": "None", "video": "KavNr-sea_buya.mp3"}, "file": "Kavalan_Xinshe/KavNr-sea_buya", "num": 23}], [24, {"ori": [], "gloss": [["...(2.3)", "", ""], ["ngid", "want", "要"], ["qan", "eat", "吃"], ["sa-tutu,\\", "SA-noon", "SA-中午"]], "free": [], "s_end": false, "iu_a_span": [65.37, 68.74], "meta": {"topic": "Sea", "type": "Narrative", "language": "噶瑪蘭語, Kavalan, Xinshe(新社)", "speaker": "謝宗修, Buya, male, 1957-09-10", "collected": "2004-10-01", "revised": "None", "video": "KavNr-sea_buya.mp3"}, "file": "Kavalan_Xinshe/KavNr-sea_buya", "num": 24}], [25, {"ori": [], "gloss": [["..", "", ""], ["niz-an-ta", "all-LF-1IPL.GEN", "全部-處焦-1IPL.屬格"], ["pa-zukat.\\", "CAU-out", "使役-出"]], "free": ["#e We take out all that we have picked up at sea when it is time for lunch.", "#c 中午要吃飯的時候,在海邊所採的東西全部都拿出來。", "#n *ngid qan sa-tutu-an", "#n mai ngid qan sa-tutu"], "s_end": true, "iu_a_span": [68.74, 70.32], "meta": {"topic": "Sea", "type": "Narrative", "language": "噶瑪蘭語, Kavalan, Xinshe(新社)", "speaker": "謝宗修, Buya, male, 1957-09-10", "collected": "2004-10-01", "revised": "None", "video": "KavNr-sea_buya.mp3"}, "s_a_span": [59.11, 70.32], "file": "Kavalan_Xinshe/KavNr-sea_buya", "num": 25}], [26, {"ori": [], "gloss": [["...(2.9)", "", ""], ["sa", "FS", "FS"], ["sa-tutu-an,\\", "FUT-noon-NMZ", "未來-中午-名物化"]], "free": [], "s_end": false, "iu_a_span": [70.32, 74.37], "meta": {"topic": "Sea", "type": "Narrative", "language": "噶瑪蘭語, Kavalan, Xinshe(新社)", "speaker": "謝宗修, Buya, male, 1957-09-10", "collected": "2004-10-01", "revised": "None", "video": "KavNr-sea_buya.mp3"}, "file": "Kavalan_Xinshe/KavNr-sea_buya", "num": 26}], [27, {"ori": [], "gloss": [["...(2.1)", "", ""], ["yau", "EXIST", "存在"], ["meti=ay,\\", "raw=REL", "生的=關係詞"]], "free": [], "s_end": false, "iu_a_span": [74.37, 77.7], "meta": {"topic": "Sea", "type": "Narrative", "language": "噶瑪蘭語, Kavalan, Xinshe(新社)", "speaker": "謝宗修, Buya, male, 1957-09-10", "collected": "2004-10-01", "revised": "None", "video": "KavNr-sea_buya.mp3"}, "file": "Kavalan_Xinshe/KavNr-sea_buya", "num": 27}], [28, {"ori": [], "gloss": [["...", "", ""], ["yau", "EXIST", "存在"], ["manin=ay,\\", "cooked=REL", "熟的=關係詞"]], "free": ["#e There are raw and cooked food for lunch.", "#c 中午吃的有生的有熟的。", "#n sa-tutu-an", "#n sa-tutu-an-ta ngid tazian", "#n sa-saRi-an", "#n ni-Ramaz-an=ay baut", "#n mai=pama ma-Ramaz=ay baut"], "s_end": true, "iu_a_span": [77.7, 79.96], "meta": {"topic": "Sea", "type": "Narrative", "language": "噶瑪蘭語, Kavalan, Xinshe(新社)", "speaker": "謝宗修, Buya, male, 1957-09-10", "collected": "2004-10-01", "revised": "None", "video": "KavNr-sea_buya.mp3"}, "s_a_span": [70.32, 79.96], "file": "Kavalan_Xinshe/KavNr-sea_buya", "num": 28}], [29, {"ori": [], "gloss": [["...(1.3)", "", ""], ["sa-tutu-an.\\", "FUT-noon-NMZ", "未來-中午-名物化"]], "free": [], "s_end": false, "iu_a_span": [79.96, 82.33], "meta": {"topic": "Sea", "type": "Narrative", "language": "噶瑪蘭語, Kavalan, Xinshe(新社)", "speaker": "謝宗修, Buya, male, 1957-09-10", "collected": "2004-10-01", "revised": "None", "video": "KavNr-sea_buya.mp3"}, "file": "Kavalan_Xinshe/KavNr-sea_buya", "num": 29}], [30, {"ori": [], "gloss": [["...(1.7)", "", ""], ["mai=ita", "NEG=1IPL.NOM", "否定=1IPL.主格"], ["m-azas", "AF-bring", "主焦-帶"], ["tu,\\", "OBL", "斜格"]], "free": [], "s_end": false, "iu_a_span": [82.33, 85.65], "meta": {"topic": "Sea", "type": "Narrative", "language": "噶瑪蘭語, Kavalan, Xinshe(新社)", "speaker": "謝宗修, Buya, male, 1957-09-10", "collected": "2004-10-01", "revised": "None", "video": "KavNr-sea_buya.mp3"}, "file": "Kavalan_Xinshe/KavNr-sea_buya", "num": 30}], [31, {"ori": [], "gloss": [["...", "", ""], ["ninu=ay.\\", "what=REL", "什麼=關係詞"]], "free": [], "s_end": false, "iu_a_span": [85.65, 88.06], "meta": {"topic": "Sea", "type": "Narrative", "language": "噶瑪蘭語, Kavalan, Xinshe(新社)", "speaker": "謝宗修, Buya, male, 1957-09-10", "collected": "2004-10-01", "revised": "None", "video": "KavNr-sea_buya.mp3"}, "file": "Kavalan_Xinshe/KavNr-sea_buya", "num": 31}], [32, {"ori": [], "gloss": [["...(1.4)", "", ""], ["ni-ta-lepaw-an,\\", "PFV-LOC-home-LOC", "完成-處格-家-處格"]], "free": [], "s_end": false, "iu_a_span": [88.06, 90.45], "meta": {"topic": "Sea", "type": "Narrative", "language": "噶瑪蘭語, Kavalan, Xinshe(新社)", "speaker": "謝宗修, Buya, male, 1957-09-10", "collected": "2004-10-01", "revised": "None", "video": "KavNr-sea_buya.mp3"}, "file": "Kavalan_Xinshe/KavNr-sea_buya", "num": 32}], [33, {"ori": [], "gloss": [["..", "", ""], ["matiw", "AF.go", "主焦.去"], ["sa", "to", "到"], ["lazing,\\", "sea", "海邊"]], "free": ["#e We don’t take food from home to the sea.", "#c 我們不帶家裡的東西去海邊。", "#n 老師覺得沒有ni-ta-lepaw-an,應改為nizi ta-lepaw-an", "#n Informant thinks that there is no ‘ni-ta-repaw-an’, which should be changed to nizi ta-lepaw-an."], "s_end": true, "iu_a_span": [90.45, 91.8], "meta": {"topic": "Sea", "type": "Narrative", "language": "噶瑪蘭語, Kavalan, Xinshe(新社)", "speaker": "謝宗修, Buya, male, 1957-09-10", "collected": "2004-10-01", "revised": "None", "video": "KavNr-sea_buya.mp3"}, "s_a_span": [79.96, 91.8], "file": "Kavalan_Xinshe/KavNr-sea_buya", "num": 33}], [34, {"ori": [], "gloss": [["...(0.6)", "", ""], ["qawman,\\", "definitely", "絕對"]], "free": [], "s_end": false, "iu_a_span": [91.8, 92.85], "meta": {"topic": "Sea", "type": "Narrative", "language": "噶瑪蘭語, Kavalan, Xinshe(新社)", "speaker": "謝宗修, Buya, male, 1957-09-10", "collected": "2004-10-01", "revised": "None", "video": "KavNr-sea_buya.mp3"}, "file": "Kavalan_Xinshe/KavNr-sea_buya", "num": 34}], [35, {"ori": [], "gloss": [["...", "", ""], ["wama", "only", "只"], ["zana", "3PL.POSS", "3PL.所有格"], ["lazing=ay,\\", "sea=REL", "海邊=關係詞"]], "free": [], "s_end": false, "iu_a_span": [92.85, 95.04], "meta": {"topic": "Sea", "type": "Narrative", "language": "噶瑪蘭語, Kavalan, Xinshe(新社)", "speaker": "謝宗修, Buya, male, 1957-09-10", "collected": "2004-10-01", "revised": "None", "video": "KavNr-sea_buya.mp3"}, "file": "Kavalan_Xinshe/KavNr-sea_buya", "num": 35}], [36, {"ori": [], "gloss": [["...", "", ""], ["tamun-niq", "meal-1EPL.GEN", "菜-1EPL.屬格"], ["tayan.\\", "there", "那邊"]], "free": ["#e Our foods are definitely only those picked up at the sea.", "#c 我們的菜絕對只有海邊的菜。", "#n zana ninu", "#n zana lazing=ay", "#n qawman mawtu", "#n qawman mawtu=ti ti-imuy", "#n qawman qawtu ti-imuy", "#n q<en>atiw-an", "#n q<en>awtu-ku"], "s_end": true, "iu_a_span": [95.04, 96.98], "meta": {"topic": "Sea", "type": "Narrative", "language": "噶瑪蘭語, Kavalan, Xinshe(新社)", "speaker": "謝宗修, Buya, male, 1957-09-10", "collected": "2004-10-01", "revised": "None", "video": "KavNr-sea_buya.mp3"}, "s_a_span": [91.8, 96.98], "file": "Kavalan_Xinshe/KavNr-sea_buya", "num": 36}], [37, {"ori": [], "gloss": [["...(1.1)", "", ""], ["wama,\\", "only", "只有"]], "free": [], "s_end": false, "iu_a_span": [96.98, 98.5], "meta": {"topic": "Sea", "type": "Narrative", "language": "噶瑪蘭語, Kavalan, Xinshe(新社)", "speaker": "謝宗修, Buya, male, 1957-09-10", "collected": "2004-10-01", "revised": "None", "video": "KavNr-sea_buya.mp3"}, "file": "Kavalan_Xinshe/KavNr-sea_buya", "num": 37}], [38, {"ori": [], "gloss": [["..", "", ""], ["memay,\\", "rice", "飯"]], "free": [], "s_end": false, "iu_a_span": [98.5, 99.2], "meta": {"topic": "Sea", "type": "Narrative", "language": "噶瑪蘭語, Kavalan, Xinshe(新社)", "speaker": "謝宗修, Buya, male, 1957-09-10", "collected": "2004-10-01", "revised": "None", "video": "KavNr-sea_buya.mp3"}, "file": "Kavalan_Xinshe/KavNr-sea_buya", "num": 38}], [39, {"ori": [], "gloss": [["...", "", ""], ["atu", "CONJ", "連接詞"], ["mian,\\", "salt", "鹽"]], "free": [], "s_end": false, "iu_a_span": [99.2, 100.5], "meta": {"topic": "Sea", "type": "Narrative", "language": "噶瑪蘭語, Kavalan, Xinshe(新社)", "speaker": "謝宗修, Buya, male, 1957-09-10", "collected": "2004-10-01", "revised": "None", "video": "KavNr-sea_buya.mp3"}, "file": "Kavalan_Xinshe/KavNr-sea_buya", "num": 39}], [40, {"ori": [], "gloss": [["..", "", ""], ["ni-azas-an,\\", "PFV-bring-NMZ", "完成-帶-名物化"]], "free": ["#e What are brought (from home) are only rice and salt.", "#c 帶的東西只有飯和鹽。", "#n sa-azas-an", "#n ninu ni-azas-an-su", "#n mana m-azas=isu"], "s_end": true, "iu_a_span": [100.5, 101.84], "meta": {"topic": "Sea", "type": "Narrative", "language": "噶瑪蘭語, Kavalan, Xinshe(新社)", "speaker": "謝宗修, Buya, male, 1957-09-10", "collected": "2004-10-01", "revised": "None", "video": "KavNr-sea_buya.mp3"}, "s_a_span": [96.98, 101.84], "file": "Kavalan_Xinshe/KavNr-sea_buya", "num": 40}], [41, {"ori": [], "gloss": [["...(1.5)", "", ""], ["nayau", "that.way", "那樣"], ["zana,\\", "3PL.POSS", "3PL.所有格"]], "free": [], "s_end": false, "iu_a_span": [101.84, 103.73], "meta": {"topic": "Sea", "type": "Narrative", "language": "噶瑪蘭語, Kavalan, Xinshe(新社)", "speaker": "謝宗修, Buya, male, 1957-09-10", "collected": "2004-10-01", "revised": "None", "video": "KavNr-sea_buya.mp3"}, "file": "Kavalan_Xinshe/KavNr-sea_buya", "num": 41}], [42, {"ori": [], "gloss": [["..", "", ""], ["kebalan,\\", "Kavalan", "噶瑪蘭"]], "free": [], "s_end": false, "iu_a_span": [103.73, 104.2], "meta": {"topic": "Sea", "type": "Narrative", "language": "噶瑪蘭語, Kavalan, Xinshe(新社)", "speaker": "謝宗修, Buya, male, 1957-09-10", "collected": "2004-10-01", "revised": "None", "video": "KavNr-sea_buya.mp3"}, "file": "Kavalan_Xinshe/KavNr-sea_buya", "num": 42}], [43, {"ori": [], "gloss": [["..", "", ""], ["matiw", "AF.go", "主焦.去"], ["sa", "to", "到"], ["lazing.\\", "sea", "海邊"]], "free": ["#e That is how Kavalan people go to the sea.", "#c 噶瑪蘭人是那樣子去海邊的。", "#n mana nayau", "#n mana=ti aizipna"], "s_end": true, "iu_a_span": [104.2, 105.27], "meta": {"topic": "Sea", "type": "Narrative", "language": "噶瑪蘭語, Kavalan, Xinshe(新社)", "speaker": "謝宗修, Buya, male, 1957-09-10", "collected": "2004-10-01", "revised": "None", "video": "KavNr-sea_buya.mp3"}, "s_a_span": [101.84, 105.27], "file": "Kavalan_Xinshe/KavNr-sea_buya", "num": 43}], [44, {"ori": [], "gloss": [["...(1.1)", "", ""], ["sa-qa-lizaq-an,\\", "FUT-QA-happy-NMZ", "未來-QA-高興-名物化"]], "free": [], "s_end": false, "iu_a_span": [105.27, 107.57], "meta": {"topic": "Sea", "type": "Narrative", "language": "噶瑪蘭語, Kavalan, Xinshe(新社)", "speaker": "謝宗修, Buya, male, 1957-09-10", "collected": "2004-10-01", "revised": "None", "video": "KavNr-sea_buya.mp3"}, "file": "Kavalan_Xinshe/KavNr-sea_buya", "num": 44}], [45, {"ori": [], "gloss": [["...(1.3)", "", ""], ["sa-qa-nengi-an", "FUT-QA-good-NMZ", "未來-QA-好-名物化"], ["na", "GEN", "屬格"], ["waway,\\", "way.of.life", "生活方式"]], "free": ["#e the way of life which makes us happy and good", "#c 使我們高興及好的生活方式。", "#n 這裡的sa-qa-lizaq-an不能改成pa-qa-lizaq-an #n satzay=pa=iku pa-qa-lizaq tu sunis", "#n ni-qa-nengi-an", "#n sa-qa-lizaq-an here cannot be changed to pa-qa-lizaq-an."], "s_end": true, "iu_a_span": [107.57, 110.04], "meta": {"topic": "Sea", "type": "Narrative", "language": "噶瑪蘭語, Kavalan, Xinshe(新社)", "speaker": "謝宗修, Buya, male, 1957-09-10", "collected": "2004-10-01", "revised": "None", "video": "KavNr-sea_buya.mp3"}, "s_a_span": [105.27, 110.04], "file": "Kavalan_Xinshe/KavNr-sea_buya", "num": 45}], [47, {"ori": [], "gloss": [["...(0.9)", "", ""], ["nayau", "that.way", "那樣"], ["ma.\\", "INT", "感嘆"]], "free": ["#e That’s how we think.", "#c 我們是這樣想的。"], "s_end": true, "iu_a_span": [110.92, 112.99], "meta": {"topic": "Sea", "type": "Narrative", "language": "噶瑪蘭語, Kavalan, Xinshe(新社)", "speaker": "謝宗修, Buya, male, 1957-09-10", "collected": "2004-10-01", "revised": "None", "video": "KavNr-sea_buya.mp3"}, "s_a_span": [110.04, 112.99], "file": "Kavalan_Xinshe/KavNr-sea_buya", "num": 47}]], "meta": {"topic": "Sea", "type": "Narrative", "language": "噶瑪蘭語, Kavalan, Xinshe(新社)", "speaker": "謝宗修, Buya, male, 1957-09-10", "collected": "2004-10-01", "revised": "None", "video": "KavNr-sea_buya.mp3"}}