{"glosses": [[1, {"ori": [], "gloss": [["yau", "EXIST", "存在"], ["sunis", "child", "小孩"], ["‘nay,\\", "that", "那個"]], "free": [], "s_end": false, "iu_a_span": [19.48, 20.99], "meta": {"topic": "Frog Story", "type": "Narrative", "language": "噶瑪蘭語, Kavalan, Xinshe(新社)", "speaker": "潘金妹, Imuy, female, 1952-10-25", "collected": "2003-06-01", "revised": "2013-7-24", "video": "KavNr-frog_imuy2.mp3"}, "file": "Kavalan_Xinshe/KavNr-frog_imuy2", "num": 1}], [2, {"ori": [], "gloss": [["..", "", ""], ["t<m>ayta", "<AF>see", "<主焦>看"], ["tu.\\", "OBL", "斜格"]], "free": [], "s_end": false, "iu_a_span": [20.99, 22.41], "meta": {"topic": "Frog Story", "type": "Narrative", "language": "噶瑪蘭語, Kavalan, Xinshe(新社)", "speaker": "潘金妹, Imuy, female, 1952-10-25", "collected": "2003-06-01", "revised": "2013-7-24", "video": "KavNr-frog_imuy2.mp3"}, "file": "Kavalan_Xinshe/KavNr-frog_imuy2", "num": 2}], [3, {"ori": [], "gloss": [["...(1.6)", "", ""], ["biat", "frog", "青蛙"], ["‘nay,\\", "that", "那個"]], "free": [], "s_end": false, "iu_a_span": [22.41, 24.42], "meta": {"topic": "Frog Story", "type": "Narrative", "language": "噶瑪蘭語, Kavalan, Xinshe(新社)", "speaker": "潘金妹, Imuy, female, 1952-10-25", "collected": "2003-06-01", "revised": "2013-7-24", "video": "KavNr-frog_imuy2.mp3"}, "file": "Kavalan_Xinshe/KavNr-frog_imuy2", "num": 3}], [4, {"ori": [], "gloss": [["..", "", ""], ["tu,\\", "OBL", "斜格"]], "free": [], "s_end": false, "iu_a_span": [24.42, 24.73], "meta": {"topic": "Frog Story", "type": "Narrative", "language": "噶瑪蘭語, Kavalan, Xinshe(新社)", "speaker": "潘金妹, Imuy, female, 1952-10-25", "collected": "2003-06-01", "revised": "2013-7-24", "video": "KavNr-frog_imuy2.mp3"}, "file": "Kavalan_Xinshe/KavNr-frog_imuy2", "num": 4}], [5, {"ori": [], "gloss": [["..", "", ""], ["ni-qudu-an-na", "PFV-breed-NMZ-3SG.GEN", "完成-養-名物化-3SG.屬格"], ["ta-,\\", "LOC-", "處格-"]], "free": [], "s_end": false, "iu_a_span": [24.73, 25.92], "meta": {"topic": "Frog Story", "type": "Narrative", "language": "噶瑪蘭語, Kavalan, Xinshe(新社)", "speaker": "潘金妹, Imuy, female, 1952-10-25", "collected": "2003-06-01", "revised": "2013-7-24", "video": "KavNr-frog_imuy2.mp3"}, "file": "Kavalan_Xinshe/KavNr-frog_imuy2", "num": 5}], [5, {"ori": [], "gloss": [["..", "", ""], ["ni-qudu-an-na", "PFV-breed-NMZ-3SG.GEN", "完成-養-名物化-3SG.屬格"], ["ta-,\\", "LOC-", "處格-"]], "free": [], "s_end": false, "iu_a_span": [24.73, 25.92], "meta": {"topic": "Frog Story", "type": "Narrative", "language": "噶瑪蘭語, Kavalan, Xinshe(新社)", "speaker": "潘金妹, Imuy, female, 1952-10-25", "collected": "2003-06-01", "revised": "2013-7-24", "video": "KavNr-frog_imuy2.mp3"}, "file": "Kavalan_Xinshe/KavNr-frog_imuy2", "num": 5}], [7, {"ori": [], "gloss": [["...", "", ""], ["nani,_", "DM", "DM"]], "free": ["#e There is a child looking at the frog kept in the bottle.", "#c 有一個小孩看著養在瓶子裡的青蛙。"], "s_end": true, "iu_a_span": [26.91, 27.58], "meta": {"topic": "Frog Story", "type": "Narrative", "language": "噶瑪蘭語, Kavalan, Xinshe(新社)", "speaker": "潘金妹, Imuy, female, 1952-10-25", "collected": "2003-06-01", "revised": "2013-7-24", "video": "KavNr-frog_imuy2.mp3"}, "s_a_span": [19.48, 27.58], "file": "Kavalan_Xinshe/KavNr-frog_imuy2", "num": 7}], [8, {"ori": [], "gloss": [["...", "", ""], ["yau=ti,\\", "EXIST=PFV", "存在=完成"]], "free": [], "s_end": false, "iu_a_span": [27.58, 28.56], "meta": {"topic": "Frog Story", "type": "Narrative", "language": "噶瑪蘭語, Kavalan, Xinshe(新社)", "speaker": "潘金妹, Imuy, female, 1952-10-25", "collected": "2003-06-01", "revised": "2013-7-24", "video": "KavNr-frog_imuy2.mp3"}, "file": "Kavalan_Xinshe/KavNr-frog_imuy2", "num": 8}], [9, {"ori": [], "gloss": [["..", "", ""], ["wasu", "dog", "狗"], ["a", "LNK", "連詞"], ["yau,\\", "that", "那個"]], "free": [], "s_end": false, "iu_a_span": [28.56, 29.7], "meta": {"topic": "Frog Story", "type": "Narrative", "language": "噶瑪蘭語, Kavalan, Xinshe(新社)", "speaker": "潘金妹, Imuy, female, 1952-10-25", "collected": "2003-06-01", "revised": "2013-7-24", "video": "KavNr-frog_imuy2.mp3"}, "file": "Kavalan_Xinshe/KavNr-frog_imuy2", "num": 9}], [10, {"ori": [], "gloss": [["..", "", ""], ["si<tuR>tuRku.\\", "<RED>look.down", "<重疊>往下看"]], "free": ["#e There was a dog lowering its head.", "#c 那隻狗低頭看了看。"], "s_end": true, "iu_a_span": [29.7, 31.17], "meta": {"topic": "Frog Story", "type": "Narrative", "language": "噶瑪蘭語, Kavalan, Xinshe(新社)", "speaker": "潘金妹, Imuy, female, 1952-10-25", "collected": "2003-06-01", "revised": "2013-7-24", "video": "KavNr-frog_imuy2.mp3"}, "s_a_span": [27.58, 31.17], "file": "Kavalan_Xinshe/KavNr-frog_imuy2", "num": 10}], [11, {"ori": [], "gloss": [["...(4.0)", "", ""], ["maynep=ti,\\", "AF.sleep=PFV", "主焦.睡覺=完成"]], "free": [], "s_end": false, "iu_a_span": [31.17, 35.77], "meta": {"topic": "Frog Story", "type": "Narrative", "language": "噶瑪蘭語, Kavalan, Xinshe(新社)", "speaker": "潘金妹, Imuy, female, 1952-10-25", "collected": "2003-06-01", "revised": "2013-7-24", "video": "KavNr-frog_imuy2.mp3"}, "file": "Kavalan_Xinshe/KavNr-frog_imuy2", "num": 11}], [12, {"ori": [], "gloss": [["..", "", ""], ["sunis", "child", "小孩"], ["‘nay,\\", "that", "那個"]], "free": [], "s_end": false, "iu_a_span": [35.77, 36.96], "meta": {"topic": "Frog Story", "type": "Narrative", "language": "噶瑪蘭語, Kavalan, Xinshe(新社)", "speaker": "潘金妹, Imuy, female, 1952-10-25", "collected": "2003-06-01", "revised": "2013-7-24", "video": "KavNr-frog_imuy2.mp3"}, "file": "Kavalan_Xinshe/KavNr-frog_imuy2", "num": 12}], [13, {"ori": [], "gloss": [["..", "", ""], ["atu==,\\", "CONJ", "連接詞"]], "free": [], "s_end": false, "iu_a_span": [36.96, 37.65], "meta": {"topic": "Frog Story", "type": "Narrative", "language": "噶瑪蘭語, Kavalan, Xinshe(新社)", "speaker": "潘金妹, Imuy, female, 1952-10-25", "collected": "2003-06-01", "revised": "2013-7-24", "video": "KavNr-frog_imuy2.mp3"}, "file": "Kavalan_Xinshe/KavNr-frog_imuy2", "num": 13}], [14, {"ori": [], "gloss": [["..", "", ""], ["wasu", "dog", "狗"], ["‘nay", "that", "那個"], ["nani.\\", "DM", "DM"]], "free": ["#e The child and the dog fell asleep.", "#c 孩子和狗睡著了。"], "s_end": true, "iu_a_span": [37.65, 38.98], "meta": {"topic": "Frog Story", "type": "Narrative", "language": "噶瑪蘭語, Kavalan, Xinshe(新社)", "speaker": "潘金妹, Imuy, female, 1952-10-25", "collected": "2003-06-01", "revised": "2013-7-24", "video": "KavNr-frog_imuy2.mp3"}, "s_a_span": [31.17, 38.98], "file": "Kavalan_Xinshe/KavNr-frog_imuy2", "num": 14}], [15, {"ori": [], "gloss": [["...(1.4)", "", ""], ["m-zukat=ti,\\", "AF-go.out=PFV", "主焦-出去=完成"]], "free": [], "s_end": false, "iu_a_span": [38.98, 41.32], "meta": {"topic": "Frog Story", "type": "Narrative", "language": "噶瑪蘭語, Kavalan, Xinshe(新社)", "speaker": "潘金妹, Imuy, female, 1952-10-25", "collected": "2003-06-01", "revised": "2013-7-24", "video": "KavNr-frog_imuy2.mp3"}, "file": "Kavalan_Xinshe/KavNr-frog_imuy2", "num": 15}], [16, {"ori": [], "gloss": [["..", "", ""], ["‘nay", "that", "那個"], ["biat", "frog", "青蛙"], ["a", "LNK", "連詞"], ["yau,\\", "that", "那個"]], "free": [], "s_end": false, "iu_a_span": [41.32, 42.92], "meta": {"topic": "Frog Story", "type": "Narrative", "language": "噶瑪蘭語, Kavalan, Xinshe(新社)", "speaker": "潘金妹, Imuy, female, 1952-10-25", "collected": "2003-06-01", "revised": "2013-7-24", "video": "KavNr-frog_imuy2.mp3"}, "file": "Kavalan_Xinshe/KavNr-frog_imuy2", "num": 16}], [17, {"ori": [], "gloss": [["...", "", ""], ["pasa", "toward", "往"], ["tati,\\", "outside", "外面"]], "free": ["#e That frog went out.", "#c 那隻青蛙跑出去了。"], "s_end": true, "iu_a_span": [42.92, 44.44], "meta": {"topic": "Frog Story", "type": "Narrative", "language": "噶瑪蘭語, Kavalan, Xinshe(新社)", "speaker": "潘金妹, Imuy, female, 1952-10-25", "collected": "2003-06-01", "revised": "2013-7-24", "video": "KavNr-frog_imuy2.mp3"}, "s_a_span": [38.98, 44.44], "file": "Kavalan_Xinshe/KavNr-frog_imuy2", "num": 17}], [18, {"ori": [], "gloss": [["...(0.8)", "", ""], ["nani,\\", "DM", "DM"]], "free": [], "s_end": false, "iu_a_span": [44.44, 45.25], "meta": {"topic": "Frog Story", "type": "Narrative", "language": "噶瑪蘭語, Kavalan, Xinshe(新社)", "speaker": "潘金妹, Imuy, female, 1952-10-25", "collected": "2003-06-01", "revised": "2013-7-24", "video": "KavNr-frog_imuy2.mp3"}, "file": "Kavalan_Xinshe/KavNr-frog_imuy2", "num": 18}], [19, {"ori": [], "gloss": [["..", "", ""], ["tita-an-na,\\", "see-LF-3PL.GEN", "看-處焦-3PL.屬格"]], "free": [], "s_end": false, "iu_a_span": [45.25, 45.99], "meta": {"topic": "Frog Story", "type": "Narrative", "language": "噶瑪蘭語, Kavalan, Xinshe(新社)", "speaker": "潘金妹, Imuy, female, 1952-10-25", "collected": "2003-06-01", "revised": "2013-7-24", "video": "KavNr-frog_imuy2.mp3"}, "file": "Kavalan_Xinshe/KavNr-frog_imuy2", "num": 19}], [20, {"ori": [], "gloss": [["..", "", ""], ["qaniyau", "3PL.NOM", "3PL.主格"], ["tu,\\", "OBL", "斜格"]], "free": [], "s_end": false, "iu_a_span": [45.99, 47.11], "meta": {"topic": "Frog Story", "type": "Narrative", "language": "噶瑪蘭語, Kavalan, Xinshe(新社)", "speaker": "潘金妹, Imuy, female, 1952-10-25", "collected": "2003-06-01", "revised": "2013-7-24", "video": "KavNr-frog_imuy2.mp3"}, "file": "Kavalan_Xinshe/KavNr-frog_imuy2", "num": 20}], [21, {"ori": [], "gloss": [["...", "", ""], ["taRbabi,\\", "morning", "早上"]], "free": ["#e Then they saw in the morning.", "#c 然後他們早上一看,"], "s_end": true, "iu_a_span": [47.11, 48.03], "meta": {"topic": "Frog Story", "type": "Narrative", "language": "噶瑪蘭語, Kavalan, Xinshe(新社)", "speaker": "潘金妹, Imuy, female, 1952-10-25", "collected": "2003-06-01", "revised": "2013-7-24", "video": "KavNr-frog_imuy2.mp3"}, "s_a_span": [44.44, 48.03], "file": "Kavalan_Xinshe/KavNr-frog_imuy2", "num": 21}], [22, {"ori": [], "gloss": [["...", "", ""], ["tita-an", "see-LF", "看-處焦"], ["na", "GEN", "屬格"], ["sunis", "child", "小孩"], ["‘nay", "that", "那個"], ["tu,\\", "OBL", "斜格"]], "free": [], "s_end": false, "iu_a_span": [48.03, 50.12], "meta": {"topic": "Frog Story", "type": "Narrative", "language": "噶瑪蘭語, Kavalan, Xinshe(新社)", "speaker": "潘金妹, Imuy, female, 1952-10-25", "collected": "2003-06-01", "revised": "2013-7-24", "video": "KavNr-frog_imuy2.mp3"}, "file": "Kavalan_Xinshe/KavNr-frog_imuy2", "num": 22}], [23, {"ori": [], "gloss": [["..", "", ""], ["taRbabi,\\", "morning", "早上"]], "free": ["#e That child saw in the morning.", "#c 早上小孩子一看，"], "s_end": true, "iu_a_span": [50.12, 50.94], "meta": {"topic": "Frog Story", "type": "Narrative", "language": "噶瑪蘭語, Kavalan, Xinshe(新社)", "speaker": "潘金妹, Imuy, female, 1952-10-25", "collected": "2003-06-01", "revised": "2013-7-24", "video": "KavNr-frog_imuy2.mp3"}, "s_a_span": [48.03, 50.94], "file": "Kavalan_Xinshe/KavNr-frog_imuy2", "num": 23}], [24, {"ori": [], "gloss": [["...", "", ""], ["mai=ti,\\", "NEG=PFV", "否定=完成"]], "free": [], "s_end": false, "iu_a_span": [50.94, 52.12], "meta": {"topic": "Frog Story", "type": "Narrative", "language": "噶瑪蘭語, Kavalan, Xinshe(新社)", "speaker": "潘金妹, Imuy, female, 1952-10-25", "collected": "2003-06-01", "revised": "2013-7-24", "video": "KavNr-frog_imuy2.mp3"}, "file": "Kavalan_Xinshe/KavNr-frog_imuy2", "num": 24}], [25, {"ori": [], "gloss": [["...", "", ""], ["‘nay==,\\", "that", "那個"]], "free": [], "s_end": false, "iu_a_span": [52.12, 52.64], "meta": {"topic": "Frog Story", "type": "Narrative", "language": "噶瑪蘭語, Kavalan, Xinshe(新社)", "speaker": "潘金妹, Imuy, female, 1952-10-25", "collected": "2003-06-01", "revised": "2013-7-24", "video": "KavNr-frog_imuy2.mp3"}, "file": "Kavalan_Xinshe/KavNr-frog_imuy2", "num": 25}], [26, {"ori": [], "gloss": [["..", "", ""], ["biat", "frog", "青蛙"], ["a", "LNK", "連詞"], ["yau,\\", "that", "那個"]], "free": ["#e That frog wasn’t there.", "#c 那隻青蛙不在了。"], "s_end": true, "iu_a_span": [52.64, 53.74], "meta": {"topic": "Frog Story", "type": "Narrative", "language": "噶瑪蘭語, Kavalan, Xinshe(新社)", "speaker": "潘金妹, Imuy, female, 1952-10-25", "collected": "2003-06-01", "revised": "2013-7-24", "video": "KavNr-frog_imuy2.mp3"}, "s_a_span": [50.94, 53.74], "file": "Kavalan_Xinshe/KavNr-frog_imuy2", "num": 26}], [27, {"ori": [], "gloss": [["...(8.1)", "", ""], ["mai=ti", "NEG=PFV", "否定=完成"], ["ya==,\\", "NOM", "主格"]], "free": [], "s_end": false, "iu_a_span": [53.74, 62.53], "meta": {"topic": "Frog Story", "type": "Narrative", "language": "噶瑪蘭語, Kavalan, Xinshe(新社)", "speaker": "潘金妹, Imuy, female, 1952-10-25", "collected": "2003-06-01", "revised": "2013-7-24", "video": "KavNr-frog_imuy2.mp3"}, "file": "Kavalan_Xinshe/KavNr-frog_imuy2", "num": 27}], [28, {"ori": [], "gloss": [["..", "", ""], ["biat", "frog", "青蛙"], ["a", "LNK", "連詞"], ["yau", "that", "那個"], ["ta==-,\\", "LOC-", "處格-"]], "free": [], "s_end": false, "iu_a_span": [62.53, 63.72], "meta": {"topic": "Frog Story", "type": "Narrative", "language": "噶瑪蘭語, Kavalan, Xinshe(新社)", "speaker": "潘金妹, Imuy, female, 1952-10-25", "collected": "2003-06-01", "revised": "2013-7-24", "video": "KavNr-frog_imuy2.mp3"}, "file": "Kavalan_Xinshe/KavNr-frog_imuy2", "num": 28}], [29, {"ori": [], "gloss": [["..", "", ""], ["peRasku-an", "bottle-LOC", "瓶子-處格"], ["nani.\\", "DM", "DM"]], "free": ["#e The frog wasn’t in the bottle.", "#c 那隻青蛙不在瓶子裡。"], "s_end": true, "iu_a_span": [63.72, 65.23], "meta": {"topic": "Frog Story", "type": "Narrative", "language": "噶瑪蘭語, Kavalan, Xinshe(新社)", "speaker": "潘金妹, Imuy, female, 1952-10-25", "collected": "2003-06-01", "revised": "2013-7-24", "video": "KavNr-frog_imuy2.mp3"}, "s_a_span": [53.74, 65.23], "file": "Kavalan_Xinshe/KavNr-frog_imuy2", "num": 29}], [30, {"ori": [], "gloss": [["...(1.4)", "", ""], ["pa-qisuR-an-na=ti", "CAU-enter-LF-3SG.GEN=PFV", "使役-進入-處焦-3SG.屬格=完成"], ["na,\\", "GEN", "屬格"]], "free": [], "s_end": false, "iu_a_span": [65.23, 67.68], "meta": {"topic": "Frog Story", "type": "Narrative", "language": "噶瑪蘭語, Kavalan, Xinshe(新社)", "speaker": "潘金妹, Imuy, female, 1952-10-25", "collected": "2003-06-01", "revised": "2013-7-24", "video": "KavNr-frog_imuy2.mp3"}, "file": "Kavalan_Xinshe/KavNr-frog_imuy2", "num": 30}], [31, {"ori": [], "gloss": [["...", "", ""], ["wasu", "dog", "狗"], ["a", "LNK", "連詞"], ["yau,\\", "that", "那個"]], "free": [], "s_end": false, "iu_a_span": [67.68, 69.01], "meta": {"topic": "Frog Story", "type": "Narrative", "language": "噶瑪蘭語, Kavalan, Xinshe(新社)", "speaker": "潘金妹, Imuy, female, 1952-10-25", "collected": "2003-06-01", "revised": "2013-7-24", "video": "KavNr-frog_imuy2.mp3"}, "file": "Kavalan_Xinshe/KavNr-frog_imuy2", "num": 31}], [32, {"ori": [], "gloss": [["..", "", ""], ["ta-peRasku-an,\\", "LOC-bottle-LOC", "處格-瓶子-處格"]], "free": [], "s_end": false, "iu_a_span": [69.01, 70.09], "meta": {"topic": "Frog Story", "type": "Narrative", "language": "噶瑪蘭語, Kavalan, Xinshe(新社)", "speaker": "潘金妹, Imuy, female, 1952-10-25", "collected": "2003-06-01", "revised": "2013-7-24", "video": "KavNr-frog_imuy2.mp3"}, "file": "Kavalan_Xinshe/KavNr-frog_imuy2", "num": 32}], [33, {"ori": [], "gloss": [["..", "", ""], ["‘nay,\\", "that", "那個"]], "free": [], "s_end": false, "iu_a_span": [70.09, 70.55], "meta": {"topic": "Frog Story", "type": "Narrative", "language": "噶瑪蘭語, Kavalan, Xinshe(新社)", "speaker": "潘金妹, Imuy, female, 1952-10-25", "collected": "2003-06-01", "revised": "2013-7-24", "video": "KavNr-frog_imuy2.mp3"}, "file": "Kavalan_Xinshe/KavNr-frog_imuy2", "num": 33}], [34, {"ori": [], "gloss": [["..", "", ""], ["uRu-na,\\", "head-3SG.GEN", "頭-3SG.屬格"]], "free": [], "s_end": false, "iu_a_span": [70.55, 71.43], "meta": {"topic": "Frog Story", "type": "Narrative", "language": "噶瑪蘭語, Kavalan, Xinshe(新社)", "speaker": "潘金妹, Imuy, female, 1952-10-25", "collected": "2003-06-01", "revised": "2013-7-24", "video": "KavNr-frog_imuy2.mp3"}, "file": "Kavalan_Xinshe/KavNr-frog_imuy2", "num": 34}], [35, {"ori": [], "gloss": [["..", "", ""], ["tu.\\", "DM", "DM"]], "free": ["#e The dog stuffed his head into the bottle.", "#c 小狗把頭塞到瓶子裡面了。"], "s_end": true, "iu_a_span": [71.43, 71.95], "meta": {"topic": "Frog Story", "type": "Narrative", "language": "噶瑪蘭語, Kavalan, Xinshe(新社)", "speaker": "潘金妹, Imuy, female, 1952-10-25", "collected": "2003-06-01", "revised": "2013-7-24", "video": "KavNr-frog_imuy2.mp3"}, "s_a_span": [65.23, 71.95], "file": "Kavalan_Xinshe/KavNr-frog_imuy2", "num": 35}], [36, {"ori": [], "gloss": [["...", "", ""], ["wiya=ti", "leave=PFV", "離開=完成"], ["qaniyau,\\", "3PL.NOM", "3PL.主格"]], "free": [], "s_end": false, "iu_a_span": [71.95, 73.43], "meta": {"topic": "Frog Story", "type": "Narrative", "language": "噶瑪蘭語, Kavalan, Xinshe(新社)", "speaker": "潘金妹, Imuy, female, 1952-10-25", "collected": "2003-06-01", "revised": "2013-7-24", "video": "KavNr-frog_imuy2.mp3"}, "file": "Kavalan_Xinshe/KavNr-frog_imuy2", "num": 36}], [37, {"ori": [], "gloss": [["..", "", ""], ["q<um>Ra-Ras", "<AF>RED-yell", "<主焦>重疊-叫"], ["tu==,\\", "OBL", "斜格"]], "free": [], "s_end": false, "iu_a_span": [73.43, 74.65], "meta": {"topic": "Frog Story", "type": "Narrative", "language": "噶瑪蘭語, Kavalan, Xinshe(新社)", "speaker": "潘金妹, Imuy, female, 1952-10-25", "collected": "2003-06-01", "revised": "2013-7-24", "video": "KavNr-frog_imuy2.mp3"}, "file": "Kavalan_Xinshe/KavNr-frog_imuy2", "num": 37}], [38, {"ori": [], "gloss": [["...", "", ""], ["biat", "frog", "青蛙"], ["a", "LNK", "連詞"], ["yau,\\", "that", "那個"]], "free": [], "s_end": false, "iu_a_span": [74.65, 75.76], "meta": {"topic": "Frog Story", "type": "Narrative", "language": "噶瑪蘭語, Kavalan, Xinshe(新社)", "speaker": "潘金妹, Imuy, female, 1952-10-25", "collected": "2003-06-01", "revised": "2013-7-24", "video": "KavNr-frog_imuy2.mp3"}, "file": "Kavalan_Xinshe/KavNr-frog_imuy2", "num": 38}], [39, {"ori": [], "gloss": [["..", "", ""], ["atu==,_", "CONJ", "連接詞"]], "free": [], "s_end": false, "iu_a_span": [75.76, 76.83], "meta": {"topic": "Frog Story", "type": "Narrative", "language": "噶瑪蘭語, Kavalan, Xinshe(新社)", "speaker": "潘金妹, Imuy, female, 1952-10-25", "collected": "2003-06-01", "revised": "2013-7-24", "video": "KavNr-frog_imuy2.mp3"}, "file": "Kavalan_Xinshe/KavNr-frog_imuy2", "num": 39}], [40, {"ori": [], "gloss": [["...", "", ""], ["wasu", "dog", "狗"], ["a", "LNK", "連詞"], ["yau", "that", "那個"], ["nani.\\", "DM", "DM"]], "free": ["#e They left to call that frog, and so did the dog.", "#c 他們走出去叫那隻青蛙，那隻狗也是。"], "s_end": true, "iu_a_span": [76.83, 78.41], "meta": {"topic": "Frog Story", "type": "Narrative", "language": "噶瑪蘭語, Kavalan, Xinshe(新社)", "speaker": "潘金妹, Imuy, female, 1952-10-25", "collected": "2003-06-01", "revised": "2013-7-24", "video": "KavNr-frog_imuy2.mp3"}, "s_a_span": [71.95, 78.41], "file": "Kavalan_Xinshe/KavNr-frog_imuy2", "num": 40}], [41, {"ori": [], "gloss": [["...(1.0)", "", ""], ["qemi", "FS", "FS"], ["qemi==,\\", "FS", "FS"]], "free": [], "s_end": false, "iu_a_span": [78.41, 80.25], "meta": {"topic": "Frog Story", "type": "Narrative", "language": "噶瑪蘭語, Kavalan, Xinshe(新社)", "speaker": "潘金妹, Imuy, female, 1952-10-25", "collected": "2003-06-01", "revised": "2013-7-24", "video": "KavNr-frog_imuy2.mp3"}, "file": "Kavalan_Xinshe/KavNr-frog_imuy2", "num": 41}], [42, {"ori": [], "gloss": [["..", "", ""], ["t<m>ibuq=ti", "<AF>fall=PFV", "<主焦>掉=完成"], ["ya==,\\", "NOM", "主格"]], "free": [], "s_end": false, "iu_a_span": [80.25, 81.46], "meta": {"topic": "Frog Story", "type": "Narrative", "language": "噶瑪蘭語, Kavalan, Xinshe(新社)", "speaker": "潘金妹, Imuy, female, 1952-10-25", "collected": "2003-06-01", "revised": "2013-7-24", "video": "KavNr-frog_imuy2.mp3"}, "file": "Kavalan_Xinshe/KavNr-frog_imuy2", "num": 42}], [43, {"ori": [], "gloss": [["..", "", ""], ["wasu", "dog", "狗"], ["‘nay,\\", "that", "那個"]], "free": [], "s_end": false, "iu_a_span": [81.46, 82.63], "meta": {"topic": "Frog Story", "type": "Narrative", "language": "噶瑪蘭語, Kavalan, Xinshe(新社)", "speaker": "潘金妹, Imuy, female, 1952-10-25", "collected": "2003-06-01", "revised": "2013-7-24", "video": "KavNr-frog_imuy2.mp3"}, "file": "Kavalan_Xinshe/KavNr-frog_imuy2", "num": 43}], [44, {"ori": [], "gloss": [["...", "", ""], ["pasa==,\\", "toward", "往"]], "free": [], "s_end": false, "iu_a_span": [82.63, 83.69], "meta": {"topic": "Frog Story", "type": "Narrative", "language": "噶瑪蘭語, Kavalan, Xinshe(新社)", "speaker": "潘金妹, Imuy, female, 1952-10-25", "collected": "2003-06-01", "revised": "2013-7-24", "video": "KavNr-frog_imuy2.mp3"}, "file": "Kavalan_Xinshe/KavNr-frog_imuy2", "num": 44}], [45, {"ori": [], "gloss": [["..", "", ""], ["libeng,\\", "below", "下面"]], "free": ["#e That dog fell down.", "#c 那隻狗往下掉。"], "s_end": true, "iu_a_span": [83.69, 84.58], "meta": {"topic": "Frog Story", "type": "Narrative", "language": "噶瑪蘭語, Kavalan, Xinshe(新社)", "speaker": "潘金妹, Imuy, female, 1952-10-25", "collected": "2003-06-01", "revised": "2013-7-24", "video": "KavNr-frog_imuy2.mp3"}, "s_a_span": [78.41, 84.58], "file": "Kavalan_Xinshe/KavNr-frog_imuy2", "num": 45}], [46, {"ori": [], "gloss": [["...(0.9)", "", ""], ["nani,\\", "DM", "DM"]], "free": [], "s_end": false, "iu_a_span": [84.58, 85.79], "meta": {"topic": "Frog Story", "type": "Narrative", "language": "噶瑪蘭語, Kavalan, Xinshe(新社)", "speaker": "潘金妹, Imuy, female, 1952-10-25", "collected": "2003-06-01", "revised": "2013-7-24", "video": "KavNr-frog_imuy2.mp3"}, "file": "Kavalan_Xinshe/KavNr-frog_imuy2", "num": 46}], [47, {"ori": [], "gloss": [["...", "", ""], ["ma-bedung=ti", "MA-break=PFV", "MA-破=完成"], ["ya==,\\", "NOM", "主格"]], "free": [], "s_end": false, "iu_a_span": [85.79, 87.2], "meta": {"topic": "Frog Story", "type": "Narrative", "language": "噶瑪蘭語, Kavalan, Xinshe(新社)", "speaker": "潘金妹, Imuy, female, 1952-10-25", "collected": "2003-06-01", "revised": "2013-7-24", "video": "KavNr-frog_imuy2.mp3"}, "file": "Kavalan_Xinshe/KavNr-frog_imuy2", "num": 47}], [48, {"ori": [], "gloss": [["..", "", ""], ["peRasku", "bottle", "瓶子"], ["‘nay,\\", "that", "那個"]], "free": [], "s_end": false, "iu_a_span": [87.2, 88.42], "meta": {"topic": "Frog Story", "type": "Narrative", "language": "噶瑪蘭語, Kavalan, Xinshe(新社)", "speaker": "潘金妹, Imuy, female, 1952-10-25", "collected": "2003-06-01", "revised": "2013-7-24", "video": "KavNr-frog_imuy2.mp3"}, "file": "Kavalan_Xinshe/KavNr-frog_imuy2", "num": 48}], [49, {"ori": [], "gloss": [["...", "", ""], ["nani.\\", "DM", "DM"]], "free": ["#e Then that bottle was broken.", "#c 然後瓶子破了。"], "s_end": true, "iu_a_span": [88.42, 89.54], "meta": {"topic": "Frog Story", "type": "Narrative", "language": "噶瑪蘭語, Kavalan, Xinshe(新社)", "speaker": "潘金妹, Imuy, female, 1952-10-25", "collected": "2003-06-01", "revised": "2013-7-24", "video": "KavNr-frog_imuy2.mp3"}, "s_a_span": [84.58, 89.54], "file": "Kavalan_Xinshe/KavNr-frog_imuy2", "num": 49}], [50, {"ori": [], "gloss": [["...", "", ""], ["q<um>enut=ti", "<AF>angry=PFV", "<主焦>生氣=完成"], ["ya==,\\", "NOM", "主格"]], "free": [], "s_end": false, "iu_a_span": [89.54, 90.49], "meta": {"topic": "Frog Story", "type": "Narrative", "language": "噶瑪蘭語, Kavalan, Xinshe(新社)", "speaker": "潘金妹, Imuy, female, 1952-10-25", "collected": "2003-06-01", "revised": "2013-7-24", "video": "KavNr-frog_imuy2.mp3"}, "file": "Kavalan_Xinshe/KavNr-frog_imuy2", "num": 50}], [51, {"ori": [], "gloss": [["..", "", ""], ["lazat-na.\\", "person-3SG.GEN", "人-3SG.屬格"]], "free": [], "s_end": false, "iu_a_span": [90.49, 91.42], "meta": {"topic": "Frog Story", "type": "Narrative", "language": "噶瑪蘭語, Kavalan, Xinshe(新社)", "speaker": "潘金妹, Imuy, female, 1952-10-25", "collected": "2003-06-01", "revised": "2013-7-24", "video": "KavNr-frog_imuy2.mp3"}, "file": "Kavalan_Xinshe/KavNr-frog_imuy2", "num": 51}], [52, {"ori": [], "gloss": [["...(1.0)", "", ""], ["na==,\\", "GEN", "屬格"]], "free": [], "s_end": false, "iu_a_span": [91.42, 93.65], "meta": {"topic": "Frog Story", "type": "Narrative", "language": "噶瑪蘭語, Kavalan, Xinshe(新社)", "speaker": "潘金妹, Imuy, female, 1952-10-25", "collected": "2003-06-01", "revised": "2013-7-24", "video": "KavNr-frog_imuy2.mp3"}, "file": "Kavalan_Xinshe/KavNr-frog_imuy2", "num": 52}], [53, {"ori": [], "gloss": [["...(1.0)", "", ""], ["na", "GEN", "屬格"], ["wasu", "dog", "狗"], ["a", "LNK", "連詞"], ["yau", "that", "那個"], ["nani,_", "DM", "DM"]], "free": ["#e The owner of that dog was angry.", "#c 那隻狗的主人生氣了。"], "s_end": true, "iu_a_span": [93.65, 96.31], "meta": {"topic": "Frog Story", "type": "Narrative", "language": "噶瑪蘭語, Kavalan, Xinshe(新社)", "speaker": "潘金妹, Imuy, female, 1952-10-25", "collected": "2003-06-01", "revised": "2013-7-24", "video": "KavNr-frog_imuy2.mp3"}, "s_a_span": [89.54, 96.31], "file": "Kavalan_Xinshe/KavNr-frog_imuy2", "num": 53}], [54, {"ori": [], "gloss": [["...", "", ""], ["supaR", "know", "知道"], ["qaya,\\", "also", "也"]], "free": [], "s_end": false, "iu_a_span": [96.31, 97.42], "meta": {"topic": "Frog Story", "type": "Narrative", "language": "噶瑪蘭語, Kavalan, Xinshe(新社)", "speaker": "潘金妹, Imuy, female, 1952-10-25", "collected": "2003-06-01", "revised": "2013-7-24", "video": "KavNr-frog_imuy2.mp3"}, "file": "Kavalan_Xinshe/KavNr-frog_imuy2", "num": 54}], [55, {"ori": [], "gloss": [["..", "", ""], ["wasu", "dog", "狗"], ["‘nay,_", "that", "那個"]], "free": ["#e (Fortunately,) that dog knew (it).", "#c 還好那隻狗懂得。"], "s_end": true, "iu_a_span": [97.42, 98.41], "meta": {"topic": "Frog Story", "type": "Narrative", "language": "噶瑪蘭語, Kavalan, Xinshe(新社)", "speaker": "潘金妹, Imuy, female, 1952-10-25", "collected": "2003-06-01", "revised": "2013-7-24", "video": "KavNr-frog_imuy2.mp3"}, "s_a_span": [96.31, 98.41], "file": "Kavalan_Xinshe/KavNr-frog_imuy2", "num": 55}], [56, {"ori": [], "gloss": [["...", "", ""], ["si-sida==m-an-na=ti,\\", "RED-lick-LF-3SG.GEN=PFV", "重疊-舔-處焦-3SG.屬格=完成"]], "free": [], "s_end": false, "iu_a_span": [98.41, 100.52], "meta": {"topic": "Frog Story", "type": "Narrative", "language": "噶瑪蘭語, Kavalan, Xinshe(新社)", "speaker": "潘金妹, Imuy, female, 1952-10-25", "collected": "2003-06-01", "revised": "2013-7-24", "video": "KavNr-frog_imuy2.mp3"}, "file": "Kavalan_Xinshe/KavNr-frog_imuy2", "num": 56}], [57, {"ori": [], "gloss": [["...", "", ""], ["na", "GEN", "屬格"], ["wasu", "dog", "狗"], ["a", "LNK", "連詞"], ["yau,\\", "that", "那個"]], "free": [], "s_end": false, "iu_a_span": [100.52, 102.54], "meta": {"topic": "Frog Story", "type": "Narrative", "language": "噶瑪蘭語, Kavalan, Xinshe(新社)", "speaker": "潘金妹, Imuy, female, 1952-10-25", "collected": "2003-06-01", "revised": "2013-7-24", "video": "KavNr-frog_imuy2.mp3"}, "file": "Kavalan_Xinshe/KavNr-frog_imuy2", "num": 57}], [58, {"ori": [], "gloss": [["...", "", ""], ["‘nay==,\\", "that", "那個"]], "free": [], "s_end": false, "iu_a_span": [102.54, 103.26], "meta": {"topic": "Frog Story", "type": "Narrative", "language": "噶瑪蘭語, Kavalan, Xinshe(新社)", "speaker": "潘金妹, Imuy, female, 1952-10-25", "collected": "2003-06-01", "revised": "2013-7-24", "video": "KavNr-frog_imuy2.mp3"}, "file": "Kavalan_Xinshe/KavNr-frog_imuy2", "num": 58}], [59, {"ori": [], "gloss": [["..", "", ""], ["lazat-na.\\", "person-3SG.GEN", "人-3SG.屬格"]], "free": ["#e That dog licked its owner.", "#c 那隻狗舔主人。"], "s_end": true, "iu_a_span": [103.26, 104.2], "meta": {"topic": "Frog Story", "type": "Narrative", "language": "噶瑪蘭語, Kavalan, Xinshe(新社)", "speaker": "潘金妹, Imuy, female, 1952-10-25", "collected": "2003-06-01", "revised": "2013-7-24", "video": "KavNr-frog_imuy2.mp3"}, "s_a_span": [98.41, 104.2], "file": "Kavalan_Xinshe/KavNr-frog_imuy2", "num": 59}], [60, {"ori": [], "gloss": [["...(3.2)", "", ""], ["yau=ti", "EXIST=PFV", "存在=完成"], ["ta-iza-an,\\", "LOC-something-LOC", "處格-某物-處格"]], "free": [], "s_end": false, "iu_a_span": [104.2, 108.48], "meta": {"topic": "Frog Story", "type": "Narrative", "language": "噶瑪蘭語, Kavalan, Xinshe(新社)", "speaker": "潘金妹, Imuy, female, 1952-10-25", "collected": "2003-06-01", "revised": "2013-7-24", "video": "KavNr-frog_imuy2.mp3"}, "file": "Kavalan_Xinshe/KavNr-frog_imuy2", "num": 60}], [61, {"ori": [], "gloss": [["..", "", ""], ["q<um>e-qeRas", "<AF>RED-yell", "<主焦>重疊-叫"], ["tu==,\\", "OBL", "斜格"]], "free": [], "s_end": false, "iu_a_span": [108.48, 109.55], "meta": {"topic": "Frog Story", "type": "Narrative", "language": "噶瑪蘭語, Kavalan, Xinshe(新社)", "speaker": "潘金妹, Imuy, female, 1952-10-25", "collected": "2003-06-01", "revised": "2013-7-24", "video": "KavNr-frog_imuy2.mp3"}, "file": "Kavalan_Xinshe/KavNr-frog_imuy2", "num": 61}], [62, {"ori": [], "gloss": [["..", "", ""], ["biat", "frog", "青蛙"], ["a", "LNK", "連詞"], ["yau", "that", "那個"], ["ya==,\\", "NOM", "主格"]], "free": [], "s_end": false, "iu_a_span": [109.55, 110.7], "meta": {"topic": "Frog Story", "type": "Narrative", "language": "噶瑪蘭語, Kavalan, Xinshe(新社)", "speaker": "潘金妹, Imuy, female, 1952-10-25", "collected": "2003-06-01", "revised": "2013-7-24", "video": "KavNr-frog_imuy2.mp3"}, "file": "Kavalan_Xinshe/KavNr-frog_imuy2", "num": 62}], [63, {"ori": [], "gloss": [["..", "", ""], ["sunis", "child", "小孩"], ["‘nay,\\", "that", "那個"]], "free": [], "s_end": false, "iu_a_span": [110.7, 111.32], "meta": {"topic": "Frog Story", "type": "Narrative", "language": "噶瑪蘭語, Kavalan, Xinshe(新社)", "speaker": "潘金妹, Imuy, female, 1952-10-25", "collected": "2003-06-01", "revised": "2013-7-24", "video": "KavNr-frog_imuy2.mp3"}, "file": "Kavalan_Xinshe/KavNr-frog_imuy2", "num": 63}], [64, {"ori": [], "gloss": [["..", "", ""], ["atu", "CONJ", "連接詞"], ["wasu", "dog", "狗"], ["‘nay.\\", "that", "那個"]], "free": ["#e That child and that dog were calling to the frog.", "#c 小孩子跟狗在那裡一直叫青蛙。"], "s_end": true, "iu_a_span": [111.32, 112.6], "meta": {"topic": "Frog Story", "type": "Narrative", "language": "噶瑪蘭語, Kavalan, Xinshe(新社)", "speaker": "潘金妹, Imuy, female, 1952-10-25", "collected": "2003-06-01", "revised": "2013-7-24", "video": "KavNr-frog_imuy2.mp3"}, "s_a_span": [104.2, 112.6], "file": "Kavalan_Xinshe/KavNr-frog_imuy2", "num": 64}], [65, {"ori": [], "gloss": [["...(2.4)", "", ""], ["nani,\\", "DM", "DM"]], "free": [], "s_end": false, "iu_a_span": [112.6, 115.66], "meta": {"topic": "Frog Story", "type": "Narrative", "language": "噶瑪蘭語, Kavalan, Xinshe(新社)", "speaker": "潘金妹, Imuy, female, 1952-10-25", "collected": "2003-06-01", "revised": "2013-7-24", "video": "KavNr-frog_imuy2.mp3"}, "file": "Kavalan_Xinshe/KavNr-frog_imuy2", "num": 65}], [66, {"ori": [], "gloss": [["...(1.5)", "", ""], ["yau=ti,\\", "EXIST=PFV", "存在=完成"]], "free": [], "s_end": false, "iu_a_span": [115.66, 117.36], "meta": {"topic": "Frog Story", "type": "Narrative", "language": "噶瑪蘭語, Kavalan, Xinshe(新社)", "speaker": "潘金妹, Imuy, female, 1952-10-25", "collected": "2003-06-01", "revised": "2013-7-24", "video": "KavNr-frog_imuy2.mp3"}, "file": "Kavalan_Xinshe/KavNr-frog_imuy2", "num": 66}], [67, {"ori": [], "gloss": [["..", "", ""], ["pasazi", "toward.here", "過來"], ["ta==-,\\", "LOC-", "處格-"]], "free": [], "s_end": false, "iu_a_span": [117.36, 118.58], "meta": {"topic": "Frog Story", "type": "Narrative", "language": "噶瑪蘭語, Kavalan, Xinshe(新社)", "speaker": "潘金妹, Imuy, female, 1952-10-25", "collected": "2003-06-01", "revised": "2013-7-24", "video": "KavNr-frog_imuy2.mp3"}, "file": "Kavalan_Xinshe/KavNr-frog_imuy2", "num": 67}], [68, {"ori": [], "gloss": [["..", "", ""], ["iza-an", "something-LOC", "某物-處格"], ["situqaw", "look.up", "往上看"], ["tu,\\", "OBL", "斜格"]], "free": [], "s_end": false, "iu_a_span": [118.58, 119.94], "meta": {"topic": "Frog Story", "type": "Narrative", "language": "噶瑪蘭語, Kavalan, Xinshe(新社)", "speaker": "潘金妹, Imuy, female, 1952-10-25", "collected": "2003-06-01", "revised": "2013-7-24", "video": "KavNr-frog_imuy2.mp3"}, "file": "Kavalan_Xinshe/KavNr-frog_imuy2", "num": 68}], [69, {"ori": [], "gloss": [["..", "", ""], ["paRin", "tree", "樹"], ["‘nay==,_", "that", "那個"]], "free": [], "s_end": false, "iu_a_span": [119.94, 121.11], "meta": {"topic": "Frog Story", "type": "Narrative", "language": "噶瑪蘭語, Kavalan, Xinshe(新社)", "speaker": "潘金妹, Imuy, female, 1952-10-25", "collected": "2003-06-01", "revised": "2013-7-24", "video": "KavNr-frog_imuy2.mp3"}, "file": "Kavalan_Xinshe/KavNr-frog_imuy2", "num": 69}], [70, {"ori": [], "gloss": [["..", "", ""], ["‘nay", "that", "那個"], ["wasu", "dog", "狗"], ["a", "LNK", "連詞"], ["yau,\\", "that", "那個"]], "free": [], "s_end": false, "iu_a_span": [121.11, 122.46], "meta": {"topic": "Frog Story", "type": "Narrative", "language": "噶瑪蘭語, Kavalan, Xinshe(新社)", "speaker": "潘金妹, Imuy, female, 1952-10-25", "collected": "2003-06-01", "revised": "2013-7-24", "video": "KavNr-frog_imuy2.mp3"}, "file": "Kavalan_Xinshe/KavNr-frog_imuy2", "num": 70}], [71, {"ori": [], "gloss": [["..", "", ""], ["t<m>ayta", "<AF>see", "主焦-看"], ["tu,\\", "OBL", "斜格"]], "free": [], "s_end": false, "iu_a_span": [122.46, 123.48], "meta": {"topic": "Frog Story", "type": "Narrative", "language": "噶瑪蘭語, Kavalan, Xinshe(新社)", "speaker": "潘金妹, Imuy, female, 1952-10-25", "collected": "2003-06-01", "revised": "2013-7-24", "video": "KavNr-frog_imuy2.mp3"}, "file": "Kavalan_Xinshe/KavNr-frog_imuy2", "num": 71}], [72, {"ori": [], "gloss": [["...", "", ""], ["Rupu-na", "hive-3PL.GEN", "蜂窩-3PL.屬格"], ["na==,\\", "GEN", "屬格"]], "free": [], "s_end": false, "iu_a_span": [123.48, 125.07], "meta": {"topic": "Frog Story", "type": "Narrative", "language": "噶瑪蘭語, Kavalan, Xinshe(新社)", "speaker": "潘金妹, Imuy, female, 1952-10-25", "collected": "2003-06-01", "revised": "2013-7-24", "video": "KavNr-frog_imuy2.mp3"}, "file": "Kavalan_Xinshe/KavNr-frog_imuy2", "num": 72}], [73, {"ori": [], "gloss": [["...", "", ""], ["tuliq", "wasp", "虎頭蜂"], ["a", "LNK", "連詞"], ["yau,\\", "that", "那個"]], "free": ["#e That dog came, looked up at a tree and saw a hive of wasps there.", "#c 那隻狗向上看一棵樹，看到虎頭蜂窩。"], "s_end": true, "iu_a_span": [125.07, 126.7], "meta": {"topic": "Frog Story", "type": "Narrative", "language": "噶瑪蘭語, Kavalan, Xinshe(新社)", "speaker": "潘金妹, Imuy, female, 1952-10-25", "collected": "2003-06-01", "revised": "2013-7-24", "video": "KavNr-frog_imuy2.mp3"}, "s_a_span": [112.6, 126.7], "file": "Kavalan_Xinshe/KavNr-frog_imuy2", "num": 73}], [74, {"ori": [], "gloss": [["...", "", ""], ["nani,\\", "DM", "DM"]], "free": [], "s_end": false, "iu_a_span": [126.7, 127.45], "meta": {"topic": "Frog Story", "type": "Narrative", "language": "噶瑪蘭語, Kavalan, Xinshe(新社)", "speaker": "潘金妹, Imuy, female, 1952-10-25", "collected": "2003-06-01", "revised": "2013-7-24", "video": "KavNr-frog_imuy2.mp3"}, "file": "Kavalan_Xinshe/KavNr-frog_imuy2", "num": 74}], [75, {"ori": [], "gloss": [["..", "", ""], ["sunis", "child", "小孩"], ["a", "LNK", "連詞"], ["yau", "that", "那個"], ["nani,\\", "DM", "DM"]], "free": [], "s_end": false, "iu_a_span": [127.45, 128.49], "meta": {"topic": "Frog Story", "type": "Narrative", "language": "噶瑪蘭語, Kavalan, Xinshe(新社)", "speaker": "潘金妹, Imuy, female, 1952-10-25", "collected": "2003-06-01", "revised": "2013-7-24", "video": "KavNr-frog_imuy2.mp3"}, "file": "Kavalan_Xinshe/KavNr-frog_imuy2", "num": 75}], [76, {"ori": [], "gloss": [["..", "", ""], ["situRku", "look.down", "往下看"], ["tu,\\", "OBL", "斜格"]], "free": [], "s_end": false, "iu_a_span": [128.49, 129.59], "meta": {"topic": "Frog Story", "type": "Narrative", "language": "噶瑪蘭語, Kavalan, Xinshe(新社)", "speaker": "潘金妹, Imuy, female, 1952-10-25", "collected": "2003-06-01", "revised": "2013-7-24", "video": "KavNr-frog_imuy2.mp3"}, "file": "Kavalan_Xinshe/KavNr-frog_imuy2", "num": 76}], [77, {"ori": [], "gloss": [["...(1.1)", "", ""], ["‘nay,\\", "that", "那個"]], "free": [], "s_end": false, "iu_a_span": [129.59, 131.0], "meta": {"topic": "Frog Story", "type": "Narrative", "language": "噶瑪蘭語, Kavalan, Xinshe(新社)", "speaker": "潘金妹, Imuy, female, 1952-10-25", "collected": "2003-06-01", "revised": "2013-7-24", "video": "KavNr-frog_imuy2.mp3"}, "file": "Kavalan_Xinshe/KavNr-frog_imuy2", "num": 77}], [78, {"ori": [], "gloss": [["..", "", ""], ["tangan", "hole", "洞"], ["na==,\\", "GEN", "屬格"]], "free": [], "s_end": false, "iu_a_span": [131.0, 131.88], "meta": {"topic": "Frog Story", "type": "Narrative", "language": "噶瑪蘭語, Kavalan, Xinshe(新社)", "speaker": "潘金妹, Imuy, female, 1952-10-25", "collected": "2003-06-01", "revised": "2013-7-24", "video": "KavNr-frog_imuy2.mp3"}, "file": "Kavalan_Xinshe/KavNr-frog_imuy2", "num": 78}], [79, {"ori": [], "gloss": [["..", "", ""], ["mutun", "mouse", "老鼠"], ["ta-medanay-an,\\", "LOC-ground-LOC", "處格-地-處格"]], "free": ["#e Then the child looked down at the mouse hole on the ground.", "#c 然後，那小孩往下看地上的老鼠洞。"], "s_end": true, "iu_a_span": [131.88, 133.59], "meta": {"topic": "Frog Story", "type": "Narrative", "language": "噶瑪蘭語, Kavalan, Xinshe(新社)", "speaker": "潘金妹, Imuy, female, 1952-10-25", "collected": "2003-06-01", "revised": "2013-7-24", "video": "KavNr-frog_imuy2.mp3"}, "s_a_span": [126.7, 133.59], "file": "Kavalan_Xinshe/KavNr-frog_imuy2", "num": 79}], [80, {"ori": [], "gloss": [["..", "", ""], ["m-zukat=ti", "AF-go.out=PFV", "主焦-出去=完成"], ["ya==,\\", "NOM", "主格"]], "free": [], "s_end": false, "iu_a_span": [133.59, 135.28], "meta": {"topic": "Frog Story", "type": "Narrative", "language": "噶瑪蘭語, Kavalan, Xinshe(新社)", "speaker": "潘金妹, Imuy, female, 1952-10-25", "collected": "2003-06-01", "revised": "2013-7-24", "video": "KavNr-frog_imuy2.mp3"}, "file": "Kavalan_Xinshe/KavNr-frog_imuy2", "num": 80}], [81, {"ori": [], "gloss": [["..", "", ""], ["was", "FS", "FS"], ["‘nay==,\\", "that", "那個"]], "free": [], "s_end": false, "iu_a_span": [135.28, 136.13], "meta": {"topic": "Frog Story", "type": "Narrative", "language": "噶瑪蘭語, Kavalan, Xinshe(新社)", "speaker": "潘金妹, Imuy, female, 1952-10-25", "collected": "2003-06-01", "revised": "2013-7-24", "video": "KavNr-frog_imuy2.mp3"}, "file": "Kavalan_Xinshe/KavNr-frog_imuy2", "num": 81}], [82, {"ori": [], "gloss": [["..", "", ""], ["mutun", "mouse", "老鼠"], ["‘nay.\\", "that", "那個"]], "free": ["#e That mouse came out.", "#c 那隻老鼠出來了。"], "s_end": true, "iu_a_span": [136.13, 137.13], "meta": {"topic": "Frog Story", "type": "Narrative", "language": "噶瑪蘭語, Kavalan, Xinshe(新社)", "speaker": "潘金妹, Imuy, female, 1952-10-25", "collected": "2003-06-01", "revised": "2013-7-24", "video": "KavNr-frog_imuy2.mp3"}, "s_a_span": [133.59, 137.13], "file": "Kavalan_Xinshe/KavNr-frog_imuy2", "num": 82}], [83, {"ori": [], "gloss": [["...", "", ""], ["yau=ti", "EXIST=PFV", "存在=完成"], ["utuz-an-na=ti", "shake-LF-3SG.GEN=PFV", "搖-處焦-3SG.屬格=完成"], ["na==,\\", "GEN", "屬格"]], "free": [], "s_end": false, "iu_a_span": [137.13, 139.23], "meta": {"topic": "Frog Story", "type": "Narrative", "language": "噶瑪蘭語, Kavalan, Xinshe(新社)", "speaker": "潘金妹, Imuy, female, 1952-10-25", "collected": "2003-06-01", "revised": "2013-7-24", "video": "KavNr-frog_imuy2.mp3"}, "file": "Kavalan_Xinshe/KavNr-frog_imuy2", "num": 83}], [84, {"ori": [], "gloss": [["..", "", ""], ["wasu", "dog", "狗"], ["a", "LNK", "連詞"], ["yau", "that", "那個"], ["ya,\\", "NOM", "主格"]], "free": [], "s_end": false, "iu_a_span": [139.23, 140.31], "meta": {"topic": "Frog Story", "type": "Narrative", "language": "噶瑪蘭語, Kavalan, Xinshe(新社)", "speaker": "潘金妹, Imuy, female, 1952-10-25", "collected": "2003-06-01", "revised": "2013-7-24", "video": "KavNr-frog_imuy2.mp3"}, "file": "Kavalan_Xinshe/KavNr-frog_imuy2", "num": 84}], [85, {"ori": [], "gloss": [["..", "", ""], ["paRin", "tree", "樹"], ["‘nay", "that", "那個"], ["nani,\\", "DM", "DM"]], "free": ["#e That dog was shaking the tree.", "#c 那隻狗搖了搖那棵樹。"], "s_end": true, "iu_a_span": [140.31, 141.5], "meta": {"topic": "Frog Story", "type": "Narrative", "language": "噶瑪蘭語, Kavalan, Xinshe(新社)", "speaker": "潘金妹, Imuy, female, 1952-10-25", "collected": "2003-06-01", "revised": "2013-7-24", "video": "KavNr-frog_imuy2.mp3"}, "s_a_span": [137.13, 141.5], "file": "Kavalan_Xinshe/KavNr-frog_imuy2", "num": 85}], [86, {"ori": [], "gloss": [["...", "", ""], ["m-zukat=ti", "AF-go.out=PFV", "主焦-出去=完成"], ["ya==,\\", "NOM", "主格"]], "free": [], "s_end": false, "iu_a_span": [141.5, 142.83], "meta": {"topic": "Frog Story", "type": "Narrative", "language": "噶瑪蘭語, Kavalan, Xinshe(新社)", "speaker": "潘金妹, Imuy, female, 1952-10-25", "collected": "2003-06-01", "revised": "2013-7-24", "video": "KavNr-frog_imuy2.mp3"}, "file": "Kavalan_Xinshe/KavNr-frog_imuy2", "num": 86}], [87, {"ori": [], "gloss": [["..", "", ""], ["penay", "bee", "蜜蜂"], ["‘nay.\\", "that", "那個"]], "free": [], "s_end": false, "iu_a_span": [142.83, 143.92], "meta": {"topic": "Frog Story", "type": "Narrative", "language": "噶瑪蘭語, Kavalan, Xinshe(新社)", "speaker": "潘金妹, Imuy, female, 1952-10-25", "collected": "2003-06-01", "revised": "2013-7-24", "video": "KavNr-frog_imuy2.mp3"}, "file": "Kavalan_Xinshe/KavNr-frog_imuy2", "num": 87}], [88, {"ori": [], "gloss": [["..", "", ""], ["‘nay==,\\", "that", "那個"]], "free": [], "s_end": false, "iu_a_span": [143.92, 144.37], "meta": {"topic": "Frog Story", "type": "Narrative", "language": "噶瑪蘭語, Kavalan, Xinshe(新社)", "speaker": "潘金妹, Imuy, female, 1952-10-25", "collected": "2003-06-01", "revised": "2013-7-24", "video": "KavNr-frog_imuy2.mp3"}, "file": "Kavalan_Xinshe/KavNr-frog_imuy2", "num": 88}], [89, {"ori": [], "gloss": [["..", "", ""], ["tuliq", "wasp", "虎頭蜂"], ["a", "LNK", "連詞"], ["yau,\\", "that", "那個"]], "free": ["#e Those bees (and wasps) came out.", "#c 蜜蜂(虎頭蜂)都出來了。"], "s_end": true, "iu_a_span": [144.37, 145.69], "meta": {"topic": "Frog Story", "type": "Narrative", "language": "噶瑪蘭語, Kavalan, Xinshe(新社)", "speaker": "潘金妹, Imuy, female, 1952-10-25", "collected": "2003-06-01", "revised": "2013-7-24", "video": "KavNr-frog_imuy2.mp3"}, "s_a_span": [141.5, 145.69], "file": "Kavalan_Xinshe/KavNr-frog_imuy2", "num": 89}], [90, {"ori": [], "gloss": [["...(2.2)", "", ""], ["tu==,\\", "DM", "DM"]], "free": [], "s_end": false, "iu_a_span": [145.69, 147.87], "meta": {"topic": "Frog Story", "type": "Narrative", "language": "噶瑪蘭語, Kavalan, Xinshe(新社)", "speaker": "潘金妹, Imuy, female, 1952-10-25", "collected": "2003-06-01", "revised": "2013-7-24", "video": "KavNr-frog_imuy2.mp3"}, "file": "Kavalan_Xinshe/KavNr-frog_imuy2", "num": 90}], [91, {"ori": [], "gloss": [["..", "", ""], ["t<m>ibuq=ti,\\", "<AF>fall=PFV", "<主焦>掉=完成"]], "free": [], "s_end": false, "iu_a_span": [147.87, 148.95], "meta": {"topic": "Frog Story", "type": "Narrative", "language": "噶瑪蘭語, Kavalan, Xinshe(新社)", "speaker": "潘金妹, Imuy, female, 1952-10-25", "collected": "2003-06-01", "revised": "2013-7-24", "video": "KavNr-frog_imuy2.mp3"}, "file": "Kavalan_Xinshe/KavNr-frog_imuy2", "num": 91}], [92, {"ori": [], "gloss": [["...", "", ""], ["‘nay==,\\", "DM", "DM"]], "free": [], "s_end": false, "iu_a_span": [148.95, 149.8], "meta": {"topic": "Frog Story", "type": "Narrative", "language": "噶瑪蘭語, Kavalan, Xinshe(新社)", "speaker": "潘金妹, Imuy, female, 1952-10-25", "collected": "2003-06-01", "revised": "2013-7-24", "video": "KavNr-frog_imuy2.mp3"}, "file": "Kavalan_Xinshe/KavNr-frog_imuy2", "num": 92}], [93, {"ori": [], "gloss": [["..", "", ""], ["tuliq", "wasp", "虎頭蜂"], ["‘nay,\\", "that", "那個"]], "free": [], "s_end": false, "iu_a_span": [149.8, 150.59], "meta": {"topic": "Frog Story", "type": "Narrative", "language": "噶瑪蘭語, Kavalan, Xinshe(新社)", "speaker": "潘金妹, Imuy, female, 1952-10-25", "collected": "2003-06-01", "revised": "2013-7-24", "video": "KavNr-frog_imuy2.mp3"}, "file": "Kavalan_Xinshe/KavNr-frog_imuy2", "num": 93}], [94, {"ori": [], "gloss": [["..", "", ""], ["ta-medanay-an", "LOC-ground-LOC", "處格-地-處格"], ["nani,\\", "DM", "DM"]], "free": ["#e The beehive fell to the ground.", "#c 虎頭蜂(窩)掉下來了。", "#n 雖沒有說出Rubu(窩), 但指的是窩掉下來了。", "#n Although Rubu ‘hive’ is not mentioned, it is implied that the hive fell down."], "s_end": true, "iu_a_span": [150.59, 151.96], "meta": {"topic": "Frog Story", "type": "Narrative", "language": "噶瑪蘭語, Kavalan, Xinshe(新社)", "speaker": "潘金妹, Imuy, female, 1952-10-25", "collected": "2003-06-01", "revised": "2013-7-24", "video": "KavNr-frog_imuy2.mp3"}, "s_a_span": [145.69, 151.96], "file": "Kavalan_Xinshe/KavNr-frog_imuy2", "num": 94}], [95, {"ori": [], "gloss": [["...(0.9)", "", ""], ["m-zukat", "AF-go.out", "主焦-出去"], ["a", "NOM", "主格"], ["mutun", "mouse", "老鼠"], ["a", "LNK", "連詞"], ["yau", "that", "那個"], ["qaya.\\", "also", "也"]], "free": ["#e The mouse went out too.", "#c 老鼠也出來了。", "#n 老師說qaya是個帶動的詞, 表示老鼠也跟著出來了。"], "s_end": true, "iu_a_span": [151.96, 154.75], "meta": {"topic": "Frog Story", "type": "Narrative", "language": "噶瑪蘭語, Kavalan, Xinshe(新社)", "speaker": "潘金妹, Imuy, female, 1952-10-25", "collected": "2003-06-01", "revised": "2013-7-24", "video": "KavNr-frog_imuy2.mp3"}, "s_a_span": [151.96, 154.75], "file": "Kavalan_Xinshe/KavNr-frog_imuy2", "num": 95}], [96, {"ori": [], "gloss": [["...(0.8)", "", ""], ["tu==,\\", "DM", "DM"]], "free": [], "s_end": false, "iu_a_span": [154.75, 155.91], "meta": {"topic": "Frog Story", "type": "Narrative", "language": "噶瑪蘭語, Kavalan, Xinshe(新社)", "speaker": "潘金妹, Imuy, female, 1952-10-25", "collected": "2003-06-01", "revised": "2013-7-24", "video": "KavNr-frog_imuy2.mp3"}, "file": "Kavalan_Xinshe/KavNr-frog_imuy2", "num": 96}], [97, {"ori": [], "gloss": [["..", "", ""], ["yau=ti", "EXIST=PFV", "存在=完成"], ["sunis", "child", "小孩"], ["‘nay,\\", "that", "那個"]], "free": [], "s_end": false, "iu_a_span": [155.91, 157.05], "meta": {"topic": "Frog Story", "type": "Narrative", "language": "噶瑪蘭語, Kavalan, Xinshe(新社)", "speaker": "潘金妹, Imuy, female, 1952-10-25", "collected": "2003-06-01", "revised": "2013-7-24", "video": "KavNr-frog_imuy2.mp3"}, "file": "Kavalan_Xinshe/KavNr-frog_imuy2", "num": 97}], [98, {"ori": [], "gloss": [["..", "", ""], ["t<m>uqaz,\\", "<AF>go.up", "<主焦>上去"]], "free": [], "s_end": false, "iu_a_span": [157.05, 157.65], "meta": {"topic": "Frog Story", "type": "Narrative", "language": "噶瑪蘭語, Kavalan, Xinshe(新社)", "speaker": "潘金妹, Imuy, female, 1952-10-25", "collected": "2003-06-01", "revised": "2013-7-24", "video": "KavNr-frog_imuy2.mp3"}, "file": "Kavalan_Xinshe/KavNr-frog_imuy2", "num": 98}], [99, {"ori": [], "gloss": [["..", "", ""], ["pasazi", "toward.here", "過來"], ["ta==-.\\", "LOC-", "處格-"]], "free": [], "s_end": false, "iu_a_span": [157.65, 158.89], "meta": {"topic": "Frog Story", "type": "Narrative", "language": "噶瑪蘭語, Kavalan, Xinshe(新社)", "speaker": "潘金妹, Imuy, female, 1952-10-25", "collected": "2003-06-01", "revised": "2013-7-24", "video": "KavNr-frog_imuy2.mp3"}, "file": "Kavalan_Xinshe/KavNr-frog_imuy2", "num": 99}]], "meta": {"topic": "Frog Story", "type": "Narrative", "language": "噶瑪蘭語, Kavalan, Xinshe(新社)", "speaker": "潘金妹, Imuy, female, 1952-10-25", "collected": "2003-06-01", "revised": "2013-7-24", "video": "KavNr-frog_imuy2.mp3"}}