{"glosses": [[1, {"ori": [], "gloss": [["...(1.5)", "", ""], ["pan", "EXIST", "存在"], ["no", "OBL", "斜格"], ["moso==,\\", "AUX.AF", "助動詞.主焦"]], "free": [], "s_end": false, "iu_a_span": [1.65, 2.84], "meta": {"topic": "Love Story 3", "type": "Narrative", "language": "鄒語, Tsou, TapangU", "speaker": "莊榮貴, None, male, None", "collected": "None", "revised": "2013-11-18", "video": "TsouNr-love-story-zhuang.mp3"}, "file": "Tsou_TapangU/TsouNr-love-story-zhuang", "num": 1}], [2, {"ori": [], "gloss": [["..", "", ""], ["cihi", "one", "一"], ["ci", "REL", "關係詞"], ["oko", "child", "小孩"], ["no", "OBL", "斜格"], ["hahocngʉ.\\", "male", "男"]], "free": ["#e There was a boy.", "#c 有一個男孩。"], "s_end": true, "iu_a_span": [2.84, 4.8], "meta": {"topic": "Love Story 3", "type": "Narrative", "language": "鄒語, Tsou, TapangU", "speaker": "莊榮貴, None, male, None", "collected": "None", "revised": "2013-11-18", "video": "TsouNr-love-story-zhuang.mp3"}, "s_a_span": [1.65, 4.8], "file": "Tsou_TapangU/TsouNr-love-story-zhuang", "num": 2}], [3, {"ori": [], "gloss": [["...(1.0)", "", ""], ["moso", "AUX.AF", "助動詞.主焦"], ["n'a", "PROG", "進行貌"], ["na'no==", "very.AF", "很.主焦"], ["kaebʉ", "like.AF", "喜歡.主焦"], ["ho", "COMP", "補語"], ["mo==,_", "AUX.AF", "助動詞.主焦"]], "free": [], "s_end": false, "iu_a_span": [4.8, 8.49], "meta": {"topic": "Love Story 3", "type": "Narrative", "language": "鄒語, Tsou, TapangU", "speaker": "莊榮貴, None, male, None", "collected": "None", "revised": "2013-11-18", "video": "TsouNr-love-story-zhuang.mp3"}, "file": "Tsou_TapangU/TsouNr-love-story-zhuang", "num": 3}], [4, {"ori": [], "gloss": [["...(0.8)", "", ""], ["uh", "go.AF", "去.主焦"], ["no==,_", "OBL", "斜格"]], "free": [], "s_end": false, "iu_a_span": [8.49, 11.0], "meta": {"topic": "Love Story 3", "type": "Narrative", "language": "鄒語, Tsou, TapangU", "speaker": "莊榮貴, None, male, None", "collected": "None", "revised": "2013-11-18", "video": "TsouNr-love-story-zhuang.mp3"}, "file": "Tsou_TapangU/TsouNr-love-story-zhuang", "num": 4}], [5, {"ori": [], "gloss": [["...", "", ""], ["<L2JtonaliL2J>-si", "neighbor-3SG.GEN", "鄰居-3SG.屬格"], ["ho,\\", "CONJ", "連接詞"]], "free": [], "s_end": false, "iu_a_span": [11.0, 12.72], "meta": {"topic": "Love Story 3", "type": "Narrative", "language": "鄒語, Tsou, TapangU", "speaker": "莊榮貴, None, male, None", "collected": "None", "revised": "2013-11-18", "video": "TsouNr-love-story-zhuang.mp3"}, "file": "Tsou_TapangU/TsouNr-love-story-zhuang", "num": 5}], [6, {"ori": [], "gloss": [["...", "", ""], ["noepohʉ", "get.together.AF", "在一起.主焦"], ["na", "NOM", "主格"], ["oko", "child", "小孩"], ["no", "OBL", "斜格"], ["mamespingi", "male", "男"], ["ho==,_", "CONJ", "連接詞"]], "free": [], "s_end": false, "iu_a_span": [12.72, 15.6], "meta": {"topic": "Love Story 3", "type": "Narrative", "language": "鄒語, Tsou, TapangU", "speaker": "莊榮貴, None, male, None", "collected": "None", "revised": "2013-11-18", "video": "TsouNr-love-story-zhuang.mp3"}, "file": "Tsou_TapangU/TsouNr-love-story-zhuang", "num": 6}], [7, {"ori": [], "gloss": [["...(0.6)", "", ""], ["pespak'i.\\", "play.AF", "玩.主焦"]], "free": ["#e (He) liked to go to his neighbor and played with a girl.", "#c （他）喜歡去隔壁和一個女孩一起玩。"], "s_end": true, "iu_a_span": [15.6, 17.06], "meta": {"topic": "Love Story 3", "type": "Narrative", "language": "鄒語, Tsou, TapangU", "speaker": "莊榮貴, None, male, None", "collected": "None", "revised": "2013-11-18", "video": "TsouNr-love-story-zhuang.mp3"}, "s_a_span": [4.8, 17.06], "file": "Tsou_TapangU/TsouNr-love-story-zhuang", "num": 7}], [8, {"ori": [], "gloss": [["...(1.3)", "", ""], ["ina", "NOM", "主格"], ["oko", "child", "小孩"], ["no", "OBL", "斜格"], ["mamespingi,", "female", "女"], ["moso", "AUX.AF", "助動詞.主焦"], ["n'a", "PROG", "進行貌"], ["na'no", "very.AF", "很.主焦"], ["kaebʉ", "like.AF", "喜歡.主焦"], ["emʉm'ʉ", "grow.AF", "種.主焦"], ["no,_", "OBL", "斜格"]], "free": [], "s_end": false, "iu_a_span": [17.06, 22.03], "meta": {"topic": "Love Story 3", "type": "Narrative", "language": "鄒語, Tsou, TapangU", "speaker": "莊榮貴, None, male, None", "collected": "None", "revised": "2013-11-18", "video": "TsouNr-love-story-zhuang.mp3"}, "file": "Tsou_TapangU/TsouNr-love-story-zhuang", "num": 8}], [9, {"ori": [], "gloss": [["..", "", ""], ["bʉvnʉ.\\", "flower", "花"]], "free": [], "s_end": false, "iu_a_span": [22.03, 22.81], "meta": {"topic": "Love Story 3", "type": "Narrative", "language": "鄒語, Tsou, TapangU", "speaker": "莊榮貴, None, male, None", "collected": "None", "revised": "2013-11-18", "video": "TsouNr-love-story-zhuang.mp3"}, "file": "Tsou_TapangU/TsouNr-love-story-zhuang", "num": 9}], [10, {"ori": [], "gloss": [["..", "", ""], ["mav'ov'o", "all.kinds.AF", "各式各樣.主焦"], ["ci", "REL", "關係詞"], ["bʉvnʉ.\\", "flower", "花"]], "free": ["#e The girl liked to grow flowers very much, all kinds of flowers.", "#c 那女孩非常喜歡種花，各式各樣的花。"], "s_end": true, "iu_a_span": [22.81, 24.01], "meta": {"topic": "Love Story 3", "type": "Narrative", "language": "鄒語, Tsou, TapangU", "speaker": "莊榮貴, None, male, None", "collected": "None", "revised": "2013-11-18", "video": "TsouNr-love-story-zhuang.mp3"}, "s_a_span": [17.06, 24.01], "file": "Tsou_TapangU/TsouNr-love-story-zhuang", "num": 10}], [11, {"ori": [], "gloss": [["...(1.0)", "", ""], ["ina", "FIL", "FIL"], ["nia", "past", "以前"], ["nana", "likely", "好像"], ["to'tohʉ", "think.AF", "想.主焦"], ["n==o", "OBL", "斜格"], ["oko", "child", "小孩"], ["no", "OBL", "斜格"], ["mamespingi.\\", "female", "女"]], "free": [], "s_end": false, "iu_a_span": [24.01, 27.52], "meta": {"topic": "Love Story 3", "type": "Narrative", "language": "鄒語, Tsou, TapangU", "speaker": "莊榮貴, None, male, None", "collected": "None", "revised": "2013-11-18", "video": "TsouNr-love-story-zhuang.mp3"}, "file": "Tsou_TapangU/TsouNr-love-story-zhuang", "num": 11}], [12, {"ori": [], "gloss": [["...", "", ""], ["o-si", "AUX.NAF-3SG.GEN", "助動詞.非主焦-3SG.屬格"], ["n'a", "PROG", "進行"], ["la", "HAB", "習慣"], ["eainca,\\", "say.PF", "說.受焦"]], "free": [], "s_end": false, "iu_a_span": [27.52, 29.37], "meta": {"topic": "Love Story 3", "type": "Narrative", "language": "鄒語, Tsou, TapangU", "speaker": "莊榮貴, None, male, None", "collected": "None", "revised": "2013-11-18", "video": "TsouNr-love-story-zhuang.mp3"}, "file": "Tsou_TapangU/TsouNr-love-story-zhuang", "num": 12}], [13, {"ori": [], "gloss": [["...", "", ""], ["ta-'u", "AUX.FUT-1SG.NOM", "助動詞.未來-1SG.主格"], ["la", "HAB", "習慣"], ["peongcʉngci", "grow.all.over.AF", "到處種.主焦"], ["no==,_", "OBL", "斜格"]], "free": [], "s_end": false, "iu_a_span": [29.37, 31.81], "meta": {"topic": "Love Story 3", "type": "Narrative", "language": "鄒語, Tsou, TapangU", "speaker": "莊榮貴, None, male, None", "collected": "None", "revised": "2013-11-18", "video": "TsouNr-love-story-zhuang.mp3"}, "file": "Tsou_TapangU/TsouNr-love-story-zhuang", "num": 13}], [14, {"ori": [], "gloss": [["..", "", ""], ["mo", "AUX.AF", "助動詞.主焦"], ["mav'ov'o", "all.kinds.AF", "各式各樣.主焦"], ["ci", "REL", "關係詞"], ["bʉvnʉ", "flower", "花"], ["'e", "NOM", "主格"], ["pahpaesa", "side", "旁邊"], ["ta", "OBL", "斜格"], ["maemoemo.\\", "every.house", "每家每戶"]], "free": ["#e The girl thought that “I would grow all kinds of flowers around every house.", "#c 女孩心裡想，我要在家家戶戶旁邊種各式各樣的花。"], "s_end": true, "iu_a_span": [31.81, 34.56], "meta": {"topic": "Love Story 3", "type": "Narrative", "language": "鄒語, Tsou, TapangU", "speaker": "莊榮貴, None, male, None", "collected": "None", "revised": "2013-11-18", "video": "TsouNr-love-story-zhuang.mp3"}, "s_a_span": [24.01, 34.56], "file": "Tsou_TapangU/TsouNr-love-story-zhuang", "num": 14}], [15, {"ori": [], "gloss": [["...(1.5)", "", ""], ["moh=cu", "AUX.AF=PFV", "助動詞.主焦=完成"], ["la==", "HAB", "習慣"], ["sio", "PART", "語助詞"], ["bankake._", "tall.AF", "高.主焦"]], "free": ["#e (They) therefore grew up.", "#c 他們就長大了。"], "s_end": true, "iu_a_span": [34.56, 37.98], "meta": {"topic": "Love Story 3", "type": "Narrative", "language": "鄒語, Tsou, TapangU", "speaker": "莊榮貴, None, male, None", "collected": "None", "revised": "2013-11-18", "video": "TsouNr-love-story-zhuang.mp3"}, "s_a_span": [34.56, 37.98], "file": "Tsou_TapangU/TsouNr-love-story-zhuang", "num": 15}], [16, {"ori": [], "gloss": [["...", "", ""], ["'iama", "EVI", "知識詞"], ["o-si", "AUX.NAF-3SG.GEN", "知識詞.非主焦-3SG.屬格"], ["la", "HAB", "習慣"], ["ʉmnʉa", "love.PF", "喜歡.受焦"], ["no==,_", "OBL", "斜格"]], "free": [], "s_end": false, "iu_a_span": [37.98, 40.66], "meta": {"topic": "Love Story 3", "type": "Narrative", "language": "鄒語, Tsou, TapangU", "speaker": "莊榮貴, None, male, None", "collected": "None", "revised": "2013-11-18", "video": "TsouNr-love-story-zhuang.mp3"}, "file": "Tsou_TapangU/TsouNr-love-story-zhuang", "num": 16}], [17, {"ori": [], "gloss": [["...", "", ""], ["oko", "child", "小孩"], ["no", "OBL", "斜格"], ["hahocngʉ", "boy", "男孩"], ["na", "NOM", "主格"], ["mamespingi.\\", "male", "女"]], "free": ["#e Unexpectedly, the girl was loved by the boy.", "#c 出人意料的男孩愛上了女孩。"], "s_end": true, "iu_a_span": [40.66, 43.08], "meta": {"topic": "Love Story 3", "type": "Narrative", "language": "鄒語, Tsou, TapangU", "speaker": "莊榮貴, None, male, None", "collected": "None", "revised": "2013-11-18", "video": "TsouNr-love-story-zhuang.mp3"}, "s_a_span": [37.98, 43.08], "file": "Tsou_TapangU/TsouNr-love-story-zhuang", "num": 17}], [18, {"ori": [], "gloss": [["...(1.3)", "", ""], ["moh=cu", "AUX.AF=PFV", "助動詞.主焦=完成貌"], ["la", "HAB", "習慣"], ["maica,\\", "like.this.AF", "像這樣.主焦"]], "free": [], "s_end": false, "iu_a_span": [43.08, 45.68], "meta": {"topic": "Love Story 3", "type": "Narrative", "language": "鄒語, Tsou, TapangU", "speaker": "莊榮貴, None, male, None", "collected": "None", "revised": "2013-11-18", "video": "TsouNr-love-story-zhuang.mp3"}, "file": "Tsou_TapangU/TsouNr-love-story-zhuang", "num": 18}], [19, {"ori": [], "gloss": [["...(1.0)", "", ""], ["mimimio._", "play.AF", "玩"]], "free": [], "s_end": false, "iu_a_span": [45.68, 47.71], "meta": {"topic": "Love Story 3", "type": "Narrative", "language": "鄒語, Tsou, TapangU", "speaker": "莊榮貴, None, male, None", "collected": "None", "revised": "2013-11-18", "video": "TsouNr-love-story-zhuang.mp3"}, "file": "Tsou_TapangU/TsouNr-love-story-zhuang", "num": 19}], [20, {"ori": [], "gloss": [["...(1.1)", "", ""], ["<XpoteliX>", "XX", "XX"], ["ma", "EVI", "知識詞"], ["te", "AUX.FUT", "助動詞.未來"], ["pasunaeno", "sing.AF", "唱.主焦"], ["na", "NOM", "主格"], ["'oko", "child", "孩子"], ["no", "OBL", "斜格"], ["hahocngʉ.\\", "male", "男"]], "free": ["#e It was like this, (they) played, and unexpectedly the boy would sing.", "#c 像這樣,(他們) 一起玩，那個男孩竟然還唱歌。"], "s_end": true, "iu_a_span": [47.71, 51.3], "meta": {"topic": "Love Story 3", "type": "Narrative", "language": "鄒語, Tsou, TapangU", "speaker": "莊榮貴, None, male, None", "collected": "None", "revised": "2013-11-18", "video": "TsouNr-love-story-zhuang.mp3"}, "s_a_span": [43.08, 51.3], "file": "Tsou_TapangU/TsouNr-love-story-zhuang", "num": 20}], [21, {"ori": [], "gloss": [["...(1.2)", "", ""], ["'iama", "EVI", "知識詞"], ["la-si", "HAB-3SG.GEN", "習慣-3SG.屬格"], ["s'a", "PART", "語助詞"], ["ʉmnʉa", "love.PF", "喜歡.受焦"], ["ho", "CONJ", "連接詞"], ["o-si", "AUX.NAV-3SG.GEN", "助動詞.非主焦-3SG.屬格"], ["ta'lʉi", "hear.LF", "聽.處焦"], ["no,\\", "OBL", "斜格"]], "free": [], "s_end": false, "iu_a_span": [51.3, 54.66], "meta": {"topic": "Love Story 3", "type": "Narrative", "language": "鄒語, Tsou, TapangU", "speaker": "莊榮貴, None, male, None", "collected": "None", "revised": "2013-11-18", "video": "TsouNr-love-story-zhuang.mp3"}, "file": "Tsou_TapangU/TsouNr-love-story-zhuang", "num": 21}], [22, {"ori": [], "gloss": [["oko", "child", "小孩"], ["no", "OBL", "斜格"], ["mamespingi", "female", "女"], ["na", "NOM", "主格"], ["mo", "AUX.AF", "助動詞.主焦"], ["con", "one", "一"], ["ci", "REL", "關係詞"], ["pasunaeno.\\", "song", "歌"]], "free": ["#e Unexpectedly,(he) loved the girl, and the girl heard a song.", "#c 出乎意料的 （他）喜歡那女孩，那女孩聽了那首歌。"], "s_end": true, "iu_a_span": [54.66, 57.05], "meta": {"topic": "Love Story 3", "type": "Narrative", "language": "鄒語, Tsou, TapangU", "speaker": "莊榮貴, None, male, None", "collected": "None", "revised": "2013-11-18", "video": "TsouNr-love-story-zhuang.mp3"}, "s_a_span": [51.3, 57.05], "file": "Tsou_TapangU/TsouNr-love-story-zhuang", "num": 22}], [23, {"ori": [], "gloss": [["...(1.1)", "", ""], ["o-si", "AUX.NAF-3SG.GEN", "助動詞.非主焦-3SG.屬格"], ["cu", "PFV", "完成貌"], ["pasunae._", "sing.AF", "唱.主焦"]], "free": [], "s_end": false, "iu_a_span": [57.05, 59.33], "meta": {"topic": "Love Story 3", "type": "Narrative", "language": "鄒語, Tsou, TapangU", "speaker": "莊榮貴, None, male, None", "collected": "None", "revised": "2013-11-18", "video": "TsouNr-love-story-zhuang.mp3"}, "file": "Tsou_TapangU/TsouNr-love-story-zhuang", "num": 23}], [24, {"ori": [], "gloss": [["...", "", ""], ["moh=cu", "AUX.AF=PFV", "助動詞.主焦=完成貌"], ["asngʉcu", "always.AF", "一直.主焦"], ["pasunaeno", "sing.AF", "唱.主焦"], ["mai-ta'e._", "like.AF-here", "像.主焦-這裡"]], "free": ["#e (He) just kept singing like this.", "#c (他)就一直這樣唱。"], "s_end": true, "iu_a_span": [59.33, 61.37], "meta": {"topic": "Love Story 3", "type": "Narrative", "language": "鄒語, Tsou, TapangU", "speaker": "莊榮貴, None, male, None", "collected": "None", "revised": "2013-11-18", "video": "TsouNr-love-story-zhuang.mp3"}, "s_a_span": [57.05, 61.37], "file": "Tsou_TapangU/TsouNr-love-story-zhuang", "num": 24}], [25, {"ori": [], "gloss": [["...", "", ""], ["te", "AUX.FUT", "助動詞.未來"], ["mainenu", "how", "如何"], ["moh=cu,_", "AUX.AF=PFV", "助動詞.主焦=完成貌"]], "free": [], "s_end": false, "iu_a_span": [61.37, 62.91], "meta": {"topic": "Love Story 3", "type": "Narrative", "language": "鄒語, Tsou, TapangU", "speaker": "莊榮貴, None, male, None", "collected": "None", "revised": "2013-11-18", "video": "TsouNr-love-story-zhuang.mp3"}, "file": "Tsou_TapangU/TsouNr-love-story-zhuang", "num": 25}], [26, {"ori": [], "gloss": [["...", "", ""], ["atavei,\\", "finally", "終於"]], "free": [], "s_end": false, "iu_a_span": [62.91, 63.95], "meta": {"topic": "Love Story 3", "type": "Narrative", "language": "鄒語, Tsou, TapangU", "speaker": "莊榮貴, None, male, None", "collected": "None", "revised": "2013-11-18", "video": "TsouNr-love-story-zhuang.mp3"}, "file": "Tsou_TapangU/TsouNr-love-story-zhuang", "num": 26}], [27, {"ori": [], "gloss": [["mi'usnu", "face.toward.AF", "面對.主焦"], ["no==", "OBL", "斜格"], ["oko", "child", "小孩"], ["no", "OBL", "斜格"], ["mamespingi", "female", "女"], ["'e", "NOM", "主格"], ["oko", "child", "小孩"], ["no", "OBL", "斜格"], ["hahocngʉ", "male", "男"], ["ho", "", ""], ["eainca,_", "", ""]], "free": ["#e Somehow the boy finally turned to the girl and said,", "#c 怎麼的後來男孩終於向女孩說，"], "s_end": true, "iu_a_span": [63.95, 67.71], "meta": {"topic": "Love Story 3", "type": "Narrative", "language": "鄒語, Tsou, TapangU", "speaker": "莊榮貴, None, male, None", "collected": "None", "revised": "2013-11-18", "video": "TsouNr-love-story-zhuang.mp3"}, "s_a_span": [61.37, 67.71], "file": "Tsou_TapangU/TsouNr-love-story-zhuang", "num": 27}], [28, {"ori": [], "gloss": [["...(1.0)", "", ""], ["'a", "EVI", "知識詞"], ["ma", "EVI", "知識詞"], ["te-'o", "AUX.FUT-1SG.NOM", "助動詞.未來-1SG.主格"], ["vcongʉ", "marry.AF", "結婚.主焦"], ["su?/", "2SG", "2SG"]], "free": ["#e \"May I marry you?\"", "#c \"跟我結婚好嗎？\""], "s_end": true, "iu_a_span": [67.71, 70.16], "meta": {"topic": "Love Story 3", "type": "Narrative", "language": "鄒語, Tsou, TapangU", "speaker": "莊榮貴, None, male, None", "collected": "None", "revised": "2013-11-18", "video": "TsouNr-love-story-zhuang.mp3"}, "s_a_span": [67.71, 70.16], "file": "Tsou_TapangU/TsouNr-love-story-zhuang", "num": 28}], [29, {"ori": [], "gloss": [["...(1.0)", "", ""], ["eh==,_", "FIL", "FIL"]], "free": [], "s_end": false, "iu_a_span": [70.16, 71.62], "meta": {"topic": "Love Story 3", "type": "Narrative", "language": "鄒語, Tsou, TapangU", "speaker": "莊榮貴, None, male, None", "collected": "None", "revised": "2013-11-18", "video": "TsouNr-love-story-zhuang.mp3"}, "file": "Tsou_TapangU/TsouNr-love-story-zhuang", "num": 29}], [30, {"ori": [], "gloss": [["...", "", ""], ["moh=cu", "AUX.AF=PFV", "助動詞.主焦=完成貌"], ["maica,\\", "like.this.AF", "像這樣.主焦"]], "free": ["#e Just like this.", "#c 就像這樣。"], "s_end": true, "iu_a_span": [71.62, 72.56], "meta": {"topic": "Love Story 3", "type": "Narrative", "language": "鄒語, Tsou, TapangU", "speaker": "莊榮貴, None, male, None", "collected": "None", "revised": "2013-11-18", "video": "TsouNr-love-story-zhuang.mp3"}, "s_a_span": [70.16, 72.56], "file": "Tsou_TapangU/TsouNr-love-story-zhuang", "num": 30}], [31, {"ori": [], "gloss": [["...(0.7)", "", ""], ["i-si", "AUX.NAF-3SG.GEN", "助動詞.非主焦-3SG.屬格"], ["cu==", "PFV", "完成貌"], ["engha", "tell.PF", "講.受焦"], ["ho", "CONJ", "連接詞"], ["eainca", "say.PF", "知識詞"], ["ma", "EVI", "助動詞.未來-1SG.主格"], ["te-'o", "AUX.FUT-1SG.NOM", "結婚-2SG.屬格"], ["vcongʉ-su.\\", "", ""]], "free": ["#e He just says, \"may I marry you?\"", "#c 他就說, \"跟我結婚好嗎?\""], "s_end": true, "iu_a_span": [72.56, 75.41], "meta": {"topic": "Love Story 3", "type": "Narrative", "language": "鄒語, Tsou, TapangU", "speaker": "莊榮貴, None, male, None", "collected": "None", "revised": "2013-11-18", "video": "TsouNr-love-story-zhuang.mp3"}, "s_a_span": [72.56, 75.41], "file": "Tsou_TapangU/TsouNr-love-story-zhuang", "num": 31}], [32, {"ori": [], "gloss": [["...", "", ""], ["o-si", "AUX.NAF-3SG.GEN", "助動詞.非主焦-3SG.屬格"], ["cu", "PFV", "完成貌"], ["eaeza", "also.PF", "也.受焦"], ["ʉmnʉ==a", "like.PF", "喜歡.受焦"], ["no", "OBL", "斜格"], ["oko", "child", "小孩"], ["no", "OBL", "斜格"], ["mamespingi.\\", "female", "女"]], "free": ["#e The girl also liked (him).", "#c 那女孩也喜歡他。"], "s_end": true, "iu_a_span": [75.41, 77.53], "meta": {"topic": "Love Story 3", "type": "Narrative", "language": "鄒語, Tsou, TapangU", "speaker": "莊榮貴, None, male, None", "collected": "None", "revised": "2013-11-18", "video": "TsouNr-love-story-zhuang.mp3"}, "s_a_span": [75.41, 77.53], "file": "Tsou_TapangU/TsouNr-love-story-zhuang", "num": 32}], [33, {"ori": [], "gloss": [["...(1.0)", "", ""], ["mici", "want.AF", "想要.主焦"], ["nana==,_", "seemingly", "好像"]], "free": [], "s_end": false, "iu_a_span": [77.53, 79.46], "meta": {"topic": "Love Story 3", "type": "Narrative", "language": "鄒語, Tsou, TapangU", "speaker": "莊榮貴, None, male, None", "collected": "None", "revised": "2013-11-18", "video": "TsouNr-love-story-zhuang.mp3"}, "file": "Tsou_TapangU/TsouNr-love-story-zhuang", "num": 33}], [34, {"ori": [], "gloss": [["...", "", ""], ["mipeohʉ", "look.down.AF", "往下看.主焦"], ["mi'unu", "face.toware.AF", "面向.主焦"], ["no", "OBL", "斜格"], ["peohna", "below", "下面"], ["manci", "why", "怎麼"], ["nana,_", "seemingly", "好像"]], "free": ["#e (He/They) looked downward.", "#c （他/他們）好像往下看。"], "s_end": true, "iu_a_span": [79.46, 81.73], "meta": {"topic": "Love Story 3", "type": "Narrative", "language": "鄒語, Tsou, TapangU", "speaker": "莊榮貴, None, male, None", "collected": "None", "revised": "2013-11-18", "video": "TsouNr-love-story-zhuang.mp3"}, "s_a_span": [77.53, 81.73], "file": "Tsou_TapangU/TsouNr-love-story-zhuang", "num": 34}], [35, {"ori": [], "gloss": [["...", "", ""], ["teolʉ", "see.AF", "看.主焦"], ["no", "OBL", "協格"], ["mo", "AUX.AF", "助動詞.主焦"], ["eon", "stay.AF", "待.主焦"], ["no==,_", "OBL", "斜格"]], "free": [], "s_end": false, "iu_a_span": [81.73, 83.13], "meta": {"topic": "Love Story 3", "type": "Narrative", "language": "鄒語, Tsou, TapangU", "speaker": "莊榮貴, None, male, None", "collected": "None", "revised": "2013-11-18", "video": "TsouNr-love-story-zhuang.mp3"}, "file": "Tsou_TapangU/TsouNr-love-story-zhuang", "num": 35}], [36, {"ori": [], "gloss": [["...", "", ""], ["eon", "stay.AF", "待.主焦"], ["no==", "OBL", "斜格"], ["aaskiti", "side", "旁邊"], ["no", "OBL", "斜格"], ["va'hʉ", "river", "河"], ["ci", "REL", "關係詞"], ["oko", "child", "小孩"], ["no", "OBL", "斜格"], ["mamespingi", "female", "女"], ["ho", "CONJ", "連接詞"], ["mongsi.\\", "cry.AF", "哭.主焦"]], "free": ["#e Somehow (they) saw a girl who was at the side of the river and cried.", "#c 怎麼有一個女孩在河邊哭。"], "s_end": true, "iu_a_span": [83.13, 86.97], "meta": {"topic": "Love Story 3", "type": "Narrative", "language": "鄒語, Tsou, TapangU", "speaker": "莊榮貴, None, male, None", "collected": "None", "revised": "2013-11-18", "video": "TsouNr-love-story-zhuang.mp3"}, "s_a_span": [81.73, 86.97], "file": "Tsou_TapangU/TsouNr-love-story-zhuang", "num": 36}], [37, {"ori": [], "gloss": [["...(1.0)", "", ""], ["i-he", "AUX.NAF-3PL.GEN", "助動詞.非主焦-3PL.屬格"], ["cu", "PFV", "完成"], ["nana", "seemingly", "好像"], ["usa", "go.PF", "去.受焦"], ["ho", "CONJ", "連接詞"], ["aiti", "see.LV", "看.處焦"], ["ho", "CONJ", "連接詞"], ["tuocosi.\\", "ask.LF", "問.處焦"]], "free": [], "s_end": false, "iu_a_span": [86.97, 89.53], "meta": {"topic": "Love Story 3", "type": "Narrative", "language": "鄒語, Tsou, TapangU", "speaker": "莊榮貴, None, male, None", "collected": "None", "revised": "2013-11-18", "video": "TsouNr-love-story-zhuang.mp3"}, "file": "Tsou_TapangU/TsouNr-love-story-zhuang", "num": 37}], [38, {"ori": [], "gloss": [["(0)", "", ""], ["ho", "CONJ", "連接詞"], ["eainca", "say.PF", "說.受焦"], ["manci", "why", "怎麼"], ["s'a", "PART", "語助詞"], ["ac'o", "to.the.extent", "那樣"], ["mongsi.\\", "cry.AF", "哭.主焦"]], "free": [], "s_end": false, "iu_a_span": [null, null], "meta": {"topic": "Love Story 3", "type": "Narrative", "language": "鄒語, Tsou, TapangU", "speaker": "莊榮貴, None, male, None", "collected": "None", "revised": "2013-11-18", "video": "TsouNr-love-story-zhuang.mp3"}, "file": "Tsou_TapangU/TsouNr-love-story-zhuang", "num": 38}], [39, {"ori": [], "gloss": [["...(0.7)", "", ""], ["si", "3SG.GEN", "3SG.屬格"], ["eainca", "say.PF", "說.受焦"], ["no", "OBL", "斜格"], ["oko", "child", "小孩"], ["no", "OBL", "斜格"], ["mamespingi.\\", "female", "女"]], "free": [], "s_end": false, "iu_a_span": [91.02, 93.35], "meta": {"topic": "Love Story 3", "type": "Narrative", "language": "鄒語, Tsou, TapangU", "speaker": "莊榮貴, None, male, None", "collected": "None", "revised": "2013-11-18", "video": "TsouNr-love-story-zhuang.mp3"}, "file": "Tsou_TapangU/TsouNr-love-story-zhuang", "num": 39}], [40, {"ori": [], "gloss": [["...", "", ""], ["'a", "EVI", "知識詞"], ["mio", "AUX.AF", "助動詞.主焦"], ["eon", "be.at.AF", "在.主焦"], ["ta", "OBL", "斜格"], ["va'hʉ", "river", "河"], ["ho", "CONJ", "連接詞"], ["tufku._", "wash.clothes.AF", "洗衣服.主焦"]], "free": ["#e The girl said, \"I washed clothes by the river.\"", "#c 女孩說，\"我在河邊洗衣服\"。", "#n IU39開頭應為i-si。"], "s_end": true, "iu_a_span": [93.35, 95.3], "meta": {"topic": "Love Story 3", "type": "Narrative", "language": "鄒語, Tsou, TapangU", "speaker": "莊榮貴, None, male, None", "collected": "None", "revised": "2013-11-18", "video": "TsouNr-love-story-zhuang.mp3"}, "s_a_span": [86.97, 95.3], "file": "Tsou_TapangU/TsouNr-love-story-zhuang", "num": 40}], [41, {"ori": [], "gloss": [["...", "", ""], ["i-si", "AUX.NAF-3SG.GEN", "助動詞.非主焦-3SG.屬格"], ["hafa", "carry.PF", "帶.受焦"], ["to", "OBL", "斜格"], ["chumu", "water", "水"], ["'o", "NOM", "主格"], ["mo", "AUX.AF", "助動詞.主焦"], ["coni,_", "one", "一"]], "free": [], "s_end": false, "iu_a_span": [95.3, 97.39], "meta": {"topic": "Love Story 3", "type": "Narrative", "language": "鄒語, Tsou, TapangU", "speaker": "莊榮貴, None, male, None", "collected": "None", "revised": "2013-11-18", "video": "TsouNr-love-story-zhuang.mp3"}, "file": "Tsou_TapangU/TsouNr-love-story-zhuang", "num": 41}], [42, {"ori": [], "gloss": [["..", "", ""], ["ci==", "REL", "關係詞"], ["yʉsʉ-'u.\\", "chothes-1SG.GEN", "衣服-1SG.屬格"]], "free": ["#e \"Water took away one of my clothes.\"", "#c \"河水帶走我一件衣服\"。"], "s_end": true, "iu_a_span": [97.39, 98.53], "meta": {"topic": "Love Story 3", "type": "Narrative", "language": "鄒語, Tsou, TapangU", "speaker": "莊榮貴, None, male, None", "collected": "None", "revised": "2013-11-18", "video": "TsouNr-love-story-zhuang.mp3"}, "s_a_span": [95.3, 98.53], "file": "Tsou_TapangU/TsouNr-love-story-zhuang", "num": 42}], [43, {"ori": [], "gloss": [["...", "", ""], ["os-'o", "AUX.NAF-1SG.GEN", "助動詞.非主焦-1SG.屬格"], ["na'na", "very.PF", "很.受焦"], ["ucia", "want.PF", "想要.受焦"], ["ivaha", "again.PF", "再次.受焦"], ["eaa._", "get.PF", "拿.受焦"]], "free": ["#e \"I wanted to get it back very much.\"", "#c \"我很想要把（它）拿回來\"。"], "s_end": true, "iu_a_span": [98.53, 100.75], "meta": {"topic": "Love Story 3", "type": "Narrative", "language": "鄒語, Tsou, TapangU", "speaker": "莊榮貴, None, male, None", "collected": "None", "revised": "2013-11-18", "video": "TsouNr-love-story-zhuang.mp3"}, "s_a_span": [98.53, 100.75], "file": "Tsou_TapangU/TsouNr-love-story-zhuang", "num": 43}], [44, {"ori": [], "gloss": [["...", "", ""], ["maene", "XX", "XX"], ["'o", "NOM", "主格"], ["oko", "child", "小孩"], ["no", "OBL", "斜格"], ["hahocngʉ,\\", "boy", "男孩"]], "free": [], "s_end": false, "iu_a_span": [100.75, 102.39], "meta": {"topic": "Love Story 3", "type": "Narrative", "language": "鄒語, Tsou, TapangU", "speaker": "莊榮貴, None, male, None", "collected": "None", "revised": "2013-11-18", "video": "TsouNr-love-story-zhuang.mp3"}, "file": "Tsou_TapangU/TsouNr-love-story-zhuang", "num": 44}], [45, {"ori": [], "gloss": [["..", "", ""], ["i-si", "AUX.NAF-3SG.GEN", "助動詞.非主焦-3SG.屬格"], ["cu", "PFV", "完成"], ["aupciva", "hurry.NAF", "趕快.非主焦"], ["peobanga", "chase.PF", "追.受焦"], ["'e", "NOM", "主格"], ["yʉsʉ", "clothes", "衣服"], ["ho,\\", "CONJ", "連接詞"]], "free": ["#e The boy hence in a hurry chased the clothes carried away by the water, and,", "#c 那男孩於是趕快去追那被水帶走的衣服。"], "s_end": true, "iu_a_span": [102.39, 104.48], "meta": {"topic": "Love Story 3", "type": "Narrative", "language": "鄒語, Tsou, TapangU", "speaker": "莊榮貴, None, male, None", "collected": "None", "revised": "2013-11-18", "video": "TsouNr-love-story-zhuang.mp3"}, "s_a_span": [100.75, 104.48], "file": "Tsou_TapangU/TsouNr-love-story-zhuang", "num": 45}], [46, {"ori": [], "gloss": [["...", "", ""], ["tasvoveia", "get.back.PF", "拿回.受焦"], ["'e==", "NOM", "主格"], ["i-si", "AUX.NAF-3SG.GEN", "助動詞.非主焦-3SG.屬格"], ["hafa", "carry.PF", "帶.受焦"], ["ta", "NOM", "主格"], ["chumu", "water", "水"], ["ci==,_", "REL", "關係詞"]], "free": [], "s_end": false, "iu_a_span": [104.48, 107.0], "meta": {"topic": "Love Story 3", "type": "Narrative", "language": "鄒語, Tsou, TapangU", "speaker": "莊榮貴, None, male, None", "collected": "None", "revised": "2013-11-18", "video": "TsouNr-love-story-zhuang.mp3"}, "file": "Tsou_TapangU/TsouNr-love-story-zhuang", "num": 46}], [47, {"ori": [], "gloss": [["...", "", ""], ["ci", "REL", "關係詞"], ["yʉsʉ.\\", "clothes", "衣服"]], "free": [], "s_end": false, "iu_a_span": [107.0, 107.74], "meta": {"topic": "Love Story 3", "type": "Narrative", "language": "鄒語, Tsou, TapangU", "speaker": "莊榮貴, None, male, None", "collected": "None", "revised": "2013-11-18", "video": "TsouNr-love-story-zhuang.mp3"}, "file": "Tsou_TapangU/TsouNr-love-story-zhuang", "num": 47}], [48, {"ori": [], "gloss": [["..", "", ""], ["ci", "REL", "關係詞"], ["XX", "", ""], ["moso", "AUX.AF", "助動詞.主焦"], ["ngohcu._", "drift.away.AF", "漂走.主焦"]], "free": ["#e took back the clothes which had been taken away by the water.", "#c 拿回被水帶走漂走的的衣服。"], "s_end": true, "iu_a_span": [107.74, 108.75], "meta": {"topic": "Love Story 3", "type": "Narrative", "language": "鄒語, Tsou, TapangU", "speaker": "莊榮貴, None, male, None", "collected": "None", "revised": "2013-11-18", "video": "TsouNr-love-story-zhuang.mp3"}, "s_a_span": [104.48, 108.75], "file": "Tsou_TapangU/TsouNr-love-story-zhuang", "num": 48}], [49, {"ori": [], "gloss": [["...", "", ""], ["XXXXX", "", ""], ["'oko", "XXX", "XXX"], ["no", "child", "小孩"], ["mamespingi.\\", "OBL", "斜格"]], "free": [], "s_end": false, "iu_a_span": [108.75, 110.81], "meta": {"topic": "Love Story 3", "type": "Narrative", "language": "鄒語, Tsou, TapangU", "speaker": "莊榮貴, None, male, None", "collected": "None", "revised": "2013-11-18", "video": "TsouNr-love-story-zhuang.mp3"}, "file": "Tsou_TapangU/TsouNr-love-story-zhuang", "num": 49}], [50, {"ori": [], "gloss": [["...(0.9)", "", ""], ["ina", "FIL", "FIL"], ["'e", "NOM", "主格"], ["'oko", "child", "小孩"], ["no", "OBL", "斜格"], ["mamespingi", "female", "女"], ["ci", "REL", "關係詞"], ["moso", "AUX.AF", "助動詞.主焦"], ["tufku,\\", "wash.clothes.AF", "洗衣服.主焦"]], "free": [], "s_end": false, "iu_a_span": [110.81, 114.17], "meta": {"topic": "Love Story 3", "type": "Narrative", "language": "鄒語, Tsou, TapangU", "speaker": "莊榮貴, None, male, None", "collected": "None", "revised": "2013-11-18", "video": "TsouNr-love-story-zhuang.mp3"}, "file": "Tsou_TapangU/TsouNr-love-story-zhuang", "num": 50}], [51, {"ori": [], "gloss": [["...", "", ""], ["i-si", "AUX.NAF-3SG.GEN", "助動詞.非主焦-3SG.屬格"], ["ʉmnʉa", "like.PF", "喜歡.受焦"], ["'e", "NOM", "主格"], ["hahocngʉ", "male", "男"], ["eainca,\\", "say.PF", "說.受焦"]], "free": [], "s_end": false, "iu_a_span": [114.17, 116.43], "meta": {"topic": "Love Story 3", "type": "Narrative", "language": "鄒語, Tsou, TapangU", "speaker": "莊榮貴, None, male, None", "collected": "None", "revised": "2013-11-18", "video": "TsouNr-love-story-zhuang.mp3"}, "file": "Tsou_TapangU/TsouNr-love-story-zhuang", "num": 51}], [52, {"ori": [], "gloss": [["'a", "EVI", "知識詞"], ["os-'o", "AUX.NAF-1SG.GEN", "助動詞.非主焦-1SG.屬格"], ["na'no", "very.AF", "很.主焦"], ["ʉmnʉa", "like.PF", "喜歡.受焦"], ["na", "NOM", "主格"], ["su.\\", "2SG", "2SG"]], "free": ["#e The girl who washed clothes loves the boy and says, \"I love you very much.\"", "#c 那個洗衣服的女孩喜歡上那男孩，並且說，我很喜歡你。"], "s_end": true, "iu_a_span": [116.43, 117.87], "meta": {"topic": "Love Story 3", "type": "Narrative", "language": "鄒語, Tsou, TapangU", "speaker": "莊榮貴, None, male, None", "collected": "None", "revised": "2013-11-18", "video": "TsouNr-love-story-zhuang.mp3"}, "s_a_span": [108.75, 117.87], "file": "Tsou_TapangU/TsouNr-love-story-zhuang", "num": 52}], [53, {"ori": [], "gloss": [["...(0.9)", "", ""], ["at'inghi", "but", "但是"], ["'e", "NOM", "主格"], ["hahocngʉ", "boy", "男孩"], ["i-si", "AUX.NAF-3SG.GEN", "助動詞.非主焦-3SG.屬格"], ["esansana", "say.clearly.PF", "說清楚.受焦"], ["ho", "CONJ", "連接詞"], ["eainca,\\", "say.PF", "說.受焦"]], "free": [], "s_end": false, "iu_a_span": [117.87, 121.04], "meta": {"topic": "Love Story 3", "type": "Narrative", "language": "鄒語, Tsou, TapangU", "speaker": "莊榮貴, None, male, None", "collected": "None", "revised": "2013-11-18", "video": "TsouNr-love-story-zhuang.mp3"}, "file": "Tsou_TapangU/TsouNr-love-story-zhuang", "num": 53}], [54, {"ori": [], "gloss": [["...(0.8)", "", ""], ["'a", "EVI", "知識詞"], ["pan", "EXIST", "存在"], ["to", "AUX.NAF-1SG.GEN", "助動詞.非主焦-1SG.屬格"], ["os-'o", "PFV", "完成"], ["cu", "because", "因為"], ["'so", "like-PV", "喜歡-受焦"], ["ʉmnʉ-a", "REL", "關係詞"], ["ci", "child", "小孩"], ["'oko", "OBL", "斜格"], ["no", "female", "女"], ["mamespingi._", "", ""]], "free": ["#e But the boy clearly says, \"there is already a girl who was loved by me.\"", "#c 但那男孩很清楚的說,我已經有喜歡的女孩子了。"], "s_end": true, "iu_a_span": [121.04, 124.25], "meta": {"topic": "Love Story 3", "type": "Narrative", "language": "鄒語, Tsou, TapangU", "speaker": "莊榮貴, None, male, None", "collected": "None", "revised": "2013-11-18", "video": "TsouNr-love-story-zhuang.mp3"}, "s_a_span": [117.87, 124.25], "file": "Tsou_TapangU/TsouNr-love-story-zhuang", "num": 54}], [55, {"ori": [], "gloss": [["..", "", ""], ["'o", "NOM", "主格"], ["la", "HAB", "習慣"], ["na'no,_", "very.AF", "很.主焦"]], "free": [], "s_end": false, "iu_a_span": [124.25, 125.07], "meta": {"topic": "Love Story 3", "type": "Narrative", "language": "鄒語, Tsou, TapangU", "speaker": "莊榮貴, None, male, None", "collected": "None", "revised": "2013-11-18", "video": "TsouNr-love-story-zhuang.mp3"}, "file": "Tsou_TapangU/TsouNr-love-story-zhuang", "num": 55}], [56, {"ori": [], "gloss": [["...", "", ""], ["kaebʉ", "like.AF", "喜歡.主焦"], ["ho", "CONJ", "連接詞"], ["mo", "AUX.AF", "助動詞.主焦"], ["emʉm'ʉ", "grow.AF", "種.主焦"], ["to", "OBL", "斜格"], ["bʉvnʉ._", "flower", "花"]], "free": [], "s_end": false, "iu_a_span": [125.07, 127.71], "meta": {"topic": "Love Story 3", "type": "Narrative", "language": "鄒語, Tsou, TapangU", "speaker": "莊榮貴, None, male, None", "collected": "None", "revised": "2013-11-18", "video": "TsouNr-love-story-zhuang.mp3"}, "file": "Tsou_TapangU/TsouNr-love-story-zhuang", "num": 56}], [57, {"ori": [], "gloss": [["...", "", ""], ["ko'ko", "therefore", "因此"], ["eno", "FIL", "FIL"], ["o'a", "NEG", "否定"], ["te-'o", "AUX.FUT-1SG.GEN", "助動詞.未來-1SG.屬格"], ["tiova", "accept.PF", "接受.受焦"], ["na", "NOM", "主格"], ["su.\\", "2SG", "2SG"]], "free": ["#e \"The one who always likes growing flowers very much. Therefore, I will not accept you.\"", "#c 就是那個很愛種花的。因此我不會接受妳。"], "s_end": true, "iu_a_span": [127.71, 130.0], "meta": {"topic": "Love Story 3", "type": "Narrative", "language": "鄒語, Tsou, TapangU", "speaker": "莊榮貴, None, male, None", "collected": "None", "revised": "2013-11-18", "video": "TsouNr-love-story-zhuang.mp3"}, "s_a_span": [124.25, 130.0], "file": "Tsou_TapangU/TsouNr-love-story-zhuang", "num": 57}], [58, {"ori": [], "gloss": [["...(0.7)", "", ""], ["te-'o", "AUX.FUT-1SG.GEN", "助動詞.未來-1SG.屬格"], ["ec'ʉha", "say.till.PF", "說到.受焦"], ["tan'e.\\", "here", "這裡"]], "free": ["#e I just stop here.", "#c 我就說到這裡。"], "s_end": true, "iu_a_span": [130.0, 131.55], "meta": {"topic": "Love Story 3", "type": "Narrative", "language": "鄒語, Tsou, TapangU", "speaker": "莊榮貴, None, male, None", "collected": "None", "revised": "2013-11-18", "video": "TsouNr-love-story-zhuang.mp3"}, "s_a_span": [130.0, 131.55], "file": "Tsou_TapangU/TsouNr-love-story-zhuang", "num": 58}]], "meta": {"topic": "Love Story 3", "type": "Narrative", "language": "鄒語, Tsou, TapangU", "speaker": "莊榮貴, None, male, None", "collected": "None", "revised": "2013-11-18", "video": "TsouNr-love-story-zhuang.mp3"}}