{"glosses": [[1, {"ori": [], "gloss": [["a", "FIL", "FIL"], ["pa-kimad=ho", "PA-say=IMPFV", "PA-說=未完成"], ["kaku", "1SG.NOM", "1SG.主格"], ["tu", "OBL", "斜格"], ["ccay", "one", "一"], ["a,\\", "LNK", "連詞"]], "free": [], "s_end": false, "iu_a_span": [11.45, 13.5], "meta": {"topic": "Frog Story", "type": "Narrative", "language": "阿美語, Amis, Ciwkangan(台東縣長光社區)", "speaker": "陳金龍, Ofad, male, None", "collected": "2005-04-27", "revised": "2014-3-5", "video": "Amis_Nr-frog_ofad.mp3"}, "file": "Amis_Ciwkangan/Amis_Nr-frog_ofad", "num": 1}], [2, {"ori": [], "gloss": [["..", "", ""], ["ka-kimad-an.\\", "KA-say-AN", "KA-說-AN"]], "free": [], "s_end": false, "iu_a_span": [13.5, 14.5], "meta": {"topic": "Frog Story", "type": "Narrative", "language": "阿美語, Amis, Ciwkangan(台東縣長光社區)", "speaker": "陳金龍, Ofad, male, None", "collected": "2005-04-27", "revised": "2014-3-5", "video": "Amis_Nr-frog_ofad.mp3"}, "file": "Amis_Ciwkangan/Amis_Nr-frog_ofad", "num": 2}], [3, {"ori": [], "gloss": [["...(1.0)", "", ""], ["u", "CN", "CN"], ["nu", "GEN", "屬格"], ["pakayni-ay,\\", "from.this-AY", "從這裡-AY"]], "free": [], "s_end": false, "iu_a_span": [14.5, 16.72], "meta": {"topic": "Frog Story", "type": "Narrative", "language": "阿美語, Amis, Ciwkangan(台東縣長光社區)", "speaker": "陳金龍, Ofad, male, None", "collected": "2005-04-27", "revised": "2014-3-5", "video": "Amis_Nr-frog_ofad.mp3"}, "file": "Amis_Ciwkangan/Amis_Nr-frog_ofad", "num": 3}], [4, {"ori": [], "gloss": [["..", "", ""], ["i", "LOC", "處格"], ["wawa.\\", "child", "小孩"]], "free": ["#e I will tell a story about a child.", "#c 我來說有關小孩子的一個故事。"], "s_end": true, "iu_a_span": [16.72, 17.55], "meta": {"topic": "Frog Story", "type": "Narrative", "language": "阿美語, Amis, Ciwkangan(台東縣長光社區)", "speaker": "陳金龍, Ofad, male, None", "collected": "2005-04-27", "revised": "2014-3-5", "video": "Amis_Nr-frog_ofad.mp3"}, "s_a_span": [11.45, 17.55], "file": "Amis_Ciwkangan/Amis_Nr-frog_ofad", "num": 4}], [5, {"ori": [], "gloss": [["...", "", ""], ["ira", "EXIST", "存在"], ["ku", "NOM", "主格"], ["ccay,\\", "one", "一"]], "free": [], "s_end": false, "iu_a_span": [17.55, 18.81], "meta": {"topic": "Frog Story", "type": "Narrative", "language": "阿美語, Amis, Ciwkangan(台東縣長光社區)", "speaker": "陳金龍, Ofad, male, None", "collected": "2005-04-27", "revised": "2014-3-5", "video": "Amis_Nr-frog_ofad.mp3"}, "file": "Amis_Ciwkangan/Amis_Nr-frog_ofad", "num": 5}], [6, {"ori": [], "gloss": [["..", "", ""], ["a", "LNK", "連詞"], ["wawa.\\", "child", "孩子"]], "free": ["#e There was a child.", "#c 有一個小孩。"], "s_end": true, "iu_a_span": [18.81, 19.66], "meta": {"topic": "Frog Story", "type": "Narrative", "language": "阿美語, Amis, Ciwkangan(台東縣長光社區)", "speaker": "陳金龍, Ofad, male, None", "collected": "2005-04-27", "revised": "2014-3-5", "video": "Amis_Nr-frog_ofad.mp3"}, "s_a_span": [17.55, 19.66], "file": "Amis_Ciwkangan/Amis_Nr-frog_ofad", "num": 6}], [7, {"ori": [], "gloss": [["...", "", ""], ["ira", "EXIST", "存在"], ["ku", "NOM", "主格"], ["mi-,\\", "PF", "受焦"]], "free": [], "s_end": false, "iu_a_span": [19.66, 20.91], "meta": {"topic": "Frog Story", "type": "Narrative", "language": "阿美語, Amis, Ciwkangan(台東縣長光社區)", "speaker": "陳金龍, Ofad, male, None", "collected": "2005-04-27", "revised": "2014-3-5", "video": "Amis_Nr-frog_ofad.mp3"}, "file": "Amis_Ciwkangan/Amis_Nr-frog_ofad", "num": 7}], [8, {"ori": [], "gloss": [["..", "", ""], ["pa-teli-an", "CAU-put-PF", "使役-裝-受焦"], ["nira", "3SG.GEN", "3SG.屬格"], ["i", "LOC", "處格"], ["talid,\\", "bottle", "瓶子"]], "free": [], "s_end": false, "iu_a_span": [20.91, 22.84], "meta": {"topic": "Frog Story", "type": "Narrative", "language": "阿美語, Amis, Ciwkangan(台東縣長光社區)", "speaker": "陳金龍, Ofad, male, None", "collected": "2005-04-27", "revised": "2014-3-5", "video": "Amis_Nr-frog_ofad.mp3"}, "file": "Amis_Ciwkangan/Amis_Nr-frog_ofad", "num": 8}], [9, {"ori": [], "gloss": [["..", "", ""], ["a", "LNK", "連詞"], ["takula’._", "frog", "青蛙"]], "free": ["#e There was a frog which he put in a bottle.", "#c 有一隻他裝在瓶子裡的青蛙。"], "s_end": true, "iu_a_span": [22.84, 23.94], "meta": {"topic": "Frog Story", "type": "Narrative", "language": "阿美語, Amis, Ciwkangan(台東縣長光社區)", "speaker": "陳金龍, Ofad, male, None", "collected": "2005-04-27", "revised": "2014-3-5", "video": "Amis_Nr-frog_ofad.mp3"}, "s_a_span": [19.66, 23.94], "file": "Amis_Ciwkangan/Amis_Nr-frog_ofad", "num": 9}], [10, {"ori": [], "gloss": [["...", "", ""], ["sa-ru<mi’a>mi’ad-han", "SA-<red>day-HAN", "SA-<重疊>天-HAN"], ["nira", "3SG.GEN", "3SG.屬格"], ["a", "LNK", "連詞"], ["mi-nengneng.\\", "AF-watch", "主焦-看"]], "free": ["#e He looked at it everyday.", "#c 他每天都看著牠。"], "s_end": true, "iu_a_span": [23.94, 27.28], "meta": {"topic": "Frog Story", "type": "Narrative", "language": "阿美語, Amis, Ciwkangan(台東縣長光社區)", "speaker": "陳金龍, Ofad, male, None", "collected": "2005-04-27", "revised": "2014-3-5", "video": "Amis_Nr-frog_ofad.mp3"}, "s_a_span": [23.94, 27.28], "file": "Amis_Ciwkangan/Amis_Nr-frog_ofad", "num": 10}], [11, {"ori": [], "gloss": [["...", "", ""], ["ma-ra’or", "PF-approach", "受焦-到"], ["tu", "OBL", "斜格"], ["dadaya", "night", "晚上"], ["i,\\", "DM", "DM"]], "free": [], "s_end": false, "iu_a_span": [27.28, 29.23], "meta": {"topic": "Frog Story", "type": "Narrative", "language": "阿美語, Amis, Ciwkangan(台東縣長光社區)", "speaker": "陳金龍, Ofad, male, None", "collected": "2005-04-27", "revised": "2014-3-5", "video": "Amis_Nr-frog_ofad.mp3"}, "file": "Amis_Ciwkangan/Amis_Nr-frog_ofad", "num": 11}], [12, {"ori": [], "gloss": [["..", "", ""], ["ma-futi’,\\", "AF-sleep", "主焦-睡覺"]], "free": [], "s_end": false, "iu_a_span": [29.23, 30.18], "meta": {"topic": "Frog Story", "type": "Narrative", "language": "阿美語, Amis, Ciwkangan(台東縣長光社區)", "speaker": "陳金龍, Ofad, male, None", "collected": "2005-04-27", "revised": "2014-3-5", "video": "Amis_Nr-frog_ofad.mp3"}, "file": "Amis_Ciwkangan/Amis_Nr-frog_ofad", "num": 12}], [13, {"ori": [], "gloss": [["...", "", ""], ["tahira", "till", "到"], ["ka-leda’-an", "KA-slumber-AN", "KA-沈睡-AN"], ["nira,\\", "3SG.GEN", "3SG.屬格"]], "free": [], "s_end": false, "iu_a_span": [30.18, 32.19], "meta": {"topic": "Frog Story", "type": "Narrative", "language": "阿美語, Amis, Ciwkangan(台東縣長光社區)", "speaker": "陳金龍, Ofad, male, None", "collected": "2005-04-27", "revised": "2014-3-5", "video": "Amis_Nr-frog_ofad.mp3"}, "file": "Amis_Ciwkangan/Amis_Nr-frog_ofad", "num": 13}], [14, {"ori": [], "gloss": [["..", "", ""], ["ma-kuliniw", "PF-stealthy", "受焦-偷偷的"], ["nuya", "that.GEN.INVIS", "那個.屬格.不可見"], ["takula’,\\", "frog", "青蛙"]], "free": [], "s_end": false, "iu_a_span": [32.19, 33.62], "meta": {"topic": "Frog Story", "type": "Narrative", "language": "阿美語, Amis, Ciwkangan(台東縣長光社區)", "speaker": "陳金龍, Ofad, male, None", "collected": "2005-04-27", "revised": "2014-3-5", "video": "Amis_Nr-frog_ofad.mp3"}, "file": "Amis_Ciwkangan/Amis_Nr-frog_ofad", "num": 14}], [15, {"ori": [], "gloss": [["..", "", ""], ["a", "LNK", "連詞"], ["mi-laliw.\\", "AF-leave", "主焦-離開"]], "free": ["#e When it was time to sleep at night and he was asleep, the frog left stealthily.", "#c 到晚上睡覺時間，他沈睡的時候，那個青蛙偷偷摸摸地離開。", "#n tahira是指沒有指定範圍的「到」。"], "s_end": true, "iu_a_span": [33.62, 34.46], "meta": {"topic": "Frog Story", "type": "Narrative", "language": "阿美語, Amis, Ciwkangan(台東縣長光社區)", "speaker": "陳金龍, Ofad, male, None", "collected": "2005-04-27", "revised": "2014-3-5", "video": "Amis_Nr-frog_ofad.mp3"}, "s_a_span": [27.28, 34.46], "file": "Amis_Ciwkangan/Amis_Nr-frog_ofad", "num": 15}], [16, {"ori": [], "gloss": [["...", "", ""], ["tali-pa-alal", "till-PA-wake", "到-PA-醒"], ["cingra,\\", "3SG.NOM", "3SG.主格"]], "free": [], "s_end": false, "iu_a_span": [34.46, 36.03], "meta": {"topic": "Frog Story", "type": "Narrative", "language": "阿美語, Amis, Ciwkangan(台東縣長光社區)", "speaker": "陳金龍, Ofad, male, None", "collected": "2005-04-27", "revised": "2014-3-5", "video": "Amis_Nr-frog_ofad.mp3"}, "file": "Amis_Ciwkangan/Amis_Nr-frog_ofad", "num": 16}], [17, {"ori": [], "gloss": [["..", "", ""], ["nengneng-han", "look-HAN", "看-HAN"], ["nira", "3SG.GEN", "3SG.屬格"], ["kiya", "that.NOM", "那個.主格"], ["talid.\\", "bottle", "瓶子"]], "free": ["#e When he woke up, he looked at the bottle.", "#c 醒來後，他看了那個瓶子。"], "s_end": true, "iu_a_span": [36.03, 37.64], "meta": {"topic": "Frog Story", "type": "Narrative", "language": "阿美語, Amis, Ciwkangan(台東縣長光社區)", "speaker": "陳金龍, Ofad, male, None", "collected": "2005-04-27", "revised": "2014-3-5", "video": "Amis_Nr-frog_ofad.mp3"}, "s_a_span": [34.46, 37.64], "file": "Amis_Ciwkangan/Amis_Nr-frog_ofad", "num": 17}], [18, {"ori": [], "gloss": [["...", "", ""], ["ya", "that", "那個"], ["ma-paru-ay,\\", "PF-put-AY", "受焦-裝-AY"]], "free": [], "s_end": false, "iu_a_span": [37.64, 38.92], "meta": {"topic": "Frog Story", "type": "Narrative", "language": "阿美語, Amis, Ciwkangan(台東縣長光社區)", "speaker": "陳金龍, Ofad, male, None", "collected": "2005-04-27", "revised": "2014-3-5", "video": "Amis_Nr-frog_ofad.mp3"}, "file": "Amis_Ciwkangan/Amis_Nr-frog_ofad", "num": 18}], [19, {"ori": [], "gloss": [["..", "", ""], ["i", "LOC", "處格"], ["talid", "bottle", "瓶子"], ["a", "LNK", "連詞"], ["takula’.\\", "frog", "青蛙"]], "free": [], "s_end": false, "iu_a_span": [38.92, 40.36], "meta": {"topic": "Frog Story", "type": "Narrative", "language": "阿美語, Amis, Ciwkangan(台東縣長光社區)", "speaker": "陳金龍, Ofad, male, None", "collected": "2005-04-27", "revised": "2014-3-5", "video": "Amis_Nr-frog_ofad.mp3"}, "file": "Amis_Ciwkangan/Amis_Nr-frog_ofad", "num": 19}], [20, {"ori": [], "gloss": [["...", "", ""], ["awa’ay=tu", "EXIST.NEG=PFV", "存在.否定=完成"], ["ma-araw", "PF-see", "受焦-看"], ["ningra.\\", "3SG.GEN", "3SG.屬格"]], "free": ["#e He didn’t see the frog which he put in the bottle.", "#c 他沒看到那隻原本裝在瓶子裡的青蛙。"], "s_end": true, "iu_a_span": [40.36, 42.41], "meta": {"topic": "Frog Story", "type": "Narrative", "language": "阿美語, Amis, Ciwkangan(台東縣長光社區)", "speaker": "陳金龍, Ofad, male, None", "collected": "2005-04-27", "revised": "2014-3-5", "video": "Amis_Nr-frog_ofad.mp3"}, "s_a_span": [37.64, 42.41], "file": "Amis_Ciwkangan/Amis_Nr-frog_ofad", "num": 20}], [21, {"ori": [], "gloss": [["..", "", ""], ["a", "LNK", "連詞"], ["mi-nengneng,_", "AF-look", "主焦-看"]], "free": [], "s_end": false, "iu_a_span": [42.41, 43.46], "meta": {"topic": "Frog Story", "type": "Narrative", "language": "阿美語, Amis, Ciwkangan(台東縣長光社區)", "speaker": "陳金龍, Ofad, male, None", "collected": "2005-04-27", "revised": "2014-3-5", "video": "Amis_Nr-frog_ofad.mp3"}, "file": "Amis_Ciwkangan/Amis_Nr-frog_ofad", "num": 21}], [22, {"ori": [], "gloss": [["...", "", ""], ["tala-cuwacuwa,\\", "to-everywhere", "到-到處"]], "free": [], "s_end": false, "iu_a_span": [43.46, 44.8], "meta": {"topic": "Frog Story", "type": "Narrative", "language": "阿美語, Amis, Ciwkangan(台東縣長光社區)", "speaker": "陳金龍, Ofad, male, None", "collected": "2005-04-27", "revised": "2014-3-5", "video": "Amis_Nr-frog_ofad.mp3"}, "file": "Amis_Ciwkangan/Amis_Nr-frog_ofad", "num": 22}], [23, {"ori": [], "gloss": [["..", "", ""], ["sa=tu", "SA=PFV", "SA=完成"], ["hakiya", "wonder", "不知道"], ["sa,\\", "DM", "DM"]], "free": [], "s_end": false, "iu_a_span": [44.8, 45.89], "meta": {"topic": "Frog Story", "type": "Narrative", "language": "阿美語, Amis, Ciwkangan(台東縣長光社區)", "speaker": "陳金龍, Ofad, male, None", "collected": "2005-04-27", "revised": "2014-3-5", "video": "Amis_Nr-frog_ofad.mp3"}, "file": "Amis_Ciwkangan/Amis_Nr-frog_ofad", "num": 23}], [24, {"ori": [], "gloss": [["..", "", ""], ["a", "LNK", "連詞"], ["mi-kilim", "AF-search", "主焦-找"], ["cingra.\\", "3SG.NOM", "3SG.主格"]], "free": ["#e He searched everywhere and wondered what happened to the frog.", "#c 他四處找尋，擔憂青蛙發生了什麼事。", "#c cuwacuwa是reduplication，hakiya表「怎麼樣了呢」的擔憂心情用語。"], "s_end": true, "iu_a_span": [45.89, 47.42], "meta": {"topic": "Frog Story", "type": "Narrative", "language": "阿美語, Amis, Ciwkangan(台東縣長光社區)", "speaker": "陳金龍, Ofad, male, None", "collected": "2005-04-27", "revised": "2014-3-5", "video": "Amis_Nr-frog_ofad.mp3"}, "s_a_span": [42.41, 47.42], "file": "Amis_Ciwkangan/Amis_Nr-frog_ofad", "num": 24}], [25, {"ori": [], "gloss": [["...(1.0)", "", ""], ["nengneng-en", "look-PF", "看-受焦"], ["nira", "3SG.GEN", "3SG.屬格"], ["kiya==,\\", "that.NOM", "那個.主格"]], "free": [], "s_end": false, "iu_a_span": [47.42, 49.72], "meta": {"topic": "Frog Story", "type": "Narrative", "language": "阿美語, Amis, Ciwkangan(台東縣長光社區)", "speaker": "陳金龍, Ofad, male, None", "collected": "2005-04-27", "revised": "2014-3-5", "video": "Amis_Nr-frog_ofad.mp3"}, "file": "Amis_Ciwkangan/Amis_Nr-frog_ofad", "num": 25}], [26, {"ori": [], "gloss": [["..", "", ""], ["safang", "net", "網子"], ["nira,\\", "3SG.GEN", "3SG.屬格"]], "free": [], "s_end": false, "iu_a_span": [49.72, 50.71], "meta": {"topic": "Frog Story", "type": "Narrative", "language": "阿美語, Amis, Ciwkangan(台東縣長光社區)", "speaker": "陳金龍, Ofad, male, None", "collected": "2005-04-27", "revised": "2014-3-5", "video": "Amis_Nr-frog_ofad.mp3"}, "file": "Amis_Ciwkangan/Amis_Nr-frog_ofad", "num": 26}], [27, {"ori": [], "gloss": [["..", "", ""], ["yapi,_", "FS", "FS"]], "free": [], "s_end": false, "iu_a_span": [50.71, 51.41], "meta": {"topic": "Frog Story", "type": "Narrative", "language": "阿美語, Amis, Ciwkangan(台東縣長光社區)", "speaker": "陳金龍, Ofad, male, None", "collected": "2005-04-27", "revised": "2014-3-5", "video": "Amis_Nr-frog_ofad.mp3"}, "file": "Amis_Ciwkangan/Amis_Nr-frog_ofad", "num": 27}], [28, {"ori": [], "gloss": [["..", "", ""], ["sa-pi-,_", "IF-PI-", "工焦-PI-"]], "free": [], "s_end": false, "iu_a_span": [51.41, 52.32], "meta": {"topic": "Frog Story", "type": "Narrative", "language": "阿美語, Amis, Ciwkangan(台東縣長光社區)", "speaker": "陳金龍, Ofad, male, None", "collected": "2005-04-27", "revised": "2014-3-5", "video": "Amis_Nr-frog_ofad.mp3"}, "file": "Amis_Ciwkangan/Amis_Nr-frog_ofad", "num": 28}], [29, {"ori": [], "gloss": [["...", "", ""], ["ala", "take", "拿"], ["nira", "3SG.GEN", "3SG.屬格"], ["tuya", "that.OBL.INVIS", "那個.斜格.不可見"], ["takula’.\\", "frog", "青蛙"]], "free": ["#e He looked for the net that he used to catch that frog.", "#c 他尋找用來抓青蛙的那個網子。"], "s_end": true, "iu_a_span": [52.32, 53.88], "meta": {"topic": "Frog Story", "type": "Narrative", "language": "阿美語, Amis, Ciwkangan(台東縣長光社區)", "speaker": "陳金龍, Ofad, male, None", "collected": "2005-04-27", "revised": "2014-3-5", "video": "Amis_Nr-frog_ofad.mp3"}, "s_a_span": [47.42, 53.88], "file": "Amis_Ciwkangan/Amis_Nr-frog_ofad", "num": 29}], [30, {"ori": [], "gloss": [["..", "", ""], ["awa’ay=tu", "EXIST.NEG=PFV", "存在.否定=完成"], ["ma-tawma._", "PF-find", "受焦-找到"]], "free": ["#e (He) didn’t find (it).", "#c 沒找著。"], "s_end": true, "iu_a_span": [53.88, 55.13], "meta": {"topic": "Frog Story", "type": "Narrative", "language": "阿美語, Amis, Ciwkangan(台東縣長光社區)", "speaker": "陳金龍, Ofad, male, None", "collected": "2005-04-27", "revised": "2014-3-5", "video": "Amis_Nr-frog_ofad.mp3"}, "s_a_span": [53.88, 55.13], "file": "Amis_Ciwkangan/Amis_Nr-frog_ofad", "num": 30}], [31, {"ori": [], "gloss": [["...", "", ""], ["halu", "HALU", "HALU"], ["ya", "that", "那個"], ["wacu=tu", "dog=PFV", "狗=完成"], ["nira,\\", "3SG.GEN", "3SG.屬格"]], "free": [], "s_end": false, "iu_a_span": [55.13, 57.77], "meta": {"topic": "Frog Story", "type": "Narrative", "language": "阿美語, Amis, Ciwkangan(台東縣長光社區)", "speaker": "陳金龍, Ofad, male, None", "collected": "2005-04-27", "revised": "2014-3-5", "video": "Amis_Nr-frog_ofad.mp3"}, "file": "Amis_Ciwkangan/Amis_Nr-frog_ofad", "num": 31}], [32, {"ori": [], "gloss": [["..", "", ""], ["a", "LNK", "連詞"], ["mi-padang", "AF-help", "主焦-幫助"], ["a", "LNK", "連詞"], ["mi-,\\", "AF-", "主焦-"]], "free": [], "s_end": false, "iu_a_span": [57.77, 59.37], "meta": {"topic": "Frog Story", "type": "Narrative", "language": "阿美語, Amis, Ciwkangan(台東縣長光社區)", "speaker": "陳金龍, Ofad, male, None", "collected": "2005-04-27", "revised": "2014-3-5", "video": "Amis_Nr-frog_ofad.mp3"}, "file": "Amis_Ciwkangan/Amis_Nr-frog_ofad", "num": 32}], [33, {"ori": [], "gloss": [["...", "", ""], ["kilim", "search", "找尋"], ["tuya", "that.OBL.INVIS", "那個.斜格.不可見"], ["takula’.\\", "frog", "青蛙"]], "free": ["#e His dog helped him look for the frog.", "#c 狗也幫忙他找尋那隻青蛙。", "#n 這裡的halu是「包含」的意思。", "#n 陳金龍老師較強調抑揚頓挫，wacu 的發音為 wa..^cu 以下均省略不標。"], "s_end": true, "iu_a_span": [59.37, 61.48], "meta": {"topic": "Frog Story", "type": "Narrative", "language": "阿美語, Amis, Ciwkangan(台東縣長光社區)", "speaker": "陳金龍, Ofad, male, None", "collected": "2005-04-27", "revised": "2014-3-5", "video": "Amis_Nr-frog_ofad.mp3"}, "s_a_span": [55.13, 61.48], "file": "Amis_Ciwkangan/Amis_Nr-frog_ofad", "num": 33}], [34, {"ori": [], "gloss": [["..", "", ""], ["sa", "SA", "SA"], ["hining-en", "watch-PF", "看-受焦"], ["nuya,\\", "that.GEN.INVIS", "那個.屬格.不可見"]], "free": [], "s_end": false, "iu_a_span": [61.48, 62.62], "meta": {"topic": "Frog Story", "type": "Narrative", "language": "阿美語, Amis, Ciwkangan(台東縣長光社區)", "speaker": "陳金龍, Ofad, male, None", "collected": "2005-04-27", "revised": "2014-3-5", "video": "Amis_Nr-frog_ofad.mp3"}, "file": "Amis_Ciwkangan/Amis_Nr-frog_ofad", "num": 34}], [35, {"ori": [], "gloss": [["..", "", ""], ["wacu", "dog", "狗"], ["kuya,_", "that.NOM.INVIS", "那個.主格.不可見"]], "free": [], "s_end": false, "iu_a_span": [62.62, 63.69], "meta": {"topic": "Frog Story", "type": "Narrative", "language": "阿美語, Amis, Ciwkangan(台東縣長光社區)", "speaker": "陳金龍, Ofad, male, None", "collected": "2005-04-27", "revised": "2014-3-5", "video": "Amis_Nr-frog_ofad.mp3"}, "file": "Amis_Ciwkangan/Amis_Nr-frog_ofad", "num": 35}], [36, {"ori": [], "gloss": [["..", "", ""], ["pa-teli-an", "CAU-put-AN", "使役-裝-AN"], ["tuya", "that.OBL.INVIS", "那個.斜格.不可見"], ["takula’", "frog", "青蛙"], ["i._", "DM", "DM"]], "free": ["#e The dog looked at (the place) where the frog was kept.", "#c 那個狗望著裝著青蛙的地方。"], "s_end": true, "iu_a_span": [63.69, 65.41], "meta": {"topic": "Frog Story", "type": "Narrative", "language": "阿美語, Amis, Ciwkangan(台東縣長光社區)", "speaker": "陳金龍, Ofad, male, None", "collected": "2005-04-27", "revised": "2014-3-5", "video": "Amis_Nr-frog_ofad.mp3"}, "s_a_span": [61.48, 65.41], "file": "Amis_Ciwkangan/Amis_Nr-frog_ofad", "num": 36}], [37, {"ori": [], "gloss": [["..", "", ""], ["awa’ay", "EXIST.NEG", "存在.否定"], ["a", "LNK", "連詞"], ["ma-nengneng", "PF-see", "受焦-看見"], ["nira,\\", "3SG.GEN", "3SG.屬格"]], "free": [], "s_end": false, "iu_a_span": [65.41, 67.19], "meta": {"topic": "Frog Story", "type": "Narrative", "language": "阿美語, Amis, Ciwkangan(台東縣長光社區)", "speaker": "陳金龍, Ofad, male, None", "collected": "2005-04-27", "revised": "2014-3-5", "video": "Amis_Nr-frog_ofad.mp3"}, "file": "Amis_Ciwkangan/Amis_Nr-frog_ofad", "num": 37}], [38, {"ori": [], "gloss": [["...", "", ""], ["sadak", "outside", "出去"], ["sa=tu", "SA=PFV", "SA=完成"], ["a.\\", "LNK", "連詞"]], "free": ["#e He didn’t see (the frog). (He went) outside.", "#c 牠沒有看到，他打算出去找。"], "s_end": true, "iu_a_span": [67.19, 68.86], "meta": {"topic": "Frog Story", "type": "Narrative", "language": "阿美語, Amis, Ciwkangan(台東縣長光社區)", "speaker": "陳金龍, Ofad, male, None", "collected": "2005-04-27", "revised": "2014-3-5", "video": "Amis_Nr-frog_ofad.mp3"}, "s_a_span": [65.41, 68.86], "file": "Amis_Ciwkangan/Amis_Nr-frog_ofad", "num": 38}], [39, {"ori": [], "gloss": [["...", "", ""], ["ma-hicurcur", "AF-fall.head.over.heels", "主焦-頭往前衝掉下去"], ["a", "LNK", "連詞"], ["mi-kilim,\\", "AF-search", "主焦-找"]], "free": [], "s_end": false, "iu_a_span": [68.86, 70.74], "meta": {"topic": "Frog Story", "type": "Narrative", "language": "阿美語, Amis, Ciwkangan(台東縣長光社區)", "speaker": "陳金龍, Ofad, male, None", "collected": "2005-04-27", "revised": "2014-3-5", "video": "Amis_Nr-frog_ofad.mp3"}, "file": "Amis_Ciwkangan/Amis_Nr-frog_ofad", "num": 39}], [40, {"ori": [], "gloss": [["..", "", ""], ["kuya", "that.NOM.INVIS", "那個.主格.不可見"], ["wacu", "dog", "狗"], ["na", "from", "從"], ["itira", "there", "那裡"], ["i,_", "LOC", "處格"]], "free": [], "s_end": false, "iu_a_span": [70.74, 72.06], "meta": {"topic": "Frog Story", "type": "Narrative", "language": "阿美語, Amis, Ciwkangan(台東縣長光社區)", "speaker": "陳金龍, Ofad, male, None", "collected": "2005-04-27", "revised": "2014-3-5", "video": "Amis_Nr-frog_ofad.mp3"}, "file": "Amis_Ciwkangan/Amis_Nr-frog_ofad", "num": 40}], [41, {"ori": [], "gloss": [["..", "", ""], ["sasingaran", "window", "窗戶"], ["nu", "GEN", "屬格"], ["luma’._", "house", "家"]], "free": ["#e Looking for (the frog), the dog fell head over heels from the window of the house.", "#c 那隻狗找著找著就從房子的窗戶頭朝前栽了下去。"], "s_end": true, "iu_a_span": [72.06, 73.58], "meta": {"topic": "Frog Story", "type": "Narrative", "language": "阿美語, Amis, Ciwkangan(台東縣長光社區)", "speaker": "陳金龍, Ofad, male, None", "collected": "2005-04-27", "revised": "2014-3-5", "video": "Amis_Nr-frog_ofad.mp3"}, "s_a_span": [68.86, 73.58], "file": "Amis_Ciwkangan/Amis_Nr-frog_ofad", "num": 41}], [42, {"ori": [], "gloss": [["...", "", ""], ["na", "PAST", "過去"], ["matiya=tu", "this.way=PFV", "這樣=完成"], ["i,_", "DM", "DM"]], "free": [], "s_end": false, "iu_a_span": [73.58, 75.43], "meta": {"topic": "Frog Story", "type": "Narrative", "language": "阿美語, Amis, Ciwkangan(台東縣長光社區)", "speaker": "陳金龍, Ofad, male, None", "collected": "2005-04-27", "revised": "2014-3-5", "video": "Amis_Nr-frog_ofad.mp3"}, "file": "Amis_Ciwkangan/Amis_Nr-frog_ofad", "num": 42}], [43, {"ori": [], "gloss": [["...", "", ""], ["kuya", "that.NOM.INVIS", "那個.主格.不可見"], ["wawa", "child", "小孩"], ["sa=tu,\\", "SA=PFV", "SA=完成"]], "free": [], "s_end": false, "iu_a_span": [75.43, 76.84], "meta": {"topic": "Frog Story", "type": "Narrative", "language": "阿美語, Amis, Ciwkangan(台東縣長光社區)", "speaker": "陳金龍, Ofad, male, None", "collected": "2005-04-27", "revised": "2014-3-5", "video": "Amis_Nr-frog_ofad.mp3"}, "file": "Amis_Ciwkangan/Amis_Nr-frog_ofad", "num": 43}], [44, {"ori": [], "gloss": [["..", "", ""], ["kerid-han=tu", "lead-HAN=PFV", "帶領-HAN=完成"], ["nira", "3SG.GEN", "3SG.屬格"], ["kuya,\\", "that.NOM.INVIS", "那個.主格.不可見"]], "free": [], "s_end": false, "iu_a_span": [76.84, 78.2], "meta": {"topic": "Frog Story", "type": "Narrative", "language": "阿美語, Amis, Ciwkangan(台東縣長光社區)", "speaker": "陳金龍, Ofad, male, None", "collected": "2005-04-27", "revised": "2014-3-5", "video": "Amis_Nr-frog_ofad.mp3"}, "file": "Amis_Ciwkangan/Amis_Nr-frog_ofad", "num": 44}], [45, {"ori": [], "gloss": [["..", "", ""], ["wacu", "dog", "狗"], ["nira", "3SG.GEN", "3SG.屬格"], ["a", "LNK", "連詞"], ["mi,\\", "FS", "FS"]], "free": [], "s_end": false, "iu_a_span": [78.2, 79.48], "meta": {"topic": "Frog Story", "type": "Narrative", "language": "阿美語, Amis, Ciwkangan(台東縣長光社區)", "speaker": "陳金龍, Ofad, male, None", "collected": "2005-04-27", "revised": "2014-3-5", "video": "Amis_Nr-frog_ofad.mp3"}, "file": "Amis_Ciwkangan/Amis_Nr-frog_ofad", "num": 45}], [46, {"ori": [], "gloss": [["...", "", ""], ["tayra", "go", "去"], ["i", "LOC", "處格"], ["paputal,\\", "outside", "外面"]], "free": [], "s_end": false, "iu_a_span": [79.48, 81.09], "meta": {"topic": "Frog Story", "type": "Narrative", "language": "阿美語, Amis, Ciwkangan(台東縣長光社區)", "speaker": "陳金龍, Ofad, male, None", "collected": "2005-04-27", "revised": "2014-3-5", "video": "Amis_Nr-frog_ofad.mp3"}, "file": "Amis_Ciwkangan/Amis_Nr-frog_ofad", "num": 46}], [47, {"ori": [], "gloss": [["..", "", ""], ["a", "LNK", "連詞"], ["mi==-,\\", "AF-", "主焦-"]], "free": [], "s_end": false, "iu_a_span": [81.09, 81.7], "meta": {"topic": "Frog Story", "type": "Narrative", "language": "阿美語, Amis, Ciwkangan(台東縣長光社區)", "speaker": "陳金龍, Ofad, male, None", "collected": "2005-04-27", "revised": "2014-3-5", "video": "Amis_Nr-frog_ofad.mp3"}, "file": "Amis_Ciwkangan/Amis_Nr-frog_ofad", "num": 47}], [48, {"ori": [], "gloss": [["..", "", ""], ["nengneng.\\", "look", "看"]], "free": ["#e Then, the child took the dog outside to look (for the frog).", "#c 就在那個時候，那個小孩子帶領那隻狗到外面去看。"], "s_end": true, "iu_a_span": [81.7, 82.46], "meta": {"topic": "Frog Story", "type": "Narrative", "language": "阿美語, Amis, Ciwkangan(台東縣長光社區)", "speaker": "陳金龍, Ofad, male, None", "collected": "2005-04-27", "revised": "2014-3-5", "video": "Amis_Nr-frog_ofad.mp3"}, "s_a_span": [73.58, 82.46], "file": "Amis_Ciwkangan/Amis_Nr-frog_ofad", "num": 48}], [49, {"ori": [], "gloss": [["...", "", ""], ["tahira", "till", "到"], ["cangra", "3PL.NOM", "3PL.主格"], ["i,_", "LOC", "處格"]], "free": [], "s_end": false, "iu_a_span": [82.46, 83.9], "meta": {"topic": "Frog Story", "type": "Narrative", "language": "阿美語, Amis, Ciwkangan(台東縣長光社區)", "speaker": "陳金龍, Ofad, male, None", "collected": "2005-04-27", "revised": "2014-3-5", "video": "Amis_Nr-frog_ofad.mp3"}, "file": "Amis_Ciwkangan/Amis_Nr-frog_ofad", "num": 49}], [50, {"ori": [], "gloss": [["..", "", ""], ["lutuk-lutuk-an", "RED-mountain-AN", "重疊-山-AN"], ["i._", "DM", "DM"]], "free": ["#e They arrived at a forest.", "#c 他們到了山林中。"], "s_end": true, "iu_a_span": [83.9, 85.2], "meta": {"topic": "Frog Story", "type": "Narrative", "language": "阿美語, Amis, Ciwkangan(台東縣長光社區)", "speaker": "陳金龍, Ofad, male, None", "collected": "2005-04-27", "revised": "2014-3-5", "video": "Amis_Nr-frog_ofad.mp3"}, "s_a_span": [82.46, 85.2], "file": "Amis_Ciwkangan/Amis_Nr-frog_ofad", "num": 50}], [51, {"ori": [], "gloss": [["...", "", ""], ["adi^hay", "many", "很多"], ["ku,\\", "NOM", "主格"]], "free": [], "s_end": false, "iu_a_span": [85.2, 86.73], "meta": {"topic": "Frog Story", "type": "Narrative", "language": "阿美語, Amis, Ciwkangan(台東縣長光社區)", "speaker": "陳金龍, Ofad, male, None", "collected": "2005-04-27", "revised": "2014-3-5", "video": "Amis_Nr-frog_ofad.mp3"}, "file": "Amis_Ciwkangan/Amis_Nr-frog_ofad", "num": 51}], [52, {"ori": [], "gloss": [["..", "", ""], ["onal,_", "bee", "蜜蜂"]], "free": [], "s_end": false, "iu_a_span": [86.73, 87.48], "meta": {"topic": "Frog Story", "type": "Narrative", "language": "阿美語, Amis, Ciwkangan(台東縣長光社區)", "speaker": "陳金龍, Ofad, male, None", "collected": "2005-04-27", "revised": "2014-3-5", "video": "Amis_Nr-frog_ofad.mp3"}, "file": "Amis_Ciwkangan/Amis_Nr-frog_ofad", "num": 52}], [53, {"ori": [], "gloss": [["...", "", ""], ["a", "LNK", "連詞"], ["ma-efer,\\", "AF-fly", "主焦-飛"]], "free": ["#e Many bees were flying.", "#c 很多蜜蜂在飛。"], "s_end": true, "iu_a_span": [87.48, 88.96], "meta": {"topic": "Frog Story", "type": "Narrative", "language": "阿美語, Amis, Ciwkangan(台東縣長光社區)", "speaker": "陳金龍, Ofad, male, None", "collected": "2005-04-27", "revised": "2014-3-5", "video": "Amis_Nr-frog_ofad.mp3"}, "s_a_span": [85.2, 88.96], "file": "Amis_Ciwkangan/Amis_Nr-frog_ofad", "num": 53}], [54, {"ori": [], "gloss": [["...", "", ""], ["u", "CN", "CN"], ["ma’an", "what", "什麼"], ["kunini-an", "this-AN", "這個-AN"], ["hakiya,\\", "wonder", "不知道"]], "free": [], "s_end": false, "iu_a_span": [88.96, 90.93], "meta": {"topic": "Frog Story", "type": "Narrative", "language": "阿美語, Amis, Ciwkangan(台東縣長光社區)", "speaker": "陳金龍, Ofad, male, None", "collected": "2005-04-27", "revised": "2014-3-5", "video": "Amis_Nr-frog_ofad.mp3"}, "file": "Amis_Ciwkangan/Amis_Nr-frog_ofad", "num": 54}], [55, {"ori": [], "gloss": [["..", "", ""], ["sa’an", "so", "如此"], ["cangra", "3PL.NOM", "3PL.主格"], ["saka._", "so", "所以"]], "free": ["#e ‘What is this?’ they thought.", "#c 這個是什麼，他們如此想。"], "s_end": true, "iu_a_span": [90.93, 92.16], "meta": {"topic": "Frog Story", "type": "Narrative", "language": "阿美語, Amis, Ciwkangan(台東縣長光社區)", "speaker": "陳金龍, Ofad, male, None", "collected": "2005-04-27", "revised": "2014-3-5", "video": "Amis_Nr-frog_ofad.mp3"}, "s_a_span": [88.96, 92.16], "file": "Amis_Ciwkangan/Amis_Nr-frog_ofad", "num": 55}], [56, {"ori": [], "gloss": [["...(0.7)", "", ""], ["ra’or-han", "approach-HAN", "接近-HAN"], ["nira,\\", "3SG.GEN", "3SG.屬格"]], "free": [], "s_end": false, "iu_a_span": [92.16, 93.76], "meta": {"topic": "Frog Story", "type": "Narrative", "language": "阿美語, Amis, Ciwkangan(台東縣長光社區)", "speaker": "陳金龍, Ofad, male, None", "collected": "2005-04-27", "revised": "2014-3-5", "video": "Amis_Nr-frog_ofad.mp3"}, "file": "Amis_Ciwkangan/Amis_Nr-frog_ofad", "num": 56}], [57, {"ori": [], "gloss": [["..", "", ""], ["ma-nengneng", "PF-see", "受焦-看"], ["nira", "3SG.GEN", "3SG.屬格"], ["ku,\\", "NOM", "主格"]], "free": [], "s_end": false, "iu_a_span": [93.76, 95.06], "meta": {"topic": "Frog Story", "type": "Narrative", "language": "阿美語, Amis, Ciwkangan(台東縣長光社區)", "speaker": "陳金龍, Ofad, male, None", "collected": "2005-04-27", "revised": "2014-3-5", "video": "Amis_Nr-frog_ofad.mp3"}, "file": "Amis_Ciwkangan/Amis_Nr-frog_ofad", "num": 57}], [58, {"ori": [], "gloss": [["..", "", ""], ["luma’", "home", "房子"], ["nu", "GEN", "屬格"], ["na,\\", "GEN", "屬格"]], "free": [], "s_end": false, "iu_a_span": [95.06, 95.97], "meta": {"topic": "Frog Story", "type": "Narrative", "language": "阿美語, Amis, Ciwkangan(台東縣長光社區)", "speaker": "陳金龍, Ofad, male, None", "collected": "2005-04-27", "revised": "2014-3-5", "video": "Amis_Nr-frog_ofad.mp3"}, "file": "Amis_Ciwkangan/Amis_Nr-frog_ofad", "num": 58}], [59, {"ori": [], "gloss": [["...", "", ""], ["onal.\\", "bee", "蜜蜂"]], "free": ["#e As they came closer, they saw a beehive.", "#c 他們接近，他們看到蜂窩。"], "s_end": true, "iu_a_span": [95.97, 97.0], "meta": {"topic": "Frog Story", "type": "Narrative", "language": "阿美語, Amis, Ciwkangan(台東縣長光社區)", "speaker": "陳金龍, Ofad, male, None", "collected": "2005-04-27", "revised": "2014-3-5", "video": "Amis_Nr-frog_ofad.mp3"}, "s_a_span": [92.16, 97.0], "file": "Amis_Ciwkangan/Amis_Nr-frog_ofad", "num": 59}], [60, {"ori": [], "gloss": [["...", "", ""], ["nengneng-han=tu", "see-HAN=PFV", "看-HAN=完成"], ["nura", "that.GEN.VIS", "那個.屬格.可見"], ["wacu,\\", "dog", "狗"]], "free": [], "s_end": false, "iu_a_span": [97.0, 98.92], "meta": {"topic": "Frog Story", "type": "Narrative", "language": "阿美語, Amis, Ciwkangan(台東縣長光社區)", "speaker": "陳金龍, Ofad, male, None", "collected": "2005-04-27", "revised": "2014-3-5", "video": "Amis_Nr-frog_ofad.mp3"}, "file": "Amis_Ciwkangan/Amis_Nr-frog_ofad", "num": 60}], [61, {"ori": [], "gloss": [["..", "", ""], ["mi-awaw", "AF-bark", "主焦-叫"], ["a", "LNK", "連詞"], ["mi-kalic.\\", "AF-climb", "主焦-爬"]], "free": [], "s_end": false, "iu_a_span": [98.92, 100.53], "meta": {"topic": "Frog Story", "type": "Narrative", "language": "阿美語, Amis, Ciwkangan(台東縣長光社區)", "speaker": "陳金龍, Ofad, male, None", "collected": "2005-04-27", "revised": "2014-3-5", "video": "Amis_Nr-frog_ofad.mp3"}, "file": "Amis_Ciwkangan/Amis_Nr-frog_ofad", "num": 61}], [62, {"ori": [], "gloss": [["...", "", ""], ["kalic-han", "climb-HAN", "爬-HAN"], ["nuya", "that.GEN.INVIS", "那個.屬格.不可見"], ["wacu.\\", "dog", "狗"]], "free": ["#e The dog looked at (the beehive), barked, and (wanted to) climb (up the tree).", "#c 他隻狗一直看著，不但叫又想爬上去。"], "s_end": true, "iu_a_span": [100.53, 102.3], "meta": {"topic": "Frog Story", "type": "Narrative", "language": "阿美語, Amis, Ciwkangan(台東縣長光社區)", "speaker": "陳金龍, Ofad, male, None", "collected": "2005-04-27", "revised": "2014-3-5", "video": "Amis_Nr-frog_ofad.mp3"}, "s_a_span": [97.0, 102.3], "file": "Amis_Ciwkangan/Amis_Nr-frog_ofad", "num": 62}], [63, {"ori": [], "gloss": [["..", "", ""], ["ma-,\\", "AF-", "主焦-"]], "free": [], "s_end": false, "iu_a_span": [102.3, 102.87], "meta": {"topic": "Frog Story", "type": "Narrative", "language": "阿美語, Amis, Ciwkangan(台東縣長光社區)", "speaker": "陳金龍, Ofad, male, None", "collected": "2005-04-27", "revised": "2014-3-5", "video": "Amis_Nr-frog_ofad.mp3"}, "file": "Amis_Ciwkangan/Amis_Nr-frog_ofad", "num": 63}], [64, {"ori": [], "gloss": [["..", "", ""], ["tefad=tu", "fall=PFV", "掉落=完成"], ["kuya,_", "that.NOM.INVIS", "那個.主格.不可見"]], "free": [], "s_end": false, "iu_a_span": [102.87, 103.97], "meta": {"topic": "Frog Story", "type": "Narrative", "language": "阿美語, Amis, Ciwkangan(台東縣長光社區)", "speaker": "陳金龍, Ofad, male, None", "collected": "2005-04-27", "revised": "2014-3-5", "video": "Amis_Nr-frog_ofad.mp3"}, "file": "Amis_Ciwkangan/Amis_Nr-frog_ofad", "num": 64}], [65, {"ori": [], "gloss": [["...", "", ""], ["luma’", "house", "房子"], ["nuya==._", "that.GEN.INVIS", "那個.屬格.不可見"]], "free": [], "s_end": false, "iu_a_span": [103.97, 105.32], "meta": {"topic": "Frog Story", "type": "Narrative", "language": "阿美語, Amis, Ciwkangan(台東縣長光社區)", "speaker": "陳金龍, Ofad, male, None", "collected": "2005-04-27", "revised": "2014-3-5", "video": "Amis_Nr-frog_ofad.mp3"}, "file": "Amis_Ciwkangan/Amis_Nr-frog_ofad", "num": 65}], [66, {"ori": [], "gloss": [["...", "", ""], ["onal", "bee", "蜜蜂"], ["saka._", "so", "所以"]], "free": ["#e The beehive fell down.", "#c 那個蜂窩掉下來了。", "#n nura用來說明目視可及的物體，nuya則是目視難及的物體。"], "s_end": true, "iu_a_span": [105.32, 106.71], "meta": {"topic": "Frog Story", "type": "Narrative", "language": "阿美語, Amis, Ciwkangan(台東縣長光社區)", "speaker": "陳金龍, Ofad, male, None", "collected": "2005-04-27", "revised": "2014-3-5", "video": "Amis_Nr-frog_ofad.mp3"}, "s_a_span": [102.3, 106.71], "file": "Amis_Ciwkangan/Amis_Nr-frog_ofad", "num": 66}], [67, {"ori": [], "gloss": [["...(0.7)", "", ""], ["laklak", "spread", "分散"], ["sa=tu", "SA=PFV", "SA=完成"], ["a", "LNK", "連詞"], ["ma-,\\", "AF-", "主焦-"]], "free": [], "s_end": false, "iu_a_span": [106.71, 108.43], "meta": {"topic": "Frog Story", "type": "Narrative", "language": "阿美語, Amis, Ciwkangan(台東縣長光社區)", "speaker": "陳金龍, Ofad, male, None", "collected": "2005-04-27", "revised": "2014-3-5", "video": "Amis_Nr-frog_ofad.mp3"}, "file": "Amis_Ciwkangan/Amis_Nr-frog_ofad", "num": 67}], [68, {"ori": [], "gloss": [["..", "", ""], ["efer", "fly", "飛"], ["ku", "NOM", "主格"], ["pu^long", "all", "全部"], ["nuya,_", "that.GEN.INVIS", "那個.屬格.不可見"]], "free": [], "s_end": false, "iu_a_span": [108.43, 110.69], "meta": {"topic": "Frog Story", "type": "Narrative", "language": "阿美語, Amis, Ciwkangan(台東縣長光社區)", "speaker": "陳金龍, Ofad, male, None", "collected": "2005-04-27", "revised": "2014-3-5", "video": "Amis_Nr-frog_ofad.mp3"}, "file": "Amis_Ciwkangan/Amis_Nr-frog_ofad", "num": 68}], [69, {"ori": [], "gloss": [["...", "", ""], ["onal", "bee", "蜜蜂"], ["tura==,_", "that.OBL.VIS", "那個.斜格.可見"]], "free": [], "s_end": false, "iu_a_span": [110.69, 112.39], "meta": {"topic": "Frog Story", "type": "Narrative", "language": "阿美語, Amis, Ciwkangan(台東縣長光社區)", "speaker": "陳金龍, Ofad, male, None", "collected": "2005-04-27", "revised": "2014-3-5", "video": "Amis_Nr-frog_ofad.mp3"}, "file": "Amis_Ciwkangan/Amis_Nr-frog_ofad", "num": 69}], [70, {"ori": [], "gloss": [["..", "", ""], ["kila-kilang-an.\\", "RED-tree-AN", "重疊-樹林-AN"]], "free": ["#e (As a result,) the bees flew out and scattered all over the forest.", "#c 所以裡面的的蜜蜂四處飛散，全部的蜜蜂四處飛散在那個樹林中。"], "s_end": true, "iu_a_span": [112.39, 113.64], "meta": {"topic": "Frog Story", "type": "Narrative", "language": "阿美語, Amis, Ciwkangan(台東縣長光社區)", "speaker": "陳金龍, Ofad, male, None", "collected": "2005-04-27", "revised": "2014-3-5", "video": "Amis_Nr-frog_ofad.mp3"}, "s_a_span": [106.71, 113.64], "file": "Amis_Ciwkangan/Amis_Nr-frog_ofad", "num": 70}], [71, {"ori": [], "gloss": [["...", "", ""], ["na", "PAST", "過去"], ["nu", "GEN", "屬格"], ["iya", "that", "那個"], ["i,_", "DM", "DM"]], "free": [], "s_end": false, "iu_a_span": [113.64, 115.11], "meta": {"topic": "Frog Story", "type": "Narrative", "language": "阿美語, Amis, Ciwkangan(台東縣長光社區)", "speaker": "陳金龍, Ofad, male, None", "collected": "2005-04-27", "revised": "2014-3-5", "video": "Amis_Nr-frog_ofad.mp3"}, "file": "Amis_Ciwkangan/Amis_Nr-frog_ofad", "num": 71}], [72, {"ori": [], "gloss": [["..", "", ""], ["ya", "that", "那個"], ["mi-hening-an", "PF-peek-PF", "受焦-窺見-受焦"], ["nuya", "that.GEN.INVIS", "那個.斜格.不可見"], ["wawa,\\", "child", "小孩"]], "free": [], "s_end": false, "iu_a_span": [115.11, 116.73], "meta": {"topic": "Frog Story", "type": "Narrative", "language": "阿美語, Amis, Ciwkangan(台東縣長光社區)", "speaker": "陳金龍, Ofad, male, None", "collected": "2005-04-27", "revised": "2014-3-5", "video": "Amis_Nr-frog_ofad.mp3"}, "file": "Amis_Ciwkangan/Amis_Nr-frog_ofad", "num": 72}], [73, {"ori": [], "gloss": [["..", "", ""], ["tuya", "that.OBL.INVIS", "那個.斜格.不可見"], ["epong", "hole", "洞"], ["la’enu,\\", "under", "底下"]], "free": [], "s_end": false, "iu_a_span": [116.73, 117.68], "meta": {"topic": "Frog Story", "type": "Narrative", "language": "阿美語, Amis, Ciwkangan(台東縣長光社區)", "speaker": "陳金龍, Ofad, male, None", "collected": "2005-04-27", "revised": "2014-3-5", "video": "Amis_Nr-frog_ofad.mp3"}, "file": "Amis_Ciwkangan/Amis_Nr-frog_ofad", "num": 73}], [74, {"ori": [], "gloss": [["..", "", ""], ["a", "LNK", "連詞"], ["itira", "there", "那裡"], ["a", "LNK", "連詞"], ["mi-limed", "AF-hide", "主焦-躲"], ["kuya,\\", "that.NOM.INVIS", "那個.主格.不可見"]], "free": [], "s_end": false, "iu_a_span": [117.68, 119.19], "meta": {"topic": "Frog Story", "type": "Narrative", "language": "阿美語, Amis, Ciwkangan(台東縣長光社區)", "speaker": "陳金龍, Ofad, male, None", "collected": "2005-04-27", "revised": "2014-3-5", "video": "Amis_Nr-frog_ofad.mp3"}, "file": "Amis_Ciwkangan/Amis_Nr-frog_ofad", "num": 74}], [75, {"ori": [], "gloss": [["..", "", ""], ["takula’,_", "frog", "青蛙"]], "free": [], "s_end": false, "iu_a_span": [119.19, 119.72], "meta": {"topic": "Frog Story", "type": "Narrative", "language": "阿美語, Amis, Ciwkangan(台東縣長光社區)", "speaker": "陳金龍, Ofad, male, None", "collected": "2005-04-27", "revised": "2014-3-5", "video": "Amis_Nr-frog_ofad.mp3"}, "file": "Amis_Ciwkangan/Amis_Nr-frog_ofad", "num": 75}], [76, {"ori": [], "gloss": [["..", "", ""], ["na", "PAST", "過去"], ["sa’an", "so", "如此"], ["ku", "NOM", "主格"], ["falucu’", "heart", "心"], ["nira.\\", "3SG.GEN", "3SG.屬格"]], "free": ["#e The child peeked into a hole, thinking that the frog was hiding inside there.", "#c 那個孩子觀望的時候，他心想，以為青蛙躲在涵洞裡面。", "#n mi-hining-an非直視的看，或是不讓對方看到你在看他，和mi-nengneng不同。", "#n ya: pause filler 那個..那個 ... 。"], "s_end": true, "iu_a_span": [119.72, 121.23], "meta": {"topic": "Frog Story", "type": "Narrative", "language": "阿美語, Amis, Ciwkangan(台東縣長光社區)", "speaker": "陳金龍, Ofad, male, None", "collected": "2005-04-27", "revised": "2014-3-5", "video": "Amis_Nr-frog_ofad.mp3"}, "s_a_span": [113.64, 121.23], "file": "Amis_Ciwkangan/Amis_Nr-frog_ofad", "num": 76}], [77, {"ori": [], "gloss": [["..", "", ""], ["nengneng-han", "see-HAN", "看-HAN"], ["nira.\\", "3SG.GEN", "3SG.屬格"]], "free": ["#e He looked.", "#c 他看了。"], "s_end": true, "iu_a_span": [121.23, 122.33], "meta": {"topic": "Frog Story", "type": "Narrative", "language": "阿美語, Amis, Ciwkangan(台東縣長光社區)", "speaker": "陳金龍, Ofad, male, None", "collected": "2005-04-27", "revised": "2014-3-5", "video": "Amis_Nr-frog_ofad.mp3"}, "s_a_span": [121.23, 122.33], "file": "Amis_Ciwkangan/Amis_Nr-frog_ofad", "num": 77}], [78, {"ori": [], "gloss": [["..", "", ""], ["ma-sada-sadak,\\", "AF-RED-appear", "主焦-重疊-出現"]], "free": [], "s_end": false, "iu_a_span": [122.33, 123.33], "meta": {"topic": "Frog Story", "type": "Narrative", "language": "阿美語, Amis, Ciwkangan(台東縣長光社區)", "speaker": "陳金龍, Ofad, male, None", "collected": "2005-04-27", "revised": "2014-3-5", "video": "Amis_Nr-frog_ofad.mp3"}, "file": "Amis_Ciwkangan/Amis_Nr-frog_ofad", "num": 78}], [79, {"ori": [], "gloss": [["..", "", ""], ["u", "CN", "CN"], ["edu", "mouse", "老鼠"], ["ku,\\", "NOM", "主格"]], "free": [], "s_end": false, "iu_a_span": [123.33, 124.52], "meta": {"topic": "Frog Story", "type": "Narrative", "language": "阿美語, Amis, Ciwkangan(台東縣長光社區)", "speaker": "陳金龍, Ofad, male, None", "collected": "2005-04-27", "revised": "2014-3-5", "video": "Amis_Nr-frog_ofad.mp3"}, "file": "Amis_Ciwkangan/Amis_Nr-frog_ofad", "num": 79}], [80, {"ori": [], "gloss": [["..", "", ""], ["ma-sadak-ay", "AF-appear-AY", "主焦-出現-AY"], ["nira.\\", "3SG.GEN", "3SG.屬格"]], "free": ["#e A mouse appeared.", "#c 結果忽然出現一隻老鼠。"], "s_end": true, "iu_a_span": [124.52, 125.75], "meta": {"topic": "Frog Story", "type": "Narrative", "language": "阿美語, Amis, Ciwkangan(台東縣長光社區)", "speaker": "陳金龍, Ofad, male, None", "collected": "2005-04-27", "revised": "2014-3-5", "video": "Amis_Nr-frog_ofad.mp3"}, "s_a_span": [122.33, 125.75], "file": "Amis_Ciwkangan/Amis_Nr-frog_ofad", "num": 80}], [81, {"ori": [], "gloss": [["...(1.0)", "", ""], ["pa-liyaw=ho", "CAU-again=IMPFV", "使役-再=未完成"], ["cingra", "3SG.NOM", "3SG.主格"], ["a", "LNK", "連詞"], ["mi-kalic,\\", "AF-climb", "主焦-爬"]], "free": [], "s_end": false, "iu_a_span": [125.75, 128.13], "meta": {"topic": "Frog Story", "type": "Narrative", "language": "阿美語, Amis, Ciwkangan(台東縣長光社區)", "speaker": "陳金龍, Ofad, male, None", "collected": "2005-04-27", "revised": "2014-3-5", "video": "Amis_Nr-frog_ofad.mp3"}, "file": "Amis_Ciwkangan/Amis_Nr-frog_ofad", "num": 81}], [82, {"ori": [], "gloss": [["..", "", ""], ["tayra", "go", "去"], ["tuya", "that.OBL.INVIS", "那個.斜格.不可見"], ["kilang.\\", "tree", "樹"]], "free": [], "s_end": false, "iu_a_span": [128.13, 129.42], "meta": {"topic": "Frog Story", "type": "Narrative", "language": "阿美語, Amis, Ciwkangan(台東縣長光社區)", "speaker": "陳金龍, Ofad, male, None", "collected": "2005-04-27", "revised": "2014-3-5", "video": "Amis_Nr-frog_ofad.mp3"}, "file": "Amis_Ciwkangan/Amis_Nr-frog_ofad", "num": 82}], [83, {"ori": [], "gloss": [["...", "", ""], ["tayra-han", "go-HAN", "去-HAN"], ["nira", "3SG.GEN", "3SG.屬格"], ["tuya", "that.OBL.INVIS", "那個.斜格.不可見"], ["kilang", "tree", "樹"], ["i.\\", "DM", "DM"]], "free": ["#e He went back and climbed up the tree.", "#c 他又跑回去爬上那一棵樹。"], "s_end": true, "iu_a_span": [129.42, 131.1], "meta": {"topic": "Frog Story", "type": "Narrative", "language": "阿美語, Amis, Ciwkangan(台東縣長光社區)", "speaker": "陳金龍, Ofad, male, None", "collected": "2005-04-27", "revised": "2014-3-5", "video": "Amis_Nr-frog_ofad.mp3"}, "s_a_span": [125.75, 131.1], "file": "Amis_Ciwkangan/Amis_Nr-frog_ofad", "num": 83}], [84, {"ori": [], "gloss": [["..", "", ""], ["awa’ay", "EXIST.NEG", "存在.否定"], ["kuya", "that.NOM.INVIS", "那個.主格.不可見"], ["takula’.\\", "frog", "青蛙"]], "free": ["#e The frog was not there.", "#c 沒有那隻青蛙。"], "s_end": true, "iu_a_span": [131.1, 132.13], "meta": {"topic": "Frog Story", "type": "Narrative", "language": "阿美語, Amis, Ciwkangan(台東縣長光社區)", "speaker": "陳金龍, Ofad, male, None", "collected": "2005-04-27", "revised": "2014-3-5", "video": "Amis_Nr-frog_ofad.mp3"}, "s_a_span": [131.1, 132.13], "file": "Amis_Ciwkangan/Amis_Nr-frog_ofad", "num": 84}], [85, {"ori": [], "gloss": [["..", "", ""], ["sedak,\\", "appear.suddenly", "忽然出現"]], "free": [], "s_end": false, "iu_a_span": [132.13, 132.65], "meta": {"topic": "Frog Story", "type": "Narrative", "language": "阿美語, Amis, Ciwkangan(台東縣長光社區)", "speaker": "陳金龍, Ofad, male, None", "collected": "2005-04-27", "revised": "2014-3-5", "video": "Amis_Nr-frog_ofad.mp3"}, "file": "Amis_Ciwkangan/Amis_Nr-frog_ofad", "num": 85}], [86, {"ori": [], "gloss": [["..", "", ""], ["sa’an", "so", "如此"], ["ku", "NOM", "主格"], ["ekung.\\", "owl", "貓頭鷹"]], "free": [], "s_end": false, "iu_a_span": [132.65, 133.85], "meta": {"topic": "Frog Story", "type": "Narrative", "language": "阿美語, Amis, Ciwkangan(台東縣長光社區)", "speaker": "陳金龍, Ofad, male, None", "collected": "2005-04-27", "revised": "2014-3-5", "video": "Amis_Nr-frog_ofad.mp3"}, "file": "Amis_Ciwkangan/Amis_Nr-frog_ofad", "num": 86}], [87, {"ori": [], "gloss": [["...", "", ""], ["pa-,\\", "CAU-", "使役-"]], "free": [], "s_end": false, "iu_a_span": [133.85, 134.8], "meta": {"topic": "Frog Story", "type": "Narrative", "language": "阿美語, Amis, Ciwkangan(台東縣長光社區)", "speaker": "陳金龍, Ofad, male, None", "collected": "2005-04-27", "revised": "2014-3-5", "video": "Amis_Nr-frog_ofad.mp3"}, "file": "Amis_Ciwkangan/Amis_Nr-frog_ofad", "num": 87}], [88, {"ori": [], "gloss": [["..", "", ""], ["cekuk", "afraid", "害怕"], ["ku", "NOM", "主格"], ["falucu’", "heart", "心"], ["nira._", "3SG.GEN", "3SG.屬格"]], "free": ["#e An owl suddenly appeared and frightened him.", "#c 貓頭鷹突然出現，嚇了他一跳。"], "s_end": true, "iu_a_span": [134.8, 136.54], "meta": {"topic": "Frog Story", "type": "Narrative", "language": "阿美語, Amis, Ciwkangan(台東縣長光社區)", "speaker": "陳金龍, Ofad, male, None", "collected": "2005-04-27", "revised": "2014-3-5", "video": "Amis_Nr-frog_ofad.mp3"}, "s_a_span": [132.13, 136.54], "file": "Amis_Ciwkangan/Amis_Nr-frog_ofad", "num": 88}], [89, {"ori": [], "gloss": [["...", "", ""], ["ma-,\\", "AF-", "主焦-"]], "free": [], "s_end": false, "iu_a_span": [136.54, 137.5], "meta": {"topic": "Frog Story", "type": "Narrative", "language": "阿美語, Amis, Ciwkangan(台東縣長光社區)", "speaker": "陳金龍, Ofad, male, None", "collected": "2005-04-27", "revised": "2014-3-5", "video": "Amis_Nr-frog_ofad.mp3"}, "file": "Amis_Ciwkangan/Amis_Nr-frog_ofad", "num": 89}], [90, {"ori": [], "gloss": [["...", "", ""], ["tefad", "fall", "掉落"], ["na", "from", "從"], ["itira", "there", "那裡"], ["tura", "that.OBL.VIS", "那個.斜格.可見"], ["kilang,\\", "tree", "樹"]], "free": [], "s_end": false, "iu_a_span": [137.5, 139.42], "meta": {"topic": "Frog Story", "type": "Narrative", "language": "阿美語, Amis, Ciwkangan(台東縣長光社區)", "speaker": "陳金龍, Ofad, male, None", "collected": "2005-04-27", "revised": "2014-3-5", "video": "Amis_Nr-frog_ofad.mp3"}, "file": "Amis_Ciwkangan/Amis_Nr-frog_ofad", "num": 90}], [91, {"ori": [], "gloss": [["..", "", ""], ["a", "LNK", "連詞"], ["ma-kunkun", "AF-fall", "主焦-跌倒"], ["cingra.\\", "3SG.NOM", "3SG.主格"]], "free": ["#e He fell down from the tree.", "#c 他從樹上掉下來。"], "s_end": true, "iu_a_span": [139.42, 140.93], "meta": {"topic": "Frog Story", "type": "Narrative", "language": "阿美語, Amis, Ciwkangan(台東縣長光社區)", "speaker": "陳金龍, Ofad, male, None", "collected": "2005-04-27", "revised": "2014-3-5", "video": "Amis_Nr-frog_ofad.mp3"}, "s_a_span": [136.54, 140.93], "file": "Amis_Ciwkangan/Amis_Nr-frog_ofad", "num": 91}], [92, {"ori": [], "gloss": [["..", "", ""], ["uya", "that", "那個"], ["wacu", "dog", "狗"], ["sa=tu", "SA=PFV", "SA=完成"], ["i,\\", "DM", "DM"]], "free": [], "s_end": false, "iu_a_span": [140.93, 142.37], "meta": {"topic": "Frog Story", "type": "Narrative", "language": "阿美語, Amis, Ciwkangan(台東縣長光社區)", "speaker": "陳金龍, Ofad, male, None", "collected": "2005-04-27", "revised": "2014-3-5", "video": "Amis_Nr-frog_ofad.mp3"}, "file": "Amis_Ciwkangan/Amis_Nr-frog_ofad", "num": 92}], [93, {"ori": [], "gloss": [["..", "", ""], ["paka-tengil=tu", "PAKA2-hear=PFV", "PAKA2-聽=完成"], ["cingra", "3SG.NOM", "3SG.主格"], ["tu,\\", "OBL", "斜格"]], "free": [], "s_end": false, "iu_a_span": [142.37, 143.71], "meta": {"topic": "Frog Story", "type": "Narrative", "language": "阿美語, Amis, Ciwkangan(台東縣長光社區)", "speaker": "陳金龍, Ofad, male, None", "collected": "2005-04-27", "revised": "2014-3-5", "video": "Amis_Nr-frog_ofad.mp3"}, "file": "Amis_Ciwkangan/Amis_Nr-frog_ofad", "num": 93}], [94, {"ori": [], "gloss": [["..", "", ""], ["ka-tefad", "KA-fall", "KA-掉落"], ["nuya,\\", "that.GEN.INVIS", "那個.屬格.不可見"]], "free": [], "s_end": false, "iu_a_span": [143.71, 144.71], "meta": {"topic": "Frog Story", "type": "Narrative", "language": "阿美語, Amis, Ciwkangan(台東縣長光社區)", "speaker": "陳金龍, Ofad, male, None", "collected": "2005-04-27", "revised": "2014-3-5", "video": "Amis_Nr-frog_ofad.mp3"}, "file": "Amis_Ciwkangan/Amis_Nr-frog_ofad", "num": 94}], [95, {"ori": [], "gloss": [["...(1.7)", "", ""], ["nuya", "that.GEN.INVIS", "那個.屬格.不可見"], ["tamdaw", "person", "人"], ["i._", "DM", "DM"]], "free": ["#e The dog heard him fall.", "#c 狗聽見他掉下來的聲音。"], "s_end": true, "iu_a_span": [144.71, 147.44], "meta": {"topic": "Frog Story", "type": "Narrative", "language": "阿美語, Amis, Ciwkangan(台東縣長光社區)", "speaker": "陳金龍, Ofad, male, None", "collected": "2005-04-27", "revised": "2014-3-5", "video": "Amis_Nr-frog_ofad.mp3"}, "s_a_span": [140.93, 147.44], "file": "Amis_Ciwkangan/Amis_Nr-frog_ofad", "num": 95}], [96, {"ori": [], "gloss": [["..", "", ""], ["cingra", "3SG.NOM", "3SG.主格"], ["sa", "SA", "SA"], ["na", "then", "那麼"], ["haw,\\", "HAW", "HAW"]], "free": [], "s_end": false, "iu_a_span": [147.44, 148.36], "meta": {"topic": "Frog Story", "type": "Narrative", "language": "阿美語, Amis, Ciwkangan(台東縣長光社區)", "speaker": "陳金龍, Ofad, male, None", "collected": "2005-04-27", "revised": "2014-3-5", "video": "Amis_Nr-frog_ofad.mp3"}, "file": "Amis_Ciwkangan/Amis_Nr-frog_ofad", "num": 96}], [97, {"ori": [], "gloss": [["..", "", ""], ["na", "PAST", "過去"], ["mi-aw’aw’", "AF-bark", "主焦-叫"], ["a", "LNK", "連詞"], ["ya,\\", "that", "那個"]], "free": [], "s_end": false, "iu_a_span": [148.36, 149.36], "meta": {"topic": "Frog Story", "type": "Narrative", "language": "阿美語, Amis, Ciwkangan(台東縣長光社區)", "speaker": "陳金龍, Ofad, male, None", "collected": "2005-04-27", "revised": "2014-3-5", "video": "Amis_Nr-frog_ofad.mp3"}, "file": "Amis_Ciwkangan/Amis_Nr-frog_ofad", "num": 97}], [98, {"ori": [], "gloss": [["..", "", ""], ["ca", "CA", "CA"], ["cingra", "3SG.NOM", "3SG.主格"], ["tuya", "that.OBL.INVIS", "那個.斜格.不可見"], ["onal", "bee", "蜜蜂"], ["i._", "DM", "DM"]], "free": ["#e (The dog) barked at the bees.", "#c 狗對蜜蜂吠。"], "s_end": true, "iu_a_span": [149.36, 150.89], "meta": {"topic": "Frog Story", "type": "Narrative", "language": "阿美語, Amis, Ciwkangan(台東縣長光社區)", "speaker": "陳金龍, Ofad, male, None", "collected": "2005-04-27", "revised": "2014-3-5", "video": "Amis_Nr-frog_ofad.mp3"}, "s_a_span": [147.44, 150.89], "file": "Amis_Ciwkangan/Amis_Nr-frog_ofad", "num": 98}], [99, {"ori": [], "gloss": [["..", "", ""], ["lawpen=tu", "begin=PFV", "開始=完成"], ["nuya,\\", "that.GEN.INVIS", "那個.屬格.不可見"]], "free": [], "s_end": false, "iu_a_span": [150.89, 152.18], "meta": {"topic": "Frog Story", "type": "Narrative", "language": "阿美語, Amis, Ciwkangan(台東縣長光社區)", "speaker": "陳金龍, Ofad, male, None", "collected": "2005-04-27", "revised": "2014-3-5", "video": "Amis_Nr-frog_ofad.mp3"}, "file": "Amis_Ciwkangan/Amis_Nr-frog_ofad", "num": 99}]], "meta": {"topic": "Frog Story", "type": "Narrative", "language": "阿美語, Amis, Ciwkangan(台東縣長光社區)", "speaker": "陳金龍, Ofad, male, None", "collected": "2005-04-27", "revised": "2014-3-5", "video": "Amis_Nr-frog_ofad.mp3"}}