{"glosses": [[1, {"ori": [], "gloss": [["hai", "yes", "是"], ["u==,\\", "CN", "CN"]], "free": [], "s_end": false, "iu_a_span": [0.68, 1.7], "meta": {"topic": "Custom", "type": "Narrative", "language": "阿美語, Amis, Ciwkangan(長光)", "speaker": "劉李俊, Liu, male, None", "collected": "2005-05-24", "revised": "2014-1-16", "video": "Amis_Nr-custom_Liu.mp3"}, "file": "Amis_Ciwkangan/Amis_Nr-custom_Liu", "num": 1}], [2, {"ori": [], "gloss": [["..", "", ""], ["niyaro’", "tribe", "部落"], ["a", "LNK", "連詞"], ["niyam", "1EPL.GEN", "1EPL.屬格"], ["u", "CN", "CN"], ["ciwkangan.\\", "Ciwkangan", "長光"]], "free": ["#e Yes, Ciwkangan is our tribe.", "#c 是的，長光是我們的部落。"], "s_end": true, "iu_a_span": [1.7, 3.28], "meta": {"topic": "Custom", "type": "Narrative", "language": "阿美語, Amis, Ciwkangan(長光)", "speaker": "劉李俊, Liu, male, None", "collected": "2005-05-24", "revised": "2014-1-16", "video": "Amis_Nr-custom_Liu.mp3"}, "s_a_span": [0.68, 3.28], "file": "Amis_Ciwkangan/Amis_Nr-custom_Liu", "num": 2}], [3, {"ori": [], "gloss": [["...(0.8)", "", ""], ["unini", "this", "這個"], ["sa’an", "said.so", "如此說"], ["a,\\", "LNK", "連詞"]], "free": [], "s_end": false, "iu_a_span": [3.28, 5.02], "meta": {"topic": "Custom", "type": "Narrative", "language": "阿美語, Amis, Ciwkangan(長光)", "speaker": "劉李俊, Liu, male, None", "collected": "2005-05-24", "revised": "2014-1-16", "video": "Amis_Nr-custom_Liu.mp3"}, "file": "Amis_Ciwkangan/Amis_Nr-custom_Liu", "num": 3}], [4, {"ori": [], "gloss": [["..", "", ""], ["ciwkangan", "Ciwkangan", "長光"], ["hananay", "so.called", "所謂"], ["a", "LNK", "連詞"], ["niyaro’.\\", "tribe", "部落"]], "free": [], "s_end": false, "iu_a_span": [5.02, 6.72], "meta": {"topic": "Custom", "type": "Narrative", "language": "阿美語, Amis, Ciwkangan(長光)", "speaker": "劉李俊, Liu, male, None", "collected": "2005-05-24", "revised": "2014-1-16", "video": "Amis_Nr-custom_Liu.mp3"}, "file": "Amis_Ciwkangan/Amis_Nr-custom_Liu", "num": 4}], [5, {"ori": [], "gloss": [["...(1.3)", "", ""], ["e", "FIL", "FIL"], ["ca’ay", "NEG", "否定"], ["ka-,\\", "KA-", "KA-"]], "free": [], "s_end": false, "iu_a_span": [6.72, 8.77], "meta": {"topic": "Custom", "type": "Narrative", "language": "阿美語, Amis, Ciwkangan(長光)", "speaker": "劉李俊, Liu, male, None", "collected": "2005-05-24", "revised": "2014-1-16", "video": "Amis_Nr-custom_Liu.mp3"}, "file": "Amis_Ciwkangan/Amis_Nr-custom_Liu", "num": 5}], [6, {"ori": [], "gloss": [["..", "", ""], ["^’ca", "NEG", "否定"], ["ka,\\", "KA", "KA"]], "free": [], "s_end": false, "iu_a_span": [8.77, 9.86], "meta": {"topic": "Custom", "type": "Narrative", "language": "阿美語, Amis, Ciwkangan(長光)", "speaker": "劉李俊, Liu, male, None", "collected": "2005-05-24", "revised": "2014-1-16", "video": "Amis_Nr-custom_Liu.mp3"}, "file": "Amis_Ciwkangan/Amis_Nr-custom_Liu", "num": 6}], [7, {"ori": [], "gloss": [["...", "", ""], ["mi-tengil", "AF-listen", "主焦-聽"], ["tu", "OBL", "斜格"], ["suwal", "speech", "話"], ["nu,\\", "GEN", "屬格"]], "free": [], "s_end": false, "iu_a_span": [9.86, 11.7], "meta": {"topic": "Custom", "type": "Narrative", "language": "阿美語, Amis, Ciwkangan(長光)", "speaker": "劉李俊, Liu, male, None", "collected": "2005-05-24", "revised": "2014-1-16", "video": "Amis_Nr-custom_Liu.mp3"}, "file": "Amis_Ciwkangan/Amis_Nr-custom_Liu", "num": 7}], [8, {"ori": [], "gloss": [["..", "", ""], ["kakita’an", "chief", "首領"], ["iti==ya=iho.\\", "then=IMPFV", "那時=未完成"]], "free": ["#e Af for the so-called Ciwkangan Tribe, in the past, (we) would never disobey the chief.", "#c 所謂這個長光部落呢，過去而言，絕對不會不聽首領的話。"], "s_end": true, "iu_a_span": [11.7, 13.46], "meta": {"topic": "Custom", "type": "Narrative", "language": "阿美語, Amis, Ciwkangan(長光)", "speaker": "劉李俊, Liu, male, None", "collected": "2005-05-24", "revised": "2014-1-16", "video": "Amis_Nr-custom_Liu.mp3"}, "s_a_span": [3.28, 13.46], "file": "Amis_Ciwkangan/Amis_Nr-custom_Liu", "num": 8}], [9, {"ori": [], "gloss": [["...(0.9)", "", ""], ["anu", "COND", "條件詞"], ["ira", "EXIST", "存在"], ["ku", "NOM", "主格"], ["sa-lifung,\\", "get-plague", "得-瘟疫"]], "free": [], "s_end": false, "iu_a_span": [13.46, 15.81], "meta": {"topic": "Custom", "type": "Narrative", "language": "阿美語, Amis, Ciwkangan(長光)", "speaker": "劉李俊, Liu, male, None", "collected": "2005-05-24", "revised": "2014-1-16", "video": "Amis_Nr-custom_Liu.mp3"}, "file": "Amis_Ciwkangan/Amis_Nr-custom_Liu", "num": 9}], [10, {"ori": [], "gloss": [["..", "", ""], ["anu", "COND", "條件詞"], ["ira", "EXIST", "存在"], ["ku==,\\", "NOM", "主格"]], "free": [], "s_end": false, "iu_a_span": [15.81, 17.39], "meta": {"topic": "Custom", "type": "Narrative", "language": "阿美語, Amis, Ciwkangan(長光)", "speaker": "劉李俊, Liu, male, None", "collected": "2005-05-24", "revised": "2014-1-16", "video": "Amis_Nr-custom_Liu.mp3"}, "file": "Amis_Ciwkangan/Amis_Nr-custom_Liu", "num": 10}], [11, {"ori": [], "gloss": [["..", "", ""], ["pi-tapuh", "PI-recultivate", "PI-重新耕作"], ["tu", "OBL", "斜格"], ["omah,\\", "farm", "田"]], "free": [], "s_end": false, "iu_a_span": [17.39, 18.99], "meta": {"topic": "Custom", "type": "Narrative", "language": "阿美語, Amis, Ciwkangan(長光)", "speaker": "劉李俊, Liu, male, None", "collected": "2005-05-24", "revised": "2014-1-16", "video": "Amis_Nr-custom_Liu.mp3"}, "file": "Amis_Ciwkangan/Amis_Nr-custom_Liu", "num": 11}], [12, {"ori": [], "gloss": [["...", "", ""], ["ma-,\\", "AF-", "主焦-"]], "free": [], "s_end": false, "iu_a_span": [18.99, 19.89], "meta": {"topic": "Custom", "type": "Narrative", "language": "阿美語, Amis, Ciwkangan(長光)", "speaker": "劉李俊, Liu, male, None", "collected": "2005-05-24", "revised": "2014-1-16", "video": "Amis_Nr-custom_Liu.mp3"}, "file": "Amis_Ciwkangan/Amis_Nr-custom_Liu", "num": 12}], [13, {"ori": [], "gloss": [["..", "", ""], ["‘emin", "all", "全部"], ["i", "LOC", "處格"], ["kakita’an", "chief", "首領"], ["a==,\\", "LNK", "連詞"]], "free": [], "s_end": false, "iu_a_span": [19.89, 21.58], "meta": {"topic": "Custom", "type": "Narrative", "language": "阿美語, Amis, Ciwkangan(長光)", "speaker": "劉李俊, Liu, male, None", "collected": "2005-05-24", "revised": "2014-1-16", "video": "Amis_Nr-custom_Liu.mp3"}, "file": "Amis_Ciwkangan/Amis_Nr-custom_Liu", "num": 13}], [14, {"ori": [], "gloss": [["...", "", ""], ["mi-sanga’", "AF-make", "主焦-做"], ["tura", "that.OBL", "那個.斜格"], ["romi’ad,\\", "day", "天"]], "free": [], "s_end": false, "iu_a_span": [21.58, 23.32], "meta": {"topic": "Custom", "type": "Narrative", "language": "阿美語, Amis, Ciwkangan(長光)", "speaker": "劉李俊, Liu, male, None", "collected": "2005-05-24", "revised": "2014-1-16", "video": "Amis_Nr-custom_Liu.mp3"}, "file": "Amis_Ciwkangan/Amis_Nr-custom_Liu", "num": 14}], [15, {"ori": [], "gloss": [["..", "", ""], ["tura", "that.OBL", "那個.斜格"], ["hatira-ay.\\", "that.way-AY", "那樣-AY"]], "free": ["#e If there was a plague, if people needed to re-cultivate the land, the chief would assign the work to people.", "#c 如果有瘟疫，如果要重新耕作，全部由首領支配時間（對於這些工作）。"], "s_end": true, "iu_a_span": [23.32, 24.23], "meta": {"topic": "Custom", "type": "Narrative", "language": "阿美語, Amis, Ciwkangan(長光)", "speaker": "劉李俊, Liu, male, None", "collected": "2005-05-24", "revised": "2014-1-16", "video": "Amis_Nr-custom_Liu.mp3"}, "s_a_span": [13.46, 24.23], "file": "Amis_Ciwkangan/Amis_Nr-custom_Liu", "num": 15}], [16, {"ori": [], "gloss": [["...", "", ""], ["pa-ka-orad,\\", "CAU-KA-rain", "使役-KA-雨"]], "free": [], "s_end": false, "iu_a_span": [24.23, 25.47], "meta": {"topic": "Custom", "type": "Narrative", "language": "阿美語, Amis, Ciwkangan(長光)", "speaker": "劉李俊, Liu, male, None", "collected": "2005-05-24", "revised": "2014-1-16", "video": "Amis_Nr-custom_Liu.mp3"}, "file": "Amis_Ciwkangan/Amis_Nr-custom_Liu", "num": 16}], [17, {"ori": [], "gloss": [["...", "", ""], ["pa-ka-cidal,\\", "CAU-KA-sun", "使役-KA-太陽"]], "free": [], "s_end": false, "iu_a_span": [25.47, 26.6], "meta": {"topic": "Custom", "type": "Narrative", "language": "阿美語, Amis, Ciwkangan(長光)", "speaker": "劉李俊, Liu, male, None", "collected": "2005-05-24", "revised": "2014-1-16", "video": "Amis_Nr-custom_Liu.mp3"}, "file": "Amis_Ciwkangan/Amis_Nr-custom_Liu", "num": 17}], [18, {"ori": [], "gloss": [["...(0.7)", "", ""], ["hatira-ay", "that.way-AY", "那樣-AY"], ["saka,\\", "so", "因此"]], "free": ["#e This was also true of praying for rain and the sun.", "#c 祈雨、祈太陽，都是如此。"], "s_end": true, "iu_a_span": [26.6, 28.15], "meta": {"topic": "Custom", "type": "Narrative", "language": "阿美語, Amis, Ciwkangan(長光)", "speaker": "劉李俊, Liu, male, None", "collected": "2005-05-24", "revised": "2014-1-16", "video": "Amis_Nr-custom_Liu.mp3"}, "s_a_span": [24.23, 28.15], "file": "Amis_Ciwkangan/Amis_Nr-custom_Liu", "num": 18}], [19, {"ori": [], "gloss": [["...(0.7)", "", ""], ["u==,\\", "CN", "CN"]], "free": [], "s_end": false, "iu_a_span": [28.15, 30.14], "meta": {"topic": "Custom", "type": "Narrative", "language": "阿美語, Amis, Ciwkangan(長光)", "speaker": "劉李俊, Liu, male, None", "collected": "2005-05-24", "revised": "2014-1-16", "video": "Amis_Nr-custom_Liu.mp3"}, "file": "Amis_Ciwkangan/Amis_Nr-custom_Liu", "num": 19}], [20, {"ori": [], "gloss": [["...", "", ""], ["pakayni-ay", "from.this-AY", "從事-AY"], ["itini,\\", "here", "這裡"]], "free": [], "s_end": false, "iu_a_span": [30.14, 31.54], "meta": {"topic": "Custom", "type": "Narrative", "language": "阿美語, Amis, Ciwkangan(長光)", "speaker": "劉李俊, Liu, male, None", "collected": "2005-05-24", "revised": "2014-1-16", "video": "Amis_Nr-custom_Liu.mp3"}, "file": "Amis_Ciwkangan/Amis_Nr-custom_Liu", "num": 20}], [21, {"ori": [], "gloss": [["..", "", ""], ["niyaro’", "tribe", "部落"], ["haw", "HAW", "HAW"], ["i", "DM", "DM"], ["adi^hay", "many", "很多"], ["ku,\\", "NOM", "主格"]], "free": [], "s_end": false, "iu_a_span": [31.54, 33.32], "meta": {"topic": "Custom", "type": "Narrative", "language": "阿美語, Amis, Ciwkangan(長光)", "speaker": "劉李俊, Liu, male, None", "collected": "2005-05-24", "revised": "2014-1-16", "video": "Amis_Nr-custom_Liu.mp3"}, "file": "Amis_Ciwkangan/Amis_Nr-custom_Liu", "num": 21}], [22, {"ori": [], "gloss": [["..", "", ""], ["paysin", "taboo", "禁忌"], ["hananay,\\", "so.called", "所謂"]], "free": ["#e There were many taboos in the tribe.", "#c 從這個部落（情境）呢，禁忌很多。"], "s_end": true, "iu_a_span": [33.32, 34.36], "meta": {"topic": "Custom", "type": "Narrative", "language": "阿美語, Amis, Ciwkangan(長光)", "speaker": "劉李俊, Liu, male, None", "collected": "2005-05-24", "revised": "2014-1-16", "video": "Amis_Nr-custom_Liu.mp3"}, "s_a_span": [28.15, 34.36], "file": "Amis_Ciwkangan/Amis_Nr-custom_Liu", "num": 22}], [23, {"ori": [], "gloss": [["...(1.1)", "", ""], ["anu", "COND", "條件詞"], ["ira", "EXIST", "存在"], ["ku==,\\", "NOM", "主格"]], "free": [], "s_end": false, "iu_a_span": [34.36, 36.44], "meta": {"topic": "Custom", "type": "Narrative", "language": "阿美語, Amis, Ciwkangan(長光)", "speaker": "劉李俊, Liu, male, None", "collected": "2005-05-24", "revised": "2014-1-16", "video": "Amis_Nr-custom_Liu.mp3"}, "file": "Amis_Ciwkangan/Amis_Nr-custom_Liu", "num": 23}], [24, {"ori": [], "gloss": [["..", "", ""], ["ci-ma-patay-ay", "get-AF-die-AY", "有-主焦-死-AY"], ["nanay,\\", "so.called", "所謂"]], "free": [], "s_end": false, "iu_a_span": [36.44, 37.89], "meta": {"topic": "Custom", "type": "Narrative", "language": "阿美語, Amis, Ciwkangan(長光)", "speaker": "劉李俊, Liu, male, None", "collected": "2005-05-24", "revised": "2014-1-16", "video": "Amis_Nr-custom_Liu.mp3"}, "file": "Amis_Ciwkangan/Amis_Nr-custom_Liu", "num": 24}], [25, {"ori": [], "gloss": [["...(0.9)", "", ""], ["ca’ay", "NEG", "否定"], ["ka-,\\", "KA-", "KA-"]], "free": [], "s_end": false, "iu_a_span": [37.89, 39.27], "meta": {"topic": "Custom", "type": "Narrative", "language": "阿美語, Amis, Ciwkangan(長光)", "speaker": "劉李俊, Liu, male, None", "collected": "2005-05-24", "revised": "2014-1-16", "video": "Amis_Nr-custom_Liu.mp3"}, "file": "Amis_Ciwkangan/Amis_Nr-custom_Liu", "num": 25}], [26, {"ori": [], "gloss": [["..", "", ""], ["^‘ca", "NEG", "否定"], ["ka,\\", "KA", "KA"]], "free": [], "s_end": false, "iu_a_span": [39.27, 40.06], "meta": {"topic": "Custom", "type": "Narrative", "language": "阿美語, Amis, Ciwkangan(長光)", "speaker": "劉李俊, Liu, male, None", "collected": "2005-05-24", "revised": "2014-1-16", "video": "Amis_Nr-custom_Liu.mp3"}, "file": "Amis_Ciwkangan/Amis_Nr-custom_Liu", "num": 26}], [27, {"ori": [], "gloss": [["...(1.0)", "", ""], ["e==,\\", "FIL", "FIL"]], "free": [], "s_end": false, "iu_a_span": [40.06, 41.88], "meta": {"topic": "Custom", "type": "Narrative", "language": "阿美語, Amis, Ciwkangan(長光)", "speaker": "劉李俊, Liu, male, None", "collected": "2005-05-24", "revised": "2014-1-16", "video": "Amis_Nr-custom_Liu.mp3"}, "file": "Amis_Ciwkangan/Amis_Nr-custom_Liu", "num": 27}], [28, {"ori": [], "gloss": [["...(1.0)", "", ""], ["paysin", "taboo", "禁忌"], ["ku", "NOM", "主格"], ["niyaro’,\\", "tribe", "部落"]], "free": ["#e If someone died, there would be taboos in the tribe.", "#c 如果有過世的人家，部落絕對不會沒有禁忌。"], "s_end": true, "iu_a_span": [41.88, 44.16], "meta": {"topic": "Custom", "type": "Narrative", "language": "阿美語, Amis, Ciwkangan(長光)", "speaker": "劉李俊, Liu, male, None", "collected": "2005-05-24", "revised": "2014-1-16", "video": "Amis_Nr-custom_Liu.mp3"}, "s_a_span": [34.36, 44.16], "file": "Amis_Ciwkangan/Amis_Nr-custom_Liu", "num": 28}], [29, {"ori": [], "gloss": [["..", "", ""], ["ca’ay", "NEG", "否定"], ["ka-nga’ay", "KA-good", "KA-好"], ["ma-lingad,\\", "AF-work", "主焦-工作"]], "free": [], "s_end": false, "iu_a_span": [44.16, 45.59], "meta": {"topic": "Custom", "type": "Narrative", "language": "阿美語, Amis, Ciwkangan(長光)", "speaker": "劉李俊, Liu, male, None", "collected": "2005-05-24", "revised": "2014-1-16", "video": "Amis_Nr-custom_Liu.mp3"}, "file": "Amis_Ciwkangan/Amis_Nr-custom_Liu", "num": 29}], [30, {"ori": [], "gloss": [["...", "", ""], ["hatira-ay", "that.way-AY", "那樣-AY"], ["iti==ya=ho", "then=IMPFV", "那時=未完成"], ["ku", "NOM", "主格"], ["nu", "GEN", "屬格"], ["tu’as=ho.\\", "old=IMPFV", "老=未完成"]], "free": ["#e People couldn’t work then.", "#c 不能去工作，從前古老時候是如此。"], "s_end": true, "iu_a_span": [45.59, 48.45], "meta": {"topic": "Custom", "type": "Narrative", "language": "阿美語, Amis, Ciwkangan(長光)", "speaker": "劉李俊, Liu, male, None", "collected": "2005-05-24", "revised": "2014-1-16", "video": "Amis_Nr-custom_Liu.mp3"}, "s_a_span": [44.16, 48.45], "file": "Amis_Ciwkangan/Amis_Nr-custom_Liu", "num": 30}], [31, {"ori": [], "gloss": [["...(1.1)", "", ""], ["sa", "SA", "SA"], ["mi==,\\", "FS", "FS"]], "free": [], "s_end": false, "iu_a_span": [48.45, 50.74], "meta": {"topic": "Custom", "type": "Narrative", "language": "阿美語, Amis, Ciwkangan(長光)", "speaker": "劉李俊, Liu, male, None", "collected": "2005-05-24", "revised": "2014-1-16", "video": "Amis_Nr-custom_Liu.mp3"}, "file": "Amis_Ciwkangan/Amis_Nr-custom_Liu", "num": 31}], [32, {"ori": [], "gloss": [["..", "", ""], ["anu==", "COND", "條件詞"], ["ma-kedal,\\", "AF-drought", "主焦-乾旱"]], "free": [], "s_end": false, "iu_a_span": [50.74, 52.12], "meta": {"topic": "Custom", "type": "Narrative", "language": "阿美語, Amis, Ciwkangan(長光)", "speaker": "劉李俊, Liu, male, None", "collected": "2005-05-24", "revised": "2014-1-16", "video": "Amis_Nr-custom_Liu.mp3"}, "file": "Amis_Ciwkangan/Amis_Nr-custom_Liu", "num": 32}], [33, {"ori": [], "gloss": [["...", "", ""], ["awa", "NEG.EXIST", "否定.存在"], ["ku", "NOM", "主格"], ["‘orad,\\", "rain", "雨"]], "free": [], "s_end": false, "iu_a_span": [52.12, 53.43], "meta": {"topic": "Custom", "type": "Narrative", "language": "阿美語, Amis, Ciwkangan(長光)", "speaker": "劉李俊, Liu, male, None", "collected": "2005-05-24", "revised": "2014-1-16", "video": "Amis_Nr-custom_Liu.mp3"}, "file": "Amis_Ciwkangan/Amis_Nr-custom_Liu", "num": 33}], [34, {"ori": [], "gloss": [["...(0.7)", "", ""], ["pa-ka-‘orad", "CAU-KA-rain", "使役-KA-雨"], ["anini,\\", "today", "今天"]], "free": [], "s_end": false, "iu_a_span": [53.43, 55.3], "meta": {"topic": "Custom", "type": "Narrative", "language": "阿美語, Amis, Ciwkangan(長光)", "speaker": "劉李俊, Liu, male, None", "collected": "2005-05-24", "revised": "2014-1-16", "video": "Amis_Nr-custom_Liu.mp3"}, "file": "Amis_Ciwkangan/Amis_Nr-custom_Liu", "num": 34}], [35, {"ori": [], "gloss": [["..", "", ""], ["anu", "COND", "條件詞"], ["sa,\\", "SA", "SA"]], "free": [], "s_end": false, "iu_a_span": [55.3, 55.83], "meta": {"topic": "Custom", "type": "Narrative", "language": "阿美語, Amis, Ciwkangan(長光)", "speaker": "劉李俊, Liu, male, None", "collected": "2005-05-24", "revised": "2014-1-16", "video": "Amis_Nr-custom_Liu.mp3"}, "file": "Amis_Ciwkangan/Amis_Nr-custom_Liu", "num": 35}], [36, {"ori": [], "gloss": [["...", "", ""], ["pa-ka-‘orad", "CAU-KA-rain", "使役-KA-雨"], ["ku", "NOM", "主格"], ["finawlan,\\", "organization", "組織"]], "free": ["#e If there was a dought and it didn’t rain, if people needed to pray for rain, the society would pray for rain.", "#c 如果乾旱，沒有下雨，如果今天要祈雨的話，部落組織（動員）祈雨。", "#n finawlan 是阿美族的社會組織。"], "s_end": true, "iu_a_span": [55.83, 57.17], "meta": {"topic": "Custom", "type": "Narrative", "language": "阿美語, Amis, Ciwkangan(長光)", "speaker": "劉李俊, Liu, male, None", "collected": "2005-05-24", "revised": "2014-1-16", "video": "Amis_Nr-custom_Liu.mp3"}, "s_a_span": [48.45, 57.17], "file": "Amis_Ciwkangan/Amis_Nr-custom_Liu", "num": 36}], [37, {"ori": [], "gloss": [["...(0.7)", "", ""], ["l<um>a’oc", "<AF>assemble", "<主焦>聚集"], ["ku==,\\", "NOM", "主格"]], "free": [], "s_end": false, "iu_a_span": [57.17, 59.07], "meta": {"topic": "Custom", "type": "Narrative", "language": "阿美語, Amis, Ciwkangan(長光)", "speaker": "劉李俊, Liu, male, None", "collected": "2005-05-24", "revised": "2014-1-16", "video": "Amis_Nr-custom_Liu.mp3"}, "file": "Amis_Ciwkangan/Amis_Nr-custom_Liu", "num": 37}], [38, {"ori": [], "gloss": [["...(0.7)", "", ""], ["u==,\\", "CN", "CN"]], "free": [], "s_end": false, "iu_a_span": [59.07, 60.82], "meta": {"topic": "Custom", "type": "Narrative", "language": "阿美語, Amis, Ciwkangan(長光)", "speaker": "劉李俊, Liu, male, None", "collected": "2005-05-24", "revised": "2014-1-16", "video": "Amis_Nr-custom_Liu.mp3"}, "file": "Amis_Ciwkangan/Amis_Nr-custom_Liu", "num": 38}], [39, {"ori": [], "gloss": [["..", "", ""], ["finawlan,\\", "organization", "組織"]], "free": [], "s_end": false, "iu_a_span": [60.82, 61.45], "meta": {"topic": "Custom", "type": "Narrative", "language": "阿美語, Amis, Ciwkangan(長光)", "speaker": "劉李俊, Liu, male, None", "collected": "2005-05-24", "revised": "2014-1-16", "video": "Amis_Nr-custom_Liu.mp3"}, "file": "Amis_Ciwkangan/Amis_Nr-custom_Liu", "num": 39}], [40, {"ori": [], "gloss": [["..", "", ""], ["atu", "CONJ", "連接詞"], ["lakacaw.\\", "women’s.association", "婦女會"]], "free": ["#e The society and women’s association would assemble.", "#c 聚集部落組織和婦女會。", "#n lakacaw是阿美族裡的婦女團體。"], "s_end": true, "iu_a_span": [61.45, 62.65], "meta": {"topic": "Custom", "type": "Narrative", "language": "阿美語, Amis, Ciwkangan(長光)", "speaker": "劉李俊, Liu, male, None", "collected": "2005-05-24", "revised": "2014-1-16", "video": "Amis_Nr-custom_Liu.mp3"}, "s_a_span": [57.17, 62.65], "file": "Amis_Ciwkangan/Amis_Nr-custom_Liu", "num": 40}], [41, {"ori": [], "gloss": [["...(0.8)", "", ""], ["tayni", "come", "來"], ["i", "LOC", "處格"], ["riyar", "sea", "海"], ["a", "LNK", "連詞"], ["mi-tiyati’", "AF-rod", "主焦-棍子"], ["tu==,\\", "OBL", "斜格"]], "free": [], "s_end": false, "iu_a_span": [62.65, 65.72], "meta": {"topic": "Custom", "type": "Narrative", "language": "阿美語, Amis, Ciwkangan(長光)", "speaker": "劉李俊, Liu, male, None", "collected": "2005-05-24", "revised": "2014-1-16", "video": "Amis_Nr-custom_Liu.mp3"}, "file": "Amis_Ciwkangan/Amis_Nr-custom_Liu", "num": 41}], [42, {"ori": [], "gloss": [["..", "", ""], ["nanum,\\", "water", "水"]], "free": [], "s_end": false, "iu_a_span": [65.72, 66.29], "meta": {"topic": "Custom", "type": "Narrative", "language": "阿美語, Amis, Ciwkangan(長光)", "speaker": "劉李俊, Liu, male, None", "collected": "2005-05-24", "revised": "2014-1-16", "video": "Amis_Nr-custom_Liu.mp3"}, "file": "Amis_Ciwkangan/Amis_Nr-custom_Liu", "num": 42}], [43, {"ori": [], "gloss": [["...", "", ""], ["a", "LNK", "連詞"], ["pa-ka-orad,\\", "CAU-KA-rain", "使役-KA-雨"]], "free": ["#e (They) would go to the sea, tapping the sea water and praying for rain.", "#c （他們）到海邊去拍打海水，祈雨。"], "s_end": true, "iu_a_span": [66.29, 67.55], "meta": {"topic": "Custom", "type": "Narrative", "language": "阿美語, Amis, Ciwkangan(長光)", "speaker": "劉李俊, Liu, male, None", "collected": "2005-05-24", "revised": "2014-1-16", "video": "Amis_Nr-custom_Liu.mp3"}, "s_a_span": [62.65, 67.55], "file": "Amis_Ciwkangan/Amis_Nr-custom_Liu", "num": 43}], [44, {"ori": [], "gloss": [["...", "", ""], ["hatira-ay,\\", "that.way-AY", "那樣-AY"]], "free": [], "s_end": false, "iu_a_span": [67.55, 68.86], "meta": {"topic": "Custom", "type": "Narrative", "language": "阿美語, Amis, Ciwkangan(長光)", "speaker": "劉李俊, Liu, male, None", "collected": "2005-05-24", "revised": "2014-1-16", "video": "Amis_Nr-custom_Liu.mp3"}, "file": "Amis_Ciwkangan/Amis_Nr-custom_Liu", "num": 44}], [45, {"ori": [], "gloss": [["..", "", ""], ["ku", "NOM", "主格"], ["nu==,\\", "GEN", "屬格"]], "free": [], "s_end": false, "iu_a_span": [68.86, 69.76], "meta": {"topic": "Custom", "type": "Narrative", "language": "阿美語, Amis, Ciwkangan(長光)", "speaker": "劉李俊, Liu, male, None", "collected": "2005-05-24", "revised": "2014-1-16", "video": "Amis_Nr-custom_Liu.mp3"}, "file": "Amis_Ciwkangan/Amis_Nr-custom_Liu", "num": 45}], [46, {"ori": [], "gloss": [["..", "", ""], ["itiya-ay=ho.\\", "then-AY=IMPFV", "那時-AY=未完成"]], "free": ["#e This is how things were done in the past.", "#c 從前是這樣做的。"], "s_end": true, "iu_a_span": [69.76, 70.93], "meta": {"topic": "Custom", "type": "Narrative", "language": "阿美語, Amis, Ciwkangan(長光)", "speaker": "劉李俊, Liu, male, None", "collected": "2005-05-24", "revised": "2014-1-16", "video": "Amis_Nr-custom_Liu.mp3"}, "s_a_span": [67.55, 70.93], "file": "Amis_Ciwkangan/Amis_Nr-custom_Liu", "num": 46}], [47, {"ori": [], "gloss": [["...(0.8)", "", ""], ["sa", "SA", "SA"], ["pakayn", "from.this", "從事"], ["itini", "here", "這裡"], ["i==,\\", "LOC", "處格"]], "free": [], "s_end": false, "iu_a_span": [70.93, 73.05], "meta": {"topic": "Custom", "type": "Narrative", "language": "阿美語, Amis, Ciwkangan(長光)", "speaker": "劉李俊, Liu, male, None", "collected": "2005-05-24", "revised": "2014-1-16", "video": "Amis_Nr-custom_Liu.mp3"}, "file": "Amis_Ciwkangan/Amis_Nr-custom_Liu", "num": 47}], [48, {"ori": [], "gloss": [["..", "", ""], ["rakat", "walk", "走路"], ["nu", "GEN", "屬格"], ["orip", "life", "生活"], ["nu==,\\", "GEN", "屬格"]], "free": [], "s_end": false, "iu_a_span": [73.05, 74.48], "meta": {"topic": "Custom", "type": "Narrative", "language": "阿美語, Amis, Ciwkangan(長光)", "speaker": "劉李俊, Liu, male, None", "collected": "2005-05-24", "revised": "2014-1-16", "video": "Amis_Nr-custom_Liu.mp3"}, "file": "Amis_Ciwkangan/Amis_Nr-custom_Liu", "num": 48}], [49, {"ori": [], "gloss": [["..", "", ""], ["‘amis,\\", "Amis", "阿美"]], "free": [], "s_end": false, "iu_a_span": [74.48, 75.13], "meta": {"topic": "Custom", "type": "Narrative", "language": "阿美語, Amis, Ciwkangan(長光)", "speaker": "劉李俊, Liu, male, None", "collected": "2005-05-24", "revised": "2014-1-16", "video": "Amis_Nr-custom_Liu.mp3"}, "file": "Amis_Ciwkangan/Amis_Nr-custom_Liu", "num": 49}], [50, {"ori": [], "gloss": [["...(0.7)", "", ""], ["nu==,\\", "GEN", "屬格"]], "free": [], "s_end": false, "iu_a_span": [75.13, 76.93], "meta": {"topic": "Custom", "type": "Narrative", "language": "阿美語, Amis, Ciwkangan(長光)", "speaker": "劉李俊, Liu, male, None", "collected": "2005-05-24", "revised": "2014-1-16", "video": "Amis_Nr-custom_Liu.mp3"}, "file": "Amis_Ciwkangan/Amis_Nr-custom_Liu", "num": 50}], [51, {"ori": [], "gloss": [["..", "", ""], ["ma-ra’od-ay", "AF-approach-AY", "主焦-接近-AY"], ["a", "LNK", "連詞"], ["ma==-\\", "AF-", "主焦-"]], "free": [], "s_end": false, "iu_a_span": [76.93, 78.18], "meta": {"topic": "Custom", "type": "Narrative", "language": "阿美語, Amis, Ciwkangan(長光)", "speaker": "劉李俊, Liu, male, None", "collected": "2005-05-24", "revised": "2014-1-16", "video": "Amis_Nr-custom_Liu.mp3"}, "file": "Amis_Ciwkangan/Amis_Nr-custom_Liu", "num": 51}], [52, {"ori": [], "gloss": [["...", "", ""], ["takup-ay", "catch.up-AY", "趕上-AY"], ["nu", "GEN", "屬格"], ["niyam", "1EPL.POSS", "1EPL.所有格"], ["u,\\", "CN", "CN"]], "free": [], "s_end": false, "iu_a_span": [78.18, 80.02], "meta": {"topic": "Custom", "type": "Narrative", "language": "阿美語, Amis, Ciwkangan(長光)", "speaker": "劉李俊, Liu, male, None", "collected": "2005-05-24", "revised": "2014-1-16", "video": "Amis_Nr-custom_Liu.mp3"}, "file": "Amis_Ciwkangan/Amis_Nr-custom_Liu", "num": 52}], [53, {"ori": [], "gloss": [["...", "", ""], ["kasa-rarem", "each-junior", "各-晚輩"], ["i", "LOC", "處格"], ["matini", "this.way", "這樣"], ["i.\\", "DM", "DM"]], "free": ["#e From the life of Amis, what the younger generations see and keep abreast of.", "#c 所以，從阿美族的生活過程中，我們這一代晚輩所接觸的、所趕上的。", "#n ma-ngata=tu  ma-ra’od  ku  ka-ilisin-an：豐年祭快到了。"], "s_end": true, "iu_a_span": [80.02, 82.02], "meta": {"topic": "Custom", "type": "Narrative", "language": "阿美語, Amis, Ciwkangan(長光)", "speaker": "劉李俊, Liu, male, None", "collected": "2005-05-24", "revised": "2014-1-16", "video": "Amis_Nr-custom_Liu.mp3"}, "s_a_span": [70.93, 82.02], "file": "Amis_Ciwkangan/Amis_Nr-custom_Liu", "num": 53}], [54, {"ori": [], "gloss": [["...(0.9)", "", ""], ["watah,\\", "INT", "感嘆"]], "free": [], "s_end": false, "iu_a_span": [82.02, 83.46], "meta": {"topic": "Custom", "type": "Narrative", "language": "阿美語, Amis, Ciwkangan(長光)", "speaker": "劉李俊, Liu, male, None", "collected": "2005-05-24", "revised": "2014-1-16", "video": "Amis_Nr-custom_Liu.mp3"}, "file": "Amis_Ciwkangan/Amis_Nr-custom_Liu", "num": 54}], [55, {"ori": [], "gloss": [["..", "", ""], ["ka-roray-an=tu", "KA-industrious-AN=PFV", "KA-辛勞-AN=完成"], ["ku", "NOM", "主格"], ["teloc,\\", "offspring", "後代"]], "free": ["#e Alas, the offsprings are industrious.", "#c 哎呀，（當時）我們這些後代真辛苦。"], "s_end": true, "iu_a_span": [83.46, 84.94], "meta": {"topic": "Custom", "type": "Narrative", "language": "阿美語, Amis, Ciwkangan(長光)", "speaker": "劉李俊, Liu, male, None", "collected": "2005-05-24", "revised": "2014-1-16", "video": "Amis_Nr-custom_Liu.mp3"}, "s_a_span": [82.02, 84.94], "file": "Amis_Ciwkangan/Amis_Nr-custom_Liu", "num": 55}], [56, {"ori": [], "gloss": [["..", "", ""], ["ka-roray-an=tu", "KA-industrious-AN=PFV", "KA-辛勞-AN=完成"], ["nu,\\", "GEN", "屬格"]], "free": [], "s_end": false, "iu_a_span": [84.94, 85.96], "meta": {"topic": "Custom", "type": "Narrative", "language": "阿美語, Amis, Ciwkangan(長光)", "speaker": "劉李俊, Liu, male, None", "collected": "2005-05-24", "revised": "2014-1-16", "video": "Amis_Nr-custom_Liu.mp3"}, "file": "Amis_Ciwkangan/Amis_Nr-custom_Liu", "num": 56}], [57, {"ori": [], "gloss": [["...", "", ""], ["kakita’an", "chief", "首領"], ["ku", "NOM", "主格"], ["demak,\\", "thing", "事情"]], "free": [], "s_end": false, "iu_a_span": [85.96, 87.34], "meta": {"topic": "Custom", "type": "Narrative", "language": "阿美語, Amis, Ciwkangan(長光)", "speaker": "劉李俊, Liu, male, None", "collected": "2005-05-24", "revised": "2014-1-16", "video": "Amis_Nr-custom_Liu.mp3"}, "file": "Amis_Ciwkangan/Amis_Nr-custom_Liu", "num": 57}], [58, {"ori": [], "gloss": [["..", "", ""], ["nu", "GEN", "屬格"], ["niyaro’", "tribe", "部落"], ["hananay.\\", "so.called", "所謂"]], "free": ["#e The chief worked hard for the tribal matters.", "#c 頭目為了部落的事務而辛苦。"], "s_end": true, "iu_a_span": [87.34, 88.33], "meta": {"topic": "Custom", "type": "Narrative", "language": "阿美語, Amis, Ciwkangan(長光)", "speaker": "劉李俊, Liu, male, None", "collected": "2005-05-24", "revised": "2014-1-16", "video": "Amis_Nr-custom_Liu.mp3"}, "s_a_span": [84.94, 88.33], "file": "Amis_Ciwkangan/Amis_Nr-custom_Liu", "num": 58}], [59, {"ori": [], "gloss": [["...(1.3)", "", ""], ["adihay", "many", "很多"], ["ku,\\", "NOM", "主格"]], "free": [], "s_end": false, "iu_a_span": [88.33, 90.42], "meta": {"topic": "Custom", "type": "Narrative", "language": "阿美語, Amis, Ciwkangan(長光)", "speaker": "劉李俊, Liu, male, None", "collected": "2005-05-24", "revised": "2014-1-16", "video": "Amis_Nr-custom_Liu.mp3"}, "file": "Amis_Ciwkangan/Amis_Nr-custom_Liu", "num": 59}], [60, {"ori": [], "gloss": [["..", "", ""], ["ta-tayal-en,\\", "Ca-work-PF", "Ca重疊-工作-受焦"]], "free": [], "s_end": false, "iu_a_span": [90.42, 91.1], "meta": {"topic": "Custom", "type": "Narrative", "language": "阿美語, Amis, Ciwkangan(長光)", "speaker": "劉李俊, Liu, male, None", "collected": "2005-05-24", "revised": "2014-1-16", "video": "Amis_Nr-custom_Liu.mp3"}, "file": "Amis_Ciwkangan/Amis_Nr-custom_Liu", "num": 60}], [61, {"ori": [], "gloss": [["..", "", ""], ["tu", "OBL", "斜格"], ["saki-tini", "belong-this", "屬於-這個"], ["niyaro’,\\", "tribe", "部落"]], "free": ["#e There was much tribal work.", "#c 關於部落要作的工作很多。"], "s_end": true, "iu_a_span": [91.1, 92.3], "meta": {"topic": "Custom", "type": "Narrative", "language": "阿美語, Amis, Ciwkangan(長光)", "speaker": "劉李俊, Liu, male, None", "collected": "2005-05-24", "revised": "2014-1-16", "video": "Amis_Nr-custom_Liu.mp3"}, "s_a_span": [88.33, 92.3], "file": "Amis_Ciwkangan/Amis_Nr-custom_Liu", "num": 61}], [62, {"ori": [], "gloss": [["...(0.8)", "", ""], ["anu==,\\", "COND", "條件詞"]], "free": [], "s_end": false, "iu_a_span": [92.3, 94.35], "meta": {"topic": "Custom", "type": "Narrative", "language": "阿美語, Amis, Ciwkangan(長光)", "speaker": "劉李俊, Liu, male, None", "collected": "2005-05-24", "revised": "2014-1-16", "video": "Amis_Nr-custom_Liu.mp3"}, "file": "Amis_Ciwkangan/Amis_Nr-custom_Liu", "num": 62}], [63, {"ori": [], "gloss": [["..", "", ""], ["ma-sa-ma’an=tu", "AF-make-what=PFV", "主焦-做-什麼=完成"], ["ma==,\\", "FS", "FS"]], "free": [], "s_end": false, "iu_a_span": [94.35, 96.18], "meta": {"topic": "Custom", "type": "Narrative", "language": "阿美語, Amis, Ciwkangan(長光)", "speaker": "劉李俊, Liu, male, None", "collected": "2005-05-24", "revised": "2014-1-16", "video": "Amis_Nr-custom_Liu.mp3"}, "file": "Amis_Ciwkangan/Amis_Nr-custom_Liu", "num": 63}], [64, {"ori": [], "gloss": [["...(0.8)", "", ""], ["matini", "this.way", "這樣"], ["kuni", "this.NOM", "這個.主格"], ["ka-awa", "KA-NEG.EXIST", "KA-否定.存在"], ["ku", "NOM", "主格"], ["hociyo,\\", "subsidy", "補助"]], "free": [], "s_end": false, "iu_a_span": [96.18, 98.63], "meta": {"topic": "Custom", "type": "Narrative", "language": "阿美語, Amis, Ciwkangan(長光)", "speaker": "劉李俊, Liu, male, None", "collected": "2005-05-24", "revised": "2014-1-16", "video": "Amis_Nr-custom_Liu.mp3"}, "file": "Amis_Ciwkangan/Amis_Nr-custom_Liu", "num": 64}], [65, {"ori": [], "gloss": [["..", "", ""], ["awa", "NEG.EXIST", "否定.存在"], ["ku", "NOM", "主格"], ["ma’an,\\", "what", "什麼"]], "free": [], "s_end": false, "iu_a_span": [98.63, 99.64], "meta": {"topic": "Custom", "type": "Narrative", "language": "阿美語, Amis, Ciwkangan(長光)", "speaker": "劉李俊, Liu, male, None", "collected": "2005-05-24", "revised": "2014-1-16", "video": "Amis_Nr-custom_Liu.mp3"}, "file": "Amis_Ciwkangan/Amis_Nr-custom_Liu", "num": 65}], [66, {"ori": [], "gloss": [["...(1.0)", "", ""], ["ku", "NOM", "主格"], ["nani", "from", "從"], ["fafaw-ay", "central-AY", "中央-AY"], ["haw,\\", "HAW", "HAW"]], "free": ["#e There are no subsidies from the government now.", "#c （像現在）不知如何，從中央（機關）都沒有補助，什麼也沒有。"], "s_end": true, "iu_a_span": [99.64, 101.87], "meta": {"topic": "Custom", "type": "Narrative", "language": "阿美語, Amis, Ciwkangan(長光)", "speaker": "劉李俊, Liu, male, None", "collected": "2005-05-24", "revised": "2014-1-16", "video": "Amis_Nr-custom_Liu.mp3"}, "s_a_span": [92.3, 101.87], "file": "Amis_Ciwkangan/Amis_Nr-custom_Liu", "num": 66}], [67, {"ori": [], "gloss": [["..", "", ""], ["sahtu", "all", "所有"], ["tu", "OBL", "斜格"], ["unu,\\", "this", "這個"]], "free": [], "s_end": false, "iu_a_span": [101.87, 103.01], "meta": {"topic": "Custom", "type": "Narrative", "language": "阿美語, Amis, Ciwkangan(長光)", "speaker": "劉李俊, Liu, male, None", "collected": "2005-05-24", "revised": "2014-1-16", "video": "Amis_Nr-custom_Liu.mp3"}, "file": "Amis_Ciwkangan/Amis_Nr-custom_Liu", "num": 67}], [68, {"ori": [], "gloss": [["...(0.7)", "", ""], ["finawlan", "organization", "組織"], ["ku", "NOM", "主格"], ["tayal,\\", "work", "工作"]], "free": [], "s_end": false, "iu_a_span": [103.01, 105.55], "meta": {"topic": "Custom", "type": "Narrative", "language": "阿美語, Amis, Ciwkangan(長光)", "speaker": "劉李俊, Liu, male, None", "collected": "2005-05-24", "revised": "2014-1-16", "video": "Amis_Nr-custom_Liu.mp3"}, "file": "Amis_Ciwkangan/Amis_Nr-custom_Liu", "num": 68}], [69, {"ori": [], "gloss": [["..", "", ""], ["unu", "this", "這個"], ["kapah", "youth", "青年"], ["a,\\", "LNK", "連詞"]], "free": [], "s_end": false, "iu_a_span": [105.55, 106.94], "meta": {"topic": "Custom", "type": "Narrative", "language": "阿美語, Amis, Ciwkangan(長光)", "speaker": "劉李俊, Liu, male, None", "collected": "2005-05-24", "revised": "2014-1-16", "video": "Amis_Nr-custom_Liu.mp3"}, "file": "Amis_Ciwkangan/Amis_Nr-custom_Liu", "num": 69}], [70, {"ori": [], "gloss": [["..", "", ""], ["palifet", "serious", "認真"], ["ku", "NOM", "主格"], ["tayal,\\", "work", "工作"]], "free": [], "s_end": false, "iu_a_span": [106.94, 108.04], "meta": {"topic": "Custom", "type": "Narrative", "language": "阿美語, Amis, Ciwkangan(長光)", "speaker": "劉李俊, Liu, male, None", "collected": "2005-05-24", "revised": "2014-1-16", "video": "Amis_Nr-custom_Liu.mp3"}, "file": "Amis_Ciwkangan/Amis_Nr-custom_Liu", "num": 70}], [71, {"ori": [], "gloss": [["...(0.9)", "", ""], ["mi-sa-kilang,\\", "AF-make-tree", "主焦-做-樹"]], "free": [], "s_end": false, "iu_a_span": [108.04, 110.06], "meta": {"topic": "Custom", "type": "Narrative", "language": "阿美語, Amis, Ciwkangan(長光)", "speaker": "劉李俊, Liu, male, None", "collected": "2005-05-24", "revised": "2014-1-16", "video": "Amis_Nr-custom_Liu.mp3"}, "file": "Amis_Ciwkangan/Amis_Nr-custom_Liu", "num": 71}], [72, {"ori": [], "gloss": [["..", "", ""], ["mi-owai,\\", "AF-vine", "主焦-藤"]], "free": ["#e The youths worked hard in the tribe, logging and picking vines.", "#c 現在只有青年全部都在部落辛勞的工作，砍伐、採藤。。"], "s_end": true, "iu_a_span": [110.06, 110.79], "meta": {"topic": "Custom", "type": "Narrative", "language": "阿美語, Amis, Ciwkangan(長光)", "speaker": "劉李俊, Liu, male, None", "collected": "2005-05-24", "revised": "2014-1-16", "video": "Amis_Nr-custom_Liu.mp3"}, "s_a_span": [101.87, 110.79], "file": "Amis_Ciwkangan/Amis_Nr-custom_Liu", "num": 72}], [73, {"ori": [], "gloss": [["...", "", ""], ["hatira", "that.way", "那樣"], ["ku", "NOM", "主格"], ["itiya-ay=ho.\\", "then-AY=IMPFV", "那時-AY=未完成"]], "free": ["#e That is how the past was.", "#c 過去就是這樣。"], "s_end": true, "iu_a_span": [110.79, 112.82], "meta": {"topic": "Custom", "type": "Narrative", "language": "阿美語, Amis, Ciwkangan(長光)", "speaker": "劉李俊, Liu, male, None", "collected": "2005-05-24", "revised": "2014-1-16", "video": "Amis_Nr-custom_Liu.mp3"}, "s_a_span": [110.79, 112.82], "file": "Amis_Ciwkangan/Amis_Nr-custom_Liu", "num": 73}], [74, {"ori": [], "gloss": [["...(0.8)", "", ""], ["anu", "COND", "條件詞"], ["ma-ra’od", "AF-rain", "主焦-雨"], ["kunini", "this.NOM", "這個.主格"], ["u==,\\", "CN", "CN"]], "free": [], "s_end": false, "iu_a_span": [112.82, 115.52], "meta": {"topic": "Custom", "type": "Narrative", "language": "阿美語, Amis, Ciwkangan(長光)", "speaker": "劉李俊, Liu, male, None", "collected": "2005-05-24", "revised": "2014-1-16", "video": "Amis_Nr-custom_Liu.mp3"}, "file": "Amis_Ciwkangan/Amis_Nr-custom_Liu", "num": 74}], [75, {"ori": [], "gloss": [["...(0.7)", "", ""], ["unini", "this", "這個"], ["u==,\\", "CN", "CN"]], "free": [], "s_end": false, "iu_a_span": [115.52, 117.8], "meta": {"topic": "Custom", "type": "Narrative", "language": "阿美語, Amis, Ciwkangan(長光)", "speaker": "劉李俊, Liu, male, None", "collected": "2005-05-24", "revised": "2014-1-16", "video": "Amis_Nr-custom_Liu.mp3"}, "file": "Amis_Ciwkangan/Amis_Nr-custom_Liu", "num": 75}], [76, {"ori": [], "gloss": [["...(2.5)", "", ""], ["ka-ilisin-an,\\", "KA-harvest.festival-AN", "KA-豐年祭-AN"]], "free": [], "s_end": false, "iu_a_span": [117.8, 121.31], "meta": {"topic": "Custom", "type": "Narrative", "language": "阿美語, Amis, Ciwkangan(長光)", "speaker": "劉李俊, Liu, male, None", "collected": "2005-05-24", "revised": "2014-1-16", "video": "Amis_Nr-custom_Liu.mp3"}, "file": "Amis_Ciwkangan/Amis_Nr-custom_Liu", "num": 76}], [77, {"ori": [], "gloss": [["..", "", ""], ["anu", "COND", "條件詞"], ["han", "HAN", "HAN"], ["aca", "PART", "語助詞"], ["i,\\", "DM", "DM"]], "free": ["#n anu han aca 「如果是」", "#n anu han aca 「如果是」"], "s_end": false, "iu_a_span": [121.31, 122.3], "meta": {"topic": "Custom", "type": "Narrative", "language": "阿美語, Amis, Ciwkangan(長光)", "speaker": "劉李俊, Liu, male, None", "collected": "2005-05-24", "revised": "2014-1-16", "video": "Amis_Nr-custom_Liu.mp3"}, "file": "Amis_Ciwkangan/Amis_Nr-custom_Liu", "num": 77}], [78, {"ori": [], "gloss": [["...(0.8)", "", ""], ["roma", "next", "其次"], ["sa=tu", "SA=PFV", "SA=完成"], ["pitu", "seven", "七"], ["a", "LNK", "連詞"], ["romi’ad", "day", "天"], ["ku,\\", "NOM", "主格"]], "free": [], "s_end": false, "iu_a_span": [122.3, 125.24], "meta": {"topic": "Custom", "type": "Narrative", "language": "阿美語, Amis, Ciwkangan(長光)", "speaker": "劉李俊, Liu, male, None", "collected": "2005-05-24", "revised": "2014-1-16", "video": "Amis_Nr-custom_Liu.mp3"}, "file": "Amis_Ciwkangan/Amis_Nr-custom_Liu", "num": 78}], [79, {"ori": [], "gloss": [["..", "", ""], ["la==’oc", "assemble", "集合"], ["nu", "GEN", "屬格"], ["finawlan,\\", "organization", "組織"]], "free": [], "s_end": false, "iu_a_span": [125.24, 126.84], "meta": {"topic": "Custom", "type": "Narrative", "language": "阿美語, Amis, Ciwkangan(長光)", "speaker": "劉李俊, Liu, male, None", "collected": "2005-05-24", "revised": "2014-1-16", "video": "Amis_Nr-custom_Liu.mp3"}, "file": "Amis_Ciwkangan/Amis_Nr-custom_Liu", "num": 79}], [80, {"ori": [], "gloss": [["...", "", ""], ["a", "LNK", "連詞"], ["mala-lakaw,\\", "become-garbage", "成為-垃圾"]], "free": ["#e When the harvest festival comes, next, the society would assemble for seven days to arrange all the tribal activities.", "#c 如果到了豐年祭的季節，其次，有七天組織會集合，籌備部落一切活動。", "#n ma-la-lakaw泛指部落進行重大活動所需的所有籌備事宜。"], "s_end": true, "iu_a_span": [126.84, 128.23], "meta": {"topic": "Custom", "type": "Narrative", "language": "阿美語, Amis, Ciwkangan(長光)", "speaker": "劉李俊, Liu, male, None", "collected": "2005-05-24", "revised": "2014-1-16", "video": "Amis_Nr-custom_Liu.mp3"}, "s_a_span": [112.82, 128.23], "file": "Amis_Ciwkangan/Amis_Nr-custom_Liu", "num": 80}], [81, {"ori": [], "gloss": [["..", "", ""], ["mi-sa‘opo", "AF-gather", "主焦-集中"], ["tu,\\", "OBL", "協格"]], "free": [], "s_end": false, "iu_a_span": [128.23, 129.36], "meta": {"topic": "Custom", "type": "Narrative", "language": "阿美語, Amis, Ciwkangan(長光)", "speaker": "劉李俊, Liu, male, None", "collected": "2005-05-24", "revised": "2014-1-16", "video": "Amis_Nr-custom_Liu.mp3"}, "file": "Amis_Ciwkangan/Amis_Nr-custom_Liu", "num": 81}], [82, {"ori": [], "gloss": [["..", "", ""], ["datung,\\", "piece", "木塊"]], "free": [], "s_end": false, "iu_a_span": [129.36, 130.37], "meta": {"topic": "Custom", "type": "Narrative", "language": "阿美語, Amis, Ciwkangan(長光)", "speaker": "劉李俊, Liu, male, None", "collected": "2005-05-24", "revised": "2014-1-16", "video": "Amis_Nr-custom_Liu.mp3"}, "file": "Amis_Ciwkangan/Amis_Nr-custom_Liu", "num": 82}], [83, {"ori": [], "gloss": [["...(1.0)", "", ""], ["a==,\\", "LNK", "連詞"]], "free": [], "s_end": false, "iu_a_span": [130.37, 132.01], "meta": {"topic": "Custom", "type": "Narrative", "language": "阿美語, Amis, Ciwkangan(長光)", "speaker": "劉李俊, Liu, male, None", "collected": "2005-05-24", "revised": "2014-1-16", "video": "Amis_Nr-custom_Liu.mp3"}, "file": "Amis_Ciwkangan/Amis_Nr-custom_Liu", "num": 83}], [84, {"ori": [], "gloss": [["...", "", ""], ["mi==-,\\", "AF-", "主焦-"]], "free": [], "s_end": false, "iu_a_span": [132.01, 133.66], "meta": {"topic": "Custom", "type": "Narrative", "language": "阿美語, Amis, Ciwkangan(長光)", "speaker": "劉李俊, Liu, male, None", "collected": "2005-05-24", "revised": "2014-1-16", "video": "Amis_Nr-custom_Liu.mp3"}, "file": "Amis_Ciwkangan/Amis_Nr-custom_Liu", "num": 84}], [85, {"ori": [], "gloss": [["..", "", ""], ["kilim", "search", "尋找"], ["tu", "OBL", "斜格"], ["mi==,\\", "FS", "FS"]], "free": [], "s_end": false, "iu_a_span": [133.66, 135.2], "meta": {"topic": "Custom", "type": "Narrative", "language": "阿美語, Amis, Ciwkangan(長光)", "speaker": "劉李俊, Liu, male, None", "collected": "2005-05-24", "revised": "2014-1-16", "video": "Amis_Nr-custom_Liu.mp3"}, "file": "Amis_Ciwkangan/Amis_Nr-custom_Liu", "num": 85}], [86, {"ori": [], "gloss": [["...", "", ""], ["tu", "OBL", "斜格"], ["pa-pacuk-en,\\", "Ca-kill-PF", "Ca重疊-殺-受焦"]], "free": ["#e For example, gathering woods and looking for (pigs) to kill.", "#c 例如：集中薪柴，找尋要殺的（豬）。"], "s_end": true, "iu_a_span": [135.2, 136.86], "meta": {"topic": "Custom", "type": "Narrative", "language": "阿美語, Amis, Ciwkangan(長光)", "speaker": "劉李俊, Liu, male, None", "collected": "2005-05-24", "revised": "2014-1-16", "video": "Amis_Nr-custom_Liu.mp3"}, "s_a_span": [128.23, 136.86], "file": "Amis_Ciwkangan/Amis_Nr-custom_Liu", "num": 86}], [87, {"ori": [], "gloss": [["...(2.3)", "", ""], ["hananay,\\", "so.called", "所謂"]], "free": [], "s_end": false, "iu_a_span": [136.86, 139.92], "meta": {"topic": "Custom", "type": "Narrative", "language": "阿美語, Amis, Ciwkangan(長光)", "speaker": "劉李俊, Liu, male, None", "collected": "2005-05-24", "revised": "2014-1-16", "video": "Amis_Nr-custom_Liu.mp3"}, "file": "Amis_Ciwkangan/Amis_Nr-custom_Liu", "num": 87}], [88, {"ori": [], "gloss": [["..", "", ""], ["matira", "that.way", "那樣"], ["ku", "NOM", "主格"], ["demak", "thing", "事情"], ["nu==,\\", "GEN", "屬格"]], "free": [], "s_end": false, "iu_a_span": [139.92, 142.25], "meta": {"topic": "Custom", "type": "Narrative", "language": "阿美語, Amis, Ciwkangan(長光)", "speaker": "劉李俊, Liu, male, None", "collected": "2005-05-24", "revised": "2014-1-16", "video": "Amis_Nr-custom_Liu.mp3"}, "file": "Amis_Ciwkangan/Amis_Nr-custom_Liu", "num": 88}], [89, {"ori": [], "gloss": [["...(0.8)", "", ""], ["itini", "here", "這裡"], ["tu", "OBL", "斜格"], ["niyaro’,\\", "tribe", "部落"]], "free": [], "s_end": false, "iu_a_span": [142.25, 144.3], "meta": {"topic": "Custom", "type": "Narrative", "language": "阿美語, Amis, Ciwkangan(長光)", "speaker": "劉李俊, Liu, male, None", "collected": "2005-05-24", "revised": "2014-1-16", "video": "Amis_Nr-custom_Liu.mp3"}, "file": "Amis_Ciwkangan/Amis_Nr-custom_Liu", "num": 89}], [90, {"ori": [], "gloss": [["..", "", ""], ["itiya=ho", "then=IMPFV", "那時=未完成"], ["saka,\\", "so", "如此"]], "free": ["#e That’s how the tribe was in the past.", "#c 過去部落的情形就是如此。"], "s_end": true, "iu_a_span": [144.3, 145.56], "meta": {"topic": "Custom", "type": "Narrative", "language": "阿美語, Amis, Ciwkangan(長光)", "speaker": "劉李俊, Liu, male, None", "collected": "2005-05-24", "revised": "2014-1-16", "video": "Amis_Nr-custom_Liu.mp3"}, "s_a_span": [136.86, 145.56], "file": "Amis_Ciwkangan/Amis_Nr-custom_Liu", "num": 90}], [91, {"ori": [], "gloss": [["...", "", ""], ["nu", "Q", "疑問"], ["ma-sarucud", "AF-smooth", "主焦-平順"], ["ku", "NOM", "主格"], ["tayal,\\", "work", "工作"]], "free": ["#e Why was the work smooth?", "#c 為什麼工作很順利呢？", "#n nu作naw，「為什麼」的意思。"], "s_end": true, "iu_a_span": [145.56, 147.85], "meta": {"topic": "Custom", "type": "Narrative", "language": "阿美語, Amis, Ciwkangan(長光)", "speaker": "劉李俊, Liu, male, None", "collected": "2005-05-24", "revised": "2014-1-16", "video": "Amis_Nr-custom_Liu.mp3"}, "s_a_span": [145.56, 147.85], "file": "Amis_Ciwkangan/Amis_Nr-custom_Liu", "num": 91}], [92, {"ori": [], "gloss": [["...", "", ""], ["nu", "Q", "疑問"], ["ma-sarucud", "AF-smooth", "主焦-平順"], ["ku==,\\", "NOM", "主格"]], "free": [], "s_end": false, "iu_a_span": [147.85, 149.76], "meta": {"topic": "Custom", "type": "Narrative", "language": "阿美語, Amis, Ciwkangan(長光)", "speaker": "劉李俊, Liu, male, None", "collected": "2005-05-24", "revised": "2014-1-16", "video": "Amis_Nr-custom_Liu.mp3"}, "file": "Amis_Ciwkangan/Amis_Nr-custom_Liu", "num": 92}], [93, {"ori": [], "gloss": [["..", "", ""], ["demak", "thing", "事情"], ["tuya", "that.OBL", "那個.斜格"], ["romi’ad", "day", "天"], ["han.\\", "HAN", "HAN"]], "free": ["#e Why was the thing smooth on that day?", "#c 為什麼事情當天都很順利呢？"], "s_end": true, "iu_a_span": [149.76, 151.25], "meta": {"topic": "Custom", "type": "Narrative", "language": "阿美語, Amis, Ciwkangan(長光)", "speaker": "劉李俊, Liu, male, None", "collected": "2005-05-24", "revised": "2014-1-16", "video": "Amis_Nr-custom_Liu.mp3"}, "s_a_span": [147.85, 151.25], "file": "Amis_Ciwkangan/Amis_Nr-custom_Liu", "num": 93}], [94, {"ori": [], "gloss": [["...", "", ""], ["ira=tu==,\\", "EXIST=PFV", "存在=完成"]], "free": [], "s_end": false, "iu_a_span": [151.25, 152.49], "meta": {"topic": "Custom", "type": "Narrative", "language": "阿美語, Amis, Ciwkangan(長光)", "speaker": "劉李俊, Liu, male, None", "collected": "2005-05-24", "revised": "2014-1-16", "video": "Amis_Nr-custom_Liu.mp3"}, "file": "Amis_Ciwkangan/Amis_Nr-custom_Liu", "num": 94}], [95, {"ori": [], "gloss": [["..", "", ""], ["kita", "1EPL.NOM", "1EPL.主格"], ["ma-<L2TchunpiL2T>", "AF-prepare", "主焦-準備"], ["nu,\\", "GEN", "屬格"]], "free": ["#e (Because) we had been prepared.", "#c （因為）我們早有準備。"], "s_end": true, "iu_a_span": [152.49, 153.82], "meta": {"topic": "Custom", "type": "Narrative", "language": "阿美語, Amis, Ciwkangan(長光)", "speaker": "劉李俊, Liu, male, None", "collected": "2005-05-24", "revised": "2014-1-16", "video": "Amis_Nr-custom_Liu.mp3"}, "s_a_span": [151.25, 153.82], "file": "Amis_Ciwkangan/Amis_Nr-custom_Liu", "num": 95}], [96, {"ori": [], "gloss": [["...", "", ""], ["hiya", "this.way", "這樣"], ["nu==,\\", "GEN", "屬格"]], "free": [], "s_end": false, "iu_a_span": [153.82, 155.33], "meta": {"topic": "Custom", "type": "Narrative", "language": "阿美語, Amis, Ciwkangan(長光)", "speaker": "劉李俊, Liu, male, None", "collected": "2005-05-24", "revised": "2014-1-16", "video": "Amis_Nr-custom_Liu.mp3"}, "file": "Amis_Ciwkangan/Amis_Nr-custom_Liu", "num": 96}], [97, {"ori": [], "gloss": [["...(0.8)", "", ""], ["pi==-,\\", "PI-", "PI-"]], "free": [], "s_end": false, "iu_a_span": [155.33, 157.08], "meta": {"topic": "Custom", "type": "Narrative", "language": "阿美語, Amis, Ciwkangan(長光)", "speaker": "劉李俊, Liu, male, None", "collected": "2005-05-24", "revised": "2014-1-16", "video": "Amis_Nr-custom_Liu.mp3"}, "file": "Amis_Ciwkangan/Amis_Nr-custom_Liu", "num": 97}], [98, {"ori": [], "gloss": [["..", "", ""], ["lekakawa,\\", "prepare", "策劃"]], "free": [], "s_end": false, "iu_a_span": [157.08, 157.93], "meta": {"topic": "Custom", "type": "Narrative", "language": "阿美語, Amis, Ciwkangan(長光)", "speaker": "劉李俊, Liu, male, None", "collected": "2005-05-24", "revised": "2014-1-16", "video": "Amis_Nr-custom_Liu.mp3"}, "file": "Amis_Ciwkangan/Amis_Nr-custom_Liu", "num": 98}], [99, {"ori": [], "gloss": [["..", "", ""], ["nu==,\\", "GEN", "屬格"]], "free": [], "s_end": false, "iu_a_span": [157.93, 158.58], "meta": {"topic": "Custom", "type": "Narrative", "language": "阿美語, Amis, Ciwkangan(長光)", "speaker": "劉李俊, Liu, male, None", "collected": "2005-05-24", "revised": "2014-1-16", "video": "Amis_Nr-custom_Liu.mp3"}, "file": "Amis_Ciwkangan/Amis_Nr-custom_Liu", "num": 99}]], "meta": {"topic": "Custom", "type": "Narrative", "language": "阿美語, Amis, Ciwkangan(長光)", "speaker": "劉李俊, Liu, male, None", "collected": "2005-05-24", "revised": "2014-1-16", "video": "Amis_Nr-custom_Liu.mp3"}}