{"glosses": [[1, {"ori": [], "gloss": [["ira", "EXIST", "存在"], ["ku==,\\", "NOM", "主格"]], "free": [], "s_end": false, "iu_a_span": [11.58, 12.41], "meta": {"topic": "Pear Story", "type": "Narrative", "language": "阿美語, Amis, Ciwkangan (台東縣長光社區)", "speaker": "李金妹, Panay, female, 1949-12-28", "collected": "2007-01-05", "revised": "None", "video": "Amis_Nr-pear_panay.mp3"}, "file": "Amis_Ciwkangan/Amis_Nr-pear_panay", "num": 1}], [2, {"ori": [], "gloss": [["..", "", ""], ["ccay", "one", "一"], ["a==,\\", "LNK", "連詞"]], "free": [], "s_end": false, "iu_a_span": [12.41, 13.43], "meta": {"topic": "Pear Story", "type": "Narrative", "language": "阿美語, Amis, Ciwkangan (台東縣長光社區)", "speaker": "李金妹, Panay, female, 1949-12-28", "collected": "2007-01-05", "revised": "None", "video": "Amis_Nr-pear_panay.mp3"}, "file": "Amis_Ciwkangan/Amis_Nr-pear_panay", "num": 2}], [3, {"ori": [], "gloss": [["..", "", ""], ["tamdaw._", "person", "人"]], "free": [], "s_end": false, "iu_a_span": [13.43, 14.27], "meta": {"topic": "Pear Story", "type": "Narrative", "language": "阿美語, Amis, Ciwkangan (台東縣長光社區)", "speaker": "李金妹, Panay, female, 1949-12-28", "collected": "2007-01-05", "revised": "None", "video": "Amis_Nr-pear_panay.mp3"}, "file": "Amis_Ciwkangan/Amis_Nr-pear_panay", "num": 3}], [4, {"ori": [], "gloss": [["...(0.8)", "", ""], ["ira", "EXIST", "存在"], ["ku", "NOM", "主格"], ["pena-luma’,\\", "PENA-house", "PENA-房子"]], "free": [], "s_end": false, "iu_a_span": [14.27, 16.23], "meta": {"topic": "Pear Story", "type": "Narrative", "language": "阿美語, Amis, Ciwkangan (台東縣長光社區)", "speaker": "李金妹, Panay, female, 1949-12-28", "collected": "2007-01-05", "revised": "None", "video": "Amis_Nr-pear_panay.mp3"}, "file": "Amis_Ciwkangan/Amis_Nr-pear_panay", "num": 4}], [5, {"ori": [], "gloss": [["..", "", ""], ["nira", "3SG.GEN", "3SG.屬格"], ["tu==,\\", "OBL", "斜格"]], "free": [], "s_end": false, "iu_a_span": [16.23, 17.21], "meta": {"topic": "Pear Story", "type": "Narrative", "language": "阿美語, Amis, Ciwkangan (台東縣長光社區)", "speaker": "李金妹, Panay, female, 1949-12-28", "collected": "2007-01-05", "revised": "None", "video": "Amis_Nr-pear_panay.mp3"}, "file": "Amis_Ciwkangan/Amis_Nr-pear_panay", "num": 5}], [6, {"ori": [], "gloss": [["..", "", ""], ["ccay", "one", "一"], ["a", "LNK", "連詞"], ["kilang", "tree", "樹"], ["tu==,_", "OBL", "斜格"]], "free": [], "s_end": false, "iu_a_span": [17.21, 19.01], "meta": {"topic": "Pear Story", "type": "Narrative", "language": "阿美語, Amis, Ciwkangan (台東縣長光社區)", "speaker": "李金妹, Panay, female, 1949-12-28", "collected": "2007-01-05", "revised": "None", "video": "Amis_Nr-pear_panay.mp3"}, "file": "Amis_Ciwkangan/Amis_Nr-pear_panay", "num": 6}], [7, {"ori": [], "gloss": [["...(2.5)", "", ""], ["ci-haci-ay", "get-fruit-AY", "得-水果-AY"], ["tu==,_", "OBL", "斜格"]], "free": [], "s_end": false, "iu_a_span": [19.01, 23.08], "meta": {"topic": "Pear Story", "type": "Narrative", "language": "阿美語, Amis, Ciwkangan (台東縣長光社區)", "speaker": "李金妹, Panay, female, 1949-12-28", "collected": "2007-01-05", "revised": "None", "video": "Amis_Nr-pear_panay.mp3"}, "file": "Amis_Ciwkangan/Amis_Nr-pear_panay", "num": 7}], [8, {"ori": [], "gloss": [["...(1.1)", "", ""], ["enem.\\", "six", "六"]], "free": [], "s_end": false, "iu_a_span": [23.08, 24.86], "meta": {"topic": "Pear Story", "type": "Narrative", "language": "阿美語, Amis, Ciwkangan (台東縣長光社區)", "speaker": "李金妹, Panay, female, 1949-12-28", "collected": "2007-01-05", "revised": "None", "video": "Amis_Nr-pear_panay.mp3"}, "file": "Amis_Ciwkangan/Amis_Nr-pear_panay", "num": 8}], [9, {"ori": [], "gloss": [["...(1.4)", "", ""], ["u==", "CN", "CN"], ["nasi.\\", "pear", "梨子"]], "free": ["#e There was a person planting a tree, which bore six pears.", "#c 有一個人他種了一棵樹，長出六顆梨子的樹。", "#n pena(在IU 4)近似pina，而pina很有可能來自於ni-pa- \"PFV-CAU-\"的重組"], "s_end": true, "iu_a_span": [24.86, 27.5], "meta": {"topic": "Pear Story", "type": "Narrative", "language": "阿美語, Amis, Ciwkangan (台東縣長光社區)", "speaker": "李金妹, Panay, female, 1949-12-28", "collected": "2007-01-05", "revised": "None", "video": "Amis_Nr-pear_panay.mp3"}, "s_a_span": [11.58, 27.5], "file": "Amis_Ciwkangan/Amis_Nr-pear_panay", "num": 9}], [10, {"ori": [], "gloss": [["...(1.2)", "", ""], ["mi-pitpit", "AF-pluck", "主焦-摘"], ["cingra", "3SG.NOM", "3SG.主格"], ["tu==,_", "OBL", "斜格"]], "free": [], "s_end": false, "iu_a_span": [27.5, 30.71], "meta": {"topic": "Pear Story", "type": "Narrative", "language": "阿美語, Amis, Ciwkangan (台東縣長光社區)", "speaker": "李金妹, Panay, female, 1949-12-28", "collected": "2007-01-05", "revised": "None", "video": "Amis_Nr-pear_panay.mp3"}, "file": "Amis_Ciwkangan/Amis_Nr-pear_panay", "num": 10}], [11, {"ori": [], "gloss": [["...", "", ""], ["nasi", "pear", "梨子"], ["nira.\\", "3SG.GEN", "3SG.屬格"]], "free": ["#e He plucked pears.", "#c 他去摘梨子。"], "s_end": true, "iu_a_span": [30.71, 32.31], "meta": {"topic": "Pear Story", "type": "Narrative", "language": "阿美語, Amis, Ciwkangan (台東縣長光社區)", "speaker": "李金妹, Panay, female, 1949-12-28", "collected": "2007-01-05", "revised": "None", "video": "Amis_Nr-pear_panay.mp3"}, "s_a_span": [27.5, 32.31], "file": "Amis_Ciwkangan/Amis_Nr-pear_panay", "num": 11}], [12, {"ori": [], "gloss": [["...(1.1)", "", ""], ["mi-kalic", "AF-climb", "主焦-爬"], ["cingra", "3SG.NOM", "3SG.主格"], ["i==,_", "LOC", "處格"]], "free": [], "s_end": false, "iu_a_span": [32.31, 35.35], "meta": {"topic": "Pear Story", "type": "Narrative", "language": "阿美語, Amis, Ciwkangan (台東縣長光社區)", "speaker": "李金妹, Panay, female, 1949-12-28", "collected": "2007-01-05", "revised": "None", "video": "Amis_Nr-pear_panay.mp3"}, "file": "Amis_Ciwkangan/Amis_Nr-pear_panay", "num": 12}], [13, {"ori": [], "gloss": [["...", "", ""], ["fafa’ed", "above", "上面"], ["tata’ang=tu", "AF.big=PFV", "主焦.大=完成"], ["kuya==,\\", "that.NOM", "那個.主格"]], "free": [], "s_end": false, "iu_a_span": [35.35, 37.97], "meta": {"topic": "Pear Story", "type": "Narrative", "language": "阿美語, Amis, Ciwkangan (台東縣長光社區)", "speaker": "李金妹, Panay, female, 1949-12-28", "collected": "2007-01-05", "revised": "None", "video": "Amis_Nr-pear_panay.mp3"}, "file": "Amis_Ciwkangan/Amis_Nr-pear_panay", "num": 13}], [14, {"ori": [], "gloss": [["..", "", ""], ["kilang", "tree", "樹"], ["nira.\\", "3SG.GEN", "3SG.屬格"]], "free": ["#e He climbed up. The tree grew tall.", "#c 他爬上去，那棵樹長得很大棵。"], "s_end": true, "iu_a_span": [37.97, 38.97], "meta": {"topic": "Pear Story", "type": "Narrative", "language": "阿美語, Amis, Ciwkangan (台東縣長光社區)", "speaker": "李金妹, Panay, female, 1949-12-28", "collected": "2007-01-05", "revised": "None", "video": "Amis_Nr-pear_panay.mp3"}, "s_a_span": [32.31, 38.97], "file": "Amis_Ciwkangan/Amis_Nr-pear_panay", "num": 14}], [15, {"ori": [], "gloss": [["...(1.1)", "", ""], ["mi-kalic", "AF-climb", "主焦-爬"], ["cingra", "3SG.NOM", "3SG.主格"], ["i", "LOC", "處格"], ["fafa’ed,\\", "above", "上面"]], "free": [], "s_end": false, "iu_a_span": [38.97, 41.83], "meta": {"topic": "Pear Story", "type": "Narrative", "language": "阿美語, Amis, Ciwkangan (台東縣長光社區)", "speaker": "李金妹, Panay, female, 1949-12-28", "collected": "2007-01-05", "revised": "None", "video": "Amis_Nr-pear_panay.mp3"}, "file": "Amis_Ciwkangan/Amis_Nr-pear_panay", "num": 15}], [16, {"ori": [], "gloss": [["...", "", ""], ["pa-kawal", "CAU-ladder", "使役-梯子"], ["han", "HAN", "HAN"], ["nira", "3SG.GEN", "3SG.屬格"], ["a", "LNK", "連詞"], ["mi==-,\\", "AF-", "主焦-"]], "free": [], "s_end": false, "iu_a_span": [41.83, 43.87], "meta": {"topic": "Pear Story", "type": "Narrative", "language": "阿美語, Amis, Ciwkangan (台東縣長光社區)", "speaker": "李金妹, Panay, female, 1949-12-28", "collected": "2007-01-05", "revised": "None", "video": "Amis_Nr-pear_panay.mp3"}, "file": "Amis_Ciwkangan/Amis_Nr-pear_panay", "num": 16}], [17, {"ori": [], "gloss": [["..", "", ""], ["kalic.\\", "climb", "爬"]], "free": ["#e He climbed up. He climbed up with a ladder.", "#c 他爬上去（的時候），用樓梯爬上去。"], "s_end": true, "iu_a_span": [43.87, 44.53], "meta": {"topic": "Pear Story", "type": "Narrative", "language": "阿美語, Amis, Ciwkangan (台東縣長光社區)", "speaker": "李金妹, Panay, female, 1949-12-28", "collected": "2007-01-05", "revised": "None", "video": "Amis_Nr-pear_panay.mp3"}, "s_a_span": [38.97, 44.53], "file": "Amis_Ciwkangan/Amis_Nr-pear_panay", "num": 17}], [18, {"ori": [], "gloss": [["...(2.0)", "", ""], ["adihay=tu", "AF.many=PFV", "主焦.很多=完成"], ["kuya", "that.NOM", "那個.主格"], ["ni==-,\\", "PFV-", "完成-"]], "free": [], "s_end": false, "iu_a_span": [44.53, 47.96], "meta": {"topic": "Pear Story", "type": "Narrative", "language": "阿美語, Amis, Ciwkangan (台東縣長光社區)", "speaker": "李金妹, Panay, female, 1949-12-28", "collected": "2007-01-05", "revised": "None", "video": "Amis_Nr-pear_panay.mp3"}, "file": "Amis_Ciwkangan/Amis_Nr-pear_panay", "num": 18}], [19, {"ori": [], "gloss": [["..", "", ""], ["pitpit-an", "pluck-LF", "摘-處焦"], ["nira.\\", "3SG.GEN", "3SG.屬格"]], "free": ["#e What he plucked were numerous.", "#c 他摘的果實多了。"], "s_end": true, "iu_a_span": [47.96, 49.13], "meta": {"topic": "Pear Story", "type": "Narrative", "language": "阿美語, Amis, Ciwkangan (台東縣長光社區)", "speaker": "李金妹, Panay, female, 1949-12-28", "collected": "2007-01-05", "revised": "None", "video": "Amis_Nr-pear_panay.mp3"}, "s_a_span": [44.53, 49.13], "file": "Amis_Ciwkangan/Amis_Nr-pear_panay", "num": 19}], [20, {"ori": [], "gloss": [["..", "", ""], ["ma-‘pud", "AF-descend", "主焦-下來"], ["cingra,\\", "3SG.NOM", "3SG.主格"]], "free": [], "s_end": false, "iu_a_span": [49.13, 50.52], "meta": {"topic": "Pear Story", "type": "Narrative", "language": "阿美語, Amis, Ciwkangan (台東縣長光社區)", "speaker": "李金妹, Panay, female, 1949-12-28", "collected": "2007-01-05", "revised": "None", "video": "Amis_Nr-pear_panay.mp3"}, "file": "Amis_Ciwkangan/Amis_Nr-pear_panay", "num": 20}], [21, {"ori": [], "gloss": [["..", "", ""], ["mi-teli,\\", "AF-put", "主焦-放"]], "free": [], "s_end": false, "iu_a_span": [50.52, 51.53], "meta": {"topic": "Pear Story", "type": "Narrative", "language": "阿美語, Amis, Ciwkangan (台東縣長光社區)", "speaker": "李金妹, Panay, female, 1949-12-28", "collected": "2007-01-05", "revised": "None", "video": "Amis_Nr-pear_panay.mp3"}, "file": "Amis_Ciwkangan/Amis_Nr-pear_panay", "num": 21}], [22, {"ori": [], "gloss": [["...", "", ""], ["tulu,\\", "three", "三"]], "free": [], "s_end": false, "iu_a_span": [51.53, 52.61], "meta": {"topic": "Pear Story", "type": "Narrative", "language": "阿美語, Amis, Ciwkangan (台東縣長光社區)", "speaker": "李金妹, Panay, female, 1949-12-28", "collected": "2007-01-05", "revised": "None", "video": "Amis_Nr-pear_panay.mp3"}, "file": "Amis_Ciwkangan/Amis_Nr-pear_panay", "num": 22}], [23, {"ori": [], "gloss": [["..", "", ""], ["ku", "NOM", "主格"], ["langa", "basket", "籃子"], ["nira", "3SG.GEN", "3SG.屬格"], ["i==,\\", "LOC", "處格"]], "free": [], "s_end": false, "iu_a_span": [52.61, 54.23], "meta": {"topic": "Pear Story", "type": "Narrative", "language": "阿美語, Amis, Ciwkangan (台東縣長光社區)", "speaker": "李金妹, Panay, female, 1949-12-28", "collected": "2007-01-05", "revised": "None", "video": "Amis_Nr-pear_panay.mp3"}, "file": "Amis_Ciwkangan/Amis_Nr-pear_panay", "num": 23}], [24, {"ori": [], "gloss": [["..", "", ""], ["la’enu.\\", "below", "下面"]], "free": ["#e He went down to put (the pears) in the three baskets below.", "#c 他下來了，要放置在下面的三個籃子。"], "s_end": true, "iu_a_span": [54.23, 54.96], "meta": {"topic": "Pear Story", "type": "Narrative", "language": "阿美語, Amis, Ciwkangan (台東縣長光社區)", "speaker": "李金妹, Panay, female, 1949-12-28", "collected": "2007-01-05", "revised": "None", "video": "Amis_Nr-pear_panay.mp3"}, "s_a_span": [49.13, 54.96], "file": "Amis_Ciwkangan/Amis_Nr-pear_panay", "num": 24}], [25, {"ori": [], "gloss": [["...(2.0)", "", ""], ["ma-tumus=tu", "AF-full=PFV", "主焦-裝滿=完成"], ["ku==,\\", "NON", "主格"]], "free": [], "s_end": false, "iu_a_span": [54.96, 58.74], "meta": {"topic": "Pear Story", "type": "Narrative", "language": "阿美語, Amis, Ciwkangan (台東縣長光社區)", "speaker": "李金妹, Panay, female, 1949-12-28", "collected": "2007-01-05", "revised": "None", "video": "Amis_Nr-pear_panay.mp3"}, "file": "Amis_Ciwkangan/Amis_Nr-pear_panay", "num": 25}], [26, {"ori": [], "gloss": [["..", "", ""], ["tusa", "two", "二"], ["a==,\\", "LNK", "連詞"]], "free": [], "s_end": false, "iu_a_span": [58.74, 59.7], "meta": {"topic": "Pear Story", "type": "Narrative", "language": "阿美語, Amis, Ciwkangan (台東縣長光社區)", "speaker": "李金妹, Panay, female, 1949-12-28", "collected": "2007-01-05", "revised": "None", "video": "Amis_Nr-pear_panay.mp3"}, "file": "Amis_Ciwkangan/Amis_Nr-pear_panay", "num": 26}], [27, {"ori": [], "gloss": [["..", "", ""], ["langa.\\", "basket", "籃子"]], "free": ["#e Two baskets were full.", "#c 兩個籃子都裝滿了。"], "s_end": true, "iu_a_span": [59.7, 60.28], "meta": {"topic": "Pear Story", "type": "Narrative", "language": "阿美語, Amis, Ciwkangan (台東縣長光社區)", "speaker": "李金妹, Panay, female, 1949-12-28", "collected": "2007-01-05", "revised": "None", "video": "Amis_Nr-pear_panay.mp3"}, "s_a_span": [54.96, 60.28], "file": "Amis_Ciwkangan/Amis_Nr-pear_panay", "num": 27}], [28, {"ori": [], "gloss": [["...(1.0)", "", ""], ["mi-liyaw", "AF-again", "主焦-再次"], ["haca", "yet", "仍"], ["cingra", "3SG.NOM", "3SG.主格"], ["a,\\", "LNK", "連詞"]], "free": [], "s_end": false, "iu_a_span": [60.28, 62.84], "meta": {"topic": "Pear Story", "type": "Narrative", "language": "阿美語, Amis, Ciwkangan (台東縣長光社區)", "speaker": "李金妹, Panay, female, 1949-12-28", "collected": "2007-01-05", "revised": "None", "video": "Amis_Nr-pear_panay.mp3"}, "file": "Amis_Ciwkangan/Amis_Nr-pear_panay", "num": 28}], [29, {"ori": [], "gloss": [["..", "", ""], ["mi-kalic.\\", "AF-climb", "主焦-爬"]], "free": [], "s_end": false, "iu_a_span": [62.84, 64.01], "meta": {"topic": "Pear Story", "type": "Narrative", "language": "阿美語, Amis, Ciwkangan (台東縣長光社區)", "speaker": "李金妹, Panay, female, 1949-12-28", "collected": "2007-01-05", "revised": "None", "video": "Amis_Nr-pear_panay.mp3"}, "file": "Amis_Ciwkangan/Amis_Nr-pear_panay", "num": 29}], [30, {"ori": [], "gloss": [["...(1.1)", "", ""], ["mi-pitpit,_", "AF-pluck", "主焦-摘"]], "free": [], "s_end": false, "iu_a_span": [64.01, 65.96], "meta": {"topic": "Pear Story", "type": "Narrative", "language": "阿美語, Amis, Ciwkangan (台東縣長光社區)", "speaker": "李金妹, Panay, female, 1949-12-28", "collected": "2007-01-05", "revised": "None", "video": "Amis_Nr-pear_panay.mp3"}, "file": "Amis_Ciwkangan/Amis_Nr-pear_panay", "num": 30}], [31, {"ori": [], "gloss": [["...(1.8)", "", ""], ["i", "LOC", "處格"], ["fafa’ed", "above", "上面"], ["ku==,_", "NOM", "主格"]], "free": ["#e He climbed up again to pluck (fruit) up there.", "#c 他再次爬上去，在上面摘。"], "s_end": true, "iu_a_span": [65.96, 69.54], "meta": {"topic": "Pear Story", "type": "Narrative", "language": "阿美語, Amis, Ciwkangan (台東縣長光社區)", "speaker": "李金妹, Panay, female, 1949-12-28", "collected": "2007-01-05", "revised": "None", "video": "Amis_Nr-pear_panay.mp3"}, "s_a_span": [60.28, 69.54], "file": "Amis_Ciwkangan/Amis_Nr-pear_panay", "num": 31}], [32, {"ori": [], "gloss": [["...", "", ""], ["takaraw", "AF.tall", "主焦.高"], ["kura", "that.NOM", "那個.主格"], ["kilang._", "tree", "樹"]], "free": [], "s_end": false, "iu_a_span": [69.54, 71.41], "meta": {"topic": "Pear Story", "type": "Narrative", "language": "阿美語, Amis, Ciwkangan (台東縣長光社區)", "speaker": "李金妹, Panay, female, 1949-12-28", "collected": "2007-01-05", "revised": "None", "video": "Amis_Nr-pear_panay.mp3"}, "file": "Amis_Ciwkangan/Amis_Nr-pear_panay", "num": 32}], [33, {"ori": [], "gloss": [["...(2.1)", "", ""], ["i", "LOC", "處格"], ["fafa’ed", "above", "上面"], ["cingra", "3SG.NOM", "3SG.主格"], ["a==,\\", "LNK", "連詞"]], "free": [], "s_end": false, "iu_a_span": [71.41, 75.07], "meta": {"topic": "Pear Story", "type": "Narrative", "language": "阿美語, Amis, Ciwkangan (台東縣長光社區)", "speaker": "李金妹, Panay, female, 1949-12-28", "collected": "2007-01-05", "revised": "None", "video": "Amis_Nr-pear_panay.mp3"}, "file": "Amis_Ciwkangan/Amis_Nr-pear_panay", "num": 33}], [34, {"ori": [], "gloss": [["..", "", ""], ["mi-kalic.\\", "AF-climb", "主焦-爬"]], "free": ["#e The tree was tall, and he climbed up.", "#c 那棵樹很高，他爬到上面。"], "s_end": true, "iu_a_span": [75.07, 75.95], "meta": {"topic": "Pear Story", "type": "Narrative", "language": "阿美語, Amis, Ciwkangan (台東縣長光社區)", "speaker": "李金妹, Panay, female, 1949-12-28", "collected": "2007-01-05", "revised": "None", "video": "Amis_Nr-pear_panay.mp3"}, "s_a_span": [69.54, 75.95], "file": "Amis_Ciwkangan/Amis_Nr-pear_panay", "num": 34}], [35, {"ori": [], "gloss": [["...(2.0)", "", ""], ["ira", "EXIST", "存在"], ["ku", "NOM", "主格"], ["ccay", "one", "一"], ["a==,\\", "LNK", "連詞"]], "free": [], "s_end": false, "iu_a_span": [75.95, 79.35], "meta": {"topic": "Pear Story", "type": "Narrative", "language": "阿美語, Amis, Ciwkangan (台東縣長光社區)", "speaker": "李金妹, Panay, female, 1949-12-28", "collected": "2007-01-05", "revised": "None", "video": "Amis_Nr-pear_panay.mp3"}, "file": "Amis_Ciwkangan/Amis_Nr-pear_panay", "num": 35}], [36, {"ori": [], "gloss": [["..", "", ""], ["tamdaw", "person", "人"], ["mi==-,\\", "AF-", "主焦-"]], "free": [], "s_end": false, "iu_a_span": [79.35, 80.45], "meta": {"topic": "Pear Story", "type": "Narrative", "language": "阿美語, Amis, Ciwkangan (台東縣長光社區)", "speaker": "李金妹, Panay, female, 1949-12-28", "collected": "2007-01-05", "revised": "None", "video": "Amis_Nr-pear_panay.mp3"}, "file": "Amis_Ciwkangan/Amis_Nr-pear_panay", "num": 36}], [37, {"ori": [], "gloss": [["..", "", ""], ["kiting-ay", "lead-AY", "牽-AY"], ["tu==,\\", "OBL", "斜格"]], "free": [], "s_end": false, "iu_a_span": [80.45, 81.82], "meta": {"topic": "Pear Story", "type": "Narrative", "language": "阿美語, Amis, Ciwkangan (台東縣長光社區)", "speaker": "李金妹, Panay, female, 1949-12-28", "collected": "2007-01-05", "revised": "None", "video": "Amis_Nr-pear_panay.mp3"}, "file": "Amis_Ciwkangan/Amis_Nr-pear_panay", "num": 37}], [38, {"ori": [], "gloss": [["..", "", ""], ["siri.\\", "goat", "山羊"]], "free": ["#e There was a person who pulled a goat along.", "#c 有一個人牽著山羊。"], "s_end": true, "iu_a_span": [81.82, 82.47], "meta": {"topic": "Pear Story", "type": "Narrative", "language": "阿美語, Amis, Ciwkangan (台東縣長光社區)", "speaker": "李金妹, Panay, female, 1949-12-28", "collected": "2007-01-05", "revised": "None", "video": "Amis_Nr-pear_panay.mp3"}, "s_a_span": [75.95, 82.47], "file": "Amis_Ciwkangan/Amis_Nr-pear_panay", "num": 38}], [39, {"ori": [], "gloss": [["...(4.3)", "", ""], ["tayra", "AF.go", "主焦.去"], ["a", "LNK", "連詞"], ["mi==-,_", "AF-", "主焦-"]], "free": [], "s_end": false, "iu_a_span": [82.47, 88.38], "meta": {"topic": "Pear Story", "type": "Narrative", "language": "阿美語, Amis, Ciwkangan (台東縣長光社區)", "speaker": "李金妹, Panay, female, 1949-12-28", "collected": "2007-01-05", "revised": "None", "video": "Amis_Nr-pear_panay.mp3"}, "file": "Amis_Ciwkangan/Amis_Nr-pear_panay", "num": 39}], [40, {"ori": [], "gloss": [["..", "", ""], ["ra’ud.\\", "approach", "接近"]], "free": [], "s_end": false, "iu_a_span": [88.38, 89.21], "meta": {"topic": "Pear Story", "type": "Narrative", "language": "阿美語, Amis, Ciwkangan (台東縣長光社區)", "speaker": "李金妹, Panay, female, 1949-12-28", "collected": "2007-01-05", "revised": "None", "video": "Amis_Nr-pear_panay.mp3"}, "file": "Amis_Ciwkangan/Amis_Nr-pear_panay", "num": 40}], [41, {"ori": [], "gloss": [["...(0.8)", "", ""], ["nengneng-han", "see-HAN", "看-HAN"], ["nira", "3SG.GEN", "3SG.屬格"], ["u==,\\", "CN", "CN"]], "free": [], "s_end": false, "iu_a_span": [89.21, 91.45], "meta": {"topic": "Pear Story", "type": "Narrative", "language": "阿美語, Amis, Ciwkangan (台東縣長光社區)", "speaker": "李金妹, Panay, female, 1949-12-28", "collected": "2007-01-05", "revised": "None", "video": "Amis_Nr-pear_panay.mp3"}, "file": "Amis_Ciwkangan/Amis_Nr-pear_panay", "num": 41}], [42, {"ori": [], "gloss": [["..", "", ""], ["nasi,\\", "pear", "梨子"]], "free": [], "s_end": false, "iu_a_span": [91.45, 92.08], "meta": {"topic": "Pear Story", "type": "Narrative", "language": "阿美語, Amis, Ciwkangan (台東縣長光社區)", "speaker": "李金妹, Panay, female, 1949-12-28", "collected": "2007-01-05", "revised": "None", "video": "Amis_Nr-pear_panay.mp3"}, "file": "Amis_Ciwkangan/Amis_Nr-pear_panay", "num": 42}], [43, {"ori": [], "gloss": [["..", "", ""], ["kuya==,\\", "that.NOM", "那個.主格"]], "free": [], "s_end": false, "iu_a_span": [92.08, 92.7], "meta": {"topic": "Pear Story", "type": "Narrative", "language": "阿美語, Amis, Ciwkangan (台東縣長光社區)", "speaker": "李金妹, Panay, female, 1949-12-28", "collected": "2007-01-05", "revised": "None", "video": "Amis_Nr-pear_panay.mp3"}, "file": "Amis_Ciwkangan/Amis_Nr-pear_panay", "num": 43}], [44, {"ori": [], "gloss": [["..", "", ""], ["mi-pitpit-an.\\", "PF-pluck-PF", "受焦-摘-受焦"]], "free": [], "s_end": false, "iu_a_span": [92.7, 93.62], "meta": {"topic": "Pear Story", "type": "Narrative", "language": "阿美語, Amis, Ciwkangan (台東縣長光社區)", "speaker": "李金妹, Panay, female, 1949-12-28", "collected": "2007-01-05", "revised": "None", "video": "Amis_Nr-pear_panay.mp3"}, "file": "Amis_Ciwkangan/Amis_Nr-pear_panay", "num": 44}], [45, {"ori": [], "gloss": [["...(1.0)", "", ""], ["pa-tiku’.\\", "CAU-return", "使役-返回"]], "free": ["#e He went and approached, seeing the plucked pears. He put them back.", "#c 他靠近然後看了，（原來是）摘下來的梨子，就放了回去。"], "s_end": true, "iu_a_span": [93.62, 95.54], "meta": {"topic": "Pear Story", "type": "Narrative", "language": "阿美語, Amis, Ciwkangan (台東縣長光社區)", "speaker": "李金妹, Panay, female, 1949-12-28", "collected": "2007-01-05", "revised": "None", "video": "Amis_Nr-pear_panay.mp3"}, "s_a_span": [82.47, 95.54], "file": "Amis_Ciwkangan/Amis_Nr-pear_panay", "num": 45}], [46, {"ori": [], "gloss": [["...(2.0)", "", ""], ["huni,\\", "a.while", "一會兒"]], "free": [], "s_end": false, "iu_a_span": [95.54, 98.17], "meta": {"topic": "Pear Story", "type": "Narrative", "language": "阿美語, Amis, Ciwkangan (台東縣長光社區)", "speaker": "李金妹, Panay, female, 1949-12-28", "collected": "2007-01-05", "revised": "None", "video": "Amis_Nr-pear_panay.mp3"}, "file": "Amis_Ciwkangan/Amis_Nr-pear_panay", "num": 46}], [47, {"ori": [], "gloss": [["..", "", ""], ["ira", "EXIST", "存在"], ["ku", "NOM", "主格"], ["ccay", "one", "一"], ["a==,\\", "LNK", "連詞"]], "free": [], "s_end": false, "iu_a_span": [98.17, 99.84], "meta": {"topic": "Pear Story", "type": "Narrative", "language": "阿美語, Amis, Ciwkangan (台東縣長光社區)", "speaker": "李金妹, Panay, female, 1949-12-28", "collected": "2007-01-05", "revised": "None", "video": "Amis_Nr-pear_panay.mp3"}, "file": "Amis_Ciwkangan/Amis_Nr-pear_panay", "num": 47}], [48, {"ori": [], "gloss": [["..", "", ""], ["wawa,\\", "child", "小孩"]], "free": [], "s_end": false, "iu_a_span": [99.84, 100.37], "meta": {"topic": "Pear Story", "type": "Narrative", "language": "阿美語, Amis, Ciwkangan (台東縣長光社區)", "speaker": "李金妹, Panay, female, 1949-12-28", "collected": "2007-01-05", "revised": "None", "video": "Amis_Nr-pear_panay.mp3"}, "file": "Amis_Ciwkangan/Amis_Nr-pear_panay", "num": 48}], [49, {"ori": [], "gloss": [["..", "", ""], ["tu", "OBL", "斜格"], ["ni-kiliciw-ay,\\", "PFV-bike-AY", "完成-腳踏車-AY"]], "free": [], "s_end": false, "iu_a_span": [100.37, 101.6], "meta": {"topic": "Pear Story", "type": "Narrative", "language": "阿美語, Amis, Ciwkangan (台東縣長光社區)", "speaker": "李金妹, Panay, female, 1949-12-28", "collected": "2007-01-05", "revised": "None", "video": "Amis_Nr-pear_panay.mp3"}, "file": "Amis_Ciwkangan/Amis_Nr-pear_panay", "num": 49}], [50, {"ori": [], "gloss": [["...(0.7)", "", ""], ["mi-tafsiw", "AF-pass", "主焦-經過"], ["itira,\\", "there", "那裡"]], "free": ["#e After a while, there was a child who rode a bike and passed by.", "#c 一會兒，有一個小孩騎著單車，從那裡經過。"], "s_end": true, "iu_a_span": [101.6, 103.86], "meta": {"topic": "Pear Story", "type": "Narrative", "language": "阿美語, Amis, Ciwkangan (台東縣長光社區)", "speaker": "李金妹, Panay, female, 1949-12-28", "collected": "2007-01-05", "revised": "None", "video": "Amis_Nr-pear_panay.mp3"}, "s_a_span": [95.54, 103.86], "file": "Amis_Ciwkangan/Amis_Nr-pear_panay", "num": 50}], [51, {"ori": [], "gloss": [["...(1.1)", "", ""], ["nengneng-han", "see-HAN", "看-HAN"], ["nira,_", "3SG.GEN", "3SG.屬格"]], "free": [], "s_end": false, "iu_a_span": [103.86, 106.0], "meta": {"topic": "Pear Story", "type": "Narrative", "language": "阿美語, Amis, Ciwkangan (台東縣長光社區)", "speaker": "李金妹, Panay, female, 1949-12-28", "collected": "2007-01-05", "revised": "None", "video": "Amis_Nr-pear_panay.mp3"}, "file": "Amis_Ciwkangan/Amis_Nr-pear_panay", "num": 51}], [52, {"ori": [], "gloss": [["...(1.5)", "", ""], ["ira", "EXIST", "存在"], ["i", "LOC", "處格"], ["fafa’ed,\\", "above", "上面"]], "free": [], "s_end": false, "iu_a_span": [106.0, 108.52], "meta": {"topic": "Pear Story", "type": "Narrative", "language": "阿美語, Amis, Ciwkangan (台東縣長光社區)", "speaker": "李金妹, Panay, female, 1949-12-28", "collected": "2007-01-05", "revised": "None", "video": "Amis_Nr-pear_panay.mp3"}, "file": "Amis_Ciwkangan/Amis_Nr-pear_panay", "num": 52}], [53, {"ori": [], "gloss": [["..", "", ""], ["kuya==,\\", "that.NOM", "那個.主格"]], "free": [], "s_end": false, "iu_a_span": [108.52, 109.55], "meta": {"topic": "Pear Story", "type": "Narrative", "language": "阿美語, Amis, Ciwkangan (台東縣長光社區)", "speaker": "李金妹, Panay, female, 1949-12-28", "collected": "2007-01-05", "revised": "None", "video": "Amis_Nr-pear_panay.mp3"}, "file": "Amis_Ciwkangan/Amis_Nr-pear_panay", "num": 53}], [54, {"ori": [], "gloss": [["..", "", ""], ["tamdaw", "person", "人"], ["mi-pitpit.\\", "AF-pluck", "主焦-摘"]], "free": ["#e He saw a person plucking (fruit) above.", "#c 他一看，那個人在上面摘（水果）。"], "s_end": true, "iu_a_span": [109.55, 110.84], "meta": {"topic": "Pear Story", "type": "Narrative", "language": "阿美語, Amis, Ciwkangan (台東縣長光社區)", "speaker": "李金妹, Panay, female, 1949-12-28", "collected": "2007-01-05", "revised": "None", "video": "Amis_Nr-pear_panay.mp3"}, "s_a_span": [103.86, 110.84], "file": "Amis_Ciwkangan/Amis_Nr-pear_panay", "num": 54}], [55, {"ori": [], "gloss": [["...(1.1)", "", ""], ["ca’a-han", "raise.head-HAN", "抬頭-HAN"], ["nira", "3SG.GEN", "3SG.屬格"], ["mi-ca’a,_", "AF-raise.head", "主焦-抬頭"]], "free": [], "s_end": false, "iu_a_span": [110.84, 113.66], "meta": {"topic": "Pear Story", "type": "Narrative", "language": "阿美語, Amis, Ciwkangan (台東縣長光社區)", "speaker": "李金妹, Panay, female, 1949-12-28", "collected": "2007-01-05", "revised": "None", "video": "Amis_Nr-pear_panay.mp3"}, "file": "Amis_Ciwkangan/Amis_Nr-pear_panay", "num": 55}], [56, {"ori": [], "gloss": [["..", "", ""], ["ca’ay", "NEG", "否定"], ["pi-nengneng", "PI-see", "PI-看"], ["pa-si-la’enu,\\", "CAU-SI-below", "使役-SI-下面"]], "free": [], "s_end": false, "iu_a_span": [113.66, 115.34], "meta": {"topic": "Pear Story", "type": "Narrative", "language": "阿美語, Amis, Ciwkangan (台東縣長光社區)", "speaker": "李金妹, Panay, female, 1949-12-28", "collected": "2007-01-05", "revised": "None", "video": "Amis_Nr-pear_panay.mp3"}, "file": "Amis_Ciwkangan/Amis_Nr-pear_panay", "num": 56}], [57, {"ori": [], "gloss": [["..", "", ""], ["kuya==", "that.NOM", "那個.主格"], ["tamdaw.\\", "person", "人"]], "free": ["#e He raised his head, and (saw) that person (the person who was plucking fruit) did not look down.", "#c 他抬頭仰望，那個（摘果樹的）人都不往下看。"], "s_end": true, "iu_a_span": [115.34, 116.65], "meta": {"topic": "Pear Story", "type": "Narrative", "language": "阿美語, Amis, Ciwkangan (台東縣長光社區)", "speaker": "李金妹, Panay, female, 1949-12-28", "collected": "2007-01-05", "revised": "None", "video": "Amis_Nr-pear_panay.mp3"}, "s_a_span": [110.84, 116.65], "file": "Amis_Ciwkangan/Amis_Nr-pear_panay", "num": 57}], [58, {"ori": [], "gloss": [["...(0.8)", "", ""], ["ya", "that", "那個"], ["mi-kuliciw-ay,\\", "AF-bike-AY", "主焦-腳踏車-AY"]], "free": [], "s_end": false, "iu_a_span": [116.65, 118.56], "meta": {"topic": "Pear Story", "type": "Narrative", "language": "阿美語, Amis, Ciwkangan (台東縣長光社區)", "speaker": "李金妹, Panay, female, 1949-12-28", "collected": "2007-01-05", "revised": "None", "video": "Amis_Nr-pear_panay.mp3"}, "file": "Amis_Ciwkangan/Amis_Nr-pear_panay", "num": 58}], [59, {"ori": [], "gloss": [["..", "", ""], ["sa=tu", "SA=PFV", "SA=完成"], ["a", "LNK", "連詞"], ["wawa,\\", "child", "小孩"]], "free": [], "s_end": false, "iu_a_span": [118.56, 119.3], "meta": {"topic": "Pear Story", "type": "Narrative", "language": "阿美語, Amis, Ciwkangan (台東縣長光社區)", "speaker": "李金妹, Panay, female, 1949-12-28", "collected": "2007-01-05", "revised": "None", "video": "Amis_Nr-pear_panay.mp3"}, "file": "Amis_Ciwkangan/Amis_Nr-pear_panay", "num": 59}], [60, {"ori": [], "gloss": [["..", "", ""], ["nengneng-han", "see-HAN", "看-HAN"], ["nira", "3SG.GEN", "3SG.屬格"], ["kuya==,_", "that.NOM", "那個.主格"]], "free": [], "s_end": false, "iu_a_span": [119.3, 120.73], "meta": {"topic": "Pear Story", "type": "Narrative", "language": "阿美語, Amis, Ciwkangan (台東縣長光社區)", "speaker": "李金妹, Panay, female, 1949-12-28", "collected": "2007-01-05", "revised": "None", "video": "Amis_Nr-pear_panay.mp3"}, "file": "Amis_Ciwkangan/Amis_Nr-pear_panay", "num": 60}], [61, {"ori": [], "gloss": [["..", "", ""], ["nasi", "pear", "梨子"], ["itira", "there", "那裡"], ["i", "LOC", "處格"], ["langa.\\", "basket", "籃子"]], "free": ["#e The child that rode a bike looked at the pears in the baskets.", "#c 而後，騎著腳踏車的小孩，他看著在籃子裡的梨子。"], "s_end": true, "iu_a_span": [120.73, 122.73], "meta": {"topic": "Pear Story", "type": "Narrative", "language": "阿美語, Amis, Ciwkangan (台東縣長光社區)", "speaker": "李金妹, Panay, female, 1949-12-28", "collected": "2007-01-05", "revised": "None", "video": "Amis_Nr-pear_panay.mp3"}, "s_a_span": [116.65, 122.73], "file": "Amis_Ciwkangan/Amis_Nr-pear_panay", "num": 61}], [62, {"ori": [], "gloss": [["...(3.0)", "", ""], ["ala-han", "take-HAN", "拿-HAN"], ["nira", "3SG.GEN", "3SG.屬格"], ["mi-ala,\\", "AF-take", "主焦-拿"]], "free": [], "s_end": false, "iu_a_span": [122.73, 126.93], "meta": {"topic": "Pear Story", "type": "Narrative", "language": "阿美語, Amis, Ciwkangan (台東縣長光社區)", "speaker": "李金妹, Panay, female, 1949-12-28", "collected": "2007-01-05", "revised": "None", "video": "Amis_Nr-pear_panay.mp3"}, "file": "Amis_Ciwkangan/Amis_Nr-pear_panay", "num": 62}], [63, {"ori": [], "gloss": [["..", "", ""], ["ku", "NOM", "主格"], ["ccay", "one", "一"], ["a==", "LNK", "連詞"], ["langa.\\", "basket", "籃子"]], "free": [], "s_end": false, "iu_a_span": [126.93, 128.31], "meta": {"topic": "Pear Story", "type": "Narrative", "language": "阿美語, Amis, Ciwkangan (台東縣長光社區)", "speaker": "李金妹, Panay, female, 1949-12-28", "collected": "2007-01-05", "revised": "None", "video": "Amis_Nr-pear_panay.mp3"}, "file": "Amis_Ciwkangan/Amis_Nr-pear_panay", "num": 63}], [64, {"ori": [], "gloss": [["...", "", ""], ["pa-kalic", "CAU-climb", "使役-爬"], ["itira", "there", "那裡"], ["i==,\\", "LOC", "處格"]], "free": [], "s_end": false, "iu_a_span": [128.31, 130.04], "meta": {"topic": "Pear Story", "type": "Narrative", "language": "阿美語, Amis, Ciwkangan (台東縣長光社區)", "speaker": "李金妹, Panay, female, 1949-12-28", "collected": "2007-01-05", "revised": "None", "video": "Amis_Nr-pear_panay.mp3"}, "file": "Amis_Ciwkangan/Amis_Nr-pear_panay", "num": 64}], [65, {"ori": [], "gloss": [["..", "", ""], ["kuliciw", "bike", "腳踏車"], ["nira.\\", "3SG.GEN", "3SG.屬格"]], "free": ["#e He took one basket and put it on his bike.", "#c 他拿走了一籃裝上他的腳踏車。"], "s_end": true, "iu_a_span": [130.04, 131.17], "meta": {"topic": "Pear Story", "type": "Narrative", "language": "阿美語, Amis, Ciwkangan (台東縣長光社區)", "speaker": "李金妹, Panay, female, 1949-12-28", "collected": "2007-01-05", "revised": "None", "video": "Amis_Nr-pear_panay.mp3"}, "s_a_span": [122.73, 131.17], "file": "Amis_Ciwkangan/Amis_Nr-pear_panay", "num": 65}], [66, {"ori": [], "gloss": [["...(1.6)", "", ""], ["ca’ay", "NEG", "否定"], ["ka-nengneng", "KA-see", "KA-看"], ["nuya==,_", "that.GEN", "那個.屬格"]], "free": [], "s_end": false, "iu_a_span": [131.17, 134.69], "meta": {"topic": "Pear Story", "type": "Narrative", "language": "阿美語, Amis, Ciwkangan (台東縣長光社區)", "speaker": "李金妹, Panay, female, 1949-12-28", "collected": "2007-01-05", "revised": "None", "video": "Amis_Nr-pear_panay.mp3"}, "file": "Amis_Ciwkangan/Amis_Nr-pear_panay", "num": 66}], [67, {"ori": [], "gloss": [["...(1.2)", "", ""], ["tamdaw", "person", "人"], ["tuya", "that.OBL", "那個.斜格"], ["mi-kalic-ay.\\", "AF-climb-AY", "主焦-爬-AY"]], "free": ["#e The person who climbed up did not see this.", "#c 爬到上面的人沒有看到。"], "s_end": true, "iu_a_span": [134.69, 137.7], "meta": {"topic": "Pear Story", "type": "Narrative", "language": "阿美語, Amis, Ciwkangan (台東縣長光社區)", "speaker": "李金妹, Panay, female, 1949-12-28", "collected": "2007-01-05", "revised": "None", "video": "Amis_Nr-pear_panay.mp3"}, "s_a_span": [131.17, 137.7], "file": "Amis_Ciwkangan/Amis_Nr-pear_panay", "num": 67}], [68, {"ori": [], "gloss": [["...", "", ""], ["sa-maan-en", "IF-what-PF", "工焦-什麼-受焦"], ["i", "LOC", "處格"], ["fafa’ed", "above", "上面"], ["cingra", "3SG.NOM", "3SG.主格"], ["a==,\\", "LNK", "連詞"]], "free": [], "s_end": false, "iu_a_span": [137.7, 140.28], "meta": {"topic": "Pear Story", "type": "Narrative", "language": "阿美語, Amis, Ciwkangan (台東縣長光社區)", "speaker": "李金妹, Panay, female, 1949-12-28", "collected": "2007-01-05", "revised": "None", "video": "Amis_Nr-pear_panay.mp3"}, "file": "Amis_Ciwkangan/Amis_Nr-pear_panay", "num": 68}], [69, {"ori": [], "gloss": [["..", "", ""], ["mi-pitpit.\\", "AF-pluck", "主焦-摘"]], "free": ["#e He couldn’t do anything. He was plucking (fruit) above.", "#c 那有什麼辦法呢，（因為）他在上面摘嘛。", "#n sa-maan-en:「有什麼辦法呢」(無奈的表示)；「用什麼方法」"], "s_end": true, "iu_a_span": [140.28, 141.3], "meta": {"topic": "Pear Story", "type": "Narrative", "language": "阿美語, Amis, Ciwkangan (台東縣長光社區)", "speaker": "李金妹, Panay, female, 1949-12-28", "collected": "2007-01-05", "revised": "None", "video": "Amis_Nr-pear_panay.mp3"}, "s_a_span": [137.7, 141.3], "file": "Amis_Ciwkangan/Amis_Nr-pear_panay", "num": 69}], [70, {"ori": [], "gloss": [["...(1.5)", "", ""], ["ala-han", "take-HAN", "拿-HAN"], ["nuya", "that.GEN", "那個.屬格"], ["wawa,\\", "child", "小孩"]], "free": [], "s_end": false, "iu_a_span": [141.3, 143.91], "meta": {"topic": "Pear Story", "type": "Narrative", "language": "阿美語, Amis, Ciwkangan (台東縣長光社區)", "speaker": "李金妹, Panay, female, 1949-12-28", "collected": "2007-01-05", "revised": "None", "video": "Amis_Nr-pear_panay.mp3"}, "file": "Amis_Ciwkangan/Amis_Nr-pear_panay", "num": 70}], [71, {"ori": [], "gloss": [["..", "", ""], ["tu", "OBL", "斜格"], ["fa’inayan", "male", "男性"], ["ni-kuliciw-ay,\\", "PFV-bike-AY", "完成-腳踏車-AY"]], "free": [], "s_end": false, "iu_a_span": [143.91, 145.51], "meta": {"topic": "Pear Story", "type": "Narrative", "language": "阿美語, Amis, Ciwkangan (台東縣長光社區)", "speaker": "李金妹, Panay, female, 1949-12-28", "collected": "2007-01-05", "revised": "None", "video": "Amis_Nr-pear_panay.mp3"}, "file": "Amis_Ciwkangan/Amis_Nr-pear_panay", "num": 71}], [72, {"ori": [], "gloss": [["..", "", ""], ["ku", "NOM", "主格"], ["ccay", "one", "一"], ["a", "LNK", "連詞"], ["langa.\\", "basket", "籃子"]], "free": ["#e The boy who rode a bike took one basket.", "#c 那個騎單車的男孩拿走了一籃。"], "s_end": true, "iu_a_span": [145.51, 146.72], "meta": {"topic": "Pear Story", "type": "Narrative", "language": "阿美語, Amis, Ciwkangan (台東縣長光社區)", "speaker": "李金妹, Panay, female, 1949-12-28", "collected": "2007-01-05", "revised": "None", "video": "Amis_Nr-pear_panay.mp3"}, "s_a_span": [141.3, 146.72], "file": "Amis_Ciwkangan/Amis_Nr-pear_panay", "num": 72}], [73, {"ori": [], "gloss": [["...(1.4)", "", ""], ["kuliciw", "bike", "腳踏車"], ["sa=tu", "SA=PFV", "SA=完成"], ["cingra", "3SG.NOM", "3SG.主格"], ["mi==-,\\", "AF-", "主焦-"]], "free": [], "s_end": false, "iu_a_span": [146.72, 149.48], "meta": {"topic": "Pear Story", "type": "Narrative", "language": "阿美語, Amis, Ciwkangan (台東縣長光社區)", "speaker": "李金妹, Panay, female, 1949-12-28", "collected": "2007-01-05", "revised": "None", "video": "Amis_Nr-pear_panay.mp3"}, "file": "Amis_Ciwkangan/Amis_Nr-pear_panay", "num": 73}], [74, {"ori": [], "gloss": [["..", "", ""], ["nukay.\\", "go.home", "回家"]], "free": ["#e He rode his bike home.", "#c 他就騎著單車回家。"], "s_end": true, "iu_a_span": [149.48, 150.14], "meta": {"topic": "Pear Story", "type": "Narrative", "language": "阿美語, Amis, Ciwkangan (台東縣長光社區)", "speaker": "李金妹, Panay, female, 1949-12-28", "collected": "2007-01-05", "revised": "None", "video": "Amis_Nr-pear_panay.mp3"}, "s_a_span": [146.72, 150.14], "file": "Amis_Ciwkangan/Amis_Nr-pear_panay", "num": 74}], [75, {"ori": [], "gloss": [["...(1.0)", "", ""], ["tahira", "arrive", "到達"], ["i==", "LOC", "處格"], ["ra’ay,_", "far", "遠"]], "free": [], "s_end": false, "iu_a_span": [150.14, 152.79], "meta": {"topic": "Pear Story", "type": "Narrative", "language": "阿美語, Amis, Ciwkangan (台東縣長光社區)", "speaker": "李金妹, Panay, female, 1949-12-28", "collected": "2007-01-05", "revised": "None", "video": "Amis_Nr-pear_panay.mp3"}, "file": "Amis_Ciwkangan/Amis_Nr-pear_panay", "num": 75}], [76, {"ori": [], "gloss": [["...", "", ""], ["ira", "EXIST", "存在"], ["ma-sa-litemuk", "AF-SA-meet", "主焦-SA-碰面"], ["nira", "3SG.GEN", "3SG.屬格"], ["ku==,\\", "NOM", "主格"]], "free": [], "s_end": false, "iu_a_span": [152.79, 155.17], "meta": {"topic": "Pear Story", "type": "Narrative", "language": "阿美語, Amis, Ciwkangan (台東縣長光社區)", "speaker": "李金妹, Panay, female, 1949-12-28", "collected": "2007-01-05", "revised": "None", "video": "Amis_Nr-pear_panay.mp3"}, "file": "Amis_Ciwkangan/Amis_Nr-pear_panay", "num": 76}], [77, {"ori": [], "gloss": [["..", "", ""], ["ccay", "one", "一"], ["a", "LNK", "連詞"], ["fafahiyan,\\", "female", "女性"]], "free": [], "s_end": false, "iu_a_span": [155.17, 156.35], "meta": {"topic": "Pear Story", "type": "Narrative", "language": "阿美語, Amis, Ciwkangan (台東縣長光社區)", "speaker": "李金妹, Panay, female, 1949-12-28", "collected": "2007-01-05", "revised": "None", "video": "Amis_Nr-pear_panay.mp3"}, "file": "Amis_Ciwkangan/Amis_Nr-pear_panay", "num": 77}], [78, {"ori": [], "gloss": [["..", "", ""], ["a", "LNK", "連詞"], ["mi-kuliciw-ay,\\", "AF-bike-AY", "主焦-腳踏車-AY"]], "free": ["#e Somewhere not far away, he met one girl who rode a bike.", "#c 不遠處和他一位騎著腳踏車的女孩子交會了。", "#n ra’ay:「遠」；tahira i ra’ay:「不遠」"], "s_end": true, "iu_a_span": [156.35, 157.69], "meta": {"topic": "Pear Story", "type": "Narrative", "language": "阿美語, Amis, Ciwkangan (台東縣長光社區)", "speaker": "李金妹, Panay, female, 1949-12-28", "collected": "2007-01-05", "revised": "None", "video": "Amis_Nr-pear_panay.mp3"}, "s_a_span": [150.14, 157.69], "file": "Amis_Ciwkangan/Amis_Nr-pear_panay", "num": 78}], [79, {"ori": [], "gloss": [["...(0.7)", "", ""], ["ma-la-litemuk", "AF-CA-meet", "主焦-CA重疊-碰面"], ["cangra,_", "3PL.NOM", "3PL.主格"]], "free": [], "s_end": false, "iu_a_span": [157.69, 160.01], "meta": {"topic": "Pear Story", "type": "Narrative", "language": "阿美語, Amis, Ciwkangan (台東縣長光社區)", "speaker": "李金妹, Panay, female, 1949-12-28", "collected": "2007-01-05", "revised": "None", "video": "Amis_Nr-pear_panay.mp3"}, "file": "Amis_Ciwkangan/Amis_Nr-pear_panay", "num": 79}], [80, {"ori": [], "gloss": [["...(1.2)", "", ""], ["ma-fiyuk", "PF-blow", "受焦-吹"], ["nu==,\\", "GEN", "屬格"]], "free": [], "s_end": false, "iu_a_span": [160.01, 162.76], "meta": {"topic": "Pear Story", "type": "Narrative", "language": "阿美語, Amis, Ciwkangan (台東縣長光社區)", "speaker": "李金妹, Panay, female, 1949-12-28", "collected": "2007-01-05", "revised": "None", "video": "Amis_Nr-pear_panay.mp3"}, "file": "Amis_Ciwkangan/Amis_Nr-pear_panay", "num": 80}], [81, {"ori": [], "gloss": [["..", "", ""], ["fali", "wind", "風"], ["nu", "GEN", "屬格"], ["ka-la-litemuk", "KA-CA-meet", "KA-CA重疊-碰面"], ["nira", "3SG.GEN", "3SG.屬格"], ["ku", "NOM", "主格"], ["kafung,\\", "hat", "帽子"]], "free": [], "s_end": false, "iu_a_span": [162.76, 165.11], "meta": {"topic": "Pear Story", "type": "Narrative", "language": "阿美語, Amis, Ciwkangan (台東縣長光社區)", "speaker": "李金妹, Panay, female, 1949-12-28", "collected": "2007-01-05", "revised": "None", "video": "Amis_Nr-pear_panay.mp3"}, "file": "Amis_Ciwkangan/Amis_Nr-pear_panay", "num": 81}], [82, {"ori": [], "gloss": [["..", "", ""], ["nuya==", "that.GEN", "那個.屬格"], ["wawa", "child", "小孩"], ["tiya", "that.OBL", "那個.斜格"], ["fa’inayan,_", "male", "男性"]], "free": ["#e When they met, the wind blew the boy’s hat away.", "#c 他們交會的時候，忽然一陣風把那個男孩的帽子吹走了。", "#n fiyuk來自於風聲"], "s_end": true, "iu_a_span": [165.11, 167.02], "meta": {"topic": "Pear Story", "type": "Narrative", "language": "阿美語, Amis, Ciwkangan (台東縣長光社區)", "speaker": "李金妹, Panay, female, 1949-12-28", "collected": "2007-01-05", "revised": "None", "video": "Amis_Nr-pear_panay.mp3"}, "s_a_span": [157.69, 167.02], "file": "Amis_Ciwkangan/Amis_Nr-pear_panay", "num": 82}], [83, {"ori": [], "gloss": [["...(1.2)", "", ""], ["ma-tefad", "AF-drop", "主焦-掉落"], ["ku,\\", "NOM", "主格"]], "free": [], "s_end": false, "iu_a_span": [167.02, 169.16], "meta": {"topic": "Pear Story", "type": "Narrative", "language": "阿美語, Amis, Ciwkangan (台東縣長光社區)", "speaker": "李金妹, Panay, female, 1949-12-28", "collected": "2007-01-05", "revised": "None", "video": "Amis_Nr-pear_panay.mp3"}, "file": "Amis_Ciwkangan/Amis_Nr-pear_panay", "num": 83}], [84, {"ori": [], "gloss": [["..", "", ""], ["kafung", "hat", "帽子"], ["nira,_", "3SG.GEN", "3SG.屬格"]], "free": ["#e His hat fell.", "#c 他的帽子掉下來。"], "s_end": true, "iu_a_span": [169.16, 170.05], "meta": {"topic": "Pear Story", "type": "Narrative", "language": "阿美語, Amis, Ciwkangan (台東縣長光社區)", "speaker": "李金妹, Panay, female, 1949-12-28", "collected": "2007-01-05", "revised": "None", "video": "Amis_Nr-pear_panay.mp3"}, "s_a_span": [167.02, 170.05], "file": "Amis_Ciwkangan/Amis_Nr-pear_panay", "num": 84}], [85, {"ori": [], "gloss": [["...", "", ""], ["tala", "wait", "等待"], ["dadama,\\", "??", "??"]], "free": [], "s_end": false, "iu_a_span": [170.05, 171.22], "meta": {"topic": "Pear Story", "type": "Narrative", "language": "阿美語, Amis, Ciwkangan (台東縣長光社區)", "speaker": "李金妹, Panay, female, 1949-12-28", "collected": "2007-01-05", "revised": "None", "video": "Amis_Nr-pear_panay.mp3"}, "file": "Amis_Ciwkangan/Amis_Nr-pear_panay", "num": 85}], [86, {"ori": [], "gloss": [["..", "", ""], ["cingra", "3SG.NOM", "3SG.主格"], ["tu==,\\", "OBL", "斜格"]], "free": [], "s_end": false, "iu_a_span": [171.22, 172.11], "meta": {"topic": "Pear Story", "type": "Narrative", "language": "阿美語, Amis, Ciwkangan (台東縣長光社區)", "speaker": "李金妹, Panay, female, 1949-12-28", "collected": "2007-01-05", "revised": "None", "video": "Amis_Nr-pear_panay.mp3"}, "file": "Amis_Ciwkangan/Amis_Nr-pear_panay", "num": 86}], [87, {"ori": [], "gloss": [["..", "", ""], ["kafung", "hat", "帽子"], ["nira", "3SG.GEN", "3SG.屬格"], ["tu==,\\", "OBL", "斜格"]], "free": [], "s_end": false, "iu_a_span": [172.11, 173.34], "meta": {"topic": "Pear Story", "type": "Narrative", "language": "阿美語, Amis, Ciwkangan (台東縣長光社區)", "speaker": "李金妹, Panay, female, 1949-12-28", "collected": "2007-01-05", "revised": "None", "video": "Amis_Nr-pear_panay.mp3"}, "file": "Amis_Ciwkangan/Amis_Nr-pear_panay", "num": 87}], [88, {"ori": [], "gloss": [["..", "", ""], ["sa-ka-tefad-aw", "IF-KA-drop-OPT", "工焦-KA-掉落-祈願"], ["nuya", "that.GEN", "那個.屬格"], ["kafung", "hat", "帽子"], ["nira", "3SG.GEN", "3SG.屬格"], ["haw,_", "HAW", "HAW"]], "free": ["#e His hat was going to fall down soon, so he grasped it.", "#c 帽子就快要掉下來了，所以他扶住他的帽子。"], "s_end": true, "iu_a_span": [173.34, 175.31], "meta": {"topic": "Pear Story", "type": "Narrative", "language": "阿美語, Amis, Ciwkangan (台東縣長光社區)", "speaker": "李金妹, Panay, female, 1949-12-28", "collected": "2007-01-05", "revised": "None", "video": "Amis_Nr-pear_panay.mp3"}, "s_a_span": [170.05, 175.31], "file": "Amis_Ciwkangan/Amis_Nr-pear_panay", "num": 88}], [89, {"ori": [], "gloss": [["...(1.3)", "", ""], ["pa-ci’ci", "CAU-effort", "使役-努力"], ["sa’an", "said.so", "如此說"], ["ma-tefad", "AF-drop", "主焦-掉落"], ["kiya", "that.NOM", "那個.主格"], ["kafung", "hat", "帽子"], ["nira,_", "3SG.GEN", "3SG.主格"]], "free": ["#e Even though he tried hard, his hat still fell down.", "#c 如此努力，帽子（還是）掉下來。"], "s_end": true, "iu_a_span": [175.31, 178.77], "meta": {"topic": "Pear Story", "type": "Narrative", "language": "阿美語, Amis, Ciwkangan (台東縣長光社區)", "speaker": "李金妹, Panay, female, 1949-12-28", "collected": "2007-01-05", "revised": "None", "video": "Amis_Nr-pear_panay.mp3"}, "s_a_span": [175.31, 178.77], "file": "Amis_Ciwkangan/Amis_Nr-pear_panay", "num": 89}], [90, {"ori": [], "gloss": [["..", "", ""], ["ca’ay=tu", "NEG=PFV", "否定=完成"], ["pi-na’on,\\", "PI-pay.attention", "PI-注意"]], "free": [], "s_end": false, "iu_a_span": [178.77, 179.94], "meta": {"topic": "Pear Story", "type": "Narrative", "language": "阿美語, Amis, Ciwkangan (台東縣長光社區)", "speaker": "李金妹, Panay, female, 1949-12-28", "collected": "2007-01-05", "revised": "None", "video": "Amis_Nr-pear_panay.mp3"}, "file": "Amis_Ciwkangan/Amis_Nr-pear_panay", "num": 90}], [91, {"ori": [], "gloss": [["..", "", ""], ["cingra", "3SG.NOM", "3SG.主格"], ["mi-nengneng", "AF-see", "主焦-看"], ["tu", "OBL", "斜格"], ["a-ayaw,_", "CA-front", "CA重疊-前面"]], "free": ["#e He could not look at the front attentively.", "#c 他不能注意看著前方。"], "s_end": true, "iu_a_span": [179.94, 181.66], "meta": {"topic": "Pear Story", "type": "Narrative", "language": "阿美語, Amis, Ciwkangan (台東縣長光社區)", "speaker": "李金妹, Panay, female, 1949-12-28", "collected": "2007-01-05", "revised": "None", "video": "Amis_Nr-pear_panay.mp3"}, "s_a_span": [178.77, 181.66], "file": "Amis_Ciwkangan/Amis_Nr-pear_panay", "num": 91}], [92, {"ori": [], "gloss": [["...", "", ""], ["ira", "EXIST", "存在"], ["ku", "NOM", "主格"], ["fekeloh", "stone", "石頭"], ["i", "LOC", "處格"], ["a-ayaw,\\", "CA-front", "CA重疊-前面"]], "free": [], "s_end": false, "iu_a_span": [181.66, 183.68], "meta": {"topic": "Pear Story", "type": "Narrative", "language": "阿美語, Amis, Ciwkangan (台東縣長光社區)", "speaker": "李金妹, Panay, female, 1949-12-28", "collected": "2007-01-05", "revised": "None", "video": "Amis_Nr-pear_panay.mp3"}, "file": "Amis_Ciwkangan/Amis_Nr-pear_panay", "num": 92}], [93, {"ori": [], "gloss": [["..", "", ""], ["tahastul", "bump.into", "碰上"], ["sa=tu", "SA=PFV", "SA=完成"], ["kuya", "that.NOM", "那個.主格"], ["kuliciw,\\", "bike", "腳踏車"]], "free": [], "s_end": false, "iu_a_span": [183.68, 185.46], "meta": {"topic": "Pear Story", "type": "Narrative", "language": "阿美語, Amis, Ciwkangan (台東縣長光社區)", "speaker": "李金妹, Panay, female, 1949-12-28", "collected": "2007-01-05", "revised": "None", "video": "Amis_Nr-pear_panay.mp3"}, "file": "Amis_Ciwkangan/Amis_Nr-pear_panay", "num": 93}], [94, {"ori": [], "gloss": [["..", "", ""], ["nira", "3SG.GEN", "3SG.屬格"], ["tuya", "that.OBL", "那個.斜格"], ["fekeloh.\\", "stone", "石頭"]], "free": ["#e There was a stone in the front, and the bike hit the stone.", "#c 前面有一塊石頭，腳踏車撞上那顆石頭。"], "s_end": true, "iu_a_span": [185.46, 186.62], "meta": {"topic": "Pear Story", "type": "Narrative", "language": "阿美語, Amis, Ciwkangan (台東縣長光社區)", "speaker": "李金妹, Panay, female, 1949-12-28", "collected": "2007-01-05", "revised": "None", "video": "Amis_Nr-pear_panay.mp3"}, "s_a_span": [181.66, 186.62], "file": "Amis_Ciwkangan/Amis_Nr-pear_panay", "num": 94}], [95, {"ori": [], "gloss": [["...", "", ""], ["pulin,\\", "fall", "摔倒"]], "free": [], "s_end": false, "iu_a_span": [186.62, 187.54], "meta": {"topic": "Pear Story", "type": "Narrative", "language": "阿美語, Amis, Ciwkangan (台東縣長光社區)", "speaker": "李金妹, Panay, female, 1949-12-28", "collected": "2007-01-05", "revised": "None", "video": "Amis_Nr-pear_panay.mp3"}, "file": "Amis_Ciwkangan/Amis_Nr-pear_panay", "num": 95}], [96, {"ori": [], "gloss": [["..", "", ""], ["sa’an", "said.so", "如此說"], ["a", "LNK", "連詞"], ["ma-pulin,\\", "AF-fall", "主焦-落下"]], "free": [], "s_end": false, "iu_a_span": [187.54, 188.49], "meta": {"topic": "Pear Story", "type": "Narrative", "language": "阿美語, Amis, Ciwkangan (台東縣長光社區)", "speaker": "李金妹, Panay, female, 1949-12-28", "collected": "2007-01-05", "revised": "None", "video": "Amis_Nr-pear_panay.mp3"}, "file": "Amis_Ciwkangan/Amis_Nr-pear_panay", "num": 96}], [97, {"ori": [], "gloss": [["..", "", ""], ["kuya==", "that.NOM", "那個.主格"], ["wawa.\\", "child", "小孩"]], "free": ["#e The child fell down.", "#c 那個小孩突然跌倒。"], "s_end": true, "iu_a_span": [188.49, 190.1], "meta": {"topic": "Pear Story", "type": "Narrative", "language": "阿美語, Amis, Ciwkangan (台東縣長光社區)", "speaker": "李金妹, Panay, female, 1949-12-28", "collected": "2007-01-05", "revised": "None", "video": "Amis_Nr-pear_panay.mp3"}, "s_a_span": [186.62, 190.1], "file": "Amis_Ciwkangan/Amis_Nr-pear_panay", "num": 97}], [98, {"ori": [], "gloss": [["...(2.1)", "", ""], ["ta.\\", "then", "然後"]], "free": [], "s_end": false, "iu_a_span": [190.1, 192.6], "meta": {"topic": "Pear Story", "type": "Narrative", "language": "阿美語, Amis, Ciwkangan (台東縣長光社區)", "speaker": "李金妹, Panay, female, 1949-12-28", "collected": "2007-01-05", "revised": "None", "video": "Amis_Nr-pear_panay.mp3"}, "file": "Amis_Ciwkangan/Amis_Nr-pear_panay", "num": 98}], [99, {"ori": [], "gloss": [["..", "", ""], ["adada", "AF.hurt", "主焦.痛"], ["ku", "NOM", "主格"], ["wa’ay", "foot", "腳"], ["nira,\\", "3SG.GEN", "3SG.屬格"]], "free": ["#e His foot hurt.", "#c 他的腳很痛。"], "s_end": true, "iu_a_span": [192.6, 194.09], "meta": {"topic": "Pear Story", "type": "Narrative", "language": "阿美語, Amis, Ciwkangan (台東縣長光社區)", "speaker": "李金妹, Panay, female, 1949-12-28", "collected": "2007-01-05", "revised": "None", "video": "Amis_Nr-pear_panay.mp3"}, "s_a_span": [190.1, 194.09], "file": "Amis_Ciwkangan/Amis_Nr-pear_panay", "num": 99}]], "meta": {"topic": "Pear Story", "type": "Narrative", "language": "阿美語, Amis, Ciwkangan (台東縣長光社區)", "speaker": "李金妹, Panay, female, 1949-12-28", "collected": "2007-01-05", "revised": "None", "video": "Amis_Nr-pear_panay.mp3"}}