{"glosses": [[1, {"ori": [], "gloss": [["nga’ay=ho,\\", "good=IMPFV", "好=未完成"]], "free": ["#e Hello.", "#c 大家好。"], "s_end": true, "iu_a_span": [0.9, 1.52], "meta": {"topic": "Introduction", "type": "Narrative", "language": "阿美語, Amis, Ciwkangan(台東縣長光社區)", "speaker": "陳金龍, Ofad, male, None", "collected": "2005-07-08", "revised": "2014-1-16", "video": "Amis_Nr-intro_ofad.mp3"}, "s_a_span": [0.9, 1.52], "file": "Amis_Ciwkangan/Amis_Nr-intro_ofad", "num": 1}], [2, {"ori": [], "gloss": [["...(0.7)", "", ""], ["ci==,\\", "NCM.SG", "NCM.SG"]], "free": [], "s_end": false, "iu_a_span": [1.52, 2.85], "meta": {"topic": "Introduction", "type": "Narrative", "language": "阿美語, Amis, Ciwkangan(台東縣長光社區)", "speaker": "陳金龍, Ofad, male, None", "collected": "2005-07-08", "revised": "2014-1-16", "video": "Amis_Nr-intro_ofad.mp3"}, "file": "Amis_Ciwkangan/Amis_Nr-intro_ofad", "num": 2}], [3, {"ori": [], "gloss": [["..", "", ""], ["Ofad", "PN", "人名"], ["Kacaw", "PN", "人名"], ["ku==,\\", "NOM", "主格"]], "free": [], "s_end": false, "iu_a_span": [2.85, 4.0], "meta": {"topic": "Introduction", "type": "Narrative", "language": "阿美語, Amis, Ciwkangan(台東縣長光社區)", "speaker": "陳金龍, Ofad, male, None", "collected": "2005-07-08", "revised": "2014-1-16", "video": "Amis_Nr-intro_ofad.mp3"}, "file": "Amis_Ciwkangan/Amis_Nr-intro_ofad", "num": 3}], [4, {"ori": [], "gloss": [["..", "", ""], ["ngangan", "name", "名字"], ["aku.\\", "1SG.GEN", "1SG.屬格"]], "free": ["#e My name is Ofad Kacaw.", "#c 我的名字是Ofad Kacaw。"], "s_end": true, "iu_a_span": [4.0, 4.77], "meta": {"topic": "Introduction", "type": "Narrative", "language": "阿美語, Amis, Ciwkangan(台東縣長光社區)", "speaker": "陳金龍, Ofad, male, None", "collected": "2005-07-08", "revised": "2014-1-16", "video": "Amis_Nr-intro_ofad.mp3"}, "s_a_span": [1.52, 4.77], "file": "Amis_Ciwkangan/Amis_Nr-intro_ofad", "num": 4}], [5, {"ori": [], "gloss": [["...(0.8)", "", ""], ["u", "CN", "CN"], ["niyaro’", "hometown", "故鄉"], ["aku,\\", "1SG.GEN", "1SG.屬格"]], "free": [], "s_end": false, "iu_a_span": [4.77, 6.47], "meta": {"topic": "Introduction", "type": "Narrative", "language": "阿美語, Amis, Ciwkangan(台東縣長光社區)", "speaker": "陳金龍, Ofad, male, None", "collected": "2005-07-08", "revised": "2014-1-16", "video": "Amis_Nr-intro_ofad.mp3"}, "file": "Amis_Ciwkangan/Amis_Nr-intro_ofad", "num": 5}], [6, {"ori": [], "gloss": [["..", "", ""], ["itira", "there", "那裡"], ["i", "LOC", "處格"], ["pusun,\\", "PN", "地名"]], "free": [], "s_end": false, "iu_a_span": [6.47, 7.55], "meta": {"topic": "Introduction", "type": "Narrative", "language": "阿美語, Amis, Ciwkangan(台東縣長光社區)", "speaker": "陳金龍, Ofad, male, None", "collected": "2005-07-08", "revised": "2014-1-16", "video": "Amis_Nr-intro_ofad.mp3"}, "file": "Amis_Ciwkangan/Amis_Nr-intro_ofad", "num": 6}], [7, {"ori": [], "gloss": [["..", "", ""], ["i", "LOC", "處格"], ["kakacawan", "PN", "地名"], [",\\", "", ""]], "free": [], "s_end": false, "iu_a_span": [7.55, 8.66], "meta": {"topic": "Introduction", "type": "Narrative", "language": "阿美語, Amis, Ciwkangan(台東縣長光社區)", "speaker": "陳金龍, Ofad, male, None", "collected": "2005-07-08", "revised": "2014-1-16", "video": "Amis_Nr-intro_ofad.mp3"}, "file": "Amis_Ciwkangan/Amis_Nr-intro_ofad", "num": 7}], [8, {"ori": [], "gloss": [["..", "", ""], ["ku", "NOM", "主格"], ["ciwkangan.\\", "PN", "地名"]], "free": ["#e My hometown is in Ciwkangan, in Taitung, in Kakacawan.", "#c 我的故鄉在台東長濱長光。"], "s_end": true, "iu_a_span": [8.66, 9.88], "meta": {"topic": "Introduction", "type": "Narrative", "language": "阿美語, Amis, Ciwkangan(台東縣長光社區)", "speaker": "陳金龍, Ofad, male, None", "collected": "2005-07-08", "revised": "2014-1-16", "video": "Amis_Nr-intro_ofad.mp3"}, "s_a_span": [4.77, 9.88], "file": "Amis_Ciwkangan/Amis_Nr-intro_ofad", "num": 8}], [9, {"ori": [], "gloss": [["...(0.7)", "", ""], ["na", "PAST", "過去"], ["nu", "GEN", "屬格"], ["emang", "young", "年輕"], ["ku", "NOM", "主格"], ["XXX,\\", "", ""]], "free": [], "s_end": false, "iu_a_span": [9.88, 12.41], "meta": {"topic": "Introduction", "type": "Narrative", "language": "阿美語, Amis, Ciwkangan(台東縣長光社區)", "speaker": "陳金龍, Ofad, male, None", "collected": "2005-07-08", "revised": "2014-1-16", "video": "Amis_Nr-intro_ofad.mp3"}, "file": "Amis_Ciwkangan/Amis_Nr-intro_ofad", "num": 9}], [10, {"ori": [], "gloss": [["..", "", ""], ["itira", "there", "那裡"], ["i,_", "LOC", "處格"]], "free": [], "s_end": false, "iu_a_span": [12.41, 13.11], "meta": {"topic": "Introduction", "type": "Narrative", "language": "阿美語, Amis, Ciwkangan(台東縣長光社區)", "speaker": "陳金龍, Ofad, male, None", "collected": "2005-07-08", "revised": "2014-1-16", "video": "Amis_Nr-intro_ofad.mp3"}, "file": "Amis_Ciwkangan/Amis_Nr-intro_ofad", "num": 10}], [11, {"ori": [], "gloss": [["..", "", ""], ["ciwkangan", "PN", "地名"], ["a", "LNK", "連詞"], ["ma-tuas.\\", "AF-grow.up", "主焦-長大"]], "free": [], "s_end": false, "iu_a_span": [13.11, 14.2], "meta": {"topic": "Introduction", "type": "Narrative", "language": "阿美語, Amis, Ciwkangan(台東縣長光社區)", "speaker": "陳金龍, Ofad, male, None", "collected": "2005-07-08", "revised": "2014-1-16", "video": "Amis_Nr-intro_ofad.mp3"}, "file": "Amis_Ciwkangan/Amis_Nr-intro_ofad", "num": 11}], [12, {"ori": [], "gloss": [["...", "", ""], ["tahira", "until", "到"], ["i", "LOC", "處格"], ["tulu,\\", "three", "三"]], "free": [], "s_end": false, "iu_a_span": [14.2, 16.3], "meta": {"topic": "Introduction", "type": "Narrative", "language": "阿美語, Amis, Ciwkangan(台東縣長光社區)", "speaker": "陳金龍, Ofad, male, None", "collected": "2005-07-08", "revised": "2014-1-16", "video": "Amis_Nr-intro_ofad.mp3"}, "file": "Amis_Ciwkangan/Amis_Nr-intro_ofad", "num": 12}], [13, {"ori": [], "gloss": [["..", "", ""], ["ku", "NOM", "主格"], ["safaw", "ten", "十"], ["nu", "GEN", "屬格"], ["miheca-an.\\", "year-AN", "年-AN"]], "free": ["#e I grew up in Ciwkangan until I was thirteen.", "#c 我從小就在長光部落長大，一直到十三歲。"], "s_end": true, "iu_a_span": [16.3, 17.54], "meta": {"topic": "Introduction", "type": "Narrative", "language": "阿美語, Amis, Ciwkangan(台東縣長光社區)", "speaker": "陳金龍, Ofad, male, None", "collected": "2005-07-08", "revised": "2014-1-16", "video": "Amis_Nr-intro_ofad.mp3"}, "s_a_span": [9.88, 17.54], "file": "Amis_Ciwkangan/Amis_Nr-intro_ofad", "num": 13}], [14, {"ori": [], "gloss": [["...", "", ""], ["mi-liad", "AF-leave", "主焦-離開"], ["tu", "OBL", "斜格"], ["luma’,\\", "home", "家"]], "free": [], "s_end": false, "iu_a_span": [17.54, 19.02], "meta": {"topic": "Introduction", "type": "Narrative", "language": "阿美語, Amis, Ciwkangan(台東縣長光社區)", "speaker": "陳金龍, Ofad, male, None", "collected": "2005-07-08", "revised": "2014-1-16", "video": "Amis_Nr-intro_ofad.mp3"}, "file": "Amis_Ciwkangan/Amis_Nr-intro_ofad", "num": 14}], [15, {"ori": [], "gloss": [["..", "", ""], ["tayra", "go", "去"], ["i,\\", "LOC", "處格"]], "free": [], "s_end": false, "iu_a_span": [19.02, 19.67], "meta": {"topic": "Introduction", "type": "Narrative", "language": "阿美語, Amis, Ciwkangan(台東縣長光社區)", "speaker": "陳金龍, Ofad, male, None", "collected": "2005-07-08", "revised": "2014-1-16", "video": "Amis_Nr-intro_ofad.mp3"}, "file": "Amis_Ciwkangan/Amis_Nr-intro_ofad", "num": 15}], [16, {"ori": [], "gloss": [["..", "", ""], ["heto", "PN", "地名"], ["a", "LNK", "連詞"], ["mi-tilid.\\", "AF-study", "主焦-讀書"]], "free": [], "s_end": false, "iu_a_span": [19.67, 20.87], "meta": {"topic": "Introduction", "type": "Narrative", "language": "阿美語, Amis, Ciwkangan(台東縣長光社區)", "speaker": "陳金龍, Ofad, male, None", "collected": "2005-07-08", "revised": "2014-1-16", "video": "Amis_Nr-intro_ofad.mp3"}, "file": "Amis_Ciwkangan/Amis_Nr-intro_ofad", "num": 16}], [17, {"ori": [], "gloss": [["...", "", ""], ["tahira=tu", "until=PFV", "到=完成"], ["i", "LOC", "處格"], ["kokiw,\\", "high.school", "高中"]], "free": [], "s_end": false, "iu_a_span": [20.87, 23.22], "meta": {"topic": "Introduction", "type": "Narrative", "language": "阿美語, Amis, Ciwkangan(台東縣長光社區)", "speaker": "陳金龍, Ofad, male, None", "collected": "2005-07-08", "revised": "2014-1-16", "video": "Amis_Nr-intro_ofad.mp3"}, "file": "Amis_Ciwkangan/Amis_Nr-intro_ofad", "num": 17}], [18, {"ori": [], "gloss": [["..", "", ""], ["ma-herek,\\", "AF-finish", "主焦-結束"]], "free": [], "s_end": false, "iu_a_span": [23.22, 23.78], "meta": {"topic": "Introduction", "type": "Narrative", "language": "阿美語, Amis, Ciwkangan(台東縣長光社區)", "speaker": "陳金龍, Ofad, male, None", "collected": "2005-07-08", "revised": "2014-1-16", "video": "Amis_Nr-intro_ofad.mp3"}, "file": "Amis_Ciwkangan/Amis_Nr-intro_ofad", "num": 18}], [19, {"ori": [], "gloss": [["...", "", ""], ["mi-sawad=tu", "AF-graduate=PFV", "主焦-畢業=完成"], ["itira,\\", "there", "那裡"]], "free": ["#e (I) left home and went to Pingtung to study until I graduated from high school.", "#c （我）離開家到屏東讀書，一直到高中畢業以後。"], "s_end": true, "iu_a_span": [23.78, 25.37], "meta": {"topic": "Introduction", "type": "Narrative", "language": "阿美語, Amis, Ciwkangan(台東縣長光社區)", "speaker": "陳金龍, Ofad, male, None", "collected": "2005-07-08", "revised": "2014-1-16", "video": "Amis_Nr-intro_ofad.mp3"}, "s_a_span": [17.54, 25.37], "file": "Amis_Ciwkangan/Amis_Nr-intro_ofad", "num": 19}], [20, {"ori": [], "gloss": [["...(1.5)", "", ""], ["mi==-,\\", "AF-", "主焦-"]], "free": [], "s_end": false, "iu_a_span": [25.37, 27.56], "meta": {"topic": "Introduction", "type": "Narrative", "language": "阿美語, Amis, Ciwkangan(台東縣長光社區)", "speaker": "陳金龍, Ofad, male, None", "collected": "2005-07-08", "revised": "2014-1-16", "video": "Amis_Nr-intro_ofad.mp3"}, "file": "Amis_Ciwkangan/Amis_Nr-intro_ofad", "num": 20}], [21, {"ori": [], "gloss": [["..", "", ""], ["harakat=tu", "start=PFV", "開始=完成"], ["tu==,\\", "OBL", "斜格"]], "free": [], "s_end": false, "iu_a_span": [27.56, 28.56], "meta": {"topic": "Introduction", "type": "Narrative", "language": "阿美語, Amis, Ciwkangan(台東縣長光社區)", "speaker": "陳金龍, Ofad, male, None", "collected": "2005-07-08", "revised": "2014-1-16", "video": "Amis_Nr-intro_ofad.mp3"}, "file": "Amis_Ciwkangan/Amis_Nr-intro_ofad", "num": 21}], [22, {"ori": [], "gloss": [["..", "", ""], ["saka-la-hitai.\\", "SAKA-LA-army", "SAKA-LA-軍隊"]], "free": ["#e I was about to serve in the army.", "#c 我準備當兵。"], "s_end": true, "iu_a_span": [28.56, 29.34], "meta": {"topic": "Introduction", "type": "Narrative", "language": "阿美語, Amis, Ciwkangan(台東縣長光社區)", "speaker": "陳金龍, Ofad, male, None", "collected": "2005-07-08", "revised": "2014-1-16", "video": "Amis_Nr-intro_ofad.mp3"}, "s_a_span": [25.37, 29.34], "file": "Amis_Ciwkangan/Amis_Nr-intro_ofad", "num": 22}], [23, {"ori": [], "gloss": [["..", "", ""], ["ma-herak=tu", "AF-finish=PFV", "主焦-結束=完成"], ["a", "LNK", "連詞"], ["mala-hitai,\\", "become-army", "成為-軍隊"]], "free": [], "s_end": false, "iu_a_span": [29.34, 30.67], "meta": {"topic": "Introduction", "type": "Narrative", "language": "阿美語, Amis, Ciwkangan(台東縣長光社區)", "speaker": "陳金龍, Ofad, male, None", "collected": "2005-07-08", "revised": "2014-1-16", "video": "Amis_Nr-intro_ofad.mp3"}, "file": "Amis_Ciwkangan/Amis_Nr-intro_ofad", "num": 23}], [24, {"ori": [], "gloss": [["...", "", ""], ["u", "CN", "CN"], ["sa-suwal", "SA-talk", "SA-說話"], ["nu", "GEN", "屬格"], ["matuasay,\\", "elder.person", "老人"]], "free": [], "s_end": false, "iu_a_span": [30.67, 33.19], "meta": {"topic": "Introduction", "type": "Narrative", "language": "阿美語, Amis, Ciwkangan(台東縣長光社區)", "speaker": "陳金龍, Ofad, male, None", "collected": "2005-07-08", "revised": "2014-1-16", "video": "Amis_Nr-intro_ofad.mp3"}, "file": "Amis_Ciwkangan/Amis_Nr-intro_ofad", "num": 24}], [25, {"ori": [], "gloss": [["..", "", ""], ["ma-edeng=tu", "AF-suitable=PFV", "主焦-適合=完成"], ["kisu,\\", "2SG.NOM", "2SG.主格"]], "free": [], "s_end": false, "iu_a_span": [33.19, 34.13], "meta": {"topic": "Introduction", "type": "Narrative", "language": "阿美語, Amis, Ciwkangan(台東縣長光社區)", "speaker": "陳金龍, Ofad, male, None", "collected": "2005-07-08", "revised": "2014-1-16", "video": "Amis_Nr-intro_ofad.mp3"}, "file": "Amis_Ciwkangan/Amis_Nr-intro_ofad", "num": 25}], [26, {"ori": [], "gloss": [["..", "", ""], ["u", "CN", "CN"], ["fahinayan=tu", "male=PFV", "男性=完成"], ["kisu.\\", "2SG.NOM", "2SG.主格"]], "free": ["#e After finishing the military service, the elderly said,‘You have become a grown-up man.’", "#c 退伍以後，老人家說，「你可以了。你已經是成年男子了。」"], "s_end": true, "iu_a_span": [34.13, 35.41], "meta": {"topic": "Introduction", "type": "Narrative", "language": "阿美語, Amis, Ciwkangan(台東縣長光社區)", "speaker": "陳金龍, Ofad, male, None", "collected": "2005-07-08", "revised": "2014-1-16", "video": "Amis_Nr-intro_ofad.mp3"}, "s_a_span": [29.34, 35.41], "file": "Amis_Ciwkangan/Amis_Nr-intro_ofad", "num": 26}], [27, {"ori": [], "gloss": [["...", "", ""], ["ma-edeng=tu", "AF-suitable=PFV", "主焦-適合=完成"], ["kisu", "2SG.NOM", "2SG.主格"], ["ci-fafahi’,\\", "get-wife", "有-老婆"]], "free": [], "s_end": false, "iu_a_span": [35.41, 37.08], "meta": {"topic": "Introduction", "type": "Narrative", "language": "阿美語, Amis, Ciwkangan(台東縣長光社區)", "speaker": "陳金龍, Ofad, male, None", "collected": "2005-07-08", "revised": "2014-1-16", "video": "Amis_Nr-intro_ofad.mp3"}, "file": "Amis_Ciwkangan/Amis_Nr-intro_ofad", "num": 27}], [28, {"ori": [], "gloss": [["..", "", ""], ["sa’an", "so", "如此"], ["saka.\\", "so", "因此"]], "free": ["#e ‘You can marry now.’", "#c 「你可以結婚了。」"], "s_end": true, "iu_a_span": [37.08, 37.7], "meta": {"topic": "Introduction", "type": "Narrative", "language": "阿美語, Amis, Ciwkangan(台東縣長光社區)", "speaker": "陳金龍, Ofad, male, None", "collected": "2005-07-08", "revised": "2014-1-16", "video": "Amis_Nr-intro_ofad.mp3"}, "s_a_span": [35.41, 37.7], "file": "Amis_Ciwkangan/Amis_Nr-intro_ofad", "num": 28}], [29, {"ori": [], "gloss": [["...", "", ""], ["itiya,\\", "then", "那時"]], "free": [], "s_end": false, "iu_a_span": [37.7, 38.51], "meta": {"topic": "Introduction", "type": "Narrative", "language": "阿美語, Amis, Ciwkangan(台東縣長光社區)", "speaker": "陳金龍, Ofad, male, None", "collected": "2005-07-08", "revised": "2014-1-16", "video": "Amis_Nr-intro_ofad.mp3"}, "file": "Amis_Ciwkangan/Amis_Nr-intro_ofad", "num": 29}], [30, {"ori": [], "gloss": [["...", "", ""], ["u", "CN", "CN"], ["roma", "next", "下一個"], ["miheca,\\", "year", "年"]], "free": [], "s_end": false, "iu_a_span": [38.51, 39.84], "meta": {"topic": "Introduction", "type": "Narrative", "language": "阿美語, Amis, Ciwkangan(台東縣長光社區)", "speaker": "陳金龍, Ofad, male, None", "collected": "2005-07-08", "revised": "2014-1-16", "video": "Amis_Nr-intro_ofad.mp3"}, "file": "Amis_Ciwkangan/Amis_Nr-intro_ofad", "num": 30}], [31, {"ori": [], "gloss": [["...", "", ""], ["ci-fafahi’=tu", "get-wife=PFV", "有-妻子=完成"], ["kaku.\\", "1SG.NOM", "1SG.主格"]], "free": ["#e Then, I got married the following year.", "#c 因此，隔年，我就結婚了。"], "s_end": true, "iu_a_span": [39.84, 41.25], "meta": {"topic": "Introduction", "type": "Narrative", "language": "阿美語, Amis, Ciwkangan(台東縣長光社區)", "speaker": "陳金龍, Ofad, male, None", "collected": "2005-07-08", "revised": "2014-1-16", "video": "Amis_Nr-intro_ofad.mp3"}, "s_a_span": [37.7, 41.25], "file": "Amis_Ciwkangan/Amis_Nr-intro_ofad", "num": 31}], [32, {"ori": [], "gloss": [["...(0.9)", "", ""], ["ma-herek", "AF-finish", "主焦-結束"], ["ci-fafahi’", "get-wife", "有-妻子"], ["kaku,\\", "1SG.NOM", "1SG.主格"]], "free": [], "s_end": false, "iu_a_span": [41.25, 43.56], "meta": {"topic": "Introduction", "type": "Narrative", "language": "阿美語, Amis, Ciwkangan(台東縣長光社區)", "speaker": "陳金龍, Ofad, male, None", "collected": "2005-07-08", "revised": "2014-1-16", "video": "Amis_Nr-intro_ofad.mp3"}, "file": "Amis_Ciwkangan/Amis_Nr-intro_ofad", "num": 32}], [33, {"ori": [], "gloss": [["..", "", ""], ["tangsul", "immediately", "立刻"], ["sa", "SA", "SA"], ["tayni", "come", "來"], ["i==,\\", "LOC", "處格"]], "free": [], "s_end": false, "iu_a_span": [43.56, 45.28], "meta": {"topic": "Introduction", "type": "Narrative", "language": "阿美語, Amis, Ciwkangan(台東縣長光社區)", "speaker": "陳金龍, Ofad, male, None", "collected": "2005-07-08", "revised": "2014-1-16", "video": "Amis_Nr-intro_ofad.mp3"}, "file": "Amis_Ciwkangan/Amis_Nr-intro_ofad", "num": 33}], [34, {"ori": [], "gloss": [["...", "", ""], ["taypak.\\", "Taipei", "台北"]], "free": ["#e After I got married, I came to Taipei immediately.", "#c 我結婚之後沒多久就到台北。"], "s_end": true, "iu_a_span": [45.28, 46.57], "meta": {"topic": "Introduction", "type": "Narrative", "language": "阿美語, Amis, Ciwkangan(台東縣長光社區)", "speaker": "陳金龍, Ofad, male, None", "collected": "2005-07-08", "revised": "2014-1-16", "video": "Amis_Nr-intro_ofad.mp3"}, "s_a_span": [41.25, 46.57], "file": "Amis_Ciwkangan/Amis_Nr-intro_ofad", "num": 34}], [35, {"ori": [], "gloss": [["...", "", ""], ["itini", "here", "這裡"], ["i", "LOC", "處格"], ["taypak", "Taipei", "台北"], ["i==,_", "DM", "DM"]], "free": [], "s_end": false, "iu_a_span": [46.57, 48.13], "meta": {"topic": "Introduction", "type": "Narrative", "language": "阿美語, Amis, Ciwkangan(台東縣長光社區)", "speaker": "陳金龍, Ofad, male, None", "collected": "2005-07-08", "revised": "2014-1-16", "video": "Amis_Nr-intro_ofad.mp3"}, "file": "Amis_Ciwkangan/Amis_Nr-intro_ofad", "num": 35}], [36, {"ori": [], "gloss": [["..", "", ""], ["anu", "COND", "條件詞"], ["saosi-en", "count-PF", "算-受焦"], ["ku", "NOM", "主格"], ["miheca-an,\\", "year-AN", "年-AN"]], "free": [], "s_end": false, "iu_a_span": [48.13, 49.19], "meta": {"topic": "Introduction", "type": "Narrative", "language": "阿美語, Amis, Ciwkangan(台東縣長光社區)", "speaker": "陳金龍, Ofad, male, None", "collected": "2005-07-08", "revised": "2014-1-16", "video": "Amis_Nr-intro_ofad.mp3"}, "file": "Amis_Ciwkangan/Amis_Nr-intro_ofad", "num": 36}], [37, {"ori": [], "gloss": [["..", "", ""], ["itira", "there", "那裡"], ["i==,_", "LOC", "處格"]], "free": [], "s_end": false, "iu_a_span": [49.19, 49.7], "meta": {"topic": "Introduction", "type": "Narrative", "language": "阿美語, Amis, Ciwkangan(台東縣長光社區)", "speaker": "陳金龍, Ofad, male, None", "collected": "2005-07-08", "revised": "2014-1-16", "video": "Amis_Nr-intro_ofad.mp3"}, "file": "Amis_Ciwkangan/Amis_Nr-intro_ofad", "num": 37}], [38, {"ori": [], "gloss": [["..", "", ""], ["enem", "six", "六"], ["polo’,\\", "ten", "十"]], "free": [], "s_end": false, "iu_a_span": [49.7, 50.51], "meta": {"topic": "Introduction", "type": "Narrative", "language": "阿美語, Amis, Ciwkangan(台東縣長光社區)", "speaker": "陳金龍, Ofad, male, None", "collected": "2005-07-08", "revised": "2014-1-16", "video": "Amis_Nr-intro_ofad.mp3"}, "file": "Amis_Ciwkangan/Amis_Nr-intro_ofad", "num": 38}], [39, {"ori": [], "gloss": [["...", "", ""], ["ira", "EXIST", "存在"], ["ku==,\\", "NOM", "主格"]], "free": [], "s_end": false, "iu_a_span": [50.51, 51.79], "meta": {"topic": "Introduction", "type": "Narrative", "language": "阿美語, Amis, Ciwkangan(台東縣長光社區)", "speaker": "陳金龍, Ofad, male, None", "collected": "2005-07-08", "revised": "2014-1-16", "video": "Amis_Nr-intro_ofad.mp3"}, "file": "Amis_Ciwkangan/Amis_Nr-intro_ofad", "num": 39}], [40, {"ori": [], "gloss": [["..", "", ""], ["saka==-,\\", "ordinal-", "序數-"]], "free": [], "s_end": false, "iu_a_span": [51.79, 52.51], "meta": {"topic": "Introduction", "type": "Narrative", "language": "阿美語, Amis, Ciwkangan(台東縣長光社區)", "speaker": "陳金龍, Ofad, male, None", "collected": "2005-07-08", "revised": "2014-1-16", "video": "Amis_Nr-intro_ofad.mp3"}, "file": "Amis_Ciwkangan/Amis_Nr-intro_ofad", "num": 40}], [41, {"ori": [], "gloss": [["..", "", ""], ["tulu.\\", "three", "三"]], "free": ["#e It was around 1974 (when I came) to Taipei.", "#c 在台北算算年份，是在民國六十三年。"], "s_end": true, "iu_a_span": [52.51, 53.0], "meta": {"topic": "Introduction", "type": "Narrative", "language": "阿美語, Amis, Ciwkangan(台東縣長光社區)", "speaker": "陳金龍, Ofad, male, None", "collected": "2005-07-08", "revised": "2014-1-16", "video": "Amis_Nr-intro_ofad.mp3"}, "s_a_span": [46.57, 53.0], "file": "Amis_Ciwkangan/Amis_Nr-intro_ofad", "num": 41}], [42, {"ori": [], "gloss": [["...", "", ""], ["ma-lumed,\\", "AF-lucky", "主焦-幸運"]], "free": [], "s_end": false, "iu_a_span": [53.0, 54.29], "meta": {"topic": "Introduction", "type": "Narrative", "language": "阿美語, Amis, Ciwkangan(台東縣長光社區)", "speaker": "陳金龍, Ofad, male, None", "collected": "2005-07-08", "revised": "2014-1-16", "video": "Amis_Nr-intro_ofad.mp3"}, "file": "Amis_Ciwkangan/Amis_Nr-intro_ofad", "num": 42}], [43, {"ori": [], "gloss": [["..", "", ""], ["aca", "PART", "語助詞"], ["ku==,\\", "NOM", "主格"]], "free": [], "s_end": false, "iu_a_span": [54.29, 55.22], "meta": {"topic": "Introduction", "type": "Narrative", "language": "阿美語, Amis, Ciwkangan(台東縣長光社區)", "speaker": "陳金龍, Ofad, male, None", "collected": "2005-07-08", "revised": "2014-1-16", "video": "Amis_Nr-intro_ofad.mp3"}, "file": "Amis_Ciwkangan/Amis_Nr-intro_ofad", "num": 43}], [44, {"ori": [], "gloss": [["..", "", ""], ["ka-tayni", "KA-come", "KA-來"], ["aku", "1SG.GEN", "1SG.屬格"], ["i", "LOC", "處格"], ["taypak.\\", "Taipei", "台北"]], "free": ["#e I felt lucky to have come to Taipei.", "#c 我到台北來運氣非常好。"], "s_end": true, "iu_a_span": [55.22, 56.42], "meta": {"topic": "Introduction", "type": "Narrative", "language": "阿美語, Amis, Ciwkangan(台東縣長光社區)", "speaker": "陳金龍, Ofad, male, None", "collected": "2005-07-08", "revised": "2014-1-16", "video": "Amis_Nr-intro_ofad.mp3"}, "s_a_span": [53.0, 56.42], "file": "Amis_Ciwkangan/Amis_Nr-intro_ofad", "num": 44}], [45, {"ori": [], "gloss": [["...", "", ""], ["roma", "next", "下一"], ["miheca,\\", "year", "年"]], "free": [], "s_end": false, "iu_a_span": [56.42, 57.65], "meta": {"topic": "Introduction", "type": "Narrative", "language": "阿美語, Amis, Ciwkangan(台東縣長光社區)", "speaker": "陳金龍, Ofad, male, None", "collected": "2005-07-08", "revised": "2014-1-16", "video": "Amis_Nr-intro_ofad.mp3"}, "file": "Amis_Ciwkangan/Amis_Nr-intro_ofad", "num": 45}], [46, {"ori": [], "gloss": [["..", "", ""], ["tangsul", "immediately", "立刻"], ["kaku", "1SG.NOM", "1SG.主格"], ["mi==-,\\", "AF-", "主焦-"]], "free": [], "s_end": false, "iu_a_span": [57.65, 59.08], "meta": {"topic": "Introduction", "type": "Narrative", "language": "阿美語, Amis, Ciwkangan(台東縣長光社區)", "speaker": "陳金龍, Ofad, male, None", "collected": "2005-07-08", "revised": "2014-1-16", "video": "Amis_Nr-intro_ofad.mp3"}, "file": "Amis_Ciwkangan/Amis_Nr-intro_ofad", "num": 46}], [47, {"ori": [], "gloss": [["...", "", ""], ["mi-sikin", "AF-test", "主焦-考試"], ["tu", "OBL", "斜格"], ["nu", "GEN", "屬格"], ["pakayni", "from.here", "從這裡"], ["i,_", "LOC", "處格"]], "free": [], "s_end": false, "iu_a_span": [59.08, 61.37], "meta": {"topic": "Introduction", "type": "Narrative", "language": "阿美語, Amis, Ciwkangan(台東縣長光社區)", "speaker": "陳金龍, Ofad, male, None", "collected": "2005-07-08", "revised": "2014-1-16", "video": "Amis_Nr-intro_ofad.mp3"}, "file": "Amis_Ciwkangan/Amis_Nr-intro_ofad", "num": 47}], [48, {"ori": [], "gloss": [["..", "", ""], ["hikociw", "airport", "航空站"], ["a==,\\", "LNK", "連詞"]], "free": [], "s_end": false, "iu_a_span": [61.37, 62.35], "meta": {"topic": "Introduction", "type": "Narrative", "language": "阿美語, Amis, Ciwkangan(台東縣長光社區)", "speaker": "陳金龍, Ofad, male, None", "collected": "2005-07-08", "revised": "2014-1-16", "video": "Amis_Nr-intro_ofad.mp3"}, "file": "Amis_Ciwkangan/Amis_Nr-intro_ofad", "num": 48}], [49, {"ori": [], "gloss": [["..", "", ""], ["sikin", "test", "考試"], ["saka.\\", "so", "因此"]], "free": [], "s_end": false, "iu_a_span": [62.35, 63.28], "meta": {"topic": "Introduction", "type": "Narrative", "language": "阿美語, Amis, Ciwkangan(台東縣長光社區)", "speaker": "陳金龍, Ofad, male, None", "collected": "2005-07-08", "revised": "2014-1-16", "video": "Amis_Nr-intro_ofad.mp3"}, "file": "Amis_Ciwkangan/Amis_Nr-intro_ofad", "num": 49}], [50, {"ori": [], "gloss": [["...", "", ""], ["itira", "there", "那裡"], ["kaku", "1SG.NOM", "1SG.主格"], ["i==,\\", "LOC", "處格"]], "free": [], "s_end": false, "iu_a_span": [63.28, 64.63], "meta": {"topic": "Introduction", "type": "Narrative", "language": "阿美語, Amis, Ciwkangan(台東縣長光社區)", "speaker": "陳金龍, Ofad, male, None", "collected": "2005-07-08", "revised": "2014-1-16", "video": "Amis_Nr-intro_ofad.mp3"}, "file": "Amis_Ciwkangan/Amis_Nr-intro_ofad", "num": 50}], [51, {"ori": [], "gloss": [["..", "", ""], ["ma-tayal", "AF-work", "主焦-工作"], ["tah,\\", "FS", "FS"]], "free": [], "s_end": false, "iu_a_span": [64.63, 65.41], "meta": {"topic": "Introduction", "type": "Narrative", "language": "阿美語, Amis, Ciwkangan(台東縣長光社區)", "speaker": "陳金龍, Ofad, male, None", "collected": "2005-07-08", "revised": "2014-1-16", "video": "Amis_Nr-intro_ofad.mp3"}, "file": "Amis_Ciwkangan/Amis_Nr-intro_ofad", "num": 51}], [52, {"ori": [], "gloss": [["...", "", ""], ["tahira", "till", "到"], ["anini,\\", "now", "現在"]], "free": ["#e The following year I immediately took an examination for a job at an airport; I am still working there now.", "#c 我隔年馬上參加航空站考試，在那邊服務一直到現在。"], "s_end": true, "iu_a_span": [65.41, 66.46], "meta": {"topic": "Introduction", "type": "Narrative", "language": "阿美語, Amis, Ciwkangan(台東縣長光社區)", "speaker": "陳金龍, Ofad, male, None", "collected": "2005-07-08", "revised": "2014-1-16", "video": "Amis_Nr-intro_ofad.mp3"}, "s_a_span": [56.42, 66.46], "file": "Amis_Ciwkangan/Amis_Nr-intro_ofad", "num": 52}], [53, {"ori": [], "gloss": [["...", "", ""], ["tulu=tu", "three=PFV", "三=完成"], ["polo’", "ten", "十"], ["ku==,\\", "NOM", "主格"]], "free": [], "s_end": false, "iu_a_span": [66.46, 68.21], "meta": {"topic": "Introduction", "type": "Narrative", "language": "阿美語, Amis, Ciwkangan(台東縣長光社區)", "speaker": "陳金龍, Ofad, male, None", "collected": "2005-07-08", "revised": "2014-1-16", "video": "Amis_Nr-intro_ofad.mp3"}, "file": "Amis_Ciwkangan/Amis_Nr-intro_ofad", "num": 53}], [54, {"ori": [], "gloss": [["..", "", ""], ["miheca-an", "year-AN", "年-AN"], ["ku,\\", "NOM", "主格"]], "free": [], "s_end": false, "iu_a_span": [68.21, 68.92], "meta": {"topic": "Introduction", "type": "Narrative", "language": "阿美語, Amis, Ciwkangan(台東縣長光社區)", "speaker": "陳金龍, Ofad, male, None", "collected": "2005-07-08", "revised": "2014-1-16", "video": "Amis_Nr-intro_ofad.mp3"}, "file": "Amis_Ciwkangan/Amis_Nr-intro_ofad", "num": 54}], [55, {"ori": [], "gloss": [["..", "", ""], ["tayal", "work", "工作"], ["aku", "1SG.GEN", "1SG.屬格"], ["itira.\\", "there", "那裡"]], "free": ["#e I have worked there for thirty years.", "#c 我在那邊工作已經三十年了。"], "s_end": true, "iu_a_span": [68.92, 69.84], "meta": {"topic": "Introduction", "type": "Narrative", "language": "阿美語, Amis, Ciwkangan(台東縣長光社區)", "speaker": "陳金龍, Ofad, male, None", "collected": "2005-07-08", "revised": "2014-1-16", "video": "Amis_Nr-intro_ofad.mp3"}, "s_a_span": [66.46, 69.84], "file": "Amis_Ciwkangan/Amis_Nr-intro_ofad", "num": 55}], [56, {"ori": [], "gloss": [["...(0.7)", "", ""], ["tunini-an", "this.OBL-AN", "這個.斜格-AN"], ["a,\\", "LNK", "連詞"]], "free": [], "s_end": false, "iu_a_span": [69.84, 71.3], "meta": {"topic": "Introduction", "type": "Narrative", "language": "阿美語, Amis, Ciwkangan(台東縣長光社區)", "speaker": "陳金龍, Ofad, male, None", "collected": "2005-07-08", "revised": "2014-1-16", "video": "Amis_Nr-intro_ofad.mp3"}, "file": "Amis_Ciwkangan/Amis_Nr-intro_ofad", "num": 56}], [57, {"ori": [], "gloss": [["..", "", ""], ["tayal", "work", "工作"], ["nu", "GEN", "屬格"], ["maku,\\", "1SG.POSS", "1SG.所有格"]], "free": [], "s_end": false, "iu_a_span": [71.3, 72.23], "meta": {"topic": "Introduction", "type": "Narrative", "language": "阿美語, Amis, Ciwkangan(台東縣長光社區)", "speaker": "陳金龍, Ofad, male, None", "collected": "2005-07-08", "revised": "2014-1-16", "video": "Amis_Nr-intro_ofad.mp3"}, "file": "Amis_Ciwkangan/Amis_Nr-intro_ofad", "num": 57}], [58, {"ori": [], "gloss": [["...", "", ""], ["pakayni-ay", "from.here-AY", "從這裡-AY"], ["tu", "TU", "TU"], ["nu", "GEN", "屬格"], ["pancah,\\", "Amis", "阿美語"]], "free": [], "s_end": false, "iu_a_span": [72.23, 74.01], "meta": {"topic": "Introduction", "type": "Narrative", "language": "阿美語, Amis, Ciwkangan(台東縣長光社區)", "speaker": "陳金龍, Ofad, male, None", "collected": "2005-07-08", "revised": "2014-1-16", "video": "Amis_Nr-intro_ofad.mp3"}, "file": "Amis_Ciwkangan/Amis_Nr-intro_ofad", "num": 58}], [59, {"ori": [], "gloss": [["..", "", ""], ["itira", "there", "那裡"], ["i", "LOC", "處格"], ["saka-,\\", "ordinal-", "序數-"]], "free": [], "s_end": false, "iu_a_span": [74.01, 74.95], "meta": {"topic": "Introduction", "type": "Narrative", "language": "阿美語, Amis, Ciwkangan(台東縣長光社區)", "speaker": "陳金龍, Ofad, male, None", "collected": "2005-07-08", "revised": "2014-1-16", "video": "Amis_Nr-intro_ofad.mp3"}, "file": "Amis_Ciwkangan/Amis_Nr-intro_ofad", "num": 59}], [60, {"ori": [], "gloss": [["..", "", ""], ["pitu,\\", "seven", "七"]], "free": [], "s_end": false, "iu_a_span": [74.95, 75.38], "meta": {"topic": "Introduction", "type": "Narrative", "language": "阿美語, Amis, Ciwkangan(台東縣長光社區)", "speaker": "陳金龍, Ofad, male, None", "collected": "2005-07-08", "revised": "2014-1-16", "video": "Amis_Nr-intro_ofad.mp3"}, "file": "Amis_Ciwkangan/Amis_Nr-intro_ofad", "num": 60}], [61, {"ori": [], "gloss": [["..", "", ""], ["polo’", "ten", "十"], ["miheca-an", "year-AN", "年-AN"], ["sa,\\", "SA", "SA"]], "free": [], "s_end": false, "iu_a_span": [75.38, 76.4], "meta": {"topic": "Introduction", "type": "Narrative", "language": "阿美語, Amis, Ciwkangan(台東縣長光社區)", "speaker": "陳金龍, Ofad, male, None", "collected": "2005-07-08", "revised": "2014-1-16", "video": "Amis_Nr-intro_ofad.mp3"}, "file": "Amis_Ciwkangan/Amis_Nr-intro_ofad", "num": 61}], [62, {"ori": [], "gloss": [["..", "", ""], ["ira", "EXIST", "存在"], ["ku", "NOM", "主格"], ["lima.\\", "five", "五"]], "free": ["#e It is in 1986 that I engaged in the work on Amis.", "#c 我從事阿美族語的工作，是在七十五年。"], "s_end": true, "iu_a_span": [76.4, 77.18], "meta": {"topic": "Introduction", "type": "Narrative", "language": "阿美語, Amis, Ciwkangan(台東縣長光社區)", "speaker": "陳金龍, Ofad, male, None", "collected": "2005-07-08", "revised": "2014-1-16", "video": "Amis_Nr-intro_ofad.mp3"}, "s_a_span": [69.84, 77.18], "file": "Amis_Ciwkangan/Amis_Nr-intro_ofad", "num": 62}], [63, {"ori": [], "gloss": [["...", "", ""], ["ma-lumed", "AF-lucky", "主焦-幸運"], ["kaku", "1SG.NOM", "1SG.主格"], ["itiya,\\", "then", "那時"]], "free": [], "s_end": false, "iu_a_span": [77.18, 78.85], "meta": {"topic": "Introduction", "type": "Narrative", "language": "阿美語, Amis, Ciwkangan(台東縣長光社區)", "speaker": "陳金龍, Ofad, male, None", "collected": "2005-07-08", "revised": "2014-1-16", "video": "Amis_Nr-intro_ofad.mp3"}, "file": "Amis_Ciwkangan/Amis_Nr-intro_ofad", "num": 63}], [64, {"ori": [], "gloss": [["...", "", ""], ["ira", "EXIST", "存在"], ["ci", "NCM.SG.NOM", "NCM.SG.主格"], ["Afan", "PN", "人名"], ["a", "LNK", "連詞"], ["singsi,\\", "teacher", "老師"]], "free": ["#e I was lucky to meet Professor Afan.", "#c 那一年我很幸運，認識了Afan（方敏英）老師。"], "s_end": true, "iu_a_span": [78.85, 80.7], "meta": {"topic": "Introduction", "type": "Narrative", "language": "阿美語, Amis, Ciwkangan(台東縣長光社區)", "speaker": "陳金龍, Ofad, male, None", "collected": "2005-07-08", "revised": "2014-1-16", "video": "Amis_Nr-intro_ofad.mp3"}, "s_a_span": [77.18, 80.7], "file": "Amis_Ciwkangan/Amis_Nr-intro_ofad", "num": 64}], [65, {"ori": [], "gloss": [["...", "", ""], ["mi-sanga’", "AF-make", "主焦-作"], ["kaku", "1SG.NOM", "1SG.主格"], ["tu,\\", "OBL", "斜格"]], "free": [], "s_end": false, "iu_a_span": [80.7, 82.12], "meta": {"topic": "Introduction", "type": "Narrative", "language": "阿美語, Amis, Ciwkangan(台東縣長光社區)", "speaker": "陳金龍, Ofad, male, None", "collected": "2005-07-08", "revised": "2014-1-16", "video": "Amis_Nr-intro_ofad.mp3"}, "file": "Amis_Ciwkangan/Amis_Nr-intro_ofad", "num": 65}], [66, {"ori": [], "gloss": [["..", "", ""], ["citen", "dictionary", "字典"], ["nu", "GEN", "屬格"], ["pancah,\\", "Amis", "阿美語"]], "free": [], "s_end": false, "iu_a_span": [82.12, 83.42], "meta": {"topic": "Introduction", "type": "Narrative", "language": "阿美語, Amis, Ciwkangan(台東縣長光社區)", "speaker": "陳金龍, Ofad, male, None", "collected": "2005-07-08", "revised": "2014-1-16", "video": "Amis_Nr-intro_ofad.mp3"}, "file": "Amis_Ciwkangan/Amis_Nr-intro_ofad", "num": 66}], [67, {"ori": [], "gloss": [["..", "", ""], ["sa’an", "so", "如此"], ["ku", "NOM", "主格"], ["suwal", "talk", "說話"], ["nira", "3SG.GEN", "3SG.屬格"], ["saka.\\", "so", "因此"]], "free": ["#e ‘I am going to compile an Amis dictionary,’ he said.", "#c 他說：「我要製作阿美語的字典。」"], "s_end": true, "iu_a_span": [83.42, 84.51], "meta": {"topic": "Introduction", "type": "Narrative", "language": "阿美語, Amis, Ciwkangan(台東縣長光社區)", "speaker": "陳金龍, Ofad, male, None", "collected": "2005-07-08", "revised": "2014-1-16", "video": "Amis_Nr-intro_ofad.mp3"}, "s_a_span": [80.7, 84.51], "file": "Amis_Ciwkangan/Amis_Nr-intro_ofad", "num": 67}], [68, {"ori": [], "gloss": [["..", "", ""], ["mi-kilim-ay", "AF-search-FAC", "主焦-尋找-FAC"], ["tu,\\", "OBL", "斜格"]], "free": [], "s_end": false, "iu_a_span": [84.51, 85.67], "meta": {"topic": "Introduction", "type": "Narrative", "language": "阿美語, Amis, Ciwkangan(台東縣長光社區)", "speaker": "陳金龍, Ofad, male, None", "collected": "2005-07-08", "revised": "2014-1-16", "video": "Amis_Nr-intro_ofad.mp3"}, "file": "Amis_Ciwkangan/Amis_Nr-intro_ofad", "num": 68}], [69, {"ori": [], "gloss": [["..", "", ""], ["mami,\\", "MAMI", "MAMI"]], "free": [], "s_end": false, "iu_a_span": [85.67, 86.22], "meta": {"topic": "Introduction", "type": "Narrative", "language": "阿美語, Amis, Ciwkangan(台東縣長光社區)", "speaker": "陳金龍, Ofad, male, None", "collected": "2005-07-08", "revised": "2014-1-16", "video": "Amis_Nr-intro_ofad.mp3"}, "file": "Amis_Ciwkangan/Amis_Nr-intro_ofad", "num": 69}], [70, {"ori": [], "gloss": [["..", "", ""], ["falic", "translate", "翻譯"], ["tu,\\", "OBL", "斜格"]], "free": [], "s_end": false, "iu_a_span": [86.22, 87.23], "meta": {"topic": "Introduction", "type": "Narrative", "language": "阿美語, Amis, Ciwkangan(台東縣長光社區)", "speaker": "陳金龍, Ofad, male, None", "collected": "2005-07-08", "revised": "2014-1-16", "video": "Amis_Nr-intro_ofad.mp3"}, "file": "Amis_Ciwkangan/Amis_Nr-intro_ofad", "num": 70}], [71, {"ori": [], "gloss": [["..", "", ""], ["tilid", "word", "文字"], ["nu", "GEN", "屬格"], ["pancah", "Amis", "阿美語"], ["malu-,\\", "become-", "變成-"]], "free": [], "s_end": false, "iu_a_span": [87.23, 88.48], "meta": {"topic": "Introduction", "type": "Narrative", "language": "阿美語, Amis, Ciwkangan(台東縣長光社區)", "speaker": "陳金龍, Ofad, male, None", "collected": "2005-07-08", "revised": "2014-1-16", "video": "Amis_Nr-intro_ofad.mp3"}, "file": "Amis_Ciwkangan/Amis_Nr-intro_ofad", "num": 71}], [72, {"ori": [], "gloss": [["..", "", ""], ["mi-falic", "AF-translate", "主焦-翻譯"], ["sa", "SA", "SA"], ["nu==,\\", "GEN", "屬格"]], "free": [], "s_end": false, "iu_a_span": [88.48, 90.05], "meta": {"topic": "Introduction", "type": "Narrative", "language": "阿美語, Amis, Ciwkangan(台東縣長光社區)", "speaker": "陳金龍, Ofad, male, None", "collected": "2005-07-08", "revised": "2014-1-16", "video": "Amis_Nr-intro_ofad.mp3"}, "file": "Amis_Ciwkangan/Amis_Nr-intro_ofad", "num": 72}], [73, {"ori": [], "gloss": [["..", "", ""], ["holam.\\", "Chinese", "漢語"]], "free": ["#e He is looking for someone to translate Amis into Chinese.", "#c 他在找一位把翻譯阿美語的書翻成漢語的人。"], "s_end": true, "iu_a_span": [90.05, 90.54], "meta": {"topic": "Introduction", "type": "Narrative", "language": "阿美語, Amis, Ciwkangan(台東縣長光社區)", "speaker": "陳金龍, Ofad, male, None", "collected": "2005-07-08", "revised": "2014-1-16", "video": "Amis_Nr-intro_ofad.mp3"}, "s_a_span": [84.51, 90.54], "file": "Amis_Ciwkangan/Amis_Nr-intro_ofad", "num": 73}], [74, {"ori": [], "gloss": [["...", "", ""], ["saka,\\", "so", "因此"]], "free": [], "s_end": false, "iu_a_span": [90.54, 91.45], "meta": {"topic": "Introduction", "type": "Narrative", "language": "阿美語, Amis, Ciwkangan(台東縣長光社區)", "speaker": "陳金龍, Ofad, male, None", "collected": "2005-07-08", "revised": "2014-1-16", "video": "Amis_Nr-intro_ofad.mp3"}, "file": "Amis_Ciwkangan/Amis_Nr-intro_ofad", "num": 74}], [75, {"ori": [], "gloss": [["..", "", ""], ["mi-tayal-ay", "AF-work-FAC", "主焦-工作-FAC"], ["kaku", "1SG.NOM", "1SG.主格"], ["itiya,\\", "then", "那時"]], "free": ["#e Therefore I accepted the job then.", "#c 所以我在那個時候工作。"], "s_end": true, "iu_a_span": [91.45, 92.61], "meta": {"topic": "Introduction", "type": "Narrative", "language": "阿美語, Amis, Ciwkangan(台東縣長光社區)", "speaker": "陳金龍, Ofad, male, None", "collected": "2005-07-08", "revised": "2014-1-16", "video": "Amis_Nr-intro_ofad.mp3"}, "s_a_span": [90.54, 92.61], "file": "Amis_Ciwkangan/Amis_Nr-intro_ofad", "num": 75}], [76, {"ori": [], "gloss": [["...", "", ""], ["sa-rakat", "SA-walk", "SA-走路"], ["aku", "1SG.GEN", "1SG.屬格"], ["mi-camul", "AF-participate", "主焦-參與"], ["a", "LNK", "連詞"], ["mi-tayal,\\", "AF-work", "主焦-工作"]], "free": [], "s_end": false, "iu_a_span": [92.61, 95.3], "meta": {"topic": "Introduction", "type": "Narrative", "language": "阿美語, Amis, Ciwkangan(台東縣長光社區)", "speaker": "陳金龍, Ofad, male, None", "collected": "2005-07-08", "revised": "2014-1-16", "video": "Amis_Nr-intro_ofad.mp3"}, "file": "Amis_Ciwkangan/Amis_Nr-intro_ofad", "num": 76}], [77, {"ori": [], "gloss": [["..", "", ""], ["tu", "OBL", "斜格"], ["tilid", "word", "文字"], ["nu", "GEN", "屬格"], ["pancah", "Amis", "阿美語"], ["itiya.\\", "then", "那時"]], "free": ["#e It was the first time that I participated in the work on the Amis language.", "#c 在那個時候我首次參與阿美語文的工作。"], "s_end": true, "iu_a_span": [95.3, 96.75], "meta": {"topic": "Introduction", "type": "Narrative", "language": "阿美語, Amis, Ciwkangan(台東縣長光社區)", "speaker": "陳金龍, Ofad, male, None", "collected": "2005-07-08", "revised": "2014-1-16", "video": "Amis_Nr-intro_ofad.mp3"}, "s_a_span": [92.61, 96.75], "file": "Amis_Ciwkangan/Amis_Nr-intro_ofad", "num": 77}], [78, {"ori": [], "gloss": [["..", "", ""], ["ta,\\", "then", "才"]], "free": [], "s_end": false, "iu_a_span": [96.75, 97.18], "meta": {"topic": "Introduction", "type": "Narrative", "language": "阿美語, Amis, Ciwkangan(台東縣長光社區)", "speaker": "陳金龍, Ofad, male, None", "collected": "2005-07-08", "revised": "2014-1-16", "video": "Amis_Nr-intro_ofad.mp3"}, "file": "Amis_Ciwkangan/Amis_Nr-intro_ofad", "num": 78}], [79, {"ori": [], "gloss": [["..", "", ""], ["ma-fana’", "AF-know", "主焦-知道"], ["kaku=tu", "1SG.NOM=PFV", "1SG.主格=完成"], ["ka,\\", "FS", "FS"]], "free": [], "s_end": false, "iu_a_span": [97.18, 98.76], "meta": {"topic": "Introduction", "type": "Narrative", "language": "阿美語, Amis, Ciwkangan(台東縣長光社區)", "speaker": "陳金龍, Ofad, male, None", "collected": "2005-07-08", "revised": "2014-1-16", "video": "Amis_Nr-intro_ofad.mp3"}, "file": "Amis_Ciwkangan/Amis_Nr-intro_ofad", "num": 79}], [80, {"ori": [], "gloss": [["...", "", ""], ["tada,\\", "very", "非常"]], "free": [], "s_end": false, "iu_a_span": [98.76, 100.28], "meta": {"topic": "Introduction", "type": "Narrative", "language": "阿美語, Amis, Ciwkangan(台東縣長光社區)", "speaker": "陳金龍, Ofad, male, None", "collected": "2005-07-08", "revised": "2014-1-16", "video": "Amis_Nr-intro_ofad.mp3"}, "file": "Amis_Ciwkangan/Amis_Nr-intro_ofad", "num": 80}], [81, {"ori": [], "gloss": [["..", "", ""], ["ka-fangcal", "KA-good", "KA-好"], ["ku,\\", "NOM", "主格"]], "free": [], "s_end": false, "iu_a_span": [100.28, 101.65], "meta": {"topic": "Introduction", "type": "Narrative", "language": "阿美語, Amis, Ciwkangan(台東縣長光社區)", "speaker": "陳金龍, Ofad, male, None", "collected": "2005-07-08", "revised": "2014-1-16", "video": "Amis_Nr-intro_ofad.mp3"}, "file": "Amis_Ciwkangan/Amis_Nr-intro_ofad", "num": 81}], [82, {"ori": [], "gloss": [["...", "", ""], ["tilid", "word", "文字"], ["nu", "GEN", "屬格"], ["pancah,\\", "Amis", "阿美語"]], "free": ["#e From then on, I realized that the Amis language is beautiful.", "#c 從那時我才知道阿美語文非常的優美。"], "s_end": true, "iu_a_span": [101.65, 103.06], "meta": {"topic": "Introduction", "type": "Narrative", "language": "阿美語, Amis, Ciwkangan(台東縣長光社區)", "speaker": "陳金龍, Ofad, male, None", "collected": "2005-07-08", "revised": "2014-1-16", "video": "Amis_Nr-intro_ofad.mp3"}, "s_a_span": [96.75, 103.06], "file": "Amis_Ciwkangan/Amis_Nr-intro_ofad", "num": 82}], [83, {"ori": [], "gloss": [["..", "", ""], ["u", "CN", "CN"], ["caciaw", "speech", "話語"], ["nu", "GEN", "屬格"], ["pancah,\\", "Amis", "阿美語"]], "free": [], "s_end": false, "iu_a_span": [103.06, 104.32], "meta": {"topic": "Introduction", "type": "Narrative", "language": "阿美語, Amis, Ciwkangan(台東縣長光社區)", "speaker": "陳金龍, Ofad, male, None", "collected": "2005-07-08", "revised": "2014-1-16", "video": "Amis_Nr-intro_ofad.mp3"}, "file": "Amis_Ciwkangan/Amis_Nr-intro_ofad", "num": 83}], [84, {"ori": [], "gloss": [["..", "", ""], ["u", "CN", "CN"], ["facu", "structure", "結構"], ["nu", "GEN", "屬格"], ["pancah,\\", "Amis", "阿美語"]], "free": [], "s_end": false, "iu_a_span": [104.32, 105.67], "meta": {"topic": "Introduction", "type": "Narrative", "language": "阿美語, Amis, Ciwkangan(台東縣長光社區)", "speaker": "陳金龍, Ofad, male, None", "collected": "2005-07-08", "revised": "2014-1-16", "video": "Amis_Nr-intro_ofad.mp3"}, "file": "Amis_Ciwkangan/Amis_Nr-intro_ofad", "num": 84}], [85, {"ori": [], "gloss": [["..", "", ""], ["ma-e’min", "AF-all", "主焦-全部"], ["a", "LNK", "連詞"], ["fangcal,\\", "good", "好"]], "free": ["#e The speech and the structure of the Amis language are all beautiful.", "#c 阿美語和它的結構，全部都優美。"], "s_end": true, "iu_a_span": [105.67, 106.65], "meta": {"topic": "Introduction", "type": "Narrative", "language": "阿美語, Amis, Ciwkangan(台東縣長光社區)", "speaker": "陳金龍, Ofad, male, None", "collected": "2005-07-08", "revised": "2014-1-16", "video": "Amis_Nr-intro_ofad.mp3"}, "s_a_span": [103.06, 106.65], "file": "Amis_Ciwkangan/Amis_Nr-intro_ofad", "num": 85}], [86, {"ori": [], "gloss": [["...", "", ""], ["saka", "so", "因此"], ["itiya", "then", "那時"], ["sa=tu", "SA=PFV", "SA=完成"], ["kaku,\\", "1SG.NOM", "1SG.主格"]], "free": [], "s_end": false, "iu_a_span": [106.65, 108.36], "meta": {"topic": "Introduction", "type": "Narrative", "language": "阿美語, Amis, Ciwkangan(台東縣長光社區)", "speaker": "陳金龍, Ofad, male, None", "collected": "2005-07-08", "revised": "2014-1-16", "video": "Amis_Nr-intro_ofad.mp3"}, "file": "Amis_Ciwkangan/Amis_Nr-intro_ofad", "num": 86}], [87, {"ori": [], "gloss": [["...", "", ""], ["mi-nengneng,\\", "AF-look", "主焦-看"]], "free": [], "s_end": false, "iu_a_span": [108.36, 109.57], "meta": {"topic": "Introduction", "type": "Narrative", "language": "阿美語, Amis, Ciwkangan(台東縣長光社區)", "speaker": "陳金龍, Ofad, male, None", "collected": "2005-07-08", "revised": "2014-1-16", "video": "Amis_Nr-intro_ofad.mp3"}, "file": "Amis_Ciwkangan/Amis_Nr-intro_ofad", "num": 87}], [88, {"ori": [], "gloss": [["..", "", ""], ["ma-nga’ay", "AF-good", "主焦-好"], ["kini,\\", "DM", "DM"]], "free": [], "s_end": false, "iu_a_span": [109.57, 111.15], "meta": {"topic": "Introduction", "type": "Narrative", "language": "阿美語, Amis, Ciwkangan(台東縣長光社區)", "speaker": "陳金龍, Ofad, male, None", "collected": "2005-07-08", "revised": "2014-1-16", "video": "Amis_Nr-intro_ofad.mp3"}, "file": "Amis_Ciwkangan/Amis_Nr-intro_ofad", "num": 88}], [89, {"ori": [], "gloss": [["..", "", ""], ["pa-rayray-en", "CAU-continue-PF", "使役-繼續-受焦"], ["ku,\\", "NOM", "主格"]], "free": [], "s_end": false, "iu_a_span": [111.15, 112.32], "meta": {"topic": "Introduction", "type": "Narrative", "language": "阿美語, Amis, Ciwkangan(台東縣長光社區)", "speaker": "陳金龍, Ofad, male, None", "collected": "2005-07-08", "revised": "2014-1-16", "video": "Amis_Nr-intro_ofad.mp3"}, "file": "Amis_Ciwkangan/Amis_Nr-intro_ofad", "num": 89}], [90, {"ori": [], "gloss": [["..", "", ""], ["tilid", "word", "文字"], ["nu", "GEN", "屬格"], ["pancah,\\", "Amis", "阿美語"]], "free": ["#e Therefore, I realized that it was good to preserve the Amis language.", "#c 所以從那個時候，我發覺可以將阿美語的文字傳承下去。"], "s_end": true, "iu_a_span": [112.32, 113.15], "meta": {"topic": "Introduction", "type": "Narrative", "language": "阿美語, Amis, Ciwkangan(台東縣長光社區)", "speaker": "陳金龍, Ofad, male, None", "collected": "2005-07-08", "revised": "2014-1-16", "video": "Amis_Nr-intro_ofad.mp3"}, "s_a_span": [106.65, 113.15], "file": "Amis_Ciwkangan/Amis_Nr-intro_ofad", "num": 90}], [91, {"ori": [], "gloss": [["..", "", ""], ["sa’an", "so", "如此"], ["ku", "NOM", "主格"], ["falucu’", "heart", "心"], ["aku", "1SG.GEN", "1SG.屬格"], ["itiya.\\", "then", "那時"]], "free": ["#e That was what I thought then.", "#c 當時我是如此想的。"], "s_end": true, "iu_a_span": [113.15, 114.75], "meta": {"topic": "Introduction", "type": "Narrative", "language": "阿美語, Amis, Ciwkangan(台東縣長光社區)", "speaker": "陳金龍, Ofad, male, None", "collected": "2005-07-08", "revised": "2014-1-16", "video": "Amis_Nr-intro_ofad.mp3"}, "s_a_span": [113.15, 114.75], "file": "Amis_Ciwkangan/Amis_Nr-intro_ofad", "num": 91}], [92, {"ori": [], "gloss": [["...", "", ""], ["roma", "next", "下一"], ["miheca,\\", "year", "年"]], "free": [], "s_end": false, "iu_a_span": [114.75, 116.13], "meta": {"topic": "Introduction", "type": "Narrative", "language": "阿美語, Amis, Ciwkangan(台東縣長光社區)", "speaker": "陳金龍, Ofad, male, None", "collected": "2005-07-08", "revised": "2014-1-16", "video": "Amis_Nr-intro_ofad.mp3"}, "file": "Amis_Ciwkangan/Amis_Nr-intro_ofad", "num": 92}], [93, {"ori": [], "gloss": [["...", "", ""], ["tayra=tu", "go=PFV", "去=完成"], ["kaku", "1SG.NOM", "1SG.主格"], ["i==,\\", "LOC", "處格"]], "free": [], "s_end": false, "iu_a_span": [116.13, 117.66], "meta": {"topic": "Introduction", "type": "Narrative", "language": "阿美語, Amis, Ciwkangan(台東縣長光社區)", "speaker": "陳金龍, Ofad, male, None", "collected": "2005-07-08", "revised": "2014-1-16", "video": "Amis_Nr-intro_ofad.mp3"}, "file": "Amis_Ciwkangan/Amis_Nr-intro_ofad", "num": 93}], [94, {"ori": [], "gloss": [["..", "", ""], ["<L2MyanjiuyuanL2M>", "Academia.Sinica", "研究院"], ["a==,\\", "LNK", "連詞"]], "free": [], "s_end": false, "iu_a_span": [117.66, 118.88], "meta": {"topic": "Introduction", "type": "Narrative", "language": "阿美語, Amis, Ciwkangan(台東縣長光社區)", "speaker": "陳金龍, Ofad, male, None", "collected": "2005-07-08", "revised": "2014-1-16", "video": "Amis_Nr-intro_ofad.mp3"}, "file": "Amis_Ciwkangan/Amis_Nr-intro_ofad", "num": 94}], [95, {"ori": [], "gloss": [["...", "", ""], ["ma-tayal=tu,\\", "AF-work=PFV", "主焦-工作=完成"]], "free": [], "s_end": false, "iu_a_span": [118.88, 120.29], "meta": {"topic": "Introduction", "type": "Narrative", "language": "阿美語, Amis, Ciwkangan(台東縣長光社區)", "speaker": "陳金龍, Ofad, male, None", "collected": "2005-07-08", "revised": "2014-1-16", "video": "Amis_Nr-intro_ofad.mp3"}, "file": "Amis_Ciwkangan/Amis_Nr-intro_ofad", "num": 95}], [96, {"ori": [], "gloss": [["..", "", ""], ["mi-ala-ay", "AF-collect-FAC", "主焦-採集-FAC"], ["tu", "OBL", "斜格"], ["ngiha’", "sound", "音"], ["nu==,\\", "GEN", "屬格"]], "free": [], "s_end": false, "iu_a_span": [120.29, 122.3], "meta": {"topic": "Introduction", "type": "Narrative", "language": "阿美語, Amis, Ciwkangan(台東縣長光社區)", "speaker": "陳金龍, Ofad, male, None", "collected": "2005-07-08", "revised": "2014-1-16", "video": "Amis_Nr-intro_ofad.mp3"}, "file": "Amis_Ciwkangan/Amis_Nr-intro_ofad", "num": 96}], [97, {"ori": [], "gloss": [["..", "", ""], ["matuasay=ho,\\", "elder.person=IMPFV", "老人家=未完成"]], "free": ["#e The following year, I went to Academia Sinica to work and collect elders’ speech.", "#c 隔年我到了研究院工作，去採集老人家的口述。"], "s_end": true, "iu_a_span": [122.3, 123.35], "meta": {"topic": "Introduction", "type": "Narrative", "language": "阿美語, Amis, Ciwkangan(台東縣長光社區)", "speaker": "陳金龍, Ofad, male, None", "collected": "2005-07-08", "revised": "2014-1-16", "video": "Amis_Nr-intro_ofad.mp3"}, "s_a_span": [114.75, 123.35], "file": "Amis_Ciwkangan/Amis_Nr-intro_ofad", "num": 97}], [98, {"ori": [], "gloss": [["...", "", ""], ["nawhani,\\", "because", "因為"]], "free": [], "s_end": false, "iu_a_span": [123.35, 124.74], "meta": {"topic": "Introduction", "type": "Narrative", "language": "阿美語, Amis, Ciwkangan(台東縣長光社區)", "speaker": "陳金龍, Ofad, male, None", "collected": "2005-07-08", "revised": "2014-1-16", "video": "Amis_Nr-intro_ofad.mp3"}, "file": "Amis_Ciwkangan/Amis_Nr-intro_ofad", "num": 98}], [99, {"ori": [], "gloss": [["..", "", ""], ["u", "CN", "CN"], ["orip", "culture", "文化"], ["nu", "GEN", "屬格"], ["pancah,\\", "Amis", "阿美族"]], "free": [], "s_end": false, "iu_a_span": [124.74, 126.28], "meta": {"topic": "Introduction", "type": "Narrative", "language": "阿美語, Amis, Ciwkangan(台東縣長光社區)", "speaker": "陳金龍, Ofad, male, None", "collected": "2005-07-08", "revised": "2014-1-16", "video": "Amis_Nr-intro_ofad.mp3"}, "file": "Amis_Ciwkangan/Amis_Nr-intro_ofad", "num": 99}]], "meta": {"topic": "Introduction", "type": "Narrative", "language": "阿美語, Amis, Ciwkangan(台東縣長光社區)", "speaker": "陳金龍, Ofad, male, None", "collected": "2005-07-08", "revised": "2014-1-16", "video": "Amis_Nr-intro_ofad.mp3"}}