{"glosses": [[1, {"ori": [], "gloss": [["ira", "EXIST", "存在"], ["ku", "NOM", "主格"], ["ccay,\\", "one", "一"]], "free": [], "s_end": false, "iu_a_span": [0.6, 1.45], "meta": {"topic": "Frog Story", "type": "Narrative", "language": "阿美語, Amis, Ciwkangan(台東縣長光社區)", "speaker": "嚴金花, Cinhua, female, None", "collected": "0000-00-00", "revised": "None", "video": "Amis_Nr-frog_cinhua.mp3"}, "file": "Amis_Ciwkangan/Amis_Nr-frog_cinhua", "num": 1}], [2, {"ori": [], "gloss": [["..", "", ""], ["a", "LNK", "連詞"], ["wawa.\\", "child", "小孩"]], "free": [], "s_end": false, "iu_a_span": [1.45, 2.23], "meta": {"topic": "Frog Story", "type": "Narrative", "language": "阿美語, Amis, Ciwkangan(台東縣長光社區)", "speaker": "嚴金花, Cinhua, female, None", "collected": "0000-00-00", "revised": "None", "video": "Amis_Nr-frog_cinhua.mp3"}, "file": "Amis_Ciwkangan/Amis_Nr-frog_cinhua", "num": 2}], [3, {"ori": [], "gloss": [["...", "", ""], ["mi-si-‘ayaw", "AF-SI-front", "主焦-SI-前面"], ["cingra", "3SG.NOM", "3SG.主格"], ["tu==,_", "OBL", "斜格"]], "free": [], "s_end": false, "iu_a_span": [2.23, 4.53], "meta": {"topic": "Frog Story", "type": "Narrative", "language": "阿美語, Amis, Ciwkangan(台東縣長光社區)", "speaker": "嚴金花, Cinhua, female, None", "collected": "0000-00-00", "revised": "None", "video": "Amis_Nr-frog_cinhua.mp3"}, "file": "Amis_Ciwkangan/Amis_Nr-frog_cinhua", "num": 3}], [4, {"ori": [], "gloss": [["...", "", ""], ["mi-ala-an", "PF-take-PF", "受焦-拿-受焦"], ["nira,\\", "3SG.GEN", "3SG.屬格"]], "free": [], "s_end": false, "iu_a_span": [4.53, 5.84], "meta": {"topic": "Frog Story", "type": "Narrative", "language": "阿美語, Amis, Ciwkangan(台東縣長光社區)", "speaker": "嚴金花, Cinhua, female, None", "collected": "0000-00-00", "revised": "None", "video": "Amis_Nr-frog_cinhua.mp3"}, "file": "Amis_Ciwkangan/Amis_Nr-frog_cinhua", "num": 4}], [5, {"ori": [], "gloss": [["..", "", ""], ["takula’.\\", "frog", "青蛙"]], "free": [], "s_end": false, "iu_a_span": [5.84, 6.49], "meta": {"topic": "Frog Story", "type": "Narrative", "language": "阿美語, Amis, Ciwkangan(台東縣長光社區)", "speaker": "嚴金花, Cinhua, female, None", "collected": "0000-00-00", "revised": "None", "video": "Amis_Nr-frog_cinhua.mp3"}, "file": "Amis_Ciwkangan/Amis_Nr-frog_cinhua", "num": 5}], [6, {"ori": [], "gloss": [["...", "", ""], ["paru-han", "fill-HAN", "裝-HAN"], ["nira", "3SG.GEN", "3SG.屬格"], ["itini", "here", "這裡"], ["i==,_", "LOC", "處格"]], "free": [], "s_end": false, "iu_a_span": [6.49, 8.43], "meta": {"topic": "Frog Story", "type": "Narrative", "language": "阿美語, Amis, Ciwkangan(台東縣長光社區)", "speaker": "嚴金花, Cinhua, female, None", "collected": "0000-00-00", "revised": "None", "video": "Amis_Nr-frog_cinhua.mp3"}, "file": "Amis_Ciwkangan/Amis_Nr-frog_cinhua", "num": 6}], [7, {"ori": [], "gloss": [["...", "", ""], ["ccay", "one", "一"], ["a", "LNK", "連詞"], ["talid,_", "bottle", "瓶子"]], "free": ["#e There was a child facing the frog he caught, putting (it) in a bottle", "#c 有一位小孩子面對他抓來的青蛙，將牠裝在一個瓶子裡面。"], "s_end": true, "iu_a_span": [8.43, 9.58], "meta": {"topic": "Frog Story", "type": "Narrative", "language": "阿美語, Amis, Ciwkangan(台東縣長光社區)", "speaker": "嚴金花, Cinhua, female, None", "collected": "0000-00-00", "revised": "None", "video": "Amis_Nr-frog_cinhua.mp3"}, "s_a_span": [0.6, 9.58], "file": "Amis_Ciwkangan/Amis_Nr-frog_cinhua", "num": 7}], [8, {"ori": [], "gloss": [["...", "", ""], ["ira", "EXIST", "存在"], ["ku", "NOM", "主格"], ["wacu==,_", "dog", "狗"]], "free": [], "s_end": false, "iu_a_span": [9.58, 10.98], "meta": {"topic": "Frog Story", "type": "Narrative", "language": "阿美語, Amis, Ciwkangan(台東縣長光社區)", "speaker": "嚴金花, Cinhua, female, None", "collected": "0000-00-00", "revised": "None", "video": "Amis_Nr-frog_cinhua.mp3"}, "file": "Amis_Ciwkangan/Amis_Nr-frog_cinhua", "num": 8}], [9, {"ori": [], "gloss": [["...", "", ""], ["a", "LNK", "連詞"], ["mi==-,\\", "AF-", "主焦-"]], "free": [], "s_end": false, "iu_a_span": [10.98, 11.83], "meta": {"topic": "Frog Story", "type": "Narrative", "language": "阿美語, Amis, Ciwkangan(台東縣長光社區)", "speaker": "嚴金花, Cinhua, female, None", "collected": "0000-00-00", "revised": "None", "video": "Amis_Nr-frog_cinhua.mp3"}, "file": "Amis_Ciwkangan/Amis_Nr-frog_cinhua", "num": 9}], [10, {"ori": [], "gloss": [["..", "", ""], ["si-‘ayaw", "SI-front", "SI-前面"], ["cangra", "3PL.NOM", "3PL.主格"], ["tura==,\\", "that.OBL", "那個.斜格"]], "free": [], "s_end": false, "iu_a_span": [11.83, 13.55], "meta": {"topic": "Frog Story", "type": "Narrative", "language": "阿美語, Amis, Ciwkangan(台東縣長光社區)", "speaker": "嚴金花, Cinhua, female, None", "collected": "0000-00-00", "revised": "None", "video": "Amis_Nr-frog_cinhua.mp3"}, "file": "Amis_Ciwkangan/Amis_Nr-frog_cinhua", "num": 10}], [11, {"ori": [], "gloss": [["..", "", ""], ["takula’.\\", "frog", "青蛙"]], "free": [], "s_end": false, "iu_a_span": [13.55, 14.26], "meta": {"topic": "Frog Story", "type": "Narrative", "language": "阿美語, Amis, Ciwkangan(台東縣長光社區)", "speaker": "嚴金花, Cinhua, female, None", "collected": "0000-00-00", "revised": "None", "video": "Amis_Nr-frog_cinhua.mp3"}, "file": "Amis_Ciwkangan/Amis_Nr-frog_cinhua", "num": 11}], [12, {"ori": [], "gloss": [["...(2.0)", "", ""], ["itini", "here", "這裡"], ["i", "LOC", "處格"], ["ka-futi’", "KA-sleep", "KA-睡覺"], ["nu", "GEN", "屬格"], ["nira==,_", "3SG.GEN", "3SG.屬格"]], "free": ["#e There was a dog and they faced the frog. It slept here.", "#c 有一隻狗，他們面對那隻青蛙。它在這裡睡覺."], "s_end": true, "iu_a_span": [14.26, 18.3], "meta": {"topic": "Frog Story", "type": "Narrative", "language": "阿美語, Amis, Ciwkangan(台東縣長光社區)", "speaker": "嚴金花, Cinhua, female, None", "collected": "0000-00-00", "revised": "None", "video": "Amis_Nr-frog_cinhua.mp3"}, "s_a_span": [9.58, 18.3], "file": "Amis_Ciwkangan/Amis_Nr-frog_cinhua", "num": 12}], [13, {"ori": [], "gloss": [["...(1.0)", "", ""], ["itini", "here", "這裡"], ["i==,\\", "LOC", "處格"]], "free": [], "s_end": false, "iu_a_span": [18.3, 20.13], "meta": {"topic": "Frog Story", "type": "Narrative", "language": "阿美語, Amis, Ciwkangan(台東縣長光社區)", "speaker": "嚴金花, Cinhua, female, None", "collected": "0000-00-00", "revised": "None", "video": "Amis_Nr-frog_cinhua.mp3"}, "file": "Amis_Ciwkangan/Amis_Nr-frog_cinhua", "num": 13}], [14, {"ori": [], "gloss": [["..", "", ""], ["laluma’", "inside", "裡面"], ["nu", "GEN", "屬格"], ["talid", "bottle", "瓶子"], ["kuya==,\\", "that.NOM", "那個.主格"]], "free": [], "s_end": false, "iu_a_span": [20.13, 21.86], "meta": {"topic": "Frog Story", "type": "Narrative", "language": "阿美語, Amis, Ciwkangan(台東縣長光社區)", "speaker": "嚴金花, Cinhua, female, None", "collected": "0000-00-00", "revised": "None", "video": "Amis_Nr-frog_cinhua.mp3"}, "file": "Amis_Ciwkangan/Amis_Nr-frog_cinhua", "num": 14}], [15, {"ori": [], "gloss": [["..", "", ""], ["takula’._", "frog", "青蛙"]], "free": [], "s_end": false, "iu_a_span": [21.86, 22.63], "meta": {"topic": "Frog Story", "type": "Narrative", "language": "阿美語, Amis, Ciwkangan(台東縣長光社區)", "speaker": "嚴金花, Cinhua, female, None", "collected": "0000-00-00", "revised": "None", "video": "Amis_Nr-frog_cinhua.mp3"}, "file": "Amis_Ciwkangan/Amis_Nr-frog_cinhua", "num": 15}], [16, {"ori": [], "gloss": [["...(0.8)", "", ""], ["nikawrira,_", "but", "但是"]], "free": [], "s_end": false, "iu_a_span": [22.63, 24.28], "meta": {"topic": "Frog Story", "type": "Narrative", "language": "阿美語, Amis, Ciwkangan(台東縣長光社區)", "speaker": "嚴金花, Cinhua, female, None", "collected": "0000-00-00", "revised": "None", "video": "Amis_Nr-frog_cinhua.mp3"}, "file": "Amis_Ciwkangan/Amis_Nr-frog_cinhua", "num": 16}], [17, {"ori": [], "gloss": [["...", "", ""], ["ma-sadak", "AF-go.out", "主焦-外出"], ["a", "LNK", "連詞"], ["mi-laliw,\\", "AF-leave", "主焦-離開"]], "free": [], "s_end": false, "iu_a_span": [24.28, 26.13], "meta": {"topic": "Frog Story", "type": "Narrative", "language": "阿美語, Amis, Ciwkangan(台東縣長光社區)", "speaker": "嚴金花, Cinhua, female, None", "collected": "0000-00-00", "revised": "None", "video": "Amis_Nr-frog_cinhua.mp3"}, "file": "Amis_Ciwkangan/Amis_Nr-frog_cinhua", "num": 17}], [18, {"ori": [], "gloss": [["..", "", ""], ["kuya", "that.NOM", "那個.主格"], ["takula’,_", "frog", "青蛙"]], "free": [], "s_end": false, "iu_a_span": [26.13, 27.16], "meta": {"topic": "Frog Story", "type": "Narrative", "language": "阿美語, Amis, Ciwkangan(台東縣長光社區)", "speaker": "嚴金花, Cinhua, female, None", "collected": "0000-00-00", "revised": "None", "video": "Amis_Nr-frog_cinhua.mp3"}, "file": "Amis_Ciwkangan/Amis_Nr-frog_cinhua", "num": 18}], [19, {"ori": [], "gloss": [["..", "", ""], ["tuni", "this.OBL", "這個.斜格"], ["ka-futi’,\\", "KA-sleep", "KA-睡覺"]], "free": [], "s_end": false, "iu_a_span": [27.16, 28.07], "meta": {"topic": "Frog Story", "type": "Narrative", "language": "阿美語, Amis, Ciwkangan(台東縣長光社區)", "speaker": "嚴金花, Cinhua, female, None", "collected": "0000-00-00", "revised": "None", "video": "Amis_Nr-frog_cinhua.mp3"}, "file": "Amis_Ciwkangan/Amis_Nr-frog_cinhua", "num": 19}], [20, {"ori": [], "gloss": [["..", "", ""], ["nunian", "this.GEN", "這個.屬格"], ["a", "LNK", "連詞"], ["wawa.\\", "child", "小孩"]], "free": ["#e But the frog inside the bottle went out and left when the child was sleeping.", "#c 但是，趁著小孩子睡著，在瓶子裡的這隻青蛙逃離出來。"], "s_end": true, "iu_a_span": [28.07, 29.27], "meta": {"topic": "Frog Story", "type": "Narrative", "language": "阿美語, Amis, Ciwkangan(台東縣長光社區)", "speaker": "嚴金花, Cinhua, female, None", "collected": "0000-00-00", "revised": "None", "video": "Amis_Nr-frog_cinhua.mp3"}, "s_a_span": [18.3, 29.27], "file": "Amis_Ciwkangan/Amis_Nr-frog_cinhua", "num": 20}], [21, {"ori": [], "gloss": [["...", "", ""], ["mi-laliw=itu", "AF-leave=PFV", "主焦-離開=完成"], ["kuya", "that.NOM", "那個.主格"], ["takula’.\\", "frog", "青蛙"]], "free": ["#e The frog left.", "#c 青蛙離開了。"], "s_end": true, "iu_a_span": [29.27, 31.94], "meta": {"topic": "Frog Story", "type": "Narrative", "language": "阿美語, Amis, Ciwkangan(台東縣長光社區)", "speaker": "嚴金花, Cinhua, female, None", "collected": "0000-00-00", "revised": "None", "video": "Amis_Nr-frog_cinhua.mp3"}, "s_a_span": [29.27, 31.94], "file": "Amis_Ciwkangan/Amis_Nr-frog_cinhua", "num": 21}], [22, {"ori": [], "gloss": [["...(0.9)", "", ""], ["ma-rarum=tu", "AF-sad=PFV", "主焦-難過=完成"], ["ku,\\", "NOM", "主格"]], "free": [], "s_end": false, "iu_a_span": [31.94, 33.68], "meta": {"topic": "Frog Story", "type": "Narrative", "language": "阿美語, Amis, Ciwkangan(台東縣長光社區)", "speaker": "嚴金花, Cinhua, female, None", "collected": "0000-00-00", "revised": "None", "video": "Amis_Nr-frog_cinhua.mp3"}, "file": "Amis_Ciwkangan/Amis_Nr-frog_cinhua", "num": 22}], [23, {"ori": [], "gloss": [["..", "", ""], ["falucu’", "heart", "心"], ["nunian", "this.GEN", "這個.屬格"], ["a", "LNK", "連詞"], ["wawa.\\", "child", "小孩"]], "free": ["#e The child was sad.", "#c 小孩子非常的難過。"], "s_end": true, "iu_a_span": [33.68, 35.44], "meta": {"topic": "Frog Story", "type": "Narrative", "language": "阿美語, Amis, Ciwkangan(台東縣長光社區)", "speaker": "嚴金花, Cinhua, female, None", "collected": "0000-00-00", "revised": "None", "video": "Amis_Nr-frog_cinhua.mp3"}, "s_a_span": [31.94, 35.44], "file": "Amis_Ciwkangan/Amis_Nr-frog_cinhua", "num": 23}], [24, {"ori": [], "gloss": [["...", "", ""], ["icuwa=itu", "where=PFV", "那裡=完成"], ["hakini,\\", "DM", "DM"]], "free": [], "s_end": false, "iu_a_span": [35.44, 37.23], "meta": {"topic": "Frog Story", "type": "Narrative", "language": "阿美語, Amis, Ciwkangan(台東縣長光社區)", "speaker": "嚴金花, Cinhua, female, None", "collected": "0000-00-00", "revised": "None", "video": "Amis_Nr-frog_cinhua.mp3"}, "file": "Amis_Ciwkangan/Amis_Nr-frog_cinhua", "num": 24}], [25, {"ori": [], "gloss": [["..", "", ""], ["kuya", "that.NOM", "那個.主格"], ["takula’", "frog", "青蛙"], ["aku==,\\", "1SG.GEN", "1SG.屬格"]], "free": [], "s_end": false, "iu_a_span": [37.23, 38.46], "meta": {"topic": "Frog Story", "type": "Narrative", "language": "阿美語, Amis, Ciwkangan(台東縣長光社區)", "speaker": "嚴金花, Cinhua, female, None", "collected": "0000-00-00", "revised": "None", "video": "Amis_Nr-frog_cinhua.mp3"}, "file": "Amis_Ciwkangan/Amis_Nr-frog_cinhua", "num": 25}], [26, {"ori": [], "gloss": [["..", "", ""], ["sa’an", "said.so", "如此說"], ["kura==,_", "that.NOM", "那個.主格"]], "free": [], "s_end": false, "iu_a_span": [38.46, 39.39], "meta": {"topic": "Frog Story", "type": "Narrative", "language": "阿美語, Amis, Ciwkangan(台東縣長光社區)", "speaker": "嚴金花, Cinhua, female, None", "collected": "0000-00-00", "revised": "None", "video": "Amis_Nr-frog_cinhua.mp3"}, "file": "Amis_Ciwkangan/Amis_Nr-frog_cinhua", "num": 26}], [27, {"ori": [], "gloss": [["...", "", ""], ["wawa", "child", "小孩"], ["a", "LNK", "連詞"], ["mi-kilim.\\", "AF-search", "主焦-尋找"]], "free": ["#e ‘Where is my frog?’ The child looked for (the frog).", "#c 「我的青蛙到哪裡了呢」，那小孩不斷地找。"], "s_end": true, "iu_a_span": [39.39, 40.99], "meta": {"topic": "Frog Story", "type": "Narrative", "language": "阿美語, Amis, Ciwkangan(台東縣長光社區)", "speaker": "嚴金花, Cinhua, female, None", "collected": "0000-00-00", "revised": "None", "video": "Amis_Nr-frog_cinhua.mp3"}, "s_a_span": [35.44, 40.99], "file": "Amis_Ciwkangan/Amis_Nr-frog_cinhua", "num": 27}], [28, {"ori": [], "gloss": [["...(0.8)", "", ""], ["ira", "EXIST", "存在"], ["ku", "NOM", "主格"], ["ccay", "one", "一"], ["a", "LNK", "連詞"], ["wacu.\\", "dog", "狗"]], "free": [], "s_end": false, "iu_a_span": [40.99, 43.23], "meta": {"topic": "Frog Story", "type": "Narrative", "language": "阿美語, Amis, Ciwkangan(台東縣長光社區)", "speaker": "嚴金花, Cinhua, female, None", "collected": "0000-00-00", "revised": "None", "video": "Amis_Nr-frog_cinhua.mp3"}, "file": "Amis_Ciwkangan/Amis_Nr-frog_cinhua", "num": 28}], [29, {"ori": [], "gloss": [["...", "", ""], ["ma-pulin=tu", "PF-fall=PFV", "受焦-摔=完成"], ["nira", "3SG.GEN", "3SG.屬格"], ["kuya,\\", "that.NOM", "那個.主格"]], "free": [], "s_end": false, "iu_a_span": [43.23, 45.36], "meta": {"topic": "Frog Story", "type": "Narrative", "language": "阿美語, Amis, Ciwkangan(台東縣長光社區)", "speaker": "嚴金花, Cinhua, female, None", "collected": "0000-00-00", "revised": "None", "video": "Amis_Nr-frog_cinhua.mp3"}, "file": "Amis_Ciwkangan/Amis_Nr-frog_cinhua", "num": 29}], [30, {"ori": [], "gloss": [["..", "", ""], ["talid,\\", "bottle", "瓶子"]], "free": [], "s_end": false, "iu_a_span": [45.36, 45.95], "meta": {"topic": "Frog Story", "type": "Narrative", "language": "阿美語, Amis, Ciwkangan(台東縣長光社區)", "speaker": "嚴金花, Cinhua, female, None", "collected": "0000-00-00", "revised": "None", "video": "Amis_Nr-frog_cinhua.mp3"}, "file": "Amis_Ciwkangan/Amis_Nr-frog_cinhua", "num": 30}], [31, {"ori": [], "gloss": [["...", "", ""], ["tuya", "that.OBL", "那個.斜格"], ["pa-teli-an,\\", "CAU-put-LF", "使役-放-處焦"]], "free": [], "s_end": false, "iu_a_span": [45.95, 47.49], "meta": {"topic": "Frog Story", "type": "Narrative", "language": "阿美語, Amis, Ciwkangan(台東縣長光社區)", "speaker": "嚴金花, Cinhua, female, None", "collected": "0000-00-00", "revised": "None", "video": "Amis_Nr-frog_cinhua.mp3"}, "file": "Amis_Ciwkangan/Amis_Nr-frog_cinhua", "num": 31}], [32, {"ori": [], "gloss": [["..", "", ""], ["tuya", "that.OBL", "那個.斜格"], ["takula,_", "frog", "青蛙"]], "free": [], "s_end": false, "iu_a_span": [47.49, 48.52], "meta": {"topic": "Frog Story", "type": "Narrative", "language": "阿美語, Amis, Ciwkangan(台東縣長光社區)", "speaker": "嚴金花, Cinhua, female, None", "collected": "0000-00-00", "revised": "None", "video": "Amis_Nr-frog_cinhua.mp3"}, "file": "Amis_Ciwkangan/Amis_Nr-frog_cinhua", "num": 32}], [33, {"ori": [], "gloss": [["..", "", ""], ["nuya", "that.GEN", "那個.屬格"], ["wawa,\\", "child", "小孩"]], "free": [], "s_end": false, "iu_a_span": [48.52, 49.45], "meta": {"topic": "Frog Story", "type": "Narrative", "language": "阿美語, Amis, Ciwkangan(台東縣長光社區)", "speaker": "嚴金花, Cinhua, female, None", "collected": "0000-00-00", "revised": "None", "video": "Amis_Nr-frog_cinhua.mp3"}, "file": "Amis_Ciwkangan/Amis_Nr-frog_cinhua", "num": 33}], [34, {"ori": [], "gloss": [["..", "", ""], ["saka._", "therefore", "因此"]], "free": ["#e Because there was a dog, and therefore the bottle where the child put the frog toppled.", "#c 因為有一隻狗，所以把小孩裝青蛙的瓶子弄倒了。"], "s_end": true, "iu_a_span": [49.45, 49.9], "meta": {"topic": "Frog Story", "type": "Narrative", "language": "阿美語, Amis, Ciwkangan(台東縣長光社區)", "speaker": "嚴金花, Cinhua, female, None", "collected": "0000-00-00", "revised": "None", "video": "Amis_Nr-frog_cinhua.mp3"}, "s_a_span": [40.99, 49.9], "file": "Amis_Ciwkangan/Amis_Nr-frog_cinhua", "num": 34}], [35, {"ori": [], "gloss": [["...(1.3)", "", ""], ["ma’an", "what", "什麼"], ["sa=tu", "SA=PFV", "SA=完成"], ["kuya", "that.NOM", "那個.主格"], ["takula’", "frog", "青蛙"], ["aku==,\\", "1SG.GEN", "1SG.屬格"]], "free": ["#e ‘What happened to my frog?’", "#c 「我的青蛙怎麼了？」"], "s_end": true, "iu_a_span": [49.9, 53.36], "meta": {"topic": "Frog Story", "type": "Narrative", "language": "阿美語, Amis, Ciwkangan(台東縣長光社區)", "speaker": "嚴金花, Cinhua, female, None", "collected": "0000-00-00", "revised": "None", "video": "Amis_Nr-frog_cinhua.mp3"}, "s_a_span": [49.9, 53.36], "file": "Amis_Ciwkangan/Amis_Nr-frog_cinhua", "num": 35}], [36, {"ori": [], "gloss": [["..", "", ""], ["sa’an", "said.so", "如此說"], ["cingra", "3SG.NOM", "3SG.主格"], ["a==,\\", "LNK", "連詞"]], "free": [], "s_end": false, "iu_a_span": [53.36, 54.32], "meta": {"topic": "Frog Story", "type": "Narrative", "language": "阿美語, Amis, Ciwkangan(台東縣長光社區)", "speaker": "嚴金花, Cinhua, female, None", "collected": "0000-00-00", "revised": "None", "video": "Amis_Nr-frog_cinhua.mp3"}, "file": "Amis_Ciwkangan/Amis_Nr-frog_cinhua", "num": 36}], [37, {"ori": [], "gloss": [["..", "", ""], ["mi==-kilim,\\", "AF-search", "主焦-尋找"]], "free": [], "s_end": false, "iu_a_span": [54.32, 55.55], "meta": {"topic": "Frog Story", "type": "Narrative", "language": "阿美語, Amis, Ciwkangan(台東縣長光社區)", "speaker": "嚴金花, Cinhua, female, None", "collected": "0000-00-00", "revised": "None", "video": "Amis_Nr-frog_cinhua.mp3"}, "file": "Amis_Ciwkangan/Amis_Nr-frog_cinhua", "num": 37}], [38, {"ori": [], "gloss": [["..a", "LNK", "連詞"], ["mi-celi’,\\", "AF-call", "主焦-呼叫"]], "free": [], "s_end": false, "iu_a_span": [55.55, 56.4], "meta": {"topic": "Frog Story", "type": "Narrative", "language": "阿美語, Amis, Ciwkangan(台東縣長光社區)", "speaker": "嚴金花, Cinhua, female, None", "collected": "0000-00-00", "revised": "None", "video": "Amis_Nr-frog_cinhua.mp3"}, "file": "Amis_Ciwkangan/Amis_Nr-frog_cinhua", "num": 38}], [39, {"ori": [], "gloss": [["..", "", ""], ["u", "CN", "CN"], ["takula’", "frog", "青蛙"], ["aku", "1SG.GEN", "1SG.屬格"], ["icuwa=tu==,\\", "where=PFV", "哪裡=完成"]], "free": [], "s_end": false, "iu_a_span": [56.4, 58.12], "meta": {"topic": "Frog Story", "type": "Narrative", "language": "阿美語, Amis, Ciwkangan(台東縣長光社區)", "speaker": "嚴金花, Cinhua, female, None", "collected": "0000-00-00", "revised": "None", "video": "Amis_Nr-frog_cinhua.mp3"}, "file": "Amis_Ciwkangan/Amis_Nr-frog_cinhua", "num": 39}], [40, {"ori": [], "gloss": [["..", "", ""], ["sa’an", "said.so", "如此說"], ["cingra.\\", "3SG.NOM", "3SG.主格"]], "free": ["#e He searched and called. ‘Where is my frog?’", "#c 他尋找並呼喊著「我的青蛙哪兒去了」。"], "s_end": true, "iu_a_span": [58.12, 58.96], "meta": {"topic": "Frog Story", "type": "Narrative", "language": "阿美語, Amis, Ciwkangan(台東縣長光社區)", "speaker": "嚴金花, Cinhua, female, None", "collected": "0000-00-00", "revised": "None", "video": "Amis_Nr-frog_cinhua.mp3"}, "s_a_span": [53.36, 58.96], "file": "Amis_Ciwkangan/Amis_Nr-frog_cinhua", "num": 40}], [41, {"ori": [], "gloss": [["...", "", ""], ["nengneng-han-en,_", "see-HAN-PF", "看-HAN-受焦"]], "free": [], "s_end": false, "iu_a_span": [58.96, 60.08], "meta": {"topic": "Frog Story", "type": "Narrative", "language": "阿美語, Amis, Ciwkangan(台東縣長光社區)", "speaker": "嚴金花, Cinhua, female, None", "collected": "0000-00-00", "revised": "None", "video": "Amis_Nr-frog_cinhua.mp3"}, "file": "Amis_Ciwkangan/Amis_Nr-frog_cinhua", "num": 41}], [42, {"ori": [], "gloss": [["...", "", ""], ["mumuk-han=tu", "dig-HAN=PFV", "鑽-HAN=完成"], ["nuya", "that.GEN", "那個.屬格"], ["wacu,\\", "dog", "狗"]], "free": [], "s_end": false, "iu_a_span": [60.08, 62.28], "meta": {"topic": "Frog Story", "type": "Narrative", "language": "阿美語, Amis, Ciwkangan(台東縣長光社區)", "speaker": "嚴金花, Cinhua, female, None", "collected": "0000-00-00", "revised": "None", "video": "Amis_Nr-frog_cinhua.mp3"}, "file": "Amis_Ciwkangan/Amis_Nr-frog_cinhua", "num": 42}], [43, {"ori": [], "gloss": [["..", "", ""], ["ku==,\\", "NOM", "主格"]], "free": [], "s_end": false, "iu_a_span": [62.28, 62.88], "meta": {"topic": "Frog Story", "type": "Narrative", "language": "阿美語, Amis, Ciwkangan(台東縣長光社區)", "speaker": "嚴金花, Cinhua, female, None", "collected": "0000-00-00", "revised": "None", "video": "Amis_Nr-frog_cinhua.mp3"}, "file": "Amis_Ciwkangan/Amis_Nr-frog_cinhua", "num": 43}], [44, {"ori": [], "gloss": [["...", "", ""], ["kuya", "that.NOM", "那個.主格"], ["pa-teli-an", "CAU-put-LF", "使役-放-處焦"], ["nira,\\", "3SG.GEN", "3SG.屬格"]], "free": [], "s_end": false, "iu_a_span": [62.88, 64.37], "meta": {"topic": "Frog Story", "type": "Narrative", "language": "阿美語, Amis, Ciwkangan(台東縣長光社區)", "speaker": "嚴金花, Cinhua, female, None", "collected": "0000-00-00", "revised": "None", "video": "Amis_Nr-frog_cinhua.mp3"}, "file": "Amis_Ciwkangan/Amis_Nr-frog_cinhua", "num": 44}], [45, {"ori": [], "gloss": [["..", "", ""], ["tiya", "that.OBL", "那個.斜格"], ["takula’,\\", "frog", "青蛙"]], "free": [], "s_end": false, "iu_a_span": [64.37, 65.24], "meta": {"topic": "Frog Story", "type": "Narrative", "language": "阿美語, Amis, Ciwkangan(台東縣長光社區)", "speaker": "嚴金花, Cinhua, female, None", "collected": "0000-00-00", "revised": "None", "video": "Amis_Nr-frog_cinhua.mp3"}, "file": "Amis_Ciwkangan/Amis_Nr-frog_cinhua", "num": 45}], [46, {"ori": [], "gloss": [["..", "", ""], ["a", "LNK", "連詞"], ["talid.\\", "bottle", "瓶子"]], "free": ["#e The dog got into the bottle where he put the frog.", "#c 結果，那隻狗一頭鑽進裝青蛙的瓶子裡。"], "s_end": true, "iu_a_span": [65.24, 66.0], "meta": {"topic": "Frog Story", "type": "Narrative", "language": "阿美語, Amis, Ciwkangan(台東縣長光社區)", "speaker": "嚴金花, Cinhua, female, None", "collected": "0000-00-00", "revised": "None", "video": "Amis_Nr-frog_cinhua.mp3"}, "s_a_span": [58.96, 66.0], "file": "Amis_Ciwkangan/Amis_Nr-frog_cinhua", "num": 46}], [47, {"ori": [], "gloss": [["...", "", ""], ["mi-ma’an", "AF-what", "主焦-什麼"], ["han", "HAN", "HAN"], ["isu", "2SG.GEN", "2SG.屬格"], ["ku==,\\", "NOM", "主格"]], "free": [], "s_end": false, "iu_a_span": [66.0, 68.46], "meta": {"topic": "Frog Story", "type": "Narrative", "language": "阿美語, Amis, Ciwkangan(台東縣長光社區)", "speaker": "嚴金花, Cinhua, female, None", "collected": "0000-00-00", "revised": "None", "video": "Amis_Nr-frog_cinhua.mp3"}, "file": "Amis_Ciwkangan/Amis_Nr-frog_cinhua", "num": 47}], [48, {"ori": [], "gloss": [["..", "", ""], ["pa-teli-an", "CAU-put-LF", "使役-放-處焦"], ["aku", "1SG.GEN", "1SG.屬格"], ["tu", "OBL", "受格"], ["takula’,\\", "frog", "青蛙"]], "free": [], "s_end": false, "iu_a_span": [68.46, 70.18], "meta": {"topic": "Frog Story", "type": "Narrative", "language": "阿美語, Amis, Ciwkangan(台東縣長光社區)", "speaker": "嚴金花, Cinhua, female, None", "collected": "0000-00-00", "revised": "None", "video": "Amis_Nr-frog_cinhua.mp3"}, "file": "Amis_Ciwkangan/Amis_Nr-frog_cinhua", "num": 48}], [49, {"ori": [], "gloss": [["...wa", "PART", "語助詞"], ["hananay", "DM", "DM"], ["nuna", "this.GEN", "這個.屬格"], ["wawa,\\", "child", "小孩"]], "free": [], "s_end": false, "iu_a_span": [70.18, 71.99], "meta": {"topic": "Frog Story", "type": "Narrative", "language": "阿美語, Amis, Ciwkangan(台東縣長光社區)", "speaker": "嚴金花, Cinhua, female, None", "collected": "0000-00-00", "revised": "None", "video": "Amis_Nr-frog_cinhua.mp3"}, "file": "Amis_Ciwkangan/Amis_Nr-frog_cinhua", "num": 49}], [50, {"ori": [], "gloss": [["..", "", ""], ["kuna", "this.NOM", "這個.主格"], ["wacu.\\", "dog", "小狗"]], "free": ["#e ‘Why did you play with the bottle where I put the frog?’ The child scolded the dog.", "#c 「你為什麼要玩弄我裝青蛙的瓶子？」小孩如此責備那隻狗。"], "s_end": true, "iu_a_span": [71.99, 72.93], "meta": {"topic": "Frog Story", "type": "Narrative", "language": "阿美語, Amis, Ciwkangan(台東縣長光社區)", "speaker": "嚴金花, Cinhua, female, None", "collected": "0000-00-00", "revised": "None", "video": "Amis_Nr-frog_cinhua.mp3"}, "s_a_span": [66.0, 72.93], "file": "Amis_Ciwkangan/Amis_Nr-frog_cinhua", "num": 50}], [51, {"ori": [], "gloss": [["...", "", ""], ["saka,\\", "therefore", "因此"]], "free": [], "s_end": false, "iu_a_span": [72.93, 73.85], "meta": {"topic": "Frog Story", "type": "Narrative", "language": "阿美語, Amis, Ciwkangan(台東縣長光社區)", "speaker": "嚴金花, Cinhua, female, None", "collected": "0000-00-00", "revised": "None", "video": "Amis_Nr-frog_cinhua.mp3"}, "file": "Amis_Ciwkangan/Amis_Nr-frog_cinhua", "num": 51}], [52, {"ori": [], "gloss": [["...(1.4)", "", ""], ["tala-cuwa=tu", "to-where=PFV", "到-哪裡=完成"], ["kuya==,\\", "that.NOM", "那個.主格"]], "free": [], "s_end": false, "iu_a_span": [73.85, 76.3], "meta": {"topic": "Frog Story", "type": "Narrative", "language": "阿美語, Amis, Ciwkangan(台東縣長光社區)", "speaker": "嚴金花, Cinhua, female, None", "collected": "0000-00-00", "revised": "None", "video": "Amis_Nr-frog_cinhua.mp3"}, "file": "Amis_Ciwkangan/Amis_Nr-frog_cinhua", "num": 52}], [53, {"ori": [], "gloss": [["..", "", ""], ["takula’", "frog", "青蛙"], ["a==ku", "1SG.GEN", "1SG.屬格"], ["sa’an", "said.so", "如此說"], ["cingra", "3SG.NOM", "3SG.主格"], ["a", "LNK", "連詞"], ["mi-celi’,\\", "AF-call", "主焦-呼叫"]], "free": [], "s_end": false, "iu_a_span": [76.3, 78.82], "meta": {"topic": "Frog Story", "type": "Narrative", "language": "阿美語, Amis, Ciwkangan(台東縣長光社區)", "speaker": "嚴金花, Cinhua, female, None", "collected": "0000-00-00", "revised": "None", "video": "Amis_Nr-frog_cinhua.mp3"}, "file": "Amis_Ciwkangan/Amis_Nr-frog_cinhua", "num": 53}], [54, {"ori": [], "gloss": [["..", "", ""], ["a", "LNK", "連詞"], ["mi-kilim.\\", "AF-search", "主焦-尋找"]], "free": ["#e ‘Where is my frog?’ He called and searched.", "#c 因此，他不斷呼喚尋找「我的青蛙到哪去了呢」。"], "s_end": true, "iu_a_span": [78.82, 79.78], "meta": {"topic": "Frog Story", "type": "Narrative", "language": "阿美語, Amis, Ciwkangan(台東縣長光社區)", "speaker": "嚴金花, Cinhua, female, None", "collected": "0000-00-00", "revised": "None", "video": "Amis_Nr-frog_cinhua.mp3"}, "s_a_span": [72.93, 79.78], "file": "Amis_Ciwkangan/Amis_Nr-frog_cinhua", "num": 54}], [55, {"ori": [], "gloss": [["...", "", ""], ["tayra", "AF.go", "主焦.去"], ["cingra", "3SG.NOM", "3SG.主格"], ["i==,\\", "LOC", "處格"]], "free": [], "s_end": false, "iu_a_span": [79.78, 81.75], "meta": {"topic": "Frog Story", "type": "Narrative", "language": "阿美語, Amis, Ciwkangan(台東縣長光社區)", "speaker": "嚴金花, Cinhua, female, None", "collected": "0000-00-00", "revised": "None", "video": "Amis_Nr-frog_cinhua.mp3"}, "file": "Amis_Ciwkangan/Amis_Nr-frog_cinhua", "num": 55}], [56, {"ori": [], "gloss": [["..", "", ""], ["kila-kilang-an,_", "RED-tree-LF", "重疊-樹-處焦"]], "free": [], "s_end": false, "iu_a_span": [81.75, 82.92], "meta": {"topic": "Frog Story", "type": "Narrative", "language": "阿美語, Amis, Ciwkangan(台東縣長光社區)", "speaker": "嚴金花, Cinhua, female, None", "collected": "0000-00-00", "revised": "None", "video": "Amis_Nr-frog_cinhua.mp3"}, "file": "Amis_Ciwkangan/Amis_Nr-frog_cinhua", "num": 56}], [57, {"ori": [], "gloss": [["...", "", ""], ["mi-kilim", "AF-search", "主焦-尋找"], ["tunian", "this.OBL", "這個.斜格"], ["a==,_", "LNK", "連詞"]], "free": [], "s_end": false, "iu_a_span": [82.92, 84.71], "meta": {"topic": "Frog Story", "type": "Narrative", "language": "阿美語, Amis, Ciwkangan(台東縣長光社區)", "speaker": "嚴金花, Cinhua, female, None", "collected": "0000-00-00", "revised": "None", "video": "Amis_Nr-frog_cinhua.mp3"}, "file": "Amis_Ciwkangan/Amis_Nr-frog_cinhua", "num": 57}], [58, {"ori": [], "gloss": [["..", "", ""], ["‘pung.\\", "hole", "洞"]], "free": ["#e He went to the forest and searched the hole.", "#c 他去樹林中搜尋涵洞。"], "s_end": true, "iu_a_span": [84.71, 85.38], "meta": {"topic": "Frog Story", "type": "Narrative", "language": "阿美語, Amis, Ciwkangan(台東縣長光社區)", "speaker": "嚴金花, Cinhua, female, None", "collected": "0000-00-00", "revised": "None", "video": "Amis_Nr-frog_cinhua.mp3"}, "s_a_span": [79.78, 85.38], "file": "Amis_Ciwkangan/Amis_Nr-frog_cinhua", "num": 58}], [59, {"ori": [], "gloss": [["...", "", ""], ["icuwa=tu", "where=PFV", "那裡=完成"], ["kuya", "that.NOM", "那個.主格"], ["takula’", "frog", "青蛙"], ["aku", "1SG.GEN", "1SG.屬格"], ["hakini,\\", "DM", "DM"]], "free": ["#e ‘Where is my frog?’", "#c 「我的青蛙在哪裡呢？」"], "s_end": true, "iu_a_span": [85.38, 87.55], "meta": {"topic": "Frog Story", "type": "Narrative", "language": "阿美語, Amis, Ciwkangan(台東縣長光社區)", "speaker": "嚴金花, Cinhua, female, None", "collected": "0000-00-00", "revised": "None", "video": "Amis_Nr-frog_cinhua.mp3"}, "s_a_span": [85.38, 87.55], "file": "Amis_Ciwkangan/Amis_Nr-frog_cinhua", "num": 59}], [60, {"ori": [], "gloss": [["..", "", ""], ["itini", "here", "這裡"], ["i", "LOC", "處格"], ["hakini", "DM", "DM"], ["tuna", "this.OBL", "這個.斜格"], ["‘pung,\\", "hole", "洞"]], "free": [], "s_end": false, "iu_a_span": [87.55, 88.95], "meta": {"topic": "Frog Story", "type": "Narrative", "language": "阿美語, Amis, Ciwkangan(台東縣長光社區)", "speaker": "嚴金花, Cinhua, female, None", "collected": "0000-00-00", "revised": "None", "video": "Amis_Nr-frog_cinhua.mp3"}, "file": "Amis_Ciwkangan/Amis_Nr-frog_cinhua", "num": 60}], [61, {"ori": [], "gloss": [["..", "", ""], ["sa’an", "said.so", "如此說"], ["ku", "NOM", "主格"], ["falucu’", "heart", "心"], ["nira", "3SG.GEN", "3SG.屬格"], ["a", "LNK", "連詞"], ["mi-celi’,\\", "AF-call", "主焦-呼叫"]], "free": ["#e ‘Is it inside this hole?’ he said so and called.", "#c 「是否在這個洞裡呢？」他這樣說，呼叫著。"], "s_end": true, "iu_a_span": [88.95, 91.09], "meta": {"topic": "Frog Story", "type": "Narrative", "language": "阿美語, Amis, Ciwkangan(台東縣長光社區)", "speaker": "嚴金花, Cinhua, female, None", "collected": "0000-00-00", "revised": "None", "video": "Amis_Nr-frog_cinhua.mp3"}, "s_a_span": [87.55, 91.09], "file": "Amis_Ciwkangan/Amis_Nr-frog_cinhua", "num": 61}], [62, {"ori": [], "gloss": [["...", "", ""], ["takula’", "frog", "青蛙"], ["aku==,\\", "1SG.GEN", "1SG.屬格"]], "free": [], "s_end": false, "iu_a_span": [91.09, 92.36], "meta": {"topic": "Frog Story", "type": "Narrative", "language": "阿美語, Amis, Ciwkangan(台東縣長光社區)", "speaker": "嚴金花, Cinhua, female, None", "collected": "0000-00-00", "revised": "None", "video": "Amis_Nr-frog_cinhua.mp3"}, "file": "Amis_Ciwkangan/Amis_Nr-frog_cinhua", "num": 62}], [63, {"ori": [], "gloss": [["..", "", ""], ["icuwa=tu==,\\", "where=PFV", "哪裡=PFV"]], "free": [], "s_end": false, "iu_a_span": [92.36, 93.2], "meta": {"topic": "Frog Story", "type": "Narrative", "language": "阿美語, Amis, Ciwkangan(台東縣長光社區)", "speaker": "嚴金花, Cinhua, female, None", "collected": "0000-00-00", "revised": "None", "video": "Amis_Nr-frog_cinhua.mp3"}, "file": "Amis_Ciwkangan/Amis_Nr-frog_cinhua", "num": 63}], [64, {"ori": [], "gloss": [["..", "", ""], ["sa’an", "said.so", "如此說"], ["cingra", "3SG.NOM", "3SG.主格"], ["mi-celi’,\\", "AF-call", "主焦-呼叫"]], "free": ["#e ‘Where is my frog?’ He said so and called.", "#c 「我的青蛙在哪裡呢？」，他這樣說，呼喊著。"], "s_end": true, "iu_a_span": [93.2, 94.51], "meta": {"topic": "Frog Story", "type": "Narrative", "language": "阿美語, Amis, Ciwkangan(台東縣長光社區)", "speaker": "嚴金花, Cinhua, female, None", "collected": "0000-00-00", "revised": "None", "video": "Amis_Nr-frog_cinhua.mp3"}, "s_a_span": [91.09, 94.51], "file": "Amis_Ciwkangan/Amis_Nr-frog_cinhua", "num": 64}], [65, {"ori": [], "gloss": [["..", "", ""], ["ta,\\", "then", "然後"]], "free": [], "s_end": false, "iu_a_span": [94.51, 94.88], "meta": {"topic": "Frog Story", "type": "Narrative", "language": "阿美語, Amis, Ciwkangan(台東縣長光社區)", "speaker": "嚴金花, Cinhua, female, None", "collected": "0000-00-00", "revised": "None", "video": "Amis_Nr-frog_cinhua.mp3"}, "file": "Amis_Ciwkangan/Amis_Nr-frog_cinhua", "num": 65}], [66, {"ori": [], "gloss": [["...", "", ""], ["tayni", "AF.come", "主焦.來"], ["sa=tu", "SA=PFV", "SA=完成"], ["itini,_", "here", "這裡"]], "free": ["#e Then he came here.", "#c 然後他來到這裡。"], "s_end": true, "iu_a_span": [94.88, 96.91], "meta": {"topic": "Frog Story", "type": "Narrative", "language": "阿美語, Amis, Ciwkangan(台東縣長光社區)", "speaker": "嚴金花, Cinhua, female, None", "collected": "0000-00-00", "revised": "None", "video": "Amis_Nr-frog_cinhua.mp3"}, "s_a_span": [94.51, 96.91], "file": "Amis_Ciwkangan/Amis_Nr-frog_cinhua", "num": 66}], [67, {"ori": [], "gloss": [["...", "", ""], ["ma-rarum", "AF-sad", "主焦-難過"], ["ku", "NOM", "主格"], ["falucu’", "heart", "心"], ["nira,_", "3SG.GEN", "3SG.屬格"]], "free": ["#e He was sad.", "#c 他很難過。"], "s_end": true, "iu_a_span": [96.91, 99.56], "meta": {"topic": "Frog Story", "type": "Narrative", "language": "阿美語, Amis, Ciwkangan(台東縣長光社區)", "speaker": "嚴金花, Cinhua, female, None", "collected": "0000-00-00", "revised": "None", "video": "Amis_Nr-frog_cinhua.mp3"}, "s_a_span": [96.91, 99.56], "file": "Amis_Ciwkangan/Amis_Nr-frog_cinhua", "num": 67}], [68, {"ori": [], "gloss": [["..", "", ""], ["ira", "EXIST", "存在"], ["ku", "NOM", "主格"], ["ccay", "one", "一"], ["a", "LNK", "連詞"], ["‘pung,\\", "hole", "洞"]], "free": [], "s_end": false, "iu_a_span": [99.56, 101.05], "meta": {"topic": "Frog Story", "type": "Narrative", "language": "阿美語, Amis, Ciwkangan(台東縣長光社區)", "speaker": "嚴金花, Cinhua, female, None", "collected": "0000-00-00", "revised": "None", "video": "Amis_Nr-frog_cinhua.mp3"}, "file": "Amis_Ciwkangan/Amis_Nr-frog_cinhua", "num": 68}], [69, {"ori": [], "gloss": [["..", "", ""], ["itini", "here", "這裡"], ["i", "LOC", "處格"], ["suta’.\\", "ground", "地面"]], "free": ["#e There was a hole here on the ground.", "#c 正好在地上有一個洞。"], "s_end": true, "iu_a_span": [101.05, 102.12], "meta": {"topic": "Frog Story", "type": "Narrative", "language": "阿美語, Amis, Ciwkangan(台東縣長光社區)", "speaker": "嚴金花, Cinhua, female, None", "collected": "0000-00-00", "revised": "None", "video": "Amis_Nr-frog_cinhua.mp3"}, "s_a_span": [99.56, 102.12], "file": "Amis_Ciwkangan/Amis_Nr-frog_cinhua", "num": 69}], [70, {"ori": [], "gloss": [["...(0.9)", "", ""], ["kilim-en", "search-PF", "尋找-受焦"], ["nira", "3SG.GEN", "3SG.屬格"], ["itira,\\", "there", "那裡"]], "free": [], "s_end": false, "iu_a_span": [102.12, 104.23], "meta": {"topic": "Frog Story", "type": "Narrative", "language": "阿美語, Amis, Ciwkangan(台東縣長光社區)", "speaker": "嚴金花, Cinhua, female, None", "collected": "0000-00-00", "revised": "None", "video": "Amis_Nr-frog_cinhua.mp3"}, "file": "Amis_Ciwkangan/Amis_Nr-frog_cinhua", "num": 70}], [71, {"ori": [], "gloss": [["..", "", ""], ["awa-ay=itu.\\", "EXIST.NEG-AY=PFV", "存在.否定-AY=完成"]], "free": ["#e He searched there, only to find nothing.", "#c 他到那裡找，也沒有。"], "s_end": true, "iu_a_span": [104.23, 105.28], "meta": {"topic": "Frog Story", "type": "Narrative", "language": "阿美語, Amis, Ciwkangan(台東縣長光社區)", "speaker": "嚴金花, Cinhua, female, None", "collected": "0000-00-00", "revised": "None", "video": "Amis_Nr-frog_cinhua.mp3"}, "s_a_span": [102.12, 105.28], "file": "Amis_Ciwkangan/Amis_Nr-frog_cinhua", "num": 71}], [72, {"ori": [], "gloss": [["...", "", ""], ["na", "that", "那個"], ["wacu", "dog", "狗"], ["sa’an", "said.so", "如此說"], ["sa", "SA", "SA"], ["ceku-ceku==d,\\", "RED-jump", "重疊-跳"]], "free": [], "s_end": false, "iu_a_span": [105.28, 107.22], "meta": {"topic": "Frog Story", "type": "Narrative", "language": "阿美語, Amis, Ciwkangan(台東縣長光社區)", "speaker": "嚴金花, Cinhua, female, None", "collected": "0000-00-00", "revised": "None", "video": "Amis_Nr-frog_cinhua.mp3"}, "file": "Amis_Ciwkangan/Amis_Nr-frog_cinhua", "num": 72}], [73, {"ori": [], "gloss": [["..", "", ""], ["sa’an", "said.so", "如此說"], ["cingra", "3SG.NOM", "3SG.主格"], ["a", "LNK", "連詞"], ["mi==,_", "FS", "FS"]], "free": [], "s_end": false, "iu_a_span": [107.22, 108.61], "meta": {"topic": "Frog Story", "type": "Narrative", "language": "阿美語, Amis, Ciwkangan(台東縣長光社區)", "speaker": "嚴金花, Cinhua, female, None", "collected": "0000-00-00", "revised": "None", "video": "Amis_Nr-frog_cinhua.mp3"}, "file": "Amis_Ciwkangan/Amis_Nr-frog_cinhua", "num": 73}], [74, {"ori": [], "gloss": [["...", "", ""], ["mi==-,\\", "AF-", "主焦-"]], "free": [], "s_end": false, "iu_a_span": [108.61, 110.3], "meta": {"topic": "Frog Story", "type": "Narrative", "language": "阿美語, Amis, Ciwkangan(台東縣長光社區)", "speaker": "嚴金花, Cinhua, female, None", "collected": "0000-00-00", "revised": "None", "video": "Amis_Nr-frog_cinhua.mp3"}, "file": "Amis_Ciwkangan/Amis_Nr-frog_cinhua", "num": 74}], [75, {"ori": [], "gloss": [["..", "", ""], ["anin", "play", "玩耍"], ["tunian", "this.OBL", "這個.斜格"], ["a==,\\", "LNK", "連詞"]], "free": [], "s_end": false, "iu_a_span": [110.3, 111.55], "meta": {"topic": "Frog Story", "type": "Narrative", "language": "阿美語, Amis, Ciwkangan(台東縣長光社區)", "speaker": "嚴金花, Cinhua, female, None", "collected": "0000-00-00", "revised": "None", "video": "Amis_Nr-frog_cinhua.mp3"}, "file": "Amis_Ciwkangan/Amis_Nr-frog_cinhua", "num": 75}], [76, {"ori": [], "gloss": [["..", "", ""], ["ma-tating-ay,\\", "PF-hang-AY", "受焦-吊-AY"]], "free": [], "s_end": false, "iu_a_span": [111.55, 112.43], "meta": {"topic": "Frog Story", "type": "Narrative", "language": "阿美語, Amis, Ciwkangan(台東縣長光社區)", "speaker": "嚴金花, Cinhua, female, None", "collected": "0000-00-00", "revised": "None", "video": "Amis_Nr-frog_cinhua.mp3"}, "file": "Amis_Ciwkangan/Amis_Nr-frog_cinhua", "num": 76}], [77, {"ori": [], "gloss": [["..", "", ""], ["i", "LOC", "處格"], ["fafa’ed", "above", "上面"], ["a==,_", "LNK", "連詞"]], "free": [], "s_end": false, "iu_a_span": [112.43, 113.88], "meta": {"topic": "Frog Story", "type": "Narrative", "language": "阿美語, Amis, Ciwkangan(台東縣長光社區)", "speaker": "嚴金花, Cinhua, female, None", "collected": "0000-00-00", "revised": "None", "video": "Amis_Nr-frog_cinhua.mp3"}, "file": "Amis_Ciwkangan/Amis_Nr-frog_cinhua", "num": 77}], [78, {"ori": [], "gloss": [["...", "", ""], ["a==", "LNK", "連詞"], ["ma’an", "what", "什麼"], ["kura’an.\\", "that.NOM", "那個.主格"]], "free": ["#e The dog was jumping, playing with something hung above.", "#c 狗跳來跳去，玩弄吊在上面的不知是什麼東西。"], "s_end": true, "iu_a_span": [113.88, 116.04], "meta": {"topic": "Frog Story", "type": "Narrative", "language": "阿美語, Amis, Ciwkangan(台東縣長光社區)", "speaker": "嚴金花, Cinhua, female, None", "collected": "0000-00-00", "revised": "None", "video": "Amis_Nr-frog_cinhua.mp3"}, "s_a_span": [105.28, 116.04], "file": "Amis_Ciwkangan/Amis_Nr-frog_cinhua", "num": 78}], [79, {"ori": [], "gloss": [["...", "", ""], ["saka,\\", "therefore", "因此"]], "free": [], "s_end": false, "iu_a_span": [116.04, 116.97], "meta": {"topic": "Frog Story", "type": "Narrative", "language": "阿美語, Amis, Ciwkangan(台東縣長光社區)", "speaker": "嚴金花, Cinhua, female, None", "collected": "0000-00-00", "revised": "None", "video": "Amis_Nr-frog_cinhua.mp3"}, "file": "Amis_Ciwkangan/Amis_Nr-frog_cinhua", "num": 79}], [80, {"ori": [], "gloss": [["...", "", ""], ["m,\\", "FS", "FS"]], "free": [], "s_end": false, "iu_a_span": [116.97, 117.52], "meta": {"topic": "Frog Story", "type": "Narrative", "language": "阿美語, Amis, Ciwkangan(台東縣長光社區)", "speaker": "嚴金花, Cinhua, female, None", "collected": "0000-00-00", "revised": "None", "video": "Amis_Nr-frog_cinhua.mp3"}, "file": "Amis_Ciwkangan/Amis_Nr-frog_cinhua", "num": 80}], [81, {"ori": [], "gloss": [["..", "", ""], ["mi-celi’", "AF-call", "主焦-呼叫"], ["haca", "still", "仍"], ["cingra", "3SG.NOM", "3SG.主格"], ["u", "CN", "CN"], ["takula’", "frog", "青蛙"], ["aku==,\\", "1SG.GEN", "1SG.屬格"]], "free": ["#e He was still calling, ‘My frog!’", "#c 他仍然呼喊著，「我的青蛙！」"], "s_end": true, "iu_a_span": [117.52, 120.09], "meta": {"topic": "Frog Story", "type": "Narrative", "language": "阿美語, Amis, Ciwkangan(台東縣長光社區)", "speaker": "嚴金花, Cinhua, female, None", "collected": "0000-00-00", "revised": "None", "video": "Amis_Nr-frog_cinhua.mp3"}, "s_a_span": [116.04, 120.09], "file": "Amis_Ciwkangan/Amis_Nr-frog_cinhua", "num": 81}], [82, {"ori": [], "gloss": [["..", "", ""], ["takula’", "frog", "青蛙"], ["aku==,\\", "1SG.GEN", "1SG.屬格"]], "free": [], "s_end": false, "iu_a_span": [120.09, 120.97], "meta": {"topic": "Frog Story", "type": "Narrative", "language": "阿美語, Amis, Ciwkangan(台東縣長光社區)", "speaker": "嚴金花, Cinhua, female, None", "collected": "0000-00-00", "revised": "None", "video": "Amis_Nr-frog_cinhua.mp3"}, "file": "Amis_Ciwkangan/Amis_Nr-frog_cinhua", "num": 82}], [83, {"ori": [], "gloss": [["..", "", ""], ["sa’an", "said.so", "如此說"], ["cingra", "3SG.NOM", "3SG.主格"], ["a,_", "LNK", "連詞"]], "free": ["#e ‘My frog!’ he said so.", "#c 「我的青蛙！」他這樣說。"], "s_end": true, "iu_a_span": [120.97, 121.92], "meta": {"topic": "Frog Story", "type": "Narrative", "language": "阿美語, Amis, Ciwkangan(台東縣長光社區)", "speaker": "嚴金花, Cinhua, female, None", "collected": "0000-00-00", "revised": "None", "video": "Amis_Nr-frog_cinhua.mp3"}, "s_a_span": [120.09, 121.92], "file": "Amis_Ciwkangan/Amis_Nr-frog_cinhua", "num": 83}], [84, {"ori": [], "gloss": [["...", "", ""], ["ca’ay-ay", "NEG-AY", "否定-AY"], ["pi-tulas", "PI-end", "PI-結束"], ["a==,\\", "LNK", "連詞"]], "free": [], "s_end": false, "iu_a_span": [121.92, 123.64], "meta": {"topic": "Frog Story", "type": "Narrative", "language": "阿美語, Amis, Ciwkangan(台東縣長光社區)", "speaker": "嚴金花, Cinhua, female, None", "collected": "0000-00-00", "revised": "None", "video": "Amis_Nr-frog_cinhua.mp3"}, "file": "Amis_Ciwkangan/Amis_Nr-frog_cinhua", "num": 84}], [85, {"ori": [], "gloss": [["..", "", ""], ["mi-kilim,\\", "AF-search", "主焦-尋找"]], "free": [], "s_end": false, "iu_a_span": [123.64, 124.26], "meta": {"topic": "Frog Story", "type": "Narrative", "language": "阿美語, Amis, Ciwkangan(台東縣長光社區)", "speaker": "嚴金花, Cinhua, female, None", "collected": "0000-00-00", "revised": "None", "video": "Amis_Nr-frog_cinhua.mp3"}, "file": "Amis_Ciwkangan/Amis_Nr-frog_cinhua", "num": 85}], [86, {"ori": [], "gloss": [["..", "", ""], ["tuya", "that.OBL", "那個.斜格"], ["takula’", "frog", "青蛙"], ["nira,\\", "3SG.GEN", "3SG.屬格"]], "free": [], "s_end": false, "iu_a_span": [124.26, 125.53], "meta": {"topic": "Frog Story", "type": "Narrative", "language": "阿美語, Amis, Ciwkangan(台東縣長光社區)", "speaker": "嚴金花, Cinhua, female, None", "collected": "0000-00-00", "revised": "None", "video": "Amis_Nr-frog_cinhua.mp3"}, "file": "Amis_Ciwkangan/Amis_Nr-frog_cinhua", "num": 86}], [87, {"ori": [], "gloss": [["..", "", ""], ["saka,_", "therefore", "因此"]], "free": ["#e He kept looking for his frog.", "#c 他不斷地找尋他的青蛙。"], "s_end": true, "iu_a_span": [125.53, 126.06], "meta": {"topic": "Frog Story", "type": "Narrative", "language": "阿美語, Amis, Ciwkangan(台東縣長光社區)", "speaker": "嚴金花, Cinhua, female, None", "collected": "0000-00-00", "revised": "None", "video": "Amis_Nr-frog_cinhua.mp3"}, "s_a_span": [121.92, 126.06], "file": "Amis_Ciwkangan/Amis_Nr-frog_cinhua", "num": 87}], [88, {"ori": [], "gloss": [["...", "", ""], ["tahira", "arrive", "到達"], ["itini,_", "here", "這裡"]], "free": [], "s_end": false, "iu_a_span": [126.06, 127.47], "meta": {"topic": "Frog Story", "type": "Narrative", "language": "阿美語, Amis, Ciwkangan(台東縣長光社區)", "speaker": "嚴金花, Cinhua, female, None", "collected": "0000-00-00", "revised": "None", "video": "Amis_Nr-frog_cinhua.mp3"}, "file": "Amis_Ciwkangan/Amis_Nr-frog_cinhua", "num": 88}], [89, {"ori": [], "gloss": [["...(1.7)", "", ""], ["itini", "here", "這裡"], ["tu", "OBL", "斜格"], ["i", "LOC", "處格"], ["kila-kilang-an,\\", "RED-tree-LF", "重疊-樹-處焦"]], "free": [], "s_end": false, "iu_a_span": [127.47, 130.77], "meta": {"topic": "Frog Story", "type": "Narrative", "language": "阿美語, Amis, Ciwkangan(台東縣長光社區)", "speaker": "嚴金花, Cinhua, female, None", "collected": "0000-00-00", "revised": "None", "video": "Amis_Nr-frog_cinhua.mp3"}, "file": "Amis_Ciwkangan/Amis_Nr-frog_cinhua", "num": 89}], [90, {"ori": [], "gloss": [["..", "", ""], ["cingra", "3SG.NOM", "3SG.主格"], ["a==", "LNK", "連詞"], ["mi-kilim,\\", "AF-search", "主焦-尋找"]], "free": [], "s_end": false, "iu_a_span": [130.77, 132.34], "meta": {"topic": "Frog Story", "type": "Narrative", "language": "阿美語, Amis, Ciwkangan(台東縣長光社區)", "speaker": "嚴金花, Cinhua, female, None", "collected": "0000-00-00", "revised": "None", "video": "Amis_Nr-frog_cinhua.mp3"}, "file": "Amis_Ciwkangan/Amis_Nr-frog_cinhua", "num": 90}], [91, {"ori": [], "gloss": [["..", "", ""], ["tuya", "that.OBL", "那個.斜格"], ["takula’.\\", "frog", "青蛙"]], "free": ["#e At this point, he went to the forest to look for the frog.", "#c 這時，他又到樹林裡去尋找青蛙。"], "s_end": true, "iu_a_span": [132.34, 133.52], "meta": {"topic": "Frog Story", "type": "Narrative", "language": "阿美語, Amis, Ciwkangan(台東縣長光社區)", "speaker": "嚴金花, Cinhua, female, None", "collected": "0000-00-00", "revised": "None", "video": "Amis_Nr-frog_cinhua.mp3"}, "s_a_span": [126.06, 133.52], "file": "Amis_Ciwkangan/Amis_Nr-frog_cinhua", "num": 91}], [92, {"ori": [], "gloss": [["...", "", ""], ["tala-cuwa=tu", "to-where=PFV", "到-哪裡=完成"], ["kuya", "that.NOM", "that.主格"], ["takula’", "frog", "青蛙"], ["aku", "1SG.GEN", "1SG.屬格"], ["hakini==,\\", "DM", "DM"]], "free": [], "s_end": false, "iu_a_span": [133.52, 136.22], "meta": {"topic": "Frog Story", "type": "Narrative", "language": "阿美語, Amis, Ciwkangan(台東縣長光社區)", "speaker": "嚴金花, Cinhua, female, None", "collected": "0000-00-00", "revised": "None", "video": "Amis_Nr-frog_cinhua.mp3"}, "file": "Amis_Ciwkangan/Amis_Nr-frog_cinhua", "num": 92}], [93, {"ori": [], "gloss": [["..", "", ""], ["sa’an", "said.so", "如此說"], ["ku", "NOM", "主格"], ["falucu’", "heart", "心"], ["nira", "3SG.GEN", "3SG.屬格"], ["saka,_", "therefore", "因此"]], "free": ["#e ‘Where is my frog?’ he said so.", "#c 「我的青蛙在哪裡？」他自言自語。"], "s_end": true, "iu_a_span": [136.22, 138.0], "meta": {"topic": "Frog Story", "type": "Narrative", "language": "阿美語, Amis, Ciwkangan(台東縣長光社區)", "speaker": "嚴金花, Cinhua, female, None", "collected": "0000-00-00", "revised": "None", "video": "Amis_Nr-frog_cinhua.mp3"}, "s_a_span": [133.52, 138.0], "file": "Amis_Ciwkangan/Amis_Nr-frog_cinhua", "num": 93}], [94, {"ori": [], "gloss": [["...", "", ""], ["mi-kilim", "AF-search", "主焦-尋找"], ["cingra.\\", "3SG.NOM", "3SG.主格"]], "free": ["#e He searched.", "#c 他繼續找著。"], "s_end": true, "iu_a_span": [138.0, 139.98], "meta": {"topic": "Frog Story", "type": "Narrative", "language": "阿美語, Amis, Ciwkangan(台東縣長光社區)", "speaker": "嚴金花, Cinhua, female, None", "collected": "0000-00-00", "revised": "None", "video": "Amis_Nr-frog_cinhua.mp3"}, "s_a_span": [138.0, 139.98], "file": "Amis_Ciwkangan/Amis_Nr-frog_cinhua", "num": 94}], [95, {"ori": [], "gloss": [["...", "", ""], ["ma-pulin", "AF-fall", "主焦-摔倒"], ["cingra", "3SG.NOM", "3SG.主格"], ["tu", "OBL", "斜格"], ["pi-kilim-an,\\", "PI-search-LF", "PI-尋找-處焦"]], "free": [], "s_end": false, "iu_a_span": [139.98, 142.76], "meta": {"topic": "Frog Story", "type": "Narrative", "language": "阿美語, Amis, Ciwkangan(台東縣長光社區)", "speaker": "嚴金花, Cinhua, female, None", "collected": "0000-00-00", "revised": "None", "video": "Amis_Nr-frog_cinhua.mp3"}, "file": "Amis_Ciwkangan/Amis_Nr-frog_cinhua", "num": 95}], [96, {"ori": [], "gloss": [["..", "", ""], ["aca", "yet", "仍"], ["nira", "3SG.GEN", "3SG.屬格"], ["ma-kunkun,\\", "AF-fall", "主焦-摔倒"]], "free": [], "s_end": false, "iu_a_span": [142.76, 144.1], "meta": {"topic": "Frog Story", "type": "Narrative", "language": "阿美語, Amis, Ciwkangan(台東縣長光社區)", "speaker": "嚴金花, Cinhua, female, None", "collected": "0000-00-00", "revised": "None", "video": "Amis_Nr-frog_cinhua.mp3"}, "file": "Amis_Ciwkangan/Amis_Nr-frog_cinhua", "num": 96}], [97, {"ori": [], "gloss": [["..", "", ""], ["itini", "here", "這裡"], ["i==,\\", "LOC", "處格"]], "free": [], "s_end": false, "iu_a_span": [144.1, 144.91], "meta": {"topic": "Frog Story", "type": "Narrative", "language": "阿美語, Amis, Ciwkangan(台東縣長光社區)", "speaker": "嚴金花, Cinhua, female, None", "collected": "0000-00-00", "revised": "None", "video": "Amis_Nr-frog_cinhua.mp3"}, "file": "Amis_Ciwkangan/Amis_Nr-frog_cinhua", "num": 97}], [98, {"ori": [], "gloss": [["..", "", ""], ["kila-kilang-an.\\", "RED-tree-LF", "重疊-樹-處焦"]], "free": ["#e He fell when he was searching, falling down from the tree.", "#c 他在找的時候跌倒了，從樹上跌落下來。"], "s_end": true, "iu_a_span": [144.91, 145.94], "meta": {"topic": "Frog Story", "type": "Narrative", "language": "阿美語, Amis, Ciwkangan(台東縣長光社區)", "speaker": "嚴金花, Cinhua, female, None", "collected": "0000-00-00", "revised": "None", "video": "Amis_Nr-frog_cinhua.mp3"}, "s_a_span": [139.98, 145.94], "file": "Amis_Ciwkangan/Amis_Nr-frog_cinhua", "num": 98}], [99, {"ori": [], "gloss": [["...", "", ""], ["wakang", "lie", "躺"], ["sa=tu", "SA=PFV", "SA=完成"], ["itini", "here", "這裡"], ["i==,\\", "LOC", "處格"]], "free": [], "s_end": false, "iu_a_span": [145.94, 147.81], "meta": {"topic": "Frog Story", "type": "Narrative", "language": "阿美語, Amis, Ciwkangan(台東縣長光社區)", "speaker": "嚴金花, Cinhua, female, None", "collected": "0000-00-00", "revised": "None", "video": "Amis_Nr-frog_cinhua.mp3"}, "file": "Amis_Ciwkangan/Amis_Nr-frog_cinhua", "num": 99}]], "meta": {"topic": "Frog Story", "type": "Narrative", "language": "阿美語, Amis, Ciwkangan(台東縣長光社區)", "speaker": "嚴金花, Cinhua, female, None", "collected": "0000-00-00", "revised": "None", "video": "Amis_Nr-frog_cinhua.mp3"}}