{"glosses": [[1, {"ori": [], "gloss": [["su’elin", "really", "真的"], ["kita", "1IPL.NOM", "1IPL.主格"], ["u==,\\", "CN", "CN"]], "free": [], "s_end": false, "iu_a_span": [0.11, 1.38], "meta": {"topic": "Pear Story", "type": "Narrative", "language": "阿美語, Amis, Ciwkangan (台東縣長光社區)", "speaker": "嚴胡佐妹, Zuomei, female, None", "collected": "None", "revised": "2013-1-17", "video": "Amis_Nr-pear_zuomei.mp3"}, "file": "Amis_Ciwkangan/Amis_Nr-pear_zuomei", "num": 1}], [2, {"ori": [], "gloss": [["..", "", ""], ["ma", "FS", "FS"], ["u", "CN", "CN"], ["ma-lingad-ay.\\", "AF-farm-AY", "主焦-種田-AY"]], "free": ["#e We farmers are really hard-working.", "#c 我們農夫阿，真的是(辛苦)。"], "s_end": true, "iu_a_span": [1.38, 2.95], "meta": {"topic": "Pear Story", "type": "Narrative", "language": "阿美語, Amis, Ciwkangan (台東縣長光社區)", "speaker": "嚴胡佐妹, Zuomei, female, None", "collected": "None", "revised": "2013-1-17", "video": "Amis_Nr-pear_zuomei.mp3"}, "s_a_span": [0.11, 2.95], "file": "Amis_Ciwkangan/Amis_Nr-pear_zuomei", "num": 2}], [3, {"ori": [], "gloss": [["...", "", ""], ["ira", "EXIST", "存在"], ["ku", "NOM", "主格"], ["ccay", "one", "一"], ["a", "LNK", "連詞"], ["tamdaw.\\", "person", "人"]], "free": [], "s_end": false, "iu_a_span": [2.95, 5.35], "meta": {"topic": "Pear Story", "type": "Narrative", "language": "阿美語, Amis, Ciwkangan (台東縣長光社區)", "speaker": "嚴胡佐妹, Zuomei, female, None", "collected": "None", "revised": "2013-1-17", "video": "Amis_Nr-pear_zuomei.mp3"}, "file": "Amis_Ciwkangan/Amis_Nr-pear_zuomei", "num": 3}], [4, {"ori": [], "gloss": [["...", "", ""], ["ma-lingad", "AF-farm", "主焦-種田"], ["tayni", "AF.come", "主焦.來"], ["i", "LOC", "處格"], ["lutuk.\\", "mountain", "山"]], "free": ["#e There was a person who went to the mountain.", "#c 有一個人，去山上。"], "s_end": true, "iu_a_span": [5.35, 7.6], "meta": {"topic": "Pear Story", "type": "Narrative", "language": "阿美語, Amis, Ciwkangan (台東縣長光社區)", "speaker": "嚴胡佐妹, Zuomei, female, None", "collected": "None", "revised": "2013-1-17", "video": "Amis_Nr-pear_zuomei.mp3"}, "s_a_span": [2.95, 7.6], "file": "Amis_Ciwkangan/Amis_Nr-pear_zuomei", "num": 4}], [5, {"ori": [], "gloss": [["...", "", ""], ["su’elin", "really", "真的"], ["mi-o’o==k,\\", "AF-crow", "主焦-雞啼"]], "free": [], "s_end": false, "iu_a_span": [7.6, 9.5], "meta": {"topic": "Pear Story", "type": "Narrative", "language": "阿美語, Amis, Ciwkangan (台東縣長光社區)", "speaker": "嚴胡佐妹, Zuomei, female, None", "collected": "None", "revised": "2013-1-17", "video": "Amis_Nr-pear_zuomei.mp3"}, "file": "Amis_Ciwkangan/Amis_Nr-pear_zuomei", "num": 5}], [6, {"ori": [], "gloss": [["..", "", ""], ["sa", "SA", "SA"], ["ku", "NOM", "主格"], ["‘ayam.\\", "chicken", "雞"]], "free": [], "s_end": false, "iu_a_span": [9.5, 10.61], "meta": {"topic": "Pear Story", "type": "Narrative", "language": "阿美語, Amis, Ciwkangan (台東縣長光社區)", "speaker": "嚴胡佐妹, Zuomei, female, None", "collected": "None", "revised": "2013-1-17", "video": "Amis_Nr-pear_zuomei.mp3"}, "file": "Amis_Ciwkangan/Amis_Nr-pear_zuomei", "num": 6}], [7, {"ori": [], "gloss": [["...", "", ""], ["ma-nengneng", "PF-see", "受焦-看"], ["nira", "3SG.GEN", "3SG.屬格"], ["hay,\\", "DM", "DM"]], "free": [], "s_end": false, "iu_a_span": [10.61, 12.15], "meta": {"topic": "Pear Story", "type": "Narrative", "language": "阿美語, Amis, Ciwkangan (台東縣長光社區)", "speaker": "嚴胡佐妹, Zuomei, female, None", "collected": "None", "revised": "2013-1-17", "video": "Amis_Nr-pear_zuomei.mp3"}, "file": "Amis_Ciwkangan/Amis_Nr-pear_zuomei", "num": 7}], [8, {"ori": [], "gloss": [["..", "", ""], ["uya", "that", "那個"], ["tayal", "work", "工作"], ["aku", "1SG.GEN", "1SG.屬格"], ["sa’an,_", "said.so", "如此說"]], "free": [], "s_end": false, "iu_a_span": [12.15, 13.6], "meta": {"topic": "Pear Story", "type": "Narrative", "language": "阿美語, Amis, Ciwkangan (台東縣長光社區)", "speaker": "嚴胡佐妹, Zuomei, female, None", "collected": "None", "revised": "2013-1-17", "video": "Amis_Nr-pear_zuomei.mp3"}, "file": "Amis_Ciwkangan/Amis_Nr-pear_zuomei", "num": 8}], [9, {"ori": [], "gloss": [["..", "", ""], ["l<um>uwad=tu", "<AF>get.up=PFV", "<主焦>起身=完成"], ["cingra", "3SG.NOM", "3SG.主格"], ["a,\\", "LNK", "連詞"]], "free": [], "s_end": false, "iu_a_span": [13.6, 15.28], "meta": {"topic": "Pear Story", "type": "Narrative", "language": "阿美語, Amis, Ciwkangan (台東縣長光社區)", "speaker": "嚴胡佐妹, Zuomei, female, None", "collected": "None", "revised": "2013-1-17", "video": "Amis_Nr-pear_zuomei.mp3"}, "file": "Amis_Ciwkangan/Amis_Nr-pear_zuomei", "num": 9}], [10, {"ori": [], "gloss": [["..", "", ""], ["tayni", "AF.come", "主焦.來"], ["i", "LOC", "處格"], ["umah", "farm", "田地"], ["nira.\\", "3SG.GEN", "3SG.屬格"]], "free": ["#e When chickens crowed, he thought \"ah, my work,\" and he got up and went to his farm.", "#c 當雞鳴的時候，他想起「啊，我的工作」，他就起身到他的田裡。"], "s_end": true, "iu_a_span": [15.28, 16.93], "meta": {"topic": "Pear Story", "type": "Narrative", "language": "阿美語, Amis, Ciwkangan (台東縣長光社區)", "speaker": "嚴胡佐妹, Zuomei, female, None", "collected": "None", "revised": "2013-1-17", "video": "Amis_Nr-pear_zuomei.mp3"}, "s_a_span": [7.6, 16.93], "file": "Amis_Ciwkangan/Amis_Nr-pear_zuomei", "num": 10}], [11, {"ori": [], "gloss": [["..", "", ""], ["naw", "NAW", "NAW"], ["han,_", "HAN", "HAN"]], "free": [], "s_end": false, "iu_a_span": [16.93, 17.79], "meta": {"topic": "Pear Story", "type": "Narrative", "language": "阿美語, Amis, Ciwkangan (台東縣長光社區)", "speaker": "嚴胡佐妹, Zuomei, female, None", "collected": "None", "revised": "2013-1-17", "video": "Amis_Nr-pear_zuomei.mp3"}, "file": "Amis_Ciwkangan/Amis_Nr-pear_zuomei", "num": 11}], [12, {"ori": [], "gloss": [["..", "", ""], ["adihay", "AF.many", "主焦.很多"], ["ku", "NOM", "主格"], ["ni-pa-luma’-an", "PFV-CAU-house-LF", "完成-使役-房子-處格"], ["nira", "3SG.GEN", "3SG.屬格"], ["a,\\", "LNK", "連詞"]], "free": [], "s_end": false, "iu_a_span": [17.79, 20.14], "meta": {"topic": "Pear Story", "type": "Narrative", "language": "阿美語, Amis, Ciwkangan (台東縣長光社區)", "speaker": "嚴胡佐妹, Zuomei, female, None", "collected": "None", "revised": "2013-1-17", "video": "Amis_Nr-pear_zuomei.mp3"}, "file": "Amis_Ciwkangan/Amis_Nr-pear_zuomei", "num": 12}], [13, {"ori": [], "gloss": [["..", "", ""], ["kiyafes", "guava", "芭樂"], ["itini", "here", "這裡"], ["i==,_", "LOC", "處格"]], "free": [], "s_end": false, "iu_a_span": [20.14, 21.68], "meta": {"topic": "Pear Story", "type": "Narrative", "language": "阿美語, Amis, Ciwkangan (台東縣長光社區)", "speaker": "嚴胡佐妹, Zuomei, female, None", "collected": "None", "revised": "2013-1-17", "video": "Amis_Nr-pear_zuomei.mp3"}, "file": "Amis_Ciwkangan/Amis_Nr-pear_zuomei", "num": 13}], [14, {"ori": [], "gloss": [["...(1.0)", "", ""], ["lutuk", "mountain", "山"], ["nira", "3SG.GEN", "3SG.屬格"], ["saka,\\", "therefore", "因此"]], "free": [], "s_end": false, "iu_a_span": [21.68, 23.83], "meta": {"topic": "Pear Story", "type": "Narrative", "language": "阿美語, Amis, Ciwkangan (台東縣長光社區)", "speaker": "嚴胡佐妹, Zuomei, female, None", "collected": "None", "revised": "2013-1-17", "video": "Amis_Nr-pear_zuomei.mp3"}, "file": "Amis_Ciwkangan/Amis_Nr-pear_zuomei", "num": 14}], [15, {"ori": [], "gloss": [["..", "", ""], ["u", "CN", "CN"], ["la-l<um>uwad=tu", "CA-<AF>get.up=PFV", "CA重疊-<主焦>起身=完成"], ["cingra", "3SG.NOM", "3SG.主格"], ["a", "LNK", "連詞"], ["tayra,\\", "AF.go", "主焦.去"]], "free": [], "s_end": false, "iu_a_span": [23.83, 25.56], "meta": {"topic": "Pear Story", "type": "Narrative", "language": "阿美語, Amis, Ciwkangan (台東縣長光社區)", "speaker": "嚴胡佐妹, Zuomei, female, None", "collected": "None", "revised": "2013-1-17", "video": "Amis_Nr-pear_zuomei.mp3"}, "file": "Amis_Ciwkangan/Amis_Nr-pear_zuomei", "num": 15}], [16, {"ori": [], "gloss": [["..", "", ""], ["a", "LNK", "連詞"], ["mi-ala,\\", "AF-take", "主焦-拿"]], "free": [], "s_end": false, "iu_a_span": [25.56, 26.25], "meta": {"topic": "Pear Story", "type": "Narrative", "language": "阿美語, Amis, Ciwkangan (台東縣長光社區)", "speaker": "嚴胡佐妹, Zuomei, female, None", "collected": "None", "revised": "2013-1-17", "video": "Amis_Nr-pear_zuomei.mp3"}, "file": "Amis_Ciwkangan/Amis_Nr-pear_zuomei", "num": 16}], [17, {"ori": [], "gloss": [["..", "", ""], ["tunini", "this.OBL", "這個.斜格"], ["a", "LNK", "連詞"], ["kiyafes", "guava", "芭樂"], ["nira._", "3SG.GEN", "3SG.屬格"]], "free": ["#e He grew many guavas in the mountain, so he got up and went to pluck guavas.", "#c 他在山上種了很多番石榴，所以他準備去摘這個番石榴。"], "s_end": true, "iu_a_span": [26.25, 28.12], "meta": {"topic": "Pear Story", "type": "Narrative", "language": "阿美語, Amis, Ciwkangan (台東縣長光社區)", "speaker": "嚴胡佐妹, Zuomei, female, None", "collected": "None", "revised": "2013-1-17", "video": "Amis_Nr-pear_zuomei.mp3"}, "s_a_span": [16.93, 28.12], "file": "Amis_Ciwkangan/Amis_Nr-pear_zuomei", "num": 17}], [18, {"ori": [], "gloss": [["..", "", ""], ["su’elin", "really", "真的"], ["tahira-han", "arrive-HAN", "到達-HAN"], ["nira", "3SG.GEN", "3SG.屬格"], ["ccay", "one", "一"], ["aca,\\", "only", "只有"]], "free": [], "s_end": false, "iu_a_span": [28.12, 30.45], "meta": {"topic": "Pear Story", "type": "Narrative", "language": "阿美語, Amis, Ciwkangan (台東縣長光社區)", "speaker": "嚴胡佐妹, Zuomei, female, None", "collected": "None", "revised": "2013-1-17", "video": "Amis_Nr-pear_zuomei.mp3"}, "file": "Amis_Ciwkangan/Amis_Nr-pear_zuomei", "num": 18}], [19, {"ori": [], "gloss": [["..", "", ""], ["tapangan", "trunk", "棵"], ["kuya==,_", "that.NOM", "那個.主格"]], "free": [], "s_end": false, "iu_a_span": [30.45, 31.74], "meta": {"topic": "Pear Story", "type": "Narrative", "language": "阿美語, Amis, Ciwkangan (台東縣長光社區)", "speaker": "嚴胡佐妹, Zuomei, female, None", "collected": "None", "revised": "2013-1-17", "video": "Amis_Nr-pear_zuomei.mp3"}, "file": "Amis_Ciwkangan/Amis_Nr-pear_zuomei", "num": 19}], [20, {"ori": [], "gloss": [["..", "", ""], ["ni-pa-luma’-an", "PFV-CAU-house-LF", "完成-使役-房屋-處焦"], ["nira,\\", "3SG.GEN", "3SG.屬格"]], "free": [], "s_end": false, "iu_a_span": [31.74, 32.95], "meta": {"topic": "Pear Story", "type": "Narrative", "language": "阿美語, Amis, Ciwkangan (台東縣長光社區)", "speaker": "嚴胡佐妹, Zuomei, female, None", "collected": "None", "revised": "2013-1-17", "video": "Amis_Nr-pear_zuomei.mp3"}, "file": "Amis_Ciwkangan/Amis_Nr-pear_zuomei", "num": 20}], [21, {"ori": [], "gloss": [["..", "", ""], ["su’elin", "really", "真的"], ["a", "LNK", "連詞"], ["ma-lufic", "AF-fruitful", "主焦-果實纍纍"], ["ku", "NOM", "主格"], ["haci", "fruit", "果實"], ["nira.\\", "3SG.GEN", "3SG.屬格"]], "free": [], "s_end": false, "iu_a_span": [32.95, 35.78], "meta": {"topic": "Pear Story", "type": "Narrative", "language": "阿美語, Amis, Ciwkangan (台東縣長光社區)", "speaker": "嚴胡佐妹, Zuomei, female, None", "collected": "None", "revised": "2013-1-17", "video": "Amis_Nr-pear_zuomei.mp3"}, "file": "Amis_Ciwkangan/Amis_Nr-pear_zuomei", "num": 21}], [22, {"ori": [], "gloss": [["..", "", ""], ["itira", "there", "那裡"], ["ku", "NOM", "主格"], ["raheker", "satisfied", "滿足"], ["nu", "GEN", "屬格"], ["falucu’", "heart", "心"], ["nira,_", "3SG.GEN", "3SG.屬格"]], "free": ["#e When he arrived, (he saw) only one tree (what he planted) was fruitful, and he felt satisfied.", "#c 真的，他到了之後，只有一棵，他種的樹果實纍纍，他心裡非常滿足。"], "s_end": true, "iu_a_span": [35.78, 38.0], "meta": {"topic": "Pear Story", "type": "Narrative", "language": "阿美語, Amis, Ciwkangan (台東縣長光社區)", "speaker": "嚴胡佐妹, Zuomei, female, None", "collected": "None", "revised": "2013-1-17", "video": "Amis_Nr-pear_zuomei.mp3"}, "s_a_span": [28.12, 38.0], "file": "Amis_Ciwkangan/Amis_Nr-pear_zuomei", "num": 22}], [23, {"ori": [], "gloss": [["..", "", ""], ["mi-ala=tu", "AF-take=PFV", "主焦-拿=完成"], ["cingra", "3SG.NOM", "3SG.主格"], ["a,\\", "LNK", "連詞"]], "free": [], "s_end": false, "iu_a_span": [38.0, 39.34], "meta": {"topic": "Pear Story", "type": "Narrative", "language": "阿美語, Amis, Ciwkangan (台東縣長光社區)", "speaker": "嚴胡佐妹, Zuomei, female, None", "collected": "None", "revised": "2013-1-17", "video": "Amis_Nr-pear_zuomei.mp3"}, "file": "Amis_Ciwkangan/Amis_Nr-pear_zuomei", "num": 23}], [24, {"ori": [], "gloss": [["..", "", ""], ["pa-kayakay", "CAU-bridge", "使役-橋"], ["a", "LNK", "連詞"], ["mi-ala", "AF-take", "主焦-拿"], ["tu,\\", "OBL", "斜格"]], "free": [], "s_end": false, "iu_a_span": [39.34, 41.13], "meta": {"topic": "Pear Story", "type": "Narrative", "language": "阿美語, Amis, Ciwkangan (台東縣長光社區)", "speaker": "嚴胡佐妹, Zuomei, female, None", "collected": "None", "revised": "2013-1-17", "video": "Amis_Nr-pear_zuomei.mp3"}, "file": "Amis_Ciwkangan/Amis_Nr-pear_zuomei", "num": 24}], [25, {"ori": [], "gloss": [["..", "", ""], ["kiyafes", "guava", "番石榴"], ["nira.\\", "3SG.GEN", "3SG.屬格"]], "free": ["#e He took a ladder to pluck guavas.", "#c 他用樓梯開始去摘他的果實。", "#n 「樓梯」應該是kawal"], "s_end": true, "iu_a_span": [41.13, 42.12], "meta": {"topic": "Pear Story", "type": "Narrative", "language": "阿美語, Amis, Ciwkangan (台東縣長光社區)", "speaker": "嚴胡佐妹, Zuomei, female, None", "collected": "None", "revised": "2013-1-17", "video": "Amis_Nr-pear_zuomei.mp3"}, "s_a_span": [38.0, 42.12], "file": "Amis_Ciwkangan/Amis_Nr-pear_zuomei", "num": 25}], [26, {"ori": [], "gloss": [["...", "", ""], ["nengneng-han", "see-HAN", "看-HAN"], ["nira", "3SG.GEN", "3SG.屬格"], ["tusa=tu", "two=PFV", "二=完成"], ["a", "LNK", "連詞"], ["kiyafes", "guava", "番石榴"], ["a==,_", "LNK", "連詞"]], "free": [], "s_end": false, "iu_a_span": [42.12, 44.59], "meta": {"topic": "Pear Story", "type": "Narrative", "language": "阿美語, Amis, Ciwkangan (台東縣長光社區)", "speaker": "嚴胡佐妹, Zuomei, female, None", "collected": "None", "revised": "2013-1-17", "video": "Amis_Nr-pear_zuomei.mp3"}, "file": "Amis_Ciwkangan/Amis_Nr-pear_zuomei", "num": 26}], [27, {"ori": [], "gloss": [["...", "", ""], ["langa", "basket", "籃子"], ["ku,\\", "NOM", "主格"]], "free": [], "s_end": false, "iu_a_span": [44.59, 45.68], "meta": {"topic": "Pear Story", "type": "Narrative", "language": "阿美語, Amis, Ciwkangan (台東縣長光社區)", "speaker": "嚴胡佐妹, Zuomei, female, None", "collected": "None", "revised": "2013-1-17", "video": "Amis_Nr-pear_zuomei.mp3"}, "file": "Amis_Ciwkangan/Amis_Nr-pear_zuomei", "num": 27}], [28, {"ori": [], "gloss": [["..", "", ""], ["kiyafes", "guava", "番石榴"], ["nira", "3SG.GEN", "3SG.屬格"], ["tu", "OBL", "斜格"], ["ni-,\\", "PFV-", "完成-"]], "free": [], "s_end": false, "iu_a_span": [45.68, 46.75], "meta": {"topic": "Pear Story", "type": "Narrative", "language": "阿美語, Amis, Ciwkangan (台東縣長光社區)", "speaker": "嚴胡佐妹, Zuomei, female, None", "collected": "None", "revised": "2013-1-17", "video": "Amis_Nr-pear_zuomei.mp3"}, "file": "Amis_Ciwkangan/Amis_Nr-pear_zuomei", "num": 28}], [29, {"ori": [], "gloss": [["..", "", ""], ["ala-an", "take-LF", "拿-處焦"], ["nira", "3SG.GEN", "3SG.屬格"], ["tu", "OBL", "水果"], ["haci", "fruit", "那個.屬格"], ["nuya", "that.GEN", "番石榴"], ["kiyafes", "guava", "3SG.屬格"], ["nira.\\", "", ""]], "free": ["#e He saw that two baskets were filled with the guavas that he plucked.", "#c 他看了，他摘的蕃石榴已經裝滿二籃了。"], "s_end": true, "iu_a_span": [46.75, 49.14], "meta": {"topic": "Pear Story", "type": "Narrative", "language": "阿美語, Amis, Ciwkangan (台東縣長光社區)", "speaker": "嚴胡佐妹, Zuomei, female, None", "collected": "None", "revised": "2013-1-17", "video": "Amis_Nr-pear_zuomei.mp3"}, "s_a_span": [42.12, 49.14], "file": "Amis_Ciwkangan/Amis_Nr-pear_zuomei", "num": 29}], [30, {"ori": [], "gloss": [["...", "", ""], ["kiya", "that.NOM", "那個.主格"], ["ira", "EXIST", "存在"], ["ku", "NOM", "主格"], ["ccay==,_", "one", "一"]], "free": [], "s_end": false, "iu_a_span": [49.14, 50.52], "meta": {"topic": "Pear Story", "type": "Narrative", "language": "阿美語, Amis, Ciwkangan (台東縣長光社區)", "speaker": "嚴胡佐妹, Zuomei, female, None", "collected": "None", "revised": "2013-1-17", "video": "Amis_Nr-pear_zuomei.mp3"}, "file": "Amis_Ciwkangan/Amis_Nr-pear_zuomei", "num": 30}], [31, {"ori": [], "gloss": [["...", "", ""], ["mi==-kiting-ay", "AF-pull.along-AY", "主焦-牽-AY"], ["tu", "OBL", "斜格"], ["siri,\\", "goat", "山羊"]], "free": [], "s_end": false, "iu_a_span": [50.52, 52.71], "meta": {"topic": "Pear Story", "type": "Narrative", "language": "阿美語, Amis, Ciwkangan (台東縣長光社區)", "speaker": "嚴胡佐妹, Zuomei, female, None", "collected": "None", "revised": "2013-1-17", "video": "Amis_Nr-pear_zuomei.mp3"}, "file": "Amis_Ciwkangan/Amis_Nr-pear_zuomei", "num": 31}], [32, {"ori": [], "gloss": [["..", "", ""], ["a", "LNK", "連詞"], ["tamdaw,\\", "person", "人"]], "free": [], "s_end": false, "iu_a_span": [52.71, 53.65], "meta": {"topic": "Pear Story", "type": "Narrative", "language": "阿美語, Amis, Ciwkangan (台東縣長光社區)", "speaker": "嚴胡佐妹, Zuomei, female, None", "collected": "None", "revised": "2013-1-17", "video": "Amis_Nr-pear_zuomei.mp3"}, "file": "Amis_Ciwkangan/Amis_Nr-pear_zuomei", "num": 32}], [33, {"ori": [], "gloss": [["..", "", ""], ["pakayra", "from.there", "從那裡"], ["a", "LNK", "連詞"], ["mi-tafsiw.\\", "AF-pass", "主焦-經過"]], "free": ["#e Then, a person who pulled a goat along passed.", "#c 當時，有一位牽著山羊的人從這裡經過。"], "s_end": true, "iu_a_span": [53.65, 55.09], "meta": {"topic": "Pear Story", "type": "Narrative", "language": "阿美語, Amis, Ciwkangan (台東縣長光社區)", "speaker": "嚴胡佐妹, Zuomei, female, None", "collected": "None", "revised": "2013-1-17", "video": "Amis_Nr-pear_zuomei.mp3"}, "s_a_span": [49.14, 55.09], "file": "Amis_Ciwkangan/Amis_Nr-pear_zuomei", "num": 33}], [34, {"ori": [], "gloss": [["...(0.8)", "", ""], ["nikawrira", "but", "但是"], ["ca’ay", "NEG", "否定"], ["ka-‘anuf", "KA-greedy", "KA-貪心"], ["kuya,\\", "that.NOM", "那個.主格"]], "free": [], "s_end": false, "iu_a_span": [55.09, 57.42], "meta": {"topic": "Pear Story", "type": "Narrative", "language": "阿美語, Amis, Ciwkangan (台東縣長光社區)", "speaker": "嚴胡佐妹, Zuomei, female, None", "collected": "None", "revised": "2013-1-17", "video": "Amis_Nr-pear_zuomei.mp3"}, "file": "Amis_Ciwkangan/Amis_Nr-pear_zuomei", "num": 34}], [35, {"ori": [], "gloss": [["..", "", ""], ["pa-‘aca-ay", "CAU-buy-AY", "使役-買-AY"], ["tu", "OBL", "斜格"], ["siri,\\", "goat", "山羊"]], "free": ["#e But the person who sold goats was not greedy.", "#c 但是，這個賣山羊的人不貪心。"], "s_end": true, "iu_a_span": [57.42, 58.36], "meta": {"topic": "Pear Story", "type": "Narrative", "language": "阿美語, Amis, Ciwkangan (台東縣長光社區)", "speaker": "嚴胡佐妹, Zuomei, female, None", "collected": "None", "revised": "2013-1-17", "video": "Amis_Nr-pear_zuomei.mp3"}, "s_a_span": [55.09, 58.36], "file": "Amis_Ciwkangan/Amis_Nr-pear_zuomei", "num": 35}], [36, {"ori": [], "gloss": [["..", "", ""], ["ma-nengneng", "PF-see", "受焦-看"], ["nira", "3SG.GEN", "3SG.屬格"], ["watah", "INT", "感嘆"], ["ku", "NOM", "主格"], ["haci", "fruit", "水果"], ["nira,_", "3SG.GEN", "3SG.屬格"]], "free": [], "s_end": false, "iu_a_span": [58.36, 60.27], "meta": {"topic": "Pear Story", "type": "Narrative", "language": "阿美語, Amis, Ciwkangan (台東縣長光社區)", "speaker": "嚴胡佐妹, Zuomei, female, None", "collected": "None", "revised": "2013-1-17", "video": "Amis_Nr-pear_zuomei.mp3"}, "file": "Amis_Ciwkangan/Amis_Nr-pear_zuomei", "num": 36}], [37, {"ori": [], "gloss": [["..", "", ""], ["nuna", "this.GEN", "這個.屬格"], ["kiyafes", "guava", "番石榴"], ["sa’an,\\", "said.so", "如此說"]], "free": [], "s_end": false, "iu_a_span": [60.27, 61.47], "meta": {"topic": "Pear Story", "type": "Narrative", "language": "阿美語, Amis, Ciwkangan (台東縣長光社區)", "speaker": "嚴胡佐妹, Zuomei, female, None", "collected": "None", "revised": "2013-1-17", "video": "Amis_Nr-pear_zuomei.mp3"}, "file": "Amis_Ciwkangan/Amis_Nr-pear_zuomei", "num": 37}], [38, {"ori": [], "gloss": [["..", "", ""], ["a", "LNK", "連詞"], ["mi-nengneng", "AF-see", "主焦-看"], ["mi-tafsiw", "AF-pass", "主焦-經過"], ["tiya==,_", "that", "那個"]], "free": [], "s_end": false, "iu_a_span": [61.47, 63.22], "meta": {"topic": "Pear Story", "type": "Narrative", "language": "阿美語, Amis, Ciwkangan (台東縣長光社區)", "speaker": "嚴胡佐妹, Zuomei, female, None", "collected": "None", "revised": "2013-1-17", "video": "Amis_Nr-pear_zuomei.mp3"}, "file": "Amis_Ciwkangan/Amis_Nr-pear_zuomei", "num": 38}], [39, {"ori": [], "gloss": [["..", "", ""], ["mi-kiting-ay", "AF-pull.along-AY", "主焦-牽-AY"], ["tu,\\", "OBL", "斜格"]], "free": [], "s_end": false, "iu_a_span": [63.22, 64.47], "meta": {"topic": "Pear Story", "type": "Narrative", "language": "阿美語, Amis, Ciwkangan (台東縣長光社區)", "speaker": "嚴胡佐妹, Zuomei, female, None", "collected": "None", "revised": "2013-1-17", "video": "Amis_Nr-pear_zuomei.mp3"}, "file": "Amis_Ciwkangan/Amis_Nr-pear_zuomei", "num": 39}], [40, {"ori": [], "gloss": [["..", "", ""], ["siri.\\", "goat", "山羊"]], "free": ["#e He saw the fruit, the guavas; the person who pulled the goat along passed and saw (the guavas).", "#c 他看到果實，番石榴；牽著山羊的人看著經過。"], "s_end": true, "iu_a_span": [64.47, 65.13], "meta": {"topic": "Pear Story", "type": "Narrative", "language": "阿美語, Amis, Ciwkangan (台東縣長光社區)", "speaker": "嚴胡佐妹, Zuomei, female, None", "collected": "None", "revised": "2013-1-17", "video": "Amis_Nr-pear_zuomei.mp3"}, "s_a_span": [58.36, 65.13], "file": "Amis_Ciwkangan/Amis_Nr-pear_zuomei", "num": 40}], [41, {"ori": [], "gloss": [["...", "", ""], ["ca=ho,_", "NEG=still", "否定=還"]], "free": [], "s_end": false, "iu_a_span": [65.13, 66.23], "meta": {"topic": "Pear Story", "type": "Narrative", "language": "阿美語, Amis, Ciwkangan (台東縣長光社區)", "speaker": "嚴胡佐妹, Zuomei, female, None", "collected": "None", "revised": "2013-1-17", "video": "Amis_Nr-pear_zuomei.mp3"}, "file": "Amis_Ciwkangan/Amis_Nr-pear_zuomei", "num": 41}], [42, {"ori": [], "gloss": [["..", "", ""], ["ira", "EXIST", "存在"], ["kuya", "that.NOM", "那個.主格"], ["pa,\\", "PA", "PA"]], "free": [], "s_end": false, "iu_a_span": [66.23, 67.11], "meta": {"topic": "Pear Story", "type": "Narrative", "language": "阿美語, Amis, Ciwkangan (台東縣長光社區)", "speaker": "嚴胡佐妹, Zuomei, female, None", "collected": "None", "revised": "2013-1-17", "video": "Amis_Nr-pear_zuomei.mp3"}, "file": "Amis_Ciwkangan/Amis_Nr-pear_zuomei", "num": 42}], [43, {"ori": [], "gloss": [["..", "", ""], ["ka==-,_", "KA1-", "KA1-"]], "free": [], "s_end": false, "iu_a_span": [67.11, 67.78], "meta": {"topic": "Pear Story", "type": "Narrative", "language": "阿美語, Amis, Ciwkangan (台東縣長光社區)", "speaker": "嚴胡佐妹, Zuomei, female, None", "collected": "None", "revised": "2013-1-17", "video": "Amis_Nr-pear_zuomei.mp3"}, "file": "Amis_Ciwkangan/Amis_Nr-pear_zuomei", "num": 43}], [44, {"ori": [], "gloss": [["...", "", ""], ["kuliciw-ay", "bike-AY", "腳踏車-AY"], ["a", "LNK", "連詞"], ["wawa.\\", "child", "小孩"]], "free": ["#e Before long, there was a child that rode a bike.", "#c 沒多久，有一位騎著單車的小孩。"], "s_end": true, "iu_a_span": [67.78, 69.74], "meta": {"topic": "Pear Story", "type": "Narrative", "language": "阿美語, Amis, Ciwkangan (台東縣長光社區)", "speaker": "嚴胡佐妹, Zuomei, female, None", "collected": "None", "revised": "2013-1-17", "video": "Amis_Nr-pear_zuomei.mp3"}, "s_a_span": [65.13, 69.74], "file": "Amis_Ciwkangan/Amis_Nr-pear_zuomei", "num": 44}], [45, {"ori": [], "gloss": [["..", "", ""], ["unini", "this", "這個"], ["a", "LNK", "連詞"], ["wawa,\\", "child", "小孩"]], "free": [], "s_end": false, "iu_a_span": [69.74, 70.9], "meta": {"topic": "Pear Story", "type": "Narrative", "language": "阿美語, Amis, Ciwkangan (台東縣長光社區)", "speaker": "嚴胡佐妹, Zuomei, female, None", "collected": "None", "revised": "2013-1-17", "video": "Amis_Nr-pear_zuomei.mp3"}, "file": "Amis_Ciwkangan/Amis_Nr-pear_zuomei", "num": 45}], [46, {"ori": [], "gloss": [["..", "", ""], ["su’elin", "really", "真的"], ["ca=ho", "NEG=still", "否定=還"], ["ho", "still", "還"], ["ka-tu’as,\\", "KA-grow", "KA-成長"]], "free": [], "s_end": false, "iu_a_span": [70.9, 72.21], "meta": {"topic": "Pear Story", "type": "Narrative", "language": "阿美語, Amis, Ciwkangan (台東縣長光社區)", "speaker": "嚴胡佐妹, Zuomei, female, None", "collected": "None", "revised": "2013-1-17", "video": "Amis_Nr-pear_zuomei.mp3"}, "file": "Amis_Ciwkangan/Amis_Nr-pear_zuomei", "num": 46}], [47, {"ori": [], "gloss": [["..", "", ""], ["u", "CN", "CN"], ["wawa", "child", "小孩"], ["ho,\\", "still", "還"]], "free": [], "s_end": false, "iu_a_span": [72.21, 73.24], "meta": {"topic": "Pear Story", "type": "Narrative", "language": "阿美語, Amis, Ciwkangan (台東縣長光社區)", "speaker": "嚴胡佐妹, Zuomei, female, None", "collected": "None", "revised": "2013-1-17", "video": "Amis_Nr-pear_zuomei.mp3"}, "file": "Amis_Ciwkangan/Amis_Nr-pear_zuomei", "num": 47}], [48, {"ori": [], "gloss": [["..", "", ""], ["kunini", "this.NOM", "這個.主格"], ["a", "LNK", "連詞"], ["wawa.\\", "child", "小孩"]], "free": [], "s_end": false, "iu_a_span": [73.24, 74.12], "meta": {"topic": "Pear Story", "type": "Narrative", "language": "阿美語, Amis, Ciwkangan (台東縣長光社區)", "speaker": "嚴胡佐妹, Zuomei, female, None", "collected": "None", "revised": "2013-1-17", "video": "Amis_Nr-pear_zuomei.mp3"}, "file": "Amis_Ciwkangan/Amis_Nr-pear_zuomei", "num": 48}], [49, {"ori": [], "gloss": [["...", "", ""], ["pakayra", "from.there", "從那裡"], ["a", "LNK", "連詞"], ["mi-tafsiw,_", "AF-pass", "主焦-經過"]], "free": ["#e Really, the child has not grown up; he passed there.", "#c 真的，這小孩還沒有長大，從那裡經過。"], "s_end": true, "iu_a_span": [74.12, 75.81], "meta": {"topic": "Pear Story", "type": "Narrative", "language": "阿美語, Amis, Ciwkangan (台東縣長光社區)", "speaker": "嚴胡佐妹, Zuomei, female, None", "collected": "None", "revised": "2013-1-17", "video": "Amis_Nr-pear_zuomei.mp3"}, "s_a_span": [69.74, 75.81], "file": "Amis_Ciwkangan/Amis_Nr-pear_zuomei", "num": 49}], [50, {"ori": [], "gloss": [["...", "", ""], ["mi-nengneng", "AF-see", "主焦-看"], ["tu", "OBL", "斜格"], ["ni==-,_", "PFV-", "完成-"]], "free": [], "s_end": false, "iu_a_span": [75.81, 77.35], "meta": {"topic": "Pear Story", "type": "Narrative", "language": "阿美語, Amis, Ciwkangan (台東縣長光社區)", "speaker": "嚴胡佐妹, Zuomei, female, None", "collected": "None", "revised": "2013-1-17", "video": "Amis_Nr-pear_zuomei.mp3"}, "file": "Amis_Ciwkangan/Amis_Nr-pear_zuomei", "num": 50}], [51, {"ori": [], "gloss": [["...", "", ""], ["ala-an", "take-LF", "拿-處焦"], ["nuya,\\", "that.GEN", "那個.屬格"]], "free": [], "s_end": false, "iu_a_span": [77.35, 78.53], "meta": {"topic": "Pear Story", "type": "Narrative", "language": "阿美語, Amis, Ciwkangan (台東縣長光社區)", "speaker": "嚴胡佐妹, Zuomei, female, None", "collected": "None", "revised": "2013-1-17", "video": "Amis_Nr-pear_zuomei.mp3"}, "file": "Amis_Ciwkangan/Amis_Nr-pear_zuomei", "num": 51}], [52, {"ori": [], "gloss": [["..", "", ""], ["ma-lingad-ay", "AF-farm-AY", "主焦-種田-AY"], ["a,\\", "LNK", "連詞"]], "free": [], "s_end": false, "iu_a_span": [78.53, 79.51], "meta": {"topic": "Pear Story", "type": "Narrative", "language": "阿美語, Amis, Ciwkangan (台東縣長光社區)", "speaker": "嚴胡佐妹, Zuomei, female, None", "collected": "None", "revised": "2013-1-17", "video": "Amis_Nr-pear_zuomei.mp3"}, "file": "Amis_Ciwkangan/Amis_Nr-pear_zuomei", "num": 52}], [53, {"ori": [], "gloss": [["..", "", ""], ["tamdaw.\\", "person", "人"]], "free": [], "s_end": false, "iu_a_span": [79.51, 80.26], "meta": {"topic": "Pear Story", "type": "Narrative", "language": "阿美語, Amis, Ciwkangan (台東縣長光社區)", "speaker": "嚴胡佐妹, Zuomei, female, None", "collected": "None", "revised": "2013-1-17", "video": "Amis_Nr-pear_zuomei.mp3"}, "file": "Amis_Ciwkangan/Amis_Nr-pear_zuomei", "num": 53}], [54, {"ori": [], "gloss": [["..", "", ""], ["nengneng-han", "see-HAN", "看-HAN"], ["nira", "3SG.GEN", "3SG.屬格"], ["tusa,\\", "two", "二"]], "free": [], "s_end": false, "iu_a_span": [80.26, 81.65], "meta": {"topic": "Pear Story", "type": "Narrative", "language": "阿美語, Amis, Ciwkangan (台東縣長光社區)", "speaker": "嚴胡佐妹, Zuomei, female, None", "collected": "None", "revised": "2013-1-17", "video": "Amis_Nr-pear_zuomei.mp3"}, "file": "Amis_Ciwkangan/Amis_Nr-pear_zuomei", "num": 54}], [55, {"ori": [], "gloss": [["..", "", ""], ["a", "LNK", "連詞"], ["langa", "basket", "籃子"], ["watah,\\", "??", "??"]], "free": [], "s_end": false, "iu_a_span": [81.65, 82.68], "meta": {"topic": "Pear Story", "type": "Narrative", "language": "阿美語, Amis, Ciwkangan (台東縣長光社區)", "speaker": "嚴胡佐妹, Zuomei, female, None", "collected": "None", "revised": "2013-1-17", "video": "Amis_Nr-pear_zuomei.mp3"}, "file": "Amis_Ciwkangan/Amis_Nr-pear_zuomei", "num": 55}], [56, {"ori": [], "gloss": [["..", "", ""], ["ku", "NOM", "主格"], ["haci,\\", "fruit", "水果"]], "free": [], "s_end": false, "iu_a_span": [82.68, 83.43], "meta": {"topic": "Pear Story", "type": "Narrative", "language": "阿美語, Amis, Ciwkangan (台東縣長光社區)", "speaker": "嚴胡佐妹, Zuomei, female, None", "collected": "None", "revised": "2013-1-17", "video": "Amis_Nr-pear_zuomei.mp3"}, "file": "Amis_Ciwkangan/Amis_Nr-pear_zuomei", "num": 56}], [57, {"ori": [], "gloss": [["...", "", ""], ["nunini,_", "this.GEN", "這個.屬格"]], "free": [], "s_end": false, "iu_a_span": [83.43, 84.46], "meta": {"topic": "Pear Story", "type": "Narrative", "language": "阿美語, Amis, Ciwkangan (台東縣長光社區)", "speaker": "嚴胡佐妹, Zuomei, female, None", "collected": "None", "revised": "2013-1-17", "video": "Amis_Nr-pear_zuomei.mp3"}, "file": "Amis_Ciwkangan/Amis_Nr-pear_zuomei", "num": 57}], [58, {"ori": [], "gloss": [["..", "", ""], ["a==,_", "LNK", "連詞"]], "free": [], "s_end": false, "iu_a_span": [84.46, 85.28], "meta": {"topic": "Pear Story", "type": "Narrative", "language": "阿美語, Amis, Ciwkangan (台東縣長光社區)", "speaker": "嚴胡佐妹, Zuomei, female, None", "collected": "None", "revised": "2013-1-17", "video": "Amis_Nr-pear_zuomei.mp3"}, "file": "Amis_Ciwkangan/Amis_Nr-pear_zuomei", "num": 58}], [59, {"ori": [], "gloss": [["...", "", ""], ["kiyafes", "guava", "番石榴"], ["sa’an,\\", "said.so", "如此說"]], "free": ["#e He looked at what the farmer plucked and saw two baskets were full of guavas.", "#c 他看著那農夫摘的(水果)，看到裝滿了兩籃的番石榴。"], "s_end": true, "iu_a_span": [85.28, 86.39], "meta": {"topic": "Pear Story", "type": "Narrative", "language": "阿美語, Amis, Ciwkangan (台東縣長光社區)", "speaker": "嚴胡佐妹, Zuomei, female, None", "collected": "None", "revised": "2013-1-17", "video": "Amis_Nr-pear_zuomei.mp3"}, "s_a_span": [75.81, 86.39], "file": "Amis_Ciwkangan/Amis_Nr-pear_zuomei", "num": 59}], [60, {"ori": [], "gloss": [["..", "", ""], ["ala-han", "take-HAN", "拿-HAN"], ["nira", "3SG.GEN", "3SG.屬格"], ["ku,\\", "NOM", "主格"]], "free": [], "s_end": false, "iu_a_span": [86.39, 87.52], "meta": {"topic": "Pear Story", "type": "Narrative", "language": "阿美語, Amis, Ciwkangan (台東縣長光社區)", "speaker": "嚴胡佐妹, Zuomei, female, None", "collected": "None", "revised": "2013-1-17", "video": "Amis_Nr-pear_zuomei.mp3"}, "file": "Amis_Ciwkangan/Amis_Nr-pear_zuomei", "num": 60}], [61, {"ori": [], "gloss": [["..", "", ""], ["ccay", "one", "一"], ["a", "LNK", "連詞"], ["langa.\\", "basket", "籃子"]], "free": [], "s_end": false, "iu_a_span": [87.52, 88.6], "meta": {"topic": "Pear Story", "type": "Narrative", "language": "阿美語, Amis, Ciwkangan (台東縣長光社區)", "speaker": "嚴胡佐妹, Zuomei, female, None", "collected": "None", "revised": "2013-1-17", "video": "Amis_Nr-pear_zuomei.mp3"}, "file": "Amis_Ciwkangan/Amis_Nr-pear_zuomei", "num": 61}], [62, {"ori": [], "gloss": [["...", "", ""], ["paru-han", "fill-HAN", "裝-HAN"], ["nira", "3SG.GEN", "3SG.屬格"], ["i", "LOC", "處格"], ["kuliciw", "bike", "腳踏車"], ["nira,_", "3SG.GEN", "3SG.屬格"]], "free": [], "s_end": false, "iu_a_span": [88.6, 90.89], "meta": {"topic": "Pear Story", "type": "Narrative", "language": "阿美語, Amis, Ciwkangan (台東縣長光社區)", "speaker": "嚴胡佐妹, Zuomei, female, None", "collected": "None", "revised": "2013-1-17", "video": "Amis_Nr-pear_zuomei.mp3"}, "file": "Amis_Ciwkangan/Amis_Nr-pear_zuomei", "num": 62}], [63, {"ori": [], "gloss": [["..", "", ""], ["na", "from", "從"], ["nuya==,\\", "that.GEN", "那個.屬格"]], "free": [], "s_end": false, "iu_a_span": [90.89, 91.62], "meta": {"topic": "Pear Story", "type": "Narrative", "language": "阿美語, Amis, Ciwkangan (台東縣長光社區)", "speaker": "嚴胡佐妹, Zuomei, female, None", "collected": "None", "revised": "2013-1-17", "video": "Amis_Nr-pear_zuomei.mp3"}, "file": "Amis_Ciwkangan/Amis_Nr-pear_zuomei", "num": 63}], [64, {"ori": [], "gloss": [["..", "", ""], ["mi-kuliciw", "AF-bike", "主焦-腳踏車"], ["cingra,_", "3SG.NOM", "3SG.主格"]], "free": ["#e He took one basket and put it on his bike, and then he rode his bike away.", "#c 他拿了一籃，裝在他的單車上，之後他就騎著單車走了。"], "s_end": true, "iu_a_span": [91.62, 92.96], "meta": {"topic": "Pear Story", "type": "Narrative", "language": "阿美語, Amis, Ciwkangan (台東縣長光社區)", "speaker": "嚴胡佐妹, Zuomei, female, None", "collected": "None", "revised": "2013-1-17", "video": "Amis_Nr-pear_zuomei.mp3"}, "s_a_span": [86.39, 92.96], "file": "Amis_Ciwkangan/Amis_Nr-pear_zuomei", "num": 64}], [65, {"ori": [], "gloss": [["..", "", ""], ["su’elin", "really", "真的"], ["ma-‘anuf,\\", "AF-greedy", "主焦-貪心"]], "free": [], "s_end": false, "iu_a_span": [92.96, 93.85], "meta": {"topic": "Pear Story", "type": "Narrative", "language": "阿美語, Amis, Ciwkangan (台東縣長光社區)", "speaker": "嚴胡佐妹, Zuomei, female, None", "collected": "None", "revised": "2013-1-17", "video": "Amis_Nr-pear_zuomei.mp3"}, "file": "Amis_Ciwkangan/Amis_Nr-pear_zuomei", "num": 65}], [66, {"ori": [], "gloss": [["..", "", ""], ["ku", "NOM", "主格"], ["falucu’", "heart", "心"], ["nira.\\", "3SG.GEN", "3SG.屬格"]], "free": ["#e He was really greedy.", "#c 他真的很貪心。"], "s_end": true, "iu_a_span": [93.85, 94.9], "meta": {"topic": "Pear Story", "type": "Narrative", "language": "阿美語, Amis, Ciwkangan (台東縣長光社區)", "speaker": "嚴胡佐妹, Zuomei, female, None", "collected": "None", "revised": "2013-1-17", "video": "Amis_Nr-pear_zuomei.mp3"}, "s_a_span": [92.96, 94.9], "file": "Amis_Ciwkangan/Amis_Nr-pear_zuomei", "num": 66}], [67, {"ori": [], "gloss": [["..", "", ""], ["ta", "then", "然後"], ["ala-han", "take-HAN", "拿-HAN"], ["nira", "3SG.GEN", "3SG.屬格"], ["a", "LNK", "連詞"], ["pa-nukay,_", "CAU-go.home", "使役-回家"]], "free": [], "s_end": false, "iu_a_span": [94.9, 97.1], "meta": {"topic": "Pear Story", "type": "Narrative", "language": "阿美語, Amis, Ciwkangan (台東縣長光社區)", "speaker": "嚴胡佐妹, Zuomei, female, None", "collected": "None", "revised": "2013-1-17", "video": "Amis_Nr-pear_zuomei.mp3"}, "file": "Amis_Ciwkangan/Amis_Nr-pear_zuomei", "num": 67}], [68, {"ori": [], "gloss": [["...", "", ""], ["uya", "that", "那個"], ["a", "LNK", "連詞"], ["wawa", "child", "小孩"], ["su’elin", "really", "真的"], ["ma-talaw,\\", "AF-afraid", "主焦-害怕"]], "free": [], "s_end": false, "iu_a_span": [97.1, 98.93], "meta": {"topic": "Pear Story", "type": "Narrative", "language": "阿美語, Amis, Ciwkangan (台東縣長光社區)", "speaker": "嚴胡佐妹, Zuomei, female, None", "collected": "None", "revised": "2013-1-17", "video": "Amis_Nr-pear_zuomei.mp3"}, "file": "Amis_Ciwkangan/Amis_Nr-pear_zuomei", "num": 68}], [69, {"ori": [], "gloss": [["..", "", ""], ["ku", "NOM", "主格"], ["falucu’", "heart", "心"], ["nira.\\", "3SG.GEN", "3SG.屬格"]], "free": [], "s_end": false, "iu_a_span": [98.93, 100.12], "meta": {"topic": "Pear Story", "type": "Narrative", "language": "阿美語, Amis, Ciwkangan (台東縣長光社區)", "speaker": "嚴胡佐妹, Zuomei, female, None", "collected": "None", "revised": "2013-1-17", "video": "Amis_Nr-pear_zuomei.mp3"}, "file": "Amis_Ciwkangan/Amis_Nr-pear_zuomei", "num": 69}], [70, {"ori": [], "gloss": [["...", "", ""], ["ma-la-litemuh", "AF-CA-meet", "主焦-CA重疊-碰面"], ["tu", "OBL", "斜格"], ["tamdaw,\\", "person", "人"]], "free": [], "s_end": false, "iu_a_span": [100.12, 101.98], "meta": {"topic": "Pear Story", "type": "Narrative", "language": "阿美語, Amis, Ciwkangan (台東縣長光社區)", "speaker": "嚴胡佐妹, Zuomei, female, None", "collected": "None", "revised": "2013-1-17", "video": "Amis_Nr-pear_zuomei.mp3"}, "file": "Amis_Ciwkangan/Amis_Nr-pear_zuomei", "num": 70}], [71, {"ori": [], "gloss": [["..", "", ""], ["su’elin", "really", "真的"], ["ma-talaw.\\", "AF-afraid", "主焦-害怕"]], "free": ["#e The child took (the basket) home, and was really afraid; he met other people and was really afraid.", "#c 他拿著帶回家，那個小孩真的很害怕；遇到了人，真的很害怕。"], "s_end": true, "iu_a_span": [101.98, 103.02], "meta": {"topic": "Pear Story", "type": "Narrative", "language": "阿美語, Amis, Ciwkangan (台東縣長光社區)", "speaker": "嚴胡佐妹, Zuomei, female, None", "collected": "None", "revised": "2013-1-17", "video": "Amis_Nr-pear_zuomei.mp3"}, "s_a_span": [94.9, 103.02], "file": "Amis_Ciwkangan/Amis_Nr-pear_zuomei", "num": 71}], [72, {"ori": [], "gloss": [["...(0.8)", "", ""], ["ma-pulin=tu", "AF-fall=PFV", "主焦-摔倒=完成"], ["ku,\\", "NOM", "主格"]], "free": [], "s_end": false, "iu_a_span": [103.02, 105.28], "meta": {"topic": "Pear Story", "type": "Narrative", "language": "阿美語, Amis, Ciwkangan (台東縣長光社區)", "speaker": "嚴胡佐妹, Zuomei, female, None", "collected": "None", "revised": "2013-1-17", "video": "Amis_Nr-pear_zuomei.mp3"}, "file": "Amis_Ciwkangan/Amis_Nr-pear_zuomei", "num": 72}], [73, {"ori": [], "gloss": [["..", "", ""], ["pi-kuliciw", "PI-bike", "PI-腳踏車"], ["nira,\\", "3SG.GEN", "3SG.屬格"]], "free": [], "s_end": false, "iu_a_span": [105.28, 106.46], "meta": {"topic": "Pear Story", "type": "Narrative", "language": "阿美語, Amis, Ciwkangan (台東縣長光社區)", "speaker": "嚴胡佐妹, Zuomei, female, None", "collected": "None", "revised": "2013-1-17", "video": "Amis_Nr-pear_zuomei.mp3"}, "file": "Amis_Ciwkangan/Amis_Nr-pear_zuomei", "num": 73}], [74, {"ori": [], "gloss": [["..", "", ""], ["ma-sa-sungtul", "AF-SA-collide", "主焦-SA-碰撞"], ["tunini", "this.OBL", "這個.斜格"], ["u", "FIL", "FIL"], ["fikeloh.\\", "rock", "石頭"]], "free": [], "s_end": false, "iu_a_span": [106.46, 108.42], "meta": {"topic": "Pear Story", "type": "Narrative", "language": "阿美語, Amis, Ciwkangan (台東縣長光社區)", "speaker": "嚴胡佐妹, Zuomei, female, None", "collected": "None", "revised": "2013-1-17", "video": "Amis_Nr-pear_zuomei.mp3"}, "file": "Amis_Ciwkangan/Amis_Nr-pear_zuomei", "num": 74}], [75, {"ori": [], "gloss": [["...", "", ""], ["naw", "NAW", "NAW"], ["han", "HAN", "HAN"], ["u", "CN", "CN"], ["ta==law", "afraid", "害怕"], ["nira", "3SG.GEN", "3SG.屬格"], ["kuraran,_", "that.NOM", "那個.主格"]], "free": [], "s_end": false, "iu_a_span": [108.42, 110.66], "meta": {"topic": "Pear Story", "type": "Narrative", "language": "阿美語, Amis, Ciwkangan (台東縣長光社區)", "speaker": "嚴胡佐妹, Zuomei, female, None", "collected": "None", "revised": "2013-1-17", "video": "Amis_Nr-pear_zuomei.mp3"}, "file": "Amis_Ciwkangan/Amis_Nr-pear_zuomei", "num": 75}], [76, {"ori": [], "gloss": [["..", "", ""], ["ni-takaw-an", "PFV-afraid-LF", "完成-害怕-處焦"], ["nira,\\", "3SG.GEN", "3SG.屬格"]], "free": ["#e The bike hit a rock so he fell; this was because he was afraid.", "#c 他騎著腳踏車就跌倒了，撞到一顆石頭，因為他很害怕。"], "s_end": true, "iu_a_span": [110.66, 111.82], "meta": {"topic": "Pear Story", "type": "Narrative", "language": "阿美語, Amis, Ciwkangan (台東縣長光社區)", "speaker": "嚴胡佐妹, Zuomei, female, None", "collected": "None", "revised": "2013-1-17", "video": "Amis_Nr-pear_zuomei.mp3"}, "s_a_span": [103.02, 111.82], "file": "Amis_Ciwkangan/Amis_Nr-pear_zuomei", "num": 76}], [77, {"ori": [], "gloss": [["..", "", ""], ["tu", "OBL", "斜格"], ["ni-ala-an", "PFV-take-LF", "完成-拿-處焦"], ["nu,_", "GEN", "屬格"]], "free": [], "s_end": false, "iu_a_span": [111.82, 112.85], "meta": {"topic": "Pear Story", "type": "Narrative", "language": "阿美語, Amis, Ciwkangan (台東縣長光社區)", "speaker": "嚴胡佐妹, Zuomei, female, None", "collected": "None", "revised": "2013-1-17", "video": "Amis_Nr-pear_zuomei.mp3"}, "file": "Amis_Ciwkangan/Amis_Nr-pear_zuomei", "num": 77}], [78, {"ori": [], "gloss": [["..", "", ""], ["ma-lingad-ay", "AF-farm-AY", "主焦-種田-AY"], ["kuranan", "that.NOM", "那個.主格"], ["a,_", "LNK", "連詞"]], "free": [], "s_end": false, "iu_a_span": [112.85, 114.71], "meta": {"topic": "Pear Story", "type": "Narrative", "language": "阿美語, Amis, Ciwkangan (台東縣長光社區)", "speaker": "嚴胡佐妹, Zuomei, female, None", "collected": "None", "revised": "2013-1-17", "video": "Amis_Nr-pear_zuomei.mp3"}, "file": "Amis_Ciwkangan/Amis_Nr-pear_zuomei", "num": 78}], [79, {"ori": [], "gloss": [["...", "", ""], ["mi-kiyafes", "AF-guava", "主焦-番石榴"], ["saka.\\", "therefore", "因此"]], "free": [], "s_end": false, "iu_a_span": [114.71, 116.21], "meta": {"topic": "Pear Story", "type": "Narrative", "language": "阿美語, Amis, Ciwkangan (台東縣長光社區)", "speaker": "嚴胡佐妹, Zuomei, female, None", "collected": "None", "revised": "2013-1-17", "video": "Amis_Nr-pear_zuomei.mp3"}, "file": "Amis_Ciwkangan/Amis_Nr-pear_zuomei", "num": 79}], [80, {"ori": [], "gloss": [["..", "", ""], ["itira", "there", "那裡"], ["ku", "NOM", "主格"], ["talaw", "afraid", "害怕"], ["nira,\\", "3SG.GEN", "3SG.屬格"]], "free": ["#e He took the farmer’s guavas, so he was afraid.", "#c 他偷走了農夫摘的番石榴，所以他很害怕。"], "s_end": true, "iu_a_span": [116.21, 117.26], "meta": {"topic": "Pear Story", "type": "Narrative", "language": "阿美語, Amis, Ciwkangan (台東縣長光社區)", "speaker": "嚴胡佐妹, Zuomei, female, None", "collected": "None", "revised": "2013-1-17", "video": "Amis_Nr-pear_zuomei.mp3"}, "s_a_span": [111.82, 117.26], "file": "Amis_Ciwkangan/Amis_Nr-pear_zuomei", "num": 80}], [81, {"ori": [], "gloss": [["..", "", ""], ["nikawrira", "but", "但是"], ["ira", "EXIST", "存在"], ["kiya,\\", "that.NOM", "那個.主格"]], "free": [], "s_end": false, "iu_a_span": [117.26, 118.22], "meta": {"topic": "Pear Story", "type": "Narrative", "language": "阿美語, Amis, Ciwkangan (台東縣長光社區)", "speaker": "嚴胡佐妹, Zuomei, female, None", "collected": "None", "revised": "2013-1-17", "video": "Amis_Nr-pear_zuomei.mp3"}, "file": "Amis_Ciwkangan/Amis_Nr-pear_zuomei", "num": 81}], [82, {"ori": [], "gloss": [["..", "", ""], ["ta-tulu-ay", "CA-three-AY", "CA重疊-三-AY"], ["a,\\", "LNK", "連詞"]], "free": [], "s_end": false, "iu_a_span": [118.22, 119.14], "meta": {"topic": "Pear Story", "type": "Narrative", "language": "阿美語, Amis, Ciwkangan (台東縣長光社區)", "speaker": "嚴胡佐妹, Zuomei, female, None", "collected": "None", "revised": "2013-1-17", "video": "Amis_Nr-pear_zuomei.mp3"}, "file": "Amis_Ciwkangan/Amis_Nr-pear_zuomei", "num": 82}], [83, {"ori": [], "gloss": [["..", "", ""], ["tamdaw.\\", "person", "人"]], "free": [], "s_end": false, "iu_a_span": [119.14, 119.85], "meta": {"topic": "Pear Story", "type": "Narrative", "language": "阿美語, Amis, Ciwkangan (台東縣長光社區)", "speaker": "嚴胡佐妹, Zuomei, female, None", "collected": "None", "revised": "2013-1-17", "video": "Amis_Nr-pear_zuomei.mp3"}, "file": "Amis_Ciwkangan/Amis_Nr-pear_zuomei", "num": 83}], [84, {"ori": [], "gloss": [["...", "", ""], ["ma-araw", "PF-see", "受焦-看"], ["nira,\\", "3SG.GEN", "3SG.屬格"]], "free": [], "s_end": false, "iu_a_span": [119.85, 121.08], "meta": {"topic": "Pear Story", "type": "Narrative", "language": "阿美語, Amis, Ciwkangan (台東縣長光社區)", "speaker": "嚴胡佐妹, Zuomei, female, None", "collected": "None", "revised": "2013-1-17", "video": "Amis_Nr-pear_zuomei.mp3"}, "file": "Amis_Ciwkangan/Amis_Nr-pear_zuomei", "num": 84}], [85, {"ori": [], "gloss": [["..", "", ""], ["ma-pulin", "AF-fall", "主焦-摔倒"], ["kura", "that.NOM", "那個.主格"], ["wawa,_", "child", "小孩"]], "free": ["#e But there were three people, they saw the child fall down.", "#c 但是，有三個人，看到那個小孩跌倒。"], "s_end": true, "iu_a_span": [121.08, 122.51], "meta": {"topic": "Pear Story", "type": "Narrative", "language": "阿美語, Amis, Ciwkangan (台東縣長光社區)", "speaker": "嚴胡佐妹, Zuomei, female, None", "collected": "None", "revised": "2013-1-17", "video": "Amis_Nr-pear_zuomei.mp3"}, "s_a_span": [117.26, 122.51], "file": "Amis_Ciwkangan/Amis_Nr-pear_zuomei", "num": 85}], [86, {"ori": [], "gloss": [["..", "", ""], ["mi-padang", "AF-help", "主焦-幫忙"], ["a", "LNK", "連詞"], ["mi==-,\\", "AF-", "主焦-"]], "free": [], "s_end": false, "iu_a_span": [122.51, 123.86], "meta": {"topic": "Pear Story", "type": "Narrative", "language": "阿美語, Amis, Ciwkangan (台東縣長光社區)", "speaker": "嚴胡佐妹, Zuomei, female, None", "collected": "None", "revised": "2013-1-17", "video": "Amis_Nr-pear_zuomei.mp3"}, "file": "Amis_Ciwkangan/Amis_Nr-pear_zuomei", "num": 86}], [87, {"ori": [], "gloss": [["..", "", ""], ["pudpud", "pick", "撿"], ["tuyanan", "that.OBL", "那個.斜格"], ["a,_", "LNK", "連詞"]], "free": [], "s_end": false, "iu_a_span": [123.86, 125.26], "meta": {"topic": "Pear Story", "type": "Narrative", "language": "阿美語, Amis, Ciwkangan (台東縣長光社區)", "speaker": "嚴胡佐妹, Zuomei, female, None", "collected": "None", "revised": "2013-1-17", "video": "Amis_Nr-pear_zuomei.mp3"}, "file": "Amis_Ciwkangan/Amis_Nr-pear_zuomei", "num": 87}], [88, {"ori": [], "gloss": [["...", "", ""], ["kiyafes", "guava", "番石榴"], ["a", "LNK", "連詞"], ["mi-paru,\\", "AF-fill", "主焦-裝"]], "free": [], "s_end": false, "iu_a_span": [125.26, 126.62], "meta": {"topic": "Pear Story", "type": "Narrative", "language": "阿美語, Amis, Ciwkangan (台東縣長光社區)", "speaker": "嚴胡佐妹, Zuomei, female, None", "collected": "None", "revised": "2013-1-17", "video": "Amis_Nr-pear_zuomei.mp3"}, "file": "Amis_Ciwkangan/Amis_Nr-pear_zuomei", "num": 88}], [89, {"ori": [], "gloss": [["..", "", ""], ["tuya", "that.OBL", "那個.斜格"], ["kanicaw", "basket", "籃子"], ["nira,_", "3SG.GEN", "3SG.屬格"]], "free": ["#e They helped him pick up the guavas and put them in his basket.", "#c 他們去幫忙，撿拾番石榴，裝到他的籃子裡。"], "s_end": true, "iu_a_span": [126.62, 128.0], "meta": {"topic": "Pear Story", "type": "Narrative", "language": "阿美語, Amis, Ciwkangan (台東縣長光社區)", "speaker": "嚴胡佐妹, Zuomei, female, None", "collected": "None", "revised": "2013-1-17", "video": "Amis_Nr-pear_zuomei.mp3"}, "s_a_span": [122.51, 128.0], "file": "Amis_Ciwkangan/Amis_Nr-pear_zuomei", "num": 89}], [90, {"ori": [], "gloss": [["..", "", ""], ["ma-harek", "AF-finish", "主焦-結束"], ["a", "LNK", "連詞"], ["mi-paru", "AF-fill", "主焦-裝"], ["pat,_", "FS", "FS"]], "free": [], "s_end": false, "iu_a_span": [128.0, 129.43], "meta": {"topic": "Pear Story", "type": "Narrative", "language": "阿美語, Amis, Ciwkangan (台東縣長光社區)", "speaker": "嚴胡佐妹, Zuomei, female, None", "collected": "None", "revised": "2013-1-17", "video": "Amis_Nr-pear_zuomei.mp3"}, "file": "Amis_Ciwkangan/Amis_Nr-pear_zuomei", "num": 90}], [91, {"ori": [], "gloss": [["..", "", ""], ["pa-tadu-en", "CAU-do.for-PF", "使役-替-受焦"], ["nira", "3SG.GEN", "3SG.屬格"], ["a,\\", "LNK", "連詞"]], "free": [], "s_end": false, "iu_a_span": [129.43, 130.81], "meta": {"topic": "Pear Story", "type": "Narrative", "language": "阿美語, Amis, Ciwkangan (台東縣長光社區)", "speaker": "嚴胡佐妹, Zuomei, female, None", "collected": "None", "revised": "2013-1-17", "video": "Amis_Nr-pear_zuomei.mp3"}, "file": "Amis_Ciwkangan/Amis_Nr-pear_zuomei", "num": 91}], [92, {"ori": [], "gloss": [["..", "", ""], ["pa-kalic", "CAU-climb", "使役-爬"], ["itini", "here", "這裡"], ["i,\\", "LOC", "處格"]], "free": [], "s_end": false, "iu_a_span": [130.81, 131.88], "meta": {"topic": "Pear Story", "type": "Narrative", "language": "阿美語, Amis, Ciwkangan (台東縣長光社區)", "speaker": "嚴胡佐妹, Zuomei, female, None", "collected": "None", "revised": "2013-1-17", "video": "Amis_Nr-pear_zuomei.mp3"}, "file": "Amis_Ciwkangan/Amis_Nr-pear_zuomei", "num": 92}], [93, {"ori": [], "gloss": [["..", "", ""], ["kuliciw", "bike", "腳踏車"], ["nira.\\", "3SG.GEN", "3SG.屬格"]], "free": ["#e After putting the guavas in the basket, he helped him put the basket on his bike.", "#c 裝好以後，他協助他放在他的腳踏車上。"], "s_end": true, "iu_a_span": [131.88, 132.8], "meta": {"topic": "Pear Story", "type": "Narrative", "language": "阿美語, Amis, Ciwkangan (台東縣長光社區)", "speaker": "嚴胡佐妹, Zuomei, female, None", "collected": "None", "revised": "2013-1-17", "video": "Amis_Nr-pear_zuomei.mp3"}, "s_a_span": [128.0, 132.8], "file": "Amis_Ciwkangan/Amis_Nr-pear_zuomei", "num": 93}], [94, {"ori": [], "gloss": [["...", "", ""], ["iyan=tu", "that=PFV", "那個=完成"], ["i,_", "DM", "DM"]], "free": [], "s_end": false, "iu_a_span": [132.8, 133.83], "meta": {"topic": "Pear Story", "type": "Narrative", "language": "阿美語, Amis, Ciwkangan (台東縣長光社區)", "speaker": "嚴胡佐妹, Zuomei, female, None", "collected": "None", "revised": "2013-1-17", "video": "Amis_Nr-pear_zuomei.mp3"}, "file": "Amis_Ciwkangan/Amis_Nr-pear_zuomei", "num": 94}], [95, {"ori": [], "gloss": [["...", "", ""], ["ma-sa-,\\", "AF-SA-", "主焦-SA-"]], "free": [], "s_end": false, "iu_a_span": [133.83, 134.83], "meta": {"topic": "Pear Story", "type": "Narrative", "language": "阿美語, Amis, Ciwkangan (台東縣長光社區)", "speaker": "嚴胡佐妹, Zuomei, female, None", "collected": "None", "revised": "2013-1-17", "video": "Amis_Nr-pear_zuomei.mp3"}, "file": "Amis_Ciwkangan/Amis_Nr-pear_zuomei", "num": 95}], [96, {"ori": [], "gloss": [["..", "", ""], ["paytemek=tu", "separately=PFV", "分別=完成"], ["tu", "OBL", "斜格"], ["rakat,\\", "walk", "走路"]], "free": [], "s_end": false, "iu_a_span": [134.83, 136.05], "meta": {"topic": "Pear Story", "type": "Narrative", "language": "阿美語, Amis, Ciwkangan (台東縣長光社區)", "speaker": "嚴胡佐妹, Zuomei, female, None", "collected": "None", "revised": "2013-1-17", "video": "Amis_Nr-pear_zuomei.mp3"}, "file": "Amis_Ciwkangan/Amis_Nr-pear_zuomei", "num": 96}], [97, {"ori": [], "gloss": [["..", "", ""], ["cangra.\\", "3PL.NOM", "3PL.主格"]], "free": [], "s_end": false, "iu_a_span": [136.05, 136.72], "meta": {"topic": "Pear Story", "type": "Narrative", "language": "阿美語, Amis, Ciwkangan (台東縣長光社區)", "speaker": "嚴胡佐妹, Zuomei, female, None", "collected": "None", "revised": "2013-1-17", "video": "Amis_Nr-pear_zuomei.mp3"}, "file": "Amis_Ciwkangan/Amis_Nr-pear_zuomei", "num": 97}], [98, {"ori": [], "gloss": [["..", "", ""], ["tahira", "arrive", "到達"], ["i", "LOC", "處格"], ["fatad", "half.way", "半路"], ["nengneng-han", "see-HAN", "看-HAN"], ["nira", "3SG.GEN", "3SG.屬格"], ["ira,\\", "EXIST", "存在"]], "free": [], "s_end": false, "iu_a_span": [136.72, 138.48], "meta": {"topic": "Pear Story", "type": "Narrative", "language": "阿美語, Amis, Ciwkangan (台東縣長光社區)", "speaker": "嚴胡佐妹, Zuomei, female, None", "collected": "None", "revised": "2013-1-17", "video": "Amis_Nr-pear_zuomei.mp3"}, "file": "Amis_Ciwkangan/Amis_Nr-pear_zuomei", "num": 98}], [99, {"ori": [], "gloss": [["..", "", ""], ["ku", "NOM", "主格"], ["kafung", "hat", "帽子"], ["nuya", "that.GEN", "那個.屬格"], ["wawa", "child", "小孩"], ["tiya,_", "that.OBL", "那個.斜格"]], "free": [], "s_end": false, "iu_a_span": [138.48, 139.93], "meta": {"topic": "Pear Story", "type": "Narrative", "language": "阿美語, Amis, Ciwkangan (台東縣長光社區)", "speaker": "嚴胡佐妹, Zuomei, female, None", "collected": "None", "revised": "2013-1-17", "video": "Amis_Nr-pear_zuomei.mp3"}, "file": "Amis_Ciwkangan/Amis_Nr-pear_zuomei", "num": 99}]], "meta": {"topic": "Pear Story", "type": "Narrative", "language": "阿美語, Amis, Ciwkangan (台東縣長光社區)", "speaker": "嚴胡佐妹, Zuomei, female, None", "collected": "None", "revised": "2013-1-17", "video": "Amis_Nr-pear_zuomei.mp3"}}