{"glosses": [[1, {"ori": [], "gloss": [["ira", "EXIST", "存在"], ["ku==,\\", "NOM", "主格"]], "free": [], "s_end": false, "iu_a_span": [0.13, 0.88], "meta": {"topic": "Pear Story", "type": "Narrative", "language": "阿美語, Amis, Ciwkangan(台東縣長光社區)", "speaker": "嚴金花, Cinhua, female, None", "collected": "2005-05-19", "revised": "2013-1-16", "video": "Amis_Nr-pear_cinhua.mp3"}, "file": "Amis_Ciwkangan/Amis_Nr-pear_cinhua", "num": 1}], [2, {"ori": [], "gloss": [["..", "", ""], ["c'cay", "one", "一"], ["a==,\\", "LNK", "連詞"]], "free": [], "s_end": false, "iu_a_span": [0.88, 1.86], "meta": {"topic": "Pear Story", "type": "Narrative", "language": "阿美語, Amis, Ciwkangan(台東縣長光社區)", "speaker": "嚴金花, Cinhua, female, None", "collected": "2005-05-19", "revised": "2013-1-16", "video": "Amis_Nr-pear_cinhua.mp3"}, "file": "Amis_Ciwkangan/Amis_Nr-pear_cinhua", "num": 2}], [3, {"ori": [], "gloss": [["..", "", ""], ["ma-lingad-ay.\\", "AF-work-AY", "主焦-工作-AY"]], "free": ["#e There was a farmer (worker).", "#c 有一位農夫。"], "s_end": true, "iu_a_span": [1.86, 2.96], "meta": {"topic": "Pear Story", "type": "Narrative", "language": "阿美語, Amis, Ciwkangan(台東縣長光社區)", "speaker": "嚴金花, Cinhua, female, None", "collected": "2005-05-19", "revised": "2013-1-16", "video": "Amis_Nr-pear_cinhua.mp3"}, "s_a_span": [0.13, 2.96], "file": "Amis_Ciwkangan/Amis_Nr-pear_cinhua", "num": 3}], [4, {"ori": [], "gloss": [["...(0.7)", "", ""], ["mi-kalic", "AF-climb", "主焦-爬"], ["tu", "OBL", "斜格"], ["kilang,\\", "tree", "樹"]], "free": [], "s_end": false, "iu_a_span": [2.96, 5.03], "meta": {"topic": "Pear Story", "type": "Narrative", "language": "阿美語, Amis, Ciwkangan(台東縣長光社區)", "speaker": "嚴金花, Cinhua, female, None", "collected": "2005-05-19", "revised": "2013-1-16", "video": "Amis_Nr-pear_cinhua.mp3"}, "file": "Amis_Ciwkangan/Amis_Nr-pear_cinhua", "num": 4}], [5, {"ori": [], "gloss": [["..", "", ""], ["a", "LNK", "連詞"], ["mi-pitpit", "AF-pluck", "主焦-摘"], ["tu==,\\", "OBL", "斜格"]], "free": [], "s_end": false, "iu_a_span": [5.03, 6.72], "meta": {"topic": "Pear Story", "type": "Narrative", "language": "阿美語, Amis, Ciwkangan(台東縣長光社區)", "speaker": "嚴金花, Cinhua, female, None", "collected": "2005-05-19", "revised": "2013-1-16", "video": "Amis_Nr-pear_cinhua.mp3"}, "file": "Amis_Ciwkangan/Amis_Nr-pear_cinhua", "num": 5}], [6, {"ori": [], "gloss": [["...", "", ""], ["<L2MsuiguoL2M>,\\", "fruit", "水果"]], "free": ["#e (He) climbed up a tree to pick fruits.", "#c 爬上樹去摘水果。"], "s_end": true, "iu_a_span": [6.72, 8.09], "meta": {"topic": "Pear Story", "type": "Narrative", "language": "阿美語, Amis, Ciwkangan(台東縣長光社區)", "speaker": "嚴金花, Cinhua, female, None", "collected": "2005-05-19", "revised": "2013-1-16", "video": "Amis_Nr-pear_cinhua.mp3"}, "s_a_span": [2.96, 8.09], "file": "Amis_Ciwkangan/Amis_Nr-pear_cinhua", "num": 6}], [7, {"ori": [], "gloss": [["...", "", ""], ["uya", "that", "那個"], ["<L2MsuiguoL2M>", "fruit", "水果"], ["u==,\\", "CN", "CN"]], "free": [], "s_end": false, "iu_a_span": [8.09, 9.84], "meta": {"topic": "Pear Story", "type": "Narrative", "language": "阿美語, Amis, Ciwkangan(台東縣長光社區)", "speaker": "嚴金花, Cinhua, female, None", "collected": "2005-05-19", "revised": "2013-1-16", "video": "Amis_Nr-pear_cinhua.mp3"}, "file": "Amis_Ciwkangan/Amis_Nr-pear_cinhua", "num": 7}], [8, {"ori": [], "gloss": [["..", "", ""], ["kiyafes", "guava", "番石榴"], ["ku==ra", "that.NOM", "那個.主格"], ["pitpit-an,\\", "pluck-AN", "摘-AN"]], "free": [], "s_end": false, "iu_a_span": [9.84, 11.77], "meta": {"topic": "Pear Story", "type": "Narrative", "language": "阿美語, Amis, Ciwkangan(台東縣長光社區)", "speaker": "嚴金花, Cinhua, female, None", "collected": "2005-05-19", "revised": "2013-1-16", "video": "Amis_Nr-pear_cinhua.mp3"}, "file": "Amis_Ciwkangan/Amis_Nr-pear_cinhua", "num": 8}], [9, {"ori": [], "gloss": [["..", "", ""], ["nira.\\", "3SG.GEN", "3SG.屬格"]], "free": ["#e The fruit that he plucked is guava.", "#c 他摘的那個水果是番石榴。"], "s_end": true, "iu_a_span": [11.77, 12.45], "meta": {"topic": "Pear Story", "type": "Narrative", "language": "阿美語, Amis, Ciwkangan(台東縣長光社區)", "speaker": "嚴金花, Cinhua, female, None", "collected": "2005-05-19", "revised": "2013-1-16", "video": "Amis_Nr-pear_cinhua.mp3"}, "s_a_span": [8.09, 12.45], "file": "Amis_Ciwkangan/Amis_Nr-pear_cinhua", "num": 9}], [10, {"ori": [], "gloss": [["...", "", ""], ["a", "FIL", "FIL"], ["teli-han", "put-HAN.PF", "放-HAN.受焦"], ["nira", "3SG.GEN", "3SG.屬格"], ["itini", "here", "這裡"], ["i==,\\", "LOC", "處格"]], "free": [], "s_end": false, "iu_a_span": [12.45, 14.68], "meta": {"topic": "Pear Story", "type": "Narrative", "language": "阿美語, Amis, Ciwkangan(台東縣長光社區)", "speaker": "嚴金花, Cinhua, female, None", "collected": "2005-05-19", "revised": "2013-1-16", "video": "Amis_Nr-pear_cinhua.mp3"}, "file": "Amis_Ciwkangan/Amis_Nr-pear_cinhua", "num": 10}], [11, {"ori": [], "gloss": [["..", "", ""], ["ka-ayaw", "KA-before", "KA-之前"], ["nira", "3SG.GEN", "3SG.屬格"], ["a,\\", "LNK", "連詞"]], "free": [], "s_end": false, "iu_a_span": [14.68, 15.64], "meta": {"topic": "Pear Story", "type": "Narrative", "language": "阿美語, Amis, Ciwkangan(台東縣長光社區)", "speaker": "嚴金花, Cinhua, female, None", "collected": "2005-05-19", "revised": "2013-1-16", "video": "Amis_Nr-pear_cinhua.mp3"}, "file": "Amis_Ciwkangan/Amis_Nr-pear_cinhua", "num": 11}], [12, {"ori": [], "gloss": [["..", "", ""], ["mi-apid", "AF-??", "主焦-??"], ["ku==,\\", "NOM", "主格"]], "free": [], "s_end": false, "iu_a_span": [15.64, 16.82], "meta": {"topic": "Pear Story", "type": "Narrative", "language": "阿美語, Amis, Ciwkangan(台東縣長光社區)", "speaker": "嚴金花, Cinhua, female, None", "collected": "2005-05-19", "revised": "2013-1-16", "video": "Amis_Nr-pear_cinhua.mp3"}, "file": "Amis_Ciwkangan/Amis_Nr-pear_cinhua", "num": 12}], [13, {"ori": [], "gloss": [["...", "", ""], ["mi-pitpit-an", "PF-pluck-PF", "受焦-摘-受焦"], ["nira", "3SG.GEN", "3SG.屬格"], ["a==,\\", "LNK", "連詞"]], "free": [], "s_end": false, "iu_a_span": [16.82, 18.48], "meta": {"topic": "Pear Story", "type": "Narrative", "language": "阿美語, Amis, Ciwkangan(台東縣長光社區)", "speaker": "嚴金花, Cinhua, female, None", "collected": "2005-05-19", "revised": "2013-1-16", "video": "Amis_Nr-pear_cinhua.mp3"}, "file": "Amis_Ciwkangan/Amis_Nr-pear_cinhua", "num": 13}], [14, {"ori": [], "gloss": [["..", "", ""], ["<L2MsuiguoL2M>.\\", "fruit", "水果"]], "free": ["#e He put the fruits he plucked into a bag in front of him.", "#c 他把前面的弄成袋子，把摘下來的水果放到前面的袋子。"], "s_end": true, "iu_a_span": [18.48, 19.28], "meta": {"topic": "Pear Story", "type": "Narrative", "language": "阿美語, Amis, Ciwkangan(台東縣長光社區)", "speaker": "嚴金花, Cinhua, female, None", "collected": "2005-05-19", "revised": "2013-1-16", "video": "Amis_Nr-pear_cinhua.mp3"}, "s_a_span": [12.45, 19.28], "file": "Amis_Ciwkangan/Amis_Nr-pear_cinhua", "num": 14}], [15, {"ori": [], "gloss": [["...", "", ""], ["ta", "then", "然後"], ["ma-epud", "AF-descend", "主焦-下來"], ["cingra,\\", "3SG.NOM", "3SG.主格"]], "free": [], "s_end": false, "iu_a_span": [19.28, 21.18], "meta": {"topic": "Pear Story", "type": "Narrative", "language": "阿美語, Amis, Ciwkangan(台東縣長光社區)", "speaker": "嚴金花, Cinhua, female, None", "collected": "2005-05-19", "revised": "2013-1-16", "video": "Amis_Nr-pear_cinhua.mp3"}, "file": "Amis_Ciwkangan/Amis_Nr-pear_cinhua", "num": 15}], [16, {"ori": [], "gloss": [["...", "", ""], ["mi-fun", "AF-unpack", "主焦-卸下"], ["cingra,\\", "3SG.NOM", "3SG.主格"]], "free": [], "s_end": false, "iu_a_span": [21.18, 22.92], "meta": {"topic": "Pear Story", "type": "Narrative", "language": "阿美語, Amis, Ciwkangan(台東縣長光社區)", "speaker": "嚴金花, Cinhua, female, None", "collected": "2005-05-19", "revised": "2013-1-16", "video": "Amis_Nr-pear_cinhua.mp3"}, "file": "Amis_Ciwkangan/Amis_Nr-pear_cinhua", "num": 16}], [17, {"ori": [], "gloss": [["...", "", ""], ["a", "LNK", "連詞"], ["pa-teli", "CAU-put", "使役-放"], ["itini", "here", "這裡"], ["i,\\", "LOC", "處格"]], "free": [], "s_end": false, "iu_a_span": [22.92, 24.48], "meta": {"topic": "Pear Story", "type": "Narrative", "language": "阿美語, Amis, Ciwkangan(台東縣長光社區)", "speaker": "嚴金花, Cinhua, female, None", "collected": "2005-05-19", "revised": "2013-1-16", "video": "Amis_Nr-pear_cinhua.mp3"}, "file": "Amis_Ciwkangan/Amis_Nr-pear_cinhua", "num": 17}], [18, {"ori": [], "gloss": [["..", "", ""], ["kanicaw.\\", "basket", "籃子"]], "free": ["#e Then he went down. He unpacked the fruits, and put them into a basket.", "#c 然後他下來，他卸下水果，並放到一個籃子裡。"], "s_end": true, "iu_a_span": [24.48, 25.43], "meta": {"topic": "Pear Story", "type": "Narrative", "language": "阿美語, Amis, Ciwkangan(台東縣長光社區)", "speaker": "嚴金花, Cinhua, female, None", "collected": "2005-05-19", "revised": "2013-1-16", "video": "Amis_Nr-pear_cinhua.mp3"}, "s_a_span": [19.28, 25.43], "file": "Amis_Ciwkangan/Amis_Nr-pear_cinhua", "num": 18}], [19, {"ori": [], "gloss": [["...", "", ""], ["ta,\\", "then", "然後"]], "free": [], "s_end": false, "iu_a_span": [25.43, 26.47], "meta": {"topic": "Pear Story", "type": "Narrative", "language": "阿美語, Amis, Ciwkangan(台東縣長光社區)", "speaker": "嚴金花, Cinhua, female, None", "collected": "2005-05-19", "revised": "2013-1-16", "video": "Amis_Nr-pear_cinhua.mp3"}, "file": "Amis_Ciwkangan/Amis_Nr-pear_cinhua", "num": 19}], [20, {"ori": [], "gloss": [["..", "", ""], ["ma-fun", "PF-unpack", "受焦-卸下"], ["nira", "3SG.GEN", "3SG.屬格"], ["itini,\\", "here", "這裡"]], "free": [], "s_end": false, "iu_a_span": [26.47, 27.78], "meta": {"topic": "Pear Story", "type": "Narrative", "language": "阿美語, Amis, Ciwkangan(台東縣長光社區)", "speaker": "嚴金花, Cinhua, female, None", "collected": "2005-05-19", "revised": "2013-1-16", "video": "Amis_Nr-pear_cinhua.mp3"}, "file": "Amis_Ciwkangan/Amis_Nr-pear_cinhua", "num": 20}], [21, {"ori": [], "gloss": [["..", "", ""], ["kanicaw", "basket", "籃子"], ["kuya==,\\", "that.NOM", "那個.主格"]], "free": [], "s_end": false, "iu_a_span": [27.78, 29.08], "meta": {"topic": "Pear Story", "type": "Narrative", "language": "阿美語, Amis, Ciwkangan(台東縣長光社區)", "speaker": "嚴金花, Cinhua, female, None", "collected": "2005-05-19", "revised": "2013-1-16", "video": "Amis_Nr-pear_cinhua.mp3"}, "file": "Amis_Ciwkangan/Amis_Nr-pear_cinhua", "num": 21}], [22, {"ori": [], "gloss": [["...", "", ""], ["mi-pi-pitpit-an", "PF-PI-pluck-PF", "受焦-PI-摘-受焦"], ["nira", "3SG.GEN", "3SG.屬格"], ["a,\\", "LNK", "連詞"]], "free": [], "s_end": false, "iu_a_span": [29.08, 30.84], "meta": {"topic": "Pear Story", "type": "Narrative", "language": "阿美語, Amis, Ciwkangan(台東縣長光社區)", "speaker": "嚴金花, Cinhua, female, None", "collected": "2005-05-19", "revised": "2013-1-16", "video": "Amis_Nr-pear_cinhua.mp3"}, "file": "Amis_Ciwkangan/Amis_Nr-pear_cinhua", "num": 22}], [23, {"ori": [], "gloss": [["..", "", ""], ["kyafes.\\", "guava", "番石榴"]], "free": ["#e Then, he put the guavas that he plucked into the basket.", "#c 之後，他把那個摘下的番石榴卸下到籃子裡。"], "s_end": true, "iu_a_span": [30.84, 31.68], "meta": {"topic": "Pear Story", "type": "Narrative", "language": "阿美語, Amis, Ciwkangan(台東縣長光社區)", "speaker": "嚴金花, Cinhua, female, None", "collected": "2005-05-19", "revised": "2013-1-16", "video": "Amis_Nr-pear_cinhua.mp3"}, "s_a_span": [25.43, 31.68], "file": "Amis_Ciwkangan/Amis_Nr-pear_cinhua", "num": 23}], [24, {"ori": [], "gloss": [["...", "", ""], ["mi-liyaw", "AF-again", "主焦-再次"], ["haca,\\", "PART", "語助詞"]], "free": [], "s_end": false, "iu_a_span": [31.68, 32.91], "meta": {"topic": "Pear Story", "type": "Narrative", "language": "阿美語, Amis, Ciwkangan(台東縣長光社區)", "speaker": "嚴金花, Cinhua, female, None", "collected": "2005-05-19", "revised": "2013-1-16", "video": "Amis_Nr-pear_cinhua.mp3"}, "file": "Amis_Ciwkangan/Amis_Nr-pear_cinhua", "num": 24}], [25, {"ori": [], "gloss": [["..", "", ""], ["cingra", "3SG.NOM", "3SG.主格"], ["a==,\\", "LNK", "連詞"]], "free": [], "s_end": false, "iu_a_span": [32.91, 33.71], "meta": {"topic": "Pear Story", "type": "Narrative", "language": "阿美語, Amis, Ciwkangan(台東縣長光社區)", "speaker": "嚴金花, Cinhua, female, None", "collected": "2005-05-19", "revised": "2013-1-16", "video": "Amis_Nr-pear_cinhua.mp3"}, "file": "Amis_Ciwkangan/Amis_Nr-pear_cinhua", "num": 25}], [26, {"ori": [], "gloss": [["..", "", ""], ["mi-kalic,\\", "AF-climb", "主焦-爬"]], "free": [], "s_end": false, "iu_a_span": [33.71, 34.56], "meta": {"topic": "Pear Story", "type": "Narrative", "language": "阿美語, Amis, Ciwkangan(台東縣長光社區)", "speaker": "嚴金花, Cinhua, female, None", "collected": "2005-05-19", "revised": "2013-1-16", "video": "Amis_Nr-pear_cinhua.mp3"}, "file": "Amis_Ciwkangan/Amis_Nr-pear_cinhua", "num": 26}], [27, {"ori": [], "gloss": [["...", "", ""], ["a", "LNK", "連詞"], ["mi-pitpit,\\", "AF-pluck", "主焦-摘"]], "free": [], "s_end": false, "iu_a_span": [34.56, 35.96], "meta": {"topic": "Pear Story", "type": "Narrative", "language": "阿美語, Amis, Ciwkangan(台東縣長光社區)", "speaker": "嚴金花, Cinhua, female, None", "collected": "2005-05-19", "revised": "2013-1-16", "video": "Amis_Nr-pear_cinhua.mp3"}, "file": "Amis_Ciwkangan/Amis_Nr-pear_cinhua", "num": 27}], [28, {"ori": [], "gloss": [["...", "", ""], ["a", "LNK", "連詞"], ["mi==-,\\", "AF-", "主焦-"]], "free": [], "s_end": false, "iu_a_span": [35.96, 37.45], "meta": {"topic": "Pear Story", "type": "Narrative", "language": "阿美語, Amis, Ciwkangan(台東縣長光社區)", "speaker": "嚴金花, Cinhua, female, None", "collected": "2005-05-19", "revised": "2013-1-16", "video": "Amis_Nr-pear_cinhua.mp3"}, "file": "Amis_Ciwkangan/Amis_Nr-pear_cinhua", "num": 28}], [29, {"ori": [], "gloss": [["...(0.8)", "", ""], ["tuya==,\\", "that.OBL", "那個.斜格"]], "free": [], "s_end": false, "iu_a_span": [37.45, 39.08], "meta": {"topic": "Pear Story", "type": "Narrative", "language": "阿美語, Amis, Ciwkangan(台東縣長光社區)", "speaker": "嚴金花, Cinhua, female, None", "collected": "2005-05-19", "revised": "2013-1-16", "video": "Amis_Nr-pear_cinhua.mp3"}, "file": "Amis_Ciwkangan/Amis_Nr-pear_cinhua", "num": 29}], [30, {"ori": [], "gloss": [["..", "", ""], ["<L2MsuiguoL2M>,\\", "fruit", "水果"]], "free": ["#e He climbed up again to pluck fruits.", "#c 他再次爬上去，摘那個水果。"], "s_end": true, "iu_a_span": [39.08, 39.88], "meta": {"topic": "Pear Story", "type": "Narrative", "language": "阿美語, Amis, Ciwkangan(台東縣長光社區)", "speaker": "嚴金花, Cinhua, female, None", "collected": "2005-05-19", "revised": "2013-1-16", "video": "Amis_Nr-pear_cinhua.mp3"}, "s_a_span": [31.68, 39.88], "file": "Amis_Ciwkangan/Amis_Nr-pear_cinhua", "num": 30}], [31, {"ori": [], "gloss": [["..", "", ""], ["ta", "then", "然後"], ["teli-en", "put-PF", "放-受焦"], ["nira", "3SG.GEN", "3SG.屬格"], ["itini", "here", "這裡"], ["i,\\", "LOC", "處格"]], "free": [], "s_end": false, "iu_a_span": [39.88, 41.46], "meta": {"topic": "Pear Story", "type": "Narrative", "language": "阿美語, Amis, Ciwkangan(台東縣長光社區)", "speaker": "嚴金花, Cinhua, female, None", "collected": "2005-05-19", "revised": "2013-1-16", "video": "Amis_Nr-pear_cinhua.mp3"}, "file": "Amis_Ciwkangan/Amis_Nr-pear_cinhua", "num": 31}], [32, {"ori": [], "gloss": [["..", "", ""], ["ka-ayaw", "KA-before", "KA-之前"], ["nu", "GEN", "屬格"], ["nira.\\", "3SG.GEN", "3SG.屬格"]], "free": ["#e He put them in the front.", "#c 放到前面。"], "s_end": true, "iu_a_span": [41.46, 42.78], "meta": {"topic": "Pear Story", "type": "Narrative", "language": "阿美語, Amis, Ciwkangan(台東縣長光社區)", "speaker": "嚴金花, Cinhua, female, None", "collected": "2005-05-19", "revised": "2013-1-16", "video": "Amis_Nr-pear_cinhua.mp3"}, "s_a_span": [39.88, 42.78], "file": "Amis_Ciwkangan/Amis_Nr-pear_cinhua", "num": 32}], [33, {"ori": [], "gloss": [["...", "", ""], ["nikawrila", "however", "但是"], ["ira", "EXIST", "存在"], ["ku==,\\", "NOM", "主格"]], "free": [], "s_end": false, "iu_a_span": [42.78, 44.38], "meta": {"topic": "Pear Story", "type": "Narrative", "language": "阿美語, Amis, Ciwkangan(台東縣長光社區)", "speaker": "嚴金花, Cinhua, female, None", "collected": "2005-05-19", "revised": "2013-1-16", "video": "Amis_Nr-pear_cinhua.mp3"}, "file": "Amis_Ciwkangan/Amis_Nr-pear_cinhua", "num": 33}], [34, {"ori": [], "gloss": [["...", "", ""], ["c'cay", "one", "一"], ["a", "LNK", "連詞"], ["mi==-,\\", "AF-", "主焦-"]], "free": [], "s_end": false, "iu_a_span": [44.38, 46.14], "meta": {"topic": "Pear Story", "type": "Narrative", "language": "阿美語, Amis, Ciwkangan(台東縣長光社區)", "speaker": "嚴金花, Cinhua, female, None", "collected": "2005-05-19", "revised": "2013-1-16", "video": "Amis_Nr-pear_cinhua.mp3"}, "file": "Amis_Ciwkangan/Amis_Nr-pear_cinhua", "num": 34}], [35, {"ori": [], "gloss": [["...(0.8)", "", ""], ["mi-pa-ka’en-ay", "AF-CAU-feed-AY", "主焦-使役-吃-AY"], ["tu==,\\", "OBL", "斜格"]], "free": [], "s_end": false, "iu_a_span": [46.14, 48.16], "meta": {"topic": "Pear Story", "type": "Narrative", "language": "阿美語, Amis, Ciwkangan(台東縣長光社區)", "speaker": "嚴金花, Cinhua, female, None", "collected": "2005-05-19", "revised": "2013-1-16", "video": "Amis_Nr-pear_cinhua.mp3"}, "file": "Amis_Ciwkangan/Amis_Nr-pear_cinhua", "num": 35}], [36, {"ori": [], "gloss": [["..", "", ""], ["siri,\\", "goat", "山羊"]], "free": [], "s_end": false, "iu_a_span": [48.16, 48.98], "meta": {"topic": "Pear Story", "type": "Narrative", "language": "阿美語, Amis, Ciwkangan(台東縣長光社區)", "speaker": "嚴金花, Cinhua, female, None", "collected": "2005-05-19", "revised": "2013-1-16", "video": "Amis_Nr-pear_cinhua.mp3"}, "file": "Amis_Ciwkangan/Amis_Nr-pear_cinhua", "num": 36}], [37, {"ori": [], "gloss": [["...", "", ""], ["a", "LNK", "連詞"], ["mi-tafsiw,\\", "AF-pass", "主焦-經過"]], "free": [], "s_end": false, "iu_a_span": [48.98, 50.35], "meta": {"topic": "Pear Story", "type": "Narrative", "language": "阿美語, Amis, Ciwkangan(台東縣長光社區)", "speaker": "嚴金花, Cinhua, female, None", "collected": "2005-05-19", "revised": "2013-1-16", "video": "Amis_Nr-pear_cinhua.mp3"}, "file": "Amis_Ciwkangan/Amis_Nr-pear_cinhua", "num": 37}], [38, {"ori": [], "gloss": [["..", "", ""], ["tu==,\\", "OBL", "斜格"]], "free": [], "s_end": false, "iu_a_span": [50.35, 50.79], "meta": {"topic": "Pear Story", "type": "Narrative", "language": "阿美語, Amis, Ciwkangan(台東縣長光社區)", "speaker": "嚴金花, Cinhua, female, None", "collected": "2005-05-19", "revised": "2013-1-16", "video": "Amis_Nr-pear_cinhua.mp3"}, "file": "Amis_Ciwkangan/Amis_Nr-pear_cinhua", "num": 38}], [39, {"ori": [], "gloss": [["..", "", ""], ["pi-pitpit", "PI-pluck", "PI-摘"], ["nuni-an", "this.GEN-AN", "這個.屬格-AN"], ["a,\\", "LNK", "連詞"]], "free": [], "s_end": false, "iu_a_span": [50.79, 52.47], "meta": {"topic": "Pear Story", "type": "Narrative", "language": "阿美語, Amis, Ciwkangan(台東縣長光社區)", "speaker": "嚴金花, Cinhua, female, None", "collected": "2005-05-19", "revised": "2013-1-16", "video": "Amis_Nr-pear_cinhua.mp3"}, "file": "Amis_Ciwkangan/Amis_Nr-pear_cinhua", "num": 39}], [40, {"ori": [], "gloss": [["..", "", ""], ["c'cay", "one", "一"], ["a", "LNK", "連詞"], ["tamdaw.\\", "person", "人"]], "free": ["#e However, there was a shepherd who passed the person who was plucking fruits.", "#c 然而，有一位放羊人，經過這個摘水果的這一個人。"], "s_end": true, "iu_a_span": [52.47, 53.87], "meta": {"topic": "Pear Story", "type": "Narrative", "language": "阿美語, Amis, Ciwkangan(台東縣長光社區)", "speaker": "嚴金花, Cinhua, female, None", "collected": "2005-05-19", "revised": "2013-1-16", "video": "Amis_Nr-pear_cinhua.mp3"}, "s_a_span": [42.78, 53.87], "file": "Amis_Ciwkangan/Amis_Nr-pear_cinhua", "num": 40}], [41, {"ori": [], "gloss": [["...", "", ""], ["tuya", "that.OBL", "那個.斜格"], ["pi-pitpit,\\", "PI-pluck", "PI-摘"]], "free": [], "s_end": false, "iu_a_span": [53.87, 55.38], "meta": {"topic": "Pear Story", "type": "Narrative", "language": "阿美語, Amis, Ciwkangan(台東縣長光社區)", "speaker": "嚴金花, Cinhua, female, None", "collected": "2005-05-19", "revised": "2013-1-16", "video": "Amis_Nr-pear_cinhua.mp3"}, "file": "Amis_Ciwkangan/Amis_Nr-pear_cinhua", "num": 41}], [42, {"ori": [], "gloss": [["..", "", ""], ["nu", "GEN", "屬格"], ["nira,\\", "3SG.GEN", "3SG.屬格"]], "free": ["#e He was plucking fruits.", "#c 這個人在摘水果。"], "s_end": true, "iu_a_span": [55.38, 56.23], "meta": {"topic": "Pear Story", "type": "Narrative", "language": "阿美語, Amis, Ciwkangan(台東縣長光社區)", "speaker": "嚴金花, Cinhua, female, None", "collected": "2005-05-19", "revised": "2013-1-16", "video": "Amis_Nr-pear_cinhua.mp3"}, "s_a_span": [53.87, 56.23], "file": "Amis_Ciwkangan/Amis_Nr-pear_cinhua", "num": 42}], [43, {"ori": [], "gloss": [["..", "", ""], ["ira", "EXIST", "存在"], ["ku", "NOM", "主格"], ["c'cay,\\", "one", "一"]], "free": [], "s_end": false, "iu_a_span": [56.23, 57.36], "meta": {"topic": "Pear Story", "type": "Narrative", "language": "阿美語, Amis, Ciwkangan(台東縣長光社區)", "speaker": "嚴金花, Cinhua, female, None", "collected": "2005-05-19", "revised": "2013-1-16", "video": "Amis_Nr-pear_cinhua.mp3"}, "file": "Amis_Ciwkangan/Amis_Nr-pear_cinhua", "num": 43}], [44, {"ori": [], "gloss": [["..", "", ""], ["a", "LNK", "連詞"], ["wawa,\\", "child", "小孩"]], "free": [], "s_end": false, "iu_a_span": [57.36, 58.13], "meta": {"topic": "Pear Story", "type": "Narrative", "language": "阿美語, Amis, Ciwkangan(台東縣長光社區)", "speaker": "嚴金花, Cinhua, female, None", "collected": "2005-05-19", "revised": "2013-1-16", "video": "Amis_Nr-pear_cinhua.mp3"}, "file": "Amis_Ciwkangan/Amis_Nr-pear_cinhua", "num": 44}], [45, {"ori": [], "gloss": [["..", "", ""], ["tu,\\", "OBL", "斜格"]], "free": [], "s_end": false, "iu_a_span": [58.13, 58.54], "meta": {"topic": "Pear Story", "type": "Narrative", "language": "阿美語, Amis, Ciwkangan(台東縣長光社區)", "speaker": "嚴金花, Cinhua, female, None", "collected": "2005-05-19", "revised": "2013-1-16", "video": "Amis_Nr-pear_cinhua.mp3"}, "file": "Amis_Ciwkangan/Amis_Nr-pear_cinhua", "num": 45}], [46, {"ori": [], "gloss": [["...", "", ""], ["pa-ka-kurisiw-ay,\\", "CAU-KA-bicycle-AY", "使役-KA-腳踏車-AY"]], "free": ["#e There was a child who was riding a bicycle.", "#c 有一個小孩，他騎著腳踏車。"], "s_end": true, "iu_a_span": [58.54, 60.18], "meta": {"topic": "Pear Story", "type": "Narrative", "language": "阿美語, Amis, Ciwkangan(台東縣長光社區)", "speaker": "嚴金花, Cinhua, female, None", "collected": "2005-05-19", "revised": "2013-1-16", "video": "Amis_Nr-pear_cinhua.mp3"}, "s_a_span": [56.23, 60.18], "file": "Amis_Ciwkangan/Amis_Nr-pear_cinhua", "num": 46}], [47, {"ori": [], "gloss": [["...", "", ""], ["ma-nengneng", "PF-see", "受焦-看"], ["nira", "3SG.GEN", "3SG.屬格"], ["kuya,\\", "that.NOM", "那個.主格"]], "free": [], "s_end": false, "iu_a_span": [60.18, 62.16], "meta": {"topic": "Pear Story", "type": "Narrative", "language": "阿美語, Amis, Ciwkangan(台東縣長光社區)", "speaker": "嚴金花, Cinhua, female, None", "collected": "2005-05-19", "revised": "2013-1-16", "video": "Amis_Nr-pear_cinhua.mp3"}, "file": "Amis_Ciwkangan/Amis_Nr-pear_cinhua", "num": 47}], [48, {"ori": [], "gloss": [["...", "", ""], ["mi==-pitpit-an,\\", "PF-pluck-PF", "受焦-摘-受焦"]], "free": [], "s_end": false, "iu_a_span": [62.16, 63.59], "meta": {"topic": "Pear Story", "type": "Narrative", "language": "阿美語, Amis, Ciwkangan(台東縣長光社區)", "speaker": "嚴金花, Cinhua, female, None", "collected": "2005-05-19", "revised": "2013-1-16", "video": "Amis_Nr-pear_cinhua.mp3"}, "file": "Amis_Ciwkangan/Amis_Nr-pear_cinhua", "num": 48}], [49, {"ori": [], "gloss": [["..", "", ""], ["nuni-an", "this.GEN-AN", "這個.屬格-AN"], ["a,\\", "LNK", "連詞"]], "free": [], "s_end": false, "iu_a_span": [63.59, 64.6], "meta": {"topic": "Pear Story", "type": "Narrative", "language": "阿美語, Amis, Ciwkangan(台東縣長光社區)", "speaker": "嚴金花, Cinhua, female, None", "collected": "2005-05-19", "revised": "2013-1-16", "video": "Amis_Nr-pear_cinhua.mp3"}, "file": "Amis_Ciwkangan/Amis_Nr-pear_cinhua", "num": 49}], [50, {"ori": [], "gloss": [["...", "", ""], ["ma-lingad-ay", "AF-work-AY", "主焦-工作-AY"], ["a==,\\", "LNK", "連詞"]], "free": [], "s_end": false, "iu_a_span": [64.6, 66.37], "meta": {"topic": "Pear Story", "type": "Narrative", "language": "阿美語, Amis, Ciwkangan(台東縣長光社區)", "speaker": "嚴金花, Cinhua, female, None", "collected": "2005-05-19", "revised": "2013-1-16", "video": "Amis_Nr-pear_cinhua.mp3"}, "file": "Amis_Ciwkangan/Amis_Nr-pear_cinhua", "num": 50}], [51, {"ori": [], "gloss": [["..", "", ""], ["tamdaw.\\", "person", "人"]], "free": ["#e He saw the worker, who was plucking (fruits).", "#c 他看到那個摘(水果)，工作的那個人。"], "s_end": true, "iu_a_span": [66.37, 67.23], "meta": {"topic": "Pear Story", "type": "Narrative", "language": "阿美語, Amis, Ciwkangan(台東縣長光社區)", "speaker": "嚴金花, Cinhua, female, None", "collected": "2005-05-19", "revised": "2013-1-16", "video": "Amis_Nr-pear_cinhua.mp3"}, "s_a_span": [60.18, 67.23], "file": "Amis_Ciwkangan/Amis_Nr-pear_cinhua", "num": 51}], [52, {"ori": [], "gloss": [["...(1.4)", "", ""], ["ma-ala", "PF-take", "受焦-拿"], ["nira", "3SG.GEN", "3SG.屬格"], ["ku", "NOM", "主格"], ["c'cay", "one", "一"], ["a==,\\", "LNK", "連詞"]], "free": [], "s_end": false, "iu_a_span": [67.23, 70.87], "meta": {"topic": "Pear Story", "type": "Narrative", "language": "阿美語, Amis, Ciwkangan(台東縣長光社區)", "speaker": "嚴金花, Cinhua, female, None", "collected": "2005-05-19", "revised": "2013-1-16", "video": "Amis_Nr-pear_cinhua.mp3"}, "file": "Amis_Ciwkangan/Amis_Nr-pear_cinhua", "num": 52}], [53, {"ori": [], "gloss": [["...", "", ""], ["a", "LNK", "連詞"], ["<L2TlangaL2T>,\\", "basket", "籠子"]], "free": ["#e He took one basket.", "#c 他拿了一籠(水果)"], "s_end": true, "iu_a_span": [70.87, 72.13], "meta": {"topic": "Pear Story", "type": "Narrative", "language": "阿美語, Amis, Ciwkangan(台東縣長光社區)", "speaker": "嚴金花, Cinhua, female, None", "collected": "2005-05-19", "revised": "2013-1-16", "video": "Amis_Nr-pear_cinhua.mp3"}, "s_a_span": [67.23, 72.13], "file": "Amis_Ciwkangan/Amis_Nr-pear_cinhua", "num": 53}], [54, {"ori": [], "gloss": [["...", "", ""], ["ta", "then", "然後"], ["pa-kalic-en", "CAU-climb-PF", "使役-爬上-受焦"], ["nira", "3SG.GEN", "3SG.屬格"], ["itini", "here", "這裡"], ["i==,\\", "LOC", "處格"]], "free": [], "s_end": false, "iu_a_span": [72.13, 74.38], "meta": {"topic": "Pear Story", "type": "Narrative", "language": "阿美語, Amis, Ciwkangan(台東縣長光社區)", "speaker": "嚴金花, Cinhua, female, None", "collected": "2005-05-19", "revised": "2013-1-16", "video": "Amis_Nr-pear_cinhua.mp3"}, "file": "Amis_Ciwkangan/Amis_Nr-pear_cinhua", "num": 54}], [55, {"ori": [], "gloss": [["..", "", ""], ["kurisiw", "bicycle", "腳踏車"], ["nira.\\", "3SG.GEN", "3SG.屬格"]], "free": ["#e Then he put it onto the bicycle.", "#c 然後把它放到腳踏車上。"], "s_end": true, "iu_a_span": [74.38, 75.75], "meta": {"topic": "Pear Story", "type": "Narrative", "language": "阿美語, Amis, Ciwkangan(台東縣長光社區)", "speaker": "嚴金花, Cinhua, female, None", "collected": "2005-05-19", "revised": "2013-1-16", "video": "Amis_Nr-pear_cinhua.mp3"}, "s_a_span": [72.13, 75.75], "file": "Amis_Ciwkangan/Amis_Nr-pear_cinhua", "num": 55}], [56, {"ori": [], "gloss": [["...(0.7)", "", ""], ["mi-laliw", "AF-leave", "主焦-離開"], ["cingra.\\", "3SG.NOM", "3SG.主格"]], "free": ["#e He left.", "#c 他離開了。"], "s_end": true, "iu_a_span": [75.75, 77.92], "meta": {"topic": "Pear Story", "type": "Narrative", "language": "阿美語, Amis, Ciwkangan(台東縣長光社區)", "speaker": "嚴金花, Cinhua, female, None", "collected": "2005-05-19", "revised": "2013-1-16", "video": "Amis_Nr-pear_cinhua.mp3"}, "s_a_span": [75.75, 77.92], "file": "Amis_Ciwkangan/Amis_Nr-pear_cinhua", "num": 56}], [57, {"ori": [], "gloss": [["...", "", ""], ["ma-takaw", "PF-steal", "受焦-偷"], ["nira", "3SG.GEN", "3SG.屬格"], ["kiya", "that.NOM", "那個.主格"], ["c'cay", "one", "一"], ["a==,\\", "LNK", "連詞"]], "free": [], "s_end": false, "iu_a_span": [77.92, 80.04], "meta": {"topic": "Pear Story", "type": "Narrative", "language": "阿美語, Amis, Ciwkangan(台東縣長光社區)", "speaker": "嚴金花, Cinhua, female, None", "collected": "2005-05-19", "revised": "2013-1-16", "video": "Amis_Nr-pear_cinhua.mp3"}, "file": "Amis_Ciwkangan/Amis_Nr-pear_cinhua", "num": 57}], [58, {"ori": [], "gloss": [["..", "", ""], ["<L2TlangaL2T>", "basket", "籠子"], ["nu==,\\", "GEN", "屬格"]], "free": [], "s_end": false, "iu_a_span": [80.04, 81.17], "meta": {"topic": "Pear Story", "type": "Narrative", "language": "阿美語, Amis, Ciwkangan(台東縣長光社區)", "speaker": "嚴金花, Cinhua, female, None", "collected": "2005-05-19", "revised": "2013-1-16", "video": "Amis_Nr-pear_cinhua.mp3"}, "file": "Amis_Ciwkangan/Amis_Nr-pear_cinhua", "num": 58}], [59, {"ori": [], "gloss": [["...", "", ""], ["ya==,\\", "that", "那個"]], "free": [], "s_end": false, "iu_a_span": [81.17, 82.31], "meta": {"topic": "Pear Story", "type": "Narrative", "language": "阿美語, Amis, Ciwkangan(台東縣長光社區)", "speaker": "嚴金花, Cinhua, female, None", "collected": "2005-05-19", "revised": "2013-1-16", "video": "Amis_Nr-pear_cinhua.mp3"}, "file": "Amis_Ciwkangan/Amis_Nr-pear_cinhua", "num": 59}], [60, {"ori": [], "gloss": [["...", "", ""], ["<L2MsuiguoL2M>", "fruit", "水果"], ["nira", "3SG.GEN", "3SG.屬格"], ["a", "LNK", "連詞"], ["kyafes.\\", "guava", "番石榴"]], "free": ["#e He stole a basket of fruits, that is, guavas.", "#c 他偷走了一籠番石榴的水果。"], "s_end": true, "iu_a_span": [82.31, 84.3], "meta": {"topic": "Pear Story", "type": "Narrative", "language": "阿美語, Amis, Ciwkangan(台東縣長光社區)", "speaker": "嚴金花, Cinhua, female, None", "collected": "2005-05-19", "revised": "2013-1-16", "video": "Amis_Nr-pear_cinhua.mp3"}, "s_a_span": [77.92, 84.3], "file": "Amis_Ciwkangan/Amis_Nr-pear_cinhua", "num": 60}], [61, {"ori": [], "gloss": [["...", "", ""], ["ta", "then", "然後"], ["pa-ka-kurisiw,\\", "CAU-KA-bicycle", "使役-KA-腳踏車"]], "free": [], "s_end": false, "iu_a_span": [84.3, 85.61], "meta": {"topic": "Pear Story", "type": "Narrative", "language": "阿美語, Amis, Ciwkangan(台東縣長光社區)", "speaker": "嚴金花, Cinhua, female, None", "collected": "2005-05-19", "revised": "2013-1-16", "video": "Amis_Nr-pear_cinhua.mp3"}, "file": "Amis_Ciwkangan/Amis_Nr-pear_cinhua", "num": 61}], [62, {"ori": [], "gloss": [["..", "", ""], ["kuya", "that.NOM", "那個.主格"], ["wawa.\\", "child", "小孩"]], "free": [], "s_end": false, "iu_a_span": [85.61, 86.55], "meta": {"topic": "Pear Story", "type": "Narrative", "language": "阿美語, Amis, Ciwkangan(台東縣長光社區)", "speaker": "嚴金花, Cinhua, female, None", "collected": "2005-05-19", "revised": "2013-1-16", "video": "Amis_Nr-pear_cinhua.mp3"}, "file": "Amis_Ciwkangan/Amis_Nr-pear_cinhua", "num": 62}], [63, {"ori": [], "gloss": [["...", "", ""], ["ma-stul", "PF-collide", "受焦-撞"], ["nira", "3SG.GEN", "3SG.屬格"], ["ku==,\\", "NOM", "主格"]], "free": [], "s_end": false, "iu_a_span": [86.55, 88.7], "meta": {"topic": "Pear Story", "type": "Narrative", "language": "阿美語, Amis, Ciwkangan(台東縣長光社區)", "speaker": "嚴金花, Cinhua, female, None", "collected": "2005-05-19", "revised": "2013-1-16", "video": "Amis_Nr-pear_cinhua.mp3"}, "file": "Amis_Ciwkangan/Amis_Nr-pear_cinhua", "num": 63}], [64, {"ori": [], "gloss": [["...", "", ""], ["c'cay", "one", "一"], ["a", "LNK", "連詞"], ["fukeloh,\\", "stone", "石頭"]], "free": [], "s_end": false, "iu_a_span": [88.7, 90.29], "meta": {"topic": "Pear Story", "type": "Narrative", "language": "阿美語, Amis, Ciwkangan(台東縣長光社區)", "speaker": "嚴金花, Cinhua, female, None", "collected": "2005-05-19", "revised": "2013-1-16", "video": "Amis_Nr-pear_cinhua.mp3"}, "file": "Amis_Ciwkangan/Amis_Nr-pear_cinhua", "num": 64}], [65, {"ori": [], "gloss": [["...", "", ""], ["ma-pulin,\\", "AF-fall", "主焦-摔倒"]], "free": ["#e That child, riding a bicycle, tripped over a stone and fell.", "#c 那小孩騎著腳踏車，撞到了一塊石頭，摔倒了。"], "s_end": true, "iu_a_span": [90.29, 91.68], "meta": {"topic": "Pear Story", "type": "Narrative", "language": "阿美語, Amis, Ciwkangan(台東縣長光社區)", "speaker": "嚴金花, Cinhua, female, None", "collected": "2005-05-19", "revised": "2013-1-16", "video": "Amis_Nr-pear_cinhua.mp3"}, "s_a_span": [84.3, 91.68], "file": "Amis_Ciwkangan/Amis_Nr-pear_cinhua", "num": 65}], [66, {"ori": [], "gloss": [["..", "", ""], ["laklak", "separate", "分散"], ["sa=tu", "SA=PFV", "SA=完成"], ["kuya==,\\", "that.NOM", "那個.主格"]], "free": [], "s_end": false, "iu_a_span": [91.68, 93.43], "meta": {"topic": "Pear Story", "type": "Narrative", "language": "阿美語, Amis, Ciwkangan(台東縣長光社區)", "speaker": "嚴金花, Cinhua, female, None", "collected": "2005-05-19", "revised": "2013-1-16", "video": "Amis_Nr-pear_cinhua.mp3"}, "file": "Amis_Ciwkangan/Amis_Nr-pear_cinhua", "num": 66}], [67, {"ori": [], "gloss": [["...", "", ""], ["<L2MsuiguoL2M>", "fruit", "水果"], ["nira", "3SG.GEN", "3SG.屬格"], ["itira", "there", "那裡"], ["i", "LOC", "處格"], ["lalan.\\", "road", "道路"]], "free": ["#e His fruits were scattered over the road.", "#c 水果散落在道路上。"], "s_end": true, "iu_a_span": [93.43, 95.66], "meta": {"topic": "Pear Story", "type": "Narrative", "language": "阿美語, Amis, Ciwkangan(台東縣長光社區)", "speaker": "嚴金花, Cinhua, female, None", "collected": "2005-05-19", "revised": "2013-1-16", "video": "Amis_Nr-pear_cinhua.mp3"}, "s_a_span": [91.68, 95.66], "file": "Amis_Ciwkangan/Amis_Nr-pear_cinhua", "num": 67}], [68, {"ori": [], "gloss": [["...", "", ""], ["ta", "then", "然後"], ["padang-en", "help-PF", "幫忙-受焦"], ["nu,\\", "GEN", "屬格"]], "free": [], "s_end": false, "iu_a_span": [95.66, 96.93], "meta": {"topic": "Pear Story", "type": "Narrative", "language": "阿美語, Amis, Ciwkangan(台東縣長光社區)", "speaker": "嚴金花, Cinhua, female, None", "collected": "2005-05-19", "revised": "2013-1-16", "video": "Amis_Nr-pear_cinhua.mp3"}, "file": "Amis_Ciwkangan/Amis_Nr-pear_cinhua", "num": 68}], [69, {"ori": [], "gloss": [["..", "", ""], ["ta-tulu-ay", "Ca-three-AY", "Ca重疊-三-AY"], ["a,\\", "LNK", "連詞"]], "free": [], "s_end": false, "iu_a_span": [96.93, 98.27], "meta": {"topic": "Pear Story", "type": "Narrative", "language": "阿美語, Amis, Ciwkangan(台東縣長光社區)", "speaker": "嚴金花, Cinhua, female, None", "collected": "2005-05-19", "revised": "2013-1-16", "video": "Amis_Nr-pear_cinhua.mp3"}, "file": "Amis_Ciwkangan/Amis_Nr-pear_cinhua", "num": 69}], [70, {"ori": [], "gloss": [["...", "", ""], ["wawa,\\", "child", "小孩"]], "free": [], "s_end": false, "iu_a_span": [98.27, 99.51], "meta": {"topic": "Pear Story", "type": "Narrative", "language": "阿美語, Amis, Ciwkangan(台東縣長光社區)", "speaker": "嚴金花, Cinhua, female, None", "collected": "2005-05-19", "revised": "2013-1-16", "video": "Amis_Nr-pear_cinhua.mp3"}, "file": "Amis_Ciwkangan/Amis_Nr-pear_cinhua", "num": 70}], [71, {"ori": [], "gloss": [["..", "", ""], ["cingra", "3SG.NOM", "3SG.主格"], ["a", "LNK", "連詞"], ["mi-paru,\\", "AF-pack", "主焦-裝"]], "free": [], "s_end": false, "iu_a_span": [99.51, 100.84], "meta": {"topic": "Pear Story", "type": "Narrative", "language": "阿美語, Amis, Ciwkangan(台東縣長光社區)", "speaker": "嚴金花, Cinhua, female, None", "collected": "2005-05-19", "revised": "2013-1-16", "video": "Amis_Nr-pear_cinhua.mp3"}, "file": "Amis_Ciwkangan/Amis_Nr-pear_cinhua", "num": 71}], [72, {"ori": [], "gloss": [["..", "", ""], ["tuya==,\\", "that.OBL", "那個.斜格"]], "free": [], "s_end": false, "iu_a_span": [100.84, 101.57], "meta": {"topic": "Pear Story", "type": "Narrative", "language": "阿美語, Amis, Ciwkangan(台東縣長光社區)", "speaker": "嚴金花, Cinhua, female, None", "collected": "2005-05-19", "revised": "2013-1-16", "video": "Amis_Nr-pear_cinhua.mp3"}, "file": "Amis_Ciwkangan/Amis_Nr-pear_cinhua", "num": 72}], [73, {"ori": [], "gloss": [["...", "", ""], ["<L2TlangaL2T>,\\", "basket", "籠子"]], "free": ["#e Three children helped that child load the basket.", "#c 三個小孩子幫忙他裝(水果)到籠子裡。"], "s_end": true, "iu_a_span": [101.57, 102.72], "meta": {"topic": "Pear Story", "type": "Narrative", "language": "阿美語, Amis, Ciwkangan(台東縣長光社區)", "speaker": "嚴金花, Cinhua, female, None", "collected": "2005-05-19", "revised": "2013-1-16", "video": "Amis_Nr-pear_cinhua.mp3"}, "s_a_span": [95.66, 102.72], "file": "Amis_Ciwkangan/Amis_Nr-pear_cinhua", "num": 73}], [74, {"ori": [], "gloss": [["...", "", ""], ["ta,\\", "then", "然後"]], "free": [], "s_end": false, "iu_a_span": [102.72, 103.68], "meta": {"topic": "Pear Story", "type": "Narrative", "language": "阿美語, Amis, Ciwkangan(台東縣長光社區)", "speaker": "嚴金花, Cinhua, female, None", "collected": "2005-05-19", "revised": "2013-1-16", "video": "Amis_Nr-pear_cinhua.mp3"}, "file": "Amis_Ciwkangan/Amis_Nr-pear_cinhua", "num": 74}], [75, {"ori": [], "gloss": [["..", "", ""], ["ma-tumus,\\", "PF-fill", "受焦-裝填"]], "free": [], "s_end": false, "iu_a_span": [103.68, 104.64], "meta": {"topic": "Pear Story", "type": "Narrative", "language": "阿美語, Amis, Ciwkangan(台東縣長光社區)", "speaker": "嚴金花, Cinhua, female, None", "collected": "2005-05-19", "revised": "2013-1-16", "video": "Amis_Nr-pear_cinhua.mp3"}, "file": "Amis_Ciwkangan/Amis_Nr-pear_cinhua", "num": 75}], [76, {"ori": [], "gloss": [["...", "", ""], ["nira", "3SG.GEN", "3SG.屬格"], ["kuya", "that.NOM", "那個.主格"], ["<L2TlangaL2T>,\\", "basket", "籠子"]], "free": ["#e He loaded the basket.", "#c 他裝籠子。"], "s_end": true, "iu_a_span": [104.64, 106.36], "meta": {"topic": "Pear Story", "type": "Narrative", "language": "阿美語, Amis, Ciwkangan(台東縣長光社區)", "speaker": "嚴金花, Cinhua, female, None", "collected": "2005-05-19", "revised": "2013-1-16", "video": "Amis_Nr-pear_cinhua.mp3"}, "s_a_span": [102.72, 106.36], "file": "Amis_Ciwkangan/Amis_Nr-pear_cinhua", "num": 76}], [77, {"ori": [], "gloss": [["..", "", ""], ["a", "LNK", "連詞"], ["mi==-,\\", "AF-", "主焦-"]], "free": [], "s_end": false, "iu_a_span": [106.36, 107.07], "meta": {"topic": "Pear Story", "type": "Narrative", "language": "阿美語, Amis, Ciwkangan(台東縣長光社區)", "speaker": "嚴金花, Cinhua, female, None", "collected": "2005-05-19", "revised": "2013-1-16", "video": "Amis_Nr-pear_cinhua.mp3"}, "file": "Amis_Ciwkangan/Amis_Nr-pear_cinhua", "num": 77}], [78, {"ori": [], "gloss": [["..", "", ""], ["paru,\\", "pack", "裝"]], "free": [], "s_end": false, "iu_a_span": [107.07, 107.76], "meta": {"topic": "Pear Story", "type": "Narrative", "language": "阿美語, Amis, Ciwkangan(台東縣長光社區)", "speaker": "嚴金花, Cinhua, female, None", "collected": "2005-05-19", "revised": "2013-1-16", "video": "Amis_Nr-pear_cinhua.mp3"}, "file": "Amis_Ciwkangan/Amis_Nr-pear_cinhua", "num": 78}], [79, {"ori": [], "gloss": [["..", "", ""], ["a", "LNK", "連詞"], ["mi-padang", "AF-help", "主焦-幫忙"], ["a", "LNK", "連詞"], ["mi-pudpud,\\", "AF-pick", "主焦-撿"]], "free": ["#e (They) helped pick up (the guavas).", "#c 幫忙撿(芭樂)。"], "s_end": true, "iu_a_span": [107.76, 109.89], "meta": {"topic": "Pear Story", "type": "Narrative", "language": "阿美語, Amis, Ciwkangan(台東縣長光社區)", "speaker": "嚴金花, Cinhua, female, None", "collected": "2005-05-19", "revised": "2013-1-16", "video": "Amis_Nr-pear_cinhua.mp3"}, "s_a_span": [106.36, 109.89], "file": "Amis_Ciwkangan/Amis_Nr-pear_cinhua", "num": 79}], [80, {"ori": [], "gloss": [["...(0.7)", "", ""], ["mi-laliw=tu", "AF-leave=PFV", "主焦-離開=完成"], ["kuya", "that.NOM", "那個.主格"], ["wawa,\\", "child", "小孩"]], "free": ["#e The child left.", "#c 小孩離開了。"], "s_end": true, "iu_a_span": [109.89, 112.46], "meta": {"topic": "Pear Story", "type": "Narrative", "language": "阿美語, Amis, Ciwkangan(台東縣長光社區)", "speaker": "嚴金花, Cinhua, female, None", "collected": "2005-05-19", "revised": "2013-1-16", "video": "Amis_Nr-pear_cinhua.mp3"}, "s_a_span": [109.89, 112.46], "file": "Amis_Ciwkangan/Amis_Nr-pear_cinhua", "num": 80}], [81, {"ori": [], "gloss": [["...", "", ""], ["nikawlira", "however", "然而"], ["tahira", "till", "到"], ["i", "LOC", "處格"], ["fatad,\\", "half", "一半"]], "free": [], "s_end": false, "iu_a_span": [112.46, 114.46], "meta": {"topic": "Pear Story", "type": "Narrative", "language": "阿美語, Amis, Ciwkangan(台東縣長光社區)", "speaker": "嚴金花, Cinhua, female, None", "collected": "2005-05-19", "revised": "2013-1-16", "video": "Amis_Nr-pear_cinhua.mp3"}, "file": "Amis_Ciwkangan/Amis_Nr-pear_cinhua", "num": 81}], [82, {"ori": [], "gloss": [["..", "", ""], ["kuya", "that.NOM", "那個.主格"], ["wawa,\\", "child", "小孩"]], "free": [], "s_end": false, "iu_a_span": [114.46, 115.5], "meta": {"topic": "Pear Story", "type": "Narrative", "language": "阿美語, Amis, Ciwkangan(台東縣長光社區)", "speaker": "嚴金花, Cinhua, female, None", "collected": "2005-05-19", "revised": "2013-1-16", "video": "Amis_Nr-pear_cinhua.mp3"}, "file": "Amis_Ciwkangan/Amis_Nr-pear_cinhua", "num": 82}], [83, {"ori": [], "gloss": [["...(1.1)", "", ""], ["^tiu==-han", "whistle-HAN.PF", "口哨-HAN.受焦"], ["niya", "that.GEN", "那個.屬格"], ["c,\\", "FS", "FS"]], "free": [], "s_end": false, "iu_a_span": [115.5, 117.72], "meta": {"topic": "Pear Story", "type": "Narrative", "language": "阿美語, Amis, Ciwkangan(台東縣長光社區)", "speaker": "嚴金花, Cinhua, female, None", "collected": "2005-05-19", "revised": "2013-1-16", "video": "Amis_Nr-pear_cinhua.mp3"}, "file": "Amis_Ciwkangan/Amis_Nr-pear_cinhua", "num": 83}], [84, {"ori": [], "gloss": [["...", "", ""], ["widang", "friend", "朋友"], ["nira,\\", "3SG.GEN", "3SG.屬格"]], "free": ["#e However, halfway, his friends whistled.", "#c 然而，那個小孩走到半路，他的朋友咻的一聲吹口哨。"], "s_end": true, "iu_a_span": [117.72, 119.12], "meta": {"topic": "Pear Story", "type": "Narrative", "language": "阿美語, Amis, Ciwkangan(台東縣長光社區)", "speaker": "嚴金花, Cinhua, female, None", "collected": "2005-05-19", "revised": "2013-1-16", "video": "Amis_Nr-pear_cinhua.mp3"}, "s_a_span": [112.46, 119.12], "file": "Amis_Ciwkangan/Amis_Nr-pear_cinhua", "num": 84}], [85, {"ori": [], "gloss": [["...", "", ""], ["ma-tawad", "PF-forget", "受焦-忘記"], ["nira", "3SG.GEN", "3SG.屬格"], ["ku", "NOM", "主格"], ["kafung.\\", "hat", "帽子"]], "free": ["#e He forgot the hat.", "#c 他忘記了帽子。"], "s_end": true, "iu_a_span": [119.12, 121.24], "meta": {"topic": "Pear Story", "type": "Narrative", "language": "阿美語, Amis, Ciwkangan(台東縣長光社區)", "speaker": "嚴金花, Cinhua, female, None", "collected": "2005-05-19", "revised": "2013-1-16", "video": "Amis_Nr-pear_cinhua.mp3"}, "s_a_span": [119.12, 121.24], "file": "Amis_Ciwkangan/Amis_Nr-pear_cinhua", "num": 85}], [86, {"ori": [], "gloss": [["...", "", ""], ["ta,\\", "then", "然後"]], "free": [], "s_end": false, "iu_a_span": [121.24, 121.94], "meta": {"topic": "Pear Story", "type": "Narrative", "language": "阿美語, Amis, Ciwkangan(台東縣長光社區)", "speaker": "嚴金花, Cinhua, female, None", "collected": "2005-05-19", "revised": "2013-1-16", "video": "Amis_Nr-pear_cinhua.mp3"}, "file": "Amis_Ciwkangan/Amis_Nr-pear_cinhua", "num": 86}], [87, {"ori": [], "gloss": [["..", "", ""], ["pafuli-en", "give-PF", "給-受焦"], ["haca", "PART", "語助詞"], ["nuya==,\\", "that.GEN", "那個.屬格"]], "free": [], "s_end": false, "iu_a_span": [121.94, 123.2], "meta": {"topic": "Pear Story", "type": "Narrative", "language": "阿美語, Amis, Ciwkangan(台東縣長光社區)", "speaker": "嚴金花, Cinhua, female, None", "collected": "2005-05-19", "revised": "2013-1-16", "video": "Amis_Nr-pear_cinhua.mp3"}, "file": "Amis_Ciwkangan/Amis_Nr-pear_cinhua", "num": 87}], [88, {"ori": [], "gloss": [["..", "", ""], ["widang", "friend", "朋友"], ["nira", "3SG.GEN", "3SG.屬格"], ["tiya", "that.OBL", "那個.斜格"], ["ta-tulu-ay,\\", "Ca-three-AY", "Ca重疊-三-AY"]], "free": [], "s_end": false, "iu_a_span": [123.2, 124.82], "meta": {"topic": "Pear Story", "type": "Narrative", "language": "阿美語, Amis, Ciwkangan(台東縣長光社區)", "speaker": "嚴金花, Cinhua, female, None", "collected": "2005-05-19", "revised": "2013-1-16", "video": "Amis_Nr-pear_cinhua.mp3"}, "file": "Amis_Ciwkangan/Amis_Nr-pear_cinhua", "num": 88}], [89, {"ori": [], "gloss": [["..", "", ""], ["a", "LNK", "連詞"], ["wawa,\\", "child", "小孩"]], "free": [], "s_end": false, "iu_a_span": [124.82, 125.47], "meta": {"topic": "Pear Story", "type": "Narrative", "language": "阿美語, Amis, Ciwkangan(台東縣長光社區)", "speaker": "嚴金花, Cinhua, female, None", "collected": "2005-05-19", "revised": "2013-1-16", "video": "Amis_Nr-pear_cinhua.mp3"}, "file": "Amis_Ciwkangan/Amis_Nr-pear_cinhua", "num": 89}], [90, {"ori": [], "gloss": [["..", "", ""], ["kuya", "that.NOM", "那個.主格"], ["kafung,\\", "hat", "帽子"]], "free": [], "s_end": false, "iu_a_span": [125.47, 126.39], "meta": {"topic": "Pear Story", "type": "Narrative", "language": "阿美語, Amis, Ciwkangan(台東縣長光社區)", "speaker": "嚴金花, Cinhua, female, None", "collected": "2005-05-19", "revised": "2013-1-16", "video": "Amis_Nr-pear_cinhua.mp3"}, "file": "Amis_Ciwkangan/Amis_Nr-pear_cinhua", "num": 90}], [91, {"ori": [], "gloss": [["..", "", ""], ["tuya,\\", "that.OBL", "那個.斜格"]], "free": [], "s_end": false, "iu_a_span": [126.39, 126.84], "meta": {"topic": "Pear Story", "type": "Narrative", "language": "阿美語, Amis, Ciwkangan(台東縣長光社區)", "speaker": "嚴金花, Cinhua, female, None", "collected": "2005-05-19", "revised": "2013-1-16", "video": "Amis_Nr-pear_cinhua.mp3"}, "file": "Amis_Ciwkangan/Amis_Nr-pear_cinhua", "num": 91}], [92, {"ori": [], "gloss": [["...", "", ""], ["mi-takaw-ay", "AF-steal-AY", "主焦-偷-AY"], ["tu", "OBL", "斜格"], ["<L2MsuiguoL2M>,\\", "fruit", "水果"]], "free": [], "s_end": false, "iu_a_span": [126.84, 128.64], "meta": {"topic": "Pear Story", "type": "Narrative", "language": "阿美語, Amis, Ciwkangan(台東縣長光社區)", "speaker": "嚴金花, Cinhua, female, None", "collected": "2005-05-19", "revised": "2013-1-16", "video": "Amis_Nr-pear_cinhua.mp3"}, "file": "Amis_Ciwkangan/Amis_Nr-pear_cinhua", "num": 92}], [93, {"ori": [], "gloss": [["..", "", ""], ["a", "LNK", "連詞"], ["wawa,\\", "child", "小孩"]], "free": ["#e His friends, those three children, returned the hat to the child, who stole the fruits.", "#c 他的朋友，那三個小孩，把帽子還給那個偷水果的小孩。"], "s_end": true, "iu_a_span": [128.64, 129.45], "meta": {"topic": "Pear Story", "type": "Narrative", "language": "阿美語, Amis, Ciwkangan(台東縣長光社區)", "speaker": "嚴金花, Cinhua, female, None", "collected": "2005-05-19", "revised": "2013-1-16", "video": "Amis_Nr-pear_cinhua.mp3"}, "s_a_span": [121.24, 129.45], "file": "Amis_Ciwkangan/Amis_Nr-pear_cinhua", "num": 93}], [94, {"ori": [], "gloss": [["...", "", ""], ["ta,\\", "then", "然後"]], "free": [], "s_end": false, "iu_a_span": [129.45, 130.14], "meta": {"topic": "Pear Story", "type": "Narrative", "language": "阿美語, Amis, Ciwkangan(台東縣長光社區)", "speaker": "嚴金花, Cinhua, female, None", "collected": "2005-05-19", "revised": "2013-1-16", "video": "Amis_Nr-pear_cinhua.mp3"}, "file": "Amis_Ciwkangan/Amis_Nr-pear_cinhua", "num": 94}], [95, {"ori": [], "gloss": [["..", "", ""], ["m", "FS", "FS"], ["ma-nga’ay", "AF-good", "主焦-好"], ["ku", "NOM", "主格"], ["falucu’", "heart", "心"], ["nira,\\", "3SG.GEN", "3SG.屬格"]], "free": ["#e He was kind.", "#c 他的心腸很好。"], "s_end": true, "iu_a_span": [130.14, 132.14], "meta": {"topic": "Pear Story", "type": "Narrative", "language": "阿美語, Amis, Ciwkangan(台東縣長光社區)", "speaker": "嚴金花, Cinhua, female, None", "collected": "2005-05-19", "revised": "2013-1-16", "video": "Amis_Nr-pear_cinhua.mp3"}, "s_a_span": [129.45, 132.14], "file": "Amis_Ciwkangan/Amis_Nr-pear_cinhua", "num": 95}], [96, {"ori": [], "gloss": [["..", "", ""], ["pafeli-en", "give-PF", "給-受焦"], ["nira", "3SG.GEN", "3SG.屬格"], ["kuya", "that.NOM", "那個.主格"], ["wawa", "child", "小孩"], ["tu,\\", "OBL", "斜格"]], "free": [], "s_end": false, "iu_a_span": [132.14, 134.32], "meta": {"topic": "Pear Story", "type": "Narrative", "language": "阿美語, Amis, Ciwkangan(台東縣長光社區)", "speaker": "嚴金花, Cinhua, female, None", "collected": "2005-05-19", "revised": "2013-1-16", "video": "Amis_Nr-pear_cinhua.mp3"}, "file": "Amis_Ciwkangan/Amis_Nr-pear_cinhua", "num": 96}], [97, {"ori": [], "gloss": [["...", "", ""], ["ala-c’cay", "each-one", "各-一"], ["tuya,\\", "that.OBL", "那個.斜格"]], "free": [], "s_end": false, "iu_a_span": [134.32, 135.82], "meta": {"topic": "Pear Story", "type": "Narrative", "language": "阿美語, Amis, Ciwkangan(台東縣長光社區)", "speaker": "嚴金花, Cinhua, female, None", "collected": "2005-05-19", "revised": "2013-1-16", "video": "Amis_Nr-pear_cinhua.mp3"}, "file": "Amis_Ciwkangan/Amis_Nr-pear_cinhua", "num": 97}], [98, {"ori": [], "gloss": [["..", "", ""], ["<L2MsuiguoL2M>.\\", "fruit", "水果"]], "free": ["#e He gave each person a fruit.", "#c 給了那些小孩一人一個水果。"], "s_end": true, "iu_a_span": [135.82, 136.65], "meta": {"topic": "Pear Story", "type": "Narrative", "language": "阿美語, Amis, Ciwkangan(台東縣長光社區)", "speaker": "嚴金花, Cinhua, female, None", "collected": "2005-05-19", "revised": "2013-1-16", "video": "Amis_Nr-pear_cinhua.mp3"}, "s_a_span": [132.14, 136.65], "file": "Amis_Ciwkangan/Amis_Nr-pear_cinhua", "num": 98}], [99, {"ori": [], "gloss": [["...", "", ""], ["ta,\\", "then", "然後"]], "free": [], "s_end": false, "iu_a_span": [136.65, 137.42], "meta": {"topic": "Pear Story", "type": "Narrative", "language": "阿美語, Amis, Ciwkangan(台東縣長光社區)", "speaker": "嚴金花, Cinhua, female, None", "collected": "2005-05-19", "revised": "2013-1-16", "video": "Amis_Nr-pear_cinhua.mp3"}, "file": "Amis_Ciwkangan/Amis_Nr-pear_cinhua", "num": 99}]], "meta": {"topic": "Pear Story", "type": "Narrative", "language": "阿美語, Amis, Ciwkangan(台東縣長光社區)", "speaker": "嚴金花, Cinhua, female, None", "collected": "2005-05-19", "revised": "2013-1-16", "video": "Amis_Nr-pear_cinhua.mp3"}}