{"glosses": [[1, {"ori": [], "gloss": [["W:", "", ""], ["ohye", "DM", "DM"], ["X,_", "", ""]], "free": [], "s_end": false, "iu_a_span": [null, null], "meta": {"topic": "Sngusnguyo", "type": "Conversation", "language": "鄒語, Tsou, Tfya", "speaker": "", "collected": "2004-10-10", "revised": "2013-11-18", "video": "None"}, "file": "Tsou_Tfya/None-1.txt", "num": 1}], [2, {"ori": [], "gloss": [["...", "", ""], ["mo", "AUX.AF", "助動詞.主焦"], ["s'a", "PART", "語助詞"], ["avaho==,_", "again.AF", "再一次.主焦"]], "free": [], "s_end": false, "iu_a_span": [null, null], "meta": {"topic": "Sngusnguyo", "type": "Conversation", "language": "鄒語, Tsou, Tfya", "speaker": "", "collected": "2004-10-10", "revised": "2013-11-18", "video": "None"}, "file": "Tsou_Tfya/None-1.txt", "num": 2}], [3, {"ori": [], "gloss": [["..", "", ""], ["mo", "AUX.AF", "助動詞.主焦"], ["uh", "go.AF", "去.主焦"], ["tan'e", "here", "這裡"], ["ho", "CONJ", "連接詞"], ["baito", "see.AF", "看.主焦"], ["to", "OBL", "斜格"], ["'o-'oko?/", "RED-child", "重疊-小孩"]], "free": ["#e You came here again to see your children?", "#c 你是再一次來這邊探望孩子們？"], "s_end": true, "iu_a_span": [null, null], "meta": {"topic": "Sngusnguyo", "type": "Conversation", "language": "鄒語, Tsou, Tfya", "speaker": "", "collected": "2004-10-10", "revised": "2013-11-18", "video": "None"}, "file": "Tsou_Tfya/None-1.txt", "num": 3}], [4, {"ori": [], "gloss": [["...(1.9)", "", ""], ["G:", "", ""], ["<@ya@>", "DM", "DM"], ["@@@", "", ""], ["yupa-bo-baito._", "REC-RED-see.AF", "交互-重疊-看.主焦"]], "free": ["#e Yes, to see each other.", "#c 是, 互相探望。"], "s_end": true, "iu_a_span": [null, null], "meta": {"topic": "Sngusnguyo", "type": "Conversation", "language": "鄒語, Tsou, Tfya", "speaker": "", "collected": "2004-10-10", "revised": "2013-11-18", "video": "None"}, "file": "Tsou_Tfya/None-1.txt", "num": 4}], [5, {"ori": [], "gloss": [["..", "", ""], ["Y:", "", ""], ["[@@@]", "", ""]], "free": [], "s_end": false, "iu_a_span": [null, null], "meta": {"topic": "Sngusnguyo", "type": "Conversation", "language": "鄒語, Tsou, Tfya", "speaker": "", "collected": "2004-10-10", "revised": "2013-11-18", "video": "None"}, "file": "Tsou_Tfya/None-1.txt", "num": 5}], [6, {"ori": [], "gloss": [["...", "", ""], ["M:", "", ""], ["[te", "FUT", "未來"], ["o'a]", "NEG", "否定"], ["X,\\", "", ""]], "free": ["#e Won't (you)...", "#c 沒有要..."], "s_end": true, "iu_a_span": [null, null], "meta": {"topic": "Sngusnguyo", "type": "Conversation", "language": "鄒語, Tsou, Tfya", "speaker": "", "collected": "2004-10-10", "revised": "2013-11-18", "video": "None"}, "file": "Tsou_Tfya/None-1.txt", "num": 6}], [7, {"ori": [], "gloss": [["...", "", ""], ["Y:", "", ""], ["@@@", "", ""]], "free": [], "s_end": false, "iu_a_span": [null, null], "meta": {"topic": "Sngusnguyo", "type": "Conversation", "language": "鄒語, Tsou, Tfya", "speaker": "", "collected": "2004-10-10", "revised": "2013-11-18", "video": "None"}, "file": "Tsou_Tfya/None-1.txt", "num": 7}], [8, {"ori": [], "gloss": [["...", "", ""], ["M:", "", ""], ["mi--", "FS", "FS"], ["mio", "AUX.AV", "助動詞.主焦"], ["n'a", "PROG", "進行"], ["ʉmnʉ", "good.AF", "好.主焦"], ["'o", "NOM", "主格"], ["ceonʉ", "road", "路"], ["ho", "when", "當"], ["mo", "AUX.AF", "助動詞.主焦"], ["i'mi", "from.AF", "從.主焦"], ["ta==,_", "OBL", "斜格"]], "free": [], "s_end": false, "iu_a_span": [null, null], "meta": {"topic": "Sngusnguyo", "type": "Conversation", "language": "鄒語, Tsou, Tfya", "speaker": "", "collected": "2004-10-10", "revised": "2013-11-18", "video": "None"}, "file": "Tsou_Tfya/None-1.txt", "num": 8}], [9, {"ori": [], "gloss": [["...", "", ""], ["sica", "there", "那裡"], ["ho", "CONJ", "連接詞"], ["c'o", "just", "還"], ["to,\\", "OBL", "斜格"]], "free": [], "s_end": false, "iu_a_span": [null, null], "meta": {"topic": "Sngusnguyo", "type": "Conversation", "language": "鄒語, Tsou, Tfya", "speaker": "", "collected": "2004-10-10", "revised": "2013-11-18", "video": "None"}, "file": "Tsou_Tfya/None-1.txt", "num": 9}], [10, {"ori": [], "gloss": [["...(0.7)", "", ""], ["'o", "NOM", "主格"], ["mo", "AUX.AF", "助動詞.主焦"], ["mi-to", "walk.AF-OBL", "走.主焦-斜格"], ["ta'e._", "there", "那裡"]], "free": [], "s_end": false, "iu_a_span": [null, null], "meta": {"topic": "Sngusnguyo", "type": "Conversation", "language": "鄒語, Tsou, Tfya", "speaker": "", "collected": "2004-10-10", "revised": "2013-11-18", "video": "None"}, "file": "Tsou_Tfya/None-1.txt", "num": 10}], [11, {"ori": [], "gloss": [["..", "", ""], ["ieh=", "FIL", "FIL"], ["mi-ne==,_", "walk.AF-OBL", "走.主焦-斜格"]], "free": ["#e Is that road still fine, if (we) walk from there?", "#c 從那邊路還好走嗎？"], "s_end": true, "iu_a_span": [null, null], "meta": {"topic": "Sngusnguyo", "type": "Conversation", "language": "鄒語, Tsou, Tfya", "speaker": "", "collected": "2004-10-10", "revised": "2013-11-18", "video": "None"}, "file": "Tsou_Tfya/None-1.txt", "num": 11}], [12, {"ori": [], "gloss": [["..", "", ""], ["G:", "", ""], ["XXX", "", ""]], "free": [], "s_end": false, "iu_a_span": [null, null], "meta": {"topic": "Sngusnguyo", "type": "Conversation", "language": "鄒語, Tsou, Tfya", "speaker": "", "collected": "2004-10-10", "revised": "2013-11-18", "video": "None"}, "file": "Tsou_Tfya/None-1.txt", "num": 12}], [13, {"ori": [], "gloss": [["..", "", ""], ["M:", "", ""], ["mi-ne", "walk.AF-OBL", "走.主焦-斜格"], ["sngʉsngʉyo.\\", "PN", "地名"]], "free": [], "s_end": false, "iu_a_span": [null, null], "meta": {"topic": "Sngusnguyo", "type": "Conversation", "language": "鄒語, Tsou, Tfya", "speaker": "", "collected": "2004-10-10", "revised": "2013-11-18", "video": "None"}, "file": "Tsou_Tfya/None-1.txt", "num": 13}], [14, {"ori": [], "gloss": [["...(0.8)", "", ""], ["M:", "", ""], ["<XcuX>", "PFV", "完成"], ["n'a", "PROG", "進行貌"], ["ahta", "ever.PF", "曾經.受焦"], ["thovaha", "pave.a.road.PF", "鋪路.受焦"], ["'o", "NOM", "主格"], ["moso", "AUX.AF", "助動詞.主焦"], ["la==,_", "HAB", "習慣"]], "free": [], "s_end": false, "iu_a_span": [null, null], "meta": {"topic": "Sngusnguyo", "type": "Conversation", "language": "鄒語, Tsou, Tfya", "speaker": "", "collected": "2004-10-10", "revised": "2013-11-18", "video": "None"}, "file": "Tsou_Tfya/None-1.txt", "num": 14}], [15, {"ori": [], "gloss": [["...(0.7)", "", ""], ["G:", "", ""], ["XX[X]", "", ""]], "free": [], "s_end": false, "iu_a_span": [null, null], "meta": {"topic": "Sngusnguyo", "type": "Conversation", "language": "鄒語, Tsou, Tfya", "speaker": "", "collected": "2004-10-10", "revised": "2013-11-18", "video": "None"}, "file": "Tsou_Tfya/None-1.txt", "num": 15}], [16, {"ori": [], "gloss": [["M:", "", ""], ["[feo-]feongo.\\", "RED-hole", "重疊-洞"]], "free": ["#e Where there were holes (in the road) is not yet paved?", "#c 有洞的地方還在鋪路嗎？"], "s_end": true, "iu_a_span": [null, null], "meta": {"topic": "Sngusnguyo", "type": "Conversation", "language": "鄒語, Tsou, Tfya", "speaker": "", "collected": "2004-10-10", "revised": "2013-11-18", "video": "None"}, "file": "Tsou_Tfya/None-1.txt", "num": 16}], [17, {"ori": [], "gloss": [["...", "", ""], ["G:", "", ""], ["a'ʉmtʉ", "really.AF", "真的.主焦"], ["['sio],_", "EVI", "知識詞"]], "free": ["#e It's really... (These holes are really ...)", "#c 真是的(這些坑洞實在是.....)"], "s_end": true, "iu_a_span": [null, null], "meta": {"topic": "Sngusnguyo", "type": "Conversation", "language": "鄒語, Tsou, Tfya", "speaker": "", "collected": "2004-10-10", "revised": "2013-11-18", "video": "None"}, "file": "Tsou_Tfya/None-1.txt", "num": 17}], [18, {"ori": [], "gloss": [["...", "", ""], ["M:", "", ""], ["hoN.\\", "DM", "DM"]], "free": [], "s_end": false, "iu_a_span": [null, null], "meta": {"topic": "Sngusnguyo", "type": "Conversation", "language": "鄒語, Tsou, Tfya", "speaker": "", "collected": "2004-10-10", "revised": "2013-11-18", "video": "None"}, "file": "Tsou_Tfya/None-1.txt", "num": 18}], [19, {"ori": [], "gloss": [["..", "", ""], ["Y:", "", ""], ["thovaha", "pave.a.road.PF", "鋪路.受焦"], ["ho", "when", "當"], ["la-ta--,_", "HAB-3SG.NOM", "習慣-3SG.主格"]], "free": [], "s_end": false, "iu_a_span": [null, null], "meta": {"topic": "Sngusnguyo", "type": "Conversation", "language": "鄒語, Tsou, Tfya", "speaker": "", "collected": "2004-10-10", "revised": "2013-11-18", "video": "None"}, "file": "Tsou_Tfya/None-1.txt", "num": 19}], [20, {"ori": [], "gloss": [["...(1.0)", "", ""], ["la-ta", "HAB-3SG.GEN", "習慣-3SG.屬格"], ["<Xo'te", "NEG", "否定"], ["asngʉcaX>", "often.PF", "經常.受焦"], ["mia", "walk.PF", "走.受焦"], ["ta", "OBL", "斜格"], ["ak'i.\\", "grandfather", "祖父"]], "free": ["#e If Grandfather doesn't often walk on it, why it needs to be paved?", "#c 爺爺沒有常常走怎麼要再鋪呢？", "#n lit. 鋪路,如果爺爺沒有常在走"], "s_end": true, "iu_a_span": [null, null], "meta": {"topic": "Sngusnguyo", "type": "Conversation", "language": "鄒語, Tsou, Tfya", "speaker": "", "collected": "2004-10-10", "revised": "2013-11-18", "video": "None"}, "file": "Tsou_Tfya/None-1.txt", "num": 20}], [21, {"ori": [], "gloss": [["Y,M:", "", ""], ["@@@", "", ""]], "free": [], "s_end": false, "iu_a_span": [null, null], "meta": {"topic": "Sngusnguyo", "type": "Conversation", "language": "鄒語, Tsou, Tfya", "speaker": "", "collected": "2004-10-10", "revised": "2013-11-18", "video": "None"}, "file": "Tsou_Tfya/None-1.txt", "num": 21}], [22, {"ori": [], "gloss": [["...", "", ""], ["M:", "", ""], ["te-'o", "FUT-1SG.GEN.", "未來-1SG.屬格"], ["i'vaha", "again.PF", "再一次.受焦"], ["mia--", "FS", "FS"], ["'ia,\\", "EVI", "知識詞"]], "free": [], "s_end": false, "iu_a_span": [null, null], "meta": {"topic": "Sngusnguyo", "type": "Conversation", "language": "鄒語, Tsou, Tfya", "speaker": "", "collected": "2004-10-10", "revised": "2013-11-18", "video": "None"}, "file": "Tsou_Tfya/None-1.txt", "num": 22}], [23, {"ori": [], "gloss": [["...", "", ""], ["mi--", "FS", "FS"], ["mi-mu", "AUX.AF-2PL.NOM", "助動詞.主焦-2SG.主格"], ["i'vaho==", "again.AF", "再一次.主焦"], ["novei", "live.back.AF", "住回去.主焦"], ["to==,_", "OBL", "斜格"]], "free": [], "s_end": false, "iu_a_span": [null, null], "meta": {"topic": "Sngusnguyo", "type": "Conversation", "language": "鄒語, Tsou, Tfya", "speaker": "", "collected": "2004-10-10", "revised": "2013-11-18", "video": "None"}, "file": "Tsou_Tfya/None-1.txt", "num": 23}], [24, {"ori": [], "gloss": [["...", "", ""], ["atuhcu-mu", "main-2PL.GEN", "主要的-2PL.屬格"], ["emoo.\\", "house", "house"]], "free": ["#e Did you live back to your original house again?", "#c 你們有再住回去(原來的)房子嗎？", "#n 你們主要的家＝老家"], "s_end": true, "iu_a_span": [null, null], "meta": {"topic": "Sngusnguyo", "type": "Conversation", "language": "鄒語, Tsou, Tfya", "speaker": "", "collected": "2004-10-10", "revised": "2013-11-18", "video": "None"}, "file": "Tsou_Tfya/None-1.txt", "num": 24}], [25, {"ori": [], "gloss": [["...", "", ""], ["P:", "", ""], ["XXX.\\", "", ""]], "free": [], "s_end": false, "iu_a_span": [null, null], "meta": {"topic": "Sngusnguyo", "type": "Conversation", "language": "鄒語, Tsou, Tfya", "speaker": "", "collected": "2004-10-10", "revised": "2013-11-18", "video": "None"}, "file": "Tsou_Tfya/None-1.txt", "num": 25}], [26, {"ori": [], "gloss": [["...", "", ""], ["G:", "", ""], ["mi-mza", "AUX.AV-1PL.NOM", "助動詞.主焦-1PL.主格"], ["asngʉcʉ", "always.AF", "一直.主焦"], ["eon", "stay.AF", "待在.主焦"], ["to==,_", "OBL", "斜格"]], "free": [], "s_end": false, "iu_a_span": [null, null], "meta": {"topic": "Sngusnguyo", "type": "Conversation", "language": "鄒語, Tsou, Tfya", "speaker": "", "collected": "2004-10-10", "revised": "2013-11-18", "video": "None"}, "file": "Tsou_Tfya/None-1.txt", "num": 26}], [27, {"ori": [], "gloss": [["...(1.0)", "", ""], ["sohngu", "rain.shelter", "遮風避雨的地方"], ["ci", "REL", "關係詞"], ["la", "HAB", "習慣"], ["yon-i.\\", "stay-LF", "住;待在.處焦"]], "free": ["#e We always live in the rain shelter where we usually stay.", "#c 我們一直住在那個房子。", "#n 字面上'遮風避雨的地方'在此是房子的隱喻的說法"], "s_end": true, "iu_a_span": [null, null], "meta": {"topic": "Sngusnguyo", "type": "Conversation", "language": "鄒語, Tsou, Tfya", "speaker": "", "collected": "2004-10-10", "revised": "2013-11-18", "video": "None"}, "file": "Tsou_Tfya/None-1.txt", "num": 27}], [28, {"ori": [], "gloss": [["...", "", ""], ["M:", "", ""], ["oh", "DM", "DM"], ["te", "FUT", "未來"], ["X,_", "", ""]], "free": [], "s_end": false, "iu_a_span": [null, null], "meta": {"topic": "Sngusnguyo", "type": "Conversation", "language": "鄒語, Tsou, Tfya", "speaker": "", "collected": "2004-10-10", "revised": "2013-11-18", "video": "None"}, "file": "Tsou_Tfya/None-1.txt", "num": 28}], [29, {"ori": [], "gloss": [["...(1.1)", "", ""], ["te", "FUT", "未來"], ["s'a", "PART", "語助詞"], ["av'a", "say.PF", "說.受焦"], ["'o==,\\", "NOM", "主格"]], "free": [], "s_end": false, "iu_a_span": [null, null], "meta": {"topic": "Sngusnguyo", "type": "Conversation", "language": "鄒語, Tsou, Tfya", "speaker": "", "collected": "2004-10-10", "revised": "2013-11-18", "video": "None"}, "file": "Tsou_Tfya/None-1.txt", "num": 29}], [30, {"ori": [], "gloss": [["...(0.9)", "", ""], ["^'o", "NOM", "主格"], ["'ongko", "name", "名字"], ["to", "OBL", "斜格"], ["ceoa", "earth", "地"], ["to", "OBL", "斜格"], ["ic'o==,_", "that", "那個"]], "free": ["#e (what) shall (we) say the name of that land?", "#c 那個土地的名稱要怎麼說呢？"], "s_end": true, "iu_a_span": [null, null], "meta": {"topic": "Sngusnguyo", "type": "Conversation", "language": "鄒語, Tsou, Tfya", "speaker": "", "collected": "2004-10-10", "revised": "2013-11-18", "video": "None"}, "file": "Tsou_Tfya/None-1.txt", "num": 30}], [31, {"ori": [], "gloss": [["..", "", ""], ["zou", "EVI", "知識詞"], ["[s'a]", "PART", "語助詞"], ["'oahng", "part.of", "一部份"], ["to", "OBL", "斜格"], ["sngʉsngʉyo._", "PN", "PN"]], "free": ["#e Is it a part of Sngʉsngʉyo?", "#c 是不是是Sngʉsngʉyo的一部份？", "#n 'oahngʉ也可以指有親戚關係的"], "s_end": true, "iu_a_span": [null, null], "meta": {"topic": "Sngusnguyo", "type": "Conversation", "language": "鄒語, Tsou, Tfya", "speaker": "", "collected": "2004-10-10", "revised": "2013-11-18", "video": "None"}, "file": "Tsou_Tfya/None-1.txt", "num": 31}], [32, {"ori": [], "gloss": [["...", "", ""], ["Y:", "", ""], ["ma", "EVI", "知識詞"], ["asonʉ", "probably.AF", "或許.主焦"], ["o'a,\\", "NEG", "否定"]], "free": ["#e It's probably not so.", "#c 應該不是。"], "s_end": true, "iu_a_span": [null, null], "meta": {"topic": "Sngusnguyo", "type": "Conversation", "language": "鄒語, Tsou, Tfya", "speaker": "", "collected": "2004-10-10", "revised": "2013-11-18", "video": "None"}, "file": "Tsou_Tfya/None-1.txt", "num": 32}], [33, {"ori": [], "gloss": [["...(1.5)", "", ""], ["G:", "", ""], ["o-he", "AUX.NAF-3PL.GEN", "助動詞.非主焦-3PL.主格"], ["XXX,\\", "", ""]], "free": [], "s_end": false, "iu_a_span": [null, null], "meta": {"topic": "Sngusnguyo", "type": "Conversation", "language": "鄒語, Tsou, Tfya", "speaker": "", "collected": "2004-10-10", "revised": "2013-11-18", "video": "None"}, "file": "Tsou_Tfya/None-1.txt", "num": 33}], [34, {"ori": [], "gloss": [["...", "", ""], ["la", "HAB", "習慣"], ["eanca", "say.PF", "說.受焦"], ["zou", "EVI", "知識詞"], ["sngʉsngʉ[yo].\\", "PN", "地名"]], "free": ["#e (people) used to say sngʉsngʉyo.", "#c 過去一直都是這樣講是稱為sngʉsngʉyo。"], "s_end": true, "iu_a_span": [null, null], "meta": {"topic": "Sngusnguyo", "type": "Conversation", "language": "鄒語, Tsou, Tfya", "speaker": "", "collected": "2004-10-10", "revised": "2013-11-18", "video": "None"}, "file": "Tsou_Tfya/None-1.txt", "num": 34}], [35, {"ori": [], "gloss": [["..", "", ""], ["M:", "", ""], ["[sngʉ]sngʉyo", "PN", "地名"], ["uN.\\", "DM", "DM"]], "free": ["#e Sngʉsngʉyo (place name).", "#c 是Sngʉsngʉyo。"], "s_end": true, "iu_a_span": [null, null], "meta": {"topic": "Sngusnguyo", "type": "Conversation", "language": "鄒語, Tsou, Tfya", "speaker": "", "collected": "2004-10-10", "revised": "2013-11-18", "video": "None"}, "file": "Tsou_Tfya/None-1.txt", "num": 35}], [36, {"ori": [], "gloss": [["...", "", ""], ["Y:", "", ""], ["la--", "HAB", "習慣"], ["la", "HAB", "習慣"], ["manci", "like.this.AF", "像這樣.主焦"], ["s'a", "PART", "語助詞"], ["eaca", "say.PF", "說.受焦"], ["sngʉsngʉ", "PN", "PN"], ["'a", "NEG", "否定"], ["la", "HAB", "習慣"], ["s'a", "PART", "語助詞"], ["no", "FIL", "FIL"], ["enca,_", "say.PF", "說.受焦"]], "free": [], "s_end": false, "iu_a_span": [null, null], "meta": {"topic": "Sngusnguyo", "type": "Conversation", "language": "鄒語, Tsou, Tfya", "speaker": "", "collected": "2004-10-10", "revised": "2013-11-18", "video": "None"}, "file": "Tsou_Tfya/None-1.txt", "num": 36}], [37, {"ori": [], "gloss": [["..", "", ""], ["'a", "NEG", "否定"], ["mo", "AUX.AF", "助動詞.主焦"], ["s'a", "PART", "語助詞"], ["man'i", "many.AF", "多.主焦"], ["na", "NOM", "主格"], ["sngʉyo-si.\\", "plant.name-3SG.GEN", "植物名-3SG.屬格"]], "free": ["#e How come it is called Sngʉsngʉyo? Are there ...Are there many things called Sngʉsngʉyo?", "#c 怎麼會叫做sngʉsngʉyo? 是不是稱為... 是不是叫sngʉyo的東西很多？"], "s_end": true, "iu_a_span": [null, null], "meta": {"topic": "Sngusnguyo", "type": "Conversation", "language": "鄒語, Tsou, Tfya", "speaker": "", "collected": "2004-10-10", "revised": "2013-11-18", "video": "None"}, "file": "Tsou_Tfya/None-1.txt", "num": 37}], [38, {"ori": [], "gloss": [["...", "", ""], ["nia", "past", "過去"], ["la", "HAB", "習慣"], ["enca", "say.PF", "說.受焦"], ["sngʉyo./", "PN", "地名"]], "free": [], "s_end": false, "iu_a_span": [null, null], "meta": {"topic": "Sngusnguyo", "type": "Conversation", "language": "鄒語, Tsou, Tfya", "speaker": "", "collected": "2004-10-10", "revised": "2013-11-18", "video": "None"}, "file": "Tsou_Tfya/None-1.txt", "num": 38}], [39, {"ori": [], "gloss": [["...(1.9)", "", ""], ["'o", "NOM", "主格"], ["la", "HAB", "習慣"], ["enca", "say.PF", "說.受格"], ["sngʉs[ngʉyo].\\", "", ""]], "free": ["#e Was it called Snguyo (the place we) normally call Sngʉsngʉyo?", "#c (我們)通常說Sngʉsngʉyo的地方，以前稱為Snguyo嗎？"], "s_end": true, "iu_a_span": [null, null], "meta": {"topic": "Sngusnguyo", "type": "Conversation", "language": "鄒語, Tsou, Tfya", "speaker": "", "collected": "2004-10-10", "revised": "2013-11-18", "video": "None"}, "file": "Tsou_Tfya/None-1.txt", "num": 39}], [40, {"ori": [], "gloss": [["G:", "", ""], ["[uk'a]", "NEG", "否定"], ["na", "NOM", "主格"], ["maitan'e==", "now", "現在"], ["'a", "EVI", "知識詞"], ["panto", "EXIST", "存在"], ["nia", "past", "過去"], ["lea==,_", "HAB", "習慣"]], "free": ["#e It's not now, but it was in the past.", "#c 今天已經沒有了。以前有。"], "s_end": true, "iu_a_span": [null, null], "meta": {"topic": "Sngusnguyo", "type": "Conversation", "language": "鄒語, Tsou, Tfya", "speaker": "", "collected": "2004-10-10", "revised": "2013-11-18", "video": "None"}, "file": "Tsou_Tfya/None-1.txt", "num": 40}], [41, {"ori": [], "gloss": [["..", "", ""], ["Y:", "", ""], ["zou", "EVI", "知識詞"], ["moso", "AUX.AF", "助動詞.主焦"], ["la", "HAB", "習慣"], ["[XXX],\\", "", ""]], "free": ["#e Yes, in the past...", "#c 是啊，以前..."], "s_end": true, "iu_a_span": [null, null], "meta": {"topic": "Sngusnguyo", "type": "Conversation", "language": "鄒語, Tsou, Tfya", "speaker": "", "collected": "2004-10-10", "revised": "2013-11-18", "video": "None"}, "file": "Tsou_Tfya/None-1.txt", "num": 41}], [42, {"ori": [], "gloss": [["M:", "", ""], ["[zou", "EVI", "知識詞"], ["ku]kuzo", "straw", "草"], ["honci", "if", "假設"], ["o'te", "NEG", "否定"], ["cuma", "what", "什麼"], ["na", "NOM", "主格"], ["sngʉyo,\\", "PN", "植物名"]], "free": ["#e Sngʉyo is the plant like straw or something?", "#c Sngʉyo是草的植物還是什麼呢？"], "s_end": true, "iu_a_span": [null, null], "meta": {"topic": "Sngusnguyo", "type": "Conversation", "language": "鄒語, Tsou, Tfya", "speaker": "", "collected": "2004-10-10", "revised": "2013-11-18", "video": "None"}, "file": "Tsou_Tfya/None-1.txt", "num": 42}], [43, {"ori": [], "gloss": [["..", "", ""], ["G:", "", ""], ["evi._", "tree", "樹"]], "free": ["#e Tree.", "#c 是樹。"], "s_end": true, "iu_a_span": [null, null], "meta": {"topic": "Sngusnguyo", "type": "Conversation", "language": "鄒語, Tsou, Tfya", "speaker": "", "collected": "2004-10-10", "revised": "2013-11-18", "video": "None"}, "file": "Tsou_Tfya/None-1.txt", "num": 43}], [44, {"ori": [], "gloss": [["...", "", ""], ["Y:", "", ""], ["[evi].\\", "tree", "樹"]], "free": [], "s_end": false, "iu_a_span": [null, null], "meta": {"topic": "Sngusnguyo", "type": "Conversation", "language": "鄒語, Tsou, Tfya", "speaker": "", "collected": "2004-10-10", "revised": "2013-11-18", "video": "None"}, "file": "Tsou_Tfya/None-1.txt", "num": 44}], [45, {"ori": [], "gloss": [["M:", "", ""], ["[evi]", "tree", "樹"], ["hoN.\\", "DM", "DM"]], "free": [], "s_end": false, "iu_a_span": [null, null], "meta": {"topic": "Sngusnguyo", "type": "Conversation", "language": "鄒語, Tsou, Tfya", "speaker": "", "collected": "2004-10-10", "revised": "2013-11-18", "video": "None"}, "file": "Tsou_Tfya/None-1.txt", "num": 45}], [46, {"ori": [], "gloss": [["...", "", ""], ["G:", "", ""], ["alʉ==", "just.AF", "竟然.主焦"], ["kaahkʉmnʉ", "thick.AF", "粗.主焦"], ["ci", "REL", "關係詞"], ["evi.\\", "tree", "樹"]], "free": [], "s_end": false, "iu_a_span": [null, null], "meta": {"topic": "Sngusnguyo", "type": "Conversation", "language": "鄒語, Tsou, Tfya", "speaker": "", "collected": "2004-10-10", "revised": "2013-11-18", "video": "None"}, "file": "Tsou_Tfya/None-1.txt", "num": 46}], [47, {"ori": [], "gloss": [["...", "", ""], ["'o'okosi", "small.AF", "小.主焦"], ["'o", "NOM", "主格"], ["hʉngʉ-si.\\", "leaf-3SG.GEN", "葉-3SG.屬格"]], "free": ["#e (It is the) tree that is thick, but the leaves are small.", "#c 是很粗的樹，竟然葉子很小。"], "s_end": true, "iu_a_span": [null, null], "meta": {"topic": "Sngusnguyo", "type": "Conversation", "language": "鄒語, Tsou, Tfya", "speaker": "", "collected": "2004-10-10", "revised": "2013-11-18", "video": "None"}, "file": "Tsou_Tfya/None-1.txt", "num": 47}], [48, {"ori": [], "gloss": [["...(1.2)", "", ""], ["XXX", "", ""]], "free": [], "s_end": false, "iu_a_span": [null, null], "meta": {"topic": "Sngusnguyo", "type": "Conversation", "language": "鄒語, Tsou, Tfya", "speaker": "", "collected": "2004-10-10", "revised": "2013-11-18", "video": "None"}, "file": "Tsou_Tfya/None-1.txt", "num": 48}], [49, {"ori": [], "gloss": [["..", "", ""], ["Y:", "", ""], ["mi--", "FS", "FS"], ["mio", "AUX.AF", "助動詞.主焦"], ["maica", "like.this.AF", "像這樣.主焦"], ["ko'ko", "therefore", "因此"], ["i-si", "AUX.NAF-3SG.GEN", "助動詞.非主焦-3SG.屬格"], ["yainca", "say.PF", "說.受焦"], ["sngʉsngʉyo.\\", "PN", "地名"]], "free": ["#e (it is) in this way, so (people) called it Sngʉsngʉyo.", "#c 是這樣才稱為sngʉsngʉyo。"], "s_end": true, "iu_a_span": [null, null], "meta": {"topic": "Sngusnguyo", "type": "Conversation", "language": "鄒語, Tsou, Tfya", "speaker": "", "collected": "2004-10-10", "revised": "2013-11-18", "video": "None"}, "file": "Tsou_Tfya/None-1.txt", "num": 49}], [50, {"ori": [], "gloss": [["...(0.8)", "", ""], ["G:", "", ""], ["hoN", "DM", "DM"], ["oho", "AUX.NAF", "助動詞.非主焦"], ["la", "HAB", "習慣"], ["asona", "probably.PF", "或許.受焦"], ["toemz-eni", "name-BF", "命名-予焦"], ["moso", "AUX.AF", "助動詞.主焦"], ["la", "HAB", "習慣"], ["<Mpi-jiaoM>", "relatively", "比較"], ["man'i", "many.AF", "多.主焦"], ["to,_", "OBL", "斜格"]], "free": [], "s_end": false, "iu_a_span": [null, null], "meta": {"topic": "Sngusnguyo", "type": "Conversation", "language": "鄒語, Tsou, Tfya", "speaker": "", "collected": "2004-10-10", "revised": "2013-11-18", "video": "None"}, "file": "Tsou_Tfya/None-1.txt", "num": 50}], [51, {"ori": [], "gloss": [["...", "", ""], ["Y:", "", ""], ["@@", "", ""]], "free": [], "s_end": false, "iu_a_span": [null, null], "meta": {"topic": "Sngusnguyo", "type": "Conversation", "language": "鄒語, Tsou, Tfya", "speaker": "", "collected": "2004-10-10", "revised": "2013-11-18", "video": "None"}, "file": "Tsou_Tfya/None-1.txt", "num": 51}], [52, {"ori": [], "gloss": [["..", "", ""], ["G:", "", ""], ["ac'ʉhʉ", "reach.AF", "延伸到.主焦"], ["to", "OBL", "斜格"], ["o-si", "AUX.NAF-3SG.GEN", "助動詞.非主焦-3SG.屬格"], ["la", "HAB", "習慣"], ["yon-i", "stay-LF", "住-處焦"], ["to==", "OBL", "斜格"], ["sootento._", "PN", "人名"]], "free": ["#e (people in the past) probably named it (this). (This plant) used to be many. (It growed) and reached where the Sootento lives.", "#c 可能那時候這樣子取名字。那時候比較多，曾經一直到莊傳道住的地方。"], "s_end": true, "iu_a_span": [null, null], "meta": {"topic": "Sngusnguyo", "type": "Conversation", "language": "鄒語, Tsou, Tfya", "speaker": "", "collected": "2004-10-10", "revised": "2013-11-18", "video": "None"}, "file": "Tsou_Tfya/None-1.txt", "num": 52}], [53, {"ori": [], "gloss": [["...", "", ""], ["G:", "", ""], ["sngʉsngʉyo.\\", "PN", "植物名"]], "free": [], "s_end": false, "iu_a_span": [null, null], "meta": {"topic": "Sngusnguyo", "type": "Conversation", "language": "鄒語, Tsou, Tfya", "speaker": "", "collected": "2004-10-10", "revised": "2013-11-18", "video": "None"}, "file": "Tsou_Tfya/None-1.txt", "num": 53}], [54, {"ori": [], "gloss": [["..", "", ""], ["M:", "", ""], ["mhm.\\", "DM", "DM"]], "free": [], "s_end": false, "iu_a_span": [null, null], "meta": {"topic": "Sngusnguyo", "type": "Conversation", "language": "鄒語, Tsou, Tfya", "speaker": "", "collected": "2004-10-10", "revised": "2013-11-18", "video": "None"}, "file": "Tsou_Tfya/None-1.txt", "num": 54}], [55, {"ori": [], "gloss": [["..", "", ""], ["G:", "", ""], ["ayovcu,_", "continuously.AF", "一直延伸下去.主焦"]], "free": ["#e (The plant sngʉyo kept) extending (its habitat).", "#c Sngʉsngʉyo 的植物一直延伸下去(形容從哪裡一直綿延下去)。"], "s_end": true, "iu_a_span": [null, null], "meta": {"topic": "Sngusnguyo", "type": "Conversation", "language": "鄒語, Tsou, Tfya", "speaker": "", "collected": "2004-10-10", "revised": "2013-11-18", "video": "None"}, "file": "Tsou_Tfya/None-1.txt", "num": 55}], [56, {"ori": [], "gloss": [["..", "", ""], ["Y:", "", ""], ["i-ko", "AUX.NAF-2SG.GEN", "助動詞.非主焦-2SG.屬格"], ["cohivi", "know-LF", "知道-處焦"], ["'e", "NOM", "主格"], ["i-si", "AUX.NAF-3SG.GEN", "助動詞.非主焦-3SG.屬格"], ["enca", "say.PF", "說.受焦"], ["sootento._", "PN", "PN"]], "free": ["#e You know (the person who is) called Sootento?", "#c 你知道這個稱為莊傳道的嗎？"], "s_end": true, "iu_a_span": [null, null], "meta": {"topic": "Sngusnguyo", "type": "Conversation", "language": "鄒語, Tsou, Tfya", "speaker": "", "collected": "2004-10-10", "revised": "2013-11-18", "video": "None"}, "file": "Tsou_Tfya/None-1.txt", "num": 56}], [57, {"ori": [], "gloss": [["...(0.9)", "", ""], ["G:", "", ""], ["[X", "", ""], ["o'a", "X", "X"], ["'a", "NEG", "否定"], ["te-ta]", "NEG", "否定"], ["'sio._", "FUT-3SG", "未來-3SG"]], "free": ["#e No, he shouldn't know.", "#c 不，他應該不知道。", "#n 'sio 表示比較委婉的，不是那麼肯定堅持的口氣"], "s_end": true, "iu_a_span": [null, null], "meta": {"topic": "Sngusnguyo", "type": "Conversation", "language": "鄒語, Tsou, Tfya", "speaker": "", "collected": "2004-10-10", "revised": "2013-11-18", "video": "None"}, "file": "Tsou_Tfya/None-1.txt", "num": 57}], [58, {"ori": [], "gloss": [["..", "", ""], ["Y:", "", ""], ["[XXX]", "XXX", "XXX"]], "free": [], "s_end": false, "iu_a_span": [null, null], "meta": {"topic": "Sngusnguyo", "type": "Conversation", "language": "鄒語, Tsou, Tfya", "speaker": "", "collected": "2004-10-10", "revised": "2013-11-18", "video": "None"}, "file": "Tsou_Tfya/None-1.txt", "num": 58}], [59, {"ori": [], "gloss": [["..", "", ""], ["to", "OBL", "斜格"], ["nia", "past", "過去"], ["vungki", "PN", "人名"], ["XX.\\", "", ""]], "free": [], "s_end": false, "iu_a_span": [null, null], "meta": {"topic": "Sngusnguyo", "type": "Conversation", "language": "鄒語, Tsou, Tfya", "speaker": "", "collected": "2004-10-10", "revised": "2013-11-18", "video": "None"}, "file": "Tsou_Tfya/None-1.txt", "num": 59}], [60, {"ori": [], "gloss": [["...", "", ""], ["masakici.\\", "PN", "人名"]], "free": [], "s_end": false, "iu_a_span": [null, null], "meta": {"topic": "Sngusnguyo", "type": "Conversation", "language": "鄒語, Tsou, Tfya", "speaker": "", "collected": "2004-10-10", "revised": "2013-11-18", "video": "None"}, "file": "Tsou_Tfya/None-1.txt", "num": 60}], [61, {"ori": [], "gloss": [["...", "", ""], ["M:", "", ""], ["masakici.\\", "PN", "人名"]], "free": ["#e Yes, the Masakici who has died.", "#c 對，已故的莊清吉。", "#n 莊傳道的哥哥是莊清吉"], "s_end": true, "iu_a_span": [null, null], "meta": {"topic": "Sngusnguyo", "type": "Conversation", "language": "鄒語, Tsou, Tfya", "speaker": "", "collected": "2004-10-10", "revised": "2013-11-18", "video": "None"}, "file": "Tsou_Tfya/None-1.txt", "num": 61}], [62, {"ori": [], "gloss": [["..", "", ""], ["Y:", "", ""], ["XXXXXX", "", ""]], "free": [], "s_end": false, "iu_a_span": [null, null], "meta": {"topic": "Sngusnguyo", "type": "Conversation", "language": "鄒語, Tsou, Tfya", "speaker": "", "collected": "2004-10-10", "revised": "2013-11-18", "video": "None"}, "file": "Tsou_Tfya/None-1.txt", "num": 62}], [63, {"ori": [], "gloss": [["..", "", ""], ["M:", "", ""], ["hoN.\\", "DM", "DM"]], "free": [], "s_end": false, "iu_a_span": [null, null], "meta": {"topic": "Sngusnguyo", "type": "Conversation", "language": "鄒語, Tsou, Tfya", "speaker": "", "collected": "2004-10-10", "revised": "2013-11-18", "video": "None"}, "file": "Tsou_Tfya/None-1.txt", "num": 63}], [64, {"ori": [], "gloss": [["..", "", ""], ["Y:", "", ""], ["to", "OBL", "斜格"], ["[niae--],_", "FS", "FS"]], "free": [], "s_end": false, "iu_a_span": [null, null], "meta": {"topic": "Sngusnguyo", "type": "Conversation", "language": "鄒語, Tsou, Tfya", "speaker": "", "collected": "2004-10-10", "revised": "2013-11-18", "video": "None"}, "file": "Tsou_Tfya/None-1.txt", "num": 64}], [65, {"ori": [], "gloss": [["M:", "", ""], ["[ac'ʉhʉ", "reach.AF", "延伸到.主焦"], ["to]", "OBL", "斜格"], ["ic'o", "there", "那裡"], ["na", "NOM", "主格"], ["moso", "AUX.AF", "助動詞.主焦"], ["n'a", "PROG", "進行貌"], ["ma--", "FS", "FS"], ["man'i", "many.AF", "多.主焦"], ["na", "NOM", "主格"], ["sngʉyo.\\", "plant", "植物名"]], "free": ["#e A lot of Sngʉyo extend their habitat to that place.", "#c 那個很多的sngʉyo是一直到那邊。"], "s_end": true, "iu_a_span": [null, null], "meta": {"topic": "Sngusnguyo", "type": "Conversation", "language": "鄒語, Tsou, Tfya", "speaker": "", "collected": "2004-10-10", "revised": "2013-11-18", "video": "None"}, "file": "Tsou_Tfya/None-1.txt", "num": 65}], [66, {"ori": [], "gloss": [["...(0.8)", "", ""], ["Y:", "", ""], ["zou.\\", "DM", "DM"]], "free": [], "s_end": false, "iu_a_span": [null, null], "meta": {"topic": "Sngusnguyo", "type": "Conversation", "language": "鄒語, Tsou, Tfya", "speaker": "", "collected": "2004-10-10", "revised": "2013-11-18", "video": "None"}, "file": "Tsou_Tfya/None-1.txt", "num": 66}], [67, {"ori": [], "gloss": [["...", "", ""], ["M:", "", ""], ["oh==.\\", "DM", "DM"]], "free": [], "s_end": false, "iu_a_span": [null, null], "meta": {"topic": "Sngusnguyo", "type": "Conversation", "language": "鄒語, Tsou, Tfya", "speaker": "", "collected": "2004-10-10", "revised": "2013-11-18", "video": "None"}, "file": "Tsou_Tfya/None-1.txt", "num": 67}], [68, {"ori": [], "gloss": [["...(3.2)", "", ""], ["M:", "", ""], ["sngʉsngʉyo.\\", "PN", "PN"]], "free": [], "s_end": false, "iu_a_span": [null, null], "meta": {"topic": "Sngusnguyo", "type": "Conversation", "language": "鄒語, Tsou, Tfya", "speaker": "", "collected": "2004-10-10", "revised": "2013-11-18", "video": "None"}, "file": "Tsou_Tfya/None-1.txt", "num": 68}], [69, {"ori": [], "gloss": [["..", "", ""], ["G:", "", ""], ["[XXX]", "XXX", "XXX"]], "free": [], "s_end": false, "iu_a_span": [null, null], "meta": {"topic": "Sngusnguyo", "type": "Conversation", "language": "鄒語, Tsou, Tfya", "speaker": "", "collected": "2004-10-10", "revised": "2013-11-18", "video": "None"}, "file": "Tsou_Tfya/None-1.txt", "num": 69}], [70, {"ori": [], "gloss": [["Y:", "", ""], ["[sngʉsngʉyo].\\", "PN", "地名"]], "free": [], "s_end": false, "iu_a_span": [null, null], "meta": {"topic": "Sngusnguyo", "type": "Conversation", "language": "鄒語, Tsou, Tfya", "speaker": "", "collected": "2004-10-10", "revised": "2013-11-18", "video": "None"}, "file": "Tsou_Tfya/None-1.txt", "num": 70}], [71, {"ori": [], "gloss": [["...", "", ""], ["G:", "", ""], ["'a", "EVI", "知識詞"], ["i-ko", "AUX.NAF-2SG.GEN", "助動詞.主焦-2SG.屬格"], ["n'a", "PROG", "進行貌"], ["cohivi", "know.LF", "知道.處焦"], ["na==", "NOM", "主格"], ["ina", "NOM", "主格"], ["atuhcu", "main.AF", "主要的.主焦"], ["sngʉsngʉyo.\\", "PN", "地名"]], "free": [], "s_end": false, "iu_a_span": [null, null], "meta": {"topic": "Sngusnguyo", "type": "Conversation", "language": "鄒語, Tsou, Tfya", "speaker": "", "collected": "2004-10-10", "revised": "2013-11-18", "video": "None"}, "file": "Tsou_Tfya/None-1.txt", "num": 71}], [72, {"ori": [], "gloss": [["...", "", ""], ["la", "HAB", "習慣"], ["XXX", "", ""], ["[enca],\\", "XX", "XX"]], "free": ["#e Do you know where the so called Sngʉsngʉyo is?", "#c 你還知道那個真正的sngʉsngʉyo在哪裡？"], "s_end": true, "iu_a_span": [null, null], "meta": {"topic": "Sngusnguyo", "type": "Conversation", "language": "鄒語, Tsou, Tfya", "speaker": "", "collected": "2004-10-10", "revised": "2013-11-18", "video": "None"}, "file": "Tsou_Tfya/None-1.txt", "num": 72}], [73, {"ori": [], "gloss": [["Y:", "", ""], ["[lea--]", "FS", "FS"], ["le-av'a", "HAB-say.PF", "習慣-說.受焦"], ["'e", "NOM", "主格"], ["omza-si._", "above-3SG.GEN", "上面-3SG.屬格"]], "free": [], "s_end": false, "iu_a_span": [null, null], "meta": {"topic": "Sngusnguyo", "type": "Conversation", "language": "鄒語, Tsou, Tfya", "speaker": "", "collected": "2004-10-10", "revised": "2013-11-18", "video": "None"}, "file": "Tsou_Tfya/None-1.txt", "num": 73}], [74, {"ori": [], "gloss": [["...", "", ""], ["'e", "NOM", "主格"], ["sngʉsngʉyo?\\", "PN", "地名"]], "free": ["#e (What is) the above of Sngʉsngʉyou usually called?", "#c 這個Sngʉsngʉyo的上面是叫什麼？"], "s_end": true, "iu_a_span": [null, null], "meta": {"topic": "Sngusnguyo", "type": "Conversation", "language": "鄒語, Tsou, Tfya", "speaker": "", "collected": "2004-10-10", "revised": "2013-11-18", "video": "None"}, "file": "Tsou_Tfya/None-1.txt", "num": 74}], [75, {"ori": [], "gloss": [["..", "", ""], ["'e", "NOM", "主格"], ["omza-si", "above-3SG.GEN", "上面-3SG.屬格"], ["zou", "EVI", "知識詞"], ["'o", "NOM", "主格"], ["la", "HAB", "習慣"], ["enca,_", "say.PF", "說.受焦"]], "free": [], "s_end": false, "iu_a_span": [null, null], "meta": {"topic": "Sngusnguyo", "type": "Conversation", "language": "鄒語, Tsou, Tfya", "speaker": "", "collected": "2004-10-10", "revised": "2013-11-18", "video": "None"}, "file": "Tsou_Tfya/None-1.txt", "num": 75}], [76, {"ori": [], "gloss": [["...", "", ""], ["zou", "EVI", "知識詞"], ["c'u", "PFV", "完成貌"], ["'o", "NOM", "主格"], ["la", "HAB", "習慣"], ["enca", "say.PF", "說.受焦"], ["cuu?/", "pond", "池塘"]], "free": ["#e The above of it is what (we/people usually) say 'pond'?", "#c 這個它的上面就是我們說...就是我們說池塘？"], "s_end": true, "iu_a_span": [null, null], "meta": {"topic": "Sngusnguyo", "type": "Conversation", "language": "鄒語, Tsou, Tfya", "speaker": "", "collected": "2004-10-10", "revised": "2013-11-18", "video": "None"}, "file": "Tsou_Tfya/None-1.txt", "num": 76}], [77, {"ori": [], "gloss": [["...(2.8)", "", ""], ["'a", "EVI", "知識詞"], ["i'o==,_", "NOM", "主格"]], "free": [], "s_end": false, "iu_a_span": [null, null], "meta": {"topic": "Sngusnguyo", "type": "Conversation", "language": "鄒語, Tsou, Tfya", "speaker": "", "collected": "2004-10-10", "revised": "2013-11-18", "video": "None"}, "file": "Tsou_Tfya/None-1.txt", "num": 77}], [78, {"ori": [], "gloss": [["...(4.2)", "", ""], ["G:", "", ""], ["peohna", "below", "下面;下方"], ["ne==,_", "OBL", "斜格"]], "free": [], "s_end": false, "iu_a_span": [null, null], "meta": {"topic": "Sngusnguyo", "type": "Conversation", "language": "鄒語, Tsou, Tfya", "speaker": "", "collected": "2004-10-10", "revised": "2013-11-18", "video": "None"}, "file": "Tsou_Tfya/None-1.txt", "num": 78}], [79, {"ori": [], "gloss": [["...", "", ""], ["to", "OBL", "斜格"], ["la-si", "HAB-3SG.GEN", "習慣-3SG.屬格"], ["eon-i", "stay-LF", "在-處焦"], ["to==,_", "OBL", "斜格"]], "free": [], "s_end": false, "iu_a_span": [null, null], "meta": {"topic": "Sngusnguyo", "type": "Conversation", "language": "鄒語, Tsou, Tfya", "speaker": "", "collected": "2004-10-10", "revised": "2013-11-18", "video": "None"}, "file": "Tsou_Tfya/None-1.txt", "num": 79}], [80, {"ori": [], "gloss": [["...(1.5)", "", ""], ["na", "FIL", "FIL"], ["ito", "OBL", "斜格"], ["kesa", "PN", "人名"], ["'o", "NOM", "主格"], ["la", "HAB", "習慣"], ["enca", "say.PF", "說.受焦"], ["cuu./", "pond;PN", "池塘;地名"]], "free": ["#e Cuu locates below where Kesa lives", "#c 那個稱為cuu的是Kesa(的家)下面。"], "s_end": true, "iu_a_span": [null, null], "meta": {"topic": "Sngusnguyo", "type": "Conversation", "language": "鄒語, Tsou, Tfya", "speaker": "", "collected": "2004-10-10", "revised": "2013-11-18", "video": "None"}, "file": "Tsou_Tfya/None-1.txt", "num": 80}], [81, {"ori": [], "gloss": [["...", "", ""], ["Y:", "", ""], ["oh.\\", "DM", "DM"]], "free": [], "s_end": false, "iu_a_span": [null, null], "meta": {"topic": "Sngusnguyo", "type": "Conversation", "language": "鄒語, Tsou, Tfya", "speaker": "", "collected": "2004-10-10", "revised": "2013-11-18", "video": "None"}, "file": "Tsou_Tfya/None-1.txt", "num": 81}], [82, {"ori": [], "gloss": [["...(0.7)", "", ""], ["cuu._", "pond", "池塘"]], "free": [], "s_end": false, "iu_a_span": [null, null], "meta": {"topic": "Sngusnguyo", "type": "Conversation", "language": "鄒語, Tsou, Tfya", "speaker": "", "collected": "2004-10-10", "revised": "2013-11-18", "video": "None"}, "file": "Tsou_Tfya/None-1.txt", "num": 82}], [83, {"ori": [], "gloss": [["...(2.3)", "", ""], ["<L2Mhu", "lake", "湖"], ["ahL2M>.\\", "PART", "語助詞"]], "free": ["#e Cuu... is lake.", "#c Cuu...是湖啊。"], "s_end": true, "iu_a_span": [null, null], "meta": {"topic": "Sngusnguyo", "type": "Conversation", "language": "鄒語, Tsou, Tfya", "speaker": "", "collected": "2004-10-10", "revised": "2013-11-18", "video": "None"}, "file": "Tsou_Tfya/None-1.txt", "num": 83}], [84, {"ori": [], "gloss": [["...(2.0)", "", ""], ["M:", "", ""], ["ah--", "DM", "DM"], ["'ao", "DM", "DM"], ["mo==,_", "AUX.AF", "助動詞.主焦"]], "free": [], "s_end": false, "iu_a_span": [null, null], "meta": {"topic": "Sngusnguyo", "type": "Conversation", "language": "鄒語, Tsou, Tfya", "speaker": "", "collected": "2004-10-10", "revised": "2013-11-18", "video": "None"}, "file": "Tsou_Tfya/None-1.txt", "num": 84}], [85, {"ori": [], "gloss": [["..", "", ""], ["G:", "", ""], ["i'o==,_", "NOM", "主格"]], "free": [], "s_end": false, "iu_a_span": [null, null], "meta": {"topic": "Sngusnguyo", "type": "Conversation", "language": "鄒語, Tsou, Tfya", "speaker": "", "collected": "2004-10-10", "revised": "2013-11-18", "video": "None"}, "file": "Tsou_Tfya/None-1.txt", "num": 85}], [86, {"ori": [], "gloss": [["...", "", ""], ["panto", "EXIST", "存在"], ["<Xpanto", "EXIST", "存在"], ["la", "HAB", "習慣"], ["eaincaX>", "say.PF", "說.受焦"], ["hipongana._", "PN", "地名"]], "free": ["#e There is a place called Hipongana.", "#c 有一個叫做hipongana的地方。"], "s_end": true, "iu_a_span": [null, null], "meta": {"topic": "Sngusnguyo", "type": "Conversation", "language": "鄒語, Tsou, Tfya", "speaker": "", "collected": "2004-10-10", "revised": "2013-11-18", "video": "None"}, "file": "Tsou_Tfya/None-1.txt", "num": 86}], [87, {"ori": [], "gloss": [["...", "", ""], ["Y:", "", ""], ["hipongana", "PN", "PN"], ["o'a", "NEG", "否定"], ["no", "FIL", "FIL"], ["eni.\\", "this", "這個"]], "free": [], "s_end": false, "iu_a_span": [null, null], "meta": {"topic": "Sngusnguyo", "type": "Conversation", "language": "鄒語, Tsou, Tfya", "speaker": "", "collected": "2004-10-10", "revised": "2013-11-18", "video": "None"}, "file": "Tsou_Tfya/None-1.txt", "num": 87}], [88, {"ori": [], "gloss": [["..", "", ""], ["eni", "this", "這個"], ["'o", "NOM", "主格"], ["la", "HAB", "習慣"], ["enca", "say.PF", "說.受焦"], ["hipongana?/", "PN", "地名"]], "free": ["#e Hipongana. Isn't the so-called Hipongana this place?", "#c Hipongana。稱為hipongana的地方不是這裡嗎？"], "s_end": true, "iu_a_span": [null, null], "meta": {"topic": "Sngusnguyo", "type": "Conversation", "language": "鄒語, Tsou, Tfya", "speaker": "", "collected": "2004-10-10", "revised": "2013-11-18", "video": "None"}, "file": "Tsou_Tfya/None-1.txt", "num": 88}], [89, {"ori": [], "gloss": [["...(2.1)", "", ""], ["M:", "", ""], ["zou--", "DM", "DM"], ["zou", "DM", "DM"], ["'o", "NOM", "主格"], ["i-he", "AUX.NAF-3PL.GEN", "助動詞.非主焦-3PL.屬格"], ["yon-i", "stay-LF", "在-處焦"], ["to==,_", "OBL", "斜格"]], "free": [], "s_end": false, "iu_a_span": [null, null], "meta": {"topic": "Sngusnguyo", "type": "Conversation", "language": "鄒語, Tsou, Tfya", "speaker": "", "collected": "2004-10-10", "revised": "2013-11-18", "video": "None"}, "file": "Tsou_Tfya/None-1.txt", "num": 89}], [90, {"ori": [], "gloss": [["...", "", ""], ["nia", "past", "過去"], ["noliuki", "PN", "人名"], ["na==,_", "NOM", "主格"]], "free": [], "s_end": false, "iu_a_span": [null, null], "meta": {"topic": "Sngusnguyo", "type": "Conversation", "language": "鄒語, Tsou, Tfya", "speaker": "", "collected": "2004-10-10", "revised": "2013-11-18", "video": "None"}, "file": "Tsou_Tfya/None-1.txt", "num": 90}], [91, {"ori": [], "gloss": [["..", "", ""], ["atuhcu", "main.AF", "主要.主焦"], ["hoci", "if", "如果"], ["o'te", "NEG", "否定"], ["na", "NOM", "主格"], ["i-si", "AUX.NAF-3SG.GEN", "助動詞.非主焦-3SG.屬格"], ["enca", "say.PF", "說.受焦"], ["hipongana.\\", "PN", "地名"]], "free": ["#e (The main area located where) the late Noliuki lived, or perhaps (the place) called Hipongana.", "#c 主要的地方是已故的noliuki那邊，或是...那個稱為Hipongana的。"], "s_end": true, "iu_a_span": [null, null], "meta": {"topic": "Sngusnguyo", "type": "Conversation", "language": "鄒語, Tsou, Tfya", "speaker": "", "collected": "2004-10-10", "revised": "2013-11-18", "video": "None"}, "file": "Tsou_Tfya/None-1.txt", "num": 91}], [92, {"ori": [], "gloss": [["...", "", ""], ["G:", "", ""], ["mais'a", "like.this.AF", "像這樣.主焦"], ["ic'o", "that/there", "那個/那裡"], ["na", "NOM", "主格"], ["i-si", "AUX.NAF-3SG.GEN", "助動詞.非主焦-3SG.屬格"], ["atuhca", "main.PF", "主要.受焦"], ["eainca", "say.PF", "說.受焦"], ["hipongana._", "PN", "地名"]], "free": ["#e It seems to be the main area called Hipongana.", "#c 好像是那個主要稱作hipongana的地方。"], "s_end": true, "iu_a_span": [null, null], "meta": {"topic": "Sngusnguyo", "type": "Conversation", "language": "鄒語, Tsou, Tfya", "speaker": "", "collected": "2004-10-10", "revised": "2013-11-18", "video": "None"}, "file": "Tsou_Tfya/None-1.txt", "num": 92}], [93, {"ori": [], "gloss": [["...", "", ""], ["M:", "", ""], ["ohN.\\", "DM", "DM"]], "free": [], "s_end": false, "iu_a_span": [null, null], "meta": {"topic": "Sngusnguyo", "type": "Conversation", "language": "鄒語, Tsou, Tfya", "speaker": "", "collected": "2004-10-10", "revised": "2013-11-18", "video": "None"}, "file": "Tsou_Tfya/None-1.txt", "num": 93}], [94, {"ori": [], "gloss": [["...", "", ""], ["G:", "", ""], ["moso", "AUX.AF", "助動詞.主焦"], ["la", "HAB", "習慣"], ["yon", "stay.AF", "在.主焦"], ["to", "OBL", "斜格"], ["ic'o", "that/there", "那個/那裡"], ["na", "Nom", "主格"], ["nia", "past", "過去"], ["<L2MLao-JiaML2>", "old.house", "老家"], ["to", "OBL", "斜格"], ["noliuki?\\", "PN", "人名"]], "free": ["#e Noliuki's old house was located there.", "#c Noliuki的老家以前是在那裡。"], "s_end": true, "iu_a_span": [null, null], "meta": {"topic": "Sngusnguyo", "type": "Conversation", "language": "鄒語, Tsou, Tfya", "speaker": "", "collected": "2004-10-10", "revised": "2013-11-18", "video": "None"}, "file": "Tsou_Tfya/None-1.txt", "num": 94}], [95, {"ori": [], "gloss": [["...", "", ""], ["M:", "", ""], ["hoN==.\\", "DM", "DM"]], "free": [], "s_end": false, "iu_a_span": [null, null], "meta": {"topic": "Sngusnguyo", "type": "Conversation", "language": "鄒語, Tsou, Tfya", "speaker": "", "collected": "2004-10-10", "revised": "2013-11-18", "video": "None"}, "file": "Tsou_Tfya/None-1.txt", "num": 95}], [96, {"ori": [], "gloss": [["...(0.8)", "", ""], ["'ia", "EVI", "知識詞"], ["moso", "AUX.AF", "助動詞.主焦"], ["la", "HAB", "習慣"], ["yon", "stay.AF", "在.主焦"], ["to", "OBL", "斜格"], ["ic'o.\\", "that;there", "那個;那裡"]], "free": ["#e Oh, yes, it is there.", "#c 喔，是在那邊喔。"], "s_end": true, "iu_a_span": [null, null], "meta": {"topic": "Sngusnguyo", "type": "Conversation", "language": "鄒語, Tsou, Tfya", "speaker": "", "collected": "2004-10-10", "revised": "2013-11-18", "video": "None"}, "file": "Tsou_Tfya/None-1.txt", "num": 96}], [97, {"ori": [], "gloss": [["...", "", ""], ["G:", "", ""], ["'a", "EVI", "知識詞"], ["oho", "AUX.NAF", "助動詞.非主焦"], ["c'o", "only", "只有"], ["la", "HAB", "習慣"], ["eno", "FIL", "FIL"], ["enca,_", "say.PF", "說.受焦"]], "free": [], "s_end": false, "iu_a_span": [null, null], "meta": {"topic": "Sngusnguyo", "type": "Conversation", "language": "鄒語, Tsou, Tfya", "speaker": "", "collected": "2004-10-10", "revised": "2013-11-18", "video": "None"}, "file": "Tsou_Tfya/None-1.txt", "num": 97}], [98, {"ori": [], "gloss": [["..", "", ""], ["voehipongana", "PN", "人名"], ["'o", "NOM", "主格"], ["nia==,\\", "past", "過去"]], "free": [], "s_end": false, "iu_a_span": [null, null], "meta": {"topic": "Sngusnguyo", "type": "Conversation", "language": "鄒語, Tsou, Tfya", "speaker": "", "collected": "2004-10-10", "revised": "2013-11-18", "video": "None"}, "file": "Tsou_Tfya/None-1.txt", "num": 98}], [99, {"ori": [], "gloss": [["..", "", ""], ["amo-voyu.\\", "uncle-PN", "叔-PN"]], "free": ["#e Amo Voyu, who died, called it Voehipongana.", "#c 那個已故的 amo voyu以前就是直接稱它voehipongana。", "#n (amovoyu是指說話者本身的稱呼, 是noliuki的爸爸)"], "s_end": true, "iu_a_span": [null, null], "meta": {"topic": "Sngusnguyo", "type": "Conversation", "language": "鄒語, Tsou, Tfya", "speaker": "", "collected": "2004-10-10", "revised": "2013-11-18", "video": "None"}, "file": "Tsou_Tfya/None-1.txt", "num": 99}]], "meta": {"topic": "Sngusnguyo", "type": "Conversation", "language": "鄒語, Tsou, Tfya", "speaker": "", "collected": "2004-10-10", "revised": "2013-11-18", "video": "None"}}