{"glosses": [[1, {"ori": [], "gloss": [["T:", "", ""], ["eh,_", "FIL", "FIL"]], "free": [], "s_end": false, "iu_a_span": [20.27, 20.45], "meta": {"topic": "Informants", "type": "Conversation", "language": "鄒語, Tsou, Tfya", "speaker": "汪明輝, None, male, None", "collected": "None", "revised": "2014-5-1", "video": "TsouConv-informants.mp3"}, "file": "Tsou_Tfya/TsouConv-informants", "num": 1}], [2, {"ori": [], "gloss": [["...", "", ""], ["'ua", "FIL", "FIL"], ["ci", "EVI", "知識詞"], ["la", "EVI", "知識詞"], ["c'o==,_", "AUX.HAB", "助動詞.習慣"]], "free": [], "s_end": false, "iu_a_span": [21.0, 22.02], "meta": {"topic": "Informants", "type": "Conversation", "language": "鄒語, Tsou, Tfya", "speaker": "汪明輝, None, male, None", "collected": "None", "revised": "2014-5-1", "video": "TsouConv-informants.mp3"}, "file": "Tsou_Tfya/TsouConv-informants", "num": 2}], [3, {"ori": [], "gloss": [["..", "", ""], ["mako", "at.least.AF", "至少.主焦"], ["miski", "stay.overnight.AF", "過夜.主焦"], ["ho", "when", "當"], ["la-ko", "AUX.HAB-2SG.NOM", "助動詞.習慣-2SG.主格"], ["ah^tu==", "ever.AF", "曾經.主焦"], ["emo-emo'unu", "RED-walk.around.AF", "重疊-走走.主焦"], ["tan'e.\\", "here", "這裡"]], "free": ["#e When you come here, I hope that you can at least stay overnight at times.", "#c 你來這裡，至少也在這裡過一夜。", "#n T 和M 是親戚，M 經常來台北出差，T的意思是既然常來，怎麼樣也至少去他家坐坐。"], "s_end": true, "iu_a_span": [22.16, 24.68], "meta": {"topic": "Informants", "type": "Conversation", "language": "鄒語, Tsou, Tfya", "speaker": "汪明輝, None, male, None", "collected": "None", "revised": "2014-5-1", "video": "TsouConv-informants.mp3"}, "s_a_span": [20.27, 24.68], "file": "Tsou_Tfya/TsouConv-informants", "num": 3}], [4, {"ori": [], "gloss": [["...(0.9)", "", ""], ["M:", "", ""], ["'so", "because", "因為"], ["aavaho", "moreover.AF", "還有.主焦"], ["man'i", "many.AF", "多"], ["ci", "REL", "關係詞"], ["hioa,_", "work", "工作"]], "free": [], "s_end": false, "iu_a_span": [25.66, 27.3], "meta": {"topic": "Informants", "type": "Conversation", "language": "鄒語, Tsou, Tfya", "speaker": "汪明輝, None, male, None", "collected": "None", "revised": "2014-5-1", "video": "TsouConv-informants.mp3"}, "file": "Tsou_Tfya/TsouConv-informants", "num": 4}], [5, {"ori": [], "gloss": [["..", "", ""], ["a'a", "NEG", "否定"], ["s'a", "NEG", "否訂"], ["ahtu", "ever.AF", "曾經.主焦"], ["meelʉ==,_", "be.able.to.AF", "能.主焦"]], "free": [], "s_end": false, "iu_a_span": [27.46, 28.86], "meta": {"topic": "Informants", "type": "Conversation", "language": "鄒語, Tsou, Tfya", "speaker": "汪明輝, None, male, None", "collected": "None", "revised": "2014-5-1", "video": "TsouConv-informants.mp3"}, "file": "Tsou_Tfya/TsouConv-informants", "num": 5}], [6, {"ori": [], "gloss": [["...(0.9)", "", ""], ["uh", "FIL", "FIL"], ["mai", "like.AF", "像.主焦"], ["no", "OBL", "斜格"], ["nte", "AUX.HYP", "助動詞.假設"], ["to'tohʉngʉ", "think.AF", "想.主焦"], ["ho,_", "COMP", "補語詞"]], "free": [], "s_end": false, "iu_a_span": [29.84, 31.51], "meta": {"topic": "Informants", "type": "Conversation", "language": "鄒語, Tsou, Tfya", "speaker": "汪明輝, None, male, None", "collected": "None", "revised": "2014-5-1", "video": "TsouConv-informants.mp3"}, "file": "Tsou_Tfya/TsouConv-informants", "num": 6}], [7, {"ori": [], "gloss": [["...", "", ""], ["'so==,_", "because", "因為"]], "free": [], "s_end": false, "iu_a_span": [31.85, 32.66], "meta": {"topic": "Informants", "type": "Conversation", "language": "鄒語, Tsou, Tfya", "speaker": "汪明輝, None, male, None", "collected": "None", "revised": "2014-5-1", "video": "TsouConv-informants.mp3"}, "file": "Tsou_Tfya/TsouConv-informants", "num": 7}], [8, {"ori": [], "gloss": [["..", "", ""], ["ah==", "FIL", "FIL"], ["man'i", "many.AF", "許多.主焦"], ["ci", "REL", "關係詞"], ["hioa", "work", "工作"], ["ne==,_", "OBL", "斜格"]], "free": [], "s_end": false, "iu_a_span": [33.08, 34.73], "meta": {"topic": "Informants", "type": "Conversation", "language": "鄒語, Tsou, Tfya", "speaker": "汪明輝, None, male, None", "collected": "None", "revised": "2014-5-1", "video": "TsouConv-informants.mp3"}, "file": "Tsou_Tfya/TsouConv-informants", "num": 8}], [9, {"ori": [], "gloss": [["..", "", ""], ["tapangʉ.\\", "PN", "PN"]], "free": ["#e Moreover, so much work... I cannot do so as I wish; so much work in TapangU.", "#c 而且有很多工作...我不能照我想的...達邦有很多工作。"], "s_end": true, "iu_a_span": [34.96, 35.54], "meta": {"topic": "Informants", "type": "Conversation", "language": "鄒語, Tsou, Tfya", "speaker": "汪明輝, None, male, None", "collected": "None", "revised": "2014-5-1", "video": "TsouConv-informants.mp3"}, "s_a_span": [25.66, 35.54], "file": "Tsou_Tfya/TsouConv-informants", "num": 9}], [10, {"ori": [], "gloss": [["..(1.1)", "", ""], ["'a", "EVI", "知識詞"], ["te", "AUX.FUT", "助動詞.未來"], ["la", "HAB", "習慣"], ["eno", "FIL", "FIL"], ["aiti", "see.LV", "看.處焦"], ["hoci", "if", "如果"], ["la==,_", "AUX.HAB", "助動詞.習慣"]], "free": [], "s_end": false, "iu_a_span": [36.73, 37.82], "meta": {"topic": "Informants", "type": "Conversation", "language": "鄒語, Tsou, Tfya", "speaker": "汪明輝, None, male, None", "collected": "None", "revised": "2014-5-1", "video": "TsouConv-informants.mp3"}, "file": "Tsou_Tfya/TsouConv-informants", "num": 10}], [11, {"ori": [], "gloss": [["..", "", ""], ["XXXX", "", ""], ["XX", "", ""], ["XXX._", "", ""]], "free": [], "s_end": false, "iu_a_span": [37.99, 39.52], "meta": {"topic": "Informants", "type": "Conversation", "language": "鄒語, Tsou, Tfya", "speaker": "汪明輝, None, male, None", "collected": "None", "revised": "2014-5-1", "video": "TsouConv-informants.mp3"}, "file": "Tsou_Tfya/TsouConv-informants", "num": 11}], [12, {"ori": [], "gloss": [["...(1.1)", "", ""], ["ake'i==", "somewhat.AF", "稍微.主焦"], ["ea", "have", "有"], ["<L2JzikangL2J>", "time", "時間"], ["ho,\\", "CONJ", "連接詞"]], "free": [], "s_end": false, "iu_a_span": [40.69, 42.54], "meta": {"topic": "Informants", "type": "Conversation", "language": "鄒語, Tsou, Tfya", "speaker": "汪明輝, None, male, None", "collected": "None", "revised": "2014-5-1", "video": "TsouConv-informants.mp3"}, "file": "Tsou_Tfya/TsouConv-informants", "num": 12}], [13, {"ori": [], "gloss": [["...(0.7)", "", ""], ["te", "AUX.FUT", "助動詞.未來"], ["la", "HAB", "習慣"], ["ahtu", "ever.AF", "曾經.主焦"], ["a'ʉmtʉ", "really.AF", "真的.主焦"], ["miski", "stay.overnight.AF", "過夜.主焦"], ["ho,_", "CONJ", "連接詞"]], "free": [], "s_end": false, "iu_a_span": [43.32, 44.54], "meta": {"topic": "Informants", "type": "Conversation", "language": "鄒語, Tsou, Tfya", "speaker": "汪明輝, None, male, None", "collected": "None", "revised": "2014-5-1", "video": "TsouConv-informants.mp3"}, "file": "Tsou_Tfya/TsouConv-informants", "num": 13}], [14, {"ori": [], "gloss": [["...(1.1)", "", ""], ["na", "FIL", "FIL"], ["iho==,\\", "CONJ", "連接詞"]], "free": [], "s_end": false, "iu_a_span": [45.71, 46.35], "meta": {"topic": "Informants", "type": "Conversation", "language": "鄒語, Tsou, Tfya", "speaker": "汪明輝, None, male, None", "collected": "None", "revised": "2014-5-1", "video": "TsouConv-informants.mp3"}, "file": "Tsou_Tfya/TsouConv-informants", "num": 14}], [15, {"ori": [], "gloss": [["..", "", ""], ["bobaito.\\", "look.around.AF", "看看.主焦"]], "free": ["#e Let's see...if (I) have a little time, (I) can stay overnight and look around (Taipei).", "#c 這個嘛... 如果我有一點時間我就可以過夜在台北到處看看。"], "s_end": true, "iu_a_span": [46.53, 47.26], "meta": {"topic": "Informants", "type": "Conversation", "language": "鄒語, Tsou, Tfya", "speaker": "汪明輝, None, male, None", "collected": "None", "revised": "2014-5-1", "video": "TsouConv-informants.mp3"}, "s_a_span": [36.73, 47.26], "file": "Tsou_Tfya/TsouConv-informants", "num": 15}], [16, {"ori": [], "gloss": [["..", "", ""], ["T:", "", ""], ["'a", "EVI", "知識詞"], ["eno", "FIL", "FIL"], ["'so", "because", "因為"], ["a'ʉmtʉ,_", "really.AF", "真的.主焦"]], "free": [], "s_end": false, "iu_a_span": [47.35, 48.32], "meta": {"topic": "Informants", "type": "Conversation", "language": "鄒語, Tsou, Tfya", "speaker": "汪明輝, None, male, None", "collected": "None", "revised": "2014-5-1", "video": "TsouConv-informants.mp3"}, "file": "Tsou_Tfya/TsouConv-informants", "num": 16}], [17, {"ori": [], "gloss": [["..", "", ""], ["mako", "at.least.AF", "至少.主焦"], ["ahtu==,_", "ever.AF", "曾經.主焦"]], "free": [], "s_end": false, "iu_a_span": [48.59, 49.73], "meta": {"topic": "Informants", "type": "Conversation", "language": "鄒語, Tsou, Tfya", "speaker": "汪明輝, None, male, None", "collected": "None", "revised": "2014-5-1", "video": "TsouConv-informants.mp3"}, "file": "Tsou_Tfya/TsouConv-informants", "num": 17}], [18, {"ori": [], "gloss": [["..", "", ""], ["uh", "go.AF", "去.主焦"], ["ne", "OBL", "斜格"], ["hnou", "home", "家"], ["ho", "CONJ", "連接詞"], ["bo", "eat.AF", "吃.主焦"], ["no", "OBL", "斜格"], ["f'ue./", "yam", "地瓜"]], "free": [], "s_end": false, "iu_a_span": [50.13, 51.58], "meta": {"topic": "Informants", "type": "Conversation", "language": "鄒語, Tsou, Tfya", "speaker": "汪明輝, None, male, None", "collected": "None", "revised": "2014-5-1", "video": "TsouConv-informants.mp3"}, "file": "Tsou_Tfya/TsouConv-informants", "num": 18}], [20, {"ori": [], "gloss": [["...(3.1)", "", ""], ["M:", "", ""], ["o'te", "NEG", "否定"], ["ahtu", "ever.AF", "曾經.主焦"], ["buhmohmo", "see.and.surprise.AF", "看且驚訝.主焦"], ["ta", "OBL", "斜格"], ["i-si", "AUX.NAF-3SG.GEN", "助動詞.非主焦-3SG.屬格"], ["eainca", "say.PF", "說.受焦"], ["eatataipahu", "people.in.Taipei", "在台北的人"], ["ho", "when", "當"], ["la,_", "HAB", "助動詞.習慣"]], "free": [], "s_end": false, "iu_a_span": [54.69, 57.73], "meta": {"topic": "Informants", "type": "Conversation", "language": "鄒語, Tsou, Tfya", "speaker": "汪明輝, None, male, None", "collected": "None", "revised": "2014-5-1", "video": "TsouConv-informants.mp3"}, "file": "Tsou_Tfya/TsouConv-informants", "num": 20}], [21, {"ori": [], "gloss": [["..", "", ""], ["noa,_", "NOA", "NOA"]], "free": [], "s_end": false, "iu_a_span": [57.91, 58.22], "meta": {"topic": "Informants", "type": "Conversation", "language": "鄒語, Tsou, Tfya", "speaker": "汪明輝, None, male, None", "collected": "None", "revised": "2014-5-1", "video": "TsouConv-informants.mp3"}, "file": "Tsou_Tfya/TsouConv-informants", "num": 21}], [22, {"ori": [], "gloss": [["...", "", ""], ["es-'esmi", "NOA", "NOA"], ["na", "RED-arrive.AF", "重疊-到達.主焦"], ["ita", "FIL", "FIL"], ["tan'e.\\", "OBL", "斜格"]], "free": ["#e When I arrive here, I feel surprised at people in Taipei.", "#c 當我來到這裡，台北的人讓我很驚訝。", "#n eatatapihu '在台北的人'是定型化片語名詞，構詞為 ea-ta-taipahu 在-斜格-台北"], "s_end": true, "iu_a_span": [58.74, 60.0], "meta": {"topic": "Informants", "type": "Conversation", "language": "鄒語, Tsou, Tfya", "speaker": "汪明輝, None, male, None", "collected": "None", "revised": "2014-5-1", "video": "TsouConv-informants.mp3"}, "s_a_span": [47.35, 60.0], "file": "Tsou_Tfya/TsouConv-informants", "num": 22}], [23, {"ori": [], "gloss": [["..", "", ""], ["T:", "", ""], ["<X'a", "EVI", "知識詞"], ["eno", "FIL", "FIL"], ["a'ʉmtʉ", "really.AF", "真的.主焦"], ["botngonUX>", "many.AF", "許多.主焦"], ["'e", "NOM", "主格"], ["eatatiskova", "men", "人"], ["tan'evo.\\", "here", "這裡"]], "free": ["#e Right. There are many people here.", "#c 對，這裡真的有很多人。"], "s_end": true, "iu_a_span": [60.15, 62.71], "meta": {"topic": "Informants", "type": "Conversation", "language": "鄒語, Tsou, Tfya", "speaker": "汪明輝, None, male, None", "collected": "None", "revised": "2014-5-1", "video": "TsouConv-informants.mp3"}, "s_a_span": [60.15, 62.71], "file": "Tsou_Tfya/TsouConv-informants", "num": 23}], [24, {"ori": [], "gloss": [["...(1.2)", "", ""], ["M:", "", ""], ["en--,_", "FS", "FS"]], "free": [], "s_end": false, "iu_a_span": [64.01, 64.52], "meta": {"topic": "Informants", "type": "Conversation", "language": "鄒語, Tsou, Tfya", "speaker": "汪明輝, None, male, None", "collected": "None", "revised": "2014-5-1", "video": "TsouConv-informants.mp3"}, "file": "Tsou_Tfya/TsouConv-informants", "num": 24}], [25, {"ori": [], "gloss": [["...", "", ""], ["ne==", "when", "當"], ["taseona", "morning", "早上"], ["ne", "when", "當"], ["mi-'o", "AUX.AF-1SG.NOM", "助動詞.主焦-1SG.主格"], ["eon", "be.at.AF", "在.主焦"], ["to", "OBL", "斜格"], ["<L2JhikookiL2J>", "airplane", "飛機"], ["a./", "PART", "語助詞"]], "free": ["#e On that morning I took an airplane.", "#c 早上我坐飛機。"], "s_end": true, "iu_a_span": [65.74, 67.76], "meta": {"topic": "Informants", "type": "Conversation", "language": "鄒語, Tsou, Tfya", "speaker": "汪明輝, None, male, None", "collected": "None", "revised": "2014-5-1", "video": "TsouConv-informants.mp3"}, "s_a_span": [64.01, 67.76], "file": "Tsou_Tfya/TsouConv-informants", "num": 25}], [26, {"ori": [], "gloss": [["..", "", ""], ["T:", "", ""], ["a'ʉmtʉ.\\", "really.AF", "真的.主焦"]], "free": ["#e Really?", "#c 真的?"], "s_end": true, "iu_a_span": [68.01, 68.74], "meta": {"topic": "Informants", "type": "Conversation", "language": "鄒語, Tsou, Tfya", "speaker": "汪明輝, None, male, None", "collected": "None", "revised": "2014-5-1", "video": "TsouConv-informants.mp3"}, "s_a_span": [68.01, 68.74], "file": "Tsou_Tfya/TsouConv-informants", "num": 26}], [27, {"ori": [], "gloss": [["...(1.2)", "", ""], ["M:", "", ""], ["e'vono", "though", "雖然"], ["na'no", "very.AF", "很.主焦"], ["sʉfeʉngnʉ,", "early.AF", "早.主焦"], ["aʉmta", "really.PF", "真的"], ["eainca,\\", "say.PF", "說.受焦"]], "free": [], "s_end": false, "iu_a_span": [69.95, 71.87], "meta": {"topic": "Informants", "type": "Conversation", "language": "鄒語, Tsou, Tfya", "speaker": "汪明輝, None, male, None", "collected": "None", "revised": "2014-5-1", "video": "TsouConv-informants.mp3"}, "file": "Tsou_Tfya/TsouConv-informants", "num": 27}], [28, {"ori": [], "gloss": [["...(1.1)", "", ""], ["taunona'vʉ", "amaze.AF", "驚訝.主焦"], ["'o", "NOM", "主格"], ["hia", "how", "如何"], ["botngonʉ", "many.AF", "許多.主焦"], ["XX.\\", "", ""]], "free": ["#e Although I left very early, I felt amazed that there are a lot of people there.", "#c 雖然很早，我很驚訝怎麼那麼多人。"], "s_end": true, "iu_a_span": [73.0, 74.55], "meta": {"topic": "Informants", "type": "Conversation", "language": "鄒語, Tsou, Tfya", "speaker": "汪明輝, None, male, None", "collected": "None", "revised": "2014-5-1", "video": "TsouConv-informants.mp3"}, "s_a_span": [69.95, 74.55], "file": "Tsou_Tfya/TsouConv-informants", "num": 28}], [29, {"ori": [], "gloss": [["..", "", ""], ["mo", "AUX.AF", "助動詞.主焦"], ["nia'te", "almost", "幾乎"], ["sʉngcʉngcʉ", "sit.full.AF", "坐滿.主焦"], ["'o", "NOM", "主焦"], ["mo==,_", "AUX.AF", "助動詞.主焦"]], "free": [], "s_end": false, "iu_a_span": [74.58, 76.91], "meta": {"topic": "Informants", "type": "Conversation", "language": "鄒語, Tsou, Tfya", "speaker": "汪明輝, None, male, None", "collected": "None", "revised": "2014-5-1", "video": "TsouConv-informants.mp3"}, "file": "Tsou_Tfya/TsouConv-informants", "num": 29}], [30, {"ori": [], "gloss": [["...", "", ""], ["na", "FIL", "FIL"], ["i'o==,_", "NOM", "主格"]], "free": [], "s_end": false, "iu_a_span": [77.51, 78.66], "meta": {"topic": "Informants", "type": "Conversation", "language": "鄒語, Tsou, Tfya", "speaker": "汪明輝, None, male, None", "collected": "None", "revised": "2014-5-1", "video": "TsouConv-informants.mp3"}, "file": "Tsou_Tfya/TsouConv-informants", "num": 30}], [31, {"ori": [], "gloss": [["..", "", ""], ["mo", "NOM", "主格"], ["a'ʉmtʉ", "AUX.AF", "助動詞.主焦"], ["na'no", "really.AF", "早.主焦"], ["meoi", "very.AF", "很.主焦"], ["no", "large.AF", "大.主焦"], ["<L2JhikokiL2J>", "OBL", "斜格"], ["ne", "airplane", "飛機"], ["taseona.\\", "OBL", "斜格"]], "free": ["#e The very large airplane on that morning was almost full.", "#c 早上那個很大的飛機幾乎坐滿。"], "s_end": true, "iu_a_span": [78.75, 81.1], "meta": {"topic": "Informants", "type": "Conversation", "language": "鄒語, Tsou, Tfya", "speaker": "汪明輝, None, male, None", "collected": "None", "revised": "2014-5-1", "video": "TsouConv-informants.mp3"}, "s_a_span": [74.58, 81.1], "file": "Tsou_Tfya/TsouConv-informants", "num": 31}], [32, {"ori": [], "gloss": [["..", "", ""], ["T:", "", ""], ["uhm.\\", "DM", "DM"]], "free": [], "s_end": false, "iu_a_span": [81.36, 81.66], "meta": {"topic": "Informants", "type": "Conversation", "language": "鄒語, Tsou, Tfya", "speaker": "汪明輝, None, male, None", "collected": "None", "revised": "2014-5-1", "video": "TsouConv-informants.mp3"}, "file": "Tsou_Tfya/TsouConv-informants", "num": 32}], [33, {"ori": [], "gloss": [["..", "", ""], ["'a", "EVI", "知識詞"], ["i-si", "AUX.NAF-3SG.GEN", "助動詞.非主焦-3SG.屬格"], ["no", "FIL", "FIL"], ["eainca", "say.PF", "說.受焦"], ["to", "OBL", "斜格"], ["<L2JsenseiL2J>", "teacher", "老師"], ["mainci,_", "why", "為何"]], "free": [], "s_end": false, "iu_a_span": [81.96, 83.77], "meta": {"topic": "Informants", "type": "Conversation", "language": "鄒語, Tsou, Tfya", "speaker": "汪明輝, None, male, None", "collected": "None", "revised": "2014-5-1", "video": "TsouConv-informants.mp3"}, "file": "Tsou_Tfya/TsouConv-informants", "num": 33}], [34, {"ori": [], "gloss": [["..", "", ""], ["mais'a", "Like.this", "像這樣"], ["mo", "AUX.AF", "助動詞.主焦"], ["na'no", "very.AF", "很.主焦"], ["botngonʉ", "many.AF", "多.主焦"], ["'e", "NOM", "主格"], ["mo==,_", "AUX.AF", "助動詞.主焦"]], "free": [], "s_end": false, "iu_a_span": [83.86, 85.9], "meta": {"topic": "Informants", "type": "Conversation", "language": "鄒語, Tsou, Tfya", "speaker": "汪明輝, None, male, None", "collected": "None", "revised": "2014-5-1", "video": "TsouConv-informants.mp3"}, "file": "Tsou_Tfya/TsouConv-informants", "num": 34}], [35, {"ori": [], "gloss": [["..", "", ""], ["na", "FIL", "FIL"], ["i'e", "NOM", "主格"], ["mo", "AUX.AF", "助動詞.主焦"], ["smopaeo", "to.be.sit/ride.on.AF", "乘/坐.主焦"], ["ta", "OBL", "斜格"], ["<L2JhikokiL2J>", "airplane", "飛機"], ["maitan'e.\\", "today", "今天"]], "free": ["#e The teacher said it seems that there're quite a lot of people on the airplane today.", "#c 台大的教授說今天的飛機似乎人很多。", "#n Teacher here refers to a professor at NTU."], "s_end": true, "iu_a_span": [86.29, 88.31], "meta": {"topic": "Informants", "type": "Conversation", "language": "鄒語, Tsou, Tfya", "speaker": "汪明輝, None, male, None", "collected": "None", "revised": "2014-5-1", "video": "TsouConv-informants.mp3"}, "s_a_span": [81.36, 88.31], "file": "Tsou_Tfya/TsouConv-informants", "num": 35}], [36, {"ori": [], "gloss": [["...", "", ""], ["'a", "EVI", "知識詞"], ["os-'o", "AUX.NAF-1SG.GEN", "助動詞.非主焦-1SG.屬格"], ["eno", "FIL", "FIL"], ["eainca", "say.PF", "說.受焦"], ["mo", "AUX.AF", "助動詞.主焦"], ["eno", "FIL", "FIL"], ["a'ʉmtʉ--", "really.AF", "真的.主焦"], ["'a", "EVI", "知識詞"], ["mo,\\", "AUX.AF", "助動詞.主焦"]], "free": ["#e I also said, this is really...", "#c 我也說,這個真的是..."], "s_end": true, "iu_a_span": [88.76, 90.48], "meta": {"topic": "Informants", "type": "Conversation", "language": "鄒語, Tsou, Tfya", "speaker": "汪明輝, None, male, None", "collected": "None", "revised": "2014-5-1", "video": "TsouConv-informants.mp3"}, "s_a_span": [88.76, 90.48], "file": "Tsou_Tfya/TsouConv-informants", "num": 36}], [37, {"ori": [], "gloss": [["...(0.8)", "", ""], ["ne==", "when", "當"], ["mo-'u", "AUX.AF-1SG.NOM", "助動詞.主焦=1SG.主格"], ["la", "HAB", "習慣"], ["aueu", "before", "之前"], ["uh", "go.AF", "去.主焦"], ["tan'e.", "here", "這裡"], ["a'a", "NEG", "否定"], ["moso", "AUX.AF", "助動詞.主焦"], ["s'a", "NEG", "否定"], ["maica", "like.this.AF", "像這樣.主焦"], ["hia", "how", "如何"], ["botngonʉ.\\", "many.AF", "多.主焦"]], "free": ["#e When I came here last time, there were not so many like this.", "#c 我上次來這裡沒有這麼多人。"], "s_end": true, "iu_a_span": [91.34, 94.61], "meta": {"topic": "Informants", "type": "Conversation", "language": "鄒語, Tsou, Tfya", "speaker": "汪明輝, None, male, None", "collected": "None", "revised": "2014-5-1", "video": "TsouConv-informants.mp3"}, "s_a_span": [91.34, 94.61], "file": "Tsou_Tfya/TsouConv-informants", "num": 37}], [38, {"ori": [], "gloss": [["...(1.9)", "", ""], ["T:", "", ""], ["abohtʉ", "fortunately.AF", "幸運.主焦"], ["<Xea==-eusuhngiX>.\\", "have-seat", "有-位置"]], "free": ["#e Fortunately, (you) got a seat.", "#c 很幸運,有位置。"], "s_end": true, "iu_a_span": [96.56, 98.27], "meta": {"topic": "Informants", "type": "Conversation", "language": "鄒語, Tsou, Tfya", "speaker": "汪明輝, None, male, None", "collected": "None", "revised": "2014-5-1", "video": "TsouConv-informants.mp3"}, "s_a_span": [96.56, 98.27], "file": "Tsou_Tfya/TsouConv-informants", "num": 38}], [39, {"ori": [], "gloss": [["...(0.7)", "", ""], ["M:", "", ""], ["ah==,\\", "FIL", "FIL"]], "free": [], "s_end": false, "iu_a_span": [99.02, 99.76], "meta": {"topic": "Informants", "type": "Conversation", "language": "鄒語, Tsou, Tfya", "speaker": "汪明輝, None, male, None", "collected": "None", "revised": "2014-5-1", "video": "TsouConv-informants.mp3"}, "file": "Tsou_Tfya/TsouConv-informants", "num": 39}], [40, {"ori": [], "gloss": [["..", "", ""], ["i-si", "AUX.NAF-3SG.GEN", "助動詞.非主焦-3SG.屬格"], ["no", "FIL", "FIL"], ["XX", "", ""], ["aeoca==,_", "in.advance", "事先"]], "free": [], "s_end": false, "iu_a_span": [100.01, 101.9], "meta": {"topic": "Informants", "type": "Conversation", "language": "鄒語, Tsou, Tfya", "speaker": "汪明輝, None, male, None", "collected": "None", "revised": "2014-5-1", "video": "TsouConv-informants.mp3"}, "file": "Tsou_Tfya/TsouConv-informants", "num": 40}], [41, {"ori": [], "gloss": [["..", "", ""], ["T:", "", ""], ["ah.\\", "DM", "DM"]], "free": [], "s_end": false, "iu_a_span": [101.96, 102.33], "meta": {"topic": "Informants", "type": "Conversation", "language": "鄒語, Tsou, Tfya", "speaker": "汪明輝, None, male, None", "collected": "None", "revised": "2014-5-1", "video": "TsouConv-informants.mp3"}, "file": "Tsou_Tfya/TsouConv-informants", "num": 41}], [42, {"ori": [], "gloss": [["..", "", ""], ["M:", "", ""], ["ah==", "FIL", "FIL"], ["zou==", "yes", "對"], ["'asvʉta", "reserve.PF", "預定.受焦"], ["na", "FIL", "FIL"], ["i'o", "NOM", "主格"], ["te-'o", "AUX.FUT-1SG.NOM", "助動詞.未來-1SG.主格"], ["eusuhngi", "seat.AF", "座位"], ["ta==,_", "OBL", "斜格"]], "free": [], "s_end": false, "iu_a_span": [102.67, 106.7], "meta": {"topic": "Informants", "type": "Conversation", "language": "鄒語, Tsou, Tfya", "speaker": "汪明輝, None, male, None", "collected": "None", "revised": "2014-5-1", "video": "TsouConv-informants.mp3"}, "file": "Tsou_Tfya/TsouConv-informants", "num": 42}], [43, {"ori": [], "gloss": [["...", "", ""], ["XX", "", ""], ["ta==,_", "OBL", "斜格"]], "free": [], "s_end": false, "iu_a_span": [106.88, 107.61], "meta": {"topic": "Informants", "type": "Conversation", "language": "鄒語, Tsou, Tfya", "speaker": "汪明輝, None, male, None", "collected": "None", "revised": "2014-5-1", "video": "TsouConv-informants.mp3"}, "file": "Tsou_Tfya/TsouConv-informants", "num": 43}], [44, {"ori": [], "gloss": [["..", "", ""], ["T:", "", ""], ["eatan'e.\\", "people.here", "這裡的人"]], "free": [], "s_end": false, "iu_a_span": [107.65, 108.28], "meta": {"topic": "Informants", "type": "Conversation", "language": "鄒語, Tsou, Tfya", "speaker": "汪明輝, None, male, None", "collected": "None", "revised": "2014-5-1", "video": "TsouConv-informants.mp3"}, "file": "Tsou_Tfya/TsouConv-informants", "num": 44}], [45, {"ori": [], "gloss": [["..", "", ""], ["M:", "", ""], ["eatan'e.\\", "people.here", "這裡的人"]], "free": ["#e My seat has been reserved in advance by the people here.", "#c 啊...那是事先... 這裡的人是先幫我預定了位置。"], "s_end": true, "iu_a_span": [108.34, 109.15], "meta": {"topic": "Informants", "type": "Conversation", "language": "鄒語, Tsou, Tfya", "speaker": "汪明輝, None, male, None", "collected": "None", "revised": "2014-5-1", "video": "TsouConv-informants.mp3"}, "s_a_span": [99.02, 109.15], "file": "Tsou_Tfya/TsouConv-informants", "num": 45}], [46, {"ori": [], "gloss": [["..", "", ""], ["T:", "", ""], ["mhm.\\", "DM", "DM"]], "free": [], "s_end": false, "iu_a_span": [109.18, 109.69], "meta": {"topic": "Informants", "type": "Conversation", "language": "鄒語, Tsou, Tfya", "speaker": "汪明輝, None, male, None", "collected": "None", "revised": "2014-5-1", "video": "TsouConv-informants.mp3"}, "file": "Tsou_Tfya/TsouConv-informants", "num": 46}], [47, {"ori": [], "gloss": [["..", "", ""], ["M:", "", ""], ["ko'ko", "therefore", "因此"], ["eno==,_", "FIL", "FIL"]], "free": [], "s_end": false, "iu_a_span": [109.97, 110.82], "meta": {"topic": "Informants", "type": "Conversation", "language": "鄒語, Tsou, Tfya", "speaker": "汪明輝, None, male, None", "collected": "None", "revised": "2014-5-1", "video": "TsouConv-informants.mp3"}, "file": "Tsou_Tfya/TsouConv-informants", "num": 47}], [48, {"ori": [], "gloss": [["...(0.7)", "", ""], ["'aa", "NEG", "否定"], ["la", "HAB", "習慣"], ["smoeo", "afraid.AF", "害怕.主焦"], ["no", "OBL", "協格"], ["uk'a", "NEG", "否定"], ["eusuhngi", "seat", "座位"], ["ho", "when", "當"], ["mo==,_", "AUX.AF", "助動詞.主焦"]], "free": [], "s_end": false, "iu_a_span": [111.58, 113.44], "meta": {"topic": "Informants", "type": "Conversation", "language": "鄒語, Tsou, Tfya", "speaker": "汪明輝, None, male, None", "collected": "None", "revised": "2014-5-1", "video": "TsouConv-informants.mp3"}, "file": "Tsou_Tfya/TsouConv-informants", "num": 48}], [49, {"ori": [], "gloss": [["..", "", ""], ["na", "FIL", "FIL"], ["iho", "when", "當"], ["mo,_", "AUX.AF", "助動詞.主焦"]], "free": [], "s_end": false, "iu_a_span": [113.6, 114.29], "meta": {"topic": "Informants", "type": "Conversation", "language": "鄒語, Tsou, Tfya", "speaker": "汪明輝, None, male, None", "collected": "None", "revised": "2014-5-1", "video": "TsouConv-informants.mp3"}, "file": "Tsou_Tfya/TsouConv-informants", "num": 49}], [50, {"ori": [], "gloss": [["...(0.9)", "", ""], ["XX", "", ""], ["XX", "", ""], ["noavovei.\\", "be.back.and.forth.AF", "來回.主焦"]], "free": ["#e Therefore I will not be afraid of being without a seat when I go back and forth.", "#c 因此我來回坐不怕沒有位置。"], "s_end": true, "iu_a_span": [114.59, 116.24], "meta": {"topic": "Informants", "type": "Conversation", "language": "鄒語, Tsou, Tfya", "speaker": "汪明輝, None, male, None", "collected": "None", "revised": "2014-5-1", "video": "TsouConv-informants.mp3"}, "s_a_span": [109.18, 116.24], "file": "Tsou_Tfya/TsouConv-informants", "num": 50}], [51, {"ori": [], "gloss": [["...(0.6)", "", ""], ["'a", "EVI", "知識詞"], ["ta-'u", "AUX.FUT-1SG", "助動詞.未來-1SG"], ["no,\\", "FIL", "FIL"]], "free": [], "s_end": false, "iu_a_span": [116.91, 117.93], "meta": {"topic": "Informants", "type": "Conversation", "language": "鄒語, Tsou, Tfya", "speaker": "汪明輝, None, male, None", "collected": "None", "revised": "2014-5-1", "video": "TsouConv-informants.mp3"}, "file": "Tsou_Tfya/TsouConv-informants", "num": 51}], [52, {"ori": ["..", "(CLEAR", "THROAT)"], "gloss": [], "free": [], "s_end": false, "iu_a_span": [118.06, 118.51], "meta": {"topic": "Informants", "type": "Conversation", "language": "鄒語, Tsou, Tfya", "speaker": "汪明輝, None, male, None", "collected": "None", "revised": "2014-5-1", "video": "TsouConv-informants.mp3"}, "file": "Tsou_Tfya/TsouConv-informants", "num": 52}], [53, {"ori": [], "gloss": [["..", "", ""], ["cu", "PFV", "完成"], ["<XeaicaX>,_", "say.PF", "說.受焦"]], "free": ["#n 此IU開頭有 'a isi [EVI AUX.NAF] 應較完整。", "#n 此IU開頭有 'a isi [EVI AUX.NAF] 應較完整。"], "s_end": false, "iu_a_span": [118.56, 119.35], "meta": {"topic": "Informants", "type": "Conversation", "language": "鄒語, Tsou, Tfya", "speaker": "汪明輝, None, male, None", "collected": "None", "revised": "2014-5-1", "video": "TsouConv-informants.mp3"}, "file": "Tsou_Tfya/TsouConv-informants", "num": 53}], [54, {"ori": [], "gloss": [["..", "", ""], ["asvʉta", "reserve.PF", "預約.受焦"], ["na", "FIL", "FIL"], ["i'o==,_", "NOM", "主格"]], "free": [], "s_end": false, "iu_a_span": [119.39, 120.64], "meta": {"topic": "Informants", "type": "Conversation", "language": "鄒語, Tsou, Tfya", "speaker": "汪明輝, None, male, None", "collected": "None", "revised": "2014-5-1", "video": "TsouConv-informants.mp3"}, "file": "Tsou_Tfya/TsouConv-informants", "num": 54}], [55, {"ori": [], "gloss": [["..", "", ""], ["ta-'u", "AUX.FUT-1SG", "助動詞.未來-1SG"], ["eusuhngi", "seat.AF", "座位.主焦"], ["no==,_", "OBL", "斜格"]], "free": [], "s_end": false, "iu_a_span": [120.65, 122.04], "meta": {"topic": "Informants", "type": "Conversation", "language": "鄒語, Tsou, Tfya", "speaker": "汪明輝, None, male, None", "collected": "None", "revised": "2014-5-1", "video": "TsouConv-informants.mp3"}, "file": "Tsou_Tfya/TsouConv-informants", "num": 55}], [56, {"ori": [], "gloss": [["...", "", ""], ["ho", "when", "當"], ["ta-'u", "AUX.FUT-1SG.NOM", "助動詞.未來-1SG.主格"], ["cu", "PFV", "完成貌"], ["maine'e", "go.home.AF", "回家.主焦"], ["ho", "when", "當"], ["eofna.\\", "evening", "晚上"]], "free": ["#e My seat for going home in the evening has already been reserved.", "#c 我晚上回家的位置已經預定了。"], "s_end": true, "iu_a_span": [122.58, 124.06], "meta": {"topic": "Informants", "type": "Conversation", "language": "鄒語, Tsou, Tfya", "speaker": "汪明輝, None, male, None", "collected": "None", "revised": "2014-5-1", "video": "TsouConv-informants.mp3"}, "s_a_span": [116.91, 124.06], "file": "Tsou_Tfya/TsouConv-informants", "num": 56}], [57, {"ori": [], "gloss": [["...(1.4)", "", ""], ["T:", "", ""], ["<Xta", "AUX.FUT", "助動詞.未來"], ["n'a", "PROG", "近行貌"], ["aʉmtaX>", "really.PF", "真的.受焦"], ["XX", "", ""], ["ngoh--,_", "FS", "FS"]], "free": [], "s_end": false, "iu_a_span": [125.49, 126.3], "meta": {"topic": "Informants", "type": "Conversation", "language": "鄒語, Tsou, Tfya", "speaker": "汪明輝, None, male, None", "collected": "None", "revised": "2014-5-1", "video": "TsouConv-informants.mp3"}, "file": "Tsou_Tfya/TsouConv-informants", "num": 57}], [58, {"ori": [], "gloss": [["...", "", ""], ["ngoh-ngoseo,_", "RED-tired.AF", "重疊-累.主焦"]], "free": [], "s_end": false, "iu_a_span": [126.35, 127.28], "meta": {"topic": "Informants", "type": "Conversation", "language": "鄒語, Tsou, Tfya", "speaker": "汪明輝, None, male, None", "collected": "None", "revised": "2014-5-1", "video": "TsouConv-informants.mp3"}, "file": "Tsou_Tfya/TsouConv-informants", "num": 58}], [59, {"ori": [], "gloss": [["..", "", ""], ["ho", "CONJ", "連接詞"], ["mo==,_", "AUX.AF", "助動詞.主焦"]], "free": [], "s_end": false, "iu_a_span": [127.32, 127.83], "meta": {"topic": "Informants", "type": "Conversation", "language": "鄒語, Tsou, Tfya", "speaker": "汪明輝, None, male, None", "collected": "None", "revised": "2014-5-1", "video": "TsouConv-informants.mp3"}, "file": "Tsou_Tfya/TsouConv-informants", "num": 59}], [60, {"ori": [], "gloss": [["..", "", ""], ["maici", "CONJ", "連接詞"], ["eahioa", "AUX.AF", "助動詞.主焦"], ["co--,_", "how", "如何"]], "free": [], "s_end": false, "iu_a_span": [128.03, 129.29], "meta": {"topic": "Informants", "type": "Conversation", "language": "鄒語, Tsou, Tfya", "speaker": "汪明輝, None, male, None", "collected": "None", "revised": "2014-5-1", "video": "TsouConv-informants.mp3"}, "file": "Tsou_Tfya/TsouConv-informants", "num": 60}], [61, {"ori": [], "gloss": [["...", "", ""], ["cono==", "one.主焦", "一.主焦"], ["euovei", "back.主焦", "回去.主焦"], ["[<XcinoX>]._", "XX", "XX"]], "free": [], "s_end": false, "iu_a_span": [129.37, 130.79], "meta": {"topic": "Informants", "type": "Conversation", "language": "鄒語, Tsou, Tfya", "speaker": "汪明輝, None, male, None", "collected": "None", "revised": "2014-5-1", "video": "TsouConv-informants.mp3"}, "file": "Tsou_Tfya/TsouConv-informants", "num": 61}], [62, {"ori": ["M:", "[@@]"], "gloss": [], "free": [], "s_end": false, "iu_a_span": [130.19, 130.81], "meta": {"topic": "Informants", "type": "Conversation", "language": "鄒語, Tsou, Tfya", "speaker": "汪明輝, None, male, None", "collected": "None", "revised": "2014-5-1", "video": "TsouConv-informants.mp3"}, "file": "Tsou_Tfya/TsouConv-informants", "num": 62}], [63, {"ori": [], "gloss": [["..", "", ""], ["T:", "", ""], ["mhm==", "FIL", "FIL"], ["cono", "one", "一"], ["hie.\\", "day", "天"]], "free": ["#e The back and forth in one day is really exhausting.", "#c 一天之內來回真的非常累。"], "s_end": true, "iu_a_span": [131.23, 132.36], "meta": {"topic": "Informants", "type": "Conversation", "language": "鄒語, Tsou, Tfya", "speaker": "汪明輝, None, male, None", "collected": "None", "revised": "2014-5-1", "video": "TsouConv-informants.mp3"}, "s_a_span": [125.49, 132.36], "file": "Tsou_Tfya/TsouConv-informants", "num": 63}], [64, {"ori": [], "gloss": [["...", "", ""], ["M:", "", ""], ["pa'hicocvo", "joke.AF", "開玩笑.主焦"], ["hoci,\\", "if", "如果"]], "free": [], "s_end": false, "iu_a_span": [132.9, 134.19], "meta": {"topic": "Informants", "type": "Conversation", "language": "鄒語, Tsou, Tfya", "speaker": "汪明輝, None, male, None", "collected": "None", "revised": "2014-5-1", "video": "TsouConv-informants.mp3"}, "file": "Tsou_Tfya/TsouConv-informants", "num": 64}], [65, {"ori": [], "gloss": [["...", "", ""], ["eh", "FIL", "FIL"], ["maka", "at.least.PF", "至少.受焦"], ["m==aka", "FS", "FS"], ["peelʉi", "at.least.PF", "至少.受焦"], ["na", "can.PF", "能.受焦"], ["ina==,_", "FIL", "FIL"]], "free": [], "s_end": false, "iu_a_span": [134.88, 137.5], "meta": {"topic": "Informants", "type": "Conversation", "language": "鄒語, Tsou, Tfya", "speaker": "汪明輝, None, male, None", "collected": "None", "revised": "2014-5-1", "video": "TsouConv-informants.mp3"}, "file": "Tsou_Tfya/TsouConv-informants", "num": 65}], [66, {"ori": [], "gloss": [["..", "", ""], ["nai--", "NOM", "主格"], ["na", "NOM", "主格"], ["i-he", "AUX.NAF-3Pl.GEN", "助動詞.非主焦-3PL.屬格"], ["aʉmta", "really.PF", "真的.受焦"], ["'ucia==", "want.PF", "想要.受焦"], ["tuoco-co-si", "ask<RED>.LF", "問<重疊>.處焦"], ["ho", "COMP", "補語"], ["mo==,_", "AUX.AF", "助動詞.主焦"]], "free": [], "s_end": false, "iu_a_span": [137.56, 140.81], "meta": {"topic": "Informants", "type": "Conversation", "language": "鄒語, Tsou, Tfya", "speaker": "汪明輝, None, male, None", "collected": "None", "revised": "2014-5-1", "video": "TsouConv-informants.mp3"}, "file": "Tsou_Tfya/TsouConv-informants", "num": 66}], [67, {"ori": [], "gloss": [["...(1.0)", "", ""], ["mo,_", "AUX.AF", "助動詞.主焦"]], "free": [], "s_end": false, "iu_a_span": [141.86, 142.12], "meta": {"topic": "Informants", "type": "Conversation", "language": "鄒語, Tsou, Tfya", "speaker": "汪明輝, None, male, None", "collected": "None", "revised": "2014-5-1", "video": "TsouConv-informants.mp3"}, "file": "Tsou_Tfya/TsouConv-informants", "num": 67}], [68, {"ori": [], "gloss": [["..", "", ""], ["na", "FIL", "FIL"], ["ita", "NOM", "主格"], ["mo", "AUX.AF", "助動詞.主焦"], ["bua", "speak.AF", "說.主焦"], ["cou.\\", "PN", "PN"]], "free": ["#e If I cannot (answer the question) they really want to ask about Tsou, it will be a joke.", "#c 真是開玩笑如果我不能真的回答他們想問的關於說鄒語的問題。", "#n 這句話是由幾個不完整的據子片段拼湊出的，其語意是參酌整體與上下文推論得出的"], "s_end": true, "iu_a_span": [142.36, 143.52], "meta": {"topic": "Informants", "type": "Conversation", "language": "鄒語, Tsou, Tfya", "speaker": "汪明輝, None, male, None", "collected": "None", "revised": "2014-5-1", "video": "TsouConv-informants.mp3"}, "s_a_span": [132.9, 143.52], "file": "Tsou_Tfya/TsouConv-informants", "num": 68}], [69, {"ori": [], "gloss": [["...", "", ""], ["T:", "", ""], ["eh", "FIL", "FIL"], ["uvo", "go.where.AF", "去哪裡.主焦"], ["honci", "if", "如果"], ["s'a", "NEG", "否定"], ["o'te", "NEG", "否定"], ["peelʉi.\\", "can.LF", "能.處焦"]], "free": [], "s_end": false, "iu_a_span": [144.11, 145.72], "meta": {"topic": "Informants", "type": "Conversation", "language": "鄒語, Tsou, Tfya", "speaker": "汪明輝, None, male, None", "collected": "None", "revised": "2014-5-1", "video": "TsouConv-informants.mp3"}, "file": "Tsou_Tfya/TsouConv-informants", "num": 69}], [70, {"ori": [], "gloss": [["..", "", ""], ["na==", "NOM", "主格"], ["na", "NOM", "主格"], ["su", "2SG", "2SG"], ["na", "NOM", "主格"], ["nte", "AUX.HYP", "助動詞.假設"], ["o'te", "NEG", "否定"], ["meelʉ.\\", "can.AF", "能.主焦"]], "free": [], "s_end": false, "iu_a_span": [145.96, 147.66], "meta": {"topic": "Informants", "type": "Conversation", "language": "鄒語, Tsou, Tfya", "speaker": "汪明輝, None, male, None", "collected": "None", "revised": "2014-5-1", "video": "TsouConv-informants.mp3"}, "file": "Tsou_Tfya/TsouConv-informants", "num": 70}], [71, {"ori": [], "gloss": [["...(0.8)", "", ""], ["ma==", "EVI", "知識詞"], ["sia", "EVI", "知識詞"], ["na", "put.PF", "放.受焦"], ["nte", "NOM", "主格"], ["n'a", "AUX.HYP", "助動詞.假設"], ["ahtu", "PROG", "進行貌"], ["mee[lʉ].\\", "ever.AF", "曾經.主焦"]], "free": [], "s_end": false, "iu_a_span": [148.47, 150.22], "meta": {"topic": "Informants", "type": "Conversation", "language": "鄒語, Tsou, Tfya", "speaker": "汪明輝, None, male, None", "collected": "None", "revised": "2014-5-1", "video": "TsouConv-informants.mp3"}, "file": "Tsou_Tfya/TsouConv-informants", "num": 71}], [72, {"ori": ["[@]@[@]"], "gloss": [], "free": ["#e How could it be possible that you can't? If you cannot (do it well), who else can do it?", "#c 你怎麼有可能不會？如果連你都不行，還有誰能？"], "s_end": true, "iu_a_span": [150.06, 150.72], "meta": {"topic": "Informants", "type": "Conversation", "language": "鄒語, Tsou, Tfya", "speaker": "汪明輝, None, male, None", "collected": "None", "revised": "2014-5-1", "video": "TsouConv-informants.mp3"}, "s_a_span": [144.11, 150.72], "file": "Tsou_Tfya/TsouConv-informants", "num": 72}], [73, {"ori": [], "gloss": [["..", "", ""], ["M:", "", ""], ["[n]anʉhtʉ", "short.AF", "短.主焦"], ["na", "FIL", "FIL"], ["i'o==", "NOM", "主格"], ["os-'o", "AUX.NAF-1SG.GEN", "助動詞.非主焦-1SG.屬格"], ["hia==,\\", "how", "如何"]], "free": [], "s_end": false, "iu_a_span": [150.64, 152.75], "meta": {"topic": "Informants", "type": "Conversation", "language": "鄒語, Tsou, Tfya", "speaker": "汪明輝, None, male, None", "collected": "None", "revised": "2014-5-1", "video": "TsouConv-informants.mp3"}, "file": "Tsou_Tfya/TsouConv-informants", "num": 73}], [74, {"ori": ["..", "hia", "ma'cohioa.\\"], "gloss": [["how", "如何", "但是這裡出現的是ma'cohioa"], ["teach.PF", "教.受焦", "照上下文推論應該是一個受焦動詞"]], "free": ["#e What I teach is short (sentences).", "#c 我教的是短的(句子)。", "#n '教'這個動詞常出現的形是ma'cohio (主焦) pa'cohivi(處焦)(Tung 1964:488)"], "s_end": true, "iu_a_span": [152.97, 154.21], "meta": {"topic": "Informants", "type": "Conversation", "language": "鄒語, Tsou, Tfya", "speaker": "汪明輝, None, male, None", "collected": "None", "revised": "2014-5-1", "video": "TsouConv-informants.mp3"}, "s_a_span": [150.64, 154.21], "file": "Tsou_Tfya/TsouConv-informants", "num": 74}], [75, {"ori": [], "gloss": [["...(0.7)", "", ""], ["maica", "like.this", "像這樣"], ["ho", "COMP", "補語詞"], ["moso==,\\", "AUX.AF", "助動詞.主焦"]], "free": [], "s_end": false, "iu_a_span": [154.98, 156.21], "meta": {"topic": "Informants", "type": "Conversation", "language": "鄒語, Tsou, Tfya", "speaker": "汪明輝, None, male, None", "collected": "None", "revised": "2014-5-1", "video": "TsouConv-informants.mp3"}, "file": "Tsou_Tfya/TsouConv-informants", "num": 75}], [76, {"ori": ["...", "'enepio", "'o", "mo", "tuocosʉ", "mais'a", "mo", "ep'ʉcʉ", "na", "i'o==,_"], "gloss": [["many.people.AF", "許多人.主焦", "主格"], ["NOM", "", ""], ["AUX.AF", "", ""], ["ask.AF", "", ""], ["like.this", "", ""], ["AUX.AF", "", ""], ["complicated.AF", "", ""], ["FIL", "", ""], ["NOM", "", ""]], "free": [], "s_end": false, "iu_a_span": [156.29, 159.63], "meta": {"topic": "Informants", "type": "Conversation", "language": "鄒語, Tsou, Tfya", "speaker": "汪明輝, None, male, None", "collected": "None", "revised": "2014-5-1", "video": "TsouConv-informants.mp3"}, "file": "Tsou_Tfya/TsouConv-informants", "num": 76}], [77, {"ori": [], "gloss": [["...", "", ""], ["na", "FIL", "FIL"], ["i'o", "NOM", "主格"], ["hia", "how", "如何"], ["tuocosʉ", "ask.AF", "問.主焦"], ["ho", "CONJ", "連接詞"], ["mo==,_", "AUX.AF", "助動詞.主焦"]], "free": [], "s_end": false, "iu_a_span": [160.05, 161.85], "meta": {"topic": "Informants", "type": "Conversation", "language": "鄒語, Tsou, Tfya", "speaker": "汪明輝, None, male, None", "collected": "None", "revised": "2014-5-1", "video": "TsouConv-informants.mp3"}, "file": "Tsou_Tfya/TsouConv-informants", "num": 77}], [78, {"ori": [], "gloss": [["..", "", ""], ["alʉ", "still.AF", "一直.主焦"], ["'enepio", "many.people.AF", "許多人.主焦"], ["'o", "NOM", "主格"], ["mo", "AUX.AF", "助動詞.主焦"], ["mai-kuyungu.\\", "like-surround.AF", "像-包圍.主焦"]], "free": ["#e There are many people asking questions. The situation is like this: there are many people surrounding me; what they asked is so complicated.", "#c 有很多人問我問題。他們問的內容很複雜，問的情況就像這樣很多人圍著我。"], "s_end": true, "iu_a_span": [161.92, 163.74], "meta": {"topic": "Informants", "type": "Conversation", "language": "鄒語, Tsou, Tfya", "speaker": "汪明輝, None, male, None", "collected": "None", "revised": "2014-5-1", "video": "TsouConv-informants.mp3"}, "s_a_span": [154.98, 163.74], "file": "Tsou_Tfya/TsouConv-informants", "num": 78}], [79, {"ori": [], "gloss": [["...(1.0)", "", ""], ["eh", "FIL", "FIL"], ["'a", "EVI", "知識詞"], ["os-'o", "AUX.NAF-1SG.GEN", "助動詞.非主焦-1SG.屬格"], ["aothoma", "try.PF", "試.受焦"], ["cohivi", "know.LV", "知道.處焦"], ["na", "FIL", "FIL"], ["'e--,_", "NOM", "主格"]], "free": [], "s_end": false, "iu_a_span": [164.81, 166.58], "meta": {"topic": "Informants", "type": "Conversation", "language": "鄒語, Tsou, Tfya", "speaker": "汪明輝, None, male, None", "collected": "None", "revised": "2014-5-1", "video": "TsouConv-informants.mp3"}, "file": "Tsou_Tfya/TsouConv-informants", "num": 79}], [80, {"ori": [], "gloss": [["...", "", ""], ["uN", "FIL", "FIL"], ["maka", "at.least.PF", "至少.受焦"], ["peelʉi", "can.LV", "能.處焦"], ["aʉmta", "really.PF", "真的.受焦"], ["eainca", "say.PF", "說.受焦"], ["yut'inga", "answer.PF", "說.受焦"], ["na", "FIL", "FIL"], ["ina", "FIL", "FIL"], ["i'o==,_", "NOM", "主格"]], "free": [], "s_end": false, "iu_a_span": [166.71, 169.45], "meta": {"topic": "Informants", "type": "Conversation", "language": "鄒語, Tsou, Tfya", "speaker": "汪明輝, None, male, None", "collected": "None", "revised": "2014-5-1", "video": "TsouConv-informants.mp3"}, "file": "Tsou_Tfya/TsouConv-informants", "num": 80}], [81, {"ori": [], "gloss": [["...", "", ""], ["zou", "EVI", "知識詞"], ["esansana", "clarify.PF", "確定.受焦"], ["na", "NOM", "主格"], ["i-he", "AUX.NAF-3PL.GEN", "助動詞.非主焦-3PL.屬格"], ["aʉmta", "really.PF", "真的.受焦"], ["ucia", "want.PF", "想要.受焦"], ["cohivi.\\", "know.LV", "知道.處焦"]], "free": ["#e I try to understandt, at least I am able to answer, that is to clarify what they really want to know.", "#c 我試著去瞭解，至少我能去回答，也就是弄清楚他們真的想要知道的。"], "s_end": true, "iu_a_span": [169.81, 172.02], "meta": {"topic": "Informants", "type": "Conversation", "language": "鄒語, Tsou, Tfya", "speaker": "汪明輝, None, male, None", "collected": "None", "revised": "2014-5-1", "video": "TsouConv-informants.mp3"}, "s_a_span": [164.81, 172.02], "file": "Tsou_Tfya/TsouConv-informants", "num": 81}], [82, {"ori": [], "gloss": [["...(1.6)", "", ""], ["os-'o", "AUX.NAF-1SG.GEN", "助動詞.非主焦-1SG.屬格"], ["eno", "FIL", "FIL"], ["o'te", "NEG", "否定"], ["pnanfi", "try.best.PF", "盡力.受焦"], ["na", "FIL", "FIL"], ["ina", "NOM", "主格"], ["os-'o", "AUX.NAF-1SG.GEN", "助動詞.非主焦-1SG.屬格"], ["ake'a", "somewhat.PF", "稍微.受焦"], ["cohivi", "know.LF", "知道.處焦"], ["ho==,_", "COMP", "補語詞"]], "free": [], "s_end": false, "iu_a_span": [173.65, 176.03], "meta": {"topic": "Informants", "type": "Conversation", "language": "鄒語, Tsou, Tfya", "speaker": "汪明輝, None, male, None", "collected": "None", "revised": "2014-5-1", "video": "TsouConv-informants.mp3"}, "file": "Tsou_Tfya/TsouConv-informants", "num": 82}], [83, {"ori": [], "gloss": [["...", "", ""], ["zou", "EVI", "知識詞"], ["ho", "CONJ", "連接詞"], ["eʉsvʉta", "tell.PF", "說.受焦"], ["na", "FIL", "FIL"], ["ito,\\", "OBL", "斜格"]], "free": [], "s_end": false, "iu_a_span": [176.53, 177.94], "meta": {"topic": "Informants", "type": "Conversation", "language": "鄒語, Tsou, Tfya", "speaker": "汪明輝, None, male, None", "collected": "None", "revised": "2014-5-1", "video": "TsouConv-informants.mp3"}, "file": "Tsou_Tfya/TsouConv-informants", "num": 83}], [84, {"ori": [], "gloss": [["...", "", ""], ["XX", "", ""], ["i-he", "AUX.NAF-3PL.GEN", "助動詞.非主焦-3PL.屬格"], ["'ucia", "want.PF", "想要.受焦"], ["tuocosi.\\", "ask.LF", "問.處焦"]], "free": ["#e I try my best to answer what they want to ask with my limited knowledge.", "#c 我盡我最大的努力，用我稍微知道的一點知識，去回答他們想問我的。"], "s_end": true, "iu_a_span": [178.01, 179.33], "meta": {"topic": "Informants", "type": "Conversation", "language": "鄒語, Tsou, Tfya", "speaker": "汪明輝, None, male, None", "collected": "None", "revised": "2014-5-1", "video": "TsouConv-informants.mp3"}, "s_a_span": [173.65, 179.33], "file": "Tsou_Tfya/TsouConv-informants", "num": 84}], [85, {"ori": [], "gloss": [["...(0.8)", "", ""], ["T:", "", ""], ["te-hin'i", "AUX.FUT-3PL.GEN", "助動詞.未來-3PL.屬格"], ["s'a", "PART", "語助詞"], ["eno", "FIL", "FIL"], ["o'te", "NEG", "否定"], ["a'ʉmta==,_", "really.PF", "真的.受焦"]], "free": [], "s_end": false, "iu_a_span": [180.17, 182.0], "meta": {"topic": "Informants", "type": "Conversation", "language": "鄒語, Tsou, Tfya", "speaker": "汪明輝, None, male, None", "collected": "None", "revised": "2014-5-1", "video": "TsouConv-informants.mp3"}, "file": "Tsou_Tfya/TsouConv-informants", "num": 85}], [86, {"ori": [], "gloss": [["..", "", ""], ["zou", "EVI", "知識詞"], ["cohivi", "know.LF", "知道.處焦"], ["na--", "FS", "FS"], ["na", "NOM", "主格"], ["i-ko", "AUX.NAF-2SG.GEN", "助動詞.非主焦-2SG.屬格"], ["eʉsvUta.\\", "tell.PF", "說.受焦"]], "free": ["#e They should really understand what you've told them.", "#c 他們應該真的知道你所告訴他們的。"], "s_end": true, "iu_a_span": [182.04, 184.06], "meta": {"topic": "Informants", "type": "Conversation", "language": "鄒語, Tsou, Tfya", "speaker": "汪明輝, None, male, None", "collected": "None", "revised": "2014-5-1", "video": "TsouConv-informants.mp3"}, "s_a_span": [180.17, 184.06], "file": "Tsou_Tfya/TsouConv-informants", "num": 86}], [87, {"ori": [], "gloss": [["...", "", ""], ["ho", "CONJ", "連接詞"], ["XXX,/", "", ""]], "free": [], "s_end": false, "iu_a_span": [184.67, 185.73], "meta": {"topic": "Informants", "type": "Conversation", "language": "鄒語, Tsou, Tfya", "speaker": "汪明輝, None, male, None", "collected": "None", "revised": "2014-5-1", "video": "TsouConv-informants.mp3"}, "file": "Tsou_Tfya/TsouConv-informants", "num": 87}], [88, {"ori": [], "gloss": [["..", "", ""], ["man--", "FS", "FS"], ["na'no,\\", "very.AF", "很.主焦"]], "free": [], "s_end": false, "iu_a_span": [185.8, 186.61], "meta": {"topic": "Informants", "type": "Conversation", "language": "鄒語, Tsou, Tfya", "speaker": "汪明輝, None, male, None", "collected": "None", "revised": "2014-5-1", "video": "TsouConv-informants.mp3"}, "file": "Tsou_Tfya/TsouConv-informants", "num": 88}], [89, {"ori": [], "gloss": [["..", "", ""], ["uhm", "FIL", "FIL"], ["zou", "EVI", "知識詞"], ["man'i", "many.AF", "多.主焦"], ["'o", "NOM", "主格"], ["la-ko", "AUX.HAB-2SG.GEN", "助動詞.習慣-2SG.屬格"], ["co-'cohivi.\\", "RED-know.LF", "重疊-知道.處焦"]], "free": ["#e You know a lot.", "#c 你知道的很多。"], "s_end": true, "iu_a_span": [186.98, 188.64], "meta": {"topic": "Informants", "type": "Conversation", "language": "鄒語, Tsou, Tfya", "speaker": "汪明輝, None, male, None", "collected": "None", "revised": "2014-5-1", "video": "TsouConv-informants.mp3"}, "s_a_span": [184.67, 188.64], "file": "Tsou_Tfya/TsouConv-informants", "num": 89}], [90, {"ori": [], "gloss": [["...(0.7)", "", ""], ["M:", "", ""], ["i^ta", "NOM", "主格"], ["XXX", "", ""], ["mo", "XX", "XX"], ["abohtʉ==,\\", "AUX.AF", "助動詞.主焦"]], "free": [], "s_end": false, "iu_a_span": [189.37, 191.38], "meta": {"topic": "Informants", "type": "Conversation", "language": "鄒語, Tsou, Tfya", "speaker": "汪明輝, None, male, None", "collected": "None", "revised": "2014-5-1", "video": "TsouConv-informants.mp3"}, "file": "Tsou_Tfya/TsouConv-informants", "num": 90}], [91, {"ori": [], "gloss": [["...(1.4)", "", ""], ["i-he", "AUX.NAF-3PL.GEN", "助動詞.非主焦-3PL.屬格"], ["taeoci", "write.in.advance.LF", "事先寫.處焦"], ["'e==,_", "NOM", "主格"]], "free": [], "s_end": false, "iu_a_span": [192.84, 194.48], "meta": {"topic": "Informants", "type": "Conversation", "language": "鄒語, Tsou, Tfya", "speaker": "汪明輝, None, male, None", "collected": "None", "revised": "2014-5-1", "video": "TsouConv-informants.mp3"}, "file": "Tsou_Tfya/TsouConv-informants", "num": 91}], [92, {"ori": [], "gloss": [["..", "", ""], ["i'e", "NOM", "主格"], ["te-he", "AUX.FUT-3PL.GEN", "助動詞.未來-3PL.屬格"], ["tuocosi", "ask.LF", "問.處焦"], ["ko'ko", "therefore", "因此"], ["os-'o", "AUX.NAF-1SG.GEN", "助動詞.非主焦-1SG.屬格"], ["no==,_", "FIL", "FIL"]], "free": [], "s_end": false, "iu_a_span": [194.52, 196.74], "meta": {"topic": "Informants", "type": "Conversation", "language": "鄒語, Tsou, Tfya", "speaker": "汪明輝, None, male, None", "collected": "None", "revised": "2014-5-1", "video": "TsouConv-informants.mp3"}, "file": "Tsou_Tfya/TsouConv-informants", "num": 92}], [93, {"ori": [], "gloss": [["...", "", ""], ["XXX", "", ""], ["hueoci", "XX", "XX"], ["ho,\\", "see.in.advance.LF", "事先看.處焦"]], "free": [], "s_end": false, "iu_a_span": [197.1, 198.52], "meta": {"topic": "Informants", "type": "Conversation", "language": "鄒語, Tsou, Tfya", "speaker": "汪明輝, None, male, None", "collected": "None", "revised": "2014-5-1", "video": "TsouConv-informants.mp3"}, "file": "Tsou_Tfya/TsouConv-informants", "num": 93}], [94, {"ori": [], "gloss": [["...", "", ""], ["na", "FIL", "FIL"], ["iho==,_", "when", "當"]], "free": [], "s_end": false, "iu_a_span": [199.15, 200.13], "meta": {"topic": "Informants", "type": "Conversation", "language": "鄒語, Tsou, Tfya", "speaker": "汪明輝, None, male, None", "collected": "None", "revised": "2014-5-1", "video": "TsouConv-informants.mp3"}, "file": "Tsou_Tfya/TsouConv-informants", "num": 94}], [95, {"ori": [], "gloss": [["...", "", ""], ["na", "FIL", "FIL"], ["iho", "when", "當"], ["te-'o", "AUX.FUT-1SG.NOM", "助動詞.未來-1SG.主格"], ["cu", "PFV", "完成"], ["uh", "go.AF", "去.主焦"], ["tan'e.\\", "here", "這裡"]], "free": ["#e It's lucky that what they want to ask will be written down in advance, therefore, I can see them in advance when I come here.", "#c 很幸運他們要問的都事先寫下來，因此我來這裡的時候可以先看。"], "s_end": true, "iu_a_span": [200.67, 201.84], "meta": {"topic": "Informants", "type": "Conversation", "language": "鄒語, Tsou, Tfya", "speaker": "汪明輝, None, male, None", "collected": "None", "revised": "2014-5-1", "video": "TsouConv-informants.mp3"}, "s_a_span": [189.37, 201.84], "file": "Tsou_Tfya/TsouConv-informants", "num": 95}], [96, {"ori": [], "gloss": [["...(0.9)", "", ""], ["os-'o==,_", "AUX.NAF-1SG.GEN", "助動詞.非主焦-1SG.屬格"]], "free": [], "s_end": false, "iu_a_span": [202.74, 203.66], "meta": {"topic": "Informants", "type": "Conversation", "language": "鄒語, Tsou, Tfya", "speaker": "汪明輝, None, male, None", "collected": "None", "revised": "2014-5-1", "video": "TsouConv-informants.mp3"}, "file": "Tsou_Tfya/TsouConv-informants", "num": 96}], [97, {"ori": [], "gloss": [["..", "", ""], ["eainca", "say.PF", "說.受焦"], ["no", "OBL", "協格"], ["koeu-'u,/", "ear-1SG.GEN", "耳-1SG.屬格"]], "free": [], "s_end": false, "iu_a_span": [203.86, 204.82], "meta": {"topic": "Informants", "type": "Conversation", "language": "鄒語, Tsou, Tfya", "speaker": "汪明輝, None, male, None", "collected": "None", "revised": "2014-5-1", "video": "TsouConv-informants.mp3"}, "file": "Tsou_Tfya/TsouConv-informants", "num": 97}], [98, {"ori": [], "gloss": [["...(0.9)", "", ""], ["nenusi", "maybe", "或許"], ["^no", "OBL", "斜格"], ["os-'o,\\", "AUX.NAF-1SG.GEN", "助動詞.非主焦-1SG.屬格"]], "free": [], "s_end": false, "iu_a_span": [205.74, 206.87], "meta": {"topic": "Informants", "type": "Conversation", "language": "鄒語, Tsou, Tfya", "speaker": "汪明輝, None, male, None", "collected": "None", "revised": "2014-5-1", "video": "TsouConv-informants.mp3"}, "file": "Tsou_Tfya/TsouConv-informants", "num": 98}], [99, {"ori": [], "gloss": [["..", "", ""], ["os'o", "AUX.NAF-1SG.GEN", "助動詞.非主焦-1SG.屬格"], ["peelʉi", "can.LF", "能.處焦"], ["eainca", "say.PF", "說.受焦"], ["eut'ingha", "answer.PF", "回答.受焦"], ["na", "FIL", "FIL"], ["i-he==,_", "AUX.NAF-3PL.GEN", "助動詞.非主焦-3PL.屬格"]], "free": [], "s_end": false, "iu_a_span": [206.89, 209.04], "meta": {"topic": "Informants", "type": "Conversation", "language": "鄒語, Tsou, Tfya", "speaker": "汪明輝, None, male, None", "collected": "None", "revised": "2014-5-1", "video": "TsouConv-informants.mp3"}, "file": "Tsou_Tfya/TsouConv-informants", "num": 99}]], "meta": {"topic": "Informants", "type": "Conversation", "language": "鄒語, Tsou, Tfya", "speaker": "汪明輝, None, male, None", "collected": "None", "revised": "2014-5-1", "video": "TsouConv-informants.mp3"}}