{"glosses": [[1, {"ori": [], "gloss": [["a", "FIL", "FIL"], ["sabau", "hello", "哈囉"], ["makanaelre.\\", "everyone", "大家"]], "free": ["#e Hello everyone.", "#c 大家好。"], "s_end": true, "iu_a_span": [3.28, 4.65], "meta": {"topic": "naming", "type": "Narrative", "language": "魯凱語, Rukai, Budai", "speaker": "杜傳, Taugadhu, male, 1943-10-12", "collected": "2010-01-14", "revised": "None", "video": "RukaiNr-naming_taugadhu.mp3"}, "s_a_span": [3.28, 4.65], "file": "Rukai_Vedai/RukaiNr-naming_taugadhu", "num": 1}], [2, {"ori": [], "gloss": [["kai", "this", "這個"], ["a-pelaela-ne-li,\\", "NMZ-say-NMZ-1SG.GEN", "名物化-說-名物化-1SG.屬格"]], "free": [], "s_end": false, "iu_a_span": [4.65, 8.01], "meta": {"topic": "naming", "type": "Narrative", "language": "魯凱語, Rukai, Budai", "speaker": "杜傳, Taugadhu, male, 1943-10-12", "collected": "2010-01-14", "revised": "None", "video": "RukaiNr-naming_taugadhu.mp3"}, "file": "Rukai_Vedai/RukaiNr-naming_taugadhu", "num": 2}], [3, {"ori": [], "gloss": [["amani", "DM", "DM"], ["kikai,\\", "this", "這個"]], "free": [], "s_end": false, "iu_a_span": [8.01, 9.97], "meta": {"topic": "naming", "type": "Narrative", "language": "魯凱語, Rukai, Budai", "speaker": "杜傳, Taugadhu, male, 1943-10-12", "collected": "2010-01-14", "revised": "None", "video": "RukaiNr-naming_taugadhu.mp3"}, "file": "Rukai_Vedai/RukaiNr-naming_taugadhu", "num": 3}], [4, {"ori": [], "gloss": [["nagane-ta", "name-1IPL.GEN", "名字-1IPL.屬格"], ["ka", "NOM", "主格"], ["ngudradrekai,\\", "PN", "專名"]], "free": ["#e What I’m saying is about our names in Rukai.", "#c 我要講的是有關我們魯凱族的名字。", "#n ngudradrekai是魯凱族。"], "s_end": true, "iu_a_span": [9.97, 11.72], "meta": {"topic": "naming", "type": "Narrative", "language": "魯凱語, Rukai, Budai", "speaker": "杜傳, Taugadhu, male, 1943-10-12", "collected": "2010-01-14", "revised": "None", "video": "RukaiNr-naming_taugadhu.mp3"}, "s_a_span": [4.65, 11.72], "file": "Rukai_Vedai/RukaiNr-naming_taugadhu", "num": 4}], [5, {"ori": [], "gloss": [["eh", "FIL", "FIL"], ["tasu-naga-nagane-ta,\\", "create-RED-name-1IPL.GEN", "創造-重疊-名字-1IPL.屬格"]], "free": [], "s_end": false, "iu_a_span": [11.72, 14.63], "meta": {"topic": "naming", "type": "Narrative", "language": "魯凱語, Rukai, Budai", "speaker": "杜傳, Taugadhu, male, 1943-10-12", "collected": "2010-01-14", "revised": "None", "video": "RukaiNr-naming_taugadhu.mp3"}, "file": "Rukai_Vedai/RukaiNr-naming_taugadhu", "num": 5}], [5, {"ori": [], "gloss": [["eh", "FIL", "FIL"], ["tasu-naga-nagane-ta,\\", "create-RED-name-1IPL.GEN", "創造-重疊-名字-1IPL.屬格"]], "free": [], "s_end": false, "iu_a_span": [11.72, 14.63], "meta": {"topic": "naming", "type": "Narrative", "language": "魯凱語, Rukai, Budai", "speaker": "杜傳, Taugadhu, male, 1943-10-12", "collected": "2010-01-14", "revised": "None", "video": "RukaiNr-naming_taugadhu.mp3"}, "file": "Rukai_Vedai/RukaiNr-naming_taugadhu", "num": 5}], [7, {"ori": [], "gloss": [["kikai", "this", "這個"], ["la-nagane-ta,_", "PL-name-1IPL.GEN", "PL-名字-1IPL.屬格"]], "free": [], "s_end": false, "iu_a_span": [15.56, 17.19], "meta": {"topic": "naming", "type": "Narrative", "language": "魯凱語, Rukai, Budai", "speaker": "杜傳, Taugadhu, male, 1943-10-12", "collected": "2010-01-14", "revised": "None", "video": "RukaiNr-naming_taugadhu.mp3"}, "file": "Rukai_Vedai/RukaiNr-naming_taugadhu", "num": 7}], [8, {"ori": [], "gloss": [["kai", "this", "這個"], ["nagane", "name", "名字"], ["yaie,\\", "DM", "DM"]], "free": [], "s_end": false, "iu_a_span": [17.19, 19.54], "meta": {"topic": "naming", "type": "Narrative", "language": "魯凱語, Rukai, Budai", "speaker": "杜傳, Taugadhu, male, 1943-10-12", "collected": "2010-01-14", "revised": "None", "video": "RukaiNr-naming_taugadhu.mp3"}, "file": "Rukai_Vedai/RukaiNr-naming_taugadhu", "num": 8}], [9, {"ori": [], "gloss": [["kai", "this", "這個"], ["umaumase,_", "human", "人"]], "free": [], "s_end": false, "iu_a_span": [19.54, 22.04], "meta": {"topic": "naming", "type": "Narrative", "language": "魯凱語, Rukai, Budai", "speaker": "杜傳, Taugadhu, male, 1943-10-12", "collected": "2010-01-14", "revised": "None", "video": "RukaiNr-naming_taugadhu.mp3"}, "file": "Rukai_Vedai/RukaiNr-naming_taugadhu", "num": 9}], [10, {"ori": [], "gloss": [["yakai", "EXIST", "存在"], ["ku", "NOM", "主格"], ["nagane-ini,\\", "name-3SG.GEN", "名字-3SG.屬格"]], "free": [], "s_end": false, "iu_a_span": [22.04, 23.6], "meta": {"topic": "naming", "type": "Narrative", "language": "魯凱語, Rukai, Budai", "speaker": "杜傳, Taugadhu, male, 1943-10-12", "collected": "2010-01-14", "revised": "None", "video": "RukaiNr-naming_taugadhu.mp3"}, "file": "Rukai_Vedai/RukaiNr-naming_taugadhu", "num": 10}], [11, {"ori": [], "gloss": [["kai", "this", "這個"], ["dane", "house", "房子"], ["yaie,_", "DM", "DM"]], "free": [], "s_end": false, "iu_a_span": [23.6, 25.3], "meta": {"topic": "naming", "type": "Narrative", "language": "魯凱語, Rukai, Budai", "speaker": "杜傳, Taugadhu, male, 1943-10-12", "collected": "2010-01-14", "revised": "None", "video": "RukaiNr-naming_taugadhu.mp3"}, "file": "Rukai_Vedai/RukaiNr-naming_taugadhu", "num": 11}], [12, {"ori": [], "gloss": [["la", "DM", "DM"], ["ikai", "EXIST", "存在"], ["ku", "NOM", "主格"], ["nagane-ini,\\", "name-3SG.GEN", "名字-3SG.屬格"]], "free": [], "s_end": false, "iu_a_span": [25.3, 27.05], "meta": {"topic": "naming", "type": "Narrative", "language": "魯凱語, Rukai, Budai", "speaker": "杜傳, Taugadhu, male, 1943-10-12", "collected": "2010-01-14", "revised": "None", "video": "RukaiNr-naming_taugadhu.mp3"}, "file": "Rukai_Vedai/RukaiNr-naming_taugadhu", "num": 12}], [13, {"ori": [], "gloss": [["sanaka", "every", "任何"], ["manemane", "what", "什麼"], ["ka", "NOM", "主格"], ["wa-udryudripi,\\", "REAL-live", "實現-活"]], "free": [], "s_end": false, "iu_a_span": [27.05, 30.86], "meta": {"topic": "naming", "type": "Narrative", "language": "魯凱語, Rukai, Budai", "speaker": "杜傳, Taugadhu, male, 1943-10-12", "collected": "2010-01-14", "revised": "None", "video": "RukaiNr-naming_taugadhu.mp3"}, "file": "Rukai_Vedai/RukaiNr-naming_taugadhu", "num": 13}], [14, {"ori": [], "gloss": [["kai", "this", "這個"], ["ubulu", "grass", "草"], ["la", "DM", "DM"], ["ikai", "EXIST", "存在"], ["ku", "NOM", "主格"], ["nagane-ini.\\", "name-3SG.GEN", "名字-3SG.屬格"]], "free": ["#e The names we create include the name of humans, the name of home, and the name of any living things. Even grass has its name.", "#c 我們創造的名字包含了人的名字，家的名字，還有任何生命體的名字，連草也有名字。"], "s_end": true, "iu_a_span": [30.86, 33.0], "meta": {"topic": "naming", "type": "Narrative", "language": "魯凱語, Rukai, Budai", "speaker": "杜傳, Taugadhu, male, 1943-10-12", "collected": "2010-01-14", "revised": "None", "video": "RukaiNr-naming_taugadhu.mp3"}, "s_a_span": [11.72, 33.0], "file": "Rukai_Vedai/RukaiNr-naming_taugadhu", "num": 14}], [15, {"ori": [], "gloss": [["kai", "this", "這個"], ["a-pelaela-ne-li", "NMZ-say-NMZ-1SG.GEN", "名物化-說-名物化-1SG.屬格"], ["yaie,\\", "DM", "DM"]], "free": [], "s_end": false, "iu_a_span": [33.0, 35.53], "meta": {"topic": "naming", "type": "Narrative", "language": "魯凱語, Rukai, Budai", "speaker": "杜傳, Taugadhu, male, 1943-10-12", "collected": "2010-01-14", "revised": "None", "video": "RukaiNr-naming_taugadhu.mp3"}, "file": "Rukai_Vedai/RukaiNr-naming_taugadhu", "num": 15}], [16, {"ori": [], "gloss": [["i-pelaela", "I-say", "I-說"], ["ku", "NOM", "主格"], ["kai", "this", "這個"], ["nagane", "name", "名字"], ["ki", "GEN", "屬格"], ["umaumase.\\", "human", "人"]], "free": ["#e What I’m going to say is about the name of humans.", "#c 我要講的是關於人名的故事。"], "s_end": true, "iu_a_span": [35.53, 38.7], "meta": {"topic": "naming", "type": "Narrative", "language": "魯凱語, Rukai, Budai", "speaker": "杜傳, Taugadhu, male, 1943-10-12", "collected": "2010-01-14", "revised": "None", "video": "RukaiNr-naming_taugadhu.mp3"}, "s_a_span": [33.0, 38.7], "file": "Rukai_Vedai/RukaiNr-naming_taugadhu", "num": 16}], [17, {"ori": [], "gloss": [["kai", "this", "這個"], ["nagane-ta", "name-1IPL", "名字-1IPL"], ["ka", "NOM", "主格"], ["umaumase", "human", "人"], ["lu,_", "IRR", "非實現"]], "free": [], "s_end": false, "iu_a_span": [38.7, 42.88], "meta": {"topic": "naming", "type": "Narrative", "language": "魯凱語, Rukai, Budai", "speaker": "杜傳, Taugadhu, male, 1943-10-12", "collected": "2010-01-14", "revised": "None", "video": "RukaiNr-naming_taugadhu.mp3"}, "file": "Rukai_Vedai/RukaiNr-naming_taugadhu", "num": 17}], [17, {"ori": [], "gloss": [["kai", "this", "這個"], ["nagane-ta", "name-1IPL", "名字-1IPL"], ["ka", "NOM", "主格"], ["umaumase", "human", "人"], ["lu,_", "IRR", "非實現"]], "free": [], "s_end": false, "iu_a_span": [38.7, 42.88], "meta": {"topic": "naming", "type": "Narrative", "language": "魯凱語, Rukai, Budai", "speaker": "杜傳, Taugadhu, male, 1943-10-12", "collected": "2010-01-14", "revised": "None", "video": "RukaiNr-naming_taugadhu.mp3"}, "file": "Rukai_Vedai/RukaiNr-naming_taugadhu", "num": 17}], [19, {"ori": [], "gloss": [["a-pavala", "become-separate", "變成-分開"], ["yaie,\\", "DM", "DM"]], "free": [], "s_end": false, "iu_a_span": [45.07, 46.28], "meta": {"topic": "naming", "type": "Narrative", "language": "魯凱語, Rukai, Budai", "speaker": "杜傳, Taugadhu, male, 1943-10-12", "collected": "2010-01-14", "revised": "None", "video": "RukaiNr-naming_taugadhu.mp3"}, "file": "Rukai_Vedai/RukaiNr-naming_taugadhu", "num": 19}], [19, {"ori": [], "gloss": [["a-pavala", "become-separate", "變成-分開"], ["yaie,\\", "DM", "DM"]], "free": [], "s_end": false, "iu_a_span": [45.07, 46.28], "meta": {"topic": "naming", "type": "Narrative", "language": "魯凱語, Rukai, Budai", "speaker": "杜傳, Taugadhu, male, 1943-10-12", "collected": "2010-01-14", "revised": "None", "video": "RukaiNr-naming_taugadhu.mp3"}, "file": "Rukai_Vedai/RukaiNr-naming_taugadhu", "num": 19}], [21, {"ori": [], "gloss": [["ku", "NOM", "主格"], ["nagane", "name", "名字"], ["ki", "GEN", "屬格"], ["talialalai", "chieftain", "頭目"], ["si._", "CONJ", "連接詞"]], "free": [], "s_end": false, "iu_a_span": [47.47, 51.23], "meta": {"topic": "naming", "type": "Narrative", "language": "魯凱語, Rukai, Budai", "speaker": "杜傳, Taugadhu, male, 1943-10-12", "collected": "2010-01-14", "revised": "None", "video": "RukaiNr-naming_taugadhu.mp3"}, "file": "Rukai_Vedai/RukaiNr-naming_taugadhu", "num": 21}], [22, {"ori": [], "gloss": [["nagane", "name", "名字"], ["ki", "GEN", "屬格"], ["la-kau-kaulu.\\", "PL-RED-commoner", "PL-重疊-平民"]], "free": ["#e The names could be divided into two groups : the names of the chieftain and the names of commoners.", "#c 我們人的名字可以分成兩類：頭目和平民的名字。"], "s_end": true, "iu_a_span": [51.23, 53.57], "meta": {"topic": "naming", "type": "Narrative", "language": "魯凱語, Rukai, Budai", "speaker": "杜傳, Taugadhu, male, 1943-10-12", "collected": "2010-01-14", "revised": "None", "video": "RukaiNr-naming_taugadhu.mp3"}, "s_a_span": [38.7, 53.57], "file": "Rukai_Vedai/RukaiNr-naming_taugadhu", "num": 22}], [23, {"ori": [], "gloss": [["kikai", "this", "這個"], ["nagane,\\", "name", "名字"]], "free": [], "s_end": false, "iu_a_span": [53.57, 57.37], "meta": {"topic": "naming", "type": "Narrative", "language": "魯凱語, Rukai, Budai", "speaker": "杜傳, Taugadhu, male, 1943-10-12", "collected": "2010-01-14", "revised": "None", "video": "RukaiNr-naming_taugadhu.mp3"}, "file": "Rukai_Vedai/RukaiNr-naming_taugadhu", "num": 23}], [24, {"ori": [], "gloss": [["ku", "NOM", "主格"], ["maku-cia-cingalre-nga", "extent-more-important-PFV", "程度-更-重要-完成"], ["yaie,\\", "DM", "DM"]], "free": [], "s_end": false, "iu_a_span": [57.37, 60.1], "meta": {"topic": "naming", "type": "Narrative", "language": "魯凱語, Rukai, Budai", "speaker": "杜傳, Taugadhu, male, 1943-10-12", "collected": "2010-01-14", "revised": "None", "video": "RukaiNr-naming_taugadhu.mp3"}, "file": "Rukai_Vedai/RukaiNr-naming_taugadhu", "num": 24}], [25, {"ori": [], "gloss": [["kikai", "this", "這個"], ["nagane", "name", "名字"], ["yiae,\\", "DM", "DM"]], "free": [], "s_end": false, "iu_a_span": [60.1, 62.88], "meta": {"topic": "naming", "type": "Narrative", "language": "魯凱語, Rukai, Budai", "speaker": "杜傳, Taugadhu, male, 1943-10-12", "collected": "2010-01-14", "revised": "None", "video": "RukaiNr-naming_taugadhu.mp3"}, "file": "Rukai_Vedai/RukaiNr-naming_taugadhu", "num": 25}], [26, {"ori": [], "gloss": [["tai-ngea-ne", "NMZ-one-NMZ", "名物化-一個-名物化"], ["ka", "NOM", "主格"], ["sangu-lrialringav-ane", "let-recall-NMZ", "使-回憶-名物化"], ["kuini,_", "this", "這個"]], "free": [], "s_end": false, "iu_a_span": [62.88, 66.04], "meta": {"topic": "naming", "type": "Narrative", "language": "魯凱語, Rukai, Budai", "speaker": "杜傳, Taugadhu, male, 1943-10-12", "collected": "2010-01-14", "revised": "None", "video": "RukaiNr-naming_taugadhu.mp3"}, "file": "Rukai_Vedai/RukaiNr-naming_taugadhu", "num": 26}], [27, {"ori": [], "gloss": [["ta-ngi-lribata-ne", "NMZ-manner-experience-NMZ", "名物化-方式-經歷-名物化"], ["kuini", "this", "這個"], ["ki", "OBL", "斜格"], ["umaumase.\\", "human", "人"]], "free": [], "s_end": false, "iu_a_span": [66.04, 68.61], "meta": {"topic": "naming", "type": "Narrative", "language": "魯凱語, Rukai, Budai", "speaker": "杜傳, Taugadhu, male, 1943-10-12", "collected": "2010-01-14", "revised": "None", "video": "RukaiNr-naming_taugadhu.mp3"}, "file": "Rukai_Vedai/RukaiNr-naming_taugadhu", "num": 27}], [28, {"ori": [], "gloss": [["kudra", "that", "那個"], ["ta-ka-saniange-ne-ini,_", "NMZ-state-deed-NMZ-3SG.GEN", "名物化-狀態-功績-名物化-3SG.屬格"]], "free": [], "s_end": false, "iu_a_span": [68.61, 71.92], "meta": {"topic": "naming", "type": "Narrative", "language": "魯凱語, Rukai, Budai", "speaker": "杜傳, Taugadhu, male, 1943-10-12", "collected": "2010-01-14", "revised": "None", "video": "RukaiNr-naming_taugadhu.mp3"}, "file": "Rukai_Vedai/RukaiNr-naming_taugadhu", "num": 28}], [29, {"ori": [], "gloss": [["ta-pia-ne-ini", "NMZ-do-NMZ-3SG.GEN", "名物化-做-名物化-3SG.屬格"], ["yaie,\\", "DM", "DM"]], "free": [], "s_end": false, "iu_a_span": [71.92, 74.01], "meta": {"topic": "naming", "type": "Narrative", "language": "魯凱語, Rukai, Budai", "speaker": "杜傳, Taugadhu, male, 1943-10-12", "collected": "2010-01-14", "revised": "None", "video": "RukaiNr-naming_taugadhu.mp3"}, "file": "Rukai_Vedai/RukaiNr-naming_taugadhu", "num": 29}], [30, {"ori": [], "gloss": [["sua", "call", "取"], ["nagane", "name", "名"], ["madu,_", "want", "要"]], "free": [], "s_end": false, "iu_a_span": [74.01, 75.98], "meta": {"topic": "naming", "type": "Narrative", "language": "魯凱語, Rukai, Budai", "speaker": "杜傳, Taugadhu, male, 1943-10-12", "collected": "2010-01-14", "revised": "None", "video": "RukaiNr-naming_taugadhu.mp3"}, "file": "Rukai_Vedai/RukaiNr-naming_taugadhu", "num": 30}], [32, {"ori": [], "gloss": [["maru-amani-nga", "MARU-like-PFV", "MARU-像-完成"], ["kikai,_", "this", "這個"]], "free": [], "s_end": false, "iu_a_span": [76.6, 79.82], "meta": {"topic": "naming", "type": "Narrative", "language": "魯凱語, Rukai, Budai", "speaker": "杜傳, Taugadhu, male, 1943-10-12", "collected": "2010-01-14", "revised": "None", "video": "RukaiNr-naming_taugadhu.mp3"}, "file": "Rukai_Vedai/RukaiNr-naming_taugadhu", "num": 32}], [34, {"ori": [], "gloss": [["a-lu-iya-ne,\\", "NMZ-IRR-say-NMZ", "名物化-非實現-說-名物化"]], "free": [], "s_end": false, "iu_a_span": [81.84, 83.79], "meta": {"topic": "naming", "type": "Narrative", "language": "魯凱語, Rukai, Budai", "speaker": "杜傳, Taugadhu, male, 1943-10-12", "collected": "2010-01-14", "revised": "None", "video": "RukaiNr-naming_taugadhu.mp3"}, "file": "Rukai_Vedai/RukaiNr-naming_taugadhu", "num": 34}], [35, {"ori": [], "gloss": [["yakai", "EXIST", "存在"], ["kudra", "that", "那個"], ["la==,\\", "DM", "DM"]], "free": [], "s_end": false, "iu_a_span": [83.79, 86.69], "meta": {"topic": "naming", "type": "Narrative", "language": "魯凱語, Rukai, Budai", "speaker": "杜傳, Taugadhu, male, 1943-10-12", "collected": "2010-01-14", "revised": "None", "video": "RukaiNr-naming_taugadhu.mp3"}, "file": "Rukai_Vedai/RukaiNr-naming_taugadhu", "num": 35}], [36, {"ori": [], "gloss": [["saka", "when", "當"], ["vaivai", "day", "天"], ["si,.", "CONJ", "連接詞"]], "free": [], "s_end": false, "iu_a_span": [86.69, 88.83], "meta": {"topic": "naming", "type": "Narrative", "language": "魯凱語, Rukai, Budai", "speaker": "杜傳, Taugadhu, male, 1943-10-12", "collected": "2010-01-14", "revised": "None", "video": "RukaiNr-naming_taugadhu.mp3"}, "file": "Rukai_Vedai/RukaiNr-naming_taugadhu", "num": 36}], [37, {"ori": [], "gloss": [["la", "DM", "DM"], ["ikai", "EXIST", "存在"], ["kudra", "that", "那個"], ["badha,\\", "enemy", "敵人"]], "free": [], "s_end": false, "iu_a_span": [88.83, 92.29], "meta": {"topic": "naming", "type": "Narrative", "language": "魯凱語, Rukai, Budai", "speaker": "杜傳, Taugadhu, male, 1943-10-12", "collected": "2010-01-14", "revised": "None", "video": "RukaiNr-naming_taugadhu.mp3"}, "file": "Rukai_Vedai/RukaiNr-naming_taugadhu", "num": 37}], [38, {"ori": [], "gloss": [["kudra", "that", "那個"], ["wa-urikai", "REAL-attack", "實現-攻擊"], ["ki", "OBL", "斜格"], ["cekele.\\", "tribe", "部落"]], "free": [], "s_end": false, "iu_a_span": [92.29, 95.03], "meta": {"topic": "naming", "type": "Narrative", "language": "魯凱語, Rukai, Budai", "speaker": "杜傳, Taugadhu, male, 1943-10-12", "collected": "2010-01-14", "revised": "None", "video": "RukaiNr-naming_taugadhu.mp3"}, "file": "Rukai_Vedai/RukaiNr-naming_taugadhu", "num": 38}], [38, {"ori": [], "gloss": [["kudra", "that", "那個"], ["wa-urikai", "REAL-attack", "實現-攻擊"], ["ki", "OBL", "斜格"], ["cekele.\\", "tribe", "部落"]], "free": [], "s_end": false, "iu_a_span": [92.29, 95.03], "meta": {"topic": "naming", "type": "Narrative", "language": "魯凱語, Rukai, Budai", "speaker": "杜傳, Taugadhu, male, 1943-10-12", "collected": "2010-01-14", "revised": "None", "video": "RukaiNr-naming_taugadhu.mp3"}, "file": "Rukai_Vedai/RukaiNr-naming_taugadhu", "num": 38}], [38, {"ori": [], "gloss": [["kudra", "that", "那個"], ["wa-urikai", "REAL-attack", "實現-攻擊"], ["ki", "OBL", "斜格"], ["cekele.\\", "tribe", "部落"]], "free": [], "s_end": false, "iu_a_span": [92.29, 95.03], "meta": {"topic": "naming", "type": "Narrative", "language": "魯凱語, Rukai, Budai", "speaker": "杜傳, Taugadhu, male, 1943-10-12", "collected": "2010-01-14", "revised": "None", "video": "RukaiNr-naming_taugadhu.mp3"}, "file": "Rukai_Vedai/RukaiNr-naming_taugadhu", "num": 38}], [41, {"ori": [], "gloss": [["ki-tunulu", "PASS-defence", "被動-防禦"], ["kuini", "this", "這個"], ["eh,_", "FIL", "FIL"]], "free": [], "s_end": false, "iu_a_span": [99.83, 101.34], "meta": {"topic": "naming", "type": "Narrative", "language": "魯凱語, Rukai, Budai", "speaker": "杜傳, Taugadhu, male, 1943-10-12", "collected": "2010-01-14", "revised": "None", "video": "RukaiNr-naming_taugadhu.mp3"}, "file": "Rukai_Vedai/RukaiNr-naming_taugadhu", "num": 41}], [42, {"ori": [], "gloss": [["tinu-a-cekel-ane", "TINU-A-tribe-NMZ", "TINU-A-部落-名物化"], ["yaie,\\", "DM", "DM"]], "free": [], "s_end": false, "iu_a_span": [101.34, 102.6], "meta": {"topic": "naming", "type": "Narrative", "language": "魯凱語, Rukai, Budai", "speaker": "杜傳, Taugadhu, male, 1943-10-12", "collected": "2010-01-14", "revised": "None", "video": "RukaiNr-naming_taugadhu.mp3"}, "file": "Rukai_Vedai/RukaiNr-naming_taugadhu", "num": 42}], [43, {"ori": [], "gloss": [["la", "DM", "DM"], ["ka-kadrua", "KA-EXIST.NEG", "KA-存在.否定"], ["kudra,\\", "that", "那個"]], "free": [], "s_end": false, "iu_a_span": [102.6, 104.79], "meta": {"topic": "naming", "type": "Narrative", "language": "魯凱語, Rukai, Budai", "speaker": "杜傳, Taugadhu, male, 1943-10-12", "collected": "2010-01-14", "revised": "None", "video": "RukaiNr-naming_taugadhu.mp3"}, "file": "Rukai_Vedai/RukaiNr-naming_taugadhu", "num": 43}], [44, {"ori": [], "gloss": [["ma-rakace", "MA-strong", "MA-強壯"], ["kudra", "that", "那個"], ["eh,_", "FIL", "FIL"]], "free": [], "s_end": false, "iu_a_span": [104.79, 106.98], "meta": {"topic": "naming", "type": "Narrative", "language": "魯凱語, Rukai, Budai", "speaker": "杜傳, Taugadhu, male, 1943-10-12", "collected": "2010-01-14", "revised": "None", "video": "RukaiNr-naming_taugadhu.mp3"}, "file": "Rukai_Vedai/RukaiNr-naming_taugadhu", "num": 44}], [45, {"ori": [], "gloss": [["wa-dulru", "REAL-capable", "實現-有能力"], ["si", "CONJ", "連接詞"], ["eh,\\", "FIL", "FIL"]], "free": [], "s_end": false, "iu_a_span": [106.98, 109.91], "meta": {"topic": "naming", "type": "Narrative", "language": "魯凱語, Rukai, Budai", "speaker": "杜傳, Taugadhu, male, 1943-10-12", "collected": "2010-01-14", "revised": "None", "video": "RukaiNr-naming_taugadhu.mp3"}, "file": "Rukai_Vedai/RukaiNr-naming_taugadhu", "num": 45}], [46, {"ori": [], "gloss": [["ki-ka-ruburu-buru", "KI-state-fight-RED", "KI-狀態-戰鬥-重疊"], ["ki", "OBL", "斜格"], ["badha.\\", "enemy", "敵人"]], "free": ["#e One day, when the enemy attacked the tribe, there is no people strong enough to fight and help the tribe in defense.", "#c 有一天，當敵人攻集部落時，沒有夠強壯的人可以在部落防衛時戰鬥並抵擋敵人。"], "s_end": true, "iu_a_span": [109.91, 112.22], "meta": {"topic": "naming", "type": "Narrative", "language": "魯凱語, Rukai, Budai", "speaker": "杜傳, Taugadhu, male, 1943-10-12", "collected": "2010-01-14", "revised": "None", "video": "RukaiNr-naming_taugadhu.mp3"}, "s_a_span": [53.57, 112.22], "file": "Rukai_Vedai/RukaiNr-naming_taugadhu", "num": 46}], [47, {"ori": [], "gloss": [["ai", "but", "但是"]], "free": [], "s_end": false, "iu_a_span": [112.22, 113.73], "meta": {"topic": "naming", "type": "Narrative", "language": "魯凱語, Rukai, Budai", "speaker": "杜傳, Taugadhu, male, 1943-10-12", "collected": "2010-01-14", "revised": "None", "video": "RukaiNr-naming_taugadhu.mp3"}, "file": "Rukai_Vedai/RukaiNr-naming_taugadhu", "num": 47}], [48, {"ori": [], "gloss": [["la", "DM", "DM"], ["ikai", "EXIST", "存在"], ["kudra", "that", "那個"], ["lasu", "man", "男人"], ["kudra", "that", "那個"], ["tai-ngeane,\\", "TAI-one", "TAI-一個"]], "free": [], "s_end": false, "iu_a_span": [113.73, 115.59], "meta": {"topic": "naming", "type": "Narrative", "language": "魯凱語, Rukai, Budai", "speaker": "杜傳, Taugadhu, male, 1943-10-12", "collected": "2010-01-14", "revised": "None", "video": "RukaiNr-naming_taugadhu.mp3"}, "file": "Rukai_Vedai/RukaiNr-naming_taugadhu", "num": 48}], [49, {"ori": [], "gloss": [["la", "DM", "DM"], ["ka-kadrua", "KA-EXIST.NEG", "KA-存在.否定"], ["kuini", "this", "這個"], ["ki", "OBL", "斜格"], ["cekele.\\", "tribe", "部落"]], "free": [], "s_end": false, "iu_a_span": [115.59, 118.49], "meta": {"topic": "naming", "type": "Narrative", "language": "魯凱語, Rukai, Budai", "speaker": "杜傳, Taugadhu, male, 1943-10-12", "collected": "2010-01-14", "revised": "None", "video": "RukaiNr-naming_taugadhu.mp3"}, "file": "Rukai_Vedai/RukaiNr-naming_taugadhu", "num": 49}], [50, {"ori": [], "gloss": [["kuini", "this", "這個"], ["saka", "when", "當"], ["vaivai.\\", "day", "天"]], "free": [], "s_end": false, "iu_a_span": [118.49, 119.62], "meta": {"topic": "naming", "type": "Narrative", "language": "魯凱語, Rukai, Budai", "speaker": "杜傳, Taugadhu, male, 1943-10-12", "collected": "2010-01-14", "revised": "None", "video": "RukaiNr-naming_taugadhu.mp3"}, "file": "Rukai_Vedai/RukaiNr-naming_taugadhu", "num": 50}], [51, {"ori": [], "gloss": [["kuini", "this", "這個"], ["kinau-cekel-ane,_", "KINAU-tribe-NMZ", "KINAU-部落-名物化"]], "free": [], "s_end": false, "iu_a_span": [119.62, 121.83], "meta": {"topic": "naming", "type": "Narrative", "language": "魯凱語, Rukai, Budai", "speaker": "杜傳, Taugadhu, male, 1943-10-12", "collected": "2010-01-14", "revised": "None", "video": "RukaiNr-naming_taugadhu.mp3"}, "file": "Rukai_Vedai/RukaiNr-naming_taugadhu", "num": 51}], [52, {"ori": [], "gloss": [["lau", "DM", "DM"], ["ki-lavalava", "PASS-wait", "被動-等待"], ["si", "CONJ", "連接詞"], ["u-ka-lavalava", "go-state-wait", "去-狀態-等待"], ["i-kela", "I-come", "I-來"], ["lu-igane", "IRR-when", "非實現-何時"], ["i-kela", "I-come", "I-來"], ["lu-igane.\\", "IRR-when", "非實現-何時"]], "free": ["#e The tribe was waiting for the man to come, but he didn’t show up.", "#c 部落在等那位男人出來，但他一直沒出現。"], "s_end": true, "iu_a_span": [121.83, 127.13], "meta": {"topic": "naming", "type": "Narrative", "language": "魯凱語, Rukai, Budai", "speaker": "杜傳, Taugadhu, male, 1943-10-12", "collected": "2010-01-14", "revised": "None", "video": "RukaiNr-naming_taugadhu.mp3"}, "s_a_span": [112.22, 127.13], "file": "Rukai_Vedai/RukaiNr-naming_taugadhu", "num": 52}], [53, {"ori": [], "gloss": [["ala", "DM", "DM"], ["lri-paudripi", "IRR-rescue", "非實現-救"], ["mitane", "1IPL.OBL", "1IPL.斜格"], ["la", "DM", "DM"], ["iya", "say", "說"], ["kudra", "that", "那個"], ["kinau-cekel-ane,\\", "KINAU-tribe-NMZ", "KINAU-部落-名物化"]], "free": [], "s_end": false, "iu_a_span": [127.13, 131.34], "meta": {"topic": "naming", "type": "Narrative", "language": "魯凱語, Rukai, Budai", "speaker": "杜傳, Taugadhu, male, 1943-10-12", "collected": "2010-01-14", "revised": "None", "video": "RukaiNr-naming_taugadhu.mp3"}, "file": "Rukai_Vedai/RukaiNr-naming_taugadhu", "num": 53}], [54, {"ori": [], "gloss": [["ala", "DM", "DM"], ["kela", "come", "來"], ["kuini", "this", "這個"], ["^lasu.\\", "man", "男人"]], "free": ["#e IRR this man comes, he might save the tribe.", "#c 這男人如果來的話，搞不好會拯救把我們部落。"], "s_end": true, "iu_a_span": [131.34, 133.45], "meta": {"topic": "naming", "type": "Narrative", "language": "魯凱語, Rukai, Budai", "speaker": "杜傳, Taugadhu, male, 1943-10-12", "collected": "2010-01-14", "revised": "None", "video": "RukaiNr-naming_taugadhu.mp3"}, "s_a_span": [127.13, 133.45], "file": "Rukai_Vedai/RukaiNr-naming_taugadhu", "num": 54}], [55, {"ori": [], "gloss": [["sa-ki-lavalav-ane", "when-PASS-wait-NMZ", "當-被動-等待-名物化"], ["kuini", "this", "這個"], ["kinau-cekel-ane,\\", "KINAU-tribe-NMZ", "KINAU-部落-名物化"]], "free": [], "s_end": false, "iu_a_span": [133.45, 135.92], "meta": {"topic": "naming", "type": "Narrative", "language": "魯凱語, Rukai, Budai", "speaker": "杜傳, Taugadhu, male, 1943-10-12", "collected": "2010-01-14", "revised": "None", "video": "RukaiNr-naming_taugadhu.mp3"}, "file": "Rukai_Vedai/RukaiNr-naming_taugadhu", "num": 55}], [56, {"ori": [], "gloss": [["sa-kela", "when-come", "當-來"], ["kuini", "this", "這個"], ["lasu", "man", "男人"], ["lalra==/", "take", "拿"]], "free": [], "s_end": false, "iu_a_span": [135.92, 138.65], "meta": {"topic": "naming", "type": "Narrative", "language": "魯凱語, Rukai, Budai", "speaker": "杜傳, Taugadhu, male, 1943-10-12", "collected": "2010-01-14", "revised": "None", "video": "RukaiNr-naming_taugadhu.mp3"}, "file": "Rukai_Vedai/RukaiNr-naming_taugadhu", "num": 56}], [56, {"ori": [], "gloss": [["sa-kela", "when-come", "當-來"], ["kuini", "this", "這個"], ["lasu", "man", "男人"], ["lalra==/", "take", "拿"]], "free": [], "s_end": false, "iu_a_span": [135.92, 138.65], "meta": {"topic": "naming", "type": "Narrative", "language": "魯凱語, Rukai, Budai", "speaker": "杜傳, Taugadhu, male, 1943-10-12", "collected": "2010-01-14", "revised": "None", "video": "RukaiNr-naming_taugadhu.mp3"}, "file": "Rukai_Vedai/RukaiNr-naming_taugadhu", "num": 56}], [56, {"ori": [], "gloss": [["sa-kela", "when-come", "當-來"], ["kuini", "this", "這個"], ["lasu", "man", "男人"], ["lalra==/", "take", "拿"]], "free": [], "s_end": false, "iu_a_span": [135.92, 138.65], "meta": {"topic": "naming", "type": "Narrative", "language": "魯凱語, Rukai, Budai", "speaker": "杜傳, Taugadhu, male, 1943-10-12", "collected": "2010-01-14", "revised": "None", "video": "RukaiNr-naming_taugadhu.mp3"}, "file": "Rukai_Vedai/RukaiNr-naming_taugadhu", "num": 56}], [59, {"ori": [], "gloss": [["pa-ka-tuase", "CAU-state-leave", "使役-狀態-離開"], ["kuini", "this", "這個"], ["ki", "OBL", "斜格"], ["badha", "enemy", "敵人"], ["si,\\", "CONJ", "連接詞"]], "free": [], "s_end": false, "iu_a_span": [143.81, 145.65], "meta": {"topic": "naming", "type": "Narrative", "language": "魯凱語, Rukai, Budai", "speaker": "杜傳, Taugadhu, male, 1943-10-12", "collected": "2010-01-14", "revised": "None", "video": "RukaiNr-naming_taugadhu.mp3"}, "file": "Rukai_Vedai/RukaiNr-naming_taugadhu", "num": 59}], [60, {"ori": [], "gloss": [["ala", "DM", "DM"], ["kirimu,\\", "right.away", "馬上"]], "free": [], "s_end": false, "iu_a_span": [145.65, 148.84], "meta": {"topic": "naming", "type": "Narrative", "language": "魯凱語, Rukai, Budai", "speaker": "杜傳, Taugadhu, male, 1943-10-12", "collected": "2010-01-14", "revised": "None", "video": "RukaiNr-naming_taugadhu.mp3"}, "file": "Rukai_Vedai/RukaiNr-naming_taugadhu", "num": 60}], [61, {"ori": [], "gloss": [["talubalre", "wade", "涉水"], ["ki", "OBL", "斜格"], ["eh.\\", "FIL", "FIL"]], "free": ["#e When the tribe was waiting, he came and killed the enemy, forcing them to wade and escape.", "#c 他們在等的時候，他來了，殺死敵人，使敵人涉水逃跑。"], "s_end": true, "iu_a_span": [148.84, 149.91], "meta": {"topic": "naming", "type": "Narrative", "language": "魯凱語, Rukai, Budai", "speaker": "杜傳, Taugadhu, male, 1943-10-12", "collected": "2010-01-14", "revised": "None", "video": "RukaiNr-naming_taugadhu.mp3"}, "s_a_span": [133.45, 149.91], "file": "Rukai_Vedai/RukaiNr-naming_taugadhu", "num": 61}], [62, {"ori": [], "gloss": [["sa-pa-pacai", "when-CAU-die", "當-使役-死"], ["kuini", "this", "這個"], ["ki", "OBL", "斜格"], ["tani-cekel-ane,\\", "TANI-tribe-NMZ", "TANI-部落-名物化"]], "free": [], "s_end": false, "iu_a_span": [149.91, 152.24], "meta": {"topic": "naming", "type": "Narrative", "language": "魯凱語, Rukai, Budai", "speaker": "杜傳, Taugadhu, male, 1943-10-12", "collected": "2010-01-14", "revised": "None", "video": "RukaiNr-naming_taugadhu.mp3"}, "file": "Rukai_Vedai/RukaiNr-naming_taugadhu", "num": 62}], [63, {"ori": [], "gloss": [["kuini", "this", "這個"], ["cekel-ane", "tribe-NMZ", "部落-名物化"], ["la", "DM", "DM"], ["drenge-drengere", "RED-praise", "重疊-讚美"], ["si", "CONJ", "連接詞"], ["kia-seasene.\\", "PASS-thank", "被動-感謝"]], "free": ["#e When he killed the enemy for the tribe, the people praised and thanked him.", "#c 當他替這個部落殺了這個敵人，這個部落的人讚美且感謝他。"], "s_end": true, "iu_a_span": [152.24, 155.81], "meta": {"topic": "naming", "type": "Narrative", "language": "魯凱語, Rukai, Budai", "speaker": "杜傳, Taugadhu, male, 1943-10-12", "collected": "2010-01-14", "revised": "None", "video": "RukaiNr-naming_taugadhu.mp3"}, "s_a_span": [149.91, 155.81], "file": "Rukai_Vedai/RukaiNr-naming_taugadhu", "num": 63}], [64, {"ori": [], "gloss": [["la", "DM", "DM"], ["tumane-ta", "how-1IPL.NOM", "如何-1IPL.主格"], ["si", "CONJ", "連接詞"], ["la", "DM", "DM"], ["ngu-lri-a-lringau-ta", "NGU-IRR-A-recall-1IPL.NOM", "NGU-非實現-A-回憶-1IPL.主格"], ["kai", "this", "這個"], ["ki", "OBL", "斜格"], ["lasu,\\", "man", "男人"]], "free": [], "s_end": false, "iu_a_span": [155.81, 159.64], "meta": {"topic": "naming", "type": "Narrative", "language": "魯凱語, Rukai, Budai", "speaker": "杜傳, Taugadhu, male, 1943-10-12", "collected": "2010-01-14", "revised": "None", "video": "RukaiNr-naming_taugadhu.mp3"}, "file": "Rukai_Vedai/RukaiNr-naming_taugadhu", "num": 64}], [65, {"ori": [], "gloss": [["ata,\\", "1IPL.NOM", "1IPL.主格"]], "free": [], "s_end": false, "iu_a_span": [159.64, 161.08], "meta": {"topic": "naming", "type": "Narrative", "language": "魯凱語, Rukai, Budai", "speaker": "杜傳, Taugadhu, male, 1943-10-12", "collected": "2010-01-14", "revised": "None", "video": "RukaiNr-naming_taugadhu.mp3"}, "file": "Rukai_Vedai/RukaiNr-naming_taugadhu", "num": 65}], [66, {"ori": [], "gloss": [["ta-sunaka-ne", "NMZ-recognize-NMZ", "名物化-辨認-名物化"], ["kuini", "this", "這個"], ["sia", "call", "叫"], ["kalava.\\", "PN", "人名"]], "free": ["#e How would we memorize him? We would name him Klava.", "#c 我們要如何紀念他取名他？我們叫他Kalava。"], "s_end": true, "iu_a_span": [161.08, 162.98], "meta": {"topic": "naming", "type": "Narrative", "language": "魯凱語, Rukai, Budai", "speaker": "杜傳, Taugadhu, male, 1943-10-12", "collected": "2010-01-14", "revised": "None", "video": "RukaiNr-naming_taugadhu.mp3"}, "s_a_span": [155.81, 162.98], "file": "Rukai_Vedai/RukaiNr-naming_taugadhu", "num": 66}], [67, {"ori": [], "gloss": [["la", "DM", "DM"], ["iya,\\", "say", "說"]], "free": [], "s_end": false, "iu_a_span": [162.98, 163.4], "meta": {"topic": "naming", "type": "Narrative", "language": "魯凱語, Rukai, Budai", "speaker": "杜傳, Taugadhu, male, 1943-10-12", "collected": "2010-01-14", "revised": "None", "video": "RukaiNr-naming_taugadhu.mp3"}, "file": "Rukai_Vedai/RukaiNr-naming_taugadhu", "num": 67}], [68, {"ori": [], "gloss": [["kuini", "this", "這個"], ["mu-a-ka-lava", "go-REAL-state-wait", "去-實現-狀態-等待"], ["kuini", "this", "這個"], ["kinau-cekel-ane,\\", "KINAU-tribe-NMZ", "KINAU-部落-名物化"]], "free": [], "s_end": false, "iu_a_span": [163.4, 165.48], "meta": {"topic": "naming", "type": "Narrative", "language": "魯凱語, Rukai, Budai", "speaker": "杜傳, Taugadhu, male, 1943-10-12", "collected": "2010-01-14", "revised": "None", "video": "RukaiNr-naming_taugadhu.mp3"}, "file": "Rukai_Vedai/RukaiNr-naming_taugadhu", "num": 68}], [69, {"ori": [], "gloss": [["kuini", "this", "這個"], ["lasu", "man", "男人"], ["kuini", "this", "這個"], ["i-kela,\\", "I-come", "I-來"]], "free": [], "s_end": false, "iu_a_span": [165.48, 166.81], "meta": {"topic": "naming", "type": "Narrative", "language": "魯凱語, Rukai, Budai", "speaker": "杜傳, Taugadhu, male, 1943-10-12", "collected": "2010-01-14", "revised": "None", "video": "RukaiNr-naming_taugadhu.mp3"}, "file": "Rukai_Vedai/RukaiNr-naming_taugadhu", "num": 69}], [70, {"ori": [], "gloss": [["kuini", "this", "這個"], ["lri-palribulu", "IRR-help", "非實現-幫助"], ["mitane", "1IPL.OBL", "1IPL.斜格"], ["kuini", "this", "男人"], ["lasu", "man", "DM"], ["ala", "DM", "來"], ["kela.\\", "", ""]], "free": ["#e We wait for him to come help us at tribe. Oh! he come!", "#c 我們在部落等他來，來幫助我們。喔 ! 來了。"], "s_end": true, "iu_a_span": [166.81, 169.67], "meta": {"topic": "naming", "type": "Narrative", "language": "魯凱語, Rukai, Budai", "speaker": "杜傳, Taugadhu, male, 1943-10-12", "collected": "2010-01-14", "revised": "None", "video": "RukaiNr-naming_taugadhu.mp3"}, "s_a_span": [162.98, 169.67], "file": "Rukai_Vedai/RukaiNr-naming_taugadhu", "num": 70}], [71, {"ori": [], "gloss": [["la", "DM", "DM"], ["palribulu", "help", "幫助"], ["liniane.\\", "3PL.OBL", "3SG.斜格"]], "free": ["#e To help them.", "#c 來幫助他們。", "#n The narrator’s perspective."], "s_end": true, "iu_a_span": [169.67, 171.03], "meta": {"topic": "naming", "type": "Narrative", "language": "魯凱語, Rukai, Budai", "speaker": "杜傳, Taugadhu, male, 1943-10-12", "collected": "2010-01-14", "revised": "None", "video": "RukaiNr-naming_taugadhu.mp3"}, "s_a_span": [169.67, 171.03], "file": "Rukai_Vedai/RukaiNr-naming_taugadhu", "num": 71}], [72, {"ori": [], "gloss": [["la", "DM", "方式-逃"], ["ngi-lribate", "manner-escape", "斜格"], ["ki", "OBL", "當-使役-死"], ["sa-pa-pacai.\\", "", ""]], "free": ["#e They survived the death.", "#c 所以(他們)逃過了死亡。"], "s_end": true, "iu_a_span": [171.03, 173.05], "meta": {"topic": "naming", "type": "Narrative", "language": "魯凱語, Rukai, Budai", "speaker": "杜傳, Taugadhu, male, 1943-10-12", "collected": "2010-01-14", "revised": "None", "video": "RukaiNr-naming_taugadhu.mp3"}, "s_a_span": [171.03, 173.05], "file": "Rukai_Vedai/RukaiNr-naming_taugadhu", "num": 72}], [73, {"ori": [], "gloss": [["la", "DM", "DM"], ["si-", "call-", "叫-"], ["patu-", "FS-", "FS-"], ["la", "DM", "DM"], ["si-,_", "call-", "叫-"]], "free": [], "s_end": false, "iu_a_span": [173.05, 175.2], "meta": {"topic": "naming", "type": "Narrative", "language": "魯凱語, Rukai, Budai", "speaker": "杜傳, Taugadhu, male, 1943-10-12", "collected": "2010-01-14", "revised": "None", "video": "RukaiNr-naming_taugadhu.mp3"}, "file": "Rukai_Vedai/RukaiNr-naming_taugadhu", "num": 73}], [73, {"ori": [], "gloss": [["la", "DM", "DM"], ["si-", "call-", "叫-"], ["patu-", "FS-", "FS-"], ["la", "DM", "DM"], ["si-,_", "call-", "叫-"]], "free": [], "s_end": false, "iu_a_span": [173.05, 175.2], "meta": {"topic": "naming", "type": "Narrative", "language": "魯凱語, Rukai, Budai", "speaker": "杜傳, Taugadhu, male, 1943-10-12", "collected": "2010-01-14", "revised": "None", "video": "RukaiNr-naming_taugadhu.mp3"}, "file": "Rukai_Vedai/RukaiNr-naming_taugadhu", "num": 73}], [75, {"ori": [], "gloss": [["kuini", "this", "這個"], ["lasu,\\", "man", "男人"]], "free": [], "s_end": false, "iu_a_span": [175.85, 176.99], "meta": {"topic": "naming", "type": "Narrative", "language": "魯凱語, Rukai, Budai", "speaker": "杜傳, Taugadhu, male, 1943-10-12", "collected": "2010-01-14", "revised": "None", "video": "RukaiNr-naming_taugadhu.mp3"}, "file": "Rukai_Vedai/RukaiNr-naming_taugadhu", "num": 75}], [76, {"ori": [], "gloss": [["kuini", "this", "這個"], ["kalava,/", "PN", "人名"]], "free": [], "s_end": false, "iu_a_span": [176.99, 178.48], "meta": {"topic": "naming", "type": "Narrative", "language": "魯凱語, Rukai, Budai", "speaker": "杜傳, Taugadhu, male, 1943-10-12", "collected": "2010-01-14", "revised": "None", "video": "RukaiNr-naming_taugadhu.mp3"}, "file": "Rukai_Vedai/RukaiNr-naming_taugadhu", "num": 76}], [77, {"ori": [], "gloss": [["laka", "DM", "DM"], ["taingeane,\\", "this", "這個"]], "free": [], "s_end": false, "iu_a_span": [178.48, 180.08], "meta": {"topic": "naming", "type": "Narrative", "language": "魯凱語, Rukai, Budai", "speaker": "杜傳, Taugadhu, male, 1943-10-12", "collected": "2010-01-14", "revised": "None", "video": "RukaiNr-naming_taugadhu.mp3"}, "file": "Rukai_Vedai/RukaiNr-naming_taugadhu", "num": 77}], [78, {"ori": [], "gloss": [["rakaca-ne", "capable-NMZ", "有能力-名物化"], ["kuini", "this", "這個"], ["ki", "GEN", "屬格"], ["lasu,\\", "man", "男人"]], "free": [], "s_end": false, "iu_a_span": [180.08, 181.34], "meta": {"topic": "naming", "type": "Narrative", "language": "魯凱語, Rukai, Budai", "speaker": "杜傳, Taugadhu, male, 1943-10-12", "collected": "2010-01-14", "revised": "None", "video": "RukaiNr-naming_taugadhu.mp3"}, "file": "Rukai_Vedai/RukaiNr-naming_taugadhu", "num": 78}], [80, {"ori": [], "gloss": [["eh.\\", "FIL", "FIL"]], "free": [], "s_end": false, "iu_a_span": [182.01, 183.62], "meta": {"topic": "naming", "type": "Narrative", "language": "魯凱語, Rukai, Budai", "speaker": "杜傳, Taugadhu, male, 1943-10-12", "collected": "2010-01-14", "revised": "None", "video": "RukaiNr-naming_taugadhu.mp3"}, "file": "Rukai_Vedai/RukaiNr-naming_taugadhu", "num": 80}], [81, {"ori": [], "gloss": [["kikai", "this", "這個"], ["nagane-ta", "name-1IPL.GEN", "名字-1IPL.屬格"], ["laka", "DM", "DM"], ["m-iya-iya", "M-RED-say", "M-重疊-說"], ["kuini", "this", "這個"], ["yakai", "EXIST", "存在"], ["kudra,_", "that", "那個"]], "free": [], "s_end": false, "iu_a_span": [183.62, 187.34], "meta": {"topic": "naming", "type": "Narrative", "language": "魯凱語, Rukai, Budai", "speaker": "杜傳, Taugadhu, male, 1943-10-12", "collected": "2010-01-14", "revised": "None", "video": "RukaiNr-naming_taugadhu.mp3"}, "file": "Rukai_Vedai/RukaiNr-naming_taugadhu", "num": 81}], [82, {"ori": [], "gloss": [["pathuarakai", "about", "關於"], ["ki", "OBL", "斜個"], ["rakaca-ne.\\", "capable-NMZ", "有能力-名物化"]], "free": [], "s_end": false, "iu_a_span": [187.34, 189.84], "meta": {"topic": "naming", "type": "Narrative", "language": "魯凱語, Rukai, Budai", "speaker": "杜傳, Taugadhu, male, 1943-10-12", "collected": "2010-01-14", "revised": "None", "video": "RukaiNr-naming_taugadhu.mp3"}, "file": "Rukai_Vedai/RukaiNr-naming_taugadhu", "num": 82}], [82, {"ori": [], "gloss": [["pathuarakai", "about", "關於"], ["ki", "OBL", "斜個"], ["rakaca-ne.\\", "capable-NMZ", "有能力-名物化"]], "free": [], "s_end": false, "iu_a_span": [187.34, 189.84], "meta": {"topic": "naming", "type": "Narrative", "language": "魯凱語, Rukai, Budai", "speaker": "杜傳, Taugadhu, male, 1943-10-12", "collected": "2010-01-14", "revised": "None", "video": "RukaiNr-naming_taugadhu.mp3"}, "file": "Rukai_Vedai/RukaiNr-naming_taugadhu", "num": 82}], [82, {"ori": [], "gloss": [["pathuarakai", "about", "關於"], ["ki", "OBL", "斜個"], ["rakaca-ne.\\", "capable-NMZ", "有能力-名物化"]], "free": [], "s_end": false, "iu_a_span": [187.34, 189.84], "meta": {"topic": "naming", "type": "Narrative", "language": "魯凱語, Rukai, Budai", "speaker": "杜傳, Taugadhu, male, 1943-10-12", "collected": "2010-01-14", "revised": "None", "video": "RukaiNr-naming_taugadhu.mp3"}, "file": "Rukai_Vedai/RukaiNr-naming_taugadhu", "num": 82}], [82, {"ori": [], "gloss": [["pathuarakai", "about", "關於"], ["ki", "OBL", "斜個"], ["rakaca-ne.\\", "capable-NMZ", "有能力-名物化"]], "free": [], "s_end": false, "iu_a_span": [187.34, 189.84], "meta": {"topic": "naming", "type": "Narrative", "language": "魯凱語, Rukai, Budai", "speaker": "杜傳, Taugadhu, male, 1943-10-12", "collected": "2010-01-14", "revised": "None", "video": "RukaiNr-naming_taugadhu.mp3"}, "file": "Rukai_Vedai/RukaiNr-naming_taugadhu", "num": 82}], [86, {"ori": [], "gloss": [["kuini", "this", "這個"], ["m-iya-iya", "say-RED-say", "說-重疊-說"], ["kuini,\\", "this", "這個"]], "free": [], "s_end": false, "iu_a_span": [194.25, 196.28], "meta": {"topic": "naming", "type": "Narrative", "language": "魯凱語, Rukai, Budai", "speaker": "杜傳, Taugadhu, male, 1943-10-12", "collected": "2010-01-14", "revised": "None", "video": "RukaiNr-naming_taugadhu.mp3"}, "file": "Rukai_Vedai/RukaiNr-naming_taugadhu", "num": 86}], [87, {"ori": [], "gloss": [["la", "DM", "DM"], ["kikai", "this", "這個"], ["yaie._", "DM", "DM"]], "free": ["#e These names are created OBLording to the wisdom, capabilitity and perfectness.", "#c 所以取這些名字都是根據他的智慧，能力或是其完美之處來取名，諸如此類。"], "s_end": true, "iu_a_span": [196.28, 198.4], "meta": {"topic": "naming", "type": "Narrative", "language": "魯凱語, Rukai, Budai", "speaker": "杜傳, Taugadhu, male, 1943-10-12", "collected": "2010-01-14", "revised": "None", "video": "RukaiNr-naming_taugadhu.mp3"}, "s_a_span": [173.05, 198.4], "file": "Rukai_Vedai/RukaiNr-naming_taugadhu", "num": 87}], [88, {"ori": [], "gloss": [["amiya", "DM", "DM"], ["kudra", "that", "那個"], ["lupau-drusa-ne", "separate-two-NMZ", "分開-二-名物化"], ["yakai", "EXIST", "存在"], ["ku", "NOM", "主格"], ["nagane", "name", "名字"], ["ki,_", "OBL", "斜格"]], "free": [], "s_end": false, "iu_a_span": [198.4, 201.94], "meta": {"topic": "naming", "type": "Narrative", "language": "魯凱語, Rukai, Budai", "speaker": "杜傳, Taugadhu, male, 1943-10-12", "collected": "2010-01-14", "revised": "None", "video": "RukaiNr-naming_taugadhu.mp3"}, "file": "Rukai_Vedai/RukaiNr-naming_taugadhu", "num": 88}], [88, {"ori": [], "gloss": [["amiya", "DM", "DM"], ["kudra", "that", "那個"], ["lupau-drusa-ne", "separate-two-NMZ", "分開-二-名物化"], ["yakai", "EXIST", "存在"], ["ku", "NOM", "主格"], ["nagane", "name", "名字"], ["ki,_", "OBL", "斜格"]], "free": [], "s_end": false, "iu_a_span": [198.4, 201.94], "meta": {"topic": "naming", "type": "Narrative", "language": "魯凱語, Rukai, Budai", "speaker": "杜傳, Taugadhu, male, 1943-10-12", "collected": "2010-01-14", "revised": "None", "video": "RukaiNr-naming_taugadhu.mp3"}, "file": "Rukai_Vedai/RukaiNr-naming_taugadhu", "num": 88}], [90, {"ori": [], "gloss": [["ai", "DM", "DM"], ["kai,/", "this", "這個"]], "free": [], "s_end": false, "iu_a_span": [202.72, 203.7], "meta": {"topic": "naming", "type": "Narrative", "language": "魯凱語, Rukai, Budai", "speaker": "杜傳, Taugadhu, male, 1943-10-12", "collected": "2010-01-14", "revised": "None", "video": "RukaiNr-naming_taugadhu.mp3"}, "file": "Rukai_Vedai/RukaiNr-naming_taugadhu", "num": 90}], [91, {"ori": [], "gloss": [["nagane", "name", "名字"], ["ki", "GEN", "屬格"], ["talialalai", "chieftain", "頭目"], ["nala.\\", "DM", "DM"]], "free": [], "s_end": false, "iu_a_span": [203.7, 205.59], "meta": {"topic": "naming", "type": "Narrative", "language": "魯凱語, Rukai, Budai", "speaker": "杜傳, Taugadhu, male, 1943-10-12", "collected": "2010-01-14", "revised": "None", "video": "RukaiNr-naming_taugadhu.mp3"}, "file": "Rukai_Vedai/RukaiNr-naming_taugadhu", "num": 91}], [92, {"ori": [], "gloss": [["yakai", "EXIST", "存在"], ["kudra,_", "that", "那個"]], "free": [], "s_end": false, "iu_a_span": [205.59, 207.29], "meta": {"topic": "naming", "type": "Narrative", "language": "魯凱語, Rukai, Budai", "speaker": "杜傳, Taugadhu, male, 1943-10-12", "collected": "2010-01-14", "revised": "None", "video": "RukaiNr-naming_taugadhu.mp3"}, "file": "Rukai_Vedai/RukaiNr-naming_taugadhu", "num": 92}], [92, {"ori": [], "gloss": [["yakai", "EXIST", "存在"], ["kudra,_", "that", "那個"]], "free": [], "s_end": false, "iu_a_span": [205.59, 207.29], "meta": {"topic": "naming", "type": "Narrative", "language": "魯凱語, Rukai, Budai", "speaker": "杜傳, Taugadhu, male, 1943-10-12", "collected": "2010-01-14", "revised": "None", "video": "RukaiNr-naming_taugadhu.mp3"}, "file": "Rukai_Vedai/RukaiNr-naming_taugadhu", "num": 92}], [94, {"ori": [], "gloss": [["nagane-nai", "name-1EPL.GEN", "名字-1EPL.屬格"], ["ka", "NOM", "主格"], ["tai-ane^ane,/", "TAI-who", "TAI-誰"]], "free": [], "s_end": false, "iu_a_span": [207.87, 209.75], "meta": {"topic": "naming", "type": "Narrative", "language": "魯凱語, Rukai, Budai", "speaker": "杜傳, Taugadhu, male, 1943-10-12", "collected": "2010-01-14", "revised": "None", "video": "RukaiNr-naming_taugadhu.mp3"}, "file": "Rukai_Vedai/RukaiNr-naming_taugadhu", "num": 94}], [95, {"ori": [], "gloss": [["nagane-nai", "name-1EPL.GEN", "名字-1EPL.屬格"], ["ka", "NOM", "主格"], ["tai-aneane", "TAI-who", "TAI-誰"], ["amiya,\\", "DM", "DM"]], "free": [], "s_end": false, "iu_a_span": [209.75, 212.0], "meta": {"topic": "naming", "type": "Narrative", "language": "魯凱語, Rukai, Budai", "speaker": "杜傳, Taugadhu, male, 1943-10-12", "collected": "2010-01-14", "revised": "None", "video": "RukaiNr-naming_taugadhu.mp3"}, "file": "Rukai_Vedai/RukaiNr-naming_taugadhu", "num": 95}], [96, {"ori": [], "gloss": [["unu", "yes", "是"], ["talialalai.\\", "chieftain", "頭目"]], "free": ["#e There are two kinds of chieftains, whose names may belong to ours or to others’.", "#c 頭目有分兩部分, 頭目有是有我們這家的名字, 或是誰家的名字。"], "s_end": true, "iu_a_span": [212.0, 213.55], "meta": {"topic": "naming", "type": "Narrative", "language": "魯凱語, Rukai, Budai", "speaker": "杜傳, Taugadhu, male, 1943-10-12", "collected": "2010-01-14", "revised": "None", "video": "RukaiNr-naming_taugadhu.mp3"}, "s_a_span": [198.4, 213.55], "file": "Rukai_Vedai/RukaiNr-naming_taugadhu", "num": 96}], [97, {"ori": [], "gloss": [["kai", "NEG", "否定"], ["arakai", "use", "用"], ["sanaka", "every", "任何"], ["mane-manemane.\\", "RED-what", "重疊-什麼"]], "free": [], "s_end": false, "iu_a_span": [213.55, 215.83], "meta": {"topic": "naming", "type": "Narrative", "language": "魯凱語, Rukai, Budai", "speaker": "杜傳, Taugadhu, male, 1943-10-12", "collected": "2010-01-14", "revised": "None", "video": "RukaiNr-naming_taugadhu.mp3"}, "file": "Rukai_Vedai/RukaiNr-naming_taugadhu", "num": 97}], [98, {"ori": [], "gloss": [["la", "DM", "DM"], ["kikai", "this", "這個"], ["su-naga-nagane,_", "call-RED-name", "叫-RED-名字"]], "free": [], "s_end": false, "iu_a_span": [215.83, 218.69], "meta": {"topic": "naming", "type": "Narrative", "language": "魯凱語, Rukai, Budai", "speaker": "杜傳, Taugadhu, male, 1943-10-12", "collected": "2010-01-14", "revised": "None", "video": "RukaiNr-naming_taugadhu.mp3"}, "file": "Rukai_Vedai/RukaiNr-naming_taugadhu", "num": 98}], [99, {"ori": [], "gloss": [["sua", "belong", "屬於"], ["tavanane.\\", "leader", "當家"]], "free": ["#e Even a chieftain cannot possess all the names, only the leader can.", "#c 雖然是頭目不是全部的名字都可以擁有，只有當家才能擁有名字。"], "s_end": true, "iu_a_span": [218.69, 220.92], "meta": {"topic": "naming", "type": "Narrative", "language": "魯凱語, Rukai, Budai", "speaker": "杜傳, Taugadhu, male, 1943-10-12", "collected": "2010-01-14", "revised": "None", "video": "RukaiNr-naming_taugadhu.mp3"}, "s_a_span": [213.55, 220.92], "file": "Rukai_Vedai/RukaiNr-naming_taugadhu", "num": 99}]], "meta": {"topic": "naming", "type": "Narrative", "language": "魯凱語, Rukai, Budai", "speaker": "杜傳, Taugadhu, male, 1943-10-12", "collected": "2010-01-14", "revised": "None", "video": "RukaiNr-naming_taugadhu.mp3"}}