{"glosses": [[1, {"ori": [], "gloss": [["sabau", "greeting", "你好"], ["maka^naelre.\\", "everyone", "大家"]], "free": ["#e Greetings, everyone", "#c 大家好。"], "s_end": true, "iu_a_span": [16.73, 18.29], "meta": {"topic": "Marriage Ceremony", "type": "Narrative", "language": "魯凱語, Rukai, Vedai", "speaker": "杜傳, Taugadhu, male, 1943-10-12", "collected": "None", "revised": "None", "video": "RukaiNr-marriage ceremony_taugadha.mp3"}, "s_a_span": [16.73, 18.29], "file": "Rukai_Vedai/RukaiNr-marriage ceremony_taugadha", "num": 1}], [2, {"ori": [], "gloss": [["...", "", ""], ["maelane-nga", "thank-PFV", "感謝-完成"], ["kikai==,\\", "this", "這個"]], "free": [], "s_end": false, "iu_a_span": [18.29, 20.15], "meta": {"topic": "Marriage Ceremony", "type": "Narrative", "language": "魯凱語, Rukai, Vedai", "speaker": "杜傳, Taugadhu, male, 1943-10-12", "collected": "None", "revised": "None", "video": "RukaiNr-marriage ceremony_taugadha.mp3"}, "file": "Rukai_Vedai/RukaiNr-marriage ceremony_taugadha", "num": 2}], [3, {"ori": [], "gloss": [["...", "", ""], ["lrimatikai=aku", "thank-this=1SG.NOM", "感謝-這=1SG.NOM"], ["kai", "this", "這"], ["ma-ku^cingale", "MA-important", "MA-重要"], ["ikai", "EXIST", "存在"], ["ta-karudrarudrang-ane=ta", "NMZ-marry-NMZ=2PL.GEN", "名物化-結婚-名物化=2PL.GEN"], ["ka", "TOP", "主題"], ["Ngudradrekai.\\", "Rukai", "魯凱族"]], "free": ["#e Thanks to this opportunity, I need to say that our wedding ceremony, (in) Rukai, is very important.", "#c 感謝這次機會，我要說魯凱族的婚禮是很重要的。"], "s_end": true, "iu_a_span": [20.15, 24.83], "meta": {"topic": "Marriage Ceremony", "type": "Narrative", "language": "魯凱語, Rukai, Vedai", "speaker": "杜傳, Taugadhu, male, 1943-10-12", "collected": "None", "revised": "None", "video": "RukaiNr-marriage ceremony_taugadha.mp3"}, "s_a_span": [18.29, 24.83], "file": "Rukai_Vedai/RukaiNr-marriage ceremony_taugadha", "num": 3}], [4, {"ori": [], "gloss": [["...(1.7)", "", ""], ["kai", "this", "這個"], ["lu-ceke-cekel-ane", "IRR", "非實現-ceke-cekel-名物化"], ["yaie", "RED-CEKEL-NMZ", "DM"], ["ma-kucingalre", "DM", "MA-重要"], ["tara", "MA-important", "要"], ["tuamadu", "need", "順從"], ["kaiki==,\\", "obey", "這"]], "free": [], "s_end": false, "iu_a_span": [24.83, 30.26], "meta": {"topic": "Marriage Ceremony", "type": "Narrative", "language": "魯凱語, Rukai, Vedai", "speaker": "杜傳, Taugadhu, male, 1943-10-12", "collected": "None", "revised": "None", "video": "RukaiNr-marriage ceremony_taugadha.mp3"}, "file": "Rukai_Vedai/RukaiNr-marriage ceremony_taugadha", "num": 4}], [5, {"ori": [], "gloss": [["..", "", ""], ["marudrange.\\", "old.man", "老人"]], "free": ["#e It is important to obey the elders for having a family.", "#c 要建立家庭，聽從老人是很重要的。"], "s_end": true, "iu_a_span": [30.26, 31.0], "meta": {"topic": "Marriage Ceremony", "type": "Narrative", "language": "魯凱語, Rukai, Vedai", "speaker": "杜傳, Taugadhu, male, 1943-10-12", "collected": "None", "revised": "None", "video": "RukaiNr-marriage ceremony_taugadha.mp3"}, "s_a_span": [24.83, 31.0], "file": "Rukai_Vedai/RukaiNr-marriage ceremony_taugadha", "num": 5}], [6, {"ori": [], "gloss": [["...(1.0)", "", ""], ["kai", "this", "這個"], ["lu-lri-karudrange", "IRR-IRR-marry", "非實現-非實現-結婚"], ["kai==,_", "this", "這個"]], "free": [], "s_end": false, "iu_a_span": [31.0, 33.7], "meta": {"topic": "Marriage Ceremony", "type": "Narrative", "language": "魯凱語, Rukai, Vedai", "speaker": "杜傳, Taugadhu, male, 1943-10-12", "collected": "None", "revised": "None", "video": "RukaiNr-marriage ceremony_taugadha.mp3"}, "file": "Rukai_Vedai/RukaiNr-marriage ceremony_taugadha", "num": 6}], [7, {"ori": [], "gloss": [["..", "", ""], ["ngudradrekai.\\", "Rukai", "魯凱族"]], "free": ["#e Rukai people would like to get married.", "#c 如果魯凱族人想結婚。"], "s_end": true, "iu_a_span": [33.7, 34.46], "meta": {"topic": "Marriage Ceremony", "type": "Narrative", "language": "魯凱語, Rukai, Vedai", "speaker": "杜傳, Taugadhu, male, 1943-10-12", "collected": "None", "revised": "None", "video": "RukaiNr-marriage ceremony_taugadha.mp3"}, "s_a_span": [31.0, 34.46], "file": "Rukai_Vedai/RukaiNr-marriage ceremony_taugadha", "num": 7}], [13, {"ori": [], "gloss": [["...", "", ""], ["laisi,\\", "if", "如果"]], "free": [], "s_end": false, "iu_a_span": [50.07, 51.05], "meta": {"topic": "Marriage Ceremony", "type": "Narrative", "language": "魯凱語, Rukai, Vedai", "speaker": "杜傳, Taugadhu, male, 1943-10-12", "collected": "None", "revised": "None", "video": "RukaiNr-marriage ceremony_taugadha.mp3"}, "file": "Rukai_Vedai/RukaiNr-marriage ceremony_taugadha", "num": 13}], [14, {"ori": [], "gloss": [["...", "", ""], ["la", "then", "然後"], ["ma-palrailraingi,_", "REC-accept", "交互-答應"]], "free": [], "s_end": false, "iu_a_span": [51.05, 52.92], "meta": {"topic": "Marriage Ceremony", "type": "Narrative", "language": "魯凱語, Rukai, Vedai", "speaker": "杜傳, Taugadhu, male, 1943-10-12", "collected": "None", "revised": "None", "video": "RukaiNr-marriage ceremony_taugadha.mp3"}, "file": "Rukai_Vedai/RukaiNr-marriage ceremony_taugadha", "num": 14}], [15, {"ori": [], "gloss": [["...(0.9)", "", ""], ["la", "then", "然後"], ["ma-latubalrebalre,\\", "REC-negotiate", "互相-談"]], "free": [], "s_end": false, "iu_a_span": [52.92, 55.17], "meta": {"topic": "Marriage Ceremony", "type": "Narrative", "language": "魯凱語, Rukai, Vedai", "speaker": "杜傳, Taugadhu, male, 1943-10-12", "collected": "None", "revised": "None", "video": "RukaiNr-marriage ceremony_taugadha.mp3"}, "file": "Rukai_Vedai/RukaiNr-marriage ceremony_taugadha", "num": 15}], [16, {"ori": [], "gloss": [["...(1.6)", "", ""], ["la==", "then", "然後"], ["tualai", "from", "從"], ["kuini", "that", "那"], ["tu-a-siasi^lang-ane,\\", "make-NMZ-engage-NMZ", "做-名物化-訂婚-名物化"]], "free": [], "s_end": false, "iu_a_span": [55.17, 59.14], "meta": {"topic": "Marriage Ceremony", "type": "Narrative", "language": "魯凱語, Rukai, Vedai", "speaker": "杜傳, Taugadhu, male, 1943-10-12", "collected": "None", "revised": "None", "video": "RukaiNr-marriage ceremony_taugadha.mp3"}, "file": "Rukai_Vedai/RukaiNr-marriage ceremony_taugadha", "num": 16}], [17, {"ori": [], "gloss": [["...(2.3)", "", ""], ["kikai", "this", "這"], ["lu", "IRR", "非實現"], ["ma-upapulang-ane", "REC-be.in.love-NMZ", "互相-戀愛-名物化"], ["kikai", "this", "這個"], ["kai", "NEG", "否定"], ["ka-matuaduai.\\", "KA-easy", "KA-簡單"]], "free": ["#e If (male and female family) talked to each other and (they) accepted the engagement, the loving ceremony would not be easy since the engagement was made.", "#c 如果(男女雙方)互談並答應，自訂下婚約時起，戀愛儀式就不簡單。"], "s_end": true, "iu_a_span": [59.14, 64.0], "meta": {"topic": "Marriage Ceremony", "type": "Narrative", "language": "魯凱語, Rukai, Vedai", "speaker": "杜傳, Taugadhu, male, 1943-10-12", "collected": "None", "revised": "None", "video": "RukaiNr-marriage ceremony_taugadha.mp3"}, "s_a_span": [50.07, 64.0], "file": "Rukai_Vedai/RukaiNr-marriage ceremony_taugadha", "num": 17}], [18, {"ori": [], "gloss": [["...(0.7)", "", ""], ["ma-upapalang-ane", "REC-be.in.love-NMZ", "交互-戀愛-名物化"], ["madu", "need", "要"], ["si", "CONJ", "連接詞"], ["la", "then", "然後"], ["ma-cea-cebe", "REC-RED-give.gift", "交互-RED-送禮"], ["madu==,_", "must", "要"]], "free": [], "s_end": false, "iu_a_span": [64.0, 68.63], "meta": {"topic": "Marriage Ceremony", "type": "Narrative", "language": "魯凱語, Rukai, Vedai", "speaker": "杜傳, Taugadhu, male, 1943-10-12", "collected": "None", "revised": "None", "video": "RukaiNr-marriage ceremony_taugadha.mp3"}, "file": "Rukai_Vedai/RukaiNr-marriage ceremony_taugadha", "num": 18}], [19, {"ori": [], "gloss": [["..", "", ""], ["si", "CONJ", "連接詞"], ["kuauaubu,_", "give.dinner", "送餐"]], "free": [], "s_end": false, "iu_a_span": [68.63, 70.22], "meta": {"topic": "Marriage Ceremony", "type": "Narrative", "language": "魯凱語, Rukai, Vedai", "speaker": "杜傳, Taugadhu, male, 1943-10-12", "collected": "None", "revised": "None", "video": "RukaiNr-marriage ceremony_taugadha.mp3"}, "file": "Rukai_Vedai/RukaiNr-marriage ceremony_taugadha", "num": 19}], [20, {"ori": [], "gloss": [["...", "", ""], ["ma-paka-^pakane,\\", "REC-RED-dine.together", "互相-重疊-聚餐"]], "free": [], "s_end": false, "iu_a_span": [70.22, 72.01], "meta": {"topic": "Marriage Ceremony", "type": "Narrative", "language": "魯凱語, Rukai, Vedai", "speaker": "杜傳, Taugadhu, male, 1943-10-12", "collected": "None", "revised": "None", "video": "RukaiNr-marriage ceremony_taugadha.mp3"}, "file": "Rukai_Vedai/RukaiNr-marriage ceremony_taugadha", "num": 20}], [21, {"ori": [], "gloss": [["...", "", ""], ["lu", "IRR", "非實現"], ["maka-kela-kela-nga", "REC-RED-approach-PFV", "互相-重疊-接近-完成"], ["ku", "NOM", "主格"], ["kidremedreme", "heart", "心"], ["madu.", "must", "要"], ["_", "", ""]], "free": ["#e If (two families need a ceremony, (they) should give gifts and (they) dine together; (their) heart will be close", "#c 如果(雙方)要完成儀式，(他們)就要互相送禮然後他們聚餐。他們的心要貼近。"], "s_end": true, "iu_a_span": [72.01, 74.88], "meta": {"topic": "Marriage Ceremony", "type": "Narrative", "language": "魯凱語, Rukai, Vedai", "speaker": "杜傳, Taugadhu, male, 1943-10-12", "collected": "None", "revised": "None", "video": "RukaiNr-marriage ceremony_taugadha.mp3"}, "s_a_span": [64.0, 74.88], "file": "Rukai_Vedai/RukaiNr-marriage ceremony_taugadha", "num": 21}], [22, {"ori": [], "gloss": [["...", "", ""], ["ala", "then", "然後"], ["pa-mu-a", "CAU-go-REAL", "使役-去-實現"], ["madu", "need", "要"], ["kuini", "this", "這"], ["ki", "OBL", "斜格"], ["taliababadhane.\\", "NMZ-IRR-female-NMZ", "名物化-非實現-女生-名物化"]], "free": ["#e Then, (the male family) should be asked to the female mamily.", "#c 然後，(男方) 就要被請到女方家。"], "s_end": true, "iu_a_span": [74.88, 78.35], "meta": {"topic": "Marriage Ceremony", "type": "Narrative", "language": "魯凱語, Rukai, Vedai", "speaker": "杜傳, Taugadhu, male, 1943-10-12", "collected": "None", "revised": "None", "video": "RukaiNr-marriage ceremony_taugadha.mp3"}, "s_a_span": [74.88, 78.35], "file": "Rukai_Vedai/RukaiNr-marriage ceremony_taugadha", "num": 22}], [23, {"ori": [], "gloss": [["...(0.8)", "", ""], ["lu", "IRR", "非實現"], ["tubulre", "response", "回應"], ["ku==", "NOM", "主格"], ["labaibai,\\", "female.family", "女方"]], "free": [], "s_end": false, "iu_a_span": [78.35, 81.11], "meta": {"topic": "Marriage Ceremony", "type": "Narrative", "language": "魯凱語, Rukai, Vedai", "speaker": "杜傳, Taugadhu, male, 1943-10-12", "collected": "None", "revised": "None", "video": "RukaiNr-marriage ceremony_taugadha.mp3"}, "file": "Rukai_Vedai/RukaiNr-marriage ceremony_taugadha", "num": 23}], [24, {"ori": [], "gloss": [["...(0.8)", "", ""], ["p<ela>ela", "<RED>say", "<重疊>說"], ["madu", "need", "要"], ["kai==", "this", "這"], ["taka", "do", "做"], ["rudra-rudrang-ane", "RED-marry", "重疊-結婚"], ["kai", "this", "這"], ["rarukudrane.\\", "dowry", "聘禮"]], "free": ["#e If the female family responded, (they) would discuss about the dowry in the wedding ceremony.", "#c 若女方回應，就可以開始談結婚要準備的聘禮。"], "s_end": true, "iu_a_span": [81.11, 85.93], "meta": {"topic": "Marriage Ceremony", "type": "Narrative", "language": "魯凱語, Rukai, Vedai", "speaker": "杜傳, Taugadhu, male, 1943-10-12", "collected": "None", "revised": "None", "video": "RukaiNr-marriage ceremony_taugadha.mp3"}, "s_a_span": [78.35, 85.93], "file": "Rukai_Vedai/RukaiNr-marriage ceremony_taugadha", "num": 24}], [25, {"ori": [], "gloss": [["...(1.1)", "", ""], ["kikai==,\\", "this", "這"]], "free": [], "s_end": false, "iu_a_span": [85.93, 88.2], "meta": {"topic": "Marriage Ceremony", "type": "Narrative", "language": "魯凱語, Rukai, Vedai", "speaker": "杜傳, Taugadhu, male, 1943-10-12", "collected": "None", "revised": "None", "video": "RukaiNr-marriage ceremony_taugadha.mp3"}, "file": "Rukai_Vedai/RukaiNr-marriage ceremony_taugadha", "num": 25}], [26, {"ori": [], "gloss": [["...", "", ""], ["lu", "IRR", "非實現"], ["ma-dau-darunr-ane-nga,_", "REC-RED-achieve-NMZ-PFV", "互相-重疊-達成-名物化-完成"]], "free": [], "s_end": false, "iu_a_span": [88.2, 89.92], "meta": {"topic": "Marriage Ceremony", "type": "Narrative", "language": "魯凱語, Rukai, Vedai", "speaker": "杜傳, Taugadhu, male, 1943-10-12", "collected": "None", "revised": "None", "video": "RukaiNr-marriage ceremony_taugadha.mp3"}, "file": "Rukai_Vedai/RukaiNr-marriage ceremony_taugadha", "num": 26}], [27, {"ori": [], "gloss": [["..", "", ""], ["tualai", "from", "從"], ["madu", "need", "要"], ["kuini", "this", "這"], ["tu-a-siasi^lang-ane.\\", "TU-NMZ-engage-NMZ", "TU-名物化-訂婚-名物化"]], "free": ["#e This way, if (they) mutually achieved, from the time (they) need to prepare the dowry…", "#c 這樣，如果(他們)互相做到了，從(他們)要準備聘禮。"], "s_end": true, "iu_a_span": [89.92, 92.55], "meta": {"topic": "Marriage Ceremony", "type": "Narrative", "language": "魯凱語, Rukai, Vedai", "speaker": "杜傳, Taugadhu, male, 1943-10-12", "collected": "None", "revised": "None", "video": "RukaiNr-marriage ceremony_taugadha.mp3"}, "s_a_span": [85.93, 92.55], "file": "Rukai_Vedai/RukaiNr-marriage ceremony_taugadha", "num": 27}], [28, {"ori": [], "gloss": [["...(1.0)", "", ""], ["kuini", "this", "這"], ["tu-a-siasilang-ane", "TU-NMZ-engage-NMZ", "TU-名物化-訂婚-名物化"], ["amia,_", "it.is.exactly", "就是"]], "free": [], "s_end": false, "iu_a_span": [92.55, 95.62], "meta": {"topic": "Marriage Ceremony", "type": "Narrative", "language": "魯凱語, Rukai, Vedai", "speaker": "杜傳, Taugadhu, male, 1943-10-12", "collected": "None", "revised": "None", "video": "RukaiNr-marriage ceremony_taugadha.mp3"}, "file": "Rukai_Vedai/RukaiNr-marriage ceremony_taugadha", "num": 28}], [29, {"ori": [], "gloss": [["...", "", ""], ["kuini", "this", "這個"], ["tautiasilangane", "taiwanese", "台灣人"], ["<L2MdinghunL2M>", "<L2MdinghunL2M>", "<L2M訂婚L2M>"], ["a^mia.\\", "it.is.exactly", "就是"]], "free": ["#e Dowry is the “dinghun” in Taiwanese.", "#c 這tuasiasilangane就是台灣人的訂婚。"], "s_end": true, "iu_a_span": [95.62, 99.21], "meta": {"topic": "Marriage Ceremony", "type": "Narrative", "language": "魯凱語, Rukai, Vedai", "speaker": "杜傳, Taugadhu, male, 1943-10-12", "collected": "None", "revised": "None", "video": "RukaiNr-marriage ceremony_taugadha.mp3"}, "s_a_span": [92.55, 99.21], "file": "Rukai_Vedai/RukaiNr-marriage ceremony_taugadha", "num": 29}], [30, {"ori": [], "gloss": [["...(0.9)", "", ""], ["kikai", "this", "這"], ["lu", "IRR", "非實現"], ["tu-a-siasilang-ane", "TU-NMZ-engage-NMZ", "TU-名物化-訂婚-名物化"], ["kai==,_", "this", "這個"]], "free": [], "s_end": false, "iu_a_span": [99.21, 102.52], "meta": {"topic": "Marriage Ceremony", "type": "Narrative", "language": "魯凱語, Rukai, Vedai", "speaker": "杜傳, Taugadhu, male, 1943-10-12", "collected": "None", "revised": "None", "video": "RukaiNr-marriage ceremony_taugadha.mp3"}, "file": "Rukai_Vedai/RukaiNr-marriage ceremony_taugadha", "num": 30}], [31, {"ori": [], "gloss": [["...", "", ""], ["sauvalai==,_", "male", "男生"]], "free": [], "s_end": false, "iu_a_span": [102.52, 103.99], "meta": {"topic": "Marriage Ceremony", "type": "Narrative", "language": "魯凱語, Rukai, Vedai", "speaker": "杜傳, Taugadhu, male, 1943-10-12", "collected": "None", "revised": "None", "video": "RukaiNr-marriage ceremony_taugadha.mp3"}, "file": "Rukai_Vedai/RukaiNr-marriage ceremony_taugadha", "num": 31}], [32, {"ori": [], "gloss": [["...(0.9)", "", ""], ["e==,\\", "FIL", "FIL"]], "free": [], "s_end": false, "iu_a_span": [103.99, 105.59], "meta": {"topic": "Marriage Ceremony", "type": "Narrative", "language": "魯凱語, Rukai, Vedai", "speaker": "杜傳, Taugadhu, male, 1943-10-12", "collected": "None", "revised": "None", "video": "RukaiNr-marriage ceremony_taugadha.mp3"}, "file": "Rukai_Vedai/RukaiNr-marriage ceremony_taugadha", "num": 32}], [33, {"ori": [], "gloss": [["...", "", ""], ["ma-kucingale", "MA-important", "MA-重要"], ["ku==,_", "NOM", "主格"]], "free": [], "s_end": false, "iu_a_span": [105.59, 107.59], "meta": {"topic": "Marriage Ceremony", "type": "Narrative", "language": "魯凱語, Rukai, Vedai", "speaker": "杜傳, Taugadhu, male, 1943-10-12", "collected": "None", "revised": "None", "video": "RukaiNr-marriage ceremony_taugadha.mp3"}, "file": "Rukai_Vedai/RukaiNr-marriage ceremony_taugadha", "num": 33}], [34, {"ori": [], "gloss": [["...", "", ""], ["raruku^drane.\\", "dowry", "聘禮"]], "free": ["#e If the male makes the engagement, the dowry will be very important", "#c 如果男方要準備聘禮，那是相當重要的。"], "s_end": true, "iu_a_span": [107.59, 108.73], "meta": {"topic": "Marriage Ceremony", "type": "Narrative", "language": "魯凱語, Rukai, Vedai", "speaker": "杜傳, Taugadhu, male, 1943-10-12", "collected": "None", "revised": "None", "video": "RukaiNr-marriage ceremony_taugadha.mp3"}, "s_a_span": [99.21, 108.73], "file": "Rukai_Vedai/RukaiNr-marriage ceremony_taugadha", "num": 34}], [35, {"ori": [], "gloss": [["...(0.7)", "", ""], ["kudra", "that", "那"], ["lu", "IRR", "非實現"], ["tu-a-siasilang-ane,_", "make-NMZ-engage-NMZ", "做-名物化-訂婚-名物化"]], "free": [], "s_end": false, "iu_a_span": [108.73, 111.07], "meta": {"topic": "Marriage Ceremony", "type": "Narrative", "language": "魯凱語, Rukai, Vedai", "speaker": "杜傳, Taugadhu, male, 1943-10-12", "collected": "None", "revised": "None", "video": "RukaiNr-marriage ceremony_taugadha.mp3"}, "file": "Rukai_Vedai/RukaiNr-marriage ceremony_taugadha", "num": 35}], [36, {"ori": [], "gloss": [["...", "", ""], ["la", "then", "然後"], ["ma-p<ela>ela==", "REC-<RED>say", "互相-<重疊>說"], ["kai", "this", "這個"], ["marudraudrane==,_", "老人家", "elders"]], "free": [], "s_end": false, "iu_a_span": [111.07, 114.2], "meta": {"topic": "Marriage Ceremony", "type": "Narrative", "language": "魯凱語, Rukai, Vedai", "speaker": "杜傳, Taugadhu, male, 1943-10-12", "collected": "None", "revised": "None", "video": "RukaiNr-marriage ceremony_taugadha.mp3"}, "file": "Rukai_Vedai/RukaiNr-marriage ceremony_taugadha", "num": 36}], [37, {"ori": [], "gloss": [["..", "", ""], ["abadhane", "item", "物品"], ["ku==", "OBL", "斜格"], ["rarukudrane==,_", "dowry", "聘禮"]], "free": [], "s_end": false, "iu_a_span": [114.2, 116.89], "meta": {"topic": "Marriage Ceremony", "type": "Narrative", "language": "魯凱語, Rukai, Vedai", "speaker": "杜傳, Taugadhu, male, 1943-10-12", "collected": "None", "revised": "None", "video": "RukaiNr-marriage ceremony_taugadha.mp3"}, "file": "Rukai_Vedai/RukaiNr-marriage ceremony_taugadha", "num": 37}], [38, {"ori": [], "gloss": [["..", "", ""], ["ku", "OBL", "斜格"], ["lau^bubulu._", "necessity", "必備品"]], "free": ["#e While (they) preparing the dowry, elders discussed about the necessity items of the dowry mutually.", "#c 當(他們)準備聘禮時，老人家互相談論必備的聘禮物品。"], "s_end": true, "iu_a_span": [116.89, 118.22], "meta": {"topic": "Marriage Ceremony", "type": "Narrative", "language": "魯凱語, Rukai, Vedai", "speaker": "杜傳, Taugadhu, male, 1943-10-12", "collected": "None", "revised": "None", "video": "RukaiNr-marriage ceremony_taugadha.mp3"}, "s_a_span": [108.73, 118.22], "file": "Rukai_Vedai/RukaiNr-marriage ceremony_taugadha", "num": 38}], [39, {"ori": [], "gloss": [["..", "", ""], ["ma-p<ela>ela", "REC-<RED>say", "互相-<重疊>說"], ["ki", "OBL", "主格"], ["^kuini.\\", "this", "這"]], "free": ["#e (elders) discussed this.", "#c (老人)互相討論這個。"], "s_end": true, "iu_a_span": [118.22, 119.83], "meta": {"topic": "Marriage Ceremony", "type": "Narrative", "language": "魯凱語, Rukai, Vedai", "speaker": "杜傳, Taugadhu, male, 1943-10-12", "collected": "None", "revised": "None", "video": "RukaiNr-marriage ceremony_taugadha.mp3"}, "s_a_span": [118.22, 119.83], "file": "Rukai_Vedai/RukaiNr-marriage ceremony_taugadha", "num": 39}], [40, {"ori": [], "gloss": [["...(1.2)", "", ""], ["ku-naduadruma", "past-time", "過去-時候"], ["yaie==,\\", "DM", "DM"]], "free": [], "s_end": false, "iu_a_span": [119.83, 122.55], "meta": {"topic": "Marriage Ceremony", "type": "Narrative", "language": "魯凱語, Rukai, Vedai", "speaker": "杜傳, Taugadhu, male, 1943-10-12", "collected": "None", "revised": "None", "video": "RukaiNr-marriage ceremony_taugadha.mp3"}, "file": "Rukai_Vedai/RukaiNr-marriage ceremony_taugadha", "num": 40}], [41, {"ori": [], "gloss": [["...", "", ""], ["tu-a-siasilang-ane", "TU-NMZ-engage-NMZ", "TU-名物化-訂婚-名物化"], ["madu", "need", "要"], ["si,_", "SI", "SI"]], "free": [], "s_end": false, "iu_a_span": [122.55, 125.47], "meta": {"topic": "Marriage Ceremony", "type": "Narrative", "language": "魯凱語, Rukai, Vedai", "speaker": "杜傳, Taugadhu, male, 1943-10-12", "collected": "None", "revised": "None", "video": "RukaiNr-marriage ceremony_taugadha.mp3"}, "file": "Rukai_Vedai/RukaiNr-marriage ceremony_taugadha", "num": 41}], [42, {"ori": [], "gloss": [["...", "", ""], ["la", "IRR", "非現實"], ["mu-a-tail-ane", "go-REAL-long-NMZ", "去-REAL-長-名物化"], ["ku", "OBL", "時間"], ["^vai,\\", "", ""]], "free": [], "s_end": false, "iu_a_span": [125.47, 127.71], "meta": {"topic": "Marriage Ceremony", "type": "Narrative", "language": "魯凱語, Rukai, Vedai", "speaker": "杜傳, Taugadhu, male, 1943-10-12", "collected": "None", "revised": "None", "video": "RukaiNr-marriage ceremony_taugadha.mp3"}, "file": "Rukai_Vedai/RukaiNr-marriage ceremony_taugadha", "num": 42}], [43, {"ori": [], "gloss": [["...", "", ""], ["ala", "then", "然後"], ["e==,\\", "FIL", "FIL"]], "free": [], "s_end": false, "iu_a_span": [127.71, 129.36], "meta": {"topic": "Marriage Ceremony", "type": "Narrative", "language": "魯凱語, Rukai, Vedai", "speaker": "杜傳, Taugadhu, male, 1943-10-12", "collected": "None", "revised": "None", "video": "RukaiNr-marriage ceremony_taugadha.mp3"}, "file": "Rukai_Vedai/RukaiNr-marriage ceremony_taugadha", "num": 43}], [44, {"ori": [], "gloss": [["...", "", ""], ["ma-p<ela>ela", "REC-<RED>say", "互相-<重疊>說"], ["kuini", "this", "然後"], ["ala", "then", "結婚"], ["rudrangane,\\", "", ""]], "free": ["#e In the ancient time, engagement would take a very long time; they discussed and then got married.", "#c 在以前，訂婚要花很長的時間;(他們)討論然後結婚。"], "s_end": true, "iu_a_span": [129.36, 131.39], "meta": {"topic": "Marriage Ceremony", "type": "Narrative", "language": "魯凱語, Rukai, Vedai", "speaker": "杜傳, Taugadhu, male, 1943-10-12", "collected": "None", "revised": "None", "video": "RukaiNr-marriage ceremony_taugadha.mp3"}, "s_a_span": [119.83, 131.39], "file": "Rukai_Vedai/RukaiNr-marriage ceremony_taugadha", "num": 44}], [46, {"ori": [], "gloss": [["...(1.1)", "", ""], ["ma-ra^cacacangeta", "MA-hurry", "MA-急促"], ["si,\\", "CONJ", "連接詞"]], "free": [], "s_end": false, "iu_a_span": [133.31, 135.75], "meta": {"topic": "Marriage Ceremony", "type": "Narrative", "language": "魯凱語, Rukai, Vedai", "speaker": "杜傳, Taugadhu, male, 1943-10-12", "collected": "None", "revised": "None", "video": "RukaiNr-marriage ceremony_taugadha.mp3"}, "file": "Rukai_Vedai/RukaiNr-marriage ceremony_taugadha", "num": 46}], [47, {"ori": [], "gloss": [["...", "", ""], ["sana", "if", "如果"], ["^lrika-kakadrua", "will.be-no", "將會-沒有"], ["kudra", "that", "那"], ["kerece", "spirit", "靈魂"], ["yaie", "DM", "DM"], ["sana", "if", "互相-重疊-連接"], ["ma-dau-daruru", "REC-RED-connect", "DM"], ["yaie.\\", "", ""]], "free": ["#e Then, if (a marriage) is (arranged) in a hurry, then the spirit of (the two families) will have no connection.", "#c 然後，若(婚禮)草率(決定)，(雙方)靈魂將會沒有連結。"], "s_end": true, "iu_a_span": [135.75, 139.93], "meta": {"topic": "Marriage Ceremony", "type": "Narrative", "language": "魯凱語, Rukai, Vedai", "speaker": "杜傳, Taugadhu, male, 1943-10-12", "collected": "None", "revised": "None", "video": "RukaiNr-marriage ceremony_taugadha.mp3"}, "s_a_span": [133.31, 139.93], "file": "Rukai_Vedai/RukaiNr-marriage ceremony_taugadha", "num": 47}], [48, {"ori": [], "gloss": [["...", "", ""], ["ma-p^<ela>ela", "REC-<RED>say", "互相-<重疊>說"], ["si,\\", "CONJ", "連接詞"]], "free": [], "s_end": false, "iu_a_span": [139.93, 141.35], "meta": {"topic": "Marriage Ceremony", "type": "Narrative", "language": "魯凱語, Rukai, Vedai", "speaker": "杜傳, Taugadhu, male, 1943-10-12", "collected": "None", "revised": "None", "video": "RukaiNr-marriage ceremony_taugadha.mp3"}, "file": "Rukai_Vedai/RukaiNr-marriage ceremony_taugadha", "num": 48}], [49, {"ori": [], "gloss": [["...", "", ""], ["la", "then", "然後"], ["maukaiyane", "afterwards", "之後"], ["kuini==", "this", "這"], ["e,_", "FIL", "FIL"]], "free": [], "s_end": false, "iu_a_span": [141.35, 143.84], "meta": {"topic": "Marriage Ceremony", "type": "Narrative", "language": "魯凱語, Rukai, Vedai", "speaker": "杜傳, Taugadhu, male, 1943-10-12", "collected": "None", "revised": "None", "video": "RukaiNr-marriage ceremony_taugadha.mp3"}, "file": "Rukai_Vedai/RukaiNr-marriage ceremony_taugadha", "num": 49}], [50, {"ori": [], "gloss": [["...(0.9)", "", ""], ["tu-a-siasil-ane", "TU-NMZ-engage-NMZ", "TU-名物化-訂婚-名物化"], ["si==", "CONJ", "連接詞"], ["e==,\\", "FIL", "FIL"]], "free": [], "s_end": false, "iu_a_span": [143.84, 146.4], "meta": {"topic": "Marriage Ceremony", "type": "Narrative", "language": "魯凱語, Rukai, Vedai", "speaker": "杜傳, Taugadhu, male, 1943-10-12", "collected": "None", "revised": "None", "video": "RukaiNr-marriage ceremony_taugadha.mp3"}, "file": "Rukai_Vedai/RukaiNr-marriage ceremony_taugadha", "num": 50}], [51, {"ori": [], "gloss": [["...", "", ""], ["tu-a-lrevege", "TU-REAL-millet", "TU-REAL-小米"], ["si", "CONJ", "連接詞"], ["karudrange.\\", "marriage", "結婚"]], "free": ["#e After they discussed, (the two families) can make engagement, and (they) milled millet, and (they) have wedding ceremony.", "#c (雙方)討論後，就能訂婚，椿小米，然後進行婚禮。"], "s_end": true, "iu_a_span": [146.4, 148.64], "meta": {"topic": "Marriage Ceremony", "type": "Narrative", "language": "魯凱語, Rukai, Vedai", "speaker": "杜傳, Taugadhu, male, 1943-10-12", "collected": "None", "revised": "None", "video": "RukaiNr-marriage ceremony_taugadha.mp3"}, "s_a_span": [139.93, 148.64], "file": "Rukai_Vedai/RukaiNr-marriage ceremony_taugadha", "num": 51}], [52, {"ori": [], "gloss": [["...(1.2)", "", ""], ["kikai", "this", "這個"], ["lu==,_", "IRR", "非實現"]], "free": [], "s_end": false, "iu_a_span": [148.64, 151.08], "meta": {"topic": "Marriage Ceremony", "type": "Narrative", "language": "魯凱語, Rukai, Vedai", "speaker": "杜傳, Taugadhu, male, 1943-10-12", "collected": "None", "revised": "None", "video": "RukaiNr-marriage ceremony_taugadha.mp3"}, "file": "Rukai_Vedai/RukaiNr-marriage ceremony_taugadha", "num": 52}], [53, {"ori": [], "gloss": [["..", "", ""], ["tu-a-siasilang-ane,_", "TU-NMZ-engage-NMZ", "TU-NMZ-訂婚-名物化"]], "free": [], "s_end": false, "iu_a_span": [151.08, 152.5], "meta": {"topic": "Marriage Ceremony", "type": "Narrative", "language": "魯凱語, Rukai, Vedai", "speaker": "杜傳, Taugadhu, male, 1943-10-12", "collected": "None", "revised": "None", "video": "RukaiNr-marriage ceremony_taugadha.mp3"}, "file": "Rukai_Vedai/RukaiNr-marriage ceremony_taugadha", "num": 53}], [54, {"ori": [], "gloss": [["...", "", ""], ["lu", "IRR", "非實現"], ["karudrange==", "marriage", "結婚"], ["yaie,\\", "DM", "DM"]], "free": [], "s_end": false, "iu_a_span": [152.5, 154.34], "meta": {"topic": "Marriage Ceremony", "type": "Narrative", "language": "魯凱語, Rukai, Vedai", "speaker": "杜傳, Taugadhu, male, 1943-10-12", "collected": "None", "revised": "None", "video": "RukaiNr-marriage ceremony_taugadha.mp3"}, "file": "Rukai_Vedai/RukaiNr-marriage ceremony_taugadha", "num": 54}], [55, {"ori": [], "gloss": [["...(0.9)", "", ""], ["pasualala", "at.first", "首先"], ["madu==,\\", "need", "要"]], "free": [], "s_end": false, "iu_a_span": [154.34, 157.07], "meta": {"topic": "Marriage Ceremony", "type": "Narrative", "language": "魯凱語, Rukai, Vedai", "speaker": "杜傳, Taugadhu, male, 1943-10-12", "collected": "None", "revised": "None", "video": "RukaiNr-marriage ceremony_taugadha.mp3"}, "file": "Rukai_Vedai/RukaiNr-marriage ceremony_taugadha", "num": 55}], [56, {"ori": [], "gloss": [["...", "", ""], ["ma-p<ela>ela", "REC-<RED>say", "互相-重疊-說"], ["ku", "OBL", "斜格"], ["rarukudrane.\\", "dowry", "聘禮"]], "free": ["#e If (two families) (want) to engage and get married, (they) will first discuss about the dowry.", "#c 若(雙方)想訂婚與結婚，(他們)首先要互相討論聘禮。"], "s_end": true, "iu_a_span": [157.07, 159.2], "meta": {"topic": "Marriage Ceremony", "type": "Narrative", "language": "魯凱語, Rukai, Vedai", "speaker": "杜傳, Taugadhu, male, 1943-10-12", "collected": "None", "revised": "None", "video": "RukaiNr-marriage ceremony_taugadha.mp3"}, "s_a_span": [148.64, 159.2], "file": "Rukai_Vedai/RukaiNr-marriage ceremony_taugadha", "num": 56}], [57, {"ori": [], "gloss": [["...", "", ""], ["kikai", "this", "這個"], ["rarukudrane==,\\", "dowry", "聘禮"]], "free": [], "s_end": false, "iu_a_span": [159.2, 161.22], "meta": {"topic": "Marriage Ceremony", "type": "Narrative", "language": "魯凱語, Rukai, Vedai", "speaker": "杜傳, Taugadhu, male, 1943-10-12", "collected": "None", "revised": "None", "video": "RukaiNr-marriage ceremony_taugadha.mp3"}, "file": "Rukai_Vedai/RukaiNr-marriage ceremony_taugadha", "num": 57}], [58, {"ori": [], "gloss": [["...", "", ""], ["yaie", "DM", "DM"], ["sa^badhane,\\", "items", "項目"]], "free": [], "s_end": false, "iu_a_span": [161.22, 163.02], "meta": {"topic": "Marriage Ceremony", "type": "Narrative", "language": "魯凱語, Rukai, Vedai", "speaker": "杜傳, Taugadhu, male, 1943-10-12", "collected": "None", "revised": "None", "video": "RukaiNr-marriage ceremony_taugadha.mp3"}, "file": "Rukai_Vedai/RukaiNr-marriage ceremony_taugadha", "num": 58}], [59, {"ori": [], "gloss": [["..", "", ""], ["lamakaela", "different", "不同"], ["ku", "NOM", "主格"], ["talialalai", "noble", "貴族"], ["si==,_", "CONJ", "連接詞"]], "free": [], "s_end": false, "iu_a_span": [163.02, 165.21], "meta": {"topic": "Marriage Ceremony", "type": "Narrative", "language": "魯凱語, Rukai, Vedai", "speaker": "杜傳, Taugadhu, male, 1943-10-12", "collected": "None", "revised": "None", "video": "RukaiNr-marriage ceremony_taugadha.mp3"}, "file": "Rukai_Vedai/RukaiNr-marriage ceremony_taugadha", "num": 59}], [60, {"ori": [], "gloss": [["...", "", ""], ["lakau^kaulu,\\", "civilian", "平民"]], "free": [], "s_end": false, "iu_a_span": [165.21, 166.29], "meta": {"topic": "Marriage Ceremony", "type": "Narrative", "language": "魯凱語, Rukai, Vedai", "speaker": "杜傳, Taugadhu, male, 1943-10-12", "collected": "None", "revised": "None", "video": "RukaiNr-marriage ceremony_taugadha.mp3"}, "file": "Rukai_Vedai/RukaiNr-marriage ceremony_taugadha", "num": 60}], [61, {"ori": [], "gloss": [["...", "", ""], ["lakaukaulu==", "civilian", "平民"], ["si", "CONJ", "連接詞"], ["ta^giagi.\\", "non.eldest.son", "非長子"]], "free": ["#e The dowry is different for nobles, civilians, and non-eldest sons.", "#c 貴族、平民、非長子的聘禮不同。"], "s_end": true, "iu_a_span": [166.29, 168.74], "meta": {"topic": "Marriage Ceremony", "type": "Narrative", "language": "魯凱語, Rukai, Vedai", "speaker": "杜傳, Taugadhu, male, 1943-10-12", "collected": "None", "revised": "None", "video": "RukaiNr-marriage ceremony_taugadha.mp3"}, "s_a_span": [159.2, 168.74], "file": "Rukai_Vedai/RukaiNr-marriage ceremony_taugadha", "num": 61}], [62, {"ori": [], "gloss": [["...", "", ""], ["la", "DM", "DM"], ["kamani", "so", "所以"], ["kai", "this", "這"], ["raruku^drane,\\", "dowry", "聘禮"]], "free": [], "s_end": false, "iu_a_span": [168.74, 171.08], "meta": {"topic": "Marriage Ceremony", "type": "Narrative", "language": "魯凱語, Rukai, Vedai", "speaker": "杜傳, Taugadhu, male, 1943-10-12", "collected": "None", "revised": "None", "video": "RukaiNr-marriage ceremony_taugadha.mp3"}, "file": "Rukai_Vedai/RukaiNr-marriage ceremony_taugadha", "num": 62}], [63, {"ori": [], "gloss": [["...(1.2)", "", ""], ["laubu==bulu,\\", "necessity", "必需品"]], "free": [], "s_end": false, "iu_a_span": [171.08, 173.64], "meta": {"topic": "Marriage Ceremony", "type": "Narrative", "language": "魯凱語, Rukai, Vedai", "speaker": "杜傳, Taugadhu, male, 1943-10-12", "collected": "None", "revised": "None", "video": "RukaiNr-marriage ceremony_taugadha.mp3"}, "file": "Rukai_Vedai/RukaiNr-marriage ceremony_taugadha", "num": 63}], [64, {"ori": [], "gloss": [["...", "", ""], ["yakai", "EXIST", "存在"], ["ku==,\\", "NOM", "主格"]], "free": [], "s_end": false, "iu_a_span": [173.64, 175.29], "meta": {"topic": "Marriage Ceremony", "type": "Narrative", "language": "魯凱語, Rukai, Vedai", "speaker": "杜傳, Taugadhu, male, 1943-10-12", "collected": "None", "revised": "None", "video": "RukaiNr-marriage ceremony_taugadha.mp3"}, "file": "Rukai_Vedai/RukaiNr-marriage ceremony_taugadha", "num": 64}], [65, {"ori": [], "gloss": [["...", "", ""], ["talialaladh-ane==,_", "noble-NMZ", "貴族-名物化"]], "free": [], "s_end": false, "iu_a_span": [175.29, 177.1], "meta": {"topic": "Marriage Ceremony", "type": "Narrative", "language": "魯凱語, Rukai, Vedai", "speaker": "杜傳, Taugadhu, male, 1943-10-12", "collected": "None", "revised": "None", "video": "RukaiNr-marriage ceremony_taugadha.mp3"}, "file": "Rukai_Vedai/RukaiNr-marriage ceremony_taugadha", "num": 65}], [66, {"ori": [], "gloss": [["...", "", ""], ["yakai", "EXIST", "存在"], ["ku", "NOM", "主格"], ["tagiagi-^ane,_", "non.eldest.son-NMZ", "非長子-名物化"]], "free": [], "s_end": false, "iu_a_span": [177.1, 178.89], "meta": {"topic": "Marriage Ceremony", "type": "Narrative", "language": "魯凱語, Rukai, Vedai", "speaker": "杜傳, Taugadhu, male, 1943-10-12", "collected": "None", "revised": "None", "video": "RukaiNr-marriage ceremony_taugadha.mp3"}, "file": "Rukai_Vedai/RukaiNr-marriage ceremony_taugadha", "num": 66}], [67, {"ori": [], "gloss": [["...", "", ""], ["yakai", "EXIST", "存在"], ["ku", "NOM", "主格"], ["lakaukaul-ane.\\", "civilian-NMZ", "平民-名物化"]], "free": ["#e So for necessity, the dowry, there are nobles’, non-eldest sons’, and civilians’.", "#c 所以聘禮必需品有貴族用，非長子用，及平民用。"], "s_end": true, "iu_a_span": [178.89, 180.67], "meta": {"topic": "Marriage Ceremony", "type": "Narrative", "language": "魯凱語, Rukai, Vedai", "speaker": "杜傳, Taugadhu, male, 1943-10-12", "collected": "None", "revised": "None", "video": "RukaiNr-marriage ceremony_taugadha.mp3"}, "s_a_span": [168.74, 180.67], "file": "Rukai_Vedai/RukaiNr-marriage ceremony_taugadha", "num": 67}], [68, {"ori": [], "gloss": [["...(1.2)", "", ""], ["kikai", "this", "這個"], ["raruku^drane,\\", "dowry", "聘禮"]], "free": [], "s_end": false, "iu_a_span": [180.67, 183.19], "meta": {"topic": "Marriage Ceremony", "type": "Narrative", "language": "魯凱語, Rukai, Vedai", "speaker": "杜傳, Taugadhu, male, 1943-10-12", "collected": "None", "revised": "None", "video": "RukaiNr-marriage ceremony_taugadha.mp3"}, "file": "Rukai_Vedai/RukaiNr-marriage ceremony_taugadha", "num": 68}], [69, {"ori": [], "gloss": [["...", "", ""], ["amani", "it.is.exactly", "就是"], ["kuini", "this", "這個"], ["^sarakayane", "use", "用"], ["madu", "need", "要"], ["kuini", "this", "這個"], ["lu==,\\", "IRR,", "非實現"]], "free": [], "s_end": false, "iu_a_span": [183.19, 185.73], "meta": {"topic": "Marriage Ceremony", "type": "Narrative", "language": "魯凱語, Rukai, Vedai", "speaker": "杜傳, Taugadhu, male, 1943-10-12", "collected": "None", "revised": "None", "video": "RukaiNr-marriage ceremony_taugadha.mp3"}, "file": "Rukai_Vedai/RukaiNr-marriage ceremony_taugadha", "num": 69}], [70, {"ori": [], "gloss": [["...", "", ""], ["lu", "IRR", "非實現"], ["karudrangane.\\", "marriage", "結婚"]], "free": ["#e The dowry will be used for the wedding.", "#c 這聘禮就是用於結婚。"], "s_end": true, "iu_a_span": [185.73, 187.94], "meta": {"topic": "Marriage Ceremony", "type": "Narrative", "language": "魯凱語, Rukai, Vedai", "speaker": "杜傳, Taugadhu, male, 1943-10-12", "collected": "None", "revised": "None", "video": "RukaiNr-marriage ceremony_taugadha.mp3"}, "s_a_span": [180.67, 187.94], "file": "Rukai_Vedai/RukaiNr-marriage ceremony_taugadha", "num": 70}], [71, {"ori": [], "gloss": [["..", "", ""], ["kudra", "that", "那"], ["asasane-nga", "now-PFV", "現代-完成"], ["kudra==", "that", "那"], ["rarukudrane", "dowry", "聘禮"], ["yaie,\\", "DM", "DM"]], "free": [], "s_end": false, "iu_a_span": [187.94, 191.07], "meta": {"topic": "Marriage Ceremony", "type": "Narrative", "language": "魯凱語, Rukai, Vedai", "speaker": "杜傳, Taugadhu, male, 1943-10-12", "collected": "None", "revised": "None", "video": "RukaiNr-marriage ceremony_taugadha.mp3"}, "file": "Rukai_Vedai/RukaiNr-marriage ceremony_taugadha", "num": 71}], [72, {"ori": [], "gloss": [["...(0.7)", "", ""], ["la", "then", "然後"], ["kamani", "it.is.exactly", "就是"], ["kai", "this", "這個"], ["yaie==,\\", "DM", "DM"]], "free": [], "s_end": false, "iu_a_span": [191.07, 193.46], "meta": {"topic": "Marriage Ceremony", "type": "Narrative", "language": "魯凱語, Rukai, Vedai", "speaker": "杜傳, Taugadhu, male, 1943-10-12", "collected": "None", "revised": "None", "video": "RukaiNr-marriage ceremony_taugadha.mp3"}, "file": "Rukai_Vedai/RukaiNr-marriage ceremony_taugadha", "num": 72}], [73, {"ori": [], "gloss": [["...(1.0)", "", ""], ["a^ngatu.\\", "wood", "木材"]], "free": ["#e The recent dowry is wood.", "#c 現在的聘禮就是木材。"], "s_end": true, "iu_a_span": [193.46, 196.02], "meta": {"topic": "Marriage Ceremony", "type": "Narrative", "language": "魯凱語, Rukai, Vedai", "speaker": "杜傳, Taugadhu, male, 1943-10-12", "collected": "None", "revised": "None", "video": "RukaiNr-marriage ceremony_taugadha.mp3"}, "s_a_span": [187.94, 196.02], "file": "Rukai_Vedai/RukaiNr-marriage ceremony_taugadha", "num": 73}], [74, {"ori": [], "gloss": [["..", "", ""], ["tara-pasuala", "must-at.fitst", "一定-首先"], ["madu", "need", "要"], ["ka", "KA", "KA"], ["talisauvalayane", "NMZ-IRR-male-NMZ", "名物化-非實現-男生-名物化"], ["kia-a^ngatu,\\", "KIA-wood", "KIA-木材"]], "free": ["#e The male must at first lumber the wood.", "#c 男生要先砍樹。"], "s_end": true, "iu_a_span": [196.02, 199.47], "meta": {"topic": "Marriage Ceremony", "type": "Narrative", "language": "魯凱語, Rukai, Vedai", "speaker": "杜傳, Taugadhu, male, 1943-10-12", "collected": "None", "revised": "None", "video": "RukaiNr-marriage ceremony_taugadha.mp3"}, "s_a_span": [196.02, 199.47], "file": "Rukai_Vedai/RukaiNr-marriage ceremony_taugadha", "num": 74}], [75, {"ori": [], "gloss": [["...(1.2)", "", ""], ["e==,\\", "FIL", "FIL"]], "free": [], "s_end": false, "iu_a_span": [199.47, 201.48], "meta": {"topic": "Marriage Ceremony", "type": "Narrative", "language": "魯凱語, Rukai, Vedai", "speaker": "杜傳, Taugadhu, male, 1943-10-12", "collected": "None", "revised": "None", "video": "RukaiNr-marriage ceremony_taugadha.mp3"}, "file": "Rukai_Vedai/RukaiNr-marriage ceremony_taugadha", "num": 75}], [76, {"ori": [], "gloss": [["...(1.1)", "", ""], ["la", "then", "然後"], ["tara", "must", "一定"], ["ikai", "EXIST", "存在"], ["kudra", "that", "那個"], ["sa-kane-^kane,\\", "SA-RED-eat", "SA-重疊-吃"]], "free": ["#e There must be food.", "#c 要有吃的東西。"], "s_end": true, "iu_a_span": [201.48, 204.5], "meta": {"topic": "Marriage Ceremony", "type": "Narrative", "language": "魯凱語, Rukai, Vedai", "speaker": "杜傳, Taugadhu, male, 1943-10-12", "collected": "None", "revised": "None", "video": "RukaiNr-marriage ceremony_taugadha.mp3"}, "s_a_span": [199.47, 204.5], "file": "Rukai_Vedai/RukaiNr-marriage ceremony_taugadha", "num": 76}], [77, {"ori": [], "gloss": [["..", "", ""], ["kikai", "this", "這"], ["sa-kane-kane==,\\", "SA-RED-eat", "SA-重疊-吃"]], "free": [], "s_end": false, "iu_a_span": [204.5, 206.23], "meta": {"topic": "Marriage Ceremony", "type": "Narrative", "language": "魯凱語, Rukai, Vedai", "speaker": "杜傳, Taugadhu, male, 1943-10-12", "collected": "None", "revised": "None", "video": "RukaiNr-marriage ceremony_taugadha.mp3"}, "file": "Rukai_Vedai/RukaiNr-marriage ceremony_taugadha", "num": 77}], [78, {"ori": [], "gloss": [["...", "", ""], ["la", "DM", "DM"], ["kamani", "it.is.exactly", "就是"], ["kai", "this", "這"], ["bu^dulu.\\", "pork", "豬肉"]], "free": ["#e The food contains pork.", "#c 吃的東西有豬肉。"], "s_end": true, "iu_a_span": [206.23, 208.22], "meta": {"topic": "Marriage Ceremony", "type": "Narrative", "language": "魯凱語, Rukai, Vedai", "speaker": "杜傳, Taugadhu, male, 1943-10-12", "collected": "None", "revised": "None", "video": "RukaiNr-marriage ceremony_taugadha.mp3"}, "s_a_span": [204.5, 208.22], "file": "Rukai_Vedai/RukaiNr-marriage ceremony_taugadha", "num": 78}], [79, {"ori": [], "gloss": [["...", "", ""], ["budulu", "pork", "豬肉"], ["lu", "IRR", "非實現"], ["iya-ane,_", "DM", "說-名物化"]], "free": [], "s_end": false, "iu_a_span": [208.22, 210.28], "meta": {"topic": "Marriage Ceremony", "type": "Narrative", "language": "魯凱語, Rukai, Vedai", "speaker": "杜傳, Taugadhu, male, 1943-10-12", "collected": "None", "revised": "None", "video": "RukaiNr-marriage ceremony_taugadha.mp3"}, "file": "Rukai_Vedai/RukaiNr-marriage ceremony_taugadha", "num": 79}], [80, {"ori": [], "gloss": [["...", "", ""], ["amani", "it.is.exactly", "就是"], ["kai", "this", "這個"], ["va^gisi,_", "rump", "腿肉"]], "free": [], "s_end": false, "iu_a_span": [210.28, 212.0], "meta": {"topic": "Marriage Ceremony", "type": "Narrative", "language": "魯凱語, Rukai, Vedai", "speaker": "杜傳, Taugadhu, male, 1943-10-12", "collected": "None", "revised": "None", "video": "RukaiNr-marriage ceremony_taugadha.mp3"}, "file": "Rukai_Vedai/RukaiNr-marriage ceremony_taugadha", "num": 80}], [81, {"ori": [], "gloss": [["...", "", ""], ["amani", "it.is.exactly", "就是"], ["kai", "this", "這個"], ["^cai.\\", "sirloin", "腰肉"]], "free": ["#e The pork must be rump and sirloin.", "#c 豬肉必須是腿肉或五花肉。"], "s_end": true, "iu_a_span": [212.0, 213.67], "meta": {"topic": "Marriage Ceremony", "type": "Narrative", "language": "魯凱語, Rukai, Vedai", "speaker": "杜傳, Taugadhu, male, 1943-10-12", "collected": "None", "revised": "None", "video": "RukaiNr-marriage ceremony_taugadha.mp3"}, "s_a_span": [208.22, 213.67], "file": "Rukai_Vedai/RukaiNr-marriage ceremony_taugadha", "num": 81}], [82, {"ori": [], "gloss": [["...(1.4)", "", ""], ["la", "then", "然後"], ["ikai", "EXIST", "存在"], ["ku", "NOM", "主格"], ["abai,_", "rice.cake", "米糕"]], "free": ["#e There must be rice cake.", "#c 要有米糕。"], "s_end": true, "iu_a_span": [213.67, 216.29], "meta": {"topic": "Marriage Ceremony", "type": "Narrative", "language": "魯凱語, Rukai, Vedai", "speaker": "杜傳, Taugadhu, male, 1943-10-12", "collected": "None", "revised": "None", "video": "RukaiNr-marriage ceremony_taugadha.mp3"}, "s_a_span": [213.67, 216.29], "file": "Rukai_Vedai/RukaiNr-marriage ceremony_taugadha", "num": 82}], [83, {"ori": [], "gloss": [["...(0.8)", "", ""], ["la", "then", "然後"], ["ikai", "EXIST", "存在"], ["kikai", "this", "這個"], ["^bava,\\", "millet.liquor", "小米酒"]], "free": ["#e There must be millet liquor.", "#c 要有小米酒。"], "s_end": true, "iu_a_span": [216.29, 218.77], "meta": {"topic": "Marriage Ceremony", "type": "Narrative", "language": "魯凱語, Rukai, Vedai", "speaker": "杜傳, Taugadhu, male, 1943-10-12", "collected": "None", "revised": "None", "video": "RukaiNr-marriage ceremony_taugadha.mp3"}, "s_a_span": [216.29, 218.77], "file": "Rukai_Vedai/RukaiNr-marriage ceremony_taugadha", "num": 83}], [84, {"ori": [], "gloss": [["...(1.1)", "", ""], ["amani", "it.is.exactly", "就是"], ["kuini", "this", "這"], ["ma-kuciaci^ngale.\\", "MA-important", "狀態-重要"]], "free": ["#e These are very important", "#c 這些很重要。"], "s_end": true, "iu_a_span": [218.77, 221.51], "meta": {"topic": "Marriage Ceremony", "type": "Narrative", "language": "魯凱語, Rukai, Vedai", "speaker": "杜傳, Taugadhu, male, 1943-10-12", "collected": "None", "revised": "None", "video": "RukaiNr-marriage ceremony_taugadha.mp3"}, "s_a_span": [218.77, 221.51], "file": "Rukai_Vedai/RukaiNr-marriage ceremony_taugadha", "num": 84}], [85, {"ori": [], "gloss": [["...(1.6)", "", ""], ["lapatupapalraw", "follow", "跟著"], ["madu", "need", "要"], ["ku==,_", "OBL", "斜格"]], "free": [], "s_end": false, "iu_a_span": [221.51, 225.38], "meta": {"topic": "Marriage Ceremony", "type": "Narrative", "language": "魯凱語, Rukai, Vedai", "speaker": "杜傳, Taugadhu, male, 1943-10-12", "collected": "None", "revised": "None", "video": "RukaiNr-marriage ceremony_taugadha.mp3"}, "file": "Rukai_Vedai/RukaiNr-marriage ceremony_taugadha", "num": 85}], [86, {"ori": [], "gloss": [["...", "", ""], ["sabiki==,_", "betel.nut", "檳榔"]], "free": [], "s_end": false, "iu_a_span": [225.38, 226.75], "meta": {"topic": "Marriage Ceremony", "type": "Narrative", "language": "魯凱語, Rukai, Vedai", "speaker": "杜傳, Taugadhu, male, 1943-10-12", "collected": "None", "revised": "None", "video": "RukaiNr-marriage ceremony_taugadha.mp3"}, "file": "Rukai_Vedai/RukaiNr-marriage ceremony_taugadha", "num": 86}], [87, {"ori": [], "gloss": [["...(0.9)", "", ""], ["ku", "OBL", "斜格"], ["bava==,_", "millet.liquor", "小米酒"]], "free": [], "s_end": false, "iu_a_span": [226.75, 228.64], "meta": {"topic": "Marriage Ceremony", "type": "Narrative", "language": "魯凱語, Rukai, Vedai", "speaker": "杜傳, Taugadhu, male, 1943-10-12", "collected": "None", "revised": "None", "video": "RukaiNr-marriage ceremony_taugadha.mp3"}, "file": "Rukai_Vedai/RukaiNr-marriage ceremony_taugadha", "num": 87}], [88, {"ori": [], "gloss": [["...", "", ""], ["ku", "OBL", "斜格"], ["a-kane-kane", "A-RED-eat", "A-重疊-吃"], ["ku", "OBL", "斜格"], ["dru^ma==ne.\\", "other", "其他"]], "free": ["#e The following needs the betel nut, millet liquor, and other food.", "#c 還會有檳榔、小米酒等其他吃的東西。"], "s_end": true, "iu_a_span": [228.64, 230.59], "meta": {"topic": "Marriage Ceremony", "type": "Narrative", "language": "魯凱語, Rukai, Vedai", "speaker": "杜傳, Taugadhu, male, 1943-10-12", "collected": "None", "revised": "None", "video": "RukaiNr-marriage ceremony_taugadha.mp3"}, "s_a_span": [221.51, 230.59], "file": "Rukai_Vedai/RukaiNr-marriage ceremony_taugadha", "num": 88}], [89, {"ori": [], "gloss": [["..", "", ""], ["amani", "it.is.exactly", "就是"], ["kuini", "this", "這"], ["^si-a==,\\", "call-REAL", "叫-實現"]], "free": [], "s_end": false, "iu_a_span": [230.59, 232.31], "meta": {"topic": "Marriage Ceremony", "type": "Narrative", "language": "魯凱語, Rukai, Vedai", "speaker": "杜傳, Taugadhu, male, 1943-10-12", "collected": "None", "revised": "None", "video": "RukaiNr-marriage ceremony_taugadha.mp3"}, "file": "Rukai_Vedai/RukaiNr-marriage ceremony_taugadha", "num": 89}], [90, {"ori": [], "gloss": [["...(0.7)", "", ""], ["raruku^drane.\\", "dowry", "聘禮"]], "free": ["#e These are called dowry.", "#c 這些就叫聘禮。"], "s_end": true, "iu_a_span": [232.31, 234.8], "meta": {"topic": "Marriage Ceremony", "type": "Narrative", "language": "魯凱語, Rukai, Vedai", "speaker": "杜傳, Taugadhu, male, 1943-10-12", "collected": "None", "revised": "None", "video": "RukaiNr-marriage ceremony_taugadha.mp3"}, "s_a_span": [230.59, 234.8], "file": "Rukai_Vedai/RukaiNr-marriage ceremony_taugadha", "num": 90}], [91, {"ori": [], "gloss": [["...(0.7)", "", ""], ["tara-pasuala", "must-at.first", "一定-先"], ["madu", "need", "要"], ["ku", "OBL", "斜格"], ["rarukudrane", "dowry", "聘禮"], ["pu-lebe.\\", "put-down", "放-下來"]], "free": ["#e The dowry must be put down first.", "#c 聘禮一定要先拿下來。"], "s_end": true, "iu_a_span": [234.8, 238.1], "meta": {"topic": "Marriage Ceremony", "type": "Narrative", "language": "魯凱語, Rukai, Vedai", "speaker": "杜傳, Taugadhu, male, 1943-10-12", "collected": "None", "revised": "None", "video": "RukaiNr-marriage ceremony_taugadha.mp3"}, "s_a_span": [234.8, 238.1], "file": "Rukai_Vedai/RukaiNr-marriage ceremony_taugadha", "num": 91}], [92, {"ori": [], "gloss": [["...(1.4)", "", ""], ["lu==e==,\\", "IRR", "IRR"]], "free": [], "s_end": false, "iu_a_span": [238.1, 240.44], "meta": {"topic": "Marriage Ceremony", "type": "Narrative", "language": "魯凱語, Rukai, Vedai", "speaker": "杜傳, Taugadhu, male, 1943-10-12", "collected": "None", "revised": "None", "video": "RukaiNr-marriage ceremony_taugadha.mp3"}, "file": "Rukai_Vedai/RukaiNr-marriage ceremony_taugadha", "num": 92}], [93, {"ori": [], "gloss": [["..", "", ""], ["maku", "need", "要"], ["pu-lebe-ane", "put-down-NMZ", "放-下-名物化"], ["kuini", "this", "這"], ["MA-belana", "MA-new", "MA-新"], ["rarukudrane.\\", "dowry", "聘禮"]], "free": ["#e Dowry must be new if (it) is put down.", "#c 聘禮要是新的如果(它)被放下。"], "s_end": true, "iu_a_span": [240.44, 243.9], "meta": {"topic": "Marriage Ceremony", "type": "Narrative", "language": "魯凱語, Rukai, Vedai", "speaker": "杜傳, Taugadhu, male, 1943-10-12", "collected": "None", "revised": "None", "video": "RukaiNr-marriage ceremony_taugadha.mp3"}, "s_a_span": [238.1, 243.9], "file": "Rukai_Vedai/RukaiNr-marriage ceremony_taugadha", "num": 93}], [94, {"ori": [], "gloss": [["...", "", ""], ["ku", "TOP", "主題"], ["rarukudrane", "dowry", "聘禮"], ["lri", "IRR", "非實現"], ["tara", "must", "一定"], ["ikai", "EXIST", "存在"], ["ku", "NOM", "主格"], ["angatu._", "wood", "木頭"]], "free": ["#e The dowry, there will must be wood.", "#c 聘禮，一定會要有木頭。"], "s_end": true, "iu_a_span": [243.9, 246.98], "meta": {"topic": "Marriage Ceremony", "type": "Narrative", "language": "魯凱語, Rukai, Vedai", "speaker": "杜傳, Taugadhu, male, 1943-10-12", "collected": "None", "revised": "None", "video": "RukaiNr-marriage ceremony_taugadha.mp3"}, "s_a_span": [243.9, 246.98], "file": "Rukai_Vedai/RukaiNr-marriage ceremony_taugadha", "num": 94}], [95, {"ori": [], "gloss": [["..", "", ""], ["la", "then", "然後"], ["ikai", "EXIST", "存在"], ["ku==,\\", "NOM", "主格"]], "free": [], "s_end": false, "iu_a_span": [246.98, 248.43], "meta": {"topic": "Marriage Ceremony", "type": "Narrative", "language": "魯凱語, Rukai, Vedai", "speaker": "杜傳, Taugadhu, male, 1943-10-12", "collected": "None", "revised": "None", "video": "RukaiNr-marriage ceremony_taugadha.mp3"}, "file": "Rukai_Vedai/RukaiNr-marriage ceremony_taugadha", "num": 95}], [96, {"ori": [], "gloss": [["..", "", ""], ["e==,\\", "FIL", "FIL"]], "free": [], "s_end": false, "iu_a_span": [248.43, 249.98], "meta": {"topic": "Marriage Ceremony", "type": "Narrative", "language": "魯凱語, Rukai, Vedai", "speaker": "杜傳, Taugadhu, male, 1943-10-12", "collected": "None", "revised": "None", "video": "RukaiNr-marriage ceremony_taugadha.mp3"}, "file": "Rukai_Vedai/RukaiNr-marriage ceremony_taugadha", "num": 96}], [97, {"ori": [], "gloss": [["..", "", ""], ["butulu", "pork", "豬肉"], ["butulu", "pork", "豬肉"], ["lu-iy-ane", "IRR-say-NMZ", "非實現-說-名物化"], ["amani", "it.is.exactly", "就是"], ["kai", "this", "這"], ["vagisi", "rump", "腿肉"], ["amani", "this", "就是"], ["kai", "it.is.exactly", "這"], ["^cau", "sirloin", "五花肉"], ["amani", "it.is.exactly", "就是"], ["kai", "this", "這"], ["^lre\\.", "neck", "頸肉"]], "free": ["#e There is also pork; they are exactly rump, sirloin, (and) neck.", "#c 也要有豬肉，他們就是腿肉、五花肉、(和) 頸肉。"], "s_end": true, "iu_a_span": [249.98, 254.39], "meta": {"topic": "Marriage Ceremony", "type": "Narrative", "language": "魯凱語, Rukai, Vedai", "speaker": "杜傳, Taugadhu, male, 1943-10-12", "collected": "None", "revised": "None", "video": "RukaiNr-marriage ceremony_taugadha.mp3"}, "s_a_span": [246.98, 254.39], "file": "Rukai_Vedai/RukaiNr-marriage ceremony_taugadha", "num": 97}], [98, {"ori": [], "gloss": [["...", "", ""], ["la", "then", "然後"], ["lri", "IRR", "非實現"], ["ikai", "NOM", "主格"], ["ku", "rice.cake", "米糕"], ["a^bai,\\", "", ""]], "free": [], "s_end": false, "iu_a_span": [254.39, 256.3], "meta": {"topic": "Marriage Ceremony", "type": "Narrative", "language": "魯凱語, Rukai, Vedai", "speaker": "杜傳, Taugadhu, male, 1943-10-12", "collected": "None", "revised": "None", "video": "RukaiNr-marriage ceremony_taugadha.mp3"}, "file": "Rukai_Vedai/RukaiNr-marriage ceremony_taugadha", "num": 98}], [99, {"ori": [], "gloss": [["...", "", ""], ["la", "then", "然後"], ["lri", "IRR", "非實現"], ["ikai", "NOM", "主格"], ["ku", "millet.liquor", "小米酒"], ["^bava,\\", "", ""]], "free": [], "s_end": false, "iu_a_span": [256.3, 258.27], "meta": {"topic": "Marriage Ceremony", "type": "Narrative", "language": "魯凱語, Rukai, Vedai", "speaker": "杜傳, Taugadhu, male, 1943-10-12", "collected": "None", "revised": "None", "video": "RukaiNr-marriage ceremony_taugadha.mp3"}, "file": "Rukai_Vedai/RukaiNr-marriage ceremony_taugadha", "num": 99}]], "meta": {"topic": "Marriage Ceremony", "type": "Narrative", "language": "魯凱語, Rukai, Vedai", "speaker": "杜傳, Taugadhu, male, 1943-10-12", "collected": "None", "revised": "None", "video": "RukaiNr-marriage ceremony_taugadha.mp3"}}