{"glosses": [[1, {"ori": [], "gloss": [["yakai", "EXIST", "存在"], ["kudra", "that", "那個"], ["tutumu,_", "old.man", "老人"]], "free": [], "s_end": false, "iu_a_span": [4.27, 6.65], "meta": {"topic": "Pear story", "type": "Narrative", "language": "魯凱語, Rukai, Vedai", "speaker": "潘柯菊華, Balenge, female, 1961-06-20", "collected": "2009-08-06", "revised": "None", "video": "RukaiNr-pear_Balenge.mp3"}, "file": "Rukai_Vedai/RukaiNr-pear_Balenge", "num": 1}], [2, {"ori": [], "gloss": [["...", "", ""], ["kudra,_", "DM", "那個"]], "free": [], "s_end": false, "iu_a_span": [6.65, 7.84], "meta": {"topic": "Pear story", "type": "Narrative", "language": "魯凱語, Rukai, Vedai", "speaker": "潘柯菊華, Balenge, female, 1961-06-20", "collected": "2009-08-06", "revised": "None", "video": "RukaiNr-pear_Balenge.mp3"}, "file": "Rukai_Vedai/RukaiNr-pear_Balenge", "num": 2}], [3, {"ori": [], "gloss": [["...", "", ""], ["ma-tuase", "MA-walk", "MA-走"], ["mu", "toward", "往"], ["lregelrege,\\", "mountain", "山上"]], "free": [], "s_end": false, "iu_a_span": [7.84, 10.51], "meta": {"topic": "Pear story", "type": "Narrative", "language": "魯凱語, Rukai, Vedai", "speaker": "潘柯菊華, Balenge, female, 1961-06-20", "collected": "2009-08-06", "revised": "None", "video": "RukaiNr-pear_Balenge.mp3"}, "file": "Rukai_Vedai/RukaiNr-pear_Balenge", "num": 3}], [4, {"ori": [], "gloss": [["...", "", ""], ["si", "CONJ", "連接詞"], ["lri-malra", "IRR-take", "非實現"], ["ku", "OBL", "拿"], ["navate.\\", "guava", "斜格"]], "free": ["#e There is an old man who leaves for mountain and (he) will take guavas.", "#c 有個老爺爺離開去山上(他)將採番石榴。"], "s_end": true, "iu_a_span": [10.51, 14.05], "meta": {"topic": "Pear story", "type": "Narrative", "language": "魯凱語, Rukai, Vedai", "speaker": "潘柯菊華, Balenge, female, 1961-06-20", "collected": "2009-08-06", "revised": "None", "video": "RukaiNr-pear_Balenge.mp3"}, "s_a_span": [4.27, 14.05], "file": "Rukai_Vedai/RukaiNr-pear_Balenge", "num": 4}], [5, {"ori": [], "gloss": [["...(1.0)", "", ""], ["la", "then", "然後"], ["KA-tuase", "KA-walk.away", "KA-走開"], ["mu-belenge,\\", "go-top", "去-上面"]], "free": [], "s_end": false, "iu_a_span": [14.05, 16.95], "meta": {"topic": "Pear story", "type": "Narrative", "language": "魯凱語, Rukai, Vedai", "speaker": "潘柯菊華, Balenge, female, 1961-06-20", "collected": "2009-08-06", "revised": "None", "video": "RukaiNr-pear_Balenge.mp3"}, "file": "Rukai_Vedai/RukaiNr-pear_Balenge", "num": 5}], [6, {"ori": [], "gloss": [["...", "", ""], ["malra", "take", "拿"], ["kudra", "that", "那個"], ["navate.\\", "guava", "番石榴"]], "free": ["#e Then (he) left to the top to take guavas.", "#c 然後(他)離開去上面拿番石榴。"], "s_end": true, "iu_a_span": [16.95, 18.97], "meta": {"topic": "Pear story", "type": "Narrative", "language": "魯凱語, Rukai, Vedai", "speaker": "潘柯菊華, Balenge, female, 1961-06-20", "collected": "2009-08-06", "revised": "None", "video": "RukaiNr-pear_Balenge.mp3"}, "s_a_span": [14.05, 18.97], "file": "Rukai_Vedai/RukaiNr-pear_Balenge", "num": 6}], [7, {"ori": [], "gloss": [["...(0.9)", "", ""], ["la==,\\", "then", "然後"]], "free": [], "s_end": false, "iu_a_span": [18.97, 20.63], "meta": {"topic": "Pear story", "type": "Narrative", "language": "魯凱語, Rukai, Vedai", "speaker": "潘柯菊華, Balenge, female, 1961-06-20", "collected": "2009-08-06", "revised": "None", "video": "RukaiNr-pear_Balenge.mp3"}, "file": "Rukai_Vedai/RukaiNr-pear_Balenge", "num": 7}], [8, {"ori": [], "gloss": [["...", "", ""], ["iluku", "bring", "帶"], ["ku", "OBL", "斜格"], ["tulru", "three", "三個"], ["ku", "OBL", "斜格"], ["karadrare.\\", "basket", "籃子"]], "free": ["#e (He) brings three baskets.", "#c (他) 帶三個籃子。"], "s_end": true, "iu_a_span": [20.63, 24.27], "meta": {"topic": "Pear story", "type": "Narrative", "language": "魯凱語, Rukai, Vedai", "speaker": "潘柯菊華, Balenge, female, 1961-06-20", "collected": "2009-08-06", "revised": "None", "video": "RukaiNr-pear_Balenge.mp3"}, "s_a_span": [18.97, 24.27], "file": "Rukai_Vedai/RukaiNr-pear_Balenge", "num": 8}], [9, {"ori": [], "gloss": [["...(0.9)", "", ""], ["sa", "when", "當"], ["kai,_", "this", "這個"]], "free": [], "s_end": false, "iu_a_span": [24.27, 26.32], "meta": {"topic": "Pear story", "type": "Narrative", "language": "魯凱語, Rukai, Vedai", "speaker": "潘柯菊華, Balenge, female, 1961-06-20", "collected": "2009-08-06", "revised": "None", "video": "RukaiNr-pear_Balenge.mp3"}, "file": "Rukai_Vedai/RukaiNr-pear_Balenge", "num": 9}], [10, {"ori": [], "gloss": [["...", "", ""], ["pu-lebe,_", "put-down", "放-下"]], "free": [], "s_end": false, "iu_a_span": [26.32, 27.64], "meta": {"topic": "Pear story", "type": "Narrative", "language": "魯凱語, Rukai, Vedai", "speaker": "潘柯菊華, Balenge, female, 1961-06-20", "collected": "2009-08-06", "revised": "None", "video": "RukaiNr-pear_Balenge.mp3"}, "file": "Rukai_Vedai/RukaiNr-pear_Balenge", "num": 10}], [11, {"ori": [], "gloss": [["...(1.1)", "", ""], ["malra-malra", "RED-take", "重疊-摘"], ["kudra,_", "that", "那個"]], "free": [], "s_end": false, "iu_a_span": [27.64, 29.96], "meta": {"topic": "Pear story", "type": "Narrative", "language": "魯凱語, Rukai, Vedai", "speaker": "潘柯菊華, Balenge, female, 1961-06-20", "collected": "2009-08-06", "revised": "None", "video": "RukaiNr-pear_Balenge.mp3"}, "file": "Rukai_Vedai/RukaiNr-pear_Balenge", "num": 11}], [12, {"ori": [], "gloss": [["...", "", ""], ["navate,_", "guava", "番石榴"]], "free": [], "s_end": false, "iu_a_span": [29.96, 31.24], "meta": {"topic": "Pear story", "type": "Narrative", "language": "魯凱語, Rukai, Vedai", "speaker": "潘柯菊華, Balenge, female, 1961-06-20", "collected": "2009-08-06", "revised": "None", "video": "RukaiNr-pear_Balenge.mp3"}, "file": "Rukai_Vedai/RukaiNr-pear_Balenge", "num": 12}], [13, {"ori": [], "gloss": [["...", "", ""], ["la", "then", "然後"], ["ikai", "EXIST", "存在"], ["kudra,_", "that", "那個"]], "free": [], "s_end": false, "iu_a_span": [31.24, 33.07], "meta": {"topic": "Pear story", "type": "Narrative", "language": "魯凱語, Rukai, Vedai", "speaker": "潘柯菊華, Balenge, female, 1961-06-20", "collected": "2009-08-06", "revised": "None", "video": "RukaiNr-pear_Balenge.mp3"}, "file": "Rukai_Vedai/RukaiNr-pear_Balenge", "num": 13}], [14, {"ori": [], "gloss": [["..", "", ""], ["vavalake,_", "child", "小孩"]], "free": [], "s_end": false, "iu_a_span": [33.07, 34.59], "meta": {"topic": "Pear story", "type": "Narrative", "language": "魯凱語, Rukai, Vedai", "speaker": "潘柯菊華, Balenge, female, 1961-06-20", "collected": "2009-08-06", "revised": "None", "video": "RukaiNr-pear_Balenge.mp3"}, "file": "Rukai_Vedai/RukaiNr-pear_Balenge", "num": 14}], [15, {"ori": [], "gloss": [["...(1.1)", "", ""], ["kudra", "that", "那"], ["yacengecenge,\\", "just.in.time", "正好"]], "free": [], "s_end": false, "iu_a_span": [34.59, 37.28], "meta": {"topic": "Pear story", "type": "Narrative", "language": "魯凱語, Rukai, Vedai", "speaker": "潘柯菊華, Balenge, female, 1961-06-20", "collected": "2009-08-06", "revised": "None", "video": "RukaiNr-pear_Balenge.mp3"}, "file": "Rukai_Vedai/RukaiNr-pear_Balenge", "num": 15}], [16, {"ori": [], "gloss": [["...", "", ""], ["wa-lriba-lribate,_", "REAL-RED-pass", "實現-重疊-經過"]], "free": [], "s_end": false, "iu_a_span": [37.28, 38.92], "meta": {"topic": "Pear story", "type": "Narrative", "language": "魯凱語, Rukai, Vedai", "speaker": "潘柯菊華, Balenge, female, 1961-06-20", "collected": "2009-08-06", "revised": "None", "video": "RukaiNr-pear_Balenge.mp3"}, "file": "Rukai_Vedai/RukaiNr-pear_Balenge", "num": 16}], [17, {"ori": [], "gloss": [["..", "", ""], ["si", "CONJ", "連接詞"], ["la", "DM", "DM"], ["iluku", "bring", "帶著"], ["ku,\\", "OBL", "斜格"]], "free": [], "s_end": false, "iu_a_span": [38.92, 40.24], "meta": {"topic": "Pear story", "type": "Narrative", "language": "魯凱語, Rukai, Vedai", "speaker": "潘柯菊華, Balenge, female, 1961-06-20", "collected": "2009-08-06", "revised": "None", "video": "RukaiNr-pear_Balenge.mp3"}, "file": "Rukai_Vedai/RukaiNr-pear_Balenge", "num": 17}], [19, {"ori": [], "gloss": [["...", "", ""], ["lriba-lribate", "RED-pass", "重疊-經過"], ["kuini", "this", "這個"], ["ta-malra-malr-ane=ini", "NMZ-RED-take-NMZ=3SG.GEN", "名物化-重疊-名物化=3SG.屬格"], ["kuini", "this", "這個"], ["navate,\\", "guava", "番石榴"]], "free": [], "s_end": false, "iu_a_span": [41.09, 45.13], "meta": {"topic": "Pear story", "type": "Narrative", "language": "魯凱語, Rukai, Vedai", "speaker": "潘柯菊華, Balenge, female, 1961-06-20", "collected": "2009-08-06", "revised": "None", "video": "RukaiNr-pear_Balenge.mp3"}, "file": "Rukai_Vedai/RukaiNr-pear_Balenge", "num": 19}], [20, {"ori": [], "gloss": [["...", "", ""], ["si", "CONJ", "連接詞"], ["ka-tuase", "KA-walk.away", "KA-走開"], ["lribate", "pass", "經過"], ["iniyane.\\", "3SG.OBL", "他"]], "free": ["#e (The child) is passing his guava-taking place and walk away.", "#c (那小孩)經過他摘番石榴的地方然後離開。"], "s_end": true, "iu_a_span": [45.13, 47.62], "meta": {"topic": "Pear story", "type": "Narrative", "language": "魯凱語, Rukai, Vedai", "speaker": "潘柯菊華, Balenge, female, 1961-06-20", "collected": "2009-08-06", "revised": "None", "video": "RukaiNr-pear_Balenge.mp3"}, "s_a_span": [24.27, 47.62], "file": "Rukai_Vedai/RukaiNr-pear_Balenge", "num": 20}], [21, {"ori": [], "gloss": [["...", "", ""], ["sa", "when", "當"], ["maka", "after", "之後"], ["lribate,_", "pass", "經過"]], "free": [], "s_end": false, "iu_a_span": [47.62, 49.58], "meta": {"topic": "Pear story", "type": "Narrative", "language": "魯凱語, Rukai, Vedai", "speaker": "潘柯菊華, Balenge, female, 1961-06-20", "collected": "2009-08-06", "revised": "None", "video": "RukaiNr-pear_Balenge.mp3"}, "file": "Rukai_Vedai/RukaiNr-pear_Balenge", "num": 21}], [22, {"ori": [], "gloss": [["..", "", ""], ["kuini", "that", "那"], ["yacengecenge", "just.in.time", "正好"], ["yaie,\\", "DM", "DM"]], "free": [], "s_end": false, "iu_a_span": [49.58, 51.28], "meta": {"topic": "Pear story", "type": "Narrative", "language": "魯凱語, Rukai, Vedai", "speaker": "潘柯菊華, Balenge, female, 1961-06-20", "collected": "2009-08-06", "revised": "None", "video": "RukaiNr-pear_Balenge.mp3"}, "file": "Rukai_Vedai/RukaiNr-pear_Balenge", "num": 22}], [23, {"ori": [], "gloss": [["...", "", ""], ["la", "then", "然後"], ["ikai", "EXIST", "存在"], ["kudra,_", "that", "那個"]], "free": [], "s_end": false, "iu_a_span": [51.28, 52.89], "meta": {"topic": "Pear story", "type": "Narrative", "language": "魯凱語, Rukai, Vedai", "speaker": "潘柯菊華, Balenge, female, 1961-06-20", "collected": "2009-08-06", "revised": "None", "video": "RukaiNr-pear_Balenge.mp3"}, "file": "Rukai_Vedai/RukaiNr-pear_Balenge", "num": 23}], [24, {"ori": [], "gloss": [["..", "", ""], ["vavalake,\\", "child", "小孩"]], "free": [], "s_end": false, "iu_a_span": [52.89, 54.33], "meta": {"topic": "Pear story", "type": "Narrative", "language": "魯凱語, Rukai, Vedai", "speaker": "潘柯菊華, Balenge, female, 1961-06-20", "collected": "2009-08-06", "revised": "None", "video": "RukaiNr-pear_Balenge.mp3"}, "file": "Rukai_Vedai/RukaiNr-pear_Balenge", "num": 24}], [25, {"ori": [], "gloss": [["..", "", ""], ["kudra", "that", "那個"], ["mu-a", "go-REAL", "騎-實現"], ["lriki-lriki=li,\\", "RED-bike=3SG.GEN", "重疊-腳踏車=3SG.屬格"]], "free": [], "s_end": false, "iu_a_span": [54.33, 56.15], "meta": {"topic": "Pear story", "type": "Narrative", "language": "魯凱語, Rukai, Vedai", "speaker": "潘柯菊華, Balenge, female, 1961-06-20", "collected": "2009-08-06", "revised": "None", "video": "RukaiNr-pear_Balenge.mp3"}, "file": "Rukai_Vedai/RukaiNr-pear_Balenge", "num": 25}], [26, {"ori": [], "gloss": [["...(1.0)", "", ""], ["ka-tuase", "KA-walk", "KA-走"], ["lribate", "pass", "經過"], ["kuini,_", "this", "這個"]], "free": [], "s_end": false, "iu_a_span": [56.15, 59.52], "meta": {"topic": "Pear story", "type": "Narrative", "language": "魯凱語, Rukai, Vedai", "speaker": "潘柯菊華, Balenge, female, 1961-06-20", "collected": "2009-08-06", "revised": "None", "video": "RukaiNr-pear_Balenge.mp3"}, "file": "Rukai_Vedai/RukaiNr-pear_Balenge", "num": 26}], [27, {"ori": [], "gloss": [["..", "", ""], ["ta-malra-malr-ane-ini", "NMZ-RED-take-NMZ-3SG.GEN", "名物化-重疊-摘-名物化-3SG.屬格"], ["kuini", "this", "這個"], ["navate.\\", "guava", "番石榴"]], "free": ["#e After passing, there is a child riding his bike passing by his guava-picking place just in time.", "#c 經過之後，正好有一個小孩經過他摘番石榴的地方。"], "s_end": true, "iu_a_span": [59.52, 62.69], "meta": {"topic": "Pear story", "type": "Narrative", "language": "魯凱語, Rukai, Vedai", "speaker": "潘柯菊華, Balenge, female, 1961-06-20", "collected": "2009-08-06", "revised": "None", "video": "RukaiNr-pear_Balenge.mp3"}, "s_a_span": [47.62, 62.69], "file": "Rukai_Vedai/RukaiNr-pear_Balenge", "num": 27}], [28, {"ori": [], "gloss": [["...(0.8)", "", ""], ["kuini", "this", "這個"], ["vavalake,_", "child", "小孩"]], "free": [], "s_end": false, "iu_a_span": [62.69, 64.93], "meta": {"topic": "Pear story", "type": "Narrative", "language": "魯凱語, Rukai, Vedai", "speaker": "潘柯菊華, Balenge, female, 1961-06-20", "collected": "2009-08-06", "revised": "None", "video": "RukaiNr-pear_Balenge.mp3"}, "file": "Rukai_Vedai/RukaiNr-pear_Balenge", "num": 28}], [29, {"ori": [], "gloss": [["..", "", ""], ["sa,_", "when", "當"]], "free": [], "s_end": false, "iu_a_span": [64.93, 65.92], "meta": {"topic": "Pear story", "type": "Narrative", "language": "魯凱語, Rukai, Vedai", "speaker": "潘柯菊華, Balenge, female, 1961-06-20", "collected": "2009-08-06", "revised": "None", "video": "RukaiNr-pear_Balenge.mp3"}, "file": "Rukai_Vedai/RukaiNr-pear_Balenge", "num": 29}], [30, {"ori": [], "gloss": [["...", "", ""], ["lribate", "pass", "經過"], ["kuini", "this", "那個"], ["ki", "OBL", "斜格"], ["e,\\", "FIL", "FIL"]], "free": [], "s_end": false, "iu_a_span": [65.92, 67.93], "meta": {"topic": "Pear story", "type": "Narrative", "language": "魯凱語, Rukai, Vedai", "speaker": "潘柯菊華, Balenge, female, 1961-06-20", "collected": "2009-08-06", "revised": "None", "video": "RukaiNr-pear_Balenge.mp3"}, "file": "Rukai_Vedai/RukaiNr-pear_Balenge", "num": 30}], [31, {"ori": [], "gloss": [["...", "", ""], ["ta-malra-malr-ane", "NMZ-RED-take-NMZ", "名物化-重疊-拿-名物化"], ["kuini", "this", "這個"], ["ki", "OBL", "斜格"], ["tutumu", "old.man", "老人"], ["kuini,_", "this", "這個"]], "free": [], "s_end": false, "iu_a_span": [67.93, 71.27], "meta": {"topic": "Pear story", "type": "Narrative", "language": "魯凱語, Rukai, Vedai", "speaker": "潘柯菊華, Balenge, female, 1961-06-20", "collected": "2009-08-06", "revised": "None", "video": "RukaiNr-pear_Balenge.mp3"}, "file": "Rukai_Vedai/RukaiNr-pear_Balenge", "num": 31}], [32, {"ori": [], "gloss": [["...", "", ""], ["navate", "guava", "番石榴"], ["yaie,\\", "DM", "DM"]], "free": [], "s_end": false, "iu_a_span": [71.27, 73.0], "meta": {"topic": "Pear story", "type": "Narrative", "language": "魯凱語, Rukai, Vedai", "speaker": "潘柯菊華, Balenge, female, 1961-06-20", "collected": "2009-08-06", "revised": "None", "video": "RukaiNr-pear_Balenge.mp3"}, "file": "Rukai_Vedai/RukaiNr-pear_Balenge", "num": 32}], [33, {"ori": [], "gloss": [["..", "", ""], ["la", "then", "然後"], ["isadra,\\", "stop", "停住"]], "free": [], "s_end": false, "iu_a_span": [73.0, 74.53], "meta": {"topic": "Pear story", "type": "Narrative", "language": "魯凱語, Rukai, Vedai", "speaker": "潘柯菊華, Balenge, female, 1961-06-20", "collected": "2009-08-06", "revised": "None", "video": "RukaiNr-pear_Balenge.mp3"}, "file": "Rukai_Vedai/RukaiNr-pear_Balenge", "num": 33}], [34, {"ori": [], "gloss": [["...", "", ""], ["si,_", "CONJ", "連接詞"]], "free": [], "s_end": false, "iu_a_span": [74.53, 75.53], "meta": {"topic": "Pear story", "type": "Narrative", "language": "魯凱語, Rukai, Vedai", "speaker": "潘柯菊華, Balenge, female, 1961-06-20", "collected": "2009-08-06", "revised": "None", "video": "RukaiNr-pear_Balenge.mp3"}, "file": "Rukai_Vedai/RukaiNr-pear_Balenge", "num": 34}], [35, {"ori": [], "gloss": [["...(0.7)", "", ""], ["drele,_", "see", "看"]], "free": [], "s_end": false, "iu_a_span": [75.53, 77.3], "meta": {"topic": "Pear story", "type": "Narrative", "language": "魯凱語, Rukai, Vedai", "speaker": "潘柯菊華, Balenge, female, 1961-06-20", "collected": "2009-08-06", "revised": "None", "video": "RukaiNr-pear_Balenge.mp3"}, "file": "Rukai_Vedai/RukaiNr-pear_Balenge", "num": 35}], [36, {"ori": [], "gloss": [["...(0.7)", "", ""], ["la", "then", "然後"], ["malra,_", "take", "拿"]], "free": [], "s_end": false, "iu_a_span": [77.3, 79.1], "meta": {"topic": "Pear story", "type": "Narrative", "language": "魯凱語, Rukai, Vedai", "speaker": "潘柯菊華, Balenge, female, 1961-06-20", "collected": "2009-08-06", "revised": "None", "video": "RukaiNr-pear_Balenge.mp3"}, "file": "Rukai_Vedai/RukaiNr-pear_Balenge", "num": 36}], [37, {"ori": [], "gloss": [["...", "", ""], ["kudra", "that", "那個"], ["e==,\\", "FIL", "FIL"]], "free": [], "s_end": false, "iu_a_span": [79.1, 80.63], "meta": {"topic": "Pear story", "type": "Narrative", "language": "魯凱語, Rukai, Vedai", "speaker": "潘柯菊華, Balenge, female, 1961-06-20", "collected": "2009-08-06", "revised": "None", "video": "RukaiNr-pear_Balenge.mp3"}, "file": "Rukai_Vedai/RukaiNr-pear_Balenge", "num": 37}], [38, {"ori": [], "gloss": [["...", "", ""], ["la=navate._", "PLU-guava", "複數=番石榴"]], "free": ["#e This child, when (he) passes the guava-taking place of the old man; (he) stopped; (he) takes a look, and (he) takes the guavas.", "#c 這個小孩，當經過那老人摘番石榴的地方，停了下來，看了看，然後拿走了番石榴。"], "s_end": true, "iu_a_span": [80.63, 82.24], "meta": {"topic": "Pear story", "type": "Narrative", "language": "魯凱語, Rukai, Vedai", "speaker": "潘柯菊華, Balenge, female, 1961-06-20", "collected": "2009-08-06", "revised": "None", "video": "RukaiNr-pear_Balenge.mp3"}, "s_a_span": [62.69, 82.24], "file": "Rukai_Vedai/RukaiNr-pear_Balenge", "num": 38}], [39, {"ori": [], "gloss": [["...", "", ""], ["iluku,\\", "bring", "帶著"]], "free": [], "s_end": false, "iu_a_span": [82.24, 83.58], "meta": {"topic": "Pear story", "type": "Narrative", "language": "魯凱語, Rukai, Vedai", "speaker": "潘柯菊華, Balenge, female, 1961-06-20", "collected": "2009-08-06", "revised": "None", "video": "RukaiNr-pear_Balenge.mp3"}, "file": "Rukai_Vedai/RukaiNr-pear_Balenge", "num": 39}], [40, {"ori": [], "gloss": [["..", "", ""], ["pu-a", "put-REAL", "放-實現"], ["ki", "OBL", "斜格"], ["lrikil=ini,\\", "bike=3SG.GEN", "腳踏車=3SG.屬格"]], "free": [], "s_end": false, "iu_a_span": [83.58, 85.46], "meta": {"topic": "Pear story", "type": "Narrative", "language": "魯凱語, Rukai, Vedai", "speaker": "潘柯菊華, Balenge, female, 1961-06-20", "collected": "2009-08-06", "revised": "None", "video": "RukaiNr-pear_Balenge.mp3"}, "file": "Rukai_Vedai/RukaiNr-pear_Balenge", "num": 40}], [41, {"ori": [], "gloss": [["...(0.7)", "", ""], ["si", "CONJ", "連接詞"], ["la", "then", "然後"], ["ka-tuase", "KA-walk.away", "KA-"], ["iluku", "bring", "walk.away"], ["kudra", "that", "帶著"], ["e,\\", "FIL", "那個"]], "free": [], "s_end": false, "iu_a_span": [85.46, 88.18], "meta": {"topic": "Pear story", "type": "Narrative", "language": "魯凱語, Rukai, Vedai", "speaker": "潘柯菊華, Balenge, female, 1961-06-20", "collected": "2009-08-06", "revised": "None", "video": "RukaiNr-pear_Balenge.mp3"}, "file": "Rukai_Vedai/RukaiNr-pear_Balenge", "num": 41}], [42, {"ori": [], "gloss": [["...", "", ""], ["suaete,\\", "full.of", "滿滿的"]], "free": [], "s_end": false, "iu_a_span": [88.18, 89.51], "meta": {"topic": "Pear story", "type": "Narrative", "language": "魯凱語, Rukai, Vedai", "speaker": "潘柯菊華, Balenge, female, 1961-06-20", "collected": "2009-08-06", "revised": "None", "video": "RukaiNr-pear_Balenge.mp3"}, "file": "Rukai_Vedai/RukaiNr-pear_Balenge", "num": 42}], [43, {"ori": [], "gloss": [["...", "", ""], ["kudra", "that", "那個"], ["e,\\", "FIL", "FIL"]], "free": [], "s_end": false, "iu_a_span": [89.51, 90.63], "meta": {"topic": "Pear story", "type": "Narrative", "language": "魯凱語, Rukai, Vedai", "speaker": "潘柯菊華, Balenge, female, 1961-06-20", "collected": "2009-08-06", "revised": "None", "video": "RukaiNr-pear_Balenge.mp3"}, "file": "Rukai_Vedai/RukaiNr-pear_Balenge", "num": 43}], [44, {"ori": [], "gloss": [["..", "", ""], ["navate", "guava", "番石榴"], ["kuini", "this", "這個"], ["ki", "OBL", "斜格"], ["karadradre.\\", "basket", "籃子"]], "free": ["#e (He) put (it) into his bike, and then (he) left with basket that is full of guavas.", "#c (他)把(它)放進腳踏車，然後帶著裝滿滿番石榴的籃子離開。"], "s_end": true, "iu_a_span": [90.63, 92.41], "meta": {"topic": "Pear story", "type": "Narrative", "language": "魯凱語, Rukai, Vedai", "speaker": "潘柯菊華, Balenge, female, 1961-06-20", "collected": "2009-08-06", "revised": "None", "video": "RukaiNr-pear_Balenge.mp3"}, "s_a_span": [82.24, 92.41], "file": "Rukai_Vedai/RukaiNr-pear_Balenge", "num": 44}], [45, {"ori": [], "gloss": [["...(0.8)", "", ""], ["la", "then", "然後"], ["ka", "KA", "KA重疊-二-完成"], ["drua-drusa-nga", "RED-two-PFV", "這個"], ["kuini", "this", "留下=3SG.主格"], ["suru=ini", "leave=3SG.NOM", "這個"], ["kuini,_", "", ""]], "free": [], "s_end": false, "iu_a_span": [92.41, 96.19], "meta": {"topic": "Pear story", "type": "Narrative", "language": "魯凱語, Rukai, Vedai", "speaker": "潘柯菊華, Balenge, female, 1961-06-20", "collected": "2009-08-06", "revised": "None", "video": "RukaiNr-pear_Balenge.mp3"}, "file": "Rukai_Vedai/RukaiNr-pear_Balenge", "num": 45}], [46, {"ori": [], "gloss": [["...", "", ""], ["yakai", "EXIST", "存在"], ["ki", "OBL", "斜格"], ["e,\\", "FIL", "FIL"]], "free": [], "s_end": false, "iu_a_span": [96.19, 97.69], "meta": {"topic": "Pear story", "type": "Narrative", "language": "魯凱語, Rukai, Vedai", "speaker": "潘柯菊華, Balenge, female, 1961-06-20", "collected": "2009-08-06", "revised": "None", "video": "RukaiNr-pear_Balenge.mp3"}, "file": "Rukai_Vedai/RukaiNr-pear_Balenge", "num": 46}], [47, {"ori": [], "gloss": [["...", "", ""], ["karadradre", "basket", "籃子"], ["kuini", "this", "這個"], ["navate.\\", "guava", "番石榴"]], "free": ["#e He left two baskets of guava.", "#c 他留下兩籃的番石榴。"], "s_end": true, "iu_a_span": [97.69, 99.37], "meta": {"topic": "Pear story", "type": "Narrative", "language": "魯凱語, Rukai, Vedai", "speaker": "潘柯菊華, Balenge, female, 1961-06-20", "collected": "2009-08-06", "revised": "None", "video": "RukaiNr-pear_Balenge.mp3"}, "s_a_span": [92.41, 99.37], "file": "Rukai_Vedai/RukaiNr-pear_Balenge", "num": 47}], [48, {"ori": [], "gloss": [["...", "", ""], ["la", "DM", "DM"], ["ka-tuase", "KA-walk.away", "KA-走開"], ["kuini", "this", "這個"], ["vavalake", "child", "小孩"], ["ka-tuase", "KA-", "KA-走開"], ["iluku,_", "walk.away", "帶著"]], "free": [], "s_end": false, "iu_a_span": [99.37, 102.63], "meta": {"topic": "Pear story", "type": "Narrative", "language": "魯凱語, Rukai, Vedai", "speaker": "潘柯菊華, Balenge, female, 1961-06-20", "collected": "2009-08-06", "revised": "None", "video": "RukaiNr-pear_Balenge.mp3"}, "file": "Rukai_Vedai/RukaiNr-pear_Balenge", "num": 48}], [49, {"ori": [], "gloss": [["...", "", ""], ["mu", "ride", "騎"], ["lriki=li", "bike=3SG.GEN", "腳踏車=3SG.屬格"], ["kuini", "this", "這個"], ["navate._", "guava", "番石榴"]], "free": ["#e This child rode his bike to leave with guava.", "#c 這個小孩騎著他的腳踏車帶著番石榴離開。"], "s_end": true, "iu_a_span": [102.63, 104.89], "meta": {"topic": "Pear story", "type": "Narrative", "language": "魯凱語, Rukai, Vedai", "speaker": "潘柯菊華, Balenge, female, 1961-06-20", "collected": "2009-08-06", "revised": "None", "video": "RukaiNr-pear_Balenge.mp3"}, "s_a_span": [99.37, 104.89], "file": "Rukai_Vedai/RukaiNr-pear_Balenge", "num": 49}], [50, {"ori": [], "gloss": [["...", "", ""], ["sa", "when", "當"], ["ka-tua-tuase", "KA-RED-walk.away", "KA-重疊-走開DM"], ["yaie,\\", "", ""]], "free": [], "s_end": false, "iu_a_span": [104.89, 106.7], "meta": {"topic": "Pear story", "type": "Narrative", "language": "魯凱語, Rukai, Vedai", "speaker": "潘柯菊華, Balenge, female, 1961-06-20", "collected": "2009-08-06", "revised": "None", "video": "RukaiNr-pear_Balenge.mp3"}, "file": "Rukai_Vedai/RukaiNr-pear_Balenge", "num": 50}], [51, {"ori": [], "gloss": [["...", "", ""], ["la", "DM", "DM"], ["e==,\\", "FIL", "FIL"]], "free": [], "s_end": false, "iu_a_span": [106.7, 108.0], "meta": {"topic": "Pear story", "type": "Narrative", "language": "魯凱語, Rukai, Vedai", "speaker": "潘柯菊華, Balenge, female, 1961-06-20", "collected": "2009-08-06", "revised": "None", "video": "RukaiNr-pear_Balenge.mp3"}, "file": "Rukai_Vedai/RukaiNr-pear_Balenge", "num": 51}], [52, {"ori": [], "gloss": [["...(1.4)", "", ""], ["ma-dradresenge", "MA-meet", "MA-碰面"], ["kuini", "this", "這個"], ["kudra,\\", "that", "那個"]], "free": [], "s_end": false, "iu_a_span": [108.0, 110.76], "meta": {"topic": "Pear story", "type": "Narrative", "language": "魯凱語, Rukai, Vedai", "speaker": "潘柯菊華, Balenge, female, 1961-06-20", "collected": "2009-08-06", "revised": "None", "video": "RukaiNr-pear_Balenge.mp3"}, "file": "Rukai_Vedai/RukaiNr-pear_Balenge", "num": 52}], [53, {"ori": [], "gloss": [["..", "", ""], ["ki", "OBL", "斜格"], ["alisu", "girl", "女生"], ["si", "CONJ", "連接詞"], ["kudra", "that", "那個"], ["ki,_", "", ""]], "free": [], "s_end": false, "iu_a_span": [110.76, 112.24], "meta": {"topic": "Pear story", "type": "Narrative", "language": "魯凱語, Rukai, Vedai", "speaker": "潘柯菊華, Balenge, female, 1961-06-20", "collected": "2009-08-06", "revised": "None", "video": "RukaiNr-pear_Balenge.mp3"}, "file": "Rukai_Vedai/RukaiNr-pear_Balenge", "num": 53}], [54, {"ori": [], "gloss": [["...", "", ""], ["mia", "like", "像"], ["iniane", "3PL.OBL", "3PL.斜格"], ["ka", "NOM", "主格"], ["la=vavalake.\\", "PL-child", "複數-小孩"]], "free": ["#e When (he) is leaving, (he) meets a girl and children who are like them.", "#c 當(他)離開的時候，(他)遇見了一個女孩跟和他們一樣的小孩們。"], "s_end": true, "iu_a_span": [112.24, 114.54], "meta": {"topic": "Pear story", "type": "Narrative", "language": "魯凱語, Rukai, Vedai", "speaker": "潘柯菊華, Balenge, female, 1961-06-20", "collected": "2009-08-06", "revised": "None", "video": "RukaiNr-pear_Balenge.mp3"}, "s_a_span": [104.89, 114.54], "file": "Rukai_Vedai/RukaiNr-pear_Balenge", "num": 54}], [55, {"ori": [], "gloss": [["...", "", ""], ["la", "DM", "DM"], ["katuase", "KA-walk.away", "KA-走開"], ["ka-tua-tuase,\\", "KA-RED-", "KA-重疊-走開"]], "free": [], "s_end": false, "iu_a_span": [114.54, 116.74], "meta": {"topic": "Pear story", "type": "Narrative", "language": "魯凱語, Rukai, Vedai", "speaker": "潘柯菊華, Balenge, female, 1961-06-20", "collected": "2009-08-06", "revised": "None", "video": "RukaiNr-pear_Balenge.mp3"}, "file": "Rukai_Vedai/RukaiNr-pear_Balenge", "num": 55}], [56, {"ori": [], "gloss": [["..", "", ""], ["nau-drele", "want-see", "要-看"], ["la", "then", "然後"], ["iya", "say", "說"], ["kuini", "this", "那個"], ["ki", "OBL", "斜格"], ["e==,\\", "FIL", "FIL"]], "free": [], "s_end": false, "iu_a_span": [116.74, 119.43], "meta": {"topic": "Pear story", "type": "Narrative", "language": "魯凱語, Rukai, Vedai", "speaker": "潘柯菊華, Balenge, female, 1961-06-20", "collected": "2009-08-06", "revised": "None", "video": "RukaiNr-pear_Balenge.mp3"}, "file": "Rukai_Vedai/RukaiNr-pear_Balenge", "num": 56}], [57, {"ori": [], "gloss": [["...(1.7)", "", ""], ["ababai", "woman", "女生"], ["yaie,\\", "DM", "DM"]], "free": [], "s_end": false, "iu_a_span": [119.43, 121.85], "meta": {"topic": "Pear story", "type": "Narrative", "language": "魯凱語, Rukai, Vedai", "speaker": "潘柯菊華, Balenge, female, 1961-06-20", "collected": "2009-08-06", "revised": "None", "video": "RukaiNr-pear_Balenge.mp3"}, "file": "Rukai_Vedai/RukaiNr-pear_Balenge", "num": 57}], [58, {"ori": [], "gloss": [["..", "", ""], ["la", "then", "然後"], ["ngu-cilri", "self-drop", "自己-掉下"], ["kuini", "this", "這個"], ["e", "FIL", "FIL"], ["talrupunu=ini.\\", "hat=3SG.GEN", "帽子=3SG.屬格"]], "free": ["#e When (he) was leaving，(he) wanted to see the girl and his hat dropped.", "#c 當(他)正離開的時候，(他)想看那女孩，然後帽子掉了。"], "s_end": true, "iu_a_span": [121.85, 124.36], "meta": {"topic": "Pear story", "type": "Narrative", "language": "魯凱語, Rukai, Vedai", "speaker": "潘柯菊華, Balenge, female, 1961-06-20", "collected": "2009-08-06", "revised": "None", "video": "RukaiNr-pear_Balenge.mp3"}, "s_a_span": [114.54, 124.36], "file": "Rukai_Vedai/RukaiNr-pear_Balenge", "num": 58}], [59, {"ori": [], "gloss": [["...(1.3)", "", ""], ["ala", "then", "然後"], ["ka", "KA", "KA當-自己-掉"], ["sa-ngu-cilri", "when-self-fall", "DM"], ["yaie,\\", "", ""]], "free": [], "s_end": false, "iu_a_span": [124.36, 127.47], "meta": {"topic": "Pear story", "type": "Narrative", "language": "魯凱語, Rukai, Vedai", "speaker": "潘柯菊華, Balenge, female, 1961-06-20", "collected": "2009-08-06", "revised": "None", "video": "RukaiNr-pear_Balenge.mp3"}, "file": "Rukai_Vedai/RukaiNr-pear_Balenge", "num": 59}], [60, {"ori": [], "gloss": [["..", "", ""], ["ala", "then", "然後"], ["kirimu", "fast", "快"], ["sa-ngu-lriki-lriki-li", "when-self-RED-bike=3SG.OBL", "當-自己-重疊-腳踏車=3SG.OBL"], ["yaie", "DM", "DM"], ["la", "then", "然後"], ["ngu-cungu-cungu", "go-RED-bump", "去-重疊-碰到"], ["kuini", "this", "這個"], ["ki", "OBL", "OBL"], ["e==,_", "FIL", "FIL"]], "free": [], "s_end": false, "iu_a_span": [127.47, 131.5], "meta": {"topic": "Pear story", "type": "Narrative", "language": "魯凱語, Rukai, Vedai", "speaker": "潘柯菊華, Balenge, female, 1961-06-20", "collected": "2009-08-06", "revised": "None", "video": "RukaiNr-pear_Balenge.mp3"}, "file": "Rukai_Vedai/RukaiNr-pear_Balenge", "num": 60}], [61, {"ori": [], "gloss": [["...", "", ""], ["lrenege.\\", "stone", "石頭"]], "free": ["#e When (the hat) drops, (he) rides the bike fast (and) then (he) bumps into a stone.", "#c 當(帽子)掉下時，(他)車騎得很快然後(他)撞到了一個石頭。"], "s_end": true, "iu_a_span": [131.5, 132.72], "meta": {"topic": "Pear story", "type": "Narrative", "language": "魯凱語, Rukai, Vedai", "speaker": "潘柯菊華, Balenge, female, 1961-06-20", "collected": "2009-08-06", "revised": "None", "video": "RukaiNr-pear_Balenge.mp3"}, "s_a_span": [124.36, 132.72], "file": "Rukai_Vedai/RukaiNr-pear_Balenge", "num": 61}], [62, {"ori": [], "gloss": [["...", "", ""], ["ala", "then", "然後"], ["ka-tuase,_", "KA-walk.away", "KA-走開"]], "free": [], "s_end": false, "iu_a_span": [132.72, 134.16], "meta": {"topic": "Pear story", "type": "Narrative", "language": "魯凱語, Rukai, Vedai", "speaker": "潘柯菊華, Balenge, female, 1961-06-20", "collected": "2009-08-06", "revised": "None", "video": "RukaiNr-pear_Balenge.mp3"}, "file": "Rukai_Vedai/RukaiNr-pear_Balenge", "num": 62}], [63, {"ori": [], "gloss": [["...(1.5)", "", ""], ["mu-a-dreke.\\", "go-REAL-fall", "去-實現-跌倒"]], "free": ["#e Then (he) leaves to fell.", "#c 然後(他)走開(後)跌倒了。"], "s_end": true, "iu_a_span": [134.16, 136.81], "meta": {"topic": "Pear story", "type": "Narrative", "language": "魯凱語, Rukai, Vedai", "speaker": "潘柯菊華, Balenge, female, 1961-06-20", "collected": "2009-08-06", "revised": "None", "video": "RukaiNr-pear_Balenge.mp3"}, "s_a_span": [132.72, 136.81], "file": "Rukai_Vedai/RukaiNr-pear_Balenge", "num": 63}], [64, {"ori": [], "gloss": [["..", "", ""], ["sa", "when", "當"], ["ka", "KA", "KA去-實現-跌倒"], ["mu-a-dreke", "go-REAL-fall", "然後"], ["la,_", "", ""]], "free": [], "s_end": false, "iu_a_span": [136.81, 137.93], "meta": {"topic": "Pear story", "type": "Narrative", "language": "魯凱語, Rukai, Vedai", "speaker": "潘柯菊華, Balenge, female, 1961-06-20", "collected": "2009-08-06", "revised": "None", "video": "RukaiNr-pear_Balenge.mp3"}, "file": "Rukai_Vedai/RukaiNr-pear_Balenge", "num": 64}], [65, {"ori": [], "gloss": [["..", "", ""], ["kuini", "this", "這個"], ["la", "then", "然後"], ["navate", "guava", "番石榴"], ["la", "then", "然後"], ["ngu-cilri", "PFV-thown", "完成-丟"], ["patelre,\\", "all", "全部"]], "free": [], "s_end": false, "iu_a_span": [137.93, 140.96], "meta": {"topic": "Pear story", "type": "Narrative", "language": "魯凱語, Rukai, Vedai", "speaker": "潘柯菊華, Balenge, female, 1961-06-20", "collected": "2009-08-06", "revised": "None", "video": "RukaiNr-pear_Balenge.mp3"}, "file": "Rukai_Vedai/RukaiNr-pear_Balenge", "num": 65}], [66, {"ori": [], "gloss": [["...", "", ""], ["si", "CONJ", "連接詞"], ["e", "FIL", "FIL"], ["la", "then", "然後"], ["angeange", "hurt", "痛"], ["kuini", "this", "這個"], ["drapale=ini.\\", "feet=3SG.GEN", "腳=3SG.屬格"]], "free": ["#e When (the boy) fell，all the guava has been thrown out，and his leg hurts.", "#c 當(那男孩)跌倒時，所有的番石榴都被拋出，他的腳很痛。"], "s_end": true, "iu_a_span": [140.96, 144.33], "meta": {"topic": "Pear story", "type": "Narrative", "language": "魯凱語, Rukai, Vedai", "speaker": "潘柯菊華, Balenge, female, 1961-06-20", "collected": "2009-08-06", "revised": "None", "video": "RukaiNr-pear_Balenge.mp3"}, "s_a_span": [136.81, 144.33], "file": "Rukai_Vedai/RukaiNr-pear_Balenge", "num": 66}], [67, {"ori": [], "gloss": [["...", "", ""], ["ai,\\", "However", "但是"]], "free": [], "s_end": false, "iu_a_span": [144.33, 145.45], "meta": {"topic": "Pear story", "type": "Narrative", "language": "魯凱語, Rukai, Vedai", "speaker": "潘柯菊華, Balenge, female, 1961-06-20", "collected": "2009-08-06", "revised": "None", "video": "RukaiNr-pear_Balenge.mp3"}, "file": "Rukai_Vedai/RukaiNr-pear_Balenge", "num": 67}], [68, {"ori": [], "gloss": [["...", "", ""], ["sa", "when", "當"], ["ngu-adreke", "self-fall", "自己-跌倒"], ["la", "then", "然後"], ["kela", "come", "來"], ["kudra", "that", "那"], ["tatulru", "three", "三"], ["kudra", "that", "那"], ["la-mala-la,\\", "PLU-pal-male", "複數-夥伴-男性"]], "free": [], "s_end": false, "iu_a_span": [145.45, 149.41], "meta": {"topic": "Pear story", "type": "Narrative", "language": "魯凱語, Rukai, Vedai", "speaker": "潘柯菊華, Balenge, female, 1961-06-20", "collected": "2009-08-06", "revised": "None", "video": "RukaiNr-pear_Balenge.mp3"}, "file": "Rukai_Vedai/RukaiNr-pear_Balenge", "num": 68}], [69, {"ori": [], "gloss": [["...", "", ""], ["kudra", "that", "那"], ["mia=iniane", "like=3PL.OBL", "就像=3SG.斜格"], ["ka", "NOM", "主格"], ["e==,\\", "FIL", "FIL"]], "free": [], "s_end": false, "iu_a_span": [149.41, 151.31], "meta": {"topic": "Pear story", "type": "Narrative", "language": "魯凱語, Rukai, Vedai", "speaker": "潘柯菊華, Balenge, female, 1961-06-20", "collected": "2009-08-06", "revised": "None", "video": "RukaiNr-pear_Balenge.mp3"}, "file": "Rukai_Vedai/RukaiNr-pear_Balenge", "num": 69}], [70, {"ori": [], "gloss": [["...", "", ""], ["la-vavalake.\\", "PLU-child", "複數-小孩"]], "free": ["#e However, when he fells, those three pals come and these kids are like him.", "#c 但是，當(他)跌倒時，那三個男生夥伴來了，那些小孩就像他。"], "s_end": true, "iu_a_span": [151.31, 152.75], "meta": {"topic": "Pear story", "type": "Narrative", "language": "魯凱語, Rukai, Vedai", "speaker": "潘柯菊華, Balenge, female, 1961-06-20", "collected": "2009-08-06", "revised": "None", "video": "RukaiNr-pear_Balenge.mp3"}, "s_a_span": [144.33, 152.75], "file": "Rukai_Vedai/RukaiNr-pear_Balenge", "num": 70}], [71, {"ori": [], "gloss": [["...", "", ""], ["sa", "when", "當"], ["ka-tuase", "KA-walk", "KA-走"], ["sa", "when", "當"], ["drele-iniane", "see=3SG.OBL", "看=3SG.斜格"], ["yaie,\\", "DM", "DM"]], "free": [], "s_end": false, "iu_a_span": [152.75, 155.58], "meta": {"topic": "Pear story", "type": "Narrative", "language": "魯凱語, Rukai, Vedai", "speaker": "潘柯菊華, Balenge, female, 1961-06-20", "collected": "2009-08-06", "revised": "None", "video": "RukaiNr-pear_Balenge.mp3"}, "file": "Rukai_Vedai/RukaiNr-pear_Balenge", "num": 71}], [72, {"ori": [], "gloss": [["...", "", ""], ["la", "then", "然後"], ["e,\\", "FIL", "FIL"]], "free": [], "s_end": false, "iu_a_span": [155.58, 156.26], "meta": {"topic": "Pear story", "type": "Narrative", "language": "魯凱語, Rukai, Vedai", "speaker": "潘柯菊華, Balenge, female, 1961-06-20", "collected": "2009-08-06", "revised": "None", "video": "RukaiNr-pear_Balenge.mp3"}, "file": "Rukai_Vedai/RukaiNr-pear_Balenge", "num": 72}], [73, {"ori": [], "gloss": [["..", "", ""], ["pa-rarubu-iniane,_", "CAU-help-3SG.OBL", "使役-幫忙-3SG.斜格"]], "free": [], "s_end": false, "iu_a_span": [156.26, 157.4], "meta": {"topic": "Pear story", "type": "Narrative", "language": "魯凱語, Rukai, Vedai", "speaker": "潘柯菊華, Balenge, female, 1961-06-20", "collected": "2009-08-06", "revised": "None", "video": "RukaiNr-pear_Balenge.mp3"}, "file": "Rukai_Vedai/RukaiNr-pear_Balenge", "num": 73}], [74, {"ori": [], "gloss": [["..", "", ""], ["malra", "take", "拿起"], ["kudra", "that", "那"], ["navate,\\", "guava", "番石榴"]], "free": [], "s_end": false, "iu_a_span": [157.4, 159.07], "meta": {"topic": "Pear story", "type": "Narrative", "language": "魯凱語, Rukai, Vedai", "speaker": "潘柯菊華, Balenge, female, 1961-06-20", "collected": "2009-08-06", "revised": "None", "video": "RukaiNr-pear_Balenge.mp3"}, "file": "Rukai_Vedai/RukaiNr-pear_Balenge", "num": 74}], [75, {"ori": [], "gloss": [["...", "", ""], ["si,_", "CONJ", "連接詞"]], "free": [], "s_end": false, "iu_a_span": [159.07, 160.04], "meta": {"topic": "Pear story", "type": "Narrative", "language": "魯凱語, Rukai, Vedai", "speaker": "潘柯菊華, Balenge, female, 1961-06-20", "collected": "2009-08-06", "revised": "None", "video": "RukaiNr-pear_Balenge.mp3"}, "file": "Rukai_Vedai/RukaiNr-pear_Balenge", "num": 75}], [76, {"ori": [], "gloss": [["...", "", ""], ["ala", "then", "然後"], ["siludu,\\", "pick.up", "撿起"]], "free": [], "s_end": false, "iu_a_span": [160.04, 161.64], "meta": {"topic": "Pear story", "type": "Narrative", "language": "魯凱語, Rukai, Vedai", "speaker": "潘柯菊華, Balenge, female, 1961-06-20", "collected": "2009-08-06", "revised": "None", "video": "RukaiNr-pear_Balenge.mp3"}, "file": "Rukai_Vedai/RukaiNr-pear_Balenge", "num": 76}], [77, {"ori": [], "gloss": [["..", "", ""], ["patelre", "all", "全部"], ["kudra", "that", "那個"], ["navate", "guava", "番石榴"], ["pu-a", "put-REAL", "放-實現"], ["kuini", "this", "這個"], ["ki", "OBL", "斜格"], ["karadrare.\\", "basket", "籃子"]], "free": ["#e When (they) are walking and see him, then (they) help him taking the guavas and put all the guavas into the basket.", "#c 當(他們)邊走邊看到他，然後(他們)幫他撿起番石榴並把所有番石榴放進籃子裡。"], "s_end": true, "iu_a_span": [161.64, 163.94], "meta": {"topic": "Pear story", "type": "Narrative", "language": "魯凱語, Rukai, Vedai", "speaker": "潘柯菊華, Balenge, female, 1961-06-20", "collected": "2009-08-06", "revised": "None", "video": "RukaiNr-pear_Balenge.mp3"}, "s_a_span": [152.75, 163.94], "file": "Rukai_Vedai/RukaiNr-pear_Balenge", "num": 77}], [78, {"ori": [], "gloss": [["...", "", ""], ["sa", "when", "當"], ["e,\\", "FIL", "FIL"]], "free": [], "s_end": false, "iu_a_span": [163.94, 165.38], "meta": {"topic": "Pear story", "type": "Narrative", "language": "魯凱語, Rukai, Vedai", "speaker": "潘柯菊華, Balenge, female, 1961-06-20", "collected": "2009-08-06", "revised": "None", "video": "RukaiNr-pear_Balenge.mp3"}, "file": "Rukai_Vedai/RukaiNr-pear_Balenge", "num": 78}], [79, {"ori": [], "gloss": [["..", "", ""], ["malra-nga", "take-PFV", "拿-完成"], ["kuini", "this", "這個"], ["navate", "guava", "番石榴"], ["siludu", "pick.up", "撿起"], ["patelre,_", "all", "全部"]], "free": [], "s_end": false, "iu_a_span": [165.38, 167.59], "meta": {"topic": "Pear story", "type": "Narrative", "language": "魯凱語, Rukai, Vedai", "speaker": "潘柯菊華, Balenge, female, 1961-06-20", "collected": "2009-08-06", "revised": "None", "video": "RukaiNr-pear_Balenge.mp3"}, "file": "Rukai_Vedai/RukaiNr-pear_Balenge", "num": 79}], [80, {"ori": [], "gloss": [["..", "", ""], ["la", "then", "然後"], ["pu-a", "put-REAL", "放-實現"], ["kuini", "this", "這個"], ["ki,_", "OBL", "斜格"]], "free": [], "s_end": false, "iu_a_span": [167.59, 168.99], "meta": {"topic": "Pear story", "type": "Narrative", "language": "魯凱語, Rukai, Vedai", "speaker": "潘柯菊華, Balenge, female, 1961-06-20", "collected": "2009-08-06", "revised": "None", "video": "RukaiNr-pear_Balenge.mp3"}, "file": "Rukai_Vedai/RukaiNr-pear_Balenge", "num": 80}], [81, {"ori": [], "gloss": [["...(1.5)", "", ""], ["lrikil=ini,\\", "bike=3SG.GEN", "腳踏車=3SG.GEN"]], "free": [], "s_end": false, "iu_a_span": [168.99, 171.43], "meta": {"topic": "Pear story", "type": "Narrative", "language": "魯凱語, Rukai, Vedai", "speaker": "潘柯菊華, Balenge, female, 1961-06-20", "collected": "2009-08-06", "revised": "None", "video": "RukaiNr-pear_Balenge.mp3"}, "file": "Rukai_Vedai/RukaiNr-pear_Balenge", "num": 81}], [82, {"ori": [], "gloss": [["..", "", ""], ["si", "CONJ", "連接詞"], ["e==,\\", "FIL", "FIL"]], "free": [], "s_end": false, "iu_a_span": [171.43, 172.15], "meta": {"topic": "Pear story", "type": "Narrative", "language": "魯凱語, Rukai, Vedai", "speaker": "潘柯菊華, Balenge, female, 1961-06-20", "collected": "2009-08-06", "revised": "None", "video": "RukaiNr-pear_Balenge.mp3"}, "file": "Rukai_Vedai/RukaiNr-pear_Balenge", "num": 82}], [83, {"ori": [], "gloss": [["..", "", ""], ["ala", "then", "然後"], ["ka-tuase", "KA-walk.away", "KA-走開"], ["kuini,_", "this", "這個"]], "free": [], "s_end": false, "iu_a_span": [172.15, 173.38], "meta": {"topic": "Pear story", "type": "Narrative", "language": "魯凱語, Rukai, Vedai", "speaker": "潘柯菊華, Balenge, female, 1961-06-20", "collected": "2009-08-06", "revised": "None", "video": "RukaiNr-pear_Balenge.mp3"}, "file": "Rukai_Vedai/RukaiNr-pear_Balenge", "num": 83}], [84, {"ori": [], "gloss": [["..", "", ""], ["tatulru", "three", "三位"], ["kuini", "this", "這個"], ["la-mala-la.\\", "PLU-pal-male", "複數-夥伴-男性"]], "free": ["#e When (they) have picked up all the guavas; then (they) put (these) into the bike, and then these three pals left.", "#c 當那(他們)撿完了所有番石榴，(他們)把(這些)放進腳踏車裡，然後這三位夥伴離開。", "#n ma-la-la有兩個男性好朋友的意思，ma-la-li 有兩個女性好朋友的意思。"], "s_end": true, "iu_a_span": [173.38, 174.96], "meta": {"topic": "Pear story", "type": "Narrative", "language": "魯凱語, Rukai, Vedai", "speaker": "潘柯菊華, Balenge, female, 1961-06-20", "collected": "2009-08-06", "revised": "None", "video": "RukaiNr-pear_Balenge.mp3"}, "s_a_span": [163.94, 174.96], "file": "Rukai_Vedai/RukaiNr-pear_Balenge", "num": 84}], [85, {"ori": [], "gloss": [["...", "", ""], ["sa", "when", "當"], ["ka-tua-tuase", "KA-RED-walk.away", "KA-重疊-走開"], ["kuini", "this", "這個"], ["la-malala", "PLU-pal-male", "複數-夥伴-男性DM"], ["yaie,\\", "", ""]], "free": [], "s_end": false, "iu_a_span": [174.96, 177.71], "meta": {"topic": "Pear story", "type": "Narrative", "language": "魯凱語, Rukai, Vedai", "speaker": "潘柯菊華, Balenge, female, 1961-06-20", "collected": "2009-08-06", "revised": "None", "video": "RukaiNr-pear_Balenge.mp3"}, "file": "Rukai_Vedai/RukaiNr-pear_Balenge", "num": 85}], [86, {"ori": [], "gloss": [["...", "", ""], ["ala", "DM", "DM"], ["ka-tuase", "KA-walk.away", "KA-走開"], ["kuini", "this", "這個"], ["e==,_", "FIL", "FIL"]], "free": [], "s_end": false, "iu_a_span": [177.71, 179.46], "meta": {"topic": "Pear story", "type": "Narrative", "language": "魯凱語, Rukai, Vedai", "speaker": "潘柯菊華, Balenge, female, 1961-06-20", "collected": "2009-08-06", "revised": "None", "video": "RukaiNr-pear_Balenge.mp3"}, "file": "Rukai_Vedai/RukaiNr-pear_Balenge", "num": 86}], [87, {"ori": [], "gloss": [["..", "", ""], ["mu-a-lriki-lrikili", "go-REAL-RED-bike", "去-REAL-重疊-腳踏車"], ["kuini", "this", "這個"], ["wa-kupa", "REAL-steal", "實現-偷"], ["kuini", "this", "這個"], ["navate", "guava", "番石榴"], ["ki,_", "OBL", "斜格"]], "free": [], "s_end": false, "iu_a_span": [179.46, 182.72], "meta": {"topic": "Pear story", "type": "Narrative", "language": "魯凱語, Rukai, Vedai", "speaker": "潘柯菊華, Balenge, female, 1961-06-20", "collected": "2009-08-06", "revised": "None", "video": "RukaiNr-pear_Balenge.mp3"}, "file": "Rukai_Vedai/RukaiNr-pear_Balenge", "num": 87}], [88, {"ori": [], "gloss": [["...", "", ""], ["tutumu", "old.man", "老人"], ["kuini", "this", "這個"], ["lasu.\\", "boy", "男孩"]], "free": ["#e When the three male pals was leaving, the boy who stole the guava of the old man r0de the bike to leave.", "#c 當這三個男性好朋友們走了後，這偷了老人的番石榴的小孩也騎腳踏車離開。"], "s_end": true, "iu_a_span": [182.72, 184.36], "meta": {"topic": "Pear story", "type": "Narrative", "language": "魯凱語, Rukai, Vedai", "speaker": "潘柯菊華, Balenge, female, 1961-06-20", "collected": "2009-08-06", "revised": "None", "video": "RukaiNr-pear_Balenge.mp3"}, "s_a_span": [174.96, 184.36], "file": "Rukai_Vedai/RukaiNr-pear_Balenge", "num": 88}], [89, {"ori": [], "gloss": [["...", "", ""], ["sa", "when", "當"], ["ka-tua-tuase", "KA-RED-walk.away", "KA-重疊-走開"], ["kuini", "this", "這個"], ["tatulru", "three", "三"], ["kuini", "PLU-child", "這個"], ["la-vavalake", "then", "複數-小孩"], ["la", "see", "然後"], ["drelre", "PART", "看到"], ["i,/", "", ""]], "free": [], "s_end": false, "iu_a_span": [184.36, 188.03], "meta": {"topic": "Pear story", "type": "Narrative", "language": "魯凱語, Rukai, Vedai", "speaker": "潘柯菊華, Balenge, female, 1961-06-20", "collected": "2009-08-06", "revised": "None", "video": "RukaiNr-pear_Balenge.mp3"}, "file": "Rukai_Vedai/RukaiNr-pear_Balenge", "num": 89}], [90, {"ori": [], "gloss": [["...", "", ""], ["anika", "why", "為什麼"], ["e._", "FIL", "FIL"]], "free": [], "s_end": false, "iu_a_span": [188.03, 189.23], "meta": {"topic": "Pear story", "type": "Narrative", "language": "魯凱語, Rukai, Vedai", "speaker": "潘柯菊華, Balenge, female, 1961-06-20", "collected": "2009-08-06", "revised": "None", "video": "RukaiNr-pear_Balenge.mp3"}, "file": "Rukai_Vedai/RukaiNr-pear_Balenge", "num": 90}], [91, {"ori": [], "gloss": [["..", "", ""], ["talrupunu=ini", "hat=3SG.GEN", "帽子=3SG.GEN"], ["kai,\\", "this", "這個"]], "free": [], "s_end": false, "iu_a_span": [189.23, 190.62], "meta": {"topic": "Pear story", "type": "Narrative", "language": "魯凱語, Rukai, Vedai", "speaker": "潘柯菊華, Balenge, female, 1961-06-20", "collected": "2009-08-06", "revised": "None", "video": "RukaiNr-pear_Balenge.mp3"}, "file": "Rukai_Vedai/RukaiNr-pear_Balenge", "num": 91}], [92, {"ori": [], "gloss": [["..", "", ""], ["la", "then", "然後"], ["iya,\\", "say", "說"]], "free": [], "s_end": false, "iu_a_span": [190.62, 191.57], "meta": {"topic": "Pear story", "type": "Narrative", "language": "魯凱語, Rukai, Vedai", "speaker": "潘柯菊華, Balenge, female, 1961-06-20", "collected": "2009-08-06", "revised": "None", "video": "RukaiNr-pear_Balenge.mp3"}, "file": "Rukai_Vedai/RukaiNr-pear_Balenge", "num": 92}], [93, {"ori": [], "gloss": [["..", "", ""], ["si,_", "CONJ", "連接詞"]], "free": [], "s_end": false, "iu_a_span": [191.57, 192.2], "meta": {"topic": "Pear story", "type": "Narrative", "language": "魯凱語, Rukai, Vedai", "speaker": "潘柯菊華, Balenge, female, 1961-06-20", "collected": "2009-08-06", "revised": "None", "video": "RukaiNr-pear_Balenge.mp3"}, "file": "Rukai_Vedai/RukaiNr-pear_Balenge", "num": 93}], [94, {"ori": [], "gloss": [["...", "", ""], ["la", "then", "然後"], ["iya", "say", "說"], ["kai,\\", "this", "這個"]], "free": [], "s_end": false, "iu_a_span": [192.2, 193.42], "meta": {"topic": "Pear story", "type": "Narrative", "language": "魯凱語, Rukai, Vedai", "speaker": "潘柯菊華, Balenge, female, 1961-06-20", "collected": "2009-08-06", "revised": "None", "video": "RukaiNr-pear_Balenge.mp3"}, "file": "Rukai_Vedai/RukaiNr-pear_Balenge", "num": 94}], [95, {"ori": [], "gloss": [["..", "", ""], ["<L2Mwei", "PART", "PART"], ["weiL2M>", "PART", "PART"], ["kai", "this", "這個"], ["tulrupunu=su", "hat=2SG.GEN", "帽子=2SG.屬格"], ["laiya.\\", "DM", "DM"]], "free": ["#e When the three male pals was leaving, then (they) see (it) and (think) “why is this hat here”; and (they) say “hey! your hat!”", "#c 當那三個男性朋友們要離開時，(他們)看到(它)然後想「為什麼這個帽子(在這)」，然後(他們)說「喂喂！你的帽子！」。"], "s_end": true, "iu_a_span": [193.42, 196.91], "meta": {"topic": "Pear story", "type": "Narrative", "language": "魯凱語, Rukai, Vedai", "speaker": "潘柯菊華, Balenge, female, 1961-06-20", "collected": "2009-08-06", "revised": "None", "video": "RukaiNr-pear_Balenge.mp3"}, "s_a_span": [184.36, 196.91], "file": "Rukai_Vedai/RukaiNr-pear_Balenge", "num": 95}], [96, {"ori": [], "gloss": [["..", "", ""], ["e", "FIL", "FIL"], ["la", "then", "然後"], ["ka-tuase", "KA-walk", "KA-走"], ["bai", "give", "給"], ["kudra", "that", "那"], ["e,_", "FIL", "FIL"]], "free": ["#e then (they) walk to give that…", "#c 然後離開去給…", "#n 此句為不完整句。"], "s_end": true, "iu_a_span": [196.91, 199.6], "meta": {"topic": "Pear story", "type": "Narrative", "language": "魯凱語, Rukai, Vedai", "speaker": "潘柯菊華, Balenge, female, 1961-06-20", "collected": "2009-08-06", "revised": "None", "video": "RukaiNr-pear_Balenge.mp3"}, "s_a_span": [196.91, 199.6], "file": "Rukai_Vedai/RukaiNr-pear_Balenge", "num": 96}], [97, {"ori": [], "gloss": [["...", "", ""], ["tangea", "one", "一個"], ["kudra", "that", "那個"], ["lasu", "boy", "男孩"], ["si", "SI", "SI"], ["ka-tuase,\\", "KA-walk", "KA-走"]], "free": [], "s_end": false, "iu_a_span": [199.6, 201.88], "meta": {"topic": "Pear story", "type": "Narrative", "language": "魯凱語, Rukai, Vedai", "speaker": "潘柯菊華, Balenge, female, 1961-06-20", "collected": "2009-08-06", "revised": "None", "video": "RukaiNr-pear_Balenge.mp3"}, "file": "Rukai_Vedai/RukaiNr-pear_Balenge", "num": 97}], [98, {"ori": [], "gloss": [["..", "", ""], ["mu-a", "go-REAL", "去-實現"], ["kuini", "this", "這個"], ["ki", "OBL", "斜格"], ["e,_", "FIL", "FIL"]], "free": [], "s_end": false, "iu_a_span": [201.88, 203.12], "meta": {"topic": "Pear story", "type": "Narrative", "language": "魯凱語, Rukai, Vedai", "speaker": "潘柯菊華, Balenge, female, 1961-06-20", "collected": "2009-08-06", "revised": "None", "video": "RukaiNr-pear_Balenge.mp3"}, "file": "Rukai_Vedai/RukaiNr-pear_Balenge", "num": 98}], [99, {"ori": [], "gloss": [["...", "", ""], ["mu-a-lriki-lrikili", "go-REAL-RED-bike", "去-實現-重疊-腳踏車"], ["kuini", "this", "這個"], ["lasu", "boy", "男孩"], ["si,\\", "CONJ", "連接詞"]], "free": [], "s_end": false, "iu_a_span": [203.12, 204.78], "meta": {"topic": "Pear story", "type": "Narrative", "language": "魯凱語, Rukai, Vedai", "speaker": "潘柯菊華, Balenge, female, 1961-06-20", "collected": "2009-08-06", "revised": "None", "video": "RukaiNr-pear_Balenge.mp3"}, "file": "Rukai_Vedai/RukaiNr-pear_Balenge", "num": 99}]], "meta": {"topic": "Pear story", "type": "Narrative", "language": "魯凱語, Rukai, Vedai", "speaker": "潘柯菊華, Balenge, female, 1961-06-20", "collected": "2009-08-06", "revised": "None", "video": "RukaiNr-pear_Balenge.mp3"}}