{"glosses": [[1, {"ori": [], "gloss": [["...(1.8)", "", ""], ["pan", "EXIST", "存在"], ["to", "OBL", "斜格"], ["mo", "AUX.AF", "助動詞.主焦"], ["cihi", "one", "一"], ["ci==,_", "REL", "關係詞"]], "free": [], "s_end": false, "iu_a_span": [1.88, 3.35], "meta": {"topic": "Pear Story 1", "type": "Narrative", "language": "鄒語, Tsou, Tfya", "speaker": "汪明輝, None, male, None", "collected": "1988", "revised": "2013-11-18", "video": "TsouNr-pear-wang-3.mp3"}, "file": "Tsou_Tfya/TsouNr-pear-wang-3", "num": 1}], [2, {"ori": [], "gloss": [["...", "", ""], ["mo", "AUX.AF", "助動詞.主焦"], ["ake'i", "somewhat.AF", "稍微.主焦"], ["mameoi", "old.AF", "老.主焦"], ["ci", "REL", "關係詞"], ["hahocngʉ.\\", "male", "男"]], "free": ["#e There was a somewhat old man.", "#c 有一位有點年紀的男人"], "s_end": true, "iu_a_span": [3.35, 5.44], "meta": {"topic": "Pear Story 1", "type": "Narrative", "language": "鄒語, Tsou, Tfya", "speaker": "汪明輝, None, male, None", "collected": "1988", "revised": "2013-11-18", "video": "TsouNr-pear-wang-3.mp3"}, "s_a_span": [1.88, 5.44], "file": "Tsou_Tfya/TsouNr-pear-wang-3", "num": 2}], [3, {"ori": [], "gloss": [["...(2.5)", "", ""], ["moso", "AUX.AF", "助動詞.主焦"], ["toa", "pick.AF", "採.主焦"], ["to==,_", "OBL", "斜格"]], "free": [], "s_end": false, "iu_a_span": [5.44, 9.24], "meta": {"topic": "Pear Story 1", "type": "Narrative", "language": "鄒語, Tsou, Tfya", "speaker": "汪明輝, None, male, None", "collected": "1988", "revised": "2013-11-18", "video": "TsouNr-pear-wang-3.mp3"}, "file": "Tsou_Tfya/TsouNr-pear-wang-3", "num": 3}], [4, {"ori": [], "gloss": [["...(0.8)", "", ""], ["beahci", "fruit", "水果"], ["to==,_", "OBL", "斜格"]], "free": [], "s_end": false, "iu_a_span": [9.24, 11.2], "meta": {"topic": "Pear Story 1", "type": "Narrative", "language": "鄒語, Tsou, Tfya", "speaker": "汪明輝, None, male, None", "collected": "1988", "revised": "2013-11-18", "video": "TsouNr-pear-wang-3.mp3"}, "file": "Tsou_Tfya/TsouNr-pear-wang-3", "num": 4}], [5, {"ori": [], "gloss": [["...(0.8)", "", ""], ["bʉnʉvhʉ.\\", "plum", "李子"]], "free": ["#e (He) was picking plum.", "#c (他)在採李子"], "s_end": true, "iu_a_span": [11.2, 12.76], "meta": {"topic": "Pear Story 1", "type": "Narrative", "language": "鄒語, Tsou, Tfya", "speaker": "汪明輝, None, male, None", "collected": "1988", "revised": "2013-11-18", "video": "TsouNr-pear-wang-3.mp3"}, "s_a_span": [5.44, 12.76], "file": "Tsou_Tfya/TsouNr-pear-wang-3", "num": 5}], [6, {"ori": [], "gloss": [["...(3.1)", "", ""], ["mo==,\\", "AUX.AF", "助動詞.主焦"]], "free": [], "s_end": false, "iu_a_span": [12.76, 16.43], "meta": {"topic": "Pear Story 1", "type": "Narrative", "language": "鄒語, Tsou, Tfya", "speaker": "汪明輝, None, male, None", "collected": "1988", "revised": "2013-11-18", "video": "TsouNr-pear-wang-3.mp3"}, "file": "Tsou_Tfya/TsouNr-pear-wang-3", "num": 6}], [7, {"ori": [], "gloss": [["...", "", ""], ["pan", "EXIST", "存在"], ["to", "OBL", "斜格"], ["mo", "AUX.AF", "助動詞.主焦"], ["sucaefi", "pass.by.AF", "經過.主焦"], ["ci", "REL", "關係詞"], ["mo,\\", "AUX.AF", "助動詞.主焦"]], "free": [], "s_end": false, "iu_a_span": [16.43, 18.21], "meta": {"topic": "Pear Story 1", "type": "Narrative", "language": "鄒語, Tsou, Tfya", "speaker": "汪明輝, None, male, None", "collected": "1988", "revised": "2013-11-18", "video": "TsouNr-pear-wang-3.mp3"}, "file": "Tsou_Tfya/TsouNr-pear-wang-3", "num": 7}], [8, {"ori": [], "gloss": [["..", "", ""], ["eakako", "pull.AF", "拉.主焦"], ["to==,\\", "OBL", "斜格"]], "free": [], "s_end": false, "iu_a_span": [18.21, 19.13], "meta": {"topic": "Pear Story 1", "type": "Narrative", "language": "鄒語, Tsou, Tfya", "speaker": "汪明輝, None, male, None", "collected": "1988", "revised": "2013-11-18", "video": "TsouNr-pear-wang-3.mp3"}, "file": "Tsou_Tfya/TsouNr-pear-wang-3", "num": 8}], [9, {"ori": [], "gloss": [["..", "", ""], ["eangi", "goat", "羊"], ["ci", "REL", "關係詞"], ["hahocngʉ.\\", "male", "男"]], "free": ["#e There was a man pulling a goat passes by.", "#c 有個男的牽著一隻羊經過。"], "s_end": true, "iu_a_span": [19.13, 20.51], "meta": {"topic": "Pear Story 1", "type": "Narrative", "language": "鄒語, Tsou, Tfya", "speaker": "汪明輝, None, male, None", "collected": "1988", "revised": "2013-11-18", "video": "TsouNr-pear-wang-3.mp3"}, "s_a_span": [12.76, 20.51], "file": "Tsou_Tfya/TsouNr-pear-wang-3", "num": 9}], [10, {"ori": [], "gloss": [["...(1.7)", "", ""], ["o'a", "NEG", "否定"], ["i-si", "AUX.NAF-3SG.GEN", "助動詞.非主焦-3SG.屬格"], ["maka==,\\", "the.least", "起碼"]], "free": [], "s_end": false, "iu_a_span": [20.51, 23.24], "meta": {"topic": "Pear Story 1", "type": "Narrative", "language": "鄒語, Tsou, Tfya", "speaker": "汪明輝, None, male, None", "collected": "1988", "revised": "2013-11-18", "video": "TsouNr-pear-wang-3.mp3"}, "file": "Tsou_Tfya/TsouNr-pear-wang-3", "num": 10}], [11, {"ori": [], "gloss": [["...(1.1)", "", ""], ["mi'usni.\\", "toward.LF", "面向.處焦"]], "free": [], "s_end": false, "iu_a_span": [23.24, 24.96], "meta": {"topic": "Pear Story 1", "type": "Narrative", "language": "鄒語, Tsou, Tfya", "speaker": "汪明輝, None, male, None", "collected": "1988", "revised": "2013-11-18", "video": "TsouNr-pear-wang-3.mp3"}, "file": "Tsou_Tfya/TsouNr-pear-wang-3", "num": 11}], [12, {"ori": [], "gloss": [["..", "", ""], ["mo", "AUX.AF", "助動詞.主焦"], ["asonʉ,_", "probably.AF", "或許.主焦"]], "free": [], "s_end": false, "iu_a_span": [24.96, 25.65], "meta": {"topic": "Pear Story 1", "type": "Narrative", "language": "鄒語, Tsou, Tfya", "speaker": "汪明輝, None, male, None", "collected": "1988", "revised": "2013-11-18", "video": "TsouNr-pear-wang-3.mp3"}, "file": "Tsou_Tfya/TsouNr-pear-wang-3", "num": 12}], [13, {"ori": [], "gloss": [["...", "", ""], ["angu", "excessively", "太過"], ["'anana'o", "work.hard.AF", "努力.主焦"], ["ho", "CONJ", "連接詞"], ["mo", "AUX.AF", "助動詞.主焦"], ["toa.\\", "pick.AF", "採.主焦"]], "free": ["#e He didn't even paid him attention because of his hard working on picking.", "#c 他沒有注意到（經過的人），他採得太認真了。"], "s_end": true, "iu_a_span": [25.65, 27.37], "meta": {"topic": "Pear Story 1", "type": "Narrative", "language": "鄒語, Tsou, Tfya", "speaker": "汪明輝, None, male, None", "collected": "1988", "revised": "2013-11-18", "video": "TsouNr-pear-wang-3.mp3"}, "s_a_span": [20.51, 27.37], "file": "Tsou_Tfya/TsouNr-pear-wang-3", "num": 13}], [14, {"ori": [], "gloss": [["...(1.7)", "", ""], ["oh==,_", "FIL", "FIL"]], "free": [], "s_end": false, "iu_a_span": [27.37, 29.62], "meta": {"topic": "Pear Story 1", "type": "Narrative", "language": "鄒語, Tsou, Tfya", "speaker": "汪明輝, None, male, None", "collected": "1988", "revised": "2013-11-18", "video": "TsouNr-pear-wang-3.mp3"}, "file": "Tsou_Tfya/TsouNr-pear-wang-3", "num": 14}], [15, {"ori": [], "gloss": [["...(2.1)", "", ""], ["mo", "AUX.AF", "助動詞.主焦"], ["asngʉc,\\", "continuously.AF", "一直.主焦"]], "free": [], "s_end": false, "iu_a_span": [29.62, 32.69], "meta": {"topic": "Pear Story 1", "type": "Narrative", "language": "鄒語, Tsou, Tfya", "speaker": "汪明輝, None, male, None", "collected": "1988", "revised": "2013-11-18", "video": "TsouNr-pear-wang-3.mp3"}, "file": "Tsou_Tfya/TsouNr-pear-wang-3", "num": 15}], [16, {"ori": [], "gloss": [["...(1.1)", "", ""], ["toa,_", "pick.AF", "採.主焦"]], "free": [], "s_end": false, "iu_a_span": [32.69, 34.18], "meta": {"topic": "Pear Story 1", "type": "Narrative", "language": "鄒語, Tsou, Tfya", "speaker": "汪明輝, None, male, None", "collected": "1988", "revised": "2013-11-18", "video": "TsouNr-pear-wang-3.mp3"}, "file": "Tsou_Tfya/TsouNr-pear-wang-3", "num": 16}], [17, {"ori": [], "gloss": [["...(1.2)", "", ""], ["ho", "CONJ", "連接詞"], ["mʉ--", "FS", "FS"], ["i-si", "AUX.NAF-3SG.GEN", "助動詞.非主焦-3SG.屬格"], ["teaph-a", "fill.in-PF", "裝-受焦"], ["na", "FIL", "FIL"], ["ito,\\", "OBL", "斜格"]], "free": [], "s_end": false, "iu_a_span": [34.18, 36.89], "meta": {"topic": "Pear Story 1", "type": "Narrative", "language": "鄒語, Tsou, Tfya", "speaker": "汪明輝, None, male, None", "collected": "1988", "revised": "2013-11-18", "video": "TsouNr-pear-wang-3.mp3"}, "file": "Tsou_Tfya/TsouNr-pear-wang-3", "num": 17}], [18, {"ori": [], "gloss": [["..", "", ""], ["fucu", "bag", "袋子"], ["na", "FIL", "FIL"], ["ito,_", "OBL", "斜格"]], "free": [], "s_end": false, "iu_a_span": [36.89, 37.96], "meta": {"topic": "Pear Story 1", "type": "Narrative", "language": "鄒語, Tsou, Tfya", "speaker": "汪明輝, None, male, None", "collected": "1988", "revised": "2013-11-18", "video": "TsouNr-pear-wang-3.mp3"}, "file": "Tsou_Tfya/TsouNr-pear-wang-3", "num": 18}], [19, {"ori": [], "gloss": [["..", "", ""], ["to", "OBL", "斜格"], ["i-si==,_", "AUX.NAF-3SG.GEN", "助動詞.非主焦-3SG.屬格"]], "free": [], "s_end": false, "iu_a_span": [37.96, 38.65], "meta": {"topic": "Pear Story 1", "type": "Narrative", "language": "鄒語, Tsou, Tfya", "speaker": "汪明輝, None, male, None", "collected": "1988", "revised": "2013-11-18", "video": "TsouNr-pear-wang-3.mp3"}, "file": "Tsou_Tfya/TsouNr-pear-wang-3", "num": 19}], [20, {"ori": [], "gloss": [["...", "", ""], ["ngovei", "hang.LF", "掛.處焦"], ["to", "OBL", "斜格"], ["sʉnʉ-si.\\", "neck-3S.GEN", "脖子-3S.屬格"]], "free": ["#n ngovei could be a speech error. The correct one should be ngov'eni 'to make something hang on some place'.", "#n ngovei could be a speech error. The correct one should be ngov'eni 'to make something hang on some place'."], "s_end": false, "iu_a_span": [38.65, 40.11], "meta": {"topic": "Pear Story 1", "type": "Narrative", "language": "鄒語, Tsou, Tfya", "speaker": "汪明輝, None, male, None", "collected": "1988", "revised": "2013-11-18", "video": "TsouNr-pear-wang-3.mp3"}, "file": "Tsou_Tfya/TsouNr-pear-wang-3", "num": 20}], [21, {"ori": [], "gloss": [["..", "", ""], ["ci==", "REL", "關係詞"], ["ci", "REL", "關係詞"], ["fucu", "bag", "袋子"], ["o--", "FS", "FS"], ["'o", "NOM", "主格"], ["i-si", "AUX.NAF-3SG.GEN", "助動詞.非主焦-3SG.屬格"], ["toa-i", "pick-LF", "採-處焦"], ["ci", "REL", "關係詞"], ["beahci.\\", "fruit", "水果"]], "free": ["#e He didn't stop, and put (the fruit) into the bag that was hung on his neck.", "#c 他一直採，把採下來的水果放在那個掛在他脖子上的袋子裡。"], "s_end": true, "iu_a_span": [40.11, 43.32], "meta": {"topic": "Pear Story 1", "type": "Narrative", "language": "鄒語, Tsou, Tfya", "speaker": "汪明輝, None, male, None", "collected": "1988", "revised": "2013-11-18", "video": "TsouNr-pear-wang-3.mp3"}, "s_a_span": [27.37, 43.32], "file": "Tsou_Tfya/TsouNr-pear-wang-3", "num": 21}], [22, {"ori": [], "gloss": [["...(0.8)", "", ""], ["ho", "when", "當"], ["mi=cu", "AUX.AF=PFV", "助動詞.主焦=完成"], ["ngangcʉngcʉ", "full.AF", "滿.主焦"], ["mo", "AUX.AF", "助動詞.主焦"], ["eu'si-peohʉ.\\", "climb-down.AF", "爬-下.主焦"]], "free": [], "s_end": false, "iu_a_span": [43.32, 45.88], "meta": {"topic": "Pear Story 1", "type": "Narrative", "language": "鄒語, Tsou, Tfya", "speaker": "汪明輝, None, male, None", "collected": "1988", "revised": "2013-11-18", "video": "TsouNr-pear-wang-3.mp3"}, "file": "Tsou_Tfya/TsouNr-pear-wang-3", "num": 22}], [23, {"ori": [], "gloss": [["...", "", ""], ["to", "OBL", "斜格"], ["evi", "tree", "樹"], ["ho,\\", "CONJ", "連接詞"]], "free": ["#e He climbed down the tree when it (the bag) was full.", "#c 如果袋子滿了，他就爬下來。"], "s_end": true, "iu_a_span": [45.88, 46.99], "meta": {"topic": "Pear Story 1", "type": "Narrative", "language": "鄒語, Tsou, Tfya", "speaker": "汪明輝, None, male, None", "collected": "1988", "revised": "2013-11-18", "video": "TsouNr-pear-wang-3.mp3"}, "s_a_span": [43.32, 46.99], "file": "Tsou_Tfya/TsouNr-pear-wang-3", "num": 23}], [24, {"ori": [], "gloss": [["...", "", ""], ["ho", "CONJ", "連接詞"], ["sia", "put.PF", "放.受焦"], ["^to,\\", "OBL", "斜格"]], "free": [], "s_end": false, "iu_a_span": [46.99, 48.53], "meta": {"topic": "Pear Story 1", "type": "Narrative", "language": "鄒語, Tsou, Tfya", "speaker": "汪明輝, None, male, None", "collected": "1988", "revised": "2013-11-18", "video": "TsouNr-pear-wang-3.mp3"}, "file": "Tsou_Tfya/TsouNr-pear-wang-3", "num": 24}], [25, {"ori": [], "gloss": [["...(1.4)", "", ""], ["oh==", "FIL", "FIL"], ["sia", "put.PF", "放.受焦"], ["to", "OBL", "斜格"], ["i-si==,_", "AUX.NAF-3SG.GEN", "助動詞.非主焦-3SG.屬格"]], "free": [], "s_end": false, "iu_a_span": [48.53, 51.04], "meta": {"topic": "Pear Story 1", "type": "Narrative", "language": "鄒語, Tsou, Tfya", "speaker": "汪明輝, None, male, None", "collected": "1988", "revised": "2013-11-18", "video": "TsouNr-pear-wang-3.mp3"}, "file": "Tsou_Tfya/TsouNr-pear-wang-3", "num": 25}], [26, {"ori": [], "gloss": [["...", "", ""], ["ah==", "FIL", "FIL"], ["to", "OBL", "斜格"], ["te-si", "FUT-3SG.GEN", "未來-3SG.屬格"], ["sii", "put-LF", "放-處焦"], ["ci==,_", "REL", "關係詞"]], "free": [], "s_end": false, "iu_a_span": [51.04, 53.18], "meta": {"topic": "Pear Story 1", "type": "Narrative", "language": "鄒語, Tsou, Tfya", "speaker": "汪明輝, None, male, None", "collected": "1988", "revised": "2013-11-18", "video": "TsouNr-pear-wang-3.mp3"}, "file": "Tsou_Tfya/TsouNr-pear-wang-3", "num": 26}], [27, {"ori": [], "gloss": [["...(1.4)", "", ""], ["<L2JkhagoL2J>.\\", "basket", "籃子"]], "free": ["#e And put (the fruit) in the basket.", "#c (把水果)放在籃子裡。"], "s_end": true, "iu_a_span": [53.18, 55.01], "meta": {"topic": "Pear Story 1", "type": "Narrative", "language": "鄒語, Tsou, Tfya", "speaker": "汪明輝, None, male, None", "collected": "1988", "revised": "2013-11-18", "video": "TsouNr-pear-wang-3.mp3"}, "s_a_span": [46.99, 55.01], "file": "Tsou_Tfya/TsouNr-pear-wang-3", "num": 27}], [28, {"ori": [], "gloss": [["...(2.9)", "", ""], ["ho", "CONJ", "連接詞"], ["i--", "FS", "FS"], ["ivaho", "again.AF", "再次.主焦"], ["eu'si-pepe", "climb-high.AF", "爬-高.主焦"], ["ho,\\", "CONJ", "連接詞"]], "free": [], "s_end": false, "iu_a_span": [55.01, 59.64], "meta": {"topic": "Pear Story 1", "type": "Narrative", "language": "鄒語, Tsou, Tfya", "speaker": "汪明輝, None, male, None", "collected": "1988", "revised": "2013-11-18", "video": "TsouNr-pear-wang-3.mp3"}, "file": "Tsou_Tfya/TsouNr-pear-wang-3", "num": 28}], [29, {"ori": [], "gloss": [["...", "", ""], ["toa", "pick.AF", "採.主焦"], ["to,\\", "OBL", "斜格"]], "free": [], "s_end": false, "iu_a_span": [59.64, 60.73], "meta": {"topic": "Pear Story 1", "type": "Narrative", "language": "鄒語, Tsou, Tfya", "speaker": "汪明輝, None, male, None", "collected": "1988", "revised": "2013-11-18", "video": "TsouNr-pear-wang-3.mp3"}, "file": "Tsou_Tfya/TsouNr-pear-wang-3", "num": 29}], [30, {"ori": [], "gloss": [["...(0.9)", "", ""], ["beahci", "fruit", "水果"], ["to==", "OBL", "斜格"], ["bunʉvhʉ.\\", "plum", "李"]], "free": ["#e He then climbed up again to pick plum fruit.", "#c 他又再次爬上(樹）採水果。"], "s_end": true, "iu_a_span": [60.73, 62.85], "meta": {"topic": "Pear Story 1", "type": "Narrative", "language": "鄒語, Tsou, Tfya", "speaker": "汪明輝, None, male, None", "collected": "1988", "revised": "2013-11-18", "video": "TsouNr-pear-wang-3.mp3"}, "s_a_span": [55.01, 62.85], "file": "Tsou_Tfya/TsouNr-pear-wang-3", "num": 30}], [31, {"ori": [], "gloss": [["...(2.5)", "", ""], ["ne.aomane", "a.while", "一會兒"], ["mi=cu,\\", "AUX.AF=PFV", "助動詞.主焦=完成"]], "free": [], "s_end": false, "iu_a_span": [62.85, 66.48], "meta": {"topic": "Pear Story 1", "type": "Narrative", "language": "鄒語, Tsou, Tfya", "speaker": "汪明輝, None, male, None", "collected": "1988", "revised": "2013-11-18", "video": "TsouNr-pear-wang-3.mp3"}, "file": "Tsou_Tfya/TsouNr-pear-wang-3", "num": 31}], [32, {"ori": [], "gloss": [["...(0.9)", "", ""], ["pan", "EXIST", "存在"], ["to", "OBL", "斜格"], ["mo", "AUX.AF", "助動詞.主焦"], ["sucaefi", "pass.by.AF", "經過.主焦"], ["ci", "REL", "關係詞"], ["mo==,\\", "AUX.AF", "助動詞.主焦"]], "free": [], "s_end": false, "iu_a_span": [66.48, 69.04], "meta": {"topic": "Pear Story 1", "type": "Narrative", "language": "鄒語, Tsou, Tfya", "speaker": "汪明輝, None, male, None", "collected": "1988", "revised": "2013-11-18", "video": "TsouNr-pear-wang-3.mp3"}, "file": "Tsou_Tfya/TsouNr-pear-wang-3", "num": 32}], [33, {"ori": [], "gloss": [["...", "", ""], ["eon", "stay.AF", "待在.主焦"], ["to", "OBL", "斜格"], ["jidensa", "bike", "腳踏車"], ["ci", "REL", "關係詞"], ["'o'oko", "children", "小孩"], ["no", "OBL", "斜格"], ["hahocngʉ.\\", "male", "男"]], "free": ["#e For a while, there was a boy riding a bike passed by.", "#c 一會兒,有一個男孩騎著腳踏車經過。"], "s_end": true, "iu_a_span": [69.04, 71.64], "meta": {"topic": "Pear Story 1", "type": "Narrative", "language": "鄒語, Tsou, Tfya", "speaker": "汪明輝, None, male, None", "collected": "1988", "revised": "2013-11-18", "video": "TsouNr-pear-wang-3.mp3"}, "s_a_span": [62.85, 71.64], "file": "Tsou_Tfya/TsouNr-pear-wang-3", "num": 33}], [34, {"ori": [], "gloss": [["...(1.8)", "", ""], ["mo", "AUX.AF", "助動詞.主焦"], ["tos--", "FS", "FS"], ["mo", "AUX.AF", "助動詞.主焦"], ["tosvo", "stop.AF", "停.主焦"], ["to==,\\", "OBL", "斜格"]], "free": [], "s_end": false, "iu_a_span": [71.64, 75.35], "meta": {"topic": "Pear Story 1", "type": "Narrative", "language": "鄒語, Tsou, Tfya", "speaker": "汪明輝, None, male, None", "collected": "1988", "revised": "2013-11-18", "video": "TsouNr-pear-wang-3.mp3"}, "file": "Tsou_Tfya/TsouNr-pear-wang-3", "num": 34}], [35, {"ori": [], "gloss": [["...", "", ""], ["to", "OBL", "斜格"], ["i-si", "AUX.NAF-3SG.GEN", "助動詞.非主焦-3SG.屬格"], ["sii", "put.LF", "放.處焦"], ["to", "OBL", "斜格"], ["beahci,\\", "fruit", "水果"]], "free": [], "s_end": false, "iu_a_span": [75.35, 77.27], "meta": {"topic": "Pear Story 1", "type": "Narrative", "language": "鄒語, Tsou, Tfya", "speaker": "汪明輝, None, male, None", "collected": "1988", "revised": "2013-11-18", "video": "TsouNr-pear-wang-3.mp3"}, "file": "Tsou_Tfya/TsouNr-pear-wang-3", "num": 35}], [36, {"ori": [], "gloss": [["...(0.6)", "", ""], ["to", "OBL", "斜格"], ["i-si", "AUX.NAF-3SG.GEN", "助動詞.非主焦-3SG.屬格"], ["toa-i.\\", "pick-LF", "採-處焦"]], "free": ["#e He stopped where the gathered fruit was put/laid.", "#c 他（男孩）停在那人放採下來的水果的地方。"], "s_end": true, "iu_a_span": [77.27, 78.72], "meta": {"topic": "Pear Story 1", "type": "Narrative", "language": "鄒語, Tsou, Tfya", "speaker": "汪明輝, None, male, None", "collected": "1988", "revised": "2013-11-18", "video": "TsouNr-pear-wang-3.mp3"}, "s_a_span": [71.64, 78.72], "file": "Tsou_Tfya/TsouNr-pear-wang-3", "num": 36}], [37, {"ori": [], "gloss": [["...(1.4)", "", ""], ["ia", "EVI", "知識詞"], ["siai--,\\", "FS", "FS"]], "free": [], "s_end": false, "iu_a_span": [78.72, 80.62], "meta": {"topic": "Pear Story 1", "type": "Narrative", "language": "鄒語, Tsou, Tfya", "speaker": "汪明輝, None, male, None", "collected": "1988", "revised": "2013-11-18", "video": "TsouNr-pear-wang-3.mp3"}, "file": "Tsou_Tfya/TsouNr-pear-wang-3", "num": 37}], [38, {"ori": [], "gloss": [["..", "", ""], ["i-si", "AUX.NAF-3SG.GEN", "助動詞.非主焦-3SG.屬格"], ["asona", "probably.PF", "或許.受焦"], ["na'na", "very.PF", "很.受焦"], ["tata'za", "eager.to.have.PF", "想要有.受焦"], ["ho,\\", "CONJ", "連接詞"]], "free": [], "s_end": false, "iu_a_span": [80.62, 82.34], "meta": {"topic": "Pear Story 1", "type": "Narrative", "language": "鄒語, Tsou, Tfya", "speaker": "汪明輝, None, male, None", "collected": "1988", "revised": "2013-11-18", "video": "TsouNr-pear-wang-3.mp3"}, "file": "Tsou_Tfya/TsouNr-pear-wang-3", "num": 38}], [39, {"ori": [], "gloss": [["...(1.0)", "", ""], ["i-si,\\", "AUX.NAF-3SG.GEN", "助動詞.非主焦-3SG.屬格"]], "free": [], "s_end": false, "iu_a_span": [82.34, 83.72], "meta": {"topic": "Pear Story 1", "type": "Narrative", "language": "鄒語, Tsou, Tfya", "speaker": "汪明輝, None, male, None", "collected": "1988", "revised": "2013-11-18", "video": "TsouNr-pear-wang-3.mp3"}, "file": "Tsou_Tfya/TsouNr-pear-wang-3", "num": 39}], [40, {"ori": [], "gloss": [["...(1.0)", "", ""], ["aha'va,\\", "stealingly;suddenly.PF", "偷偷的;突然的.受焦"]], "free": [], "s_end": false, "iu_a_span": [83.72, 85.32], "meta": {"topic": "Pear Story 1", "type": "Narrative", "language": "鄒語, Tsou, Tfya", "speaker": "汪明輝, None, male, None", "collected": "1988", "revised": "2013-11-18", "video": "TsouNr-pear-wang-3.mp3"}, "file": "Tsou_Tfya/TsouNr-pear-wang-3", "num": 40}], [41, {"ori": [], "gloss": [["...(1.3)", "", ""], ["cono", "one", "一"], ["hafa", "carry.PF", "帶.受焦"], ["'o", "NOM", "主格"], ["mo", "AUX.AF", "助動詞.主焦"], ["eon", "stay.AF", "在.主焦"], ["to,\\", "OBL", "斜格"]], "free": [], "s_end": false, "iu_a_span": [85.32, 88.05], "meta": {"topic": "Pear Story 1", "type": "Narrative", "language": "鄒語, Tsou, Tfya", "speaker": "汪明輝, None, male, None", "collected": "1988", "revised": "2013-11-18", "video": "TsouNr-pear-wang-3.mp3"}, "file": "Tsou_Tfya/TsouNr-pear-wang-3", "num": 41}], [42, {"ori": [], "gloss": [["...(1.4)", "", ""], ["<L2JkhagoL2J>", "basket", "籃子"], ["ci==,_", "REL", "關係詞"]], "free": [], "s_end": false, "iu_a_span": [88.05, 90.45], "meta": {"topic": "Pear Story 1", "type": "Narrative", "language": "鄒語, Tsou, Tfya", "speaker": "汪明輝, None, male, None", "collected": "1988", "revised": "2013-11-18", "video": "TsouNr-pear-wang-3.mp3"}, "file": "Tsou_Tfya/TsouNr-pear-wang-3", "num": 42}], [43, {"ori": [], "gloss": [["..", "", ""], ["beahci", "fruit", "果實"], ["ho,\\", "CONJ", "連接詞"]], "free": ["#e He probably wanted to have the fruit, and took one basket of fruit away.", "#c 他可能想要那些水果，帶走了一籃。"], "s_end": true, "iu_a_span": [90.45, 91.64], "meta": {"topic": "Pear Story 1", "type": "Narrative", "language": "鄒語, Tsou, Tfya", "speaker": "汪明輝, None, male, None", "collected": "1988", "revised": "2013-11-18", "video": "TsouNr-pear-wang-3.mp3"}, "s_a_span": [78.72, 91.64], "file": "Tsou_Tfya/TsouNr-pear-wang-3", "num": 43}], [44, {"ori": [], "gloss": [["...(0.9)", "", ""], ["ho", "CONJ", "連接詞"], ["cu", "PFV", "完成"], ["sia", "put.PF", "放.受焦"], ["to", "OBL", "斜格"], ["jidensa", "bike", "腳踏車"], ["ho", "CONJ", "連接詞"], ["mongoi.\\", "leave", "離開.AF"]], "free": ["#e Put it on the bike and left.", "#c 放在腳踏車上，然後離開。"], "s_end": true, "iu_a_span": [91.64, 94.5], "meta": {"topic": "Pear Story 1", "type": "Narrative", "language": "鄒語, Tsou, Tfya", "speaker": "汪明輝, None, male, None", "collected": "1988", "revised": "2013-11-18", "video": "TsouNr-pear-wang-3.mp3"}, "s_a_span": [91.64, 94.5], "file": "Tsou_Tfya/TsouNr-pear-wang-3", "num": 44}], [45, {"ori": [], "gloss": [["...(0.7)", "", ""], ["o'a", "NEG", "否定"], ["i-si", "AUX.NAF-3SG.GEN", "助動詞.非主焦-3SG.屬格"], ["maka", "the.least.PF", "至少.受焦"], ["cohivi", "know.LF", "知道.處焦"], ["na", "FIL", "FIL"], ["ito==,\\", "OBL", "斜格"]], "free": [], "s_end": false, "iu_a_span": [94.5, 96.83], "meta": {"topic": "Pear Story 1", "type": "Narrative", "language": "鄒語, Tsou, Tfya", "speaker": "汪明輝, None, male, None", "collected": "1988", "revised": "2013-11-18", "video": "TsouNr-pear-wang-3.mp3"}, "file": "Tsou_Tfya/TsouNr-pear-wang-3", "num": 45}], [46, {"ori": [], "gloss": [["...", "", ""], ["mo", "AUX.AF", "助動詞.主焦"], ["toa", "pick.AF", "採.主焦"], ["ci", "REL", "關係詞"], ["mo", "AUX.AF", "助動詞.主焦"], ["asonʉ", "probably.AF", "或許.主焦"], ["angu./", "excessively", "太過於"]], "free": [], "s_end": false, "iu_a_span": [96.83, 98.85], "meta": {"topic": "Pear Story 1", "type": "Narrative", "language": "鄒語, Tsou, Tfya", "speaker": "汪明輝, None, male, None", "collected": "1988", "revised": "2013-11-18", "video": "TsouNr-pear-wang-3.mp3"}, "file": "Tsou_Tfya/TsouNr-pear-wang-3", "num": 46}], [47, {"ori": [], "gloss": [["..", "", ""], ["'anana'o.\\", "hard.AF", "努力"]], "free": ["#e It wasn't noticed at all (by the old man), because he was so devoted to the picking of the fruit.", "#c 那個（採果的老人）完全沒注意到，或許是太努力（摘果子）。"], "s_end": true, "iu_a_span": [98.85, 99.5], "meta": {"topic": "Pear Story 1", "type": "Narrative", "language": "鄒語, Tsou, Tfya", "speaker": "汪明輝, None, male, None", "collected": "1988", "revised": "2013-11-18", "video": "TsouNr-pear-wang-3.mp3"}, "s_a_span": [94.5, 99.5], "file": "Tsou_Tfya/TsouNr-pear-wang-3", "num": 47}], [48, {"ori": ["...(1.2)", "(Inhale)"], "gloss": [], "free": [], "s_end": false, "iu_a_span": [99.5, 100.82], "meta": {"topic": "Pear Story 1", "type": "Narrative", "language": "鄒語, Tsou, Tfya", "speaker": "汪明輝, None, male, None", "collected": "1988", "revised": "2013-11-18", "video": "TsouNr-pear-wang-3.mp3"}, "file": "Tsou_Tfya/TsouNr-pear-wang-3", "num": 48}], [49, {"ori": [], "gloss": [["...(0.8)", "", ""], ["i'o", "NOM", "主格"], ["oko", "child", "小孩"], ["no", "OBL", "斜格"], ["hahocngʉ.\\", "male", "男"]], "free": [], "s_end": false, "iu_a_span": [100.82, 102.7], "meta": {"topic": "Pear Story 1", "type": "Narrative", "language": "鄒語, Tsou, Tfya", "speaker": "汪明輝, None, male, None", "collected": "1988", "revised": "2013-11-18", "video": "TsouNr-pear-wang-3.mp3"}, "file": "Tsou_Tfya/TsouNr-pear-wang-3", "num": 49}], [50, {"ori": [], "gloss": [["...(0.8)", "", ""], ["i-si", "AUX.NAF-3SG.GEN", "助動詞.非主焦-3SG.屬格"], ["cu", "PFV", "完成"], ["hafa", "carry.PF", "帶.受焦"], ["'o", "NOM", "主格"], ["mo,\\", "AUX.AF", "助動詞.主焦"]], "free": [], "s_end": false, "iu_a_span": [102.7, 104.61], "meta": {"topic": "Pear Story 1", "type": "Narrative", "language": "鄒語, Tsou, Tfya", "speaker": "汪明輝, None, male, None", "collected": "1988", "revised": "2013-11-18", "video": "TsouNr-pear-wang-3.mp3"}, "file": "Tsou_Tfya/TsouNr-pear-wang-3", "num": 50}], [51, {"ori": [], "gloss": [["...(1.0)", "", ""], ["ah--,\\", "FS", "FS"]], "free": [], "s_end": false, "iu_a_span": [104.61, 106.08], "meta": {"topic": "Pear Story 1", "type": "Narrative", "language": "鄒語, Tsou, Tfya", "speaker": "汪明輝, None, male, None", "collected": "1988", "revised": "2013-11-18", "video": "TsouNr-pear-wang-3.mp3"}, "file": "Tsou_Tfya/TsouNr-pear-wang-3", "num": 51}], [52, {"ori": [], "gloss": [["...", "", ""], ["'o", "NOM", "主格"], ["mo", "AUX.AF", "助動詞.主焦"], ["cono", "one", "一"], ["khago", "backet", "籃子"], ["ci==", "REL", "關係詞"], ["beahci", "fruit", "水果"], ["ho,_", "CONJ", "連接詞"]], "free": [], "s_end": false, "iu_a_span": [106.08, 108.19], "meta": {"topic": "Pear Story 1", "type": "Narrative", "language": "鄒語, Tsou, Tfya", "speaker": "汪明輝, None, male, None", "collected": "1988", "revised": "2013-11-18", "video": "TsouNr-pear-wang-3.mp3"}, "file": "Tsou_Tfya/TsouNr-pear-wang-3", "num": 52}], [53, {"ori": [], "gloss": [["...(1.0)", "", ""], ["ho", "CONJ", "連接詞"], ["eon", "be.AF", "在.主焦"], ["to", "OBL", "斜格"], ["jidensa", "bike", "腳踏車"], ["u--", "FS", "FS"], ["ho==", "CONJ", "連接詞"], ["mongoi.\\", "leave.AF", "離開.主焦"]], "free": ["#e The boy loaded the basket of fruit, and left on his bike.", "#c 那個男孩將一籃水果放在腳踏車上，騎著腳踏車離開了。"], "s_end": true, "iu_a_span": [108.19, 111.12], "meta": {"topic": "Pear Story 1", "type": "Narrative", "language": "鄒語, Tsou, Tfya", "speaker": "汪明輝, None, male, None", "collected": "1988", "revised": "2013-11-18", "video": "TsouNr-pear-wang-3.mp3"}, "s_a_span": [99.5, 111.12], "file": "Tsou_Tfya/TsouNr-pear-wang-3", "num": 53}], [54, {"ori": [], "gloss": [["...(3.0)", "", ""], ["aomane", "a.little.while", "一會兒"], ["mo", "AUX.AF", "助動詞.主焦"], ["eupteʉlʉ", "meet.AF", "見面.主焦"], ["'o", "NOM", "主格"], ["mo", "AUX.AF", "助動詞.主焦"], ["cihi", "one", "一"], ["ci", "REL", "關係詞"], ["mo", "AUX.AF", "助動詞.主焦"], ["maezo", "also.AF", "也.主焦"], ["eon", "stay.AF", "待在.主焦"], ["to", "OBL", "斜格"], ["jidensa", "bike", "腳踏車"], ["ci,\\", "REL", "關係詞"]], "free": [], "s_end": false, "iu_a_span": [111.12, 117.36], "meta": {"topic": "Pear Story 1", "type": "Narrative", "language": "鄒語, Tsou, Tfya", "speaker": "汪明輝, None, male, None", "collected": "1988", "revised": "2013-11-18", "video": "TsouNr-pear-wang-3.mp3"}, "file": "Tsou_Tfya/TsouNr-pear-wang-3", "num": 54}], [55, {"ori": [], "gloss": [["...", "", ""], ["mamespingi", "female(girl)", "女(孩)"], ["ho,\\", "CONJ", "連接詞"]], "free": ["#e A while later, he met a girl who was also riding a bike.", "#c 一會兒他（男孩）遇到一位也是騎著腳踏車的女孩。"], "s_end": true, "iu_a_span": [117.36, 118.67], "meta": {"topic": "Pear Story 1", "type": "Narrative", "language": "鄒語, Tsou, Tfya", "speaker": "汪明輝, None, male, None", "collected": "1988", "revised": "2013-11-18", "video": "TsouNr-pear-wang-3.mp3"}, "s_a_span": [111.12, 118.67], "file": "Tsou_Tfya/TsouNr-pear-wang-3", "num": 55}], [56, {"ori": [], "gloss": [["...(2.1)", "", ""], ["te", "FUT", "未來"], ["eupa==,_", "REC", "交互"]], "free": [], "s_end": false, "iu_a_span": [118.67, 121.61], "meta": {"topic": "Pear Story 1", "type": "Narrative", "language": "鄒語, Tsou, Tfya", "speaker": "汪明輝, None, male, None", "collected": "1988", "revised": "2013-11-18", "video": "TsouNr-pear-wang-3.mp3"}, "file": "Tsou_Tfya/TsouNr-pear-wang-3", "num": 56}], [57, {"ori": [], "gloss": [["...", "", ""], ["zou", "DM", "DM"], ["eupa-eupteʉlʉ.\\", "REC-come.across.AF", "交互-相遇.主焦"]], "free": ["#e (They) will.... That is, met each other.", "#c （他們）會互相...就是互相見面。"], "s_end": true, "iu_a_span": [121.61, 123.08], "meta": {"topic": "Pear Story 1", "type": "Narrative", "language": "鄒語, Tsou, Tfya", "speaker": "汪明輝, None, male, None", "collected": "1988", "revised": "2013-11-18", "video": "TsouNr-pear-wang-3.mp3"}, "s_a_span": [118.67, 123.08], "file": "Tsou_Tfya/TsouNr-pear-wang-3", "num": 57}], [58, {"ori": [], "gloss": [["...(1.8)", "", ""], ["i-si", "AUX.NAF-3SG.GEN", "助動詞.非主焦-3SG.屬格"], ["apemza", "concentrated.PF", "專心.受焦"], ["mi'usni", "face.toward.LV", "面對.處焦"], ["na", "FIL", "FIL"], ["ito", "OBL", "斜格"], ["hahocngʉ", "male", "男"], ["'o,\\", "NOM", "主格"]], "free": [], "s_end": false, "iu_a_span": [123.08, 127.22], "meta": {"topic": "Pear Story 1", "type": "Narrative", "language": "鄒語, Tsou, Tfya", "speaker": "汪明輝, None, male, None", "collected": "1988", "revised": "2013-11-18", "video": "TsouNr-pear-wang-3.mp3"}, "file": "Tsou_Tfya/TsouNr-pear-wang-3", "num": 58}], [59, {"ori": [], "gloss": [["...(0.7)", "", ""], ["mamespingi", "female", "女"], ["ho", "CONJ", "連接詞"], ["mo,\\", "AUX.AF", "助動詞.主焦"]], "free": [], "s_end": false, "iu_a_span": [127.22, 129.11], "meta": {"topic": "Pear Story 1", "type": "Narrative", "language": "鄒語, Tsou, Tfya", "speaker": "汪明輝, None, male, None", "collected": "1988", "revised": "2013-11-18", "video": "TsouNr-pear-wang-3.mp3"}, "file": "Tsou_Tfya/TsouNr-pear-wang-3", "num": 59}], [60, {"ori": [], "gloss": [["...", "", ""], ["eupteʉlʉ.\\", "come:across.AF", "相遇.主焦"]], "free": ["#e When they came across, the boy was looking at the girl devotedly.", "#c 當他們兩個相遇，那男孩很專注的看著那個女孩。"], "s_end": true, "iu_a_span": [129.11, 130.38], "meta": {"topic": "Pear Story 1", "type": "Narrative", "language": "鄒語, Tsou, Tfya", "speaker": "汪明輝, None, male, None", "collected": "1988", "revised": "2013-11-18", "video": "TsouNr-pear-wang-3.mp3"}, "s_a_span": [123.08, 130.38], "file": "Tsou_Tfya/TsouNr-pear-wang-3", "num": 60}], [61, {"ori": [], "gloss": [["...(1.3)", "", ""], ["ci", "why", "怎麼"], ["ma", "EVI", "知識詞"], ["mo,\\", "AUX.AF", "助動詞.主焦"]], "free": [], "s_end": false, "iu_a_span": [130.38, 132.31], "meta": {"topic": "Pear Story 1", "type": "Narrative", "language": "鄒語, Tsou, Tfya", "speaker": "汪明輝, None, male, None", "collected": "1988", "revised": "2013-11-18", "video": "TsouNr-pear-wang-3.mp3"}, "file": "Tsou_Tfya/TsouNr-pear-wang-3", "num": 61}], [62, {"ori": [], "gloss": [["...(2.0)", "", ""], ["akameosʉ", "all.of.a.sudden", "突然"], ["i-si==,\\", "AUX.NAF-3SG.GEN", "助動詞.非主焦-3SG.屬格"]], "free": [], "s_end": false, "iu_a_span": [132.31, 135.34], "meta": {"topic": "Pear Story 1", "type": "Narrative", "language": "鄒語, Tsou, Tfya", "speaker": "汪明輝, None, male, None", "collected": "1988", "revised": "2013-11-18", "video": "TsouNr-pear-wang-3.mp3"}, "file": "Tsou_Tfya/TsouNr-pear-wang-3", "num": 62}], [63, {"ori": [], "gloss": [["...(0.7)", "", ""], ["ta'poepuza", "blow.away.by.wind.PF", "被風吹走.受焦"], ["na", "FIL", "FIL"], ["ito==,\\", "OBL", "斜格"]], "free": [], "s_end": false, "iu_a_span": [135.34, 137.37], "meta": {"topic": "Pear Story 1", "type": "Narrative", "language": "鄒語, Tsou, Tfya", "speaker": "汪明輝, None, male, None", "collected": "1988", "revised": "2013-11-18", "video": "TsouNr-pear-wang-3.mp3"}, "file": "Tsou_Tfya/TsouNr-pear-wang-3", "num": 63}], [64, {"ori": [], "gloss": [["...", "", ""], ["na", "FIL", "FIl"], ["i'o,\\", "NOM", "主格"]], "free": [], "s_end": false, "iu_a_span": [137.37, 138.45], "meta": {"topic": "Pear Story 1", "type": "Narrative", "language": "鄒語, Tsou, Tfya", "speaker": "汪明輝, None, male, None", "collected": "1988", "revised": "2013-11-18", "video": "TsouNr-pear-wang-3.mp3"}, "file": "Tsou_Tfya/TsouNr-pear-wang-3", "num": 64}], [65, {"ori": [], "gloss": [["...", "", ""], ["ceopungu-si", "hat-3SG.GEN", "帽子-3SG.屬格"], ["na", "FIL", "FIL"], ["ito,\\", "OBL", "斜格"]], "free": [], "s_end": false, "iu_a_span": [138.45, 139.88], "meta": {"topic": "Pear Story 1", "type": "Narrative", "language": "鄒語, Tsou, Tfya", "speaker": "汪明輝, None, male, None", "collected": "1988", "revised": "2013-11-18", "video": "TsouNr-pear-wang-3.mp3"}, "file": "Tsou_Tfya/TsouNr-pear-wang-3", "num": 65}], [66, {"ori": [], "gloss": [["...", "", ""], ["hahocngʉ.\\", "male", "男"]], "free": [], "s_end": false, "iu_a_span": [139.88, 140.95], "meta": {"topic": "Pear Story 1", "type": "Narrative", "language": "鄒語, Tsou, Tfya", "speaker": "汪明輝, None, male, None", "collected": "1988", "revised": "2013-11-18", "video": "TsouNr-pear-wang-3.mp3"}, "file": "Tsou_Tfya/TsouNr-pear-wang-3", "num": 66}], [67, {"ori": [], "gloss": [["...", "", ""], ["mi=cu", "AUX.AF=PFV", "助動詞.主焦=完成"], ["supeohʉ,\\", "fall.AF", "掉.主焦"]], "free": ["#e Why in a sudden the hat of the boy was blown away by wind. The hat fell.", "#c 怎麼會突然男孩的帽子被風吹走了, 就掉了下來。"], "s_end": true, "iu_a_span": [140.95, 142.4], "meta": {"topic": "Pear Story 1", "type": "Narrative", "language": "鄒語, Tsou, Tfya", "speaker": "汪明輝, None, male, None", "collected": "1988", "revised": "2013-11-18", "video": "TsouNr-pear-wang-3.mp3"}, "s_a_span": [130.38, 142.4], "file": "Tsou_Tfya/TsouNr-pear-wang-3", "num": 67}], [68, {"ori": [], "gloss": [["...(2.8)", "", ""], ["'a", "EVI", "知識詞"], ["i-si", "AUX.NAF-3SG.GEN", "助動詞.非主焦-3SG.屬格"], ["maka,\\", "the.least.PF", "至少.受焦"]], "free": [], "s_end": false, "iu_a_span": [142.4, 146.09], "meta": {"topic": "Pear Story 1", "type": "Narrative", "language": "鄒語, Tsou, Tfya", "speaker": "汪明輝, None, male, None", "collected": "1988", "revised": "2013-11-18", "video": "TsouNr-pear-wang-3.mp3"}, "file": "Tsou_Tfya/TsouNr-pear-wang-3", "num": 68}], [69, {"ori": [], "gloss": [["..", "", ""], ["aiti", "see.LF", "看.處焦"], ["ho", "CONJ", "連接詞"], ["mo", "AUX.AF", "助動詞.主焦"], ["ea==-,\\", "have-", "有-"]], "free": [], "s_end": false, "iu_a_span": [146.09, 147.34], "meta": {"topic": "Pear Story 1", "type": "Narrative", "language": "鄒語, Tsou, Tfya", "speaker": "汪明輝, None, male, None", "collected": "1988", "revised": "2013-11-18", "video": "TsouNr-pear-wang-3.mp3"}, "file": "Tsou_Tfya/TsouNr-pear-wang-3", "num": 69}], [70, {"ori": [], "gloss": [["..", "", ""], ["-fatua", "stone", "石頭"], ["'o==,\\", "NOM", "主格"]], "free": ["#n ea-fatua \"有石頭\"。", "#n ea-fatua \"有石頭\"。"], "s_end": false, "iu_a_span": [147.34, 148.35], "meta": {"topic": "Pear Story 1", "type": "Narrative", "language": "鄒語, Tsou, Tfya", "speaker": "汪明輝, None, male, None", "collected": "1988", "revised": "2013-11-18", "video": "TsouNr-pear-wang-3.mp3"}, "file": "Tsou_Tfya/TsouNr-pear-wang-3", "num": 70}], [71, {"ori": [], "gloss": [["..", "", ""], ["'o", "NOM", "主格"], ["n-te-si", "N-FUT-3SG.GEN", "N-未來-3SG.屬格"], ["mia,\\", "walk.on.PF", "走在.受焦"]], "free": ["#e It was seen that there was stone in the way which he would go.", "#c 看到他要走的路上有石頭。"], "s_end": true, "iu_a_span": [148.35, 149.16], "meta": {"topic": "Pear Story 1", "type": "Narrative", "language": "鄒語, Tsou, Tfya", "speaker": "汪明輝, None, male, None", "collected": "1988", "revised": "2013-11-18", "video": "TsouNr-pear-wang-3.mp3"}, "s_a_span": [142.4, 149.16], "file": "Tsou_Tfya/TsouNr-pear-wang-3", "num": 71}], [72, {"ori": [], "gloss": [["...", "", ""], ["mi=cu", "AUX.AF=PFV", "助動詞.主焦=完成"], ["efʉ--,\\", "FS", "FS"]], "free": [], "s_end": false, "iu_a_span": [149.16, 149.85], "meta": {"topic": "Pear Story 1", "type": "Narrative", "language": "鄒語, Tsou, Tfya", "speaker": "汪明輝, None, male, None", "collected": "1988", "revised": "2013-11-18", "video": "TsouNr-pear-wang-3.mp3"}, "file": "Tsou_Tfya/TsouNr-pear-wang-3", "num": 72}], [73, {"ori": [], "gloss": [["...", "", ""], ["mi=cu", "AUX.AF=PFV", "助動詞.主焦=完成"], ["smoftongʉ", "bump.into.AF", "撞倒.主焦"], ["to", "OBL", "斜格"], ["fatu", "stone", "石頭"], ["ho", "CONJ", "連接詞"], ["smop^cuku.\\", "fall.down.AF", "跌下.主焦"]], "free": ["#e He bumped into the stone and fell down.", "#c 他撞到石頭跌了下來。"], "s_end": true, "iu_a_span": [149.85, 152.37], "meta": {"topic": "Pear Story 1", "type": "Narrative", "language": "鄒語, Tsou, Tfya", "speaker": "汪明輝, None, male, None", "collected": "1988", "revised": "2013-11-18", "video": "TsouNr-pear-wang-3.mp3"}, "s_a_span": [149.16, 152.37], "file": "Tsou_Tfya/TsouNr-pear-wang-3", "num": 73}], [74, {"ori": [], "gloss": [["...", "", ""], ["'a", "EVI", "知識詞"], ["te", "FUT", "未來"], ["alʉ,\\", "really.AF", "真的.主焦"]], "free": [], "s_end": false, "iu_a_span": [152.37, 153.12], "meta": {"topic": "Pear Story 1", "type": "Narrative", "language": "鄒語, Tsou, Tfya", "speaker": "汪明輝, None, male, None", "collected": "1988", "revised": "2013-11-18", "video": "TsouNr-pear-wang-3.mp3"}, "file": "Tsou_Tfya/TsouNr-pear-wang-3", "num": 74}], [75, {"ori": [], "gloss": [["...(0.9)", "", ""], ["alʉ,\\", "really.AF", "真的.主焦"]], "free": [], "s_end": false, "iu_a_span": [153.12, 154.56], "meta": {"topic": "Pear Story 1", "type": "Narrative", "language": "鄒語, Tsou, Tfya", "speaker": "汪明輝, None, male, None", "collected": "1988", "revised": "2013-11-18", "video": "TsouNr-pear-wang-3.mp3"}, "file": "Tsou_Tfya/TsouNr-pear-wang-3", "num": 75}], [76, {"ori": [], "gloss": [["...", "", ""], ["s==upeohʉ", "fall.AF", "掉下.主焦"], ["omp--", "FS", "FS"]], "free": [], "s_end": false, "iu_a_span": [154.56, 156.29], "meta": {"topic": "Pear Story 1", "type": "Narrative", "language": "鄒語, Tsou, Tfya", "speaker": "汪明輝, None, male, None", "collected": "1988", "revised": "2013-11-18", "video": "TsouNr-pear-wang-3.mp3"}, "file": "Tsou_Tfya/TsouNr-pear-wang-3", "num": 76}], [77, {"ori": [], "gloss": [["...(1.1)", "", ""], ["cono", "one", "一"], ["supeohʉ", "fall.AF", "掉下.主焦"], ["na", "FIL", "FIL"], ["'o", "NOM", "主格"], ["beahci", "fruit", "水果"], ["ci", "REL", "關係詞"], ["i-si,\\", "AUX.NAF-3SG.GEN", "助動詞.非主焦-3SG.屬格"]], "free": [], "s_end": false, "iu_a_span": [156.29, 159.3], "meta": {"topic": "Pear Story 1", "type": "Narrative", "language": "鄒語, Tsou, Tfya", "speaker": "汪明輝, None, male, None", "collected": "1988", "revised": "2013-11-18", "video": "TsouNr-pear-wang-3.mp3"}, "file": "Tsou_Tfya/TsouNr-pear-wang-3", "num": 77}], [78, {"ori": [], "gloss": [["...", "", ""], ["ci", "REL", "關係詞"], ["i-si", "AUX.NAF-3SG.GEN", "助動詞.非主焦-3SG.屬格"], ["ea", "take.PF", "拿.受焦"], ["ci==,\\", "REL", "關係詞"]], "free": [], "s_end": false, "iu_a_span": [159.3, 160.69], "meta": {"topic": "Pear Story 1", "type": "Narrative", "language": "鄒語, Tsou, Tfya", "speaker": "汪明輝, None, male, None", "collected": "1988", "revised": "2013-11-18", "video": "TsouNr-pear-wang-3.mp3"}, "file": "Tsou_Tfya/TsouNr-pear-wang-3", "num": 78}], [79, {"ori": [], "gloss": [["...", "", ""], ["beahci", "fruit", "水果"], ["to,\\", "OBL", "斜格"]], "free": [], "s_end": false, "iu_a_span": [160.69, 161.65], "meta": {"topic": "Pear Story 1", "type": "Narrative", "language": "鄒語, Tsou, Tfya", "speaker": "汪明輝, None, male, None", "collected": "1988", "revised": "2013-11-18", "video": "TsouNr-pear-wang-3.mp3"}, "file": "Tsou_Tfya/TsouNr-pear-wang-3", "num": 79}], [80, {"ori": [], "gloss": [["...(1.3)", "", ""], ["na", "FIL", "FIL"], ["ito", "OBL", "斜格"], ["bʉnʉvhʉ.\\", "plum", "李子"]], "free": ["#e The (basket) of plum he took fell.", "#c 他載走的那（一籃）李子的果實也掉了下來。"], "s_end": true, "iu_a_span": [161.65, 163.65], "meta": {"topic": "Pear Story 1", "type": "Narrative", "language": "鄒語, Tsou, Tfya", "speaker": "汪明輝, None, male, None", "collected": "1988", "revised": "2013-11-18", "video": "TsouNr-pear-wang-3.mp3"}, "s_a_span": [152.37, 163.65], "file": "Tsou_Tfya/TsouNr-pear-wang-3", "num": 80}], [81, {"ori": [], "gloss": [["...(2.5)", "", ""], ["mo==h,\\", "XX", "XX"]], "free": [], "s_end": false, "iu_a_span": [163.65, 166.84], "meta": {"topic": "Pear Story 1", "type": "Narrative", "language": "鄒語, Tsou, Tfya", "speaker": "汪明輝, None, male, None", "collected": "1988", "revised": "2013-11-18", "video": "TsouNr-pear-wang-3.mp3"}, "file": "Tsou_Tfya/TsouNr-pear-wang-3", "num": 81}], [82, {"ori": [], "gloss": [["...", "", ""], ["mi=cu", "AUX.AF=PFV", "助動詞.主焦=完成"], ["mongoi", "leave.AF", "離開.主焦"], ["^'o,\\", "NOM", "主格"]], "free": [], "s_end": false, "iu_a_span": [166.84, 168.44], "meta": {"topic": "Pear Story 1", "type": "Narrative", "language": "鄒語, Tsou, Tfya", "speaker": "汪明輝, None, male, None", "collected": "1988", "revised": "2013-11-18", "video": "TsouNr-pear-wang-3.mp3"}, "file": "Tsou_Tfya/TsouNr-pear-wang-3", "num": 82}], [83, {"ori": [], "gloss": [["...(1.3)", "", ""], ["'o", "NOM", "主格"], ["'oko", "child", "小孩"], ["no", "OBL", "斜格"], ["mamespingi.\\", "female", "女"]], "free": ["#e The girl left.", "#c 那個女孩離開了。"], "s_end": true, "iu_a_span": [168.44, 170.85], "meta": {"topic": "Pear Story 1", "type": "Narrative", "language": "鄒語, Tsou, Tfya", "speaker": "汪明輝, None, male, None", "collected": "1988", "revised": "2013-11-18", "video": "TsouNr-pear-wang-3.mp3"}, "s_a_span": [163.65, 170.85], "file": "Tsou_Tfya/TsouNr-pear-wang-3", "num": 83}], [84, {"ori": [], "gloss": [["...(2.5)", "", ""], ["eh==,\\", "FIL", "FIL"]], "free": [], "s_end": false, "iu_a_span": [170.85, 174.32], "meta": {"topic": "Pear Story 1", "type": "Narrative", "language": "鄒語, Tsou, Tfya", "speaker": "汪明輝, None, male, None", "collected": "1988", "revised": "2013-11-18", "video": "TsouNr-pear-wang-3.mp3"}, "file": "Tsou_Tfya/TsouNr-pear-wang-3", "num": 84}], [85, {"ori": [], "gloss": [["...(1.2)", "", ""], ["mo", "AUX.AF", "助動詞.主焦"], ["eusuhngu", "sit.AF", "坐.主焦"], ["to", "OBL", "斜格"], ["ceoa", "earth", "地"], ["ho,_", "CONJ", "連接詞"]], "free": [], "s_end": false, "iu_a_span": [174.32, 177.14], "meta": {"topic": "Pear Story 1", "type": "Narrative", "language": "鄒語, Tsou, Tfya", "speaker": "汪明輝, None, male, None", "collected": "1988", "revised": "2013-11-18", "video": "TsouNr-pear-wang-3.mp3"}, "file": "Tsou_Tfya/TsouNr-pear-wang-3", "num": 85}], [86, {"ori": [], "gloss": [["..", "", ""], ["'o", "NOM", "主格"], ["mo", "AUX.AF", "助動詞.主焦"], ["smopcuku", "fall.down.AF", "跌下.主焦"], ["ci", "REL", "關係詞"], ["hahocngʉ", "male", "男"], ["ho", "CONJ", "連接詞"], ["eh--,\\", "FS", "FS"]], "free": [], "s_end": false, "iu_a_span": [177.14, 178.98], "meta": {"topic": "Pear Story 1", "type": "Narrative", "language": "鄒語, Tsou, Tfya", "speaker": "汪明輝, None, male, None", "collected": "1988", "revised": "2013-11-18", "video": "TsouNr-pear-wang-3.mp3"}, "file": "Tsou_Tfya/TsouNr-pear-wang-3", "num": 86}], [87, {"ori": [], "gloss": [["...(1.4)", "", ""], ["ho", "CONJ", "連接詞"], ["aiti", "see.LF", "看.處焦"], ["'o", "NOM", "主格"], ["t'ango-si", "foot-3SG.GEN", "腳-3SG.屬格"], ["mo", "AUX.AF", "助動詞.主焦"], ["asonʉ,\\", "probably.AF", "或許.主焦"]], "free": [], "s_end": false, "iu_a_span": [178.98, 181.78], "meta": {"topic": "Pear Story 1", "type": "Narrative", "language": "鄒語, Tsou, Tfya", "speaker": "汪明輝, None, male, None", "collected": "1988", "revised": "2013-11-18", "video": "TsouNr-pear-wang-3.mp3"}, "file": "Tsou_Tfya/TsouNr-pear-wang-3", "num": 87}], [88, {"ori": [], "gloss": [["...", "", ""], ["i-si", "AUX.NAF-3SG.GEN", "助動詞.非主焦-3SG.屬格"], ["asona", "probably.PF", "或許-受焦"], ["sʉlʉi", "bump.hurt.LF", "跌傷.處焦"], ["ho,\\", "CONJ", "連接詞"]], "free": [], "s_end": false, "iu_a_span": [181.78, 183.68], "meta": {"topic": "Pear Story 1", "type": "Narrative", "language": "鄒語, Tsou, Tfya", "speaker": "汪明輝, None, male, None", "collected": "1988", "revised": "2013-11-18", "video": "TsouNr-pear-wang-3.mp3"}, "file": "Tsou_Tfya/TsouNr-pear-wang-3", "num": 88}], [89, {"ori": [], "gloss": [["..", "", ""], ["'o", "NOM", "主格"], ["t'ango-si", "foot-3SG.GEN", "腳-3SG.屬格"], ["ho", "CONJ", "連接詞"], ["mo,\\", "AUX.AF", "助動詞.主焦"]], "free": [], "s_end": false, "iu_a_span": [183.68, 184.55], "meta": {"topic": "Pear Story 1", "type": "Narrative", "language": "鄒語, Tsou, Tfya", "speaker": "汪明輝, None, male, None", "collected": "1988", "revised": "2013-11-18", "video": "TsouNr-pear-wang-3.mp3"}, "file": "Tsou_Tfya/TsouNr-pear-wang-3", "num": 89}], [90, {"ori": [], "gloss": [["..", "", ""], ["asonʉ", "probably.AF", "或許.主焦"], ["congo.\\", "painful.AF", "痛苦.主焦"]], "free": ["#e It probably hurt his feet, and it probably was painful.", "#c 或許他的腳跌傷了，而且或許很痛。"], "s_end": true, "iu_a_span": [184.55, 185.29], "meta": {"topic": "Pear Story 1", "type": "Narrative", "language": "鄒語, Tsou, Tfya", "speaker": "汪明輝, None, male, None", "collected": "1988", "revised": "2013-11-18", "video": "TsouNr-pear-wang-3.mp3"}, "s_a_span": [170.85, 185.29], "file": "Tsou_Tfya/TsouNr-pear-wang-3", "num": 90}], [91, {"ori": [], "gloss": [["...(1.7)", "", ""], ["mo", "AUX.AF", "助動詞.主焦"], ["esmi", "arrive.AF", "到達.主焦"], ["'o", "NOM", "主格"], ["mo", "AUX.AF", "助動詞.主焦"], ["teyu", "three", "三"], ["ci", "REL", "關係詞"], ["'o'oko", "children", "小孩"], ["no", "OBL", "斜格"], ["hahocngʉ.\\", "male", "男"]], "free": ["#e Then there arrived three boys.", "#c 來了三個男孩。"], "s_end": true, "iu_a_span": [185.29, 189.12], "meta": {"topic": "Pear Story 1", "type": "Narrative", "language": "鄒語, Tsou, Tfya", "speaker": "汪明輝, None, male, None", "collected": "1988", "revised": "2013-11-18", "video": "TsouNr-pear-wang-3.mp3"}, "s_a_span": [185.29, 189.12], "file": "Tsou_Tfya/TsouNr-pear-wang-3", "num": 91}], [92, {"ori": [], "gloss": [["...(1.0)", "", ""], ["i-he", "AUX.NAF-3PL.GEN", "助動詞.非主焦-3PL.屬格"], ["'so", "therefore", "因此"], ["to'usni", "help.PF", "幫助.受焦"], ["ho,\\", "CONJ", "連接詞"]], "free": [], "s_end": false, "iu_a_span": [189.12, 191.37], "meta": {"topic": "Pear Story 1", "type": "Narrative", "language": "鄒語, Tsou, Tfya", "speaker": "汪明輝, None, male, None", "collected": "1988", "revised": "2013-11-18", "video": "TsouNr-pear-wang-3.mp3"}, "file": "Tsou_Tfya/TsouNr-pear-wang-3", "num": 92}], [93, {"ori": [], "gloss": [["...", "", ""], ["zou", "EMP", "強調"], ["ivaha", "again.PF", "再.受焦"], ["teapha", "put.to.PF", "放在.受焦"], ["to,\\", "OBL", "斜格"]], "free": [], "s_end": false, "iu_a_span": [191.37, 194.46], "meta": {"topic": "Pear Story 1", "type": "Narrative", "language": "鄒語, Tsou, Tfya", "speaker": "汪明輝, None, male, None", "collected": "1988", "revised": "2013-11-18", "video": "TsouNr-pear-wang-3.mp3"}, "file": "Tsou_Tfya/TsouNr-pear-wang-3", "num": 93}], [94, {"ori": [], "gloss": [["...", "", ""], ["khago", "basket", "籃子"], ["na", "FIL", "FIL"], ["'o,\\", "NOM", "主格"]], "free": [], "s_end": false, "iu_a_span": [194.46, 195.79], "meta": {"topic": "Pear Story 1", "type": "Narrative", "language": "鄒語, Tsou, Tfya", "speaker": "汪明輝, None, male, None", "collected": "1988", "revised": "2013-11-18", "video": "TsouNr-pear-wang-3.mp3"}, "file": "Tsou_Tfya/TsouNr-pear-wang-3", "num": 94}], [95, {"ori": [], "gloss": [["...(1.0)", "", ""], ["'o", "NOM", "主格"], ["mo", "AUX.AF", "助動詞.主焦"], ["aemo'ʉ", "fall.apart;spilt.AF", "散落.主焦"], ["ci,\\", "REL", "關係詞"]], "free": [], "s_end": false, "iu_a_span": [195.79, 198.11], "meta": {"topic": "Pear Story 1", "type": "Narrative", "language": "鄒語, Tsou, Tfya", "speaker": "汪明輝, None, male, None", "collected": "1988", "revised": "2013-11-18", "video": "TsouNr-pear-wang-3.mp3"}, "file": "Tsou_Tfya/TsouNr-pear-wang-3", "num": 95}], [96, {"ori": [], "gloss": [["...(2.2)", "", ""], ["ci", "REL", "關係詞"], ["beahci", "fruit", "果實"], ["ci,\\", "REL", "關係詞"]], "free": [], "s_end": false, "iu_a_span": [198.11, 201.37], "meta": {"topic": "Pear Story 1", "type": "Narrative", "language": "鄒語, Tsou, Tfya", "speaker": "汪明輝, None, male, None", "collected": "1988", "revised": "2013-11-18", "video": "TsouNr-pear-wang-3.mp3"}, "file": "Tsou_Tfya/TsouNr-pear-wang-3", "num": 96}], [97, {"ori": [], "gloss": [["..", "", ""], ["beahci", "fruit", "果實"], ["ci,\\", "REL", "關係詞"]], "free": [], "s_end": false, "iu_a_span": [201.37, 202.17], "meta": {"topic": "Pear Story 1", "type": "Narrative", "language": "鄒語, Tsou, Tfya", "speaker": "汪明輝, None, male, None", "collected": "1988", "revised": "2013-11-18", "video": "TsouNr-pear-wang-3.mp3"}, "file": "Tsou_Tfya/TsouNr-pear-wang-3", "num": 97}], [98, {"ori": [], "gloss": [["...", "", ""], ["beahci", "fruit", "果實"], ["no", "OBL", "斜格"], ["bʉnʉvhʉ.\\", "plum", "李子"]], "free": ["#e They helped put the spilt plum fruit again into the basket.", "#c 他們幫忙把散落一地的李子再次放回籃子。"], "s_end": true, "iu_a_span": [202.17, 203.43], "meta": {"topic": "Pear Story 1", "type": "Narrative", "language": "鄒語, Tsou, Tfya", "speaker": "汪明輝, None, male, None", "collected": "1988", "revised": "2013-11-18", "video": "TsouNr-pear-wang-3.mp3"}, "s_a_span": [189.12, 203.43], "file": "Tsou_Tfya/TsouNr-pear-wang-3", "num": 98}], [99, {"ori": [], "gloss": [["...(0.8)", "", ""], ["hos--,\\", "FS", "FS"]], "free": [], "s_end": false, "iu_a_span": [203.43, 204.66], "meta": {"topic": "Pear Story 1", "type": "Narrative", "language": "鄒語, Tsou, Tfya", "speaker": "汪明輝, None, male, None", "collected": "1988", "revised": "2013-11-18", "video": "TsouNr-pear-wang-3.mp3"}, "file": "Tsou_Tfya/TsouNr-pear-wang-3", "num": 99}], [100, {"ori": [], "gloss": [["...", "", ""], ["ho", "CONJ", "連接詞"], ["cu==,\\", "PFV", "完成"]], "free": [], "s_end": false, "iu_a_span": [204.66, 205.72], "meta": {"topic": "Pear Story 1", "type": "Narrative", "language": "鄒語, Tsou, Tfya", "speaker": "汪明輝, None, male, None", "collected": "1988", "revised": "2013-11-18", "video": "TsouNr-pear-wang-3.mp3"}, "file": "Tsou_Tfya/TsouNr-pear-wang-3", "num": 100}], [101, {"ori": [], "gloss": [["...", "", ""], ["zou,\\", "DM", "DM"]], "free": [], "s_end": false, "iu_a_span": [205.72, 206.49], "meta": {"topic": "Pear Story 1", "type": "Narrative", "language": "鄒語, Tsou, Tfya", "speaker": "汪明輝, None, male, None", "collected": "1988", "revised": "2013-11-18", "video": "TsouNr-pear-wang-3.mp3"}, "file": "Tsou_Tfya/TsouNr-pear-wang-3", "num": 101}], [102, {"ori": [], "gloss": [["...", "", ""], ["soveia", "put.back.PF", "放回.受焦"], ["ho", "CONJ", "連接詞"], ["t--", "FS", "FS"], ["na", "FIL", "FIL"], ["i--", "FS", "FIL"], ["na", "FIL", "FIL"], ["ito==,\\", "OBL", "斜格"]], "free": [], "s_end": false, "iu_a_span": [206.49, 208.7], "meta": {"topic": "Pear Story 1", "type": "Narrative", "language": "鄒語, Tsou, Tfya", "speaker": "汪明輝, None, male, None", "collected": "1988", "revised": "2013-11-18", "video": "TsouNr-pear-wang-3.mp3"}, "file": "Tsou_Tfya/TsouNr-pear-wang-3", "num": 102}], [103, {"ori": [], "gloss": [["...(1.2)", "", ""], ["jidensa", "bicycle", "腳踏車"], ["nai--,\\", "FS", "FS"]], "free": [], "s_end": false, "iu_a_span": [208.7, 210.82], "meta": {"topic": "Pear Story 1", "type": "Narrative", "language": "鄒語, Tsou, Tfya", "speaker": "汪明輝, None, male, None", "collected": "1988", "revised": "2013-11-18", "video": "TsouNr-pear-wang-3.mp3"}, "file": "Tsou_Tfya/TsouNr-pear-wang-3", "num": 103}], [104, {"ori": [], "gloss": [["...", "", ""], ["n==a", "FIL", "FIL"], ["ito", "OBL", "斜格"], ["i-si==,\\", "AUX.NAF-3SG.GEN", "助動詞.非主焦-3SG.屬格"]], "free": [], "s_end": false, "iu_a_span": [210.82, 212.41], "meta": {"topic": "Pear Story 1", "type": "Narrative", "language": "鄒語, Tsou, Tfya", "speaker": "汪明輝, None, male, None", "collected": "1988", "revised": "2013-11-18", "video": "TsouNr-pear-wang-3.mp3"}, "file": "Tsou_Tfya/TsouNr-pear-wang-3", "num": 104}], [105, {"ori": [], "gloss": [["..", "", ""], ["eon-i", "be.at-LF", "在.處焦"], ["to", "OBL", "斜格"], ["hahocngʉ.\\", "male", "男"]], "free": [], "s_end": false, "iu_a_span": [212.41, 213.66], "meta": {"topic": "Pear Story 1", "type": "Narrative", "language": "鄒語, Tsou, Tfya", "speaker": "汪明輝, None, male, None", "collected": "1988", "revised": "2013-11-18", "video": "TsouNr-pear-wang-3.mp3"}, "file": "Tsou_Tfya/TsouNr-pear-wang-3", "num": 105}], [106, {"ori": [], "gloss": [["...", "", ""], ["to", "OBL", "斜格"], ["oko", "child", "小孩"], ["no", "OBL", "斜格"], ["hahocngʉ.\\", "male", "男"]], "free": ["#e And.. then...loaded them back onto the bike ridden by the boy.", "#c 然後把（那一籃水果）放在男孩坐的腳踏車上。"], "s_end": true, "iu_a_span": [213.66, 214.77], "meta": {"topic": "Pear Story 1", "type": "Narrative", "language": "鄒語, Tsou, Tfya", "speaker": "汪明輝, None, male, None", "collected": "1988", "revised": "2013-11-18", "video": "TsouNr-pear-wang-3.mp3"}, "s_a_span": [203.43, 214.77], "file": "Tsou_Tfya/TsouNr-pear-wang-3", "num": 106}], [107, {"ori": [], "gloss": [["...(1.1)", "", ""], ["ho", "CONJ", "連接詞"], ["mi=cu==,\\", "AUX.AF=PFV", "助動詞.主焦=完成"]], "free": [], "s_end": false, "iu_a_span": [214.77, 216.68], "meta": {"topic": "Pear Story 1", "type": "Narrative", "language": "鄒語, Tsou, Tfya", "speaker": "汪明輝, None, male, None", "collected": "1988", "revised": "2013-11-18", "video": "TsouNr-pear-wang-3.mp3"}, "file": "Tsou_Tfya/TsouNr-pear-wang-3", "num": 107}], [108, {"ori": [], "gloss": [["...(1.7)", "", ""], ["mi=cu", "AUX.AF=PFV", "助動詞.主焦=完成"], ["ivaho", "again.AF", "再度.主焦"], ["e'ohʉ.\\", "start.off.AF", "出發.主焦"]], "free": [], "s_end": false, "iu_a_span": [216.68, 219.54], "meta": {"topic": "Pear Story 1", "type": "Narrative", "language": "鄒語, Tsou, Tfya", "speaker": "汪明輝, None, male, None", "collected": "1988", "revised": "2013-11-18", "video": "TsouNr-pear-wang-3.mp3"}, "file": "Tsou_Tfya/TsouNr-pear-wang-3", "num": 108}], [109, {"ori": [], "gloss": [["...(0.7)", "", ""], ["eupevai", "depart.AF", "離開.主焦"], ["om--", "FS", "FS"], ["'o", "NOM", "主格"], ["mo", "AUX.AF", "助動詞.主焦"], ["tueu./", "three", "三"]], "free": ["#e The three boys left (him), and went on...", "#c 那三個男孩離開(他)走了。"], "s_end": true, "iu_a_span": [219.54, 222.02], "meta": {"topic": "Pear Story 1", "type": "Narrative", "language": "鄒語, Tsou, Tfya", "speaker": "汪明輝, None, male, None", "collected": "1988", "revised": "2013-11-18", "video": "TsouNr-pear-wang-3.mp3"}, "s_a_span": [214.77, 222.02], "file": "Tsou_Tfya/TsouNr-pear-wang-3", "num": 109}], [110, {"ori": [], "gloss": [["...", "", ""], ["ho", "CONJ", "連接詞"], ["ivaho", "again.AF", "再.主焦"], ["e'ohʉ", "start.off.AF", "出發.主焦"], ["o--", "FS", "FS"], ["ho--,\\", "FS", "FS"]], "free": [], "s_end": false, "iu_a_span": [222.02, 223.49], "meta": {"topic": "Pear Story 1", "type": "Narrative", "language": "鄒語, Tsou, Tfya", "speaker": "汪明輝, None, male, None", "collected": "1988", "revised": "2013-11-18", "video": "TsouNr-pear-wang-3.mp3"}, "file": "Tsou_Tfya/TsouNr-pear-wang-3", "num": 110}], [111, {"ori": [], "gloss": [["..", "", ""], ["'o", "NOM", "主格"], ["mo,\\", "AUX.AF", "助動詞.主焦"]], "free": [], "s_end": false, "iu_a_span": [223.49, 224.08], "meta": {"topic": "Pear Story 1", "type": "Narrative", "language": "鄒語, Tsou, Tfya", "speaker": "汪明輝, None, male, None", "collected": "1988", "revised": "2013-11-18", "video": "TsouNr-pear-wang-3.mp3"}, "file": "Tsou_Tfya/TsouNr-pear-wang-3", "num": 111}], [112, {"ori": [], "gloss": [["..", "", ""], ["eon", "stay.AF", "停.主焦"], ["to", "OBL", "斜格"], ["jidensa", "bike", "腳踏車"], ["ci", "REL", "關係詞"], ["hahocngʉ.\\", "male", "男"]], "free": ["#e And then... He went on again on his bike..", "#c 然後他又騎上他的腳踏車。"], "s_end": true, "iu_a_span": [224.08, 225.3], "meta": {"topic": "Pear Story 1", "type": "Narrative", "language": "鄒語, Tsou, Tfya", "speaker": "汪明輝, None, male, None", "collected": "1988", "revised": "2013-11-18", "video": "TsouNr-pear-wang-3.mp3"}, "s_a_span": [222.02, 225.3], "file": "Tsou_Tfya/TsouNr-pear-wang-3", "num": 112}], [113, {"ori": ["...", "(inhale)"], "gloss": [], "free": [], "s_end": false, "iu_a_span": [225.3, 226.25], "meta": {"topic": "Pear Story 1", "type": "Narrative", "language": "鄒語, Tsou, Tfya", "speaker": "汪明輝, None, male, None", "collected": "1988", "revised": "2013-11-18", "video": "TsouNr-pear-wang-3.mp3"}, "file": "Tsou_Tfya/TsouNr-pear-wang-3", "num": 113}], [114, {"ori": [], "gloss": [["...", "", ""], ["iama", "EVI", "知識詞"], ["i-si", "AUX.NAF-3SG.GEN", "助動詞.非主焦-3SG.屬格"], ["ta'paeo'a", "forget.PF", "忘記.受焦"], ["'o,\\", "NOM", "主格"]], "free": [], "s_end": false, "iu_a_span": [226.25, 228.02], "meta": {"topic": "Pear Story 1", "type": "Narrative", "language": "鄒語, Tsou, Tfya", "speaker": "汪明輝, None, male, None", "collected": "1988", "revised": "2013-11-18", "video": "TsouNr-pear-wang-3.mp3"}, "file": "Tsou_Tfya/TsouNr-pear-wang-3", "num": 114}], [115, {"ori": [], "gloss": [["..", "", ""], ["ta'paeo'a", "forget.PF", "忘記.受焦"], ["eaa", "take.PF", "拿.受焦"], ["'o,_", "", ""]], "free": [], "s_end": false, "iu_a_span": [228.02, 229.09], "meta": {"topic": "Pear Story 1", "type": "Narrative", "language": "鄒語, Tsou, Tfya", "speaker": "汪明輝, None, male, None", "collected": "1988", "revised": "2013-11-18", "video": "TsouNr-pear-wang-3.mp3"}, "file": "Tsou_Tfya/TsouNr-pear-wang-3", "num": 115}], [116, {"ori": [], "gloss": [["'o", "NOM", "主格"], ["ceopngu", "hat", "帽子"], ["na", "FIL", "FIL"], ["ito==,_", "OBL", "斜格"]], "free": [], "s_end": false, "iu_a_span": [229.09, 231.33], "meta": {"topic": "Pear Story 1", "type": "Narrative", "language": "鄒語, Tsou, Tfya", "speaker": "汪明輝, None, male, None", "collected": "1988", "revised": "2013-11-18", "video": "TsouNr-pear-wang-3.mp3"}, "file": "Tsou_Tfya/TsouNr-pear-wang-3", "num": 116}], [117, {"ori": [], "gloss": [["..", "", ""], ["'o", "NOM", "主格"], ["i-si==", "AUX.NAF-3SG.GEN", "助動詞.非主焦-3SG.屬格"], ["apeoha.\\", "drop-PF", "掉-受焦"]], "free": ["#e Alas, his hat was forgot. The hat was dropped by him.", "#c 他忘了他的帽子了，他的帽子掉在地上了。"], "s_end": true, "iu_a_span": [231.33, 232.4], "meta": {"topic": "Pear Story 1", "type": "Narrative", "language": "鄒語, Tsou, Tfya", "speaker": "汪明輝, None, male, None", "collected": "1988", "revised": "2013-11-18", "video": "TsouNr-pear-wang-3.mp3"}, "s_a_span": [225.3, 232.4], "file": "Tsou_Tfya/TsouNr-pear-wang-3", "num": 117}], [118, {"ori": [], "gloss": [["...(0.9)", "", ""], ["i-si", "AUX.NAF-3SG.GEN", "助動詞.非主焦-3SG.屬格"], ["elʉ-a", "find-PF", "找到.受焦"], ["na", "FIL", "FIL"], ["ito", "OBL", "斜格"], ["mo", "AUX.AF", "助動詞.主焦"], ["tueu", "three", "三"], ["ci", "REL", "關係詞"], ["hahocngʉ", "male", "男"], ["ho,\\", "CONJ", "連接詞"]], "free": ["#e And it was discovered by the three boys.", "#c 那三個男孩找到那個帽子。", "#n 這裡的動作者是三個人，所以助動詞應是i-he，而不是i-si。"], "s_end": true, "iu_a_span": [232.4, 235.56], "meta": {"topic": "Pear Story 1", "type": "Narrative", "language": "鄒語, Tsou, Tfya", "speaker": "汪明輝, None, male, None", "collected": "1988", "revised": "2013-11-18", "video": "TsouNr-pear-wang-3.mp3"}, "s_a_span": [232.4, 235.56], "file": "Tsou_Tfya/TsouNr-pear-wang-3", "num": 118}], [119, {"ori": [], "gloss": [["...", "", ""], ["eo--,\\", "FS", "FS"]], "free": [], "s_end": false, "iu_a_span": [235.56, 236.42], "meta": {"topic": "Pear Story 1", "type": "Narrative", "language": "鄒語, Tsou, Tfya", "speaker": "汪明輝, None, male, None", "collected": "1988", "revised": "2013-11-18", "video": "TsouNr-pear-wang-3.mp3"}, "file": "Tsou_Tfya/TsouNr-pear-wang-3", "num": 119}], [120, {"ori": [], "gloss": [["...(1.2)", "", ""], ["o==,\\", "FIL", "FIL"]], "free": [], "s_end": false, "iu_a_span": [236.42, 238.25], "meta": {"topic": "Pear Story 1", "type": "Narrative", "language": "鄒語, Tsou, Tfya", "speaker": "汪明輝, None, male, None", "collected": "1988", "revised": "2013-11-18", "video": "TsouNr-pear-wang-3.mp3"}, "file": "Tsou_Tfya/TsouNr-pear-wang-3", "num": 120}], [121, {"ori": [], "gloss": [["...", "", ""], ["esohueu", "whistle.AF", "吹口哨.主焦"], ["ho,\\", "CONJ", "連接詞"]], "free": ["#e (They) whistled (at him, the boy riding a bike).", "#c 他們對著男孩吹口哨。"], "s_end": true, "iu_a_span": [238.25, 239.18], "meta": {"topic": "Pear Story 1", "type": "Narrative", "language": "鄒語, Tsou, Tfya", "speaker": "汪明輝, None, male, None", "collected": "1988", "revised": "2013-11-18", "video": "TsouNr-pear-wang-3.mp3"}, "s_a_span": [235.56, 239.18], "file": "Tsou_Tfya/TsouNr-pear-wang-3", "num": 121}], [122, {"ori": [], "gloss": [["...(0.9)", "", ""], ["euovei-a", "return-PF", "回來-受焦"], ["'o,\\", "NOM", "主格"]], "free": [], "s_end": false, "iu_a_span": [239.18, 240.96], "meta": {"topic": "Pear Story 1", "type": "Narrative", "language": "鄒語, Tsou, Tfya", "speaker": "汪明輝, None, male, None", "collected": "1988", "revised": "2013-11-18", "video": "TsouNr-pear-wang-3.mp3"}, "file": "Tsou_Tfya/TsouNr-pear-wang-3", "num": 122}], [123, {"ori": [], "gloss": [["..", "", ""], ["'o", "NOM", "主格"], ["mo", "AUX.AF", "助動詞.主焦"], ["cihi", "one.AF", "一"], ["ci", "REL", "關係詞"], ["hahocngʉ", "male", "男"], ["ho", "CONJ", "連接詞"], ["eovei-neni", "return-BF", "歸還-與焦"], ["'o", "NOM", "主格"], ["pu--", "FS", "FS"], ["ceopngu.\\", "hat", "帽子"]], "free": ["#e One of the boys returned, and returned the hat to the boy.", "#c 其中一個男孩回來，把帽子還給他。"], "s_end": true, "iu_a_span": [240.96, 243.37], "meta": {"topic": "Pear Story 1", "type": "Narrative", "language": "鄒語, Tsou, Tfya", "speaker": "汪明輝, None, male, None", "collected": "1988", "revised": "2013-11-18", "video": "TsouNr-pear-wang-3.mp3"}, "s_a_span": [239.18, 243.37], "file": "Tsou_Tfya/TsouNr-pear-wang-3", "num": 123}], [124, {"ori": [], "gloss": [["...", "", ""], ["i-si==,\\", "AUX.NAF-3SG.GEN", "助動詞.非主焦-3SG.屬格"]], "free": [], "s_end": false, "iu_a_span": [243.37, 244.52], "meta": {"topic": "Pear Story 1", "type": "Narrative", "language": "鄒語, Tsou, Tfya", "speaker": "汪明輝, None, male, None", "collected": "1988", "revised": "2013-11-18", "video": "TsouNr-pear-wang-3.mp3"}, "file": "Tsou_Tfya/TsouNr-pear-wang-3", "num": 124}], [125, {"ori": [], "gloss": [["...", "", ""], ["fii", "give-PF", "給-受焦"], ["to", "OBL", "斜格"], ["mo", "AUX.AF", "助動詞.主焦"], ["tueu", "three", "三"], ["ci,_", "REL", "關係詞"]], "free": [], "s_end": false, "iu_a_span": [244.52, 246.54], "meta": {"topic": "Pear Story 1", "type": "Narrative", "language": "鄒語, Tsou, Tfya", "speaker": "汪明輝, None, male, None", "collected": "1988", "revised": "2013-11-18", "video": "TsouNr-pear-wang-3.mp3"}, "file": "Tsou_Tfya/TsouNr-pear-wang-3", "num": 125}], [126, {"ori": [], "gloss": [["...", "", ""], ["beahci", "fruit", "果實"], ["to", "OBL", "斜格"], ["bʉnʉvhʉ.\\", "plum", "李子"]], "free": ["#e He gave three plums (to the three boys).", "#c 他給三個李子（給那三個男孩）。", "#n 鄒語的發音人都用bʉnʉvhʉ（李子）指影片中的梨子"], "s_end": true, "iu_a_span": [246.54, 247.87], "meta": {"topic": "Pear Story 1", "type": "Narrative", "language": "鄒語, Tsou, Tfya", "speaker": "汪明輝, None, male, None", "collected": "1988", "revised": "2013-11-18", "video": "TsouNr-pear-wang-3.mp3"}, "s_a_span": [243.37, 247.87], "file": "Tsou_Tfya/TsouNr-pear-wang-3", "num": 126}], [127, {"ori": [], "gloss": [["...(2.0)", "", ""], ["ho", "CONJ", "連接詞"], ["mi=cu==,_", "AUX.AF=PFV", "助動詞.主焦=完成"]], "free": [], "s_end": false, "iu_a_span": [247.87, 250.58], "meta": {"topic": "Pear Story 1", "type": "Narrative", "language": "鄒語, Tsou, Tfya", "speaker": "汪明輝, None, male, None", "collected": "1988", "revised": "2013-11-18", "video": "TsouNr-pear-wang-3.mp3"}, "file": "Tsou_Tfya/TsouNr-pear-wang-3", "num": 127}], [128, {"ori": [], "gloss": [["...(2.1)", "", ""], ["mongoi.\\", "leave;depart.AF", "離開.主焦"]], "free": ["#e (The boy given pears) left.", "#c (被給梨子的男孩)離開了。"], "s_end": true, "iu_a_span": [250.58, 253.19], "meta": {"topic": "Pear Story 1", "type": "Narrative", "language": "鄒語, Tsou, Tfya", "speaker": "汪明輝, None, male, None", "collected": "1988", "revised": "2013-11-18", "video": "TsouNr-pear-wang-3.mp3"}, "s_a_span": [247.87, 253.19], "file": "Tsou_Tfya/TsouNr-pear-wang-3", "num": 128}], [129, {"ori": [], "gloss": [["...", "", ""], ["ivaho", "again.AF", "再度.主焦"], ["mo'unu", "move.toward.AF", "朝某方向走.主焦"], ["maica.\\", "like.this.AF", "像這樣.主焦"]], "free": ["#e (He walked) toward the direction of his accompany.", "#c 他往（他同伴的方向）這樣離開了。"], "s_end": true, "iu_a_span": [253.19, 254.73], "meta": {"topic": "Pear Story 1", "type": "Narrative", "language": "鄒語, Tsou, Tfya", "speaker": "汪明輝, None, male, None", "collected": "1988", "revised": "2013-11-18", "video": "TsouNr-pear-wang-3.mp3"}, "s_a_span": [253.19, 254.73], "file": "Tsou_Tfya/TsouNr-pear-wang-3", "num": 129}], [130, {"ori": [], "gloss": [["...(1.0)", "", ""], ["i'o", "NOM", "主格"], ["mo", "AUX.AF", "助動詞.主焦"], ["tueu", "three", "三"], ["ci", "REL", "關係詞"], ["hahocngʉ", "male", "男性"], ["mo", "AUX.AF", "助動詞.主焦"], ["mah", "take;carry.AF", "帶.主焦"], ["^to,\\", "OBL", "斜格"]], "free": [], "s_end": false, "iu_a_span": [254.73, 257.71], "meta": {"topic": "Pear Story 1", "type": "Narrative", "language": "鄒語, Tsou, Tfya", "speaker": "汪明輝, None, male, None", "collected": "1988", "revised": "2013-11-18", "video": "TsouNr-pear-wang-3.mp3"}, "file": "Tsou_Tfya/TsouNr-pear-wang-3", "num": 130}], [131, {"ori": [], "gloss": [["...", "", ""], ["eh==,_", "FIL", "FIL"]], "free": [], "s_end": false, "iu_a_span": [257.71, 258.34], "meta": {"topic": "Pear Story 1", "type": "Narrative", "language": "鄒語, Tsou, Tfya", "speaker": "汪明輝, None, male, None", "collected": "1988", "revised": "2013-11-18", "video": "TsouNr-pear-wang-3.mp3"}, "file": "Tsou_Tfya/TsouNr-pear-wang-3", "num": 131}], [132, {"ori": [], "gloss": [["..", "", ""], ["i-si", "AUX.NAF-3SG.GEN", "助動詞.非主焦-3SG.屬格"], ["faeni", "give.BF", "給.與焦"], ["to", "OBL", "斜格"], ["oko", "child", "小孩"], ["no", "OBL", "斜格"], ["hohac--", "FS", "FS"], ["hahocngʉ", "male", "男"], ["ci==,\\", "REL", "關係詞"]], "free": [], "s_end": false, "iu_a_span": [258.34, 260.81], "meta": {"topic": "Pear Story 1", "type": "Narrative", "language": "鄒語, Tsou, Tfya", "speaker": "汪明輝, None, male, None", "collected": "1988", "revised": "2013-11-18", "video": "TsouNr-pear-wang-3.mp3"}, "file": "Tsou_Tfya/TsouNr-pear-wang-3", "num": 132}], [133, {"ori": [], "gloss": [["...(0.9)", "", ""], ["ci", "REL", "關係詞"], ["beahci.\\", "fruit", "水果"]], "free": ["#e The three took the pears given.", "#c 那三個男生帶著男孩給的梨子。"], "s_end": true, "iu_a_span": [260.81, 262.65], "meta": {"topic": "Pear Story 1", "type": "Narrative", "language": "鄒語, Tsou, Tfya", "speaker": "汪明輝, None, male, None", "collected": "1988", "revised": "2013-11-18", "video": "TsouNr-pear-wang-3.mp3"}, "s_a_span": [254.73, 262.65], "file": "Tsou_Tfya/TsouNr-pear-wang-3", "num": 133}], [134, {"ori": [], "gloss": [["...(1.0)", "", ""], ["ho", "CONJ", "連接詞"], ["sucaefi", "pass.AF", "經過.主焦"], ["to", "OBL", "斜格"], ["^mo,\\", "AUX.AF", "助動詞.主焦"]], "free": [], "s_end": false, "iu_a_span": [262.65, 264.97], "meta": {"topic": "Pear Story 1", "type": "Narrative", "language": "鄒語, Tsou, Tfya", "speaker": "汪明輝, None, male, None", "collected": "1988", "revised": "2013-11-18", "video": "TsouNr-pear-wang-3.mp3"}, "file": "Tsou_Tfya/TsouNr-pear-wang-3", "num": 134}], [135, {"ori": [], "gloss": [["...", "", ""], ["toa,_", "pick.AF", "採.主焦"]], "free": [], "s_end": false, "iu_a_span": [264.97, 266.24], "meta": {"topic": "Pear Story 1", "type": "Narrative", "language": "鄒語, Tsou, Tfya", "speaker": "汪明輝, None, male, None", "collected": "1988", "revised": "2013-11-18", "video": "TsouNr-pear-wang-3.mp3"}, "file": "Tsou_Tfya/TsouNr-pear-wang-3", "num": 135}], [136, {"ori": [], "gloss": [["...(1.1)", "", ""], ["toa", "pick.AF", "採.主焦"], ["to,\\", "OBL", "斜格"]], "free": [], "s_end": false, "iu_a_span": [266.24, 267.9], "meta": {"topic": "Pear Story 1", "type": "Narrative", "language": "鄒語, Tsou, Tfya", "speaker": "汪明輝, None, male, None", "collected": "1988", "revised": "2013-11-18", "video": "TsouNr-pear-wang-3.mp3"}, "file": "Tsou_Tfya/TsouNr-pear-wang-3", "num": 136}], [137, {"ori": [], "gloss": [["...", "", ""], ["ah,_", "FIL", "FIL"]], "free": [], "s_end": false, "iu_a_span": [267.9, 268.47], "meta": {"topic": "Pear Story 1", "type": "Narrative", "language": "鄒語, Tsou, Tfya", "speaker": "汪明輝, None, male, None", "collected": "1988", "revised": "2013-11-18", "video": "TsouNr-pear-wang-3.mp3"}, "file": "Tsou_Tfya/TsouNr-pear-wang-3", "num": 137}], [138, {"ori": [], "gloss": [["...(0.7)", "", ""], ["toa,\\", "pick.AF", "採.主焦"]], "free": [], "s_end": false, "iu_a_span": [268.47, 269.56], "meta": {"topic": "Pear Story 1", "type": "Narrative", "language": "鄒語, Tsou, Tfya", "speaker": "汪明輝, None, male, None", "collected": "1988", "revised": "2013-11-18", "video": "TsouNr-pear-wang-3.mp3"}, "file": "Tsou_Tfya/TsouNr-pear-wang-3", "num": 138}], [139, {"ori": [], "gloss": [["...", "", ""], ["toa", "pick.AF", "採.主焦"], ["to", "OBL", "斜格"], ["beahci", "fruit", "水果"], ["no", "OBL", "斜格"], ["bʉnʉvhʉ", "plum", "李子"], ["ci==,\\", "REL", "關係詞"]], "free": [], "s_end": false, "iu_a_span": [269.56, 271.74], "meta": {"topic": "Pear Story 1", "type": "Narrative", "language": "鄒語, Tsou, Tfya", "speaker": "汪明輝, None, male, None", "collected": "1988", "revised": "2013-11-18", "video": "TsouNr-pear-wang-3.mp3"}, "file": "Tsou_Tfya/TsouNr-pear-wang-3", "num": 139}], [140, {"ori": [], "gloss": [["...", "", ""], ["ci", "REL", "關係詞"], ["hahocngʉ.\\", "male", "男"]], "free": ["#e and passed the one that picked..picked pears/plum fruit.", "#c 經過那個採李（梨）子的男人。"], "s_end": true, "iu_a_span": [271.74, 272.64], "meta": {"topic": "Pear Story 1", "type": "Narrative", "language": "鄒語, Tsou, Tfya", "speaker": "汪明輝, None, male, None", "collected": "1988", "revised": "2013-11-18", "video": "TsouNr-pear-wang-3.mp3"}, "s_a_span": [262.65, 272.64], "file": "Tsou_Tfya/TsouNr-pear-wang-3", "num": 140}], [141, {"ori": [], "gloss": [["...(1.4)", "", ""], ["mi=cu", "AUX.AF=PFV", "助動詞.主焦=完成"], ["sipeohʉ", "climb.down.AF", "爬下來.主焦"], ["'o", "NOM", "主焦"], ["hahocngʉ.\\", "male", "男"]], "free": ["#e Then the man climbed down.", "#c 那個男人（從樹上）下來。", "#n IU 141 之 sipeohʉ 應為 eu'sipeohʉ \"爬下來\"。"], "s_end": true, "iu_a_span": [272.64, 275.7], "meta": {"topic": "Pear Story 1", "type": "Narrative", "language": "鄒語, Tsou, Tfya", "speaker": "汪明輝, None, male, None", "collected": "1988", "revised": "2013-11-18", "video": "TsouNr-pear-wang-3.mp3"}, "s_a_span": [272.64, 275.7], "file": "Tsou_Tfya/TsouNr-pear-wang-3", "num": 141}], [142, {"ori": [], "gloss": [["...", "", ""], ["ne", "at.that.time", "那時候"], ["mio,\\", "", ""]], "free": [], "s_end": false, "iu_a_span": [275.7, 276.54], "meta": {"topic": "Pear Story 1", "type": "Narrative", "language": "鄒語, Tsou, Tfya", "speaker": "汪明輝, None, male, None", "collected": "1988", "revised": "2013-11-18", "video": "TsouNr-pear-wang-3.mp3"}, "file": "Tsou_Tfya/TsouNr-pear-wang-3", "num": 142}], [143, {"ori": [], "gloss": [["...(0.9)", "", ""], ["i-si", "AUX.NAF-3SG.GEN", "助動詞.非主焦-3SG.屬格"], ["cu,\\", "PFV", "完成"]], "free": [], "s_end": false, "iu_a_span": [276.54, 277.99], "meta": {"topic": "Pear Story 1", "type": "Narrative", "language": "鄒語, Tsou, Tfya", "speaker": "汪明輝, None, male, None", "collected": "1988", "revised": "2013-11-18", "video": "TsouNr-pear-wang-3.mp3"}, "file": "Tsou_Tfya/TsouNr-pear-wang-3", "num": 143}], [144, {"ori": [], "gloss": [["...", "", ""], ["aoma'va", "eventually.NAF", "終究.非主焦"], ["cohivi.\\", "know.LF", "知道.處焦"]], "free": ["#e And (he) finally learned.", "#c 他終究還是知道。"], "s_end": true, "iu_a_span": [277.99, 279.13], "meta": {"topic": "Pear Story 1", "type": "Narrative", "language": "鄒語, Tsou, Tfya", "speaker": "汪明輝, None, male, None", "collected": "1988", "revised": "2013-11-18", "video": "TsouNr-pear-wang-3.mp3"}, "s_a_span": [275.7, 279.13], "file": "Tsou_Tfya/TsouNr-pear-wang-3", "num": 144}], [145, {"ori": [], "gloss": [["...(3.5)", "", ""], ["mo", "AUX.AF", "助動詞.主焦"], ["nana", "seems", "似乎"], ["uvo", "go.where.AF", "去哪裡.主焦"], ["'o", "NOM", "主格"], ["o-si", "AUX.NAF-3SG.GEN", "助動詞.非主焦-3SG.屬格"], ["auva", "just.now", "剛才"], ["s--,_", "FS", "FS"]], "free": [], "s_end": false, "iu_a_span": [279.13, 284.19], "meta": {"topic": "Pear Story 1", "type": "Narrative", "language": "鄒語, Tsou, Tfya", "speaker": "汪明輝, None, male, None", "collected": "1988", "revised": "2013-11-18", "video": "TsouNr-pear-wang-3.mp3"}, "file": "Tsou_Tfya/TsouNr-pear-wang-3", "num": 145}], [146, {"ori": [], "gloss": [["..", "", ""], ["auva,\\", "just.now", "剛才"]], "free": [], "s_end": false, "iu_a_span": [284.19, 284.81], "meta": {"topic": "Pear Story 1", "type": "Narrative", "language": "鄒語, Tsou, Tfya", "speaker": "汪明輝, None, male, None", "collected": "1988", "revised": "2013-11-18", "video": "TsouNr-pear-wang-3.mp3"}, "file": "Tsou_Tfya/TsouNr-pear-wang-3", "num": 146}], [147, {"ori": [], "gloss": [["...", "", ""], ["pa-ngangcʉngcʉa", "CAU-full.AF-PF", "使役-滿.主焦-受焦"], ["ci", "REL", "關係詞"], ["o-si", "AUX.NAF-3SG.GEN", "助動詞.非主焦-3SG.屬格"], ["toa-i.\\", "pick-LF", "採-處焦"]], "free": ["#e Where on earth had the previously picked fruit that was full gone?", "#c 我剛剛採好已經滿了的梨子那裡去了？"], "s_end": true, "iu_a_span": [284.81, 286.96], "meta": {"topic": "Pear Story 1", "type": "Narrative", "language": "鄒語, Tsou, Tfya", "speaker": "汪明輝, None, male, None", "collected": "1988", "revised": "2013-11-18", "video": "TsouNr-pear-wang-3.mp3"}, "s_a_span": [279.13, 286.96], "file": "Tsou_Tfya/TsouNr-pear-wang-3", "num": 147}], [148, {"ori": [], "gloss": [["...(1.1)", "", ""], ["mo", "AUX.AF", "助動詞.主焦"], ["aʉlʉ", "happen.to.AF", "剛好.主焦"], ["esmi", "arrive.AF", "到達.主焦"], ["'o", "NOM", "主格"], ["mo", "AUX.AF", "助動詞.主焦"], ["tueu", "three.AF", "三.主焦"], ["ho", "CONJ", "連接詞"], ["mah", "carry.AF", "帶.主焦"], ["to", "OBL", "斜格"], ["mo,\\", "AUX.AF", "助動詞.主焦"]], "free": [], "s_end": false, "iu_a_span": [286.96, 290.32], "meta": {"topic": "Pear Story 1", "type": "Narrative", "language": "鄒語, Tsou, Tfya", "speaker": "汪明輝, None, male, None", "collected": "1988", "revised": "2013-11-18", "video": "TsouNr-pear-wang-3.mp3"}, "file": "Tsou_Tfya/TsouNr-pear-wang-3", "num": 148}], [149, {"ori": [], "gloss": [["...(1.2)", "", ""], ["macici", "each.and.every.one.AF", "每一個.主焦"], ["m--,\\", "FS", "FS"]], "free": [], "s_end": false, "iu_a_span": [290.32, 292.53], "meta": {"topic": "Pear Story 1", "type": "Narrative", "language": "鄒語, Tsou, Tfya", "speaker": "汪明輝, None, male, None", "collected": "1988", "revised": "2013-11-18", "video": "TsouNr-pear-wang-3.mp3"}, "file": "Tsou_Tfya/TsouNr-pear-wang-3", "num": 149}], [150, {"ori": [], "gloss": [["..", "", ""], ["macoconi", "one.for.each", "每一個"], ["to==", "OBL", "斜格"], ["mo,\\", "AUX.AF", "助動詞.主焦"]], "free": [], "s_end": false, "iu_a_span": [292.53, 293.99], "meta": {"topic": "Pear Story 1", "type": "Narrative", "language": "鄒語, Tsou, Tfya", "speaker": "汪明輝, None, male, None", "collected": "1988", "revised": "2013-11-18", "video": "TsouNr-pear-wang-3.mp3"}, "file": "Tsou_Tfya/TsouNr-pear-wang-3", "num": 150}], [151, {"ori": [], "gloss": [["...", "", ""], ["to==", "OBL", "斜格"], ["conci,\\", "one", "一"]], "free": [], "s_end": false, "iu_a_span": [293.99, 295.6], "meta": {"topic": "Pear Story 1", "type": "Narrative", "language": "鄒語, Tsou, Tfya", "speaker": "汪明輝, None, male, None", "collected": "1988", "revised": "2013-11-18", "video": "TsouNr-pear-wang-3.mp3"}, "file": "Tsou_Tfya/TsouNr-pear-wang-3", "num": 151}], [152, {"ori": [], "gloss": [["...", "", ""], ["beahci.\\", "fruit", "水果"]], "free": ["#e There happened to arrive three (boys), each with a pear.", "#c 剛好有三個男孩經過，每個人有一個梨子。"], "s_end": true, "iu_a_span": [295.6, 296.77], "meta": {"topic": "Pear Story 1", "type": "Narrative", "language": "鄒語, Tsou, Tfya", "speaker": "汪明輝, None, male, None", "collected": "1988", "revised": "2013-11-18", "video": "TsouNr-pear-wang-3.mp3"}, "s_a_span": [286.96, 296.77], "file": "Tsou_Tfya/TsouNr-pear-wang-3", "num": 152}], [153, {"ori": [], "gloss": [["...(1.2)", "", ""], ["i-si", "AUX.NAF-3SG.GEN", "助動詞.非主焦-3SG.屬格"], ["at'ingha", "only.PF", "只好.受焦"], ["no", "FIL", "FIL"], ["eainca,\\", "say.PF", "說.受焦"]], "free": ["#e He just thinks...", "#c 他只好想..."], "s_end": true, "iu_a_span": [296.77, 299.46], "meta": {"topic": "Pear Story 1", "type": "Narrative", "language": "鄒語, Tsou, Tfya", "speaker": "汪明輝, None, male, None", "collected": "1988", "revised": "2013-11-18", "video": "TsouNr-pear-wang-3.mp3"}, "s_a_span": [296.77, 299.46], "file": "Tsou_Tfya/TsouNr-pear-wang-3", "num": 153}], [154, {"ori": [], "gloss": [["...(1.8)", "", ""], ["ci,_", "EVI", "知識詞"]], "free": [], "s_end": false, "iu_a_span": [299.46, 301.74], "meta": {"topic": "Pear Story 1", "type": "Narrative", "language": "鄒語, Tsou, Tfya", "speaker": "汪明輝, None, male, None", "collected": "1988", "revised": "2013-11-18", "video": "TsouNr-pear-wang-3.mp3"}, "file": "Tsou_Tfya/TsouNr-pear-wang-3", "num": 154}], [155, {"ori": [], "gloss": [["...(0.7)", "", ""], ["i-si", "AUX.NAF-3SG.GEN", "助動詞.非主焦-3SG.屬格"], ["asona", "probably.PF", "或許.受焦"], ["eainca", "say.PF", "說.受焦"], ["no", "OBL", "斜格"], ["to'tohʉngʉ-si._", "thought-3SG.GEN", "想法-3SG.屬格"]], "free": [], "s_end": false, "iu_a_span": [301.74, 303.95], "meta": {"topic": "Pear Story 1", "type": "Narrative", "language": "鄒語, Tsou, Tfya", "speaker": "汪明輝, None, male, None", "collected": "1988", "revised": "2013-11-18", "video": "TsouNr-pear-wang-3.mp3"}, "file": "Tsou_Tfya/TsouNr-pear-wang-3", "num": 155}], [156, {"ori": [], "gloss": [["..", "", ""], ["i-si--", "AUX.NAF-3SG.GEN", "助動詞.非主焦-3SG.屬格"], ["i-he", "AUX.NAF-3PL.GEN", "助動詞.非主焦-3PL."], ["nana", "seem", "屬格"], ["eaa.\\", "take.PF", "好像"]], "free": ["#e that it probably his thinking that they took (them).", "#c 或許他想是他們拿走了梨子。"], "s_end": true, "iu_a_span": [303.95, 305.15], "meta": {"topic": "Pear Story 1", "type": "Narrative", "language": "鄒語, Tsou, Tfya", "speaker": "汪明輝, None, male, None", "collected": "1988", "revised": "2013-11-18", "video": "TsouNr-pear-wang-3.mp3"}, "s_a_span": [299.46, 305.15], "file": "Tsou_Tfya/TsouNr-pear-wang-3", "num": 156}], [157, {"ori": [], "gloss": [["...(1.6)", "", ""], ["mo", "AUX.AF", "助動詞.主焦"], ["c'o", "just", "剛剛"], ["maica", "like.this.AF", "向這樣.主焦"], ["'e", "NOM", "主格"], ["si,\\", "FS", "FS"]], "free": [], "s_end": false, "iu_a_span": [305.15, 308.05], "meta": {"topic": "Pear Story 1", "type": "Narrative", "language": "鄒語, Tsou, Tfya", "speaker": "汪明輝, None, male, None", "collected": "1988", "revised": "2013-11-18", "video": "TsouNr-pear-wang-3.mp3"}, "file": "Tsou_Tfya/TsouNr-pear-wang-3", "num": 157}], [158, {"ori": [], "gloss": [["...", "", ""], ["'e", "NOM", "主格"], ["os-'o", "AUX.NAF-1SG.GEN", "助動詞.非主焦-1SG.屬格"], ["aiti.\\", "see.LF", "看.處焦"]], "free": ["#e What I just saw was just like that.", "#c 我剛看的就像那樣。像那樣。"], "s_end": true, "iu_a_span": [308.05, 309.33], "meta": {"topic": "Pear Story 1", "type": "Narrative", "language": "鄒語, Tsou, Tfya", "speaker": "汪明輝, None, male, None", "collected": "1988", "revised": "2013-11-18", "video": "TsouNr-pear-wang-3.mp3"}, "s_a_span": [305.15, 309.33], "file": "Tsou_Tfya/TsouNr-pear-wang-3", "num": 158}]], "meta": {"topic": "Pear Story 1", "type": "Narrative", "language": "鄒語, Tsou, Tfya", "speaker": "汪明輝, None, male, None", "collected": "1988", "revised": "2013-11-18", "video": "TsouNr-pear-wang-3.mp3"}}