{"glosses": [[1, {"ori": [], "gloss": [["e", "FIL", "FIL"], ["yakai", "EXIST", "存在"], ["ku,_", "NOM", "主格"]], "free": [], "s_end": false, "iu_a_span": [10.62, 12.04], "meta": {"topic": "Pear story", "type": "Narrative", "language": "魯凱語, Rukai, Vedai", "speaker": "巴山光, Legaile, male, None", "collected": "None", "revised": "None", "video": "RukaiNr-pear_legaile.mp3"}, "file": "Rukai_Vedai/RukaiNr-pear_legaile", "num": 1}], [2, {"ori": [], "gloss": [["...(1.0)", "", ""], ["abubulu", "story", "故事"], ["kikai", "this", "這個"], ["ka,_", "NOM", "主格"]], "free": [], "s_end": false, "iu_a_span": [12.04, 14.88], "meta": {"topic": "Pear story", "type": "Narrative", "language": "魯凱語, Rukai, Vedai", "speaker": "巴山光, Legaile, male, None", "collected": "None", "revised": "None", "video": "RukaiNr-pear_legaile.mp3"}, "file": "Rukai_Vedai/RukaiNr-pear_legaile", "num": 2}], [3, {"ori": [], "gloss": [["...(1.4)", "", ""], ["a-pelaeal-ane=li.\\", "NMZ-say-NMZ=1SG.GEN", "名物化-說-名物化=1SG.屬格"]], "free": ["#e There is a story which I would say.", "#c 我要說一個故事。"], "s_end": true, "iu_a_span": [14.88, 17.84], "meta": {"topic": "Pear story", "type": "Narrative", "language": "魯凱語, Rukai, Vedai", "speaker": "巴山光, Legaile, male, None", "collected": "None", "revised": "None", "video": "RukaiNr-pear_legaile.mp3"}, "s_a_span": [10.62, 17.84], "file": "Rukai_Vedai/RukaiNr-pear_legaile", "num": 3}], [4, {"ori": [], "gloss": [["...(1.5)", "", ""], ["kudra", "that", "那個"], ["yakai", "EXIST", "存在"], ["ku", "NOM", "主格"], ["e,_", "FIL", "FIL"]], "free": [], "s_end": false, "iu_a_span": [17.84, 21.33], "meta": {"topic": "Pear story", "type": "Narrative", "language": "魯凱語, Rukai, Vedai", "speaker": "巴山光, Legaile, male, None", "collected": "None", "revised": "None", "video": "RukaiNr-pear_legaile.mp3"}, "file": "Rukai_Vedai/RukaiNr-pear_legaile", "num": 4}], [5, {"ori": [], "gloss": [["...(1.0)", "", ""], ["tadrusa", "two", "兩個"], ["ku", "NOM", "NOM"], ["ta-ru<drau>drange._", "TA-<RED>old", "TA-<重疊>老"]], "free": ["#e There are two old people.", "#c 有兩個老人。"], "s_end": true, "iu_a_span": [21.33, 24.15], "meta": {"topic": "Pear story", "type": "Narrative", "language": "魯凱語, Rukai, Vedai", "speaker": "巴山光, Legaile, male, None", "collected": "None", "revised": "None", "video": "RukaiNr-pear_legaile.mp3"}, "s_a_span": [17.84, 24.15], "file": "Rukai_Vedai/RukaiNr-pear_legaile", "num": 5}], [6, {"ori": [], "gloss": [["...(1.1)", "", ""], ["kuini", "this", "這個"], ["tangea", "one", "一個"], ["la", "then", "然後"], ["ka,_", "NOM", "NOM"]], "free": [], "s_end": false, "iu_a_span": [24.15, 27.23], "meta": {"topic": "Pear story", "type": "Narrative", "language": "魯凱語, Rukai, Vedai", "speaker": "巴山光, Legaile, male, None", "collected": "None", "revised": "None", "video": "RukaiNr-pear_legaile.mp3"}, "file": "Rukai_Vedai/RukaiNr-pear_legaile", "num": 6}], [7, {"ori": [], "gloss": [["...(0.7)", "", ""], ["kia-ka-<mura>-murau.\\", "KIA-KA-<RED>-pomelo", "KIA-KA-<重疊>-柚子"]], "free": ["#e One is (taking) pomelo.", "#c 一個在採柚子。"], "s_end": true, "iu_a_span": [27.23, 29.33], "meta": {"topic": "Pear story", "type": "Narrative", "language": "魯凱語, Rukai, Vedai", "speaker": "巴山光, Legaile, male, None", "collected": "None", "revised": "None", "video": "RukaiNr-pear_legaile.mp3"}, "s_a_span": [24.15, 29.33], "file": "Rukai_Vedai/RukaiNr-pear_legaile", "num": 7}], [8, {"ori": [], "gloss": [["...(0.8)", "", ""], ["kuini", "this", "這個"], ["tangea", "one", "一個"], ["la", "then", "然後"], ["ka,\\", "NOM", "主格"]], "free": [], "s_end": false, "iu_a_span": [29.33, 32.07], "meta": {"topic": "Pear story", "type": "Narrative", "language": "魯凱語, Rukai, Vedai", "speaker": "巴山光, Legaile, male, None", "collected": "None", "revised": "None", "video": "RukaiNr-pear_legaile.mp3"}, "file": "Rukai_Vedai/RukaiNr-pear_legaile", "num": 8}], [9, {"ori": [], "gloss": [["...(0.9)", "", ""], ["wa-bili-bilibili", "REAL-RED-pull", "實現-重疊-拉"], ["ku,\\", "OBL", "斜格"]], "free": [], "s_end": false, "iu_a_span": [32.07, 34.67], "meta": {"topic": "Pear story", "type": "Narrative", "language": "魯凱語, Rukai, Vedai", "speaker": "巴山光, Legaile, male, None", "collected": "None", "revised": "None", "video": "RukaiNr-pear_legaile.mp3"}, "file": "Rukai_Vedai/RukaiNr-pear_legaile", "num": 9}], [10, {"ori": [], "gloss": [["...(0.8)", "", ""], ["kiyu", "goat", "羊"], ["ka", "NOM", "主格"], ["tainge-ane", "one-NMZ", "一個-名物化"], ["ka", "NOM", "主格"], ["pa-<gua>-guagu", "CAU-<RED>-sheep", "使役-<重疊>-放"], ["kuini", "this", "這個"], ["ki", "OBL", "斜格"], ["kiyu.\\", "goat", "羊"]], "free": ["#e Another is pulling the goat：Another one is sheepping the goat.", "#c 另一個在拉著羊：另一個在放羊。"], "s_end": true, "iu_a_span": [34.67, 38.01], "meta": {"topic": "Pear story", "type": "Narrative", "language": "魯凱語, Rukai, Vedai", "speaker": "巴山光, Legaile, male, None", "collected": "None", "revised": "None", "video": "RukaiNr-pear_legaile.mp3"}, "s_a_span": [29.33, 38.01], "file": "Rukai_Vedai/RukaiNr-pear_legaile", "num": 10}], [11, {"ori": [], "gloss": [["...(0.9)", "", ""], ["kuini", "this", "這個"], ["e", "FIL", "FIL"], ["kia-ka-<mura>-murau", "KIA-KA-<RED>-pomelo", "KIA-KA-<重疊>-柚子"], ["kuini", "this", "這個"], ["tutumu,\\", "old.man", "老人"]], "free": [], "s_end": false, "iu_a_span": [38.01, 41.5], "meta": {"topic": "Pear story", "type": "Narrative", "language": "魯凱語, Rukai, Vedai", "speaker": "巴山光, Legaile, male, None", "collected": "None", "revised": "None", "video": "RukaiNr-pear_legaile.mp3"}, "file": "Rukai_Vedai/RukaiNr-pear_legaile", "num": 11}], [12, {"ori": [], "gloss": [["...(0.9)", "", ""], ["la", "then", "然後"], ["kia-ka-<mura>-murau", "KIA-KA-<RED>-pomelo", "KIA-KA-<重疊>-柚子"], ["si,\\", "CONJ", "CONJ"]], "free": [], "s_end": false, "iu_a_span": [41.5, 44.26], "meta": {"topic": "Pear story", "type": "Narrative", "language": "魯凱語, Rukai, Vedai", "speaker": "巴山光, Legaile, male, None", "collected": "None", "revised": "None", "video": "RukaiNr-pear_legaile.mp3"}, "file": "Rukai_Vedai/RukaiNr-pear_legaile", "num": 12}], [13, {"ori": [], "gloss": [["...(1.3)", "", ""], ["la", "then", "然後"], ["e==,_", "FIL", "FIL"]], "free": [], "s_end": false, "iu_a_span": [44.26, 46.65], "meta": {"topic": "Pear story", "type": "Narrative", "language": "魯凱語, Rukai, Vedai", "speaker": "巴山光, Legaile, male, None", "collected": "None", "revised": "None", "video": "RukaiNr-pear_legaile.mp3"}, "file": "Rukai_Vedai/RukaiNr-pear_legaile", "num": 13}], [14, {"ori": [], "gloss": [["...", "", ""], ["ikai", "EXIST", "存在"], ["ku", "NOM", "主格"], ["wa-lriba-lribate", "REAL-RED-PASS", "實現-重疊-經過"], ["mua", "go", "去"], ["lrikili", "bicycle", "單車"], ["ku", "NOM", "主格"], ["tangea,_", "one", "一個"]], "free": [], "s_end": false, "iu_a_span": [46.65, 50.7], "meta": {"topic": "Pear story", "type": "Narrative", "language": "魯凱語, Rukai, Vedai", "speaker": "巴山光, Legaile, male, None", "collected": "None", "revised": "None", "video": "RukaiNr-pear_legaile.mp3"}, "file": "Rukai_Vedai/RukaiNr-pear_legaile", "num": 14}], [15, {"ori": [], "gloss": [["...(0.7)", "", ""], ["langukathabarane.\\", "young.man", "年輕人"]], "free": ["#e When the old man was harvesting the pomelo, a young man rode a bike passing by.", "#c 當這老爺爺在採柚子的時候，有一個年輕人騎單車經過。", "#n yacengecenge ka langukathabarane 青壯年的年輕人，此為完整用法。"], "s_end": true, "iu_a_span": [50.7, 52.58], "meta": {"topic": "Pear story", "type": "Narrative", "language": "魯凱語, Rukai, Vedai", "speaker": "巴山光, Legaile, male, None", "collected": "None", "revised": "None", "video": "RukaiNr-pear_legaile.mp3"}, "s_a_span": [38.01, 52.58], "file": "Rukai_Vedai/RukaiNr-pear_legaile", "num": 15}], [16, {"ori": [], "gloss": [["...", "", ""], ["la", "then", "然後"], ["drele", "see", "看"], ["kuini", "this", "這個"], ["ki", "OBL", "斜格"], ["tutumu", "old.man", "老人"], ["si.\\", "SI", "SI"]], "free": ["#e (he) looks this old man.", "#c (他)看這個老人。"], "s_end": true, "iu_a_span": [52.58, 54.63], "meta": {"topic": "Pear story", "type": "Narrative", "language": "魯凱語, Rukai, Vedai", "speaker": "巴山光, Legaile, male, None", "collected": "None", "revised": "None", "video": "RukaiNr-pear_legaile.mp3"}, "s_a_span": [52.58, 54.63], "file": "Rukai_Vedai/RukaiNr-pear_legaile", "num": 16}], [17, {"ori": [], "gloss": [["...", "", ""], ["sai", "when", "當"], ["belenge", "above", "上面"], ["si", "CONJ", "連接詞"], ["kai", "NEG", "否定"], ["pu-<lringa>-lringau", "<RED>think", "<重疊>-想到"], ["yaie,\\", "DM", "DM"]], "free": [], "s_end": false, "iu_a_span": [54.63, 57.12], "meta": {"topic": "Pear story", "type": "Narrative", "language": "魯凱語, Rukai, Vedai", "speaker": "巴山光, Legaile, male, None", "collected": "None", "revised": "None", "video": "RukaiNr-pear_legaile.mp3"}, "file": "Rukai_Vedai/RukaiNr-pear_legaile", "num": 17}], [18, {"ori": [], "gloss": [["...", "", ""], ["malra", "take", "拿"], ["pu-belenge", "put-above", "放-上去"], ["ku", "OBL", "斜格"], ["akuvaeva", "one", "一個"], ["ki", "OBL", "斜格"], ["karadradre._", "basket", "籃子"]], "free": ["#e When (old man) did not notice, (the young man) take one basket and put it up.", "#c 當(老人)沒有注意到時，(年輕人)就把一籃拿走放上去。"], "s_end": true, "iu_a_span": [57.12, 60.94], "meta": {"topic": "Pear story", "type": "Narrative", "language": "魯凱語, Rukai, Vedai", "speaker": "巴山光, Legaile, male, None", "collected": "None", "revised": "None", "video": "RukaiNr-pear_legaile.mp3"}, "s_a_span": [54.63, 60.94], "file": "Rukai_Vedai/RukaiNr-pear_legaile", "num": 18}], [19, {"ori": [], "gloss": [["...", "", ""], ["pu-a", "put-REAL", "放-實現"], ["kuini", "this", "這個"], ["ki", "OBL", "斜格"], ["lrikilr=ini", "bicycle=3SG.GEN", "單車=3SG.屬格"], ["si,\\", "CONJ", "連接詞"]], "free": [], "s_end": false, "iu_a_span": [60.94, 63.12], "meta": {"topic": "Pear story", "type": "Narrative", "language": "魯凱語, Rukai, Vedai", "speaker": "巴山光, Legaile, male, None", "collected": "None", "revised": "None", "video": "RukaiNr-pear_legaile.mp3"}, "file": "Rukai_Vedai/RukaiNr-pear_legaile", "num": 19}], [20, {"ori": [], "gloss": [["...", "", ""], ["e", "FIL", "FIL"], ["ka-tuase.\\", "KA-walk.away", "KA-走開"]], "free": ["#e He put this in the bicycle and leave.", "#c 他放進單車後就離開。"], "s_end": true, "iu_a_span": [63.12, 64.96], "meta": {"topic": "Pear story", "type": "Narrative", "language": "魯凱語, Rukai, Vedai", "speaker": "巴山光, Legaile, male, None", "collected": "None", "revised": "None", "video": "RukaiNr-pear_legaile.mp3"}, "s_a_span": [60.94, 64.96], "file": "Rukai_Vedai/RukaiNr-pear_legaile", "num": 20}], [21, {"ori": [], "gloss": [["...(1.5)", "", ""], ["la", "then", "然後"], ["ka-tua-tuase", "KA-RED-walk.away", "KA-重疊-走開"], ["si,\\", "CONJ", "連接詞"]], "free": [], "s_end": false, "iu_a_span": [64.96, 67.87], "meta": {"topic": "Pear story", "type": "Narrative", "language": "魯凱語, Rukai, Vedai", "speaker": "巴山光, Legaile, male, None", "collected": "None", "revised": "None", "video": "RukaiNr-pear_legaile.mp3"}, "file": "Rukai_Vedai/RukaiNr-pear_legaile", "num": 21}], [22, {"ori": [], "gloss": [["..", "", ""], ["ikai", "EXIST", "存在"], ["ku", "NOM", "主格"], ["kain-<ganan>-ganai", "<RED>-come", "<重疊>來"], ["ku", "NOM", "主格MA-碰面=3SG.斜格"], ["ma-dradresenge=ini.\\", "", ""]], "free": ["#e When he is leaving, there is (a person) coming to meet him.", "#c 當他離開的時候，有(個人)正在過來跟他碰面。"], "s_end": true, "iu_a_span": [67.87, 71.8], "meta": {"topic": "Pear story", "type": "Narrative", "language": "魯凱語, Rukai, Vedai", "speaker": "巴山光, Legaile, male, None", "collected": "None", "revised": "None", "video": "RukaiNr-pear_legaile.mp3"}, "s_a_span": [64.96, 71.8], "file": "Rukai_Vedai/RukaiNr-pear_legaile", "num": 22}], [23, {"ori": [], "gloss": [["...(1.0)", "", ""], ["la", "then", "然後"], ["sa", "when", "當"], ["ma-dradresenge", "MA-meet", "MA-碰面"], ["yaie,\\", "DM", "DM"]], "free": [], "s_end": false, "iu_a_span": [71.8, 74.26], "meta": {"topic": "Pear story", "type": "Narrative", "language": "魯凱語, Rukai, Vedai", "speaker": "巴山光, Legaile, male, None", "collected": "None", "revised": "None", "video": "RukaiNr-pear_legaile.mp3"}, "file": "Rukai_Vedai/RukaiNr-pear_legaile", "num": 23}], [24, {"ori": [], "gloss": [["...(0.9)", "", ""], ["e==,_", "FIL", "FIL"]], "free": [], "s_end": false, "iu_a_span": [74.26, 75.93], "meta": {"topic": "Pear story", "type": "Narrative", "language": "魯凱語, Rukai, Vedai", "speaker": "巴山光, Legaile, male, None", "collected": "None", "revised": "None", "video": "RukaiNr-pear_legaile.mp3"}, "file": "Rukai_Vedai/RukaiNr-pear_legaile", "num": 24}], [25, {"ori": [], "gloss": [["...", "", ""], ["nau", "want", "想要"], ["drele-ana", "see-firstly", "看-先"], ["kikai._", "this", "這個"]], "free": ["#e Then, when meeting，he want to see this person firstly.", "#c 然後當碰面的時候，(他)想先看(這個人)。"], "s_end": true, "iu_a_span": [75.93, 78.78], "meta": {"topic": "Pear story", "type": "Narrative", "language": "魯凱語, Rukai, Vedai", "speaker": "巴山光, Legaile, male, None", "collected": "None", "revised": "None", "video": "RukaiNr-pear_legaile.mp3"}, "s_a_span": [71.8, 78.78], "file": "Rukai_Vedai/RukaiNr-pear_legaile", "num": 25}], [26, {"ori": [], "gloss": [["...", "", ""], ["ma-lra-lribate", "REC-RED-pass", "互相-重疊-經過"], ["la", "then", "然後"], ["iya,_", "say", "說"]], "free": [], "s_end": false, "iu_a_span": [78.78, 80.63], "meta": {"topic": "Pear story", "type": "Narrative", "language": "魯凱語, Rukai, Vedai", "speaker": "巴山光, Legaile, male, None", "collected": "None", "revised": "None", "video": "RukaiNr-pear_legaile.mp3"}, "file": "Rukai_Vedai/RukaiNr-pear_legaile", "num": 26}], [27, {"ori": [], "gloss": [["...", "", ""], ["la", "then", "然後"], ["mua-lrane", "go-drop", "去-掉"], ["kudra", "that", "那個"], ["talrupunu=ini,_", "hat=3SG.GEN", "帽子=3SG.屬格"]], "free": [], "s_end": false, "iu_a_span": [80.63, 83.06], "meta": {"topic": "Pear story", "type": "Narrative", "language": "魯凱語, Rukai, Vedai", "speaker": "巴山光, Legaile, male, None", "collected": "None", "revised": "None", "video": "RukaiNr-pear_legaile.mp3"}, "file": "Rukai_Vedai/RukaiNr-pear_legaile", "num": 27}], [28, {"ori": [], "gloss": [["...", "", ""], ["lau", "then", "然後"], ["kilrikilri", "trap", "拐到"], ["ucucusu", "bump", "碰撞"], ["ki", "OBL", "斜格"], ["lrenege", "stone", "石頭"], ["kuini", "this", "這個"], ["e==._", "FIL", "FIL"]], "free": [], "s_end": false, "iu_a_span": [83.06, 86.37], "meta": {"topic": "Pear story", "type": "Narrative", "language": "魯凱語, Rukai, Vedai", "speaker": "巴山光, Legaile, male, None", "collected": "None", "revised": "None", "video": "RukaiNr-pear_legaile.mp3"}, "file": "Rukai_Vedai/RukaiNr-pear_legaile", "num": 28}], [29, {"ori": [], "gloss": [["...", "", ""], ["kuini", "this", "這個"], ["lrikil=ini", "bicycle=3SG.GEN", "腳踏車=3SG.屬格"], ["si", "CONJ", "連接詞"], ["mua-dreke.\\", "go-fall", "去-跌倒"]], "free": ["#e (When) they are passing each other, his hats fells and then he traps and bumps his bicycle against a stone.", "#c (當)互相經過時，然後他的帽子掉了，然後碰到石頭拐到了他的腳踏車然後跌倒。"], "s_end": true, "iu_a_span": [86.37, 89.33], "meta": {"topic": "Pear story", "type": "Narrative", "language": "魯凱語, Rukai, Vedai", "speaker": "巴山光, Legaile, male, None", "collected": "None", "revised": "None", "video": "RukaiNr-pear_legaile.mp3"}, "s_a_span": [78.78, 89.33], "file": "Rukai_Vedai/RukaiNr-pear_legaile", "num": 29}], [30, {"ori": [], "gloss": [["...", "", ""], ["sa", "when", "當"], ["mua-dreke", "go-fell", "跌倒"], ["la", "then", "然後"], ["ngi-sarade", "self-scatter", "自身-散落"], ["kuini", "this", "這個"], ["e,_", "FIL", "FIL"]], "free": [], "s_end": false, "iu_a_span": [89.33, 92.32], "meta": {"topic": "Pear story", "type": "Narrative", "language": "魯凱語, Rukai, Vedai", "speaker": "巴山光, Legaile, male, None", "collected": "None", "revised": "None", "video": "RukaiNr-pear_legaile.mp3"}, "file": "Rukai_Vedai/RukaiNr-pear_legaile", "num": 30}], [31, {"ori": [], "gloss": [["...(0.7)", "", ""], ["e", "FIL", "FIL"], ["tainge-ane", "one-NMZ", "一個-名物化"], ["ka", "NOM", "KA"], ["kupa=ini.\\", "steal=3SG.NOM", "偷=3SG.主格"]], "free": ["#e When (he) is falling，the one that he steal scatters.", "#c 當(他)跌倒的時候，然後他偷的那一(籃)就散落了。"], "s_end": true, "iu_a_span": [92.32, 95.7], "meta": {"topic": "Pear story", "type": "Narrative", "language": "魯凱語, Rukai, Vedai", "speaker": "巴山光, Legaile, male, None", "collected": "None", "revised": "None", "video": "RukaiNr-pear_legaile.mp3"}, "s_a_span": [89.33, 95.7], "file": "Rukai_Vedai/RukaiNr-pear_legaile", "num": 31}], [32, {"ori": [], "gloss": [["...", "", ""], ["la", "then", "然後"], ["kainganai", "come", "來"], ["la", "then", "然後"], ["ikai", "EXIST", "存在"], ["ku", "NOM", "主格"], ["e,_", "FIL", "FIL"]], "free": [], "s_end": false, "iu_a_span": [95.7, 98.63], "meta": {"topic": "Pear story", "type": "Narrative", "language": "魯凱語, Rukai, Vedai", "speaker": "巴山光, Legaile, male, None", "collected": "None", "revised": "None", "video": "RukaiNr-pear_legaile.mp3"}, "file": "Rukai_Vedai/RukaiNr-pear_legaile", "num": 32}], [33, {"ori": [], "gloss": [["..", "", ""], ["tadulru", "three", "三"], ["ku._", "FS", "FS"]], "free": ["#e Then, there are three people coming.", "#c 然後有三個人來了。"], "s_end": true, "iu_a_span": [98.63, 100.3], "meta": {"topic": "Pear story", "type": "Narrative", "language": "魯凱語, Rukai, Vedai", "speaker": "巴山光, Legaile, male, None", "collected": "None", "revised": "None", "video": "RukaiNr-pear_legaile.mp3"}, "s_a_span": [95.7, 100.3], "file": "Rukai_Vedai/RukaiNr-pear_legaile", "num": 33}], [34, {"ori": [], "gloss": [["...", "", ""], ["e,_", "FIL", "FIL"]], "free": [], "s_end": false, "iu_a_span": [100.3, 101.82], "meta": {"topic": "Pear story", "type": "Narrative", "language": "魯凱語, Rukai, Vedai", "speaker": "巴山光, Legaile, male, None", "collected": "None", "revised": "None", "video": "RukaiNr-pear_legaile.mp3"}, "file": "Rukai_Vedai/RukaiNr-pear_legaile", "num": 34}], [35, {"ori": [], "gloss": [["...(1.4)", "", ""], ["ki-a-ipibu", "PASS-REAL-mix", "被動-實現-混合"], ["ku", "NOM", "主格"], ["vavalake", "child", "小孩"], ["ku", "NOM", "主格"], ["tangea", "one", "一個"], ["la", "then", "然後"], ["ikai", "EXIST", "存在"], ["ku", "NOM", "主格"], ["yacengecenge", "young.man", "年輕人"], ["ku", "NOM", "斜格"], ["tadrusa.\\", "two", "二"]], "free": ["#e One child is mixed (in)，and then there are two young mans.", "#c 混了一個小孩，然後有兩個年輕人。"], "s_end": true, "iu_a_span": [101.82, 106.81], "meta": {"topic": "Pear story", "type": "Narrative", "language": "魯凱語, Rukai, Vedai", "speaker": "巴山光, Legaile, male, None", "collected": "None", "revised": "None", "video": "RukaiNr-pear_legaile.mp3"}, "s_a_span": [100.3, 106.81], "file": "Rukai_Vedai/RukaiNr-pear_legaile", "num": 35}], [36, {"ori": [], "gloss": [["...(0.8)", "", ""], ["la", "then", "然後"], ["pararubu-ana", "help-firstly", "幫忙"], ["kuini", "this", "先"], ["ki", "OBL", "這個"], ["alisu", "woman", "斜格"], ["siludu", "pick", "女生"], ["kuini,\\", "this", "撿"]], "free": [], "s_end": false, "iu_a_span": [106.81, 111.23], "meta": {"topic": "Pear story", "type": "Narrative", "language": "魯凱語, Rukai, Vedai", "speaker": "巴山光, Legaile, male, None", "collected": "None", "revised": "None", "video": "RukaiNr-pear_legaile.mp3"}, "file": "Rukai_Vedai/RukaiNr-pear_legaile", "num": 36}], [37, {"ori": [], "gloss": [["...(0.8)", "", ""], ["e", "FIL", "FIL"], ["kamurau", "pomelo", "柚子"], ["si.\\", "SI", "SI"]], "free": ["#e Then, (they) help this woman to pick up this pomelo.", "#c 然後，(他們)先幫忙這個女生撿這個柚子。"], "s_end": true, "iu_a_span": [111.23, 113.2], "meta": {"topic": "Pear story", "type": "Narrative", "language": "魯凱語, Rukai, Vedai", "speaker": "巴山光, Legaile, male, None", "collected": "None", "revised": "None", "video": "RukaiNr-pear_legaile.mp3"}, "s_a_span": [106.81, 113.2], "file": "Rukai_Vedai/RukaiNr-pear_legaile", "num": 37}], [38, {"ori": [], "gloss": [["..", "", ""], ["la", "then", "然後"], ["maka", "MAKA", "MAKA"], ["siludu-nga", "pick-PFV", "撿-完成"], ["kuini", "this", "這個"], ["kamurau,_", "pomelo", "柚子"]], "free": [], "s_end": false, "iu_a_span": [113.2, 115.37], "meta": {"topic": "Pear story", "type": "Narrative", "language": "魯凱語, Rukai, Vedai", "speaker": "巴山光, Legaile, male, None", "collected": "None", "revised": "None", "video": "RukaiNr-pear_legaile.mp3"}, "file": "Rukai_Vedai/RukaiNr-pear_legaile", "num": 38}], [39, {"ori": [], "gloss": [["...", "", ""], ["e,_", "FIL", "FIL"]], "free": [], "s_end": false, "iu_a_span": [115.37, 116.6], "meta": {"topic": "Pear story", "type": "Narrative", "language": "魯凱語, Rukai, Vedai", "speaker": "巴山光, Legaile, male, None", "collected": "None", "revised": "None", "video": "RukaiNr-pear_legaile.mp3"}, "file": "Rukai_Vedai/RukaiNr-pear_legaile", "num": 39}], [40, {"ori": [], "gloss": [["...", "", ""], ["la", "then", "然後"], ["e", "FIL", "FIL"], ["malra", "take", "拿"], ["kuini._", "this", "這個"]], "free": ["#e Then (they) picked up this pomelo, and then take…", "#c 然後(他們)撿完這柚子，然後拿…。", "#n 此句為非完整句。"], "s_end": true, "iu_a_span": [116.6, 118.9], "meta": {"topic": "Pear story", "type": "Narrative", "language": "魯凱語, Rukai, Vedai", "speaker": "巴山光, Legaile, male, None", "collected": "None", "revised": "None", "video": "RukaiNr-pear_legaile.mp3"}, "s_a_span": [113.2, 118.9], "file": "Rukai_Vedai/RukaiNr-pear_legaile", "num": 40}], [41, {"ori": [], "gloss": [["...", "", ""], ["nau", "want", "想"], ["ka-tuase-nga", "KA-walk.away-PFV", "KA-走開-完成"], ["la", "then", "後"], ["iya", "say", "然後"], ["kuini", "this", "說"], ["alisu", "girl", "這個"], ["si.\\", "CONJ", "女孩"]], "free": ["#e Then, this girl wants to leave.", "#c 然後這女生想離開。"], "s_end": true, "iu_a_span": [118.9, 121.07], "meta": {"topic": "Pear story", "type": "Narrative", "language": "魯凱語, Rukai, Vedai", "speaker": "巴山光, Legaile, male, None", "collected": "None", "revised": "None", "video": "RukaiNr-pear_legaile.mp3"}, "s_a_span": [118.9, 121.07], "file": "Rukai_Vedai/RukaiNr-pear_legaile", "num": 41}], [44, {"ori": [], "gloss": [["...", "", ""], ["la", "then", "然後"], ["malra", "take", "拿"], ["kuini", "this", "這個"], ["talrupunu", "hat", "帽子"], ["si,\\", "CONJ", "連接詞"]], "free": [], "s_end": false, "iu_a_span": [126.73, 129.72], "meta": {"topic": "Pear story", "type": "Narrative", "language": "魯凱語, Rukai, Vedai", "speaker": "巴山光, Legaile, male, None", "collected": "None", "revised": "None", "video": "RukaiNr-pear_legaile.mp3"}, "file": "Rukai_Vedai/RukaiNr-pear_legaile", "num": 44}], [45, {"ori": [], "gloss": [["...", "", ""], ["la", "then", "然後"], ["e", "FIL", "FIL"], ["ka-tuase", "KA-walk.away", "KA-走了"], ["ana,_", "firstly", "先"]], "free": [], "s_end": false, "iu_a_span": [129.72, 131.97], "meta": {"topic": "Pear story", "type": "Narrative", "language": "魯凱語, Rukai, Vedai", "speaker": "巴山光, Legaile, male, None", "collected": "None", "revised": "None", "video": "RukaiNr-pear_legaile.mp3"}, "file": "Rukai_Vedai/RukaiNr-pear_legaile", "num": 45}], [46, {"ori": [], "gloss": [["...", "", ""], ["e==,_", "FIL", "FIL"]], "free": [], "s_end": false, "iu_a_span": [131.97, 133.24], "meta": {"topic": "Pear story", "type": "Narrative", "language": "魯凱語, Rukai, Vedai", "speaker": "巴山光, Legaile, male, None", "collected": "None", "revised": "None", "video": "RukaiNr-pear_legaile.mp3"}, "file": "Rukai_Vedai/RukaiNr-pear_legaile", "num": 46}], [47, {"ori": [], "gloss": [["..", "", ""], ["bai", "give", "給"], ["kuini", "this", "這個"], ["na-mua", "PFT-go", "完成-去"], ["adreke", "fell", "跌倒"], ["mualai", "for", "為了"], ["kuini", "this", "這個"], ["sarirane", "good", "好的"], ["ki,_", "OBL", "斜格"]], "free": [], "s_end": false, "iu_a_span": [133.24, 137.0], "meta": {"topic": "Pear story", "type": "Narrative", "language": "魯凱語, Rukai, Vedai", "speaker": "巴山光, Legaile, male, None", "collected": "None", "revised": "None", "video": "RukaiNr-pear_legaile.mp3"}, "file": "Rukai_Vedai/RukaiNr-pear_legaile", "num": 47}], [48, {"ori": [], "gloss": [["...", "", ""], ["e==,_", "FIL", "FIL"]], "free": [], "s_end": false, "iu_a_span": [137.0, 138.35], "meta": {"topic": "Pear story", "type": "Narrative", "language": "魯凱語, Rukai, Vedai", "speaker": "巴山光, Legaile, male, None", "collected": "None", "revised": "None", "video": "RukaiNr-pear_legaile.mp3"}, "file": "Rukai_Vedai/RukaiNr-pear_legaile", "num": 48}], [49, {"ori": [], "gloss": [["...(1.5)", "", ""], ["ki-dremedreme=ini.\\", "KI-heart=3PL.GEN", "KI-心=3PL.GEN"]], "free": ["#e Then, (they) take this hat and go firstly to give this (girl) who fall for the good of their heart.", "#c 然後(他們)拿這帽子而且先去給這個摔倒過(的女孩)因為他們的善心。"], "s_end": true, "iu_a_span": [138.35, 140.96], "meta": {"topic": "Pear story", "type": "Narrative", "language": "魯凱語, Rukai, Vedai", "speaker": "巴山光, Legaile, male, None", "collected": "None", "revised": "None", "video": "RukaiNr-pear_legaile.mp3"}, "s_a_span": [121.07, 140.96], "file": "Rukai_Vedai/RukaiNr-pear_legaile", "num": 49}], [50, {"ori": [], "gloss": [["..", "", ""], ["kuini", "this", "這個"], ["e==,_", "FIL", "FIL"]], "free": [], "s_end": false, "iu_a_span": [140.96, 142.48], "meta": {"topic": "Pear story", "type": "Narrative", "language": "魯凱語, Rukai, Vedai", "speaker": "巴山光, Legaile, male, None", "collected": "None", "revised": "None", "video": "RukaiNr-pear_legaile.mp3"}, "file": "Rukai_Vedai/RukaiNr-pear_legaile", "num": 50}], [51, {"ori": [], "gloss": [["..", "", ""], ["ta-ngi-mia-mia-ne", "NMZ-self-RED-say-NMZ", "名物化-自身-重疊-說-名物化"], ["kuini", "this", "這個"], ["abulru", "story", "故事"], ["yaie.\\", "", ""]], "free": ["#e This, for the sake of this story.", "#c 這個，照這個故事來說。"], "s_end": true, "iu_a_span": [142.48, 144.99], "meta": {"topic": "Pear story", "type": "Narrative", "language": "魯凱語, Rukai, Vedai", "speaker": "巴山光, Legaile, male, None", "collected": "None", "revised": "None", "video": "RukaiNr-pear_legaile.mp3"}, "s_a_span": [137.0, 144.99], "file": "Rukai_Vedai/RukaiNr-pear_legaile", "num": 51}], [52, {"ori": [], "gloss": [["...", "", ""], ["lu", "IRR", "非實現"], ["e==,_", "FIL", "FIL"]], "free": [], "s_end": false, "iu_a_span": [144.99, 146.78], "meta": {"topic": "Pear story", "type": "Narrative", "language": "魯凱語, Rukai, Vedai", "speaker": "巴山光, Legaile, male, None", "collected": "None", "revised": "None", "video": "RukaiNr-pear_legaile.mp3"}, "file": "Rukai_Vedai/RukaiNr-pear_legaile", "num": 52}], [53, {"ori": [], "gloss": [["...", "", ""], ["pi-ane", "do-NMZ", "做-名物化"], ["kuini", "this", "這個"], ["ka", "NOM", "主格"], ["umaumase", "human", "人"], ["yaie,\\", "DM", "DM"]], "free": [], "s_end": false, "iu_a_span": [146.78, 149.62], "meta": {"topic": "Pear story", "type": "Narrative", "language": "魯凱語, Rukai, Vedai", "speaker": "巴山光, Legaile, male, None", "collected": "None", "revised": "None", "video": "RukaiNr-pear_legaile.mp3"}, "file": "Rukai_Vedai/RukaiNr-pear_legaile", "num": 53}], [55, {"ori": [], "gloss": [["..", "", ""], ["kuini", "this", "這個"], ["ki", "OBL", "斜格"], ["lasu", "boy", "男孩"], ["kuini", "this", "這個"], ["e._", "", ""]], "free": ["#e If human do this, they would encounter hardship；say, see the woman and man.", "#c 人如果這樣做的話，就會遭到苦難，(我)說，你看那個女生(跟)男生。"], "s_end": true, "iu_a_span": [154.41, 155.47], "meta": {"topic": "Pear story", "type": "Narrative", "language": "魯凱語, Rukai, Vedai", "speaker": "巴山光, Legaile, male, None", "collected": "None", "revised": "None", "video": "RukaiNr-pear_legaile.mp3"}, "s_a_span": [140.96, 155.47], "file": "Rukai_Vedai/RukaiNr-pear_legaile", "num": 55}], [56, {"ori": [], "gloss": [["..", "", ""], ["kupa", "steal", "偷"], ["kuini", "this", "這個FIL"], ["e==,_", "", ""]], "free": [], "s_end": false, "iu_a_span": [155.47, 157.15], "meta": {"topic": "Pear story", "type": "Narrative", "language": "魯凱語, Rukai, Vedai", "speaker": "巴山光, Legaile, male, None", "collected": "None", "revised": "None", "video": "RukaiNr-pear_legaile.mp3"}, "file": "Rukai_Vedai/RukaiNr-pear_legaile", "num": 56}], [57, {"ori": [], "gloss": [["...", "", ""], ["malra-malra", "RED-take", "重疊-拿"], ["kuini", "this", "這個"], ["marudrange", "old.man", "老人"], ["si,_", "SI", "SI"]], "free": [], "s_end": false, "iu_a_span": [157.15, 159.17], "meta": {"topic": "Pear story", "type": "Narrative", "language": "魯凱語, Rukai, Vedai", "speaker": "巴山光, Legaile, male, None", "collected": "None", "revised": "None", "video": "RukaiNr-pear_legaile.mp3"}, "file": "Rukai_Vedai/RukaiNr-pear_legaile", "num": 57}], [58, {"ori": [], "gloss": [["...", "", ""], ["la", "then", "然後"], ["mua", "go", "去"], ["dreke", "fall", "跌倒"], ["si._", "CONJ", "連接詞"]], "free": ["#e (They) steal the taking of the old man，and then fall.", "#c (他們)偷了這老人在採的東西，然後跌倒了。"], "s_end": true, "iu_a_span": [159.17, 160.63], "meta": {"topic": "Pear story", "type": "Narrative", "language": "魯凱語, Rukai, Vedai", "speaker": "巴山光, Legaile, male, None", "collected": "None", "revised": "None", "video": "RukaiNr-pear_legaile.mp3"}, "s_a_span": [146.78, 160.63], "file": "Rukai_Vedai/RukaiNr-pear_legaile", "num": 58}], [59, {"ori": [], "gloss": [["..", "", ""], ["sa", "when", "當"], ["mua", "go", "去"], ["dreke", "fall", "跌倒"], ["si", "CONJ", "連接詞"], ["e", "like-PFV", "像-完成"], ["mia-nga", "this", "這"], ["kuini", "DM", "DM"], ["yaie,\\", "", ""]], "free": [], "s_end": false, "iu_a_span": [160.63, 163.53], "meta": {"topic": "Pear story", "type": "Narrative", "language": "魯凱語, Rukai, Vedai", "speaker": "巴山光, Legaile, male, None", "collected": "None", "revised": "None", "video": "RukaiNr-pear_legaile.mp3"}, "file": "Rukai_Vedai/RukaiNr-pear_legaile", "num": 59}], [60, {"ori": [], "gloss": [["...", "", ""], ["e==,_", "FIL", "FIL"]], "free": [], "s_end": false, "iu_a_span": [163.53, 164.81], "meta": {"topic": "Pear story", "type": "Narrative", "language": "魯凱語, Rukai, Vedai", "speaker": "巴山光, Legaile, male, None", "collected": "None", "revised": "None", "video": "RukaiNr-pear_legaile.mp3"}, "file": "Rukai_Vedai/RukaiNr-pear_legaile", "num": 60}], [61, {"ori": [], "gloss": [["...", "", ""], ["kuini", "this", "這個"], ["la-lasu", "PL-man", "複數-男生"], ["kuini", "this", "這個"], ["tatulru", "three", "三"], ["kuini", "this", "這個"], ["yacengecenge,_", "young.man", "年輕人"]], "free": [], "s_end": false, "iu_a_span": [164.81, 167.24], "meta": {"topic": "Pear story", "type": "Narrative", "language": "魯凱語, Rukai, Vedai", "speaker": "巴山光, Legaile, male, None", "collected": "None", "revised": "None", "video": "RukaiNr-pear_legaile.mp3"}, "file": "Rukai_Vedai/RukaiNr-pear_legaile", "num": 61}], [62, {"ori": [], "gloss": [["..", "", ""], ["la", "then", "然後"], ["ngualai", "because", "因為"], ["kuini", "this", "這個"], ["tharinane", "kind", "善良"], ["kuini", "this", "這個"], ["ki-dreme-dreme=lini", "KI-RED-heart=3PL.", "KI-重疊-心=3PL.主格"], ["yaie,\\", "NOM", "DM"]], "free": [], "s_end": false, "iu_a_span": [167.24, 169.8], "meta": {"topic": "Pear story", "type": "Narrative", "language": "魯凱語, Rukai, Vedai", "speaker": "巴山光, Legaile, male, None", "collected": "None", "revised": "None", "video": "RukaiNr-pear_legaile.mp3"}, "file": "Rukai_Vedai/RukaiNr-pear_legaile", "num": 62}], [63, {"ori": [], "gloss": [["...", "", ""], ["iya", "say", "說"], ["ani", "why", "怎麼"], ["ka", "NOM", "NOM"], ["pa-u-cilri", "CAU-toward-down", "掉了"], ["ki", "OBL", "斜格"], ["alisu", "girl", "女孩"], ["kai", "this", "這個"], ["talrupunu", "hat", "帽子"], ["la", "then", "然後"], ["iya", "say", "說"], ["si", "SI", "SI"], ["ka-tuase._", "KA-walk.away", "KA-離開"]], "free": ["#e When (they) fall like this, the three young man say “why this hat of the girl drops” and leave.", "#c 當(他們)跌倒變成這樣時，這三個年輕的男生因為他們的心很善良，然後說這女孩的帽子怎麼掉了就這樣說就離開。"], "s_end": true, "iu_a_span": [169.8, 173.69], "meta": {"topic": "Pear story", "type": "Narrative", "language": "魯凱語, Rukai, Vedai", "speaker": "巴山光, Legaile, male, None", "collected": "None", "revised": "None", "video": "RukaiNr-pear_legaile.mp3"}, "s_a_span": [155.47, 173.69], "file": "Rukai_Vedai/RukaiNr-pear_legaile", "num": 63}], [64, {"ori": [], "gloss": [["..", "", ""], ["saulri", "return", "歸還"], ["bai", "give", "給"], ["tainge-ane", "one-NMZ", "一個-名物化"], ["ka", "NOM", "主格"], ["sabulruane", "lesson", "教訓"], ["kuini", "this", "這個"], ["ki", "OBL", "斜格"], ["alisu", "girl", "女孩"], ["kudra", "that", "那個"], ["kuini", "this", "這個"], ["ki", "OBL", "斜格"], ["lasu", "boy", "男孩"], ["kudra,_", "that", "那個"]], "free": [], "s_end": false, "iu_a_span": [173.69, 178.0], "meta": {"topic": "Pear story", "type": "Narrative", "language": "魯凱語, Rukai, Vedai", "speaker": "巴山光, Legaile, male, None", "collected": "None", "revised": "None", "video": "RukaiNr-pear_legaile.mp3"}, "file": "Rukai_Vedai/RukaiNr-pear_legaile", "num": 64}], [65, {"ori": [], "gloss": [["...", "", ""], ["e==,_", "FIL", "FIL"]], "free": [], "s_end": false, "iu_a_span": [178.0, 179.31], "meta": {"topic": "Pear story", "type": "Narrative", "language": "魯凱語, Rukai, Vedai", "speaker": "巴山光, Legaile, male, None", "collected": "None", "revised": "None", "video": "RukaiNr-pear_legaile.mp3"}, "file": "Rukai_Vedai/RukaiNr-pear_legaile", "num": 65}], [66, {"ori": [], "gloss": [["..", "", ""], ["ta-pa-ngi-mi-ane=ini", "NMZ-CAU-self-like-NMZ=3SG.GEN", "名物化-使役-自身-像-名物化=3SG.數格"], ["kuini", "NEG", "否定"], ["kai", "think", "想到"], ["pualringalringau", "this", "這個"], ["kuini", "old.man", "老人"], ["marudrange,\\", "", ""]], "free": ["#e (This) gives a lesson to this girl and that boy, the old man did not think that it would be like this.", "#c (這件事)給了這個女孩還有那個男孩，這老人沒有想到它會像這樣。", "#n 本句發音人亦無法完全確定語意，需再檢查。"], "s_end": true, "iu_a_span": [179.31, 182.68], "meta": {"topic": "Pear story", "type": "Narrative", "language": "魯凱語, Rukai, Vedai", "speaker": "巴山光, Legaile, male, None", "collected": "None", "revised": "None", "video": "RukaiNr-pear_legaile.mp3"}, "s_a_span": [164.81, 182.68], "file": "Rukai_Vedai/RukaiNr-pear_legaile", "num": 66}], [67, {"ori": [], "gloss": [["..", "", ""], ["la", "then", "然後"], ["kirimu", "quick", "快"], ["malra", "take", "拿"], ["kuini", "this", "這"], ["e,_", "FIL", "FIL"]], "free": [], "s_end": false, "iu_a_span": [182.68, 184.89], "meta": {"topic": "Pear story", "type": "Narrative", "language": "魯凱語, Rukai, Vedai", "speaker": "巴山光, Legaile, male, None", "collected": "None", "revised": "None", "video": "RukaiNr-pear_legaile.mp3"}, "file": "Rukai_Vedai/RukaiNr-pear_legaile", "num": 67}], [68, {"ori": [], "gloss": [["...", "", ""], ["e,_", "FIL", "FIL"]], "free": [], "s_end": false, "iu_a_span": [184.89, 186.1], "meta": {"topic": "Pear story", "type": "Narrative", "language": "魯凱語, Rukai, Vedai", "speaker": "巴山光, Legaile, male, None", "collected": "None", "revised": "None", "video": "RukaiNr-pear_legaile.mp3"}, "file": "Rukai_Vedai/RukaiNr-pear_legaile", "num": 68}], [69, {"ori": [], "gloss": [["..", "", ""], ["malra-malra", "RED-take", "重疊-拿"], ["kuini", "this", "這個"], ["kamurau", "pomelo", "柚子"], ["si", "CONJ", "連接詞"], ["ka-tuase", "KA-walk.away", "KA-走開"], ["sa", "when", "當"], ["u-lebe-nga", "toward-down-PFV", "向-下-完成"], ["kuini", "this", "這"], ["marudrange.\\", "old.man", "老人"]], "free": ["#e When this old man comes down, they take this pomelo.", "#c 當這老人下來的時候，(他們)很快地把柚子拿走了。"], "s_end": true, "iu_a_span": [186.1, 189.19], "meta": {"topic": "Pear story", "type": "Narrative", "language": "魯凱語, Rukai, Vedai", "speaker": "巴山光, Legaile, male, None", "collected": "None", "revised": "None", "video": "RukaiNr-pear_legaile.mp3"}, "s_a_span": [173.69, 189.19], "file": "Rukai_Vedai/RukaiNr-pear_legaile", "num": 69}], [70, {"ori": [], "gloss": [["...", "", ""], ["ainu", "where", "哪裡"], ["ku", "NOM", "主格"], ["malra-malra=li", "RED-take=1SG.OBL", "RED-拿=1SG.斜格"], ["la", "then", "然後"], ["iya", "say", "說"], ["si", "SI", "SI"], ["ka-sama=li.\\", "KA-surprise=1SG.OBL", "KA-驚訝=1SG.斜格"]], "free": ["#e The old man is surprise and say “where is my pomelo?”", "#c (老人)很驚訝然後說「我採的(柚子)在哪裡？」"], "s_end": true, "iu_a_span": [189.19, 191.58], "meta": {"topic": "Pear story", "type": "Narrative", "language": "魯凱語, Rukai, Vedai", "speaker": "巴山光, Legaile, male, None", "collected": "None", "revised": "None", "video": "RukaiNr-pear_legaile.mp3"}, "s_a_span": [182.68, 191.58], "file": "Rukai_Vedai/RukaiNr-pear_legaile", "num": 70}], [71, {"ori": [], "gloss": [["..", "", ""], ["wa-lriba-lribate", "REAL-RED-pass", "實現-重疊-經過"], ["kuini", "this", "這"], ["tatulru", "three", "三"], ["kuini", "this", "這"], ["e,_", "FIL", "FIL"]], "free": [], "s_end": false, "iu_a_span": [191.58, 193.82], "meta": {"topic": "Pear story", "type": "Narrative", "language": "魯凱語, Rukai, Vedai", "speaker": "巴山光, Legaile, male, None", "collected": "None", "revised": "None", "video": "RukaiNr-pear_legaile.mp3"}, "file": "Rukai_Vedai/RukaiNr-pear_legaile", "num": 71}], [72, {"ori": [], "gloss": [["...", "", ""], ["e", "FIL", "FIL"], ["tatulru", "three", "三個"], ["kuini", "this", "這"], ["laukathabarane,\\", "young.man", "年輕人"]], "free": [], "s_end": false, "iu_a_span": [193.82, 196.81], "meta": {"topic": "Pear story", "type": "Narrative", "language": "魯凱語, Rukai, Vedai", "speaker": "巴山光, Legaile, male, None", "collected": "None", "revised": "None", "video": "RukaiNr-pear_legaile.mp3"}, "file": "Rukai_Vedai/RukaiNr-pear_legaile", "num": 72}], [73, {"ori": [], "gloss": [["..", "", ""], ["palribulu", "help", "幫助"], ["kuini,_", "this", "這個"]], "free": [], "s_end": false, "iu_a_span": [196.81, 198.05], "meta": {"topic": "Pear story", "type": "Narrative", "language": "魯凱語, Rukai, Vedai", "speaker": "巴山光, Legaile, male, None", "collected": "None", "revised": "None", "video": "RukaiNr-pear_legaile.mp3"}, "file": "Rukai_Vedai/RukaiNr-pear_legaile", "num": 73}], [74, {"ori": [], "gloss": [["...", "", ""], ["e==._", "FIL", "FIL"]], "free": [], "s_end": false, "iu_a_span": [198.05, 199.19], "meta": {"topic": "Pear story", "type": "Narrative", "language": "魯凱語, Rukai, Vedai", "speaker": "巴山光, Legaile, male, None", "collected": "None", "revised": "None", "video": "RukaiNr-pear_legaile.mp3"}, "file": "Rukai_Vedai/RukaiNr-pear_legaile", "num": 74}], [75, {"ori": [], "gloss": [["...", "", ""], ["alisu.\\", "girl", "女孩"]], "free": ["#e This three young man are passing and helping this girl.", "#c 這三個年輕人正在經過，幫助這女孩。"], "s_end": true, "iu_a_span": [199.19, 200.5], "meta": {"topic": "Pear story", "type": "Narrative", "language": "魯凱語, Rukai, Vedai", "speaker": "巴山光, Legaile, male, None", "collected": "None", "revised": "None", "video": "RukaiNr-pear_legaile.mp3"}, "s_a_span": [184.89, 200.5], "file": "Rukai_Vedai/RukaiNr-pear_legaile", "num": 75}], [76, {"ori": [], "gloss": [["...", "", ""], ["la", "then", "然後"], ["ka", "NOM", "主格"], ["mia", "like", "像"], ["kuini", "this", "這個"], ["ta-pelael-ane=li", "NMZ-say-NMZ=1SG.OBL", "名物化-說-名物化=1SG.斜格"], ["kuini", "this", "這"], ["abulru,\\", "story", "故事"]], "free": ["#e Then, (it is) like the story I say.", "#c 然後像我說的這個故事。"], "s_end": true, "iu_a_span": [200.5, 203.94], "meta": {"topic": "Pear story", "type": "Narrative", "language": "魯凱語, Rukai, Vedai", "speaker": "巴山光, Legaile, male, None", "collected": "None", "revised": "None", "video": "RukaiNr-pear_legaile.mp3"}, "s_a_span": [196.81, 203.94], "file": "Rukai_Vedai/RukaiNr-pear_legaile", "num": 76}], [77, {"ori": [], "gloss": [["..", "", ""], ["lu", "IRR", "非實現"], ["pasalrivane", "do.bad.thing", "做壞事"], ["ka", "NOM", "主格"], ["umaumase", "human", "人"], ["ma-tiakuru", "MA-poor", "可憐"], ["madu", "would", "會"], ["yakai", "EXIST", "存在"], ["ku", "NOM", "主格"], ["wabulru", "lesson", "教訓"], ["muduane", "1SG.OBL", "1SG.斜格"], ["ku,_", "NOM", "主格"]], "free": [], "s_end": false, "iu_a_span": [203.94, 208.31], "meta": {"topic": "Pear story", "type": "Narrative", "language": "魯凱語, Rukai, Vedai", "speaker": "巴山光, Legaile, male, None", "collected": "None", "revised": "None", "video": "RukaiNr-pear_legaile.mp3"}, "file": "Rukai_Vedai/RukaiNr-pear_legaile", "num": 77}], [78, {"ori": [], "gloss": [["...", "", ""], ["e", "FIL", "FIL"], ["ika", "one", "一個"], ["kadalrane", "way", "道路"], ["madu.\\", "would", "會"]], "free": ["#e This is what I learned: people would be poor if they do bad things.", "#c 人如果做壞事會很可憐，這是我學到的。"], "s_end": true, "iu_a_span": [208.31, 210.32], "meta": {"topic": "Pear story", "type": "Narrative", "language": "魯凱語, Rukai, Vedai", "speaker": "巴山光, Legaile, male, None", "collected": "None", "revised": "None", "video": "RukaiNr-pear_legaile.mp3"}, "s_a_span": [198.05, 210.32], "file": "Rukai_Vedai/RukaiNr-pear_legaile", "num": 78}], [79, {"ori": [], "gloss": [["..", "", ""], ["la", "then", "然後"], ["kuini", "this", "這"], ["tatulru", "three", "三"], ["ka", "NOM", "主格"], ["la-malala", "PL-man", "複數-男士"], ["tainge-ane", "one-NMZ", "一-名物化"], ["ka", "NOM", "主格"], ["e==,_", "FIL", "FIL"]], "free": [], "s_end": false, "iu_a_span": [210.32, 213.4], "meta": {"topic": "Pear story", "type": "Narrative", "language": "魯凱語, Rukai, Vedai", "speaker": "巴山光, Legaile, male, None", "collected": "None", "revised": "None", "video": "RukaiNr-pear_legaile.mp3"}, "file": "Rukai_Vedai/RukaiNr-pear_legaile", "num": 79}], [80, {"ori": [], "gloss": [["...", "", ""], ["e==,_", "FIL", "FIL"]], "free": [], "s_end": false, "iu_a_span": [213.4, 214.75], "meta": {"topic": "Pear story", "type": "Narrative", "language": "魯凱語, Rukai, Vedai", "speaker": "巴山光, Legaile, male, None", "collected": "None", "revised": "None", "video": "RukaiNr-pear_legaile.mp3"}, "file": "Rukai_Vedai/RukaiNr-pear_legaile", "num": 80}], [81, {"ori": [], "gloss": [["..", "", ""], ["p-<eala>-ela", "<RED>say", "<重疊>說"], ["kuini", "this", "這個"], ["ki", "OBL", "斜格"], ["alisu", "girl", "女孩"], ["tapiapiane", "follow", "順從"], ["madu", "would", "要"], ["ka", "NOM", "主格"], ["umaumase", "human", "人"], ["wa-tuma-tumane", "REAL-RED-do", "實現-重疊-做"], ["madu", "NOM", "要"], ["ka", "human", "主格"], ["umaumase.\\", "", ""]], "free": ["#e These three men is telling this girl another (way) to be a human.", "#c 這三個男士告訴這女孩另一(種)做人的(道理)。", "#n 本句發音人也無法確定真實語意為何。"], "s_end": true, "iu_a_span": [214.75, 218.77], "meta": {"topic": "Pear story", "type": "Narrative", "language": "魯凱語, Rukai, Vedai", "speaker": "巴山光, Legaile, male, None", "collected": "None", "revised": "None", "video": "RukaiNr-pear_legaile.mp3"}, "s_a_span": [200.5, 218.77], "file": "Rukai_Vedai/RukaiNr-pear_legaile", "num": 81}], [82, {"ori": [], "gloss": [["...", "", ""], ["e", "FIL", "FIL"], ["amani", "it.is.exactly", "就是"], ["kuini", "this", "這個"], ["kudra,_", "that", "那個"]], "free": [], "s_end": false, "iu_a_span": [218.77, 220.84], "meta": {"topic": "Pear story", "type": "Narrative", "language": "魯凱語, Rukai, Vedai", "speaker": "巴山光, Legaile, male, None", "collected": "None", "revised": "None", "video": "RukaiNr-pear_legaile.mp3"}, "file": "Rukai_Vedai/RukaiNr-pear_legaile", "num": 82}], [83, {"ori": [], "gloss": [["...", "", ""], ["e==,_", "FIL", "FIL"]], "free": [], "s_end": false, "iu_a_span": [220.84, 222.15], "meta": {"topic": "Pear story", "type": "Narrative", "language": "魯凱語, Rukai, Vedai", "speaker": "巴山光, Legaile, male, None", "collected": "None", "revised": "None", "video": "RukaiNr-pear_legaile.mp3"}, "file": "Rukai_Vedai/RukaiNr-pear_legaile", "num": 83}], [84, {"ori": [], "gloss": [["...", "", ""], ["nau", "want", "想要"], ["p-<ela>-ela", "<RED>say", "說"], ["kuini,_", "this", "這個"]], "free": [], "s_end": false, "iu_a_span": [222.15, 224.34], "meta": {"topic": "Pear story", "type": "Narrative", "language": "魯凱語, Rukai, Vedai", "speaker": "巴山光, Legaile, male, None", "collected": "None", "revised": "None", "video": "RukaiNr-pear_legaile.mp3"}, "file": "Rukai_Vedai/RukaiNr-pear_legaile", "num": 84}], [85, {"ori": [], "gloss": [["...", "", ""], ["e", "FIL", "FIL"], ["abubulru.\\", "story", "故事"]], "free": ["#e This is exactly the story I want to say.", "#c 這就是我想說的故事。", "#n abubulru 跟 abulru 都有故事的意涵，但前者有傳說的意味存在。"], "s_end": true, "iu_a_span": [224.34, 226.18], "meta": {"topic": "Pear story", "type": "Narrative", "language": "魯凱語, Rukai, Vedai", "speaker": "巴山光, Legaile, male, None", "collected": "None", "revised": "None", "video": "RukaiNr-pear_legaile.mp3"}, "s_a_span": [210.32, 226.18], "file": "Rukai_Vedai/RukaiNr-pear_legaile", "num": 85}], [86, {"ori": [], "gloss": [["...", "", ""], ["kudra", "that", "那個"], ["ngu-a-kai", "from-REAL-this", "從-實現-這個"], ["kuini", "this", "這個"], ["ki,_", "OBL", "斜格"]], "free": [], "s_end": false, "iu_a_span": [226.18, 227.87], "meta": {"topic": "Pear story", "type": "Narrative", "language": "魯凱語, Rukai, Vedai", "speaker": "巴山光, Legaile, male, None", "collected": "None", "revised": "None", "video": "RukaiNr-pear_legaile.mp3"}, "file": "Rukai_Vedai/RukaiNr-pear_legaile", "num": 86}], [87, {"ori": [], "gloss": [["...", "", ""], ["marudrange", "old.man", "老人"], ["kudra,_", "that", "那個"]], "free": [], "s_end": false, "iu_a_span": [227.87, 229.75], "meta": {"topic": "Pear story", "type": "Narrative", "language": "魯凱語, Rukai, Vedai", "speaker": "巴山光, Legaile, male, None", "collected": "None", "revised": "None", "video": "RukaiNr-pear_legaile.mp3"}, "file": "Rukai_Vedai/RukaiNr-pear_legaile", "num": 87}], [88, {"ori": [], "gloss": [["..", "", ""], ["kia-ka-<mura>urau", "KIA-<RED>-pomelo", "KIA-<重疊>-柚子"], ["la", "then", "然後"], ["ikai", "EXIST", "存在"], ["kudra", "that", "那個"], ["pasalriu", "crime", "犯罪"], ["iniane.\\", "3SG.OBL", "3SG.斜格"]], "free": ["#e From the old man is taking pomelo，there is that crime of other.", "#c 從這個老人採柚子，就有他人犯罪。"], "s_end": true, "iu_a_span": [229.75, 233.48], "meta": {"topic": "Pear story", "type": "Narrative", "language": "魯凱語, Rukai, Vedai", "speaker": "巴山光, Legaile, male, None", "collected": "None", "revised": "None", "video": "RukaiNr-pear_legaile.mp3"}, "s_a_span": [220.84, 233.48], "file": "Rukai_Vedai/RukaiNr-pear_legaile", "num": 88}], [89, {"ori": [], "gloss": [["..", "", ""], ["la", "then", "然後"], ["ngi-mia-lri-nga", "self-like-LRI-PFV", "自己-像-LRI-完成"], ["kuini", "this", "這個"], ["kudra", "that", "那個"], ["ta-pi-ane=ini", "NMZ-do-NMZ=3SG.GEN", "名物化-做-NMZ=3SG.屬格"], ["kadrua", "EXIST.NEG", "存在.否定"], ["kudra,_", "", ""]], "free": [], "s_end": false, "iu_a_span": [233.48, 236.03], "meta": {"topic": "Pear story", "type": "Narrative", "language": "魯凱語, Rukai, Vedai", "speaker": "巴山光, Legaile, male, None", "collected": "None", "revised": "None", "video": "RukaiNr-pear_legaile.mp3"}, "file": "Rukai_Vedai/RukaiNr-pear_legaile", "num": 89}], [90, {"ori": [], "gloss": [["..", "", ""], ["musathane=ini", "good.luck=3SG.GEN", "好運氣=3SG.屬格"], ["la", "then", "然後"], ["pi-a", "do-REAL", "做-實現"], ["kuini", "this", "這個"], ["pasalriu", "crime", "犯罪"], ["kai", "NEG", "沒有"], ["palribulu", "help", "幫助"], ["ana._", "firstly", "先"]], "free": ["#e The one who makes a crime will not have good luck", "#c 犯罪者不會有好運氣，也不會先幫忙。", "#n 此處句式混亂，發音人翻譯上有困難。"], "s_end": true, "iu_a_span": [236.03, 239.64], "meta": {"topic": "Pear story", "type": "Narrative", "language": "魯凱語, Rukai, Vedai", "speaker": "巴山光, Legaile, male, None", "collected": "None", "revised": "None", "video": "RukaiNr-pear_legaile.mp3"}, "s_a_span": [226.18, 239.64], "file": "Rukai_Vedai/RukaiNr-pear_legaile", "num": 90}], [91, {"ori": [], "gloss": [["...", "", ""], ["ki-a-saulri", "PASS-REAL-return", "被動-實現-歸還"], ["ana", "firstly", "先"], ["kuini", "this", "這個"], ["talrupunu=ini,\\", "hat=3SG.GEN", "帽子=3SG.屬格"]], "free": [], "s_end": false, "iu_a_span": [239.64, 242.65], "meta": {"topic": "Pear story", "type": "Narrative", "language": "魯凱語, Rukai, Vedai", "speaker": "巴山光, Legaile, male, None", "collected": "None", "revised": "None", "video": "RukaiNr-pear_legaile.mp3"}, "file": "Rukai_Vedai/RukaiNr-pear_legaile", "num": 91}], [92, {"ori": [], "gloss": [["..", "", ""], ["pa-u-cilr=ini.\\", "CAU-toward-down=3SG.GEN", "使役-向-下=3SG.屬格"]], "free": ["#e His hat which dropped is return firstly.", "#c 他掉的帽子先被歸還。"], "s_end": true, "iu_a_span": [242.65, 243.88], "meta": {"topic": "Pear story", "type": "Narrative", "language": "魯凱語, Rukai, Vedai", "speaker": "巴山光, Legaile, male, None", "collected": "None", "revised": "None", "video": "RukaiNr-pear_legaile.mp3"}, "s_a_span": [229.75, 243.88], "file": "Rukai_Vedai/RukaiNr-pear_legaile", "num": 92}], [93, {"ori": [], "gloss": [["...", "", ""], ["la,_", "then", "然後"]], "free": [], "s_end": false, "iu_a_span": [243.88, 244.81], "meta": {"topic": "Pear story", "type": "Narrative", "language": "魯凱語, Rukai, Vedai", "speaker": "巴山光, Legaile, male, None", "collected": "None", "revised": "None", "video": "RukaiNr-pear_legaile.mp3"}, "file": "Rukai_Vedai/RukaiNr-pear_legaile", "num": 93}], [94, {"ori": [], "gloss": [["..", "", ""], ["tainge-ane", "one-NMZ", "一-名物化"], ["ka", "NOM", "主格"], ["sa-pu-ki-dreme-drem-ane", "NMZ-put-KI-RED-heart-NMZ", "名物化-放-KI-重疊-心-名物化"], ["ki", "OBL", "斜格"], ["e,_", "FIL", "FIL"]], "free": [], "s_end": false, "iu_a_span": [244.81, 247.19], "meta": {"topic": "Pear story", "type": "Narrative", "language": "魯凱語, Rukai, Vedai", "speaker": "巴山光, Legaile, male, None", "collected": "None", "revised": "None", "video": "RukaiNr-pear_legaile.mp3"}, "file": "Rukai_Vedai/RukaiNr-pear_legaile", "num": 94}], [95, {"ori": [], "gloss": [["...", "", ""], ["e==,_", "FIL", "FIL"]], "free": [], "s_end": false, "iu_a_span": [247.19, 248.47], "meta": {"topic": "Pear story", "type": "Narrative", "language": "魯凱語, Rukai, Vedai", "speaker": "巴山光, Legaile, male, None", "collected": "None", "revised": "None", "video": "RukaiNr-pear_legaile.mp3"}, "file": "Rukai_Vedai/RukaiNr-pear_legaile", "num": 95}], [96, {"ori": [], "gloss": [["..", "", ""], ["amani", "it.is.exactly", "就是"], ["ku", "NOM", "主格"], ["pa-iya", "do-say", "做-說"], ["kuini,_", "this", "這個"]], "free": [], "s_end": false, "iu_a_span": [248.47, 250.02], "meta": {"topic": "Pear story", "type": "Narrative", "language": "魯凱語, Rukai, Vedai", "speaker": "巴山光, Legaile, male, None", "collected": "None", "revised": "None", "video": "RukaiNr-pear_legaile.mp3"}, "file": "Rukai_Vedai/RukaiNr-pear_legaile", "num": 96}], [97, {"ori": [], "gloss": [["..", "", ""], ["ku", "OBL", "斜格"], ["pasalriu", "crime", "犯罪"], ["ku", "OBL", "斜格"], ["ta-ka-umaumas-ane=ini.\\", "NMZ-KA-human-NMZ=3SG.GEN", "名物化-KA-人-名物化=3SG.屬格"]], "free": ["#e (Another thing) should be put in mind is exactly that his personality will make crimes.", "#c 另一件要放在心上(的事)就是說他的個性會犯罪。", "#n 此句發音人無法完全保證是對的，需再確認。"], "s_end": true, "iu_a_span": [250.02, 251.94], "meta": {"topic": "Pear story", "type": "Narrative", "language": "魯凱語, Rukai, Vedai", "speaker": "巴山光, Legaile, male, None", "collected": "None", "revised": "None", "video": "RukaiNr-pear_legaile.mp3"}, "s_a_span": [236.03, 251.94], "file": "Rukai_Vedai/RukaiNr-pear_legaile", "num": 97}], [99, {"ori": [], "gloss": [["...", "", ""], ["a-iya-ane=li._", "NMZ-say-NMZ=1SG.GEN", "名物化-說-名物化=1SG.屬格"]], "free": ["#e (This is) what I left to say.", "#c (這就是)剩下我要說的。", "#n kasane是「剩下」之意。"], "s_end": true, "iu_a_span": [253.26, 254.61], "meta": {"topic": "Pear story", "type": "Narrative", "language": "魯凱語, Rukai, Vedai", "speaker": "巴山光, Legaile, male, None", "collected": "None", "revised": "None", "video": "RukaiNr-pear_legaile.mp3"}, "s_a_span": [247.19, 254.61], "file": "Rukai_Vedai/RukaiNr-pear_legaile", "num": 99}], [100, {"ori": [], "gloss": [["..", "", ""], ["ma-kakelrete", "MA-enough", "MA-足夠"], ["kuini", "this", "這個"], ["ta-iya-ane=li.\\", "NMZ-say-NMZ=1SG.NOM", "名物化-說-名物化=1SG.屬格"]], "free": ["#e My saying is enough.", "#c 我要說的足夠了。"], "s_end": true, "iu_a_span": [254.61, 256.28], "meta": {"topic": "Pear story", "type": "Narrative", "language": "魯凱語, Rukai, Vedai", "speaker": "巴山光, Legaile, male, None", "collected": "None", "revised": "None", "video": "RukaiNr-pear_legaile.mp3"}, "s_a_span": [248.47, 256.28], "file": "Rukai_Vedai/RukaiNr-pear_legaile", "num": 100}], [101, {"ori": [], "gloss": [["..", "", ""], ["malalenga.\\", "thanks", "謝謝"]], "free": ["#e Thanks.", "#c 謝謝。"], "s_end": true, "iu_a_span": [256.28, 257.04], "meta": {"topic": "Pear story", "type": "Narrative", "language": "魯凱語, Rukai, Vedai", "speaker": "巴山光, Legaile, male, None", "collected": "None", "revised": "None", "video": "RukaiNr-pear_legaile.mp3"}, "s_a_span": [250.02, 257.04], "file": "Rukai_Vedai/RukaiNr-pear_legaile", "num": 101}], [102, {"ori": [], "gloss": [["..", "", ""], ["<L2Mhao", "OK", "好"], ["wanbiL2M>.\\", "finish", "完畢"]], "free": ["#e OK, (it is) finished.", "#c 好，完畢。"], "s_end": true, "iu_a_span": [257.04, 257.66], "meta": {"topic": "Pear story", "type": "Narrative", "language": "魯凱語, Rukai, Vedai", "speaker": "巴山光, Legaile, male, None", "collected": "None", "revised": "None", "video": "RukaiNr-pear_legaile.mp3"}, "s_a_span": [251.94, 257.66], "file": "Rukai_Vedai/RukaiNr-pear_legaile", "num": 102}]], "meta": {"topic": "Pear story", "type": "Narrative", "language": "魯凱語, Rukai, Vedai", "speaker": "巴山光, Legaile, male, None", "collected": "None", "revised": "None", "video": "RukaiNr-pear_legaile.mp3"}}