{"glosses": [[1, {"ori": [], "gloss": [["..", "", ""], ["yakai", "EXIST", "存在"], ["kudra", "that", "那"], ["tatama", "middle.age.guy", "中年男子"], ["si._", "CONJ", "連接詞"]], "free": ["#e There is an middle-aged guy.", "#c 有一位中年男子。"], "s_end": true, "iu_a_span": [11.2, 13.07], "meta": {"topic": "pear story", "type": "Narrative", "language": "魯凱語, Rukai, Vedai", "speaker": "巴清一, unknown, male, None", "collected": "2004-04-22", "revised": "2013-3-7", "video": "RukaiNr-pear_ba ching-i.mp3"}, "s_a_span": [11.2, 13.07], "file": "Rukai_Vedai/RukaiNr-pear_ba ching-i", "num": 1}], [2, {"ori": [], "gloss": [["..", "", ""], ["la", "then", "然後"], ["ki-ragai", "KI-happy", "KI-快樂"], ["si", "CONJ", "然後"], ["ka-tuase", "KA-walk.away", "KA-走開"], ["mu-lregelrege,_", "go-mountain", "去-山上"]], "free": [], "s_end": false, "iu_a_span": [13.07, 16.0], "meta": {"topic": "pear story", "type": "Narrative", "language": "魯凱語, Rukai, Vedai", "speaker": "巴清一, unknown, male, None", "collected": "2004-04-22", "revised": "2013-3-7", "video": "RukaiNr-pear_ba ching-i.mp3"}, "file": "Rukai_Vedai/RukaiNr-pear_ba ching-i", "num": 2}], [3, {"ori": [], "gloss": [["..", "", ""], ["lri", "IRR", "非實現"], ["ki-tukunui.\\", "KI-jelly", "KI-愛玉"]], "free": ["#e He walks to the mountain happily to pick jelly.", "#c (他)快樂地走去山上採愛玉。"], "s_end": true, "iu_a_span": [16.0, 17.2], "meta": {"topic": "pear story", "type": "Narrative", "language": "魯凱語, Rukai, Vedai", "speaker": "巴清一, unknown, male, None", "collected": "2004-04-22", "revised": "2013-3-7", "video": "RukaiNr-pear_ba ching-i.mp3"}, "s_a_span": [13.07, 17.2], "file": "Rukai_Vedai/RukaiNr-pear_ba ching-i", "num": 3}], [4, {"ori": [], "gloss": [["...(1.0)", "", ""], ["sa", "when", "當"], ["ki-tu<kunu>kunui", "take<RED>jelly", "採<重疊>愛玉"], ["yaie,\\", "DM", "DM"]], "free": [], "s_end": false, "iu_a_span": [17.2, 19.84], "meta": {"topic": "pear story", "type": "Narrative", "language": "魯凱語, Rukai, Vedai", "speaker": "巴清一, unknown, male, None", "collected": "2004-04-22", "revised": "2013-3-7", "video": "RukaiNr-pear_ba ching-i.mp3"}, "file": "Rukai_Vedai/RukaiNr-pear_ba ching-i", "num": 4}], [5, {"ori": [], "gloss": [["...", "", ""], ["la", "then", "然後"], ["ki-raka-rakai", "KI-RED-happy", "KI-重疊-快樂"], ["si", "CONJ", "連接詞"], ["malra-malra.\\", "RED-take", "重疊-拿"]], "free": ["#e When he is taking the jelly, he is happy.", "#c 當(他)採愛玉的時候，他邊採邊自得其樂。", "#n 製作愛玉是魯凱的專門技術之一，發音人父親(Tingangurucu)(頭目)的獵場有產愛玉。"], "s_end": true, "iu_a_span": [19.84, 22.52], "meta": {"topic": "pear story", "type": "Narrative", "language": "魯凱語, Rukai, Vedai", "speaker": "巴清一, unknown, male, None", "collected": "2004-04-22", "revised": "2013-3-7", "video": "RukaiNr-pear_ba ching-i.mp3"}, "s_a_span": [17.2, 22.52], "file": "Rukai_Vedai/RukaiNr-pear_ba ching-i", "num": 5}], [6, {"ori": [], "gloss": [["...", "", ""], ["labu-labutu", "RED-pull", "重疊-拔"], ["si,_", "CONJ", "連接詞"]], "free": [], "s_end": false, "iu_a_span": [22.52, 24.16], "meta": {"topic": "pear story", "type": "Narrative", "language": "魯凱語, Rukai, Vedai", "speaker": "巴清一, unknown, male, None", "collected": "2004-04-22", "revised": "2013-3-7", "video": "RukaiNr-pear_ba ching-i.mp3"}, "file": "Rukai_Vedai/RukaiNr-pear_ba ching-i", "num": 6}], [7, {"ori": [], "gloss": [["...(0.9)", "", ""], ["la", "then", "然後"], ["kai", "NEG", "否定"], ["kilangai", "sell", "賣"], ["si._", "CONJ", "連接詞"]], "free": ["#e (He) pulls it but does not sell it.", "#c 他採了卻沒賣。"], "s_end": true, "iu_a_span": [24.16, 26.53], "meta": {"topic": "pear story", "type": "Narrative", "language": "魯凱語, Rukai, Vedai", "speaker": "巴清一, unknown, male, None", "collected": "2004-04-22", "revised": "2013-3-7", "video": "RukaiNr-pear_ba ching-i.mp3"}, "s_a_span": [22.52, 26.53], "file": "Rukai_Vedai/RukaiNr-pear_ba ching-i", "num": 7}], [8, {"ori": [], "gloss": [["..", "", ""], ["la", "then", "然後"], ["kai", "this", "這"], ["kuini", "this", "這"], ["amia", "say", "說"], ["si", "CONJ", "連接詞"], ["la", "then", "然後"], ["kai", "this", "這"], ["kuini", "this", "這"], ["la", "then", "然後"], ["iya.\\", "say", "說"]], "free": ["#e Then (he) say this is here…and this is here.", "#c 然後就說(放)這在那裏…這在那裏。", "#n 魯凱語指示形容詞的遠近關係 kai<kuini<kavai(看的見)<kudra(看不到)<ka^vai(相當遠)。"], "s_end": true, "iu_a_span": [26.53, 29.45], "meta": {"topic": "pear story", "type": "Narrative", "language": "魯凱語, Rukai, Vedai", "speaker": "巴清一, unknown, male, None", "collected": "2004-04-22", "revised": "2013-3-7", "video": "RukaiNr-pear_ba ching-i.mp3"}, "s_a_span": [26.53, 29.45], "file": "Rukai_Vedai/RukaiNr-pear_ba ching-i", "num": 8}], [9, {"ori": [], "gloss": [["...(1.0)", "", ""], ["ala", "then", "然後"], ["kela", "come", "來"], ["kudra", "that", "那個"], ["la-lalake=ini", "PL-child=3SG.GEN", "複數-小孩=3SG.屬格"], ["si,\\", "SI", "SI"]], "free": [], "s_end": false, "iu_a_span": [29.45, 32.61], "meta": {"topic": "pear story", "type": "Narrative", "language": "魯凱語, Rukai, Vedai", "speaker": "巴清一, unknown, male, None", "collected": "2004-04-22", "revised": "2013-3-7", "video": "RukaiNr-pear_ba ching-i.mp3"}, "file": "Rukai_Vedai/RukaiNr-pear_ba ching-i", "num": 9}], [10, {"ori": [], "gloss": [["...(0.8)", "", ""], ["malra", "take", "採"], ["kuini", "this", "這"], ["tukunui.\\", "jelly", "愛玉"]], "free": ["#e Then his children come to pick jelly.", "#c 然後他的小孩來了採愛玉", "#n vavalake: 無特定父母的小孩，lalake是專指特定父母的小孩。"], "s_end": true, "iu_a_span": [32.61, 35.33], "meta": {"topic": "pear story", "type": "Narrative", "language": "魯凱語, Rukai, Vedai", "speaker": "巴清一, unknown, male, None", "collected": "2004-04-22", "revised": "2013-3-7", "video": "RukaiNr-pear_ba ching-i.mp3"}, "s_a_span": [29.45, 35.33], "file": "Rukai_Vedai/RukaiNr-pear_ba ching-i", "num": 10}], [11, {"ori": [], "gloss": [["...(1.0)", "", ""], ["kudra", "that", "那個"], ["lalake=ini", "child=3SG.GEN", "小孩=3SG.屬格"], ["la", "then", "然後"], ["ki<sai><sai>sange", "<RED><RED>count", "<重疊><重疊>數"], ["kudra._", "that", "那個"]], "free": ["#e His child then count the jelly.", "#c 那他的小孩然後就算那(愛玉)。"], "s_end": true, "iu_a_span": [35.33, 38.72], "meta": {"topic": "pear story", "type": "Narrative", "language": "魯凱語, Rukai, Vedai", "speaker": "巴清一, unknown, male, None", "collected": "2004-04-22", "revised": "2013-3-7", "video": "RukaiNr-pear_ba ching-i.mp3"}, "s_a_span": [35.33, 38.72], "file": "Rukai_Vedai/RukaiNr-pear_ba ching-i", "num": 11}], [12, {"ori": [], "gloss": [["...", "", ""], ["lu", "IRR", "非實現"], ["langadha-", "FS", "FS"], ["ku", "OBL", "斜格"], ["lu", "IRR", "非實現"], ["ki-langadha", "PASS-buy", "被動-買"], ["ku,_", "OBL", "斜格"]], "free": [], "s_end": false, "iu_a_span": [38.72, 41.71], "meta": {"topic": "pear story", "type": "Narrative", "language": "魯凱語, Rukai, Vedai", "speaker": "巴清一, unknown, male, None", "collected": "2004-04-22", "revised": "2013-3-7", "video": "RukaiNr-pear_ba ching-i.mp3"}, "file": "Rukai_Vedai/RukaiNr-pear_ba ching-i", "num": 12}], [13, {"ori": [], "gloss": [["...", "", ""], ["ki-langadh=aku", "PASS-buy=1SG.NOM", "被動-買=1SG.主格"], ["ku", "OBL", "斜格"], ["dititiusa=li._", "car=1SG.GEN", "車=1SG.屬格"]], "free": ["#e I sell my car.", "#c 我賣我的車。"], "s_end": true, "iu_a_span": [41.71, 43.87], "meta": {"topic": "pear story", "type": "Narrative", "language": "魯凱語, Rukai, Vedai", "speaker": "巴清一, unknown, male, None", "collected": "2004-04-22", "revised": "2013-3-7", "video": "RukaiNr-pear_ba ching-i.mp3"}, "s_a_span": [38.72, 43.87], "file": "Rukai_Vedai/RukaiNr-pear_ba ching-i", "num": 13}], [14, {"ori": [], "gloss": [["..", "", ""], ["langadha", "buy", "買"], ["ku", "OBL", "斜格"], ["mane-mane-li", "RED-what=1SG.GEN", "重疊-甚麼=1SG.屬格"], ["la", "then", "然後"], ["iya", "say", "說"], ["si.\\", "SI", "SI"]], "free": ["#e Then (he) say “what (should) I buy?”", "#c 然後(他)說我要買甚麼東西呢?", "#n kisange是外來語。"], "s_end": true, "iu_a_span": [43.87, 45.67], "meta": {"topic": "pear story", "type": "Narrative", "language": "魯凱語, Rukai, Vedai", "speaker": "巴清一, unknown, male, None", "collected": "2004-04-22", "revised": "2013-3-7", "video": "RukaiNr-pear_ba ching-i.mp3"}, "s_a_span": [43.87, 45.67], "file": "Rukai_Vedai/RukaiNr-pear_ba ching-i", "num": 14}], [15, {"ori": [], "gloss": [["...(0.9)", "", ""], ["la", "then", "然後"], ["ka-tua-tuase,_", "KA-RED-walk.away", "KA-重疊-走開"]], "free": [], "s_end": false, "iu_a_span": [45.67, 48.32], "meta": {"topic": "pear story", "type": "Narrative", "language": "魯凱語, Rukai, Vedai", "speaker": "巴清一, unknown, male, None", "collected": "2004-04-22", "revised": "2013-3-7", "video": "RukaiNr-pear_ba ching-i.mp3"}, "file": "Rukai_Vedai/RukaiNr-pear_ba ching-i", "num": 15}], [16, {"ori": [], "gloss": [["...(1.3)", "", ""], ["ala", "then", "然後"], ["ma-dre-dresenge", "MA-RED-bump", "MA-重疊-碰到"], ["kuini", "this", "這"], ["ki", "OBL", "斜格"], ["lrilriki=li", "bicycle=1SG.GEN", "bicycle=1SG.屬格"], ["si._", "SI", "SI"]], "free": ["#e When leaving, (they) bumped into my bike.", "#c 離開時，(他們)撞到了我的腳踏車。"], "s_end": true, "iu_a_span": [48.32, 52.59], "meta": {"topic": "pear story", "type": "Narrative", "language": "魯凱語, Rukai, Vedai", "speaker": "巴清一, unknown, male, None", "collected": "2004-04-22", "revised": "2013-3-7", "video": "RukaiNr-pear_ba ching-i.mp3"}, "s_a_span": [45.67, 52.59], "file": "Rukai_Vedai/RukaiNr-pear_ba ching-i", "num": 16}], [17, {"ori": [], "gloss": [["...(0.8)", "", ""], ["kudra", "that", "that"], ["ililuku=ini", "carry=3PL.GEN", "帶=3PL.屬格"], ["ku==,_", "OBL", "斜格"]], "free": [], "s_end": false, "iu_a_span": [52.59, 55.37], "meta": {"topic": "pear story", "type": "Narrative", "language": "魯凱語, Rukai, Vedai", "speaker": "巴清一, unknown, male, None", "collected": "2004-04-22", "revised": "2013-3-7", "video": "RukaiNr-pear_ba ching-i.mp3"}, "file": "Rukai_Vedai/RukaiNr-pear_ba ching-i", "num": 17}], [18, {"ori": [], "gloss": [["...(1.2)", "", ""], ["tukunui,_", "jelly", "愛玉"]], "free": [], "s_end": false, "iu_a_span": [55.37, 57.42], "meta": {"topic": "pear story", "type": "Narrative", "language": "魯凱語, Rukai, Vedai", "speaker": "巴清一, unknown, male, None", "collected": "2004-04-22", "revised": "2013-3-7", "video": "RukaiNr-pear_ba ching-i.mp3"}, "file": "Rukai_Vedai/RukaiNr-pear_ba ching-i", "num": 18}], [19, {"ori": [], "gloss": [["...", "", ""], ["la", "then", "然後"], ["mu,_", "go", "去"]], "free": [], "s_end": false, "iu_a_span": [57.42, 59.26], "meta": {"topic": "pear story", "type": "Narrative", "language": "魯凱語, Rukai, Vedai", "speaker": "巴清一, unknown, male, None", "collected": "2004-04-22", "revised": "2013-3-7", "video": "RukaiNr-pear_ba ching-i.mp3"}, "file": "Rukai_Vedai/RukaiNr-pear_ba ching-i", "num": 19}], [20, {"ori": [], "gloss": [["...(0.8)", "", ""], ["gugu", "fell", "掉落"], ["patelre", "all", "所有"], ["mu-a", "go-REAL", "去-實現"], ["ki", "OBL", "斜格"], ["kadalranane.\\", "road", "路上"]], "free": ["#e All the jelly they carry fall to the ground.", "#c 他們所帶的愛玉全部撒在馬路上。"], "s_end": true, "iu_a_span": [59.26, 62.41], "meta": {"topic": "pear story", "type": "Narrative", "language": "魯凱語, Rukai, Vedai", "speaker": "巴清一, unknown, male, None", "collected": "2004-04-22", "revised": "2013-3-7", "video": "RukaiNr-pear_ba ching-i.mp3"}, "s_a_span": [52.59, 62.41], "file": "Rukai_Vedai/RukaiNr-pear_ba ching-i", "num": 20}], [21, {"ori": [], "gloss": [["...(1.4)", "", ""], ["ala", "then", "然後"], ["kirimu", "quickly", "很快"], ["maka-u-riva-riva", "REC-MANNER-RED-say", "互相-方式-重疊-說"], ["kuini", "this", "這"], ["ma-dra-dresenge=ini", "MA-Ca-bump=3SG.GEN", "MA-Ca-撞=3SG.屬格"], ["si,_", "CONJ", "然後"]], "free": [], "s_end": false, "iu_a_span": [62.41, 66.61], "meta": {"topic": "pear story", "type": "Narrative", "language": "魯凱語, Rukai, Vedai", "speaker": "巴清一, unknown, male, None", "collected": "2004-04-22", "revised": "2013-3-7", "video": "RukaiNr-pear_ba ching-i.mp3"}, "file": "Rukai_Vedai/RukaiNr-pear_ba ching-i", "num": 21}], [22, {"ori": [], "gloss": [["...(0.7)", "", ""], ["la", "then", "然後"], ["siluidu", "pick.up", "撿起"], ["patelre", "all", "全部"], ["kuini", "this", "這"], ["tukunui.\\", "jelly", "愛玉"]], "free": ["#e Then they discussed about the accident and then pick up all the jelly.", "#c 然後他們互相討論這意外然後把全部的愛玉撿起來。"], "s_end": true, "iu_a_span": [66.61, 70.49], "meta": {"topic": "pear story", "type": "Narrative", "language": "魯凱語, Rukai, Vedai", "speaker": "巴清一, unknown, male, None", "collected": "2004-04-22", "revised": "2013-3-7", "video": "RukaiNr-pear_ba ching-i.mp3"}, "s_a_span": [62.41, 70.49], "file": "Rukai_Vedai/RukaiNr-pear_ba ching-i", "num": 22}], [23, {"ori": [], "gloss": [["...(0.8)", "", ""], ["la", "then", "然後"], ["pu-a", "put-REAL", "放-實現"], ["ki,_", "OBL", "斜格"]], "free": [], "s_end": false, "iu_a_span": [70.49, 72.74], "meta": {"topic": "pear story", "type": "Narrative", "language": "魯凱語, Rukai, Vedai", "speaker": "巴清一, unknown, male, None", "collected": "2004-04-22", "revised": "2013-3-7", "video": "RukaiNr-pear_ba ching-i.mp3"}, "file": "Rukai_Vedai/RukaiNr-pear_ba ching-i", "num": 23}], [24, {"ori": [], "gloss": [["...", "", ""], ["karadrare", "basket", "籃子"], ["saulri", "put.it.back", "放回"], ["si,\\", "SI", "SI"]], "free": [], "s_end": false, "iu_a_span": [72.74, 74.66], "meta": {"topic": "pear story", "type": "Narrative", "language": "魯凱語, Rukai, Vedai", "speaker": "巴清一, unknown, male, None", "collected": "2004-04-22", "revised": "2013-3-7", "video": "RukaiNr-pear_ba ching-i.mp3"}, "file": "Rukai_Vedai/RukaiNr-pear_ba ching-i", "num": 24}], [25, {"ori": [], "gloss": [["...", "", ""], ["la", "then", "然後"], ["maka-u-riva-riva", "REC-MANNER-RED-say", "互相-方式-重疊-說"], ["si", "CONJ", "連接詞"], ["kai", "not.well", "不好"], ["makadaudalru", "CONJ", "連接詞"], ["si", "NEG", "否定"], ["kai", "FS", "FS"], ["makau--", "FIL", "FIL"], ["e,_", "", ""]], "free": [], "s_end": false, "iu_a_span": [74.66, 79.37], "meta": {"topic": "pear story", "type": "Narrative", "language": "魯凱語, Rukai, Vedai", "speaker": "巴清一, unknown, male, None", "collected": "2004-04-22", "revised": "2013-3-7", "video": "RukaiNr-pear_ba ching-i.mp3"}, "file": "Rukai_Vedai/RukaiNr-pear_ba ching-i", "num": 25}], [26, {"ori": [], "gloss": [["..", "", ""], ["maka-li-lisi.\\", "REC-RED-bad", "互相-重疊-壞"]], "free": ["#e (They) put (it) back to the basket; they discussed and have no argument.", "#c (他們)把它放回籃子裡，然後他們溝通，(然後)沒有吵架。"], "s_end": true, "iu_a_span": [79.37, 80.42], "meta": {"topic": "pear story", "type": "Narrative", "language": "魯凱語, Rukai, Vedai", "speaker": "巴清一, unknown, male, None", "collected": "2004-04-22", "revised": "2013-3-7", "video": "RukaiNr-pear_ba ching-i.mp3"}, "s_a_span": [70.49, 80.42], "file": "Rukai_Vedai/RukaiNr-pear_ba ching-i", "num": 26}], [27, {"ori": [], "gloss": [["...", "", ""], ["la", "then", "然後"], ["ma-tuki", "MA-become", "MA-變成"], ["raga-ragai", "RED-happy", "重疊-快樂"], ["makanaelre", "everyone", "每個人"], ["si,\\", "CONJ", "連接詞"]], "free": [], "s_end": false, "iu_a_span": [80.42, 83.58], "meta": {"topic": "pear story", "type": "Narrative", "language": "魯凱語, Rukai, Vedai", "speaker": "巴清一, unknown, male, None", "collected": "2004-04-22", "revised": "2013-3-7", "video": "RukaiNr-pear_ba ching-i.mp3"}, "file": "Rukai_Vedai/RukaiNr-pear_ba ching-i", "num": 27}], [28, {"ori": [], "gloss": [["...", "", ""], ["ma-u<va>vagai._", "MA-<RED>leave", "MA-<重疊>離開"]], "free": ["#e Then everyone is happy and leaving.", "#c 然後每個人(都)快樂然後離開。"], "s_end": true, "iu_a_span": [83.58, 84.83], "meta": {"topic": "pear story", "type": "Narrative", "language": "魯凱語, Rukai, Vedai", "speaker": "巴清一, unknown, male, None", "collected": "2004-04-22", "revised": "2013-3-7", "video": "RukaiNr-pear_ba ching-i.mp3"}, "s_a_span": [80.42, 84.83], "file": "Rukai_Vedai/RukaiNr-pear_ba ching-i", "num": 28}], [29, {"ori": [], "gloss": [["...", "", ""], ["sa", "when", "當"], ["ka", "KA", "KA"], ["bilrilane-nga", "final-PFV", "最後-完成"], ["kuini", "this", "這"], ["tatama", "middle.age.guy", "中年男子"], ["ala", "then", "然後"], ["kela", "come", "來"], ["si,\\", "SI", "SI"]], "free": [], "s_end": false, "iu_a_span": [84.83, 88.27], "meta": {"topic": "pear story", "type": "Narrative", "language": "魯凱語, Rukai, Vedai", "speaker": "巴清一, unknown, male, None", "collected": "2004-04-22", "revised": "2013-3-7", "video": "RukaiNr-pear_ba ching-i.mp3"}, "file": "Rukai_Vedai/RukaiNr-pear_ba ching-i", "num": 29}], [30, {"ori": [], "gloss": [["...", "", ""], ["ki-tukunui-nga", "KI-jelly-PFV", "KI-愛玉-完成"], ["si._", "SI", "SI"]], "free": ["#e Finally, the middle aged guy come and has finished take the jelly.", "#c 最後這位中年男子來了並採了愛玉。"], "s_end": true, "iu_a_span": [88.27, 89.66], "meta": {"topic": "pear story", "type": "Narrative", "language": "魯凱語, Rukai, Vedai", "speaker": "巴清一, unknown, male, None", "collected": "2004-04-22", "revised": "2013-3-7", "video": "RukaiNr-pear_ba ching-i.mp3"}, "s_a_span": [84.83, 89.66], "file": "Rukai_Vedai/RukaiNr-pear_ba ching-i", "num": 30}], [31, {"ori": [], "gloss": [["...", "", ""], ["ala", "then", "然後"], ["mulalibake-nga", "lucky-PFV", "幸運-完成"], ["si", "CONJ", "連接詞"], ["kai", "NEG", "否定"], ["kirimu-nga==,\\", "become-PFV", "變成-完成"]], "free": [], "s_end": false, "iu_a_span": [89.66, 93.0], "meta": {"topic": "pear story", "type": "Narrative", "language": "魯凱語, Rukai, Vedai", "speaker": "巴清一, unknown, male, None", "collected": "2004-04-22", "revised": "2013-3-7", "video": "RukaiNr-pear_ba ching-i.mp3"}, "file": "Rukai_Vedai/RukaiNr-pear_ba ching-i", "num": 31}], [32, {"ori": [], "gloss": [["...(1.6)", "", ""], ["ki-lisi-ane", "KI-bad-NMZ", "KI-壞-名物化"], ["ku", "OBL", "斜格"], ["ta-salri-anel-ini", "NMZ-transport-NMZ-3PL.GEN", "名物化-搬運-名物化-3PL.屬格"], ["si.\\", "SI", "SI"]], "free": ["#e Luckily, there is no accident happened in their transportation.", "#c 很幸運的，在他們搬運當中沒有發生不幸的事件。"], "s_end": true, "iu_a_span": [93.0, 96.88], "meta": {"topic": "pear story", "type": "Narrative", "language": "魯凱語, Rukai, Vedai", "speaker": "巴清一, unknown, male, None", "collected": "2004-04-22", "revised": "2013-3-7", "video": "RukaiNr-pear_ba ching-i.mp3"}, "s_a_span": [89.66, 96.88], "file": "Rukai_Vedai/RukaiNr-pear_ba ching-i", "num": 32}], [33, {"ori": [], "gloss": [["...(0.7)", "", ""], ["ala", "then", "然後"], ["ki-raga-ragai-nga", "KI-RED-happy", "KI-重疊-快樂"], ["si,\\", "CONJ", "重疊"]], "free": [], "s_end": false, "iu_a_span": [96.88, 99.55], "meta": {"topic": "pear story", "type": "Narrative", "language": "魯凱語, Rukai, Vedai", "speaker": "巴清一, unknown, male, None", "collected": "2004-04-22", "revised": "2013-3-7", "video": "RukaiNr-pear_ba ching-i.mp3"}, "file": "Rukai_Vedai/RukaiNr-pear_ba ching-i", "num": 33}], [34, {"ori": [], "gloss": [["...(1.1)", "", ""], ["la", "then", "然後"], ["ki-ragai-nga", "KI-happy-PFV", "KI-快樂-完成"], ["kudra", "that", "那個"], ["ma-dradresengel=ini", "MA-bump-3PL.GEN", "MA-撞到-3PL.屬格"], ["kai", "NEG", "否定"], ["kilrimu", "become", "變成"], ["maka-thau-thauru._", "REC-RED-attack", "互相-重疊-攻擊"]], "free": ["#e They are all very happy that (the person) they bumped does not attack (them).", "#c 他們都很快樂那個他們撞到(的人)沒有變成攻擊(他們)。"], "s_end": true, "iu_a_span": [99.55, 104.72], "meta": {"topic": "pear story", "type": "Narrative", "language": "魯凱語, Rukai, Vedai", "speaker": "巴清一, unknown, male, None", "collected": "2004-04-22", "revised": "2013-3-7", "video": "RukaiNr-pear_ba ching-i.mp3"}, "s_a_span": [96.88, 104.72], "file": "Rukai_Vedai/RukaiNr-pear_ba ching-i", "num": 34}], [35, {"ori": [], "gloss": [["...", "", ""], ["la", "then", "然後"], ["ki-ragai", "KI-happy", "KI-快樂"], ["kuini", "this", "this"], ["pi-tukunui-ane", "have-jelly-NMZ", "擁有-愛玉-名物化"], ["si", "CONJ", "連接詞"], ["la", "then", "然後"], ["ki-langai.\\", "PASS-buy", "被動-買"]], "free": ["#e Then the owner of the jelly sells the jelly happily.", "#c 然後愛玉的擁有者就把愛玉賣了，很快樂。"], "s_end": true, "iu_a_span": [104.72, 108.71], "meta": {"topic": "pear story", "type": "Narrative", "language": "魯凱語, Rukai, Vedai", "speaker": "巴清一, unknown, male, None", "collected": "2004-04-22", "revised": "2013-3-7", "video": "RukaiNr-pear_ba ching-i.mp3"}, "s_a_span": [104.72, 108.71], "file": "Rukai_Vedai/RukaiNr-pear_ba ching-i", "num": 35}], [36, {"ori": [], "gloss": [["...", "", ""], ["la", "then", "然後"], ["maka", "MAKA", "MAKA"], ["pangimya", "finish", "完成"], ["ku,_", "OBL", "斜格"]], "free": [], "s_end": false, "iu_a_span": [108.71, 110.79], "meta": {"topic": "pear story", "type": "Narrative", "language": "魯凱語, Rukai, Vedai", "speaker": "巴清一, unknown, male, None", "collected": "2004-04-22", "revised": "2013-3-7", "video": "RukaiNr-pear_ba ching-i.mp3"}, "file": "Rukai_Vedai/RukaiNr-pear_ba ching-i", "num": 36}], [37, {"ori": [], "gloss": [["...(0.7)", "", ""], ["ki", "OBL", "斜格"], ["dreme-dreme-lini.\\", "RED-heart-3PL.GEN", "重疊-心-3PL.屬格"]], "free": ["#e Then (they) finish their thinking.", "#c 然後他們完成他們心中所想之事。"], "s_end": true, "iu_a_span": [110.79, 112.68], "meta": {"topic": "pear story", "type": "Narrative", "language": "魯凱語, Rukai, Vedai", "speaker": "巴清一, unknown, male, None", "collected": "2004-04-22", "revised": "2013-3-7", "video": "RukaiNr-pear_ba ching-i.mp3"}, "s_a_span": [108.71, 112.68], "file": "Rukai_Vedai/RukaiNr-pear_ba ching-i", "num": 37}]], "meta": {"topic": "pear story", "type": "Narrative", "language": "魯凱語, Rukai, Vedai", "speaker": "巴清一, unknown, male, None", "collected": "2004-04-22", "revised": "2013-3-7", "video": "RukaiNr-pear_ba ching-i.mp3"}}