{"glosses": [[1, {"ori": ["...(3.6)", "yakay", "kudra==", "ta-tama.\\"], "gloss": [["EXSIT", "", ""], ["that", "存在", "相似詞為tutumu老爺爺"], ["Ca-father", "", ""]], "free": ["#e There was a old man.", "#c 有一個老人", "#n tama 為父親，tatama 指老人或老爸爸，但不用在家人身上，專指其他的老先生。"], "s_end": true, "iu_a_span": [3.64, 5.73], "meta": {"topic": "pear story", "type": "Narrative", "language": "魯凱語, Rukai, Vedai", "speaker": "何維豪, Wauki, male, 1933-02-02", "collected": "2009-05-25", "revised": "2013-3-14", "video": "RukaiNr-pear_wauki.mp3"}, "s_a_span": [3.64, 5.73], "file": "Rukai_Vedai/RukaiNr-pear_wauki", "num": 1}], [2, {"ori": [], "gloss": [["...", "", ""], ["la", "DM", "DM"], ["ka-tuwase==", "KA-離開", "KA-leave"], ["mua", "去", "go"], ["kudra", "那個", "that"], ["ki==", "斜格", "OBL"], ["ka-<madha>madha", "RED-mango", "重疊-芒果"], ["lini.\\", "他們的", "their"]], "free": ["#e Then he went to their mango farmland.", "#c 然後就去了他們的芒果園。", "#n kamadha為芒果，重疊成為芒果園"], "s_end": true, "iu_a_span": [5.73, 9.87], "meta": {"topic": "pear story", "type": "Narrative", "language": "魯凱語, Rukai, Vedai", "speaker": "何維豪, Wauki, male, 1933-02-02", "collected": "2009-05-25", "revised": "2013-3-14", "video": "RukaiNr-pear_wauki.mp3"}, "s_a_span": [5.73, 9.87], "file": "Rukai_Vedai/RukaiNr-pear_wauki", "num": 2}], [3, {"ori": [], "gloss": [["...(1.3)", "", ""], ["la", "DM", "DM"], ["ubere", "escape", "逃跑"], ["si==", "DM", "DM"], ["ka-<madha>madha,\\", "RED-mango", "重疊-芒果"]], "free": [], "s_end": false, "iu_a_span": [9.87, 13.47], "meta": {"topic": "pear story", "type": "Narrative", "language": "魯凱語, Rukai, Vedai", "speaker": "何維豪, Wauki, male, 1933-02-02", "collected": "2009-05-25", "revised": "2013-3-14", "video": "RukaiNr-pear_wauki.mp3"}, "file": "Rukai_Vedai/RukaiNr-pear_wauki", "num": 3}], [4, {"ori": [], "gloss": [["...(0.8)", "", ""], ["la", "DM", "DM"], ["ulebe", "descend", "下來"], ["si==,\\", "DM", "DM"]], "free": [], "s_end": false, "iu_a_span": [13.47, 15.9], "meta": {"topic": "pear story", "type": "Narrative", "language": "魯凱語, Rukai, Vedai", "speaker": "何維豪, Wauki, male, 1933-02-02", "collected": "2009-05-25", "revised": "2013-3-14", "video": "RukaiNr-pear_wauki.mp3"}, "file": "Rukai_Vedai/RukaiNr-pear_wauki", "num": 4}], [5, {"ori": [], "gloss": [["...", "", ""], ["taku-vaven", "finish-one", "完成-一個"], ["ki==", "OBL", "斜格"], ["akadrarang", "??", "??"], ["ki==,\\", "OBL", "斜格"]], "free": [], "s_end": false, "iu_a_span": [15.9, 18.74], "meta": {"topic": "pear story", "type": "Narrative", "language": "魯凱語, Rukai, Vedai", "speaker": "何維豪, Wauki, male, 1933-02-02", "collected": "2009-05-25", "revised": "2013-3-14", "video": "RukaiNr-pear_wauki.mp3"}, "file": "Rukai_Vedai/RukaiNr-pear_wauki", "num": 5}], [6, {"ori": [], "gloss": [["...", "", ""], ["e", "FIL", "FIL竹籃"], ["kararadrare.\\", "", ""]], "free": ["#e Then he went down and filled one basket.", "#c 就下來然後裝滿一個竹籃。", "#n 根據轉注者的語感，IU3中的ubere 與上下文的關係不大，故在此先不翻出。轉注者的語感akadrarang須再判斷其意義，在此先標問號。"], "s_end": true, "iu_a_span": [18.74, 20.22], "meta": {"topic": "pear story", "type": "Narrative", "language": "魯凱語, Rukai, Vedai", "speaker": "何維豪, Wauki, male, 1933-02-02", "collected": "2009-05-25", "revised": "2013-3-14", "video": "RukaiNr-pear_wauki.mp3"}, "s_a_span": [9.87, 20.22], "file": "Rukai_Vedai/RukaiNr-pear_wauki", "num": 6}], [7, {"ori": [], "gloss": [["...(0.8)", "", ""], ["la", "DM", "DM重複"], ["ngusela,\\", "", ""]], "free": [], "s_end": false, "iu_a_span": [20.22, 21.94], "meta": {"topic": "pear story", "type": "Narrative", "language": "魯凱語, Rukai, Vedai", "speaker": "何維豪, Wauki, male, 1933-02-02", "collected": "2009-05-25", "revised": "2013-3-14", "video": "RukaiNr-pear_wauki.mp3"}, "file": "Rukai_Vedai/RukaiNr-pear_wauki", "num": 7}], [8, {"ori": [], "gloss": [["...(0.7)", "", ""], ["pakay", "for", "為了"], ["kudra==,\\", "that", "那個"]], "free": [], "s_end": false, "iu_a_span": [21.94, 23.73], "meta": {"topic": "pear story", "type": "Narrative", "language": "魯凱語, Rukai, Vedai", "speaker": "何維豪, Wauki, male, 1933-02-02", "collected": "2009-05-25", "revised": "2013-3-14", "video": "RukaiNr-pear_wauki.mp3"}, "file": "Rukai_Vedai/RukaiNr-pear_wauki", "num": 8}], [9, {"ori": [], "gloss": [["...", "", ""], ["apa-sute-ane,\\", "A-CAU-fill-NMZ", "A-使役-滿-名物化"]], "free": [], "s_end": false, "iu_a_span": [23.73, 25.25], "meta": {"topic": "pear story", "type": "Narrative", "language": "魯凱語, Rukai, Vedai", "speaker": "何維豪, Wauki, male, 1933-02-02", "collected": "2009-05-25", "revised": "2013-3-14", "video": "RukaiNr-pear_wauki.mp3"}, "file": "Rukai_Vedai/RukaiNr-pear_wauki", "num": 9}], [10, {"ori": [], "gloss": [["...", "", ""], ["patelre", "all", "全部"], ["kudra", "that", "那個"], ["ki", "OBL", "斜格"], ["iluku", "bring", "帶"], ["lini", "their", "他們的"], ["kudra", "that", "那個"], ["karadrare.\\", "basket", "竹籃"]], "free": ["#e They brought that basket in order to fill it.", "#c 他們帶那個籃子是為了全部把它裝滿。", "#n IU9中的sute意思為滿; apa-kaiya ane (為了…..的事)"], "s_end": true, "iu_a_span": [25.25, 27.08], "meta": {"topic": "pear story", "type": "Narrative", "language": "魯凱語, Rukai, Vedai", "speaker": "何維豪, Wauki, male, 1933-02-02", "collected": "2009-05-25", "revised": "2013-3-14", "video": "RukaiNr-pear_wauki.mp3"}, "s_a_span": [20.22, 27.08], "file": "Rukai_Vedai/RukaiNr-pear_wauki", "num": 10}], [12, {"ori": [], "gloss": [["...(1.8)", "", ""], ["la", "DM", "DM來"], ["kela", "come", "未實現-經過"], ["lri-bate", "IRR-pass.by", "那個"], ["kudra", "that", "複數-小孩"], ["la-vavalake==,\\", "", ""]], "free": [], "s_end": false, "iu_a_span": [32.24, 36.53], "meta": {"topic": "pear story", "type": "Narrative", "language": "魯凱語, Rukai, Vedai", "speaker": "何維豪, Wauki, male, 1933-02-02", "collected": "2009-05-25", "revised": "2013-3-14", "video": "RukaiNr-pear_wauki.mp3"}, "file": "Rukai_Vedai/RukaiNr-pear_wauki", "num": 12}], [13, {"ori": [], "gloss": [["...", "", ""], ["wa-pili-pili-pili", "PFV-RED-RED-pull", "完成=重疊-重疊-牽"], ["ki==", "OBL", "斜格"], ["kiyu,\\", "goat", "羊"]], "free": [], "s_end": false, "iu_a_span": [36.53, 39.02], "meta": {"topic": "pear story", "type": "Narrative", "language": "魯凱語, Rukai, Vedai", "speaker": "何維豪, Wauki, male, 1933-02-02", "collected": "2009-05-25", "revised": "2013-3-14", "video": "RukaiNr-pear_wauki.mp3"}, "file": "Rukai_Vedai/RukaiNr-pear_wauki", "num": 13}], [14, {"ori": [], "gloss": [["...(1.4)", "", ""], ["ka-<tuwa>tuwase==,_", "KA-RED-leave", "KA-重疊-離開"]], "free": [], "s_end": false, "iu_a_span": [39.02, 41.64], "meta": {"topic": "pear story", "type": "Narrative", "language": "魯凱語, Rukai, Vedai", "speaker": "何維豪, Wauki, male, 1933-02-02", "collected": "2009-05-25", "revised": "2013-3-14", "video": "RukaiNr-pear_wauki.mp3"}, "file": "Rukai_Vedai/RukaiNr-pear_wauki", "num": 14}], [15, {"ori": [], "gloss": [["...", "", ""], ["lri-bate", "IRR-pass.by", "未實現-經過"], ["ini-ane.\\", "his-NMZ", "他的-名物化"]], "free": ["#e With their goats, the children walked by the old man.", "#c 然後小朋友們牽著羊經過他那裡。", "#n sauvalai 男孩；ababai 女孩。 IU13中的前綴wa- 為完成之意，如wa-kane 吃了"], "s_end": true, "iu_a_span": [41.64, 43.04], "meta": {"topic": "pear story", "type": "Narrative", "language": "魯凱語, Rukai, Vedai", "speaker": "何維豪, Wauki, male, 1933-02-02", "collected": "2009-05-25", "revised": "2013-3-14", "video": "RukaiNr-pear_wauki.mp3"}, "s_a_span": [32.24, 43.04], "file": "Rukai_Vedai/RukaiNr-pear_wauki", "num": 15}], [16, {"ori": [], "gloss": [["...", "", ""], ["ai,/", "but", "但是"]], "free": [], "s_end": false, "iu_a_span": [43.04, 43.83], "meta": {"topic": "pear story", "type": "Narrative", "language": "魯凱語, Rukai, Vedai", "speaker": "何維豪, Wauki, male, 1933-02-02", "collected": "2009-05-25", "revised": "2013-3-14", "video": "RukaiNr-pear_wauki.mp3"}, "file": "Rukai_Vedai/RukaiNr-pear_wauki", "num": 16}], [17, {"ori": [], "gloss": [["...", "", ""], ["ka-tuwase", "KA-leave", "KA-離開"], ["kai", "NEG", "否定"], ["kauriva", "talk", "說話"], ["ini-ane.\\", "his-NMZ", "他的-名物化"]], "free": ["#e But (they) left and did not talk to him.", "#c 但離開了也沒跟他說話。"], "s_end": true, "iu_a_span": [43.83, 45.86], "meta": {"topic": "pear story", "type": "Narrative", "language": "魯凱語, Rukai, Vedai", "speaker": "何維豪, Wauki, male, 1933-02-02", "collected": "2009-05-25", "revised": "2013-3-14", "video": "RukaiNr-pear_wauki.mp3"}, "s_a_span": [43.04, 45.86], "file": "Rukai_Vedai/RukaiNr-pear_wauki", "num": 17}], [18, {"ori": ["...(1.0)", "ala", "kela", "kudra", "vavalake", "kudra", "mua", "lriki-lrikili.\\"], "gloss": [["then", "就", "根據轉注者的語感，在此只有一位小朋友。"], ["come", "", ""], ["that", "", ""], ["child", "", ""], ["that", "", ""], ["go", "", ""], ["RED-bicycle", "", ""]], "free": ["#e Here came a child who rode a bicycle.", "#c 就來了一位騎單車的小朋友。", "#n ala 在此的意思為“就”"], "s_end": true, "iu_a_span": [45.86, 48.72], "meta": {"topic": "pear story", "type": "Narrative", "language": "魯凱語, Rukai, Vedai", "speaker": "何維豪, Wauki, male, 1933-02-02", "collected": "2009-05-25", "revised": "2013-3-14", "video": "RukaiNr-pear_wauki.mp3"}, "s_a_span": [45.86, 48.72], "file": "Rukai_Vedai/RukaiNr-pear_wauki", "num": 18}], [19, {"ori": [], "gloss": [["...(1.0)", "", ""], ["kudra", "that", "那個"], ["vavalake", "child", "小孩"], ["la", "DM", "DM"], ["drele==", "see", "看"], ["kudra", "that", "那個"], ["ki", "OBL", "斜格"], ["tutumu", "old.man", "老人"], ["pasua-belenge.\\", "toward-above", "往-上面"]], "free": ["#e That child raised his head and looked at that old man.", "#c 那個小朋友然後就抬頭看那位老爺爺。", "#n pasua-lebe 朝-下面"], "s_end": true, "iu_a_span": [48.72, 52.36], "meta": {"topic": "pear story", "type": "Narrative", "language": "魯凱語, Rukai, Vedai", "speaker": "何維豪, Wauki, male, 1933-02-02", "collected": "2009-05-25", "revised": "2013-3-14", "video": "RukaiNr-pear_wauki.mp3"}, "s_a_span": [48.72, 52.36], "file": "Rukai_Vedai/RukaiNr-pear_wauki", "num": 19}], [20, {"ori": [], "gloss": [["...(1.4)", "", ""], ["sa", "when", "當"], ["kai", "否定", "否定"], ["thia-thia-thingale", "RED-RED-know", "重疊-重疊-知道"], ["kuini==", "that", "那個TATA"], ["tata", "TATA", "老人"], ["tutumu", "old.man", "DM"], ["yaie,\\", "", ""]], "free": [], "s_end": false, "iu_a_span": [52.36, 57.13], "meta": {"topic": "pear story", "type": "Narrative", "language": "魯凱語, Rukai, Vedai", "speaker": "何維豪, Wauki, male, 1933-02-02", "collected": "2009-05-25", "revised": "2013-3-14", "video": "RukaiNr-pear_wauki.mp3"}, "file": "Rukai_Vedai/RukaiNr-pear_wauki", "num": 20}], [21, {"ori": [], "gloss": [["...(1.2)", "", ""], ["la", "DM", "DM"], ["alra", "take", "拿"], ["si,\\", "DM", "DM"]], "free": [], "s_end": false, "iu_a_span": [57.13, 58.85], "meta": {"topic": "pear story", "type": "Narrative", "language": "魯凱語, Rukai, Vedai", "speaker": "何維豪, Wauki, male, 1933-02-02", "collected": "2009-05-25", "revised": "2013-3-14", "video": "RukaiNr-pear_wauki.mp3"}, "file": "Rukai_Vedai/RukaiNr-pear_wauki", "num": 21}], [22, {"ori": [], "gloss": [["..", "", ""], ["sua-ragele", "SUA-neat", "SUA-整齊那個"], ["kudra", "that", "AKU-一個"], ["aku-vaeva,\\", "", ""]], "free": [], "s_end": false, "iu_a_span": [58.85, 60.61], "meta": {"topic": "pear story", "type": "Narrative", "language": "魯凱語, Rukai, Vedai", "speaker": "何維豪, Wauki, male, 1933-02-02", "collected": "2009-05-25", "revised": "2013-3-14", "video": "RukaiNr-pear_wauki.mp3"}, "file": "Rukai_Vedai/RukaiNr-pear_wauki", "num": 22}], [23, {"ori": [], "gloss": [["...", "", ""], ["ku", "OBL", "斜格"], ["kamadha", "mango", "芒果"], ["si,\\", "DM", "DM"]], "free": [], "s_end": false, "iu_a_span": [60.61, 61.85], "meta": {"topic": "pear story", "type": "Narrative", "language": "魯凱語, Rukai, Vedai", "speaker": "何維豪, Wauki, male, 1933-02-02", "collected": "2009-05-25", "revised": "2013-3-14", "video": "RukaiNr-pear_wauki.mp3"}, "file": "Rukai_Vedai/RukaiNr-pear_wauki", "num": 23}], [24, {"ori": [], "gloss": [["...(0.9)", "", ""], ["ka-tuwase.\\", "KA-leave", "KA-離開"]], "free": ["#e When the old man did not pay attention to his fruits, that child took one basket of mango and left.", "#c 在那個老爺爺沒注意的時候，拿了第一個裝滿好芒果的籃子就離開了。", "#n IU20中的TATA在此為語誤，原發音者應是要說ta-tama，而後修正為tutumu。IU21中，其他相近動詞為，抓pualra、摘pilutu、提或帶iluku"], "s_end": true, "iu_a_span": [61.85, 63.25], "meta": {"topic": "pear story", "type": "Narrative", "language": "魯凱語, Rukai, Vedai", "speaker": "何維豪, Wauki, male, 1933-02-02", "collected": "2009-05-25", "revised": "2013-3-14", "video": "RukaiNr-pear_wauki.mp3"}, "s_a_span": [52.36, 63.25], "file": "Rukai_Vedai/RukaiNr-pear_wauki", "num": 24}], [25, {"ori": [], "gloss": [["...(1.2)", "", ""], ["sa", "when", "當"], ["ka-<tuwa>tuwase=nga", "KA-RED-leave-PFV", "KA-重疊-離開-完成"], ["kuini", "that", "那個"], ["vavalake", "child", "小孩"], ["yaie.\\", "DM", "DM"]], "free": ["#e After the child left and then?", "#c 當那個小朋友離開了，之後呢？"], "s_end": true, "iu_a_span": [63.25, 66.83], "meta": {"topic": "pear story", "type": "Narrative", "language": "魯凱語, Rukai, Vedai", "speaker": "何維豪, Wauki, male, 1933-02-02", "collected": "2009-05-25", "revised": "2013-3-14", "video": "RukaiNr-pear_wauki.mp3"}, "s_a_span": [63.25, 66.83], "file": "Rukai_Vedai/RukaiNr-pear_wauki", "num": 25}], [26, {"ori": [], "gloss": [["...", "", ""], ["ma-dre-dresenge", "STAV-RED-meet", "狀態-重疊-碰面"], ["kudra", "that", "那個"], ["ki", "OBL", "斜格"], ["mua", "go", "去"], ["lriki-lrikili", "RED-bicycle", "重疊-單車"], ["kudra", "that", "那個"], ["ababai,\\", "girl", "女孩"]], "free": [], "s_end": false, "iu_a_span": [66.83, 69.98], "meta": {"topic": "pear story", "type": "Narrative", "language": "魯凱語, Rukai, Vedai", "speaker": "何維豪, Wauki, male, 1933-02-02", "collected": "2009-05-25", "revised": "2013-3-14", "video": "RukaiNr-pear_wauki.mp3"}, "file": "Rukai_Vedai/RukaiNr-pear_wauki", "num": 26}], [27, {"ori": [], "gloss": [["...(0.9)", "", ""], ["si", "COND", "連接詞"], ["ma-pa-<pungu>pungu", "STAV-CAU-RED-bump.into", "狀態-CAU-重疊-撞"], ["si.\\", "DM", "DM"]], "free": ["#e (He) met a girl who rode a bicycle and bumped into her.", "#c 遇到一位騎單車的女孩，然後撞在一起。"], "s_end": true, "iu_a_span": [69.98, 72.24], "meta": {"topic": "pear story", "type": "Narrative", "language": "魯凱語, Rukai, Vedai", "speaker": "何維豪, Wauki, male, 1933-02-02", "collected": "2009-05-25", "revised": "2013-3-14", "video": "RukaiNr-pear_wauki.mp3"}, "s_a_span": [66.83, 72.24], "file": "Rukai_Vedai/RukaiNr-pear_wauki", "num": 27}], [28, {"ori": [], "gloss": [["...(1.2)", "", ""], ["kuini", "that", "那個"], ["vavalake", "child", "小孩"], ["yaie.\\", "DM", "DM"]], "free": ["#e What about that child?", "#c 那個小孩呢?"], "s_end": true, "iu_a_span": [72.24, 74.27], "meta": {"topic": "pear story", "type": "Narrative", "language": "魯凱語, Rukai, Vedai", "speaker": "何維豪, Wauki, male, 1933-02-02", "collected": "2009-05-25", "revised": "2013-3-14", "video": "RukaiNr-pear_wauki.mp3"}, "s_a_span": [72.24, 74.27], "file": "Rukai_Vedai/RukaiNr-pear_wauki", "num": 28}], [29, {"ori": [], "gloss": [["...", "", ""], ["la", "DM", "然後"], ["papia", "toward", "往"], ["drele", "see", "看"], ["kuini", "that", "那個"], ["ki", "OBL", "斜格"], ["ababai", "girl", "女孩"], ["si==,\\", "DM", "DM"]], "free": [], "s_end": false, "iu_a_span": [74.27, 77.06], "meta": {"topic": "pear story", "type": "Narrative", "language": "魯凱語, Rukai, Vedai", "speaker": "何維豪, Wauki, male, 1933-02-02", "collected": "2009-05-25", "revised": "2013-3-14", "video": "RukaiNr-pear_wauki.mp3"}, "file": "Rukai_Vedai/RukaiNr-pear_wauki", "num": 29}], [30, {"ori": [], "gloss": [["...(0.8)", "", ""], ["la", "DM", "DM"], ["mua==,\\", "go", "去"]], "free": [], "s_end": false, "iu_a_span": [77.06, 78.65], "meta": {"topic": "pear story", "type": "Narrative", "language": "魯凱語, Rukai, Vedai", "speaker": "何維豪, Wauki, male, 1933-02-02", "collected": "2009-05-25", "revised": "2013-3-14", "video": "RukaiNr-pear_wauki.mp3"}, "file": "Rukai_Vedai/RukaiNr-pear_wauki", "num": 30}], [31, {"ori": [], "gloss": [["...", "", ""], ["u", "U", "U"], ["pungu-pungu", "RED-bump.into", "重疊-撞"], ["kuini", "that", "那個"], ["ki", "OBL", "屬格"], ["taru-<tugu>tugu,\\", "TARU-RED-stone", "TARU-重疊-石頭"]], "free": [], "s_end": false, "iu_a_span": [78.65, 80.19], "meta": {"topic": "pear story", "type": "Narrative", "language": "魯凱語, Rukai, Vedai", "speaker": "何維豪, Wauki, male, 1933-02-02", "collected": "2009-05-25", "revised": "2013-3-14", "video": "RukaiNr-pear_wauki.mp3"}, "file": "Rukai_Vedai/RukaiNr-pear_wauki", "num": 31}], [32, {"ori": [], "gloss": [["...(1.1)", "", ""], ["la", "DM", "DM"], ["u", "U", "U"], ["adrege.\\", "fall.down", "跌倒"]], "free": ["#e He looked at that girl, hit a big stone and fell down.", "#c 就朝著那位女孩看然後就撞到大石頭跌倒了。", "#n IU31中taru-tugutugu 為大石頭, lrenege 小石頭"], "s_end": true, "iu_a_span": [80.19, 81.81], "meta": {"topic": "pear story", "type": "Narrative", "language": "魯凱語, Rukai, Vedai", "speaker": "何維豪, Wauki, male, 1933-02-02", "collected": "2009-05-25", "revised": "2013-3-14", "video": "RukaiNr-pear_wauki.mp3"}, "s_a_span": [74.27, 81.81], "file": "Rukai_Vedai/RukaiNr-pear_wauki", "num": 32}], [33, {"ori": [], "gloss": [["...(1.9)", "", ""], ["la", "DM", "DM"], ["drele", "see", "看"], ["kuini", "that", "那個"], ["la-la-ini", "PL-friend-his", "複數-朋友-他的"], ["kuini", "that", "那個"], ["ta-tulru.\\", "Ca-three", "Ca重疊-三個"]], "free": ["#e The three friends looked at him.", "#c 那三個朋友就看著他。", "#n la-ini 他的朋友; ali-ini她的朋友"], "s_end": true, "iu_a_span": [81.81, 86.17], "meta": {"topic": "pear story", "type": "Narrative", "language": "魯凱語, Rukai, Vedai", "speaker": "何維豪, Wauki, male, 1933-02-02", "collected": "2009-05-25", "revised": "2013-3-14", "video": "RukaiNr-pear_wauki.mp3"}, "s_a_span": [81.81, 86.17], "file": "Rukai_Vedai/RukaiNr-pear_wauki", "num": 33}], [34, {"ori": [], "gloss": [["...(1.0)", "", ""], ["wa-kuru", "PFV-pity", "完成-可憐"], ["kavai", "that", "那個"], ["ki", "OBL", "斜格"], ["talragi-ta", "friend-our", "朋友-我們的"], ["ila-ta", "go-our", "去-我們的"], ["mua==,\\", "go", "去"]], "free": [], "s_end": false, "iu_a_span": [86.17, 89.94], "meta": {"topic": "pear story", "type": "Narrative", "language": "魯凱語, Rukai, Vedai", "speaker": "何維豪, Wauki, male, 1933-02-02", "collected": "2009-05-25", "revised": "2013-3-14", "video": "RukaiNr-pear_wauki.mp3"}, "file": "Rukai_Vedai/RukaiNr-pear_wauki", "num": 34}], [35, {"ori": [], "gloss": [["...drakale.\\", "support.with.one’s.hand", "扶起來"]], "free": ["#e What a pity of our friends! Let’s help him stand up!", "#c 我們的朋友好可憐喔！我們去扶他起來！", "#n IU34中的前綴wa- 表示完成之意，如wa-kane 吃了"], "s_end": true, "iu_a_span": [89.94, 90.98], "meta": {"topic": "pear story", "type": "Narrative", "language": "魯凱語, Rukai, Vedai", "speaker": "何維豪, Wauki, male, 1933-02-02", "collected": "2009-05-25", "revised": "2013-3-14", "video": "RukaiNr-pear_wauki.mp3"}, "s_a_span": [86.17, 90.98], "file": "Rukai_Vedai/RukaiNr-pear_wauki", "num": 35}], [36, {"ori": [], "gloss": [["...", "", ""], ["la", "DM", "DM"], ["iya", "say", "說"], ["si", "COND", "連接詞"], ["la", "DM", "DM"], ["kainganai,\\", "come", "來"]], "free": [], "s_end": false, "iu_a_span": [90.98, 92.62], "meta": {"topic": "pear story", "type": "Narrative", "language": "魯凱語, Rukai, Vedai", "speaker": "何維豪, Wauki, male, 1933-02-02", "collected": "2009-05-25", "revised": "2013-3-14", "video": "RukaiNr-pear_wauki.mp3"}, "file": "Rukai_Vedai/RukaiNr-pear_wauki", "num": 36}], [37, {"ori": [], "gloss": [["...", "", ""], ["drakale", "support.with.one’s.hand", "扶起來"], ["si==.\\", "DM", "DM"]], "free": ["#e They said and helped him stand up.", "#c 說著，就來扶他起來。"], "s_end": true, "iu_a_span": [92.62, 94.29], "meta": {"topic": "pear story", "type": "Narrative", "language": "魯凱語, Rukai, Vedai", "speaker": "何維豪, Wauki, male, 1933-02-02", "collected": "2009-05-25", "revised": "2013-3-14", "video": "RukaiNr-pear_wauki.mp3"}, "s_a_span": [90.98, 94.29], "file": "Rukai_Vedai/RukaiNr-pear_wauki", "num": 37}], [38, {"ori": [], "gloss": [["...", "", ""], ["saulri", "still", "還"], ["si", "DM", "DM"], ["surakele", "replace", "裝回去"], ["kudra", "that", "那個"], ["mua", "go", "去"], ["ca-cilri", "Ca-fall", "Ca重疊-掉落"], ["ku==,\\", "OBL", "斜格"]], "free": [], "s_end": false, "iu_a_span": [94.29, 96.73], "meta": {"topic": "pear story", "type": "Narrative", "language": "魯凱語, Rukai, Vedai", "speaker": "何維豪, Wauki, male, 1933-02-02", "collected": "2009-05-25", "revised": "2013-3-14", "video": "RukaiNr-pear_wauki.mp3"}, "file": "Rukai_Vedai/RukaiNr-pear_wauki", "num": 38}], [39, {"ori": [], "gloss": [["...", "", ""], ["kupa-ini", "steal-his", "偷-他的"], ["kudra", "that", "那個"], ["la==", "DM", "DM"], ["kamadha.\\", "mango", "芒果"]], "free": ["#e And they helped him replace the scattered mango.", "#c 就幫他把他偷的並掉落下來的芒果裝回去。"], "s_end": true, "iu_a_span": [96.73, 98.87], "meta": {"topic": "pear story", "type": "Narrative", "language": "魯凱語, Rukai, Vedai", "speaker": "何維豪, Wauki, male, 1933-02-02", "collected": "2009-05-25", "revised": "2013-3-14", "video": "RukaiNr-pear_wauki.mp3"}, "s_a_span": [94.29, 98.87], "file": "Rukai_Vedai/RukaiNr-pear_wauki", "num": 39}], [40, {"ori": [], "gloss": [["...(1.0)", "", ""], ["sa", "when", "當"], ["maka", "can", "能"], ["surakele=nga", "fill-PFV", "裝滿-完成"], ["yaie.\\", "DM", "DM"]], "free": ["#e What could we do after filling it?", "#c 當裝滿完了之後勒?"], "s_end": true, "iu_a_span": [98.87, 101.29], "meta": {"topic": "pear story", "type": "Narrative", "language": "魯凱語, Rukai, Vedai", "speaker": "何維豪, Wauki, male, 1933-02-02", "collected": "2009-05-25", "revised": "2013-3-14", "video": "RukaiNr-pear_wauki.mp3"}, "s_a_span": [98.87, 101.29], "file": "Rukai_Vedai/RukaiNr-pear_wauki", "num": 40}], [42, {"ori": [], "gloss": [["...(0.9)", "", ""], ["la", "DM", "然後"], ["ka-<tuwa>tuwase", "KA-RED-leave", "KA-重疊-離開"], ["ku==ini", "that", "這個"], ["vavalake.\\", "child", "小孩"]], "free": ["#e That child left.", "#c 然後那個小孩就走了。"], "s_end": true, "iu_a_span": [103.47, 107.18], "meta": {"topic": "pear story", "type": "Narrative", "language": "魯凱語, Rukai, Vedai", "speaker": "何維豪, Wauki, male, 1933-02-02", "collected": "2009-05-25", "revised": "2013-3-14", "video": "RukaiNr-pear_wauki.mp3"}, "s_a_span": [103.47, 107.18], "file": "Rukai_Vedai/RukaiNr-pear_wauki", "num": 42}], [43, {"ori": [], "gloss": [["...(1.2)", "", ""], ["drele", "see", "看"], ["kudra==,\\", "that", "那個"]], "free": [], "s_end": false, "iu_a_span": [107.18, 109.58], "meta": {"topic": "pear story", "type": "Narrative", "language": "魯凱語, Rukai, Vedai", "speaker": "何維豪, Wauki, male, 1933-02-02", "collected": "2009-05-25", "revised": "2013-3-14", "video": "RukaiNr-pear_wauki.mp3"}, "file": "Rukai_Vedai/RukaiNr-pear_wauki", "num": 43}], [44, {"ori": [], "gloss": [["...", "", ""], ["kuini", "That", "那個"], ["ta-tulru", "Ca-three", "Ca重疊-三個"], ["yaie,\\", "DM", "DM"]], "free": [], "s_end": false, "iu_a_span": [109.58, 110.87], "meta": {"topic": "pear story", "type": "Narrative", "language": "魯凱語, Rukai, Vedai", "speaker": "何維豪, Wauki, male, 1933-02-02", "collected": "2009-05-25", "revised": "2013-3-14", "video": "RukaiNr-pear_wauki.mp3"}, "file": "Rukai_Vedai/RukaiNr-pear_wauki", "num": 44}], [45, {"ori": [], "gloss": [["...", "", ""], ["drele", "see", "看"], ["kuini", "that", "這個"], ["talrupu", "hat", "帽子"], ["ini", "his", "他的"], ["kui", "that", "那個"], ["ya", "LOC", "處焦"], ["cakena", "floor", "地上"], ["si.\\", "DM", "DM"]], "free": ["#e The three children saw his hat on the floor.", "#c 那三個小孩就看到他的帽子在地上。", "#n talrupu不分樣式(cap 或是hat)；niarakaiyane ku ubulu ka talrupu 草帽；kasa斗笠"], "s_end": true, "iu_a_span": [110.87, 113.02], "meta": {"topic": "pear story", "type": "Narrative", "language": "魯凱語, Rukai, Vedai", "speaker": "何維豪, Wauki, male, 1933-02-02", "collected": "2009-05-25", "revised": "2013-3-14", "video": "RukaiNr-pear_wauki.mp3"}, "s_a_span": [107.18, 113.02], "file": "Rukai_Vedai/RukaiNr-pear_wauki", "num": 45}], [46, {"ori": [], "gloss": [["...", "", ""], ["la", "DM", "然後"], ["puatupipi,\\", "whistle", "吹哨子"]], "free": [], "s_end": false, "iu_a_span": [113.02, 114.47], "meta": {"topic": "pear story", "type": "Narrative", "language": "魯凱語, Rukai, Vedai", "speaker": "何維豪, Wauki, male, 1933-02-02", "collected": "2009-05-25", "revised": "2013-3-14", "video": "RukaiNr-pear_wauki.mp3"}, "file": "Rukai_Vedai/RukaiNr-pear_wauki", "num": 46}], [47, {"ori": [], "gloss": [["...(0.8)", "", ""], ["alakay", "with", "用"], ["ku==,\\", "OBL", "斜格"]], "free": [], "s_end": false, "iu_a_span": [114.47, 116.22], "meta": {"topic": "pear story", "type": "Narrative", "language": "魯凱語, Rukai, Vedai", "speaker": "何維豪, Wauki, male, 1933-02-02", "collected": "2009-05-25", "revised": "2013-3-14", "video": "RukaiNr-pear_wauki.mp3"}, "file": "Rukai_Vedai/RukaiNr-pear_wauki", "num": 47}], [48, {"ori": [], "gloss": [["...", "", ""], ["alrima", "hand", "手"], ["ini", "his", "他的"], ["si.\\", "DM", "DM"]], "free": ["#e He used his hand to whistle", "#c 他用手吹口哨。", "#n pipi可指哨子或口哨；drapale 腳"], "s_end": true, "iu_a_span": [116.22, 117.29], "meta": {"topic": "pear story", "type": "Narrative", "language": "魯凱語, Rukai, Vedai", "speaker": "何維豪, Wauki, male, 1933-02-02", "collected": "2009-05-25", "revised": "2013-3-14", "video": "RukaiNr-pear_wauki.mp3"}, "s_a_span": [113.02, 117.29], "file": "Rukai_Vedai/RukaiNr-pear_wauki", "num": 48}], [49, {"ori": [], "gloss": [["...(0.8)", "", ""], ["la", "DM", "然後"], ["pasua-lrikudru", "toward-behind", "往-後面"], ["ku==ini,\\", "that", "那個"]], "free": [], "s_end": false, "iu_a_span": [117.29, 120.23], "meta": {"topic": "pear story", "type": "Narrative", "language": "魯凱語, Rukai, Vedai", "speaker": "何維豪, Wauki, male, 1933-02-02", "collected": "2009-05-25", "revised": "2013-3-14", "video": "RukaiNr-pear_wauki.mp3"}, "file": "Rukai_Vedai/RukaiNr-pear_wauki", "num": 49}], [50, {"ori": [], "gloss": [["...", "", ""], ["kuaupa", "steal", "偷"], ["kuini", "that", "那個"], ["kamadha.\\", "mango", "芒果"]], "free": ["#e The person who stole mango looked back.", "#c 那些偷芒果的人就往後看。", "#n 扒手：tara-kupaupa (專門-偷東西的人)"], "s_end": true, "iu_a_span": [120.23, 121.55], "meta": {"topic": "pear story", "type": "Narrative", "language": "魯凱語, Rukai, Vedai", "speaker": "何維豪, Wauki, male, 1933-02-02", "collected": "2009-05-25", "revised": "2013-3-14", "video": "RukaiNr-pear_wauki.mp3"}, "s_a_span": [117.29, 121.55], "file": "Rukai_Vedai/RukaiNr-pear_wauki", "num": 50}], [51, {"ori": [], "gloss": [["...(2.5)", "", ""], ["la", "DM", "DM"], ["i-<cege>cege", "RED-stand.up", "重疊-站起來"], ["si", "DM", "DM"], ["mane-mane", "RED-what", "重疊-什麼"], ["ka", "NOM", "NOM"], ["iya-iya", "RED-say", "重疊-說"], ["ki", "OBL", "斜格"], ["la-ta", "friend-our", "朋友-我們的"], ["yaie.\\", "DM", "DM"]], "free": ["#e He stood up and said, “What are they taking about?”", "#c 然後站起來說，“我們的朋友在說什麼？”"], "s_end": true, "iu_a_span": [121.55, 127.0], "meta": {"topic": "pear story", "type": "Narrative", "language": "魯凱語, Rukai, Vedai", "speaker": "何維豪, Wauki, male, 1933-02-02", "collected": "2009-05-25", "revised": "2013-3-14", "video": "RukaiNr-pear_wauki.mp3"}, "s_a_span": [121.55, 127.0], "file": "Rukai_Vedai/RukaiNr-pear_wauki", "num": 51}], [52, {"ori": [], "gloss": [["...", "", ""], ["ala", "then", "然後"], ["kela", "come", "來"], ["kuini", "that", "這個"], ["la-ini,_", "friend-his", "朋友-他的"]], "free": [], "s_end": false, "iu_a_span": [127.0, 128.71], "meta": {"topic": "pear story", "type": "Narrative", "language": "魯凱語, Rukai, Vedai", "speaker": "何維豪, Wauki, male, 1933-02-02", "collected": "2009-05-25", "revised": "2013-3-14", "video": "RukaiNr-pear_wauki.mp3"}, "file": "Rukai_Vedai/RukaiNr-pear_wauki", "num": 52}], [53, {"ori": [], "gloss": [["...", "", ""], ["ku", "OBL", "斜格"], ["tangea", "another.one", "另外一個"], ["si==.\\", "DM", "DM"]], "free": ["#e There came another friend.", "#c 另外一個朋友就來了。"], "s_end": true, "iu_a_span": [128.71, 130.28], "meta": {"topic": "pear story", "type": "Narrative", "language": "魯凱語, Rukai, Vedai", "speaker": "何維豪, Wauki, male, 1933-02-02", "collected": "2009-05-25", "revised": "2013-3-14", "video": "RukaiNr-pear_wauki.mp3"}, "s_a_span": [127.0, 130.28], "file": "Rukai_Vedai/RukaiNr-pear_wauki", "num": 53}], [54, {"ori": [], "gloss": [["...", "", ""], ["bai", "give", "給"], ["kui", "that", "那個"], ["talrupu", "hat", "帽子"], ["ini-ane,\\", "his-NMZ", "他的-名物化"]], "free": [], "s_end": false, "iu_a_span": [130.28, 131.96], "meta": {"topic": "pear story", "type": "Narrative", "language": "魯凱語, Rukai, Vedai", "speaker": "何維豪, Wauki, male, 1933-02-02", "collected": "2009-05-25", "revised": "2013-3-14", "video": "RukaiNr-pear_wauki.mp3"}, "file": "Rukai_Vedai/RukaiNr-pear_wauki", "num": 54}], [55, {"ori": [], "gloss": [["...(1.0)", "", ""], ["si._", "DM", "DM"]], "free": ["#e (He) gave him his hat.", "#c 就給他那個帽子。", "#n talrupu不分樣式(cap 或是hat)；"], "s_end": true, "iu_a_span": [131.96, 133.35], "meta": {"topic": "pear story", "type": "Narrative", "language": "魯凱語, Rukai, Vedai", "speaker": "何維豪, Wauki, male, 1933-02-02", "collected": "2009-05-25", "revised": "2013-3-14", "video": "RukaiNr-pear_wauki.mp3"}, "s_a_span": [130.28, 133.35], "file": "Rukai_Vedai/RukaiNr-pear_wauki", "num": 55}], [56, {"ori": [], "gloss": [["...", "", ""], ["sa", "when", "當"], ["bai", "give", "給"], ["kuini", "that", "那個"], ["talrupu", "hat", "帽子"], ["kuini", "that", "那個"], ["la-su", "friend-your", "朋友-你的"], ["la", "DM", "DM"], ["bai", "give", "給"], ["kudra", "that", "那個"], ["tulru", "three", "三個"], ["ku", "OBL", "斜格"], ["kamadha.\\", "mango", "芒果"]], "free": ["#e After his friend gave him his hat, his friend gave him three mangoes.", "#c 當朋友給他那個帽子之後，就給他三個芒果。"], "s_end": true, "iu_a_span": [133.35, 136.8], "meta": {"topic": "pear story", "type": "Narrative", "language": "魯凱語, Rukai, Vedai", "speaker": "何維豪, Wauki, male, 1933-02-02", "collected": "2009-05-25", "revised": "2013-3-14", "video": "RukaiNr-pear_wauki.mp3"}, "s_a_span": [133.35, 136.8], "file": "Rukai_Vedai/RukaiNr-pear_wauki", "num": 56}], [57, {"ori": [], "gloss": [["...", "", ""], ["si", "DM", "DM"], ["mau-vaga-vagai,\\", "MAU-RED-separate", "MAU-重疊-分開"]], "free": [], "s_end": false, "iu_a_span": [136.8, 138.27], "meta": {"topic": "pear story", "type": "Narrative", "language": "魯凱語, Rukai, Vedai", "speaker": "何維豪, Wauki, male, 1933-02-02", "collected": "2009-05-25", "revised": "2013-3-14", "video": "RukaiNr-pear_wauki.mp3"}, "file": "Rukai_Vedai/RukaiNr-pear_wauki", "num": 57}], [58, {"ori": [], "gloss": [["...(1.0)", "", ""], ["sa", "when", "當"], ["maka", "can", "能夠"], ["mau-vaga-vagai=nga", "MAU-RED-separate-PFV", "MAU-重疊-分開-完成"], ["yaie.\\", "DM", "DM"]], "free": ["#e Then they parted.", "#c 然後他們分開。"], "s_end": true, "iu_a_span": [138.27, 140.54], "meta": {"topic": "pear story", "type": "Narrative", "language": "魯凱語, Rukai, Vedai", "speaker": "何維豪, Wauki, male, 1933-02-02", "collected": "2009-05-25", "revised": "2013-3-14", "video": "RukaiNr-pear_wauki.mp3"}, "s_a_span": [136.8, 140.54], "file": "Rukai_Vedai/RukaiNr-pear_wauki", "num": 58}], [59, {"ori": [], "gloss": [["...(0.8)", "", ""], ["kuini", "that", "那個"], ["ta-tulru", "Ca-three", "Ca重疊-三個"], ["la", "DM", "DM"], ["ka-tuwase", "KA-leave", "離開"], ["lri-bate", "IRR-pass.by", "未實現-經過"], ["kuini", "that", "這個"], ["ki,\\", "OBL", "斜格"]], "free": [], "s_end": false, "iu_a_span": [140.54, 143.08], "meta": {"topic": "pear story", "type": "Narrative", "language": "魯凱語, Rukai, Vedai", "speaker": "何維豪, Wauki, male, 1933-02-02", "collected": "2009-05-25", "revised": "2013-3-14", "video": "RukaiNr-pear_wauki.mp3"}, "file": "Rukai_Vedai/RukaiNr-pear_wauki", "num": 59}], [60, {"ori": [], "gloss": [["...", "", ""], ["kia", "pluck", "採"], ["ka-<madha>madha", "RED-mango", "重疊-芒果"], ["kuini==", "that", "那個"], ["tutumu.\\", "old.man", "老人"]], "free": ["#e Then the three children left and walked by the old man who was plucking mangoes.", "#c 這三個就離開，然後經過那個採芒果的老爺爺。", "#n ka-<madha>madha 在此不同於IU2的意思，在此為複數的芒果，而非芒果園"], "s_end": true, "iu_a_span": [143.08, 145.23], "meta": {"topic": "pear story", "type": "Narrative", "language": "魯凱語, Rukai, Vedai", "speaker": "何維豪, Wauki, male, 1933-02-02", "collected": "2009-05-25", "revised": "2013-3-14", "video": "RukaiNr-pear_wauki.mp3"}, "s_a_span": [140.54, 145.23], "file": "Rukai_Vedai/RukaiNr-pear_wauki", "num": 60}], [61, {"ori": [], "gloss": [["...(1.2)", "", ""], ["la", "DM", "DM"], ["ulebe", "descend", "下來"], ["si", "DM", "DM"], ["asi=asipi", "RED-count", "重疊-算"], ["ani", "why", "為何"], ["kadrua=nga", "disappear-PFV", "沒有-完成"], ["ku", "OBL", "斜格"], ["aku-vaeva,\\", "AKU-one", "AKU-一個"]], "free": [], "s_end": false, "iu_a_span": [145.23, 149.39], "meta": {"topic": "pear story", "type": "Narrative", "language": "魯凱語, Rukai, Vedai", "speaker": "何維豪, Wauki, male, 1933-02-02", "collected": "2009-05-25", "revised": "2013-3-14", "video": "RukaiNr-pear_wauki.mp3"}, "file": "Rukai_Vedai/RukaiNr-pear_wauki", "num": 61}], [62, {"ori": ["...(1.2)", "mua", "inu", "si", "kidredre-dreme.\\"], "gloss": [["go", "去", "kidreme-dreme"], ["where", "哪裡", "原意為心，在此延伸為想。"], ["DM", "", ""], ["RED-heart", "", ""]], "free": ["#e He descended, counted the number of his basket, and wondered why one disappeared.", "#c 然後就下來算一算 心想為何另外一籃不見了?", "#n IU 61中的aku-vaeva 是指東西裝滿的一籃 (還有一個)"], "s_end": true, "iu_a_span": [149.39, 152.44], "meta": {"topic": "pear story", "type": "Narrative", "language": "魯凱語, Rukai, Vedai", "speaker": "何維豪, Wauki, male, 1933-02-02", "collected": "2009-05-25", "revised": "2013-3-14", "video": "RukaiNr-pear_wauki.mp3"}, "s_a_span": [145.23, 152.44], "file": "Rukai_Vedai/RukaiNr-pear_wauki", "num": 62}], [63, {"ori": [], "gloss": [["...(1.0)", "", ""], ["la", "DM", "DM"], ["ka-tuwase", "KA-leave", "KA-離開"], ["lri-bate", "IRR-pass.by", "未實現-經過"], ["kuini", "that", "那個"], ["ta-tulru", "Ca-three", "Ca重疊-三個"], ["kuini", "that", "那個"], ["la-vavalake", "PL-child", "複數-小孩"], ["si.\\", "DM", "DM"]], "free": ["#e And he walked by the three children.", "#c 然後經過那三個小朋友。"], "s_end": true, "iu_a_span": [152.44, 156.02], "meta": {"topic": "pear story", "type": "Narrative", "language": "魯凱語, Rukai, Vedai", "speaker": "何維豪, Wauki, male, 1933-02-02", "collected": "2009-05-25", "revised": "2013-3-14", "video": "RukaiNr-pear_wauki.mp3"}, "s_a_span": [152.44, 156.02], "file": "Rukai_Vedai/RukaiNr-pear_wauki", "num": 63}], [64, {"ori": [], "gloss": [["...", "", ""], ["la", "DM", "DM"], ["drele", "see", "看"], ["pasua-lrau,\\", "toward-turn.one’s.head", "往-回頭"]], "free": [], "s_end": false, "iu_a_span": [156.02, 157.8], "meta": {"topic": "pear story", "type": "Narrative", "language": "魯凱語, Rukai, Vedai", "speaker": "何維豪, Wauki, male, 1933-02-02", "collected": "2009-05-25", "revised": "2013-3-14", "video": "RukaiNr-pear_wauki.mp3"}, "file": "Rukai_Vedai/RukaiNr-pear_wauki", "num": 64}], [65, {"ori": [], "gloss": [["...", "", ""], ["la", "DM", "然後"], ["kai", "NEG", "否定"], ["maka", "can", "能"], ["kauriva.\\", "talk", "講話"]], "free": ["#e (They) looked back and did not talk to him.", "#c 然後回頭看但也沒跟他說話。", "#n IU64中的lrau有往回的意思，如mau-lrau 失去；marimuru 忘記"], "s_end": true, "iu_a_span": [157.8, 159.26], "meta": {"topic": "pear story", "type": "Narrative", "language": "魯凱語, Rukai, Vedai", "speaker": "何維豪, Wauki, male, 1933-02-02", "collected": "2009-05-25", "revised": "2013-3-14", "video": "RukaiNr-pear_wauki.mp3"}, "s_a_span": [156.02, 159.26], "file": "Rukai_Vedai/RukaiNr-pear_wauki", "num": 65}], [66, {"ori": [], "gloss": [["...", "", ""], ["tau", "TAU", "TAU"], ["kane-kane", "RED-eat", "重疊-吃"], ["kuini,\\", "that", "那個"]], "free": [], "s_end": false, "iu_a_span": [159.26, 160.73], "meta": {"topic": "pear story", "type": "Narrative", "language": "魯凱語, Rukai, Vedai", "speaker": "何維豪, Wauki, male, 1933-02-02", "collected": "2009-05-25", "revised": "2013-3-14", "video": "RukaiNr-pear_wauki.mp3"}, "file": "Rukai_Vedai/RukaiNr-pear_wauki", "num": 66}], [67, {"ori": [], "gloss": [["...", "", ""], ["ki", "OBL", "斜格"], ["bai", "give", "給"], ["ini", "his", "他的"], ["kuini", "that", "那個"], ["na=kuaupa", "PAST-steal", "過去-偷"], ["kuini", "that", "那個"], ["kamadha", "mango", "芒果"], ["kuini", "that", "那個"], ["tulru", "three", "三個"], ["si.\\", "DM", "DM"]], "free": ["#e That child ate the mango which was from the three stealers.", "#c 那小孩一面吃那三個偷芒果的人給的芒果。", "#n TAU有 “一面做…，一面…” 的意思"], "s_end": true, "iu_a_span": [160.73, 163.87], "meta": {"topic": "pear story", "type": "Narrative", "language": "魯凱語, Rukai, Vedai", "speaker": "何維豪, Wauki, male, 1933-02-02", "collected": "2009-05-25", "revised": "2013-3-14", "video": "RukaiNr-pear_wauki.mp3"}, "s_a_span": [159.26, 163.87], "file": "Rukai_Vedai/RukaiNr-pear_wauki", "num": 67}], [68, {"ori": [], "gloss": [["...(0.8)", "", ""], ["la", "DM", "DM"], ["kai", "NEG", "否定"], ["thingale,\\", "know", "知道"]], "free": [], "s_end": false, "iu_a_span": [163.87, 165.56], "meta": {"topic": "pear story", "type": "Narrative", "language": "魯凱語, Rukai, Vedai", "speaker": "何維豪, Wauki, male, 1933-02-02", "collected": "2009-05-25", "revised": "2013-3-14", "video": "RukaiNr-pear_wauki.mp3"}, "file": "Rukai_Vedai/RukaiNr-pear_wauki", "num": 68}], [69, {"ori": [], "gloss": [["...", "", ""], ["amania", "exactly", "正是"], ["ini", "his", "他的"], ["kai", "this", "這個"], ["la-vavalake", "PL-child", "複數-小孩"], ["ku", "OBL", "斜格"], ["kuaupa", "steal", "偷"], ["yaie.\\", "DM", "DM"]], "free": ["#e He did not know whether or not it is that child that stole (mangoes).", "#c 不知道是不是這個小孩偷的呢?"], "s_end": true, "iu_a_span": [165.56, 167.84], "meta": {"topic": "pear story", "type": "Narrative", "language": "魯凱語, Rukai, Vedai", "speaker": "何維豪, Wauki, male, 1933-02-02", "collected": "2009-05-25", "revised": "2013-3-14", "video": "RukaiNr-pear_wauki.mp3"}, "s_a_span": [163.87, 167.84], "file": "Rukai_Vedai/RukaiNr-pear_wauki", "num": 69}], [70, {"ori": [], "gloss": [["...(1.9)", "", ""], ["la", "DM", "DM安靜"], ["icelrebe,\\", "", ""]], "free": [], "s_end": false, "iu_a_span": [167.84, 170.79], "meta": {"topic": "pear story", "type": "Narrative", "language": "魯凱語, Rukai, Vedai", "speaker": "何維豪, Wauki, male, 1933-02-02", "collected": "2009-05-25", "revised": "2013-3-14", "video": "RukaiNr-pear_wauki.mp3"}, "file": "Rukai_Vedai/RukaiNr-pear_wauki", "num": 70}], [71, {"ori": [], "gloss": [["...", "", ""], ["ya", "YA", "YA"], ["cege==-cege,\\", "RED-stand", "重疊-站立"]], "free": [], "s_end": false, "iu_a_span": [170.79, 172.35], "meta": {"topic": "pear story", "type": "Narrative", "language": "魯凱語, Rukai, Vedai", "speaker": "何維豪, Wauki, male, 1933-02-02", "collected": "2009-05-25", "revised": "2013-3-14", "video": "RukaiNr-pear_wauki.mp3"}, "file": "Rukai_Vedai/RukaiNr-pear_wauki", "num": 71}], [72, {"ori": [], "gloss": [["..", "", ""], ["ka", "NOM", "主格"], ["sa-mali-mali,\\", "SA-RED-shock", "SA-重疊-驚訝"]], "free": [], "s_end": false, "iu_a_span": [172.35, 173.38], "meta": {"topic": "pear story", "type": "Narrative", "language": "魯凱語, Rukai, Vedai", "speaker": "何維豪, Wauki, male, 1933-02-02", "collected": "2009-05-25", "revised": "2013-3-14", "video": "RukaiNr-pear_wauki.mp3"}, "file": "Rukai_Vedai/RukaiNr-pear_wauki", "num": 72}], [73, {"ori": [], "gloss": [["...", "", ""], ["mua", "go", "去"], ["inu", "where", "哪裡"], ["a", "A", "A"], ["ini", "his", "他的"], ["kudra", "that", "那個"], ["kamadha", "mango", "芒果"], ["yaiya.\\", "say", "說"]], "free": ["#e He stood quietly, and said with surprise, “Where are the mangoes?”", "#c 他很安靜地一直站著 很驚訝的說 芒果去哪了?", "#n IU70中的icelrebe是因為不說話而有的安靜，而自然界的安靜為ma-bitingi"], "s_end": true, "iu_a_span": [173.38, 175.38], "meta": {"topic": "pear story", "type": "Narrative", "language": "魯凱語, Rukai, Vedai", "speaker": "何維豪, Wauki, male, 1933-02-02", "collected": "2009-05-25", "revised": "2013-3-14", "video": "RukaiNr-pear_wauki.mp3"}, "s_a_span": [167.84, 175.38], "file": "Rukai_Vedai/RukaiNr-pear_wauki", "num": 73}]], "meta": {"topic": "pear story", "type": "Narrative", "language": "魯凱語, Rukai, Vedai", "speaker": "何維豪, Wauki, male, 1933-02-02", "collected": "2009-05-25", "revised": "2013-3-14", "video": "RukaiNr-pear_wauki.mp3"}}